time,temperature_2m,relative_humidity_2m,precipitation,dewpoint_2m,surface_pressure,cloud_cover,wind_speed_10m,wind_direction_10m,soil_temperature_0_to_7cm,soil_moisture_0_to_7cm,soil_moisture_7_to_28cm,shortwave_radiation,evapotranspiration,vapour_pressure_deficit
2023-01-01T00:00,23.8,54,0.0,14.0,962.5,73,3.8,41,26.0,0.044,0.311,0.0,,1.35
2023-01-01T01:00,22.8,54,0.0,13.0,962.0,98,9.8,73,25.1,0.044,0.311,0.0,,1.27
2023-01-01T02:00,21.7,59,0.0,13.3,961.5,96,8.1,58,24.3,0.044,0.311,0.0,,1.07
2023-01-01T03:00,21.5,60,0.0,13.5,961.5,96,2.5,315,23.4,0.044,0.311,0.0,,1.01
2023-01-01T04:00,20.4,66,0.0,14.0,961.5,95,3.7,259,22.7,0.044,0.311,0.0,,0.8
2023-01-01T05:00,21.3,60,0.0,13.3,962.5,69,1.1,180,23.2,0.04,0.31,0.0,,1.0
2023-01-01T06:00,19.7,67,0.0,13.4,963.1,26,6.4,297,22.5,0.04,0.31,0.0,,0.76
2023-01-01T07:00,19.9,64,0.0,12.8,963.9,60,7.1,319,22.1,0.04,0.31,12.0,,0.84
2023-01-01T08:00,21.7,57,0.0,12.8,964.7,5,3.7,349,23.0,0.04,0.31,150.0,,1.11
2023-01-01T09:00,24.4,48,0.0,12.7,965.7,0,0.8,297,25.5,0.04,0.31,353.0,,1.58
2023-01-01T10:00,26.9,41,0.0,12.6,965.8,0,1.8,180,29.1,0.04,0.31,538.0,,2.08
2023-01-01T11:00,28.8,37,0.0,12.6,965.3,0,1.3,124,33.0,0.04,0.31,674.0,,2.49
2023-01-01T12:00,29.9,33,0.0,12.0,964.3,0,1.9,248,36.5,0.04,0.31,745.0,,2.81
2023-01-01T13:00,30.7,31,0.0,11.4,962.8,0,3.6,264,39.3,0.039,0.31,745.0,,3.06
2023-01-01T14:00,31.2,29,0.0,11.0,961.8,19,4.1,255,40.9,0.039,0.31,675.0,,3.24
2023-01-01T15:00,31.4,28,0.0,10.6,961.0,0,4.0,260,41.4,0.039,0.31,540.0,,3.32
2023-01-01T16:00,31.4,27,0.0,10.4,960.8,0,4.0,260,40.6,0.039,0.31,354.0,,3.34
2023-01-01T17:00,30.5,32,0.0,11.9,961.4,0,6.9,223,38.5,0.039,0.31,150.0,,2.96
2023-01-01T18:00,29.6,34,0.0,12.0,962.1,0,9.7,225,35.9,0.039,0.31,12.0,,2.74
2023-01-01T19:00,28.6,36,0.0,12.0,962.9,0,10.2,247,33.7,0.039,0.31,0.0,,2.52
2023-01-01T20:00,27.4,37,0.0,11.4,963.5,0,9.0,270,31.8,0.039,0.31,0.0,,2.31
2023-01-01T21:00,26.9,37,0.0,10.9,963.6,0,8.8,305,30.3,0.039,0.31,0.0,,2.23
2023-01-01T22:00,26.2,39,0.0,11.3,963.5,0,9.4,360,28.9,0.039,0.31,0.0,,2.06
2023-01-01T23:00,25.0,45,0.0,12.3,963.0,0,12.1,30,27.7,0.039,0.31,0.0,,1.74
2023-01-02T00:00,23.8,52,0.0,13.3,962.5,0,14.5,42,26.7,0.04,0.31,0.0,,1.42
2023-01-02T01:00,22.9,57,0.0,13.9,962.1,0,14.4,53,25.8,0.04,0.31,0.0,,1.2
2023-01-02T02:00,22.2,59,0.0,13.8,961.5,0,14.2,54,25.0,0.04,0.31,0.0,,1.09
2023-01-02T03:00,21.7,60,0.0,13.7,961.0,0,13.4,54,24.3,0.04,0.31,0.0,,1.03
2023-01-02T04:00,21.4,61,0.0,13.5,961.0,0,12.0,57,23.7,0.04,0.31,0.0,,1.01
2023-01-02T05:00,20.3,67,0.0,13.9,962.0,0,8.9,69,23.0,0.04,0.31,0.0,,0.79
2023-01-02T06:00,20.1,68,0.0,13.9,962.7,0,9.3,77,22.4,0.04,0.31,0.0,,0.76
2023-01-02T07:00,20.4,67,0.0,14.0,963.4,0,8.8,81,22.0,0.04,0.31,12.0,,0.79
2023-01-02T08:00,22.2,60,0.0,14.1,964.7,0,7.7,101,23.0,0.04,0.31,148.0,,1.07
2023-01-02T09:00,24.8,52,0.0,14.2,965.6,0,13.0,114,25.2,0.04,0.31,350.0,,1.51
2023-01-02T10:00,27.1,45,0.0,14.3,965.5,0,13.3,139,28.2,0.04,0.31,535.0,,1.95
2023-01-02T11:00,28.7,41,0.0,14.0,964.9,0,12.8,158,31.5,0.04,0.31,671.0,,2.33
2023-01-02T12:00,29.8,37,0.0,13.7,964.0,0,9.5,169,34.7,0.04,0.309,743.0,,2.61
2023-01-02T13:00,30.6,35,0.0,13.2,962.8,0,6.8,177,37.5,0.04,0.309,744.0,,2.86
2023-01-02T14:00,31.1,32,0.0,12.6,961.6,0,4.7,184,39.5,0.039,0.309,674.0,,3.05
2023-01-02T15:00,31.2,32,0.0,12.4,961.3,0,3.4,212,40.3,0.039,0.309,540.0,,3.11
2023-01-02T16:00,31.1,32,0.0,12.2,961.2,0,2.9,270,39.7,0.039,0.309,355.0,,3.08
2023-01-02T17:00,30.3,36,0.0,13.6,961.4,0,2.6,344,38.1,0.039,0.309,151.0,,2.76
2023-01-02T18:00,30.0,37,0.0,13.8,962.2,5,4.6,321,35.6,0.039,0.309,12.0,,2.66
2023-01-02T19:00,28.9,43,0.0,14.9,962.6,11,4.0,297,33.5,0.039,0.309,0.0,,2.28
2023-01-02T20:00,27.8,49,0.0,16.1,963.4,21,2.2,81,31.8,0.039,0.309,0.0,,1.9
2023-01-02T21:00,27.1,46,0.0,14.4,963.8,17,6.3,103,30.4,0.039,0.309,0.0,,1.95
2023-01-02T22:00,26.1,49,0.0,14.4,964.0,6,7.2,96,29.1,0.039,0.309,0.0,,1.73
2023-01-02T23:00,25.0,51,0.0,14.2,963.5,5,9.2,64,27.9,0.04,0.309,0.0,,1.55
2023-01-03T00:00,24.2,54,0.0,14.3,963.0,1,12.0,49,27.0,0.04,0.309,0.0,,1.4
2023-01-03T01:00,23.7,55,0.0,14.2,962.6,1,11.6,64,26.2,0.04,0.309,0.0,,1.3
2023-01-03T02:00,22.9,57,0.0,14.1,962.0,11,10.8,75,25.4,0.04,0.309,0.0,,1.19
2023-01-03T03:00,22.3,59,0.0,14.0,961.8,21,11.6,85,24.8,0.04,0.309,0.0,,1.09
2023-01-03T04:00,22.2,59,0.0,13.7,962.0,22,12.7,97,24.2,0.04,0.309,0.0,,1.1
2023-01-03T05:00,21.0,67,0.0,14.7,962.4,58,13.0,87,23.9,0.04,0.309,0.0,,0.81
2023-01-03T06:00,21.0,67,0.0,14.8,963.2,100,13.1,99,23.4,0.04,0.309,0.0,,0.81
2023-01-03T07:00,21.6,67,0.0,15.3,964.1,100,13.7,117,23.2,0.04,0.309,10.0,,0.85
2023-01-03T08:00,23.3,62,0.0,15.5,965.1,100,16.4,130,23.9,0.04,0.309,107.0,,1.1
2023-01-03T09:00,25.2,54,0.0,15.2,965.7,0,18.9,145,25.8,0.04,0.309,305.0,,1.47
2023-01-03T10:00,27.1,48,0.0,15.0,965.7,0,19.9,158,28.4,0.04,0.309,528.0,,1.87
2023-01-03T11:00,28.8,41,0.0,14.2,965.1,0,18.2,166,31.3,0.04,0.309,667.0,,2.33
2023-01-03T12:00,29.9,36,0.0,13.2,963.7,6,11.9,166,34.3,0.04,0.309,739.0,,2.71
2023-01-03T13:00,30.5,33,0.0,12.3,962.6,9,8.1,167,37.0,0.04,0.309,719.0,,2.94
2023-01-03T14:00,31.0,30,0.0,11.4,961.5,13,6.2,173,38.8,0.039,0.309,653.0,,3.13
2023-01-03T15:00,31.0,29,0.0,10.9,961.1,5,5.9,194,39.5,0.039,0.309,517.0,,3.18
2023-01-03T16:00,30.7,29,0.0,10.7,961.1,5,5.5,203,38.9,0.039,0.309,345.0,,3.12
2023-01-03T17:00,29.4,32,0.0,10.9,961.5,2,10.8,159,36.5,0.039,0.309,145.0,,2.79
2023-01-03T18:00,28.8,31,0.0,10.1,962.0,9,10.0,154,34.2,0.039,0.309,12.0,,2.72
2023-01-03T19:00,28.0,32,0.0,9.6,962.5,0,9.2,159,32.2,0.039,0.309,0.0,,2.57
2023-01-03T20:00,26.7,36,0.0,10.4,963.0,0,9.8,144,30.6,0.039,0.309,0.0,,2.25
2023-01-03T21:00,25.8,39,0.0,10.7,963.3,0,10.5,142,29.2,0.039,0.309,0.0,,2.04
2023-01-03T22:00,24.7,43,0.0,11.2,963.3,0,13.3,139,27.9,0.04,0.309,0.0,,1.79
2023-01-03T23:00,23.8,49,0.0,12.4,962.9,84,13.8,131,26.8,0.04,0.309,0.0,,1.5
2023-01-04T00:00,23.0,52,0.0,12.8,962.5,100,11.8,142,25.9,0.04,0.309,0.0,,1.34
2023-01-04T01:00,23.6,50,0.0,12.7,962.1,73,11.5,148,25.5,0.04,0.309,0.0,,1.44
2023-01-04T02:00,22.7,53,0.0,12.7,961.4,79,10.4,146,24.9,0.04,0.309,0.0,,1.28
2023-01-04T03:00,22.1,55,0.0,12.7,961.0,51,10.7,138,24.3,0.04,0.309,0.0,,1.2
2023-01-04T04:00,21.6,57,0.0,12.6,960.8,100,11.0,128,23.8,0.04,0.309,0.0,,1.12
2023-01-04T05:00,20.9,67,0.0,14.6,961.3,100,10.0,131,23.7,0.04,0.309,0.0,,0.8
2023-01-04T06:00,20.3,71,0.0,14.9,962.1,4,6.2,173,23.1,0.04,0.309,0.0,,0.68
2023-01-04T07:00,20.2,71,0.0,14.9,963.1,11,6.2,190,22.7,0.04,0.309,11.0,,0.68
2023-01-04T08:00,21.8,65,0.0,14.9,964.1,0,9.6,146,23.5,0.04,0.309,133.0,,0.92
2023-01-04T09:00,23.9,55,0.0,14.4,965.0,1,13.9,155,25.4,0.04,0.309,337.0,,1.32
2023-01-04T10:00,26.1,48,0.0,14.1,964.8,0,15.5,167,28.1,0.04,0.309,523.0,,1.76
2023-01-04T11:00,28.0,41,0.0,13.4,964.2,0,17.0,167,31.1,0.04,0.309,663.0,,2.24
2023-01-04T12:00,29.3,36,0.0,12.8,962.9,16,13.4,160,34.0,0.04,0.309,737.0,,2.6
2023-01-04T13:00,30.1,33,0.0,12.1,961.6,15,10.7,147,36.4,0.04,0.309,696.0,,2.84
2023-01-04T14:00,30.7,31,0.0,11.6,960.3,19,11.0,142,38.0,0.04,0.309,634.0,,3.04
2023-01-04T15:00,30.7,30,0.0,11.3,960.0,19,11.3,143,38.4,0.039,0.309,496.0,,3.08
2023-01-04T16:00,30.5,30,0.0,11.1,959.9,0,10.0,142,37.7,0.039,0.309,321.0,,3.03
2023-01-04T17:00,29.3,35,0.0,12.1,960.3,2,9.1,146,35.0,0.048,0.309,144.0,,2.66
2023-01-04T18:00,28.3,38,0.0,12.5,960.6,73,11.6,126,33.0,0.048,0.309,11.0,,2.4
2023-01-04T19:00,27.5,41,0.0,13.0,961.4,16,14.0,119,31.3,0.047,0.309,0.0,,2.17
2023-01-04T20:00,26.6,44,0.0,13.2,962.0,7,17.6,116,29.9,0.047,0.309,0.0,,1.96
2023-01-04T21:00,25.7,47,0.0,13.6,962.3,6,16.5,106,28.6,0.047,0.309,0.0,,1.73
2023-01-04T22:00,25.0,49,0.0,13.7,962.3,1,14.9,105,27.6,0.047,0.309,0.0,,1.6
2023-01-04T23:00,24.0,53,0.0,13.8,962.0,1,13.6,112,26.6,0.047,0.309,0.0,,1.41
2023-01-05T00:00,23.2,56,0.0,14.0,961.7,1,12.2,114,25.7,0.047,0.309,0.0,,1.24
2023-01-05T01:00,22.6,59,0.0,14.2,961.3,1,11.7,124,24.9,0.047,0.309,0.0,,1.13
2023-01-05T02:00,22.1,61,0.0,14.2,960.6,3,11.6,116,24.1,0.047,0.309,0.0,,1.03
2023-01-05T03:00,21.6,63,0.0,14.2,960.5,3,12.7,105,23.5,0.047,0.309,0.0,,0.96
2023-01-05T04:00,21.2,62,0.0,13.6,960.7,16,13.8,96,23.0,0.047,0.309,0.0,,0.95
2023-01-05T05:00,20.7,66,0.0,14.1,961.4,14,13.1,106,23.9,0.04,0.308,0.0,,0.83
2023-01-05T06:00,20.7,67,0.0,14.3,962.4,12,13.6,112,23.3,0.04,0.308,0.0,,0.8
2023-01-05T07:00,20.7,70,0.0,15.0,963.5,50,13.2,116,22.9,0.04,0.308,10.0,,0.74
2023-01-05T08:00,22.0,69,0.0,16.2,964.8,4,17.6,125,23.5,0.04,0.308,115.0,,0.81
2023-01-05T09:00,23.6,66,0.0,16.8,965.8,8,20.2,129,25.2,0.04,0.308,326.0,,1.0
2023-01-05T10:00,25.6,56,0.0,16.1,965.9,4,18.3,137,27.6,0.04,0.308,510.0,,1.46
2023-01-05T11:00,27.2,49,0.0,15.5,965.3,6,16.6,138,30.6,0.04,0.308,650.0,,1.85
2023-01-05T12:00,28.7,42,0.0,14.6,964.2,24,15.6,130,33.4,0.04,0.308,714.0,,2.26
2023-01-05T13:00,29.5,38,0.0,13.9,963.1,38,13.7,120,35.6,0.04,0.308,679.0,,2.53
2023-01-05T14:00,29.9,36,0.0,13.2,962.0,84,13.1,111,36.8,0.04,0.308,571.0,,2.71
2023-01-05T15:00,30.0,35,0.0,12.7,961.6,100,13.5,106,37.1,0.04,0.308,426.0,,2.77
2023-01-05T16:00,29.5,35,0.0,12.3,961.5,99,13.6,101,35.9,0.04,0.308,173.0,,2.69
2023-01-05T17:00,28.4,39,0.0,13.0,962.2,52,16.3,104,34.8,0.04,0.308,85.0,,2.37
2023-01-05T18:00,28.0,40,0.0,13.2,962.7,63,13.8,105,33.0,0.04,0.308,8.0,,2.26
2023-01-05T19:00,27.6,41,0.0,13.0,963.6,59,16.6,124,31.6,0.04,0.308,0.0,,2.2
2023-01-05T20:00,26.5,45,0.0,13.6,964.5,9,16.2,127,30.2,0.04,0.308,0.0,,1.9
2023-01-05T21:00,25.8,47,0.0,13.7,964.8,15,13.1,122,29.0,0.04,0.308,0.0,,1.75
2023-01-05T22:00,24.9,50,0.0,13.7,964.9,25,11.5,110,27.9,0.04,0.308,0.0,,1.57
2023-01-05T23:00,24.0,54,0.0,14.0,964.6,28,10.8,88,27.0,0.04,0.308,0.0,,1.38
2023-01-06T00:00,23.4,56,0.0,14.1,964.0,37,11.3,83,26.2,0.04,0.308,0.0,,1.27
2023-01-06T01:00,23.0,59,0.0,14.4,963.7,2,14.5,76,25.5,0.04,0.308,0.0,,1.16
2023-01-06T02:00,21.9,65,0.0,15.1,963.2,0,16.3,84,24.8,0.04,0.308,0.0,,0.91
2023-01-06T03:00,21.2,69,0.0,15.4,962.9,0,15.5,91,24.1,0.04,0.308,0.0,,0.77
2023-01-06T04:00,20.7,73,0.0,15.6,962.7,0,13.8,96,23.5,0.04,0.308,0.0,,0.66
2023-01-06T05:00,20.0,78,0.0,15.9,963.5,0,11.5,104,24.3,0.04,0.308,0.0,,0.52
2023-01-06T06:00,20.0,79,0.0,16.3,964.7,0,11.3,99,23.5,0.04,0.308,0.0,,0.48
2023-01-06T07:00,20.0,80,0.0,16.4,965.5,0,11.1,103,23.0,0.04,0.308,10.0,,0.47
2023-01-06T08:00,21.4,75,0.0,16.7,966.9,0,13.6,107,23.5,0.04,0.308,138.0,,0.65
2023-01-06T09:00,23.3,68,0.0,17.2,967.8,3,15.0,114,25.3,0.041,0.308,334.0,,0.9
2023-01-06T10:00,25.4,58,0.1,16.5,967.8,18,16.6,124,27.9,0.041,0.308,516.0,,1.37
2023-01-06T11:00,26.9,50,0.0,15.6,967.1,25,14.5,125,30.5,0.042,0.308,598.0,,1.77
2023-01-06T12:00,28.1,45,0.0,15.0,966.0,26,13.2,125,33.2,0.042,0.308,673.0,,2.1
2023-01-06T13:00,28.9,41,0.0,14.3,964.4,32,12.9,120,35.2,0.042,0.308,637.0,,2.35
2023-01-06T14:00,29.2,39,0.0,14.0,963.5,62,11.9,115,36.2,0.042,0.308,519.0,,2.45
2023-01-06T15:00,29.1,40,0.0,14.0,962.7,58,11.4,101,36.5,0.041,0.308,410.0,,2.43
2023-01-06T16:00,28.9,40,0.0,14.1,962.8,48,11.9,88,35.6,0.041,0.308,225.0,,2.38
2023-01-06T17:00,27.9,44,0.0,14.7,963.2,52,12.8,101,34.0,0.041,0.308,114.0,,2.09
2023-01-06T18:00,27.0,47,0.0,14.9,963.8,32,13.4,95,32.2,0.041,0.308,13.0,,1.88
2023-01-06T19:00,26.4,50,0.1,15.3,964.6,42,14.8,104,30.7,0.042,0.308,0.0,,1.71
2023-01-06T20:00,25.6,55,0.0,15.9,965.4,35,14.7,101,29.5,0.042,0.308,0.0,,1.48
2023-01-06T21:00,24.7,60,0.0,16.5,965.9,24,13.7,76,28.3,0.042,0.308,0.0,,1.23
2023-01-06T22:00,23.5,67,0.0,17.0,966.1,29,17.3,90,27.3,0.042,0.308,0.0,,0.96
2023-01-06T23:00,22.8,70,0.0,17.0,965.5,35,11.2,90,26.4,0.042,0.308,0.0,,0.83
2023-01-07T00:00,22.9,70,0.0,17.0,965.1,17,11.4,79,25.7,0.042,0.308,0.0,,0.85
2023-01-07T01:00,22.3,72,0.0,17.0,964.3,23,12.3,69,25.0,0.042,0.308,0.0,,0.76
2023-01-07T02:00,21.8,73,0.0,16.7,963.6,22,13.9,65,24.4,0.042,0.308,0.0,,0.71
2023-01-07T03:00,21.2,75,0.0,16.7,962.9,21,14.5,67,23.8,0.042,0.308,0.0,,0.62
2023-01-07T04:00,20.7,77,0.0,16.5,962.7,15,15.2,68,23.3,0.042,0.308,0.0,,0.56
2023-01-07T05:00,20.2,81,0.0,16.9,963.4,28,12.1,67,23.8,0.042,0.308,0.0,,0.44
2023-01-07T06:00,20.2,81,0.0,16.8,964.4,24,12.2,66,23.2,0.042,0.308,0.0,,0.45
2023-01-07T07:00,20.2,80,0.0,16.7,965.2,17,12.6,70,22.8,0.042,0.308,10.0,,0.47
2023-01-07T08:00,21.5,74,0.0,16.6,966.3,14,14.4,77,23.3,0.042,0.308,131.0,,0.67
2023-01-07T09:00,23.7,63,0.0,16.3,967.0,7,16.9,89,25.1,0.042,0.308,317.0,,1.07
2023-01-07T10:00,25.7,55,0.0,15.9,967.1,53,18.9,98,27.6,0.042,0.308,516.0,,1.49
2023-01-07T11:00,26.6,50,0.0,15.3,966.5,28,16.2,94,29.8,0.042,0.308,504.0,,1.74
2023-01-07T12:00,27.6,46,0.0,14.8,965.5,54,14.1,84,32.3,0.042,0.308,641.0,,2.0
2023-01-07T13:00,28.3,41,0.0,13.8,964.2,36,10.7,78,34.3,0.042,0.308,592.0,,2.27
2023-01-07T14:00,29.1,36,0.0,12.6,963.0,31,8.7,73,35.9,0.041,0.308,579.0,,2.56
2023-01-07T15:00,29.3,34,0.0,11.9,962.3,36,8.5,62,36.7,0.041,0.308,489.0,,2.68
2023-01-07T16:00,29.3,33,0.0,11.6,961.9,31,9.7,45,36.3,0.041,0.308,327.0,,2.7
2023-01-07T17:00,28.3,35,0.0,11.5,962.5,47,12.8,38,34.4,0.041,0.308,116.0,,2.48
2023-01-07T18:00,27.8,36,0.0,11.4,963.0,84,15.6,40,32.7,0.041,0.308,11.0,,2.38
2023-01-07T19:00,27.3,38,0.0,11.6,963.9,56,17.8,42,31.2,0.041,0.307,0.0,,2.26
2023-01-07T20:00,26.5,40,0.0,11.8,964.3,7,18.6,44,29.9,0.041,0.307,0.0,,2.07
2023-01-07T21:00,25.0,45,0.0,12.2,964.5,4,19.1,46,28.7,0.041,0.307,0.0,,1.75
2023-01-07T22:00,23.7,49,0.0,12.2,964.5,0,18.4,51,27.4,0.041,0.307,0.0,,1.51
2023-01-07T23:00,22.8,52,0.0,12.3,964.0,0,17.3,59,26.2,0.041,0.307,0.0,,1.34
2023-01-08T00:00,21.9,55,0.0,12.4,963.3,0,16.3,65,25.2,0.041,0.307,0.0,,1.19
2023-01-08T01:00,21.2,57,0.0,12.3,962.7,0,15.3,71,24.3,0.041,0.307,0.0,,1.08
2023-01-08T02:00,20.5,58,0.0,12.1,962.2,0,14.6,70,23.5,0.041,0.307,0.0,,1.0
2023-01-08T03:00,19.9,60,0.0,11.9,961.7,0,13.1,69,22.7,0.041,0.307,0.0,,0.93
2023-01-08T04:00,19.1,62,0.0,11.7,961.9,0,9.4,88,22.0,0.041,0.307,0.0,,0.83
2023-01-08T05:00,18.0,68,0.0,12.0,962.5,0,7.1,114,21.4,0.041,0.307,0.0,,0.66
2023-01-08T06:00,17.4,71,0.0,12.1,963.1,0,6.0,123,20.6,0.041,0.307,0.0,,0.58
2023-01-08T07:00,17.7,70,0.0,12.1,964.0,0,4.7,122,20.1,0.041,0.307,11.0,,0.61
2023-01-08T08:00,19.5,60,0.0,11.6,965.1,0,2.5,82,21.0,0.041,0.307,146.0,,0.9
2023-01-08T09:00,21.3,54,0.0,11.6,965.8,0,3.3,49,23.5,0.041,0.307,353.0,,1.17
2023-01-08T10:00,23.6,46,0.0,11.5,965.8,0,4.6,51,26.8,0.041,0.307,544.0,,1.56
2023-01-08T11:00,26.0,37,0.0,10.2,965.1,0,7.5,35,30.4,0.041,0.307,688.0,,2.12
2023-01-08T12:00,27.7,30,0.0,8.4,963.6,0,8.6,22,33.7,0.04,0.307,767.0,,2.6
2023-01-08T13:00,28.8,25,0.0,6.9,962.5,0,9.7,22,36.2,0.04,0.307,773.0,,2.97
2023-01-08T14:00,29.5,22,0.0,5.8,961.6,0,11.3,22,37.8,0.04,0.307,705.0,,3.2
2023-01-08T15:00,29.7,21,0.0,5.2,961.2,0,12.4,26,38.2,0.04,0.307,570.0,,3.29
2023-01-08T16:00,29.5,22,0.0,5.4,961.0,0,12.9,27,37.3,0.04,0.307,382.0,,3.22
2023-01-08T17:00,29.0,24,0.0,6.5,961.2,0,12.8,32,35.4,0.04,0.307,171.0,,3.04
2023-01-08T18:00,27.5,27,0.0,7.1,961.7,0,12.2,43,33.0,0.04,0.307,17.0,,2.67
2023-01-08T19:00,26.3,30,0.0,7.4,962.5,0,16.0,46,30.9,0.04,0.307,0.0,,2.39
2023-01-08T20:00,24.8,33,0.0,7.5,963.2,0,18.6,41,29.1,0.04,0.307,0.0,,2.1
2023-01-08T21:00,23.5,37,0.0,7.8,963.5,0,18.6,47,27.6,0.04,0.307,0.0,,1.83
2023-01-08T22:00,22.5,40,0.0,8.3,963.6,0,18.4,55,26.2,0.04,0.307,0.0,,1.62
2023-01-08T23:00,21.6,43,0.0,8.6,963.1,0,17.1,62,25.0,0.04,0.307,0.0,,1.45
2023-01-09T00:00,20.8,46,0.0,8.7,962.7,0,14.8,72,24.0,0.04,0.307,0.0,,1.34
2023-01-09T01:00,20.0,48,0.0,8.5,962.4,0,12.6,88,23.0,0.04,0.307,0.0,,1.22
2023-01-09T02:00,19.0,50,0.0,8.5,961.9,0,11.2,86,22.0,0.04,0.307,0.0,,1.09
2023-01-09T03:00,18.0,53,0.0,8.3,961.9,0,10.4,90,21.1,0.04,0.307,0.0,,0.97
2023-01-09T04:00,17.1,54,0.0,7.6,962.1,0,9.7,92,20.3,0.04,0.307,0.0,,0.91
2023-01-09T05:00,15.5,59,0.0,7.6,962.9,0,8.0,85,17.8,0.04,0.307,0.0,,0.72
2023-01-09T06:00,14.6,61,0.0,7.0,963.5,0,8.6,88,17.2,0.04,0.307,0.0,,0.65
2023-01-09T07:00,14.9,58,0.0,6.6,964.5,0,7.9,87,16.8,0.04,0.307,11.0,,0.71
2023-01-09T08:00,17.4,48,0.0,6.3,965.7,0,4.8,77,17.9,0.041,0.307,154.0,,1.03
2023-01-09T09:00,20.3,39,0.0,5.8,966.8,0,5.2,74,20.6,0.041,0.307,368.0,,1.45
2023-01-09T10:00,23.7,29,0.0,4.7,967.1,0,7.6,87,24.4,0.04,0.307,565.0,,2.07
2023-01-09T11:00,26.1,21,0.0,2.1,966.4,0,8.7,83,28.3,0.04,0.307,710.0,,2.67
2023-01-09T12:00,27.6,18,0.0,1.1,965.3,0,7.5,73,32.0,0.04,0.307,789.0,,3.02
2023-01-09T13:00,28.6,16,0.0,-0.1,964.0,0,6.9,62,35.0,0.04,0.307,795.0,,3.31
2023-01-09T14:00,29.4,13,0.0,-1.8,963.1,0,7.1,60,37.1,0.04,0.307,726.0,,3.55
2023-01-09T15:00,29.8,12,0.0,-3.2,962.6,0,7.6,65,37.8,0.039,0.307,590.0,,3.7
2023-01-09T16:00,29.7,11,0.0,-3.5,962.5,0,8.2,67,37.1,0.039,0.307,398.0,,3.69
2023-01-09T17:00,29.4,13,0.0,-2.3,962.4,0,8.8,78,35.8,0.039,0.307,180.0,,3.58
2023-01-09T18:00,27.3,16,0.0,-0.4,962.9,0,8.0,80,33.0,0.039,0.307,19.0,,3.04
2023-01-09T19:00,26.0,18,0.0,0.1,963.6,0,11.2,88,30.6,0.039,0.307,0.0,,2.75
2023-01-09T20:00,24.4,21,0.0,0.9,964.3,0,13.3,103,28.6,0.039,0.307,0.0,,2.4
2023-01-09T21:00,23.2,25,0.0,1.9,964.4,0,11.1,103,26.9,0.039,0.307,0.0,,2.14
2023-01-09T22:00,21.8,29,0.0,3.1,964.4,0,12.2,66,25.4,0.039,0.307,0.0,,1.85
2023-01-09T23:00,20.7,38,0.0,5.9,964.2,0,14.5,71,24.1,0.04,0.307,0.0,,1.51
2023-01-10T00:00,19.9,41,0.0,6.4,963.5,0,14.7,79,23.1,0.04,0.307,0.0,,1.36
2023-01-10T01:00,19.2,44,0.0,6.5,962.8,0,14.0,78,22.1,0.04,0.307,0.0,,1.25
2023-01-10T02:00,18.5,45,0.0,6.3,962.1,0,13.4,84,21.2,0.04,0.307,0.0,,1.17
2023-01-10T03:00,17.7,47,0.0,6.4,962.0,0,12.4,80,20.4,0.04,0.307,0.0,,1.07
2023-01-10T04:00,17.1,50,0.0,6.4,962.0,0,11.7,81,19.7,0.04,0.307,0.0,,0.98
2023-01-10T05:00,16.7,53,0.0,7.0,962.7,0,11.6,83,18.4,0.04,0.307,0.0,,0.9
2023-01-10T06:00,15.7,55,0.0,6.8,963.3,0,10.1,96,17.9,0.04,0.307,0.0,,0.8
2023-01-10T07:00,15.6,55,0.0,6.7,964.2,0,7.9,106,17.5,0.04,0.307,11.0,,0.79
2023-01-10T08:00,18.0,47,0.0,6.6,965.5,0,5.1,98,18.5,0.04,0.307,152.0,,1.09
2023-01-10T09:00,21.0,39,0.0,6.7,966.4,0,6.3,103,21.2,0.04,0.307,366.0,,1.5
2023-01-10T10:00,24.1,32,0.0,6.6,966.5,0,7.1,114,24.8,0.04,0.307,561.0,,2.03
2023-01-10T11:00,26.6,26,0.0,5.8,965.8,0,7.3,110,28.8,0.04,0.307,707.0,,2.56
2023-01-10T12:00,28.3,23,0.0,4.9,964.8,0,5.8,90,32.6,0.04,0.307,786.0,,2.97
2023-01-10T13:00,29.6,19,0.0,3.8,963.5,0,5.6,63,35.8,0.039,0.307,791.0,,3.33
2023-01-10T14:00,30.5,17,0.0,2.8,962.4,0,6.6,49,37.9,0.039,0.307,722.0,,3.62
2023-01-10T15:00,31.0,16,0.0,2.2,961.7,0,7.9,51,38.6,0.039,0.307,586.0,,3.78
2023-01-10T16:00,31.0,15,0.0,1.7,961.5,0,9.2,51,38.0,0.039,0.307,396.0,,3.8
2023-01-10T17:00,30.5,16,0.0,2.1,961.5,0,9.2,69,36.6,0.039,0.306,180.0,,3.64
2023-01-10T18:00,28.6,19,0.0,2.9,961.5,0,9.7,75,33.9,0.039,0.306,19.0,,3.16
2023-01-10T19:00,27.3,21,0.0,3.3,962.1,0,13.3,71,31.6,0.039,0.306,0.0,,2.85
2023-01-10T20:00,25.6,25,0.0,4.1,962.5,0,13.8,105,29.6,0.039,0.306,0.0,,2.47
2023-01-10T21:00,24.0,28,0.0,4.4,962.9,0,12.1,117,27.9,0.039,0.306,0.0,,2.15
2023-01-10T22:00,22.7,31,0.0,4.6,962.9,0,10.7,78,26.3,0.039,0.306,0.0,,1.91
2023-01-10T23:00,21.6,36,0.0,5.9,962.6,0,12.2,62,24.9,0.039,0.306,0.0,,1.65
2023-01-11T00:00,20.4,41,0.0,6.8,961.8,0,11.6,74,23.7,0.039,0.306,0.0,,1.41
2023-01-11T01:00,19.3,45,0.0,7.0,961.0,0,10.3,78,22.7,0.04,0.306,0.0,,1.24
2023-01-11T02:00,18.5,47,0.0,7.0,960.2,0,9.7,92,21.7,0.04,0.306,0.0,,1.13
2023-01-11T03:00,17.6,49,0.0,6.8,959.7,0,8.8,99,20.8,0.04,0.306,0.0,,1.03
2023-01-11T04:00,17.1,50,0.0,6.5,959.7,0,9.1,99,19.9,0.04,0.306,0.0,,0.98
2023-01-11T05:00,16.4,54,0.0,7.1,960.4,0,8.6,105,19.7,0.04,0.306,0.0,,0.86
2023-01-11T06:00,16.1,56,0.0,7.2,960.9,0,8.2,113,18.9,0.04,0.306,0.0,,0.81
2023-01-11T07:00,16.3,56,0.0,7.5,961.8,0,7.2,117,18.4,0.04,0.306,11.0,,0.81
2023-01-11T08:00,18.8,48,0.0,7.7,963.3,0,4.0,117,19.4,0.04,0.306,151.0,,1.12
2023-01-11T09:00,21.6,42,0.0,8.2,964.5,0,5.4,143,22.0,0.04,0.306,363.0,,1.5
2023-01-11T10:00,24.4,36,0.0,8.5,964.5,0,6.3,167,25.6,0.04,0.306,557.0,,1.94
2023-01-11T11:00,26.7,31,0.0,8.1,963.9,0,7.0,192,29.5,0.04,0.306,702.0,,2.43
2023-01-11T12:00,28.2,26,0.0,7.2,962.7,0,6.3,204,33.2,0.04,0.306,781.0,,2.81
2023-01-11T13:00,29.2,23,0.0,6.3,961.2,0,4.6,219,36.3,0.039,0.306,787.0,,3.1
2023-01-11T14:00,29.9,22,0.0,5.6,960.3,0,3.5,246,38.4,0.039,0.306,720.0,,3.31
2023-01-11T15:00,30.3,20,0.0,5.0,959.8,0,4.0,275,39.3,0.039,0.306,584.0,,3.43
2023-01-11T16:00,30.2,20,0.0,4.7,959.5,0,4.0,280,38.7,0.039,0.306,395.0,,3.44
2023-01-11T17:00,29.5,22,0.0,5.5,959.7,0,4.5,241,37.0,0.039,0.306,180.0,,3.22
2023-01-11T18:00,28.0,26,0.0,6.4,959.9,0,6.0,237,34.2,0.039,0.306,20.0,,2.81
2023-01-11T19:00,26.6,28,0.0,6.8,960.2,0,9.8,242,31.8,0.039,0.306,0.0,,2.48
2023-01-11T20:00,25.5,31,0.0,7.2,960.8,0,11.4,283,29.7,0.039,0.306,0.0,,2.25
2023-01-11T21:00,24.5,32,0.0,7.0,961.1,0,10.8,307,28.0,0.039,0.306,0.0,,2.08
2023-01-11T22:00,23.4,36,0.0,7.6,961.0,0,5.7,288,26.5,0.039,0.306,0.0,,1.83
2023-01-11T23:00,22.1,40,0.0,7.8,960.9,0,5.6,130,25.1,0.039,0.306,0.0,,1.61
2023-01-12T00:00,20.8,45,0.0,8.4,960.4,0,10.7,130,23.9,0.039,0.306,0.0,,1.35
2023-01-12T01:00,19.7,50,0.0,8.9,959.2,0,8.8,145,22.8,0.039,0.306,0.0,,1.16
2023-01-12T02:00,18.4,57,0.0,9.6,958.9,0,6.1,87,21.8,0.04,0.306,0.0,,0.91
2023-01-12T03:00,18.3,58,0.0,9.9,958.5,0,4.3,360,20.9,0.04,0.306,0.0,,0.88
2023-01-12T04:00,17.9,60,0.0,10.0,958.6,0,4.8,318,20.1,0.04,0.306,0.0,,0.82
2023-01-12T05:00,19.0,51,0.0,8.7,958.9,0,2.1,121,19.2,0.04,0.306,0.0,,1.08
2023-01-12T06:00,16.2,62,0.0,8.9,959.5,0,6.9,276,18.6,0.04,0.306,0.0,,0.7
2023-01-12T07:00,15.9,63,0.0,8.9,960.3,0,5.2,258,18.1,0.04,0.306,11.0,,0.67
2023-01-12T08:00,18.3,52,0.0,8.4,961.5,0,2.2,261,19.2,0.04,0.306,151.0,,1.0
2023-01-12T09:00,20.9,45,0.0,8.6,962.4,0,2.9,263,21.9,0.04,0.306,364.0,,1.35
2023-01-12T10:00,23.9,38,0.0,8.7,962.5,0,4.1,218,25.6,0.04,0.306,560.0,,1.84
2023-01-12T11:00,27.0,30,0.0,7.7,962.1,0,6.9,208,29.6,0.04,0.306,705.0,,2.5
2023-01-12T12:00,28.8,25,0.0,6.8,961.2,0,8.5,216,33.2,0.04,0.306,784.0,,2.97
2023-01-12T13:00,29.8,22,0.0,5.6,959.7,0,7.1,229,36.2,0.039,0.306,790.0,,3.29
2023-01-12T14:00,30.5,20,0.0,5.3,958.7,0,6.6,241,38.3,0.039,0.306,723.0,,3.47
2023-01-12T15:00,30.8,19,0.0,4.7,958.1,0,7.2,252,39.0,0.039,0.306,588.0,,3.58
2023-01-12T16:00,30.7,19,0.0,4.2,958.0,0,7.3,261,38.4,0.039,0.306,398.0,,3.59
2023-01-12T17:00,29.3,22,0.0,5.7,958.3,0,7.3,261,36.7,0.039,0.306,183.0,,3.15
2023-01-12T18:00,28.0,25,0.0,6.1,958.7,0,8.7,253,34.0,0.039,0.306,21.0,,2.84
2023-01-12T19:00,26.7,27,0.0,6.1,959.5,0,9.8,262,31.6,0.039,0.306,0.0,,2.56
2023-01-12T20:00,25.3,28,0.0,5.3,959.8,0,9.1,277,29.5,0.039,0.306,0.0,,2.34
2023-01-12T21:00,24.0,29,0.0,4.9,959.9,0,9.0,307,27.7,0.039,0.306,0.0,,2.12
2023-01-12T22:00,23.1,31,0.0,5.2,959.8,0,8.9,333,26.1,0.039,0.306,0.0,,1.94
2023-01-12T23:00,23.2,33,0.0,5.8,959.7,0,4.7,67,24.7,0.039,0.306,0.0,,1.91
2023-01-13T00:00,20.7,40,0.0,6.5,959.1,0,8.8,99,23.5,0.039,0.306,0.0,,1.47
2023-01-13T01:00,19.3,47,0.0,7.8,958.8,0,7.5,107,22.5,0.039,0.306,0.0,,1.18
2023-01-13T02:00,18.6,51,0.0,8.4,958.7,2,4.6,231,21.5,0.04,0.306,0.0,,1.04
2023-01-13T03:00,18.0,53,0.0,8.2,958.3,12,5.0,270,20.6,0.04,0.306,0.0,,0.97
2023-01-13T04:00,18.3,51,0.0,8.1,958.1,16,4.0,297,19.8,0.04,0.306,0.0,,1.03
2023-01-13T05:00,17.9,51,0.0,7.7,958.8,36,11.8,322,20.5,0.04,0.306,0.0,,0.99
2023-01-13T06:00,17.8,48,0.0,6.7,959.7,34,12.7,315,19.8,0.04,0.306,0.0,,1.05
2023-01-13T07:00,17.2,47,0.0,5.9,960.8,0,11.3,323,19.3,0.04,0.306,10.0,,1.03
2023-01-13T08:00,19.1,44,0.0,6.5,961.9,0,7.5,343,20.1,0.04,0.306,150.0,,1.25
2023-01-13T09:00,22.6,37,0.0,7.2,963.1,0,6.8,3,22.6,0.04,0.306,362.0,,1.73
2023-01-13T10:00,25.8,33,0.0,8.5,963.2,0,8.8,12,26.1,0.04,0.306,557.0,,2.21
2023-01-13T11:00,27.7,28,0.0,7.6,962.6,0,8.3,5,30.0,0.04,0.306,702.0,,2.67
2023-01-13T12:00,28.9,25,0.0,7.0,961.4,0,6.6,347,33.6,0.04,0.306,781.0,,2.97
2023-01-13T13:00,29.7,23,0.0,6.4,960.2,0,6.1,332,36.7,0.039,0.306,789.0,,3.2
2023-01-13T14:00,30.2,22,0.0,5.9,959.1,0,5.6,333,38.7,0.039,0.306,722.0,,3.36
2023-01-13T15:00,30.4,21,0.0,5.5,958.7,0,6.2,339,39.4,0.039,0.306,588.0,,3.44
2023-01-13T16:00,30.3,20,0.0,4.9,958.7,0,5.5,337,38.8,0.039,0.305,400.0,,3.44
2023-01-13T17:00,29.6,21,0.0,4.8,959.1,0,2.9,353,37.0,0.039,0.305,186.0,,3.29
2023-01-13T18:00,28.1,28,0.0,7.8,959.4,0,4.1,322,34.2,0.039,0.305,22.0,,2.74
2023-01-13T19:00,27.0,27,0.0,6.5,960.0,0,8.7,277,31.7,0.039,0.305,0.0,,2.59
2023-01-13T20:00,25.4,32,0.0,7.6,960.4,0,7.9,270,29.6,0.039,0.305,0.0,,2.19
2023-01-13T21:00,23.4,39,0.0,8.5,960.7,0,6.2,126,27.7,0.039,0.305,0.0,,1.76
2023-01-13T22:00,22.8,38,0.0,7.9,960.6,0,8.7,120,26.2,0.039,0.305,0.0,,1.71
2023-01-13T23:00,21.9,41,0.0,8.2,960.5,0,12.5,129,24.9,0.039,0.305,0.0,,1.54
2023-01-14T00:00,20.8,49,0.0,9.6,959.9,0,10.4,134,23.9,0.039,0.305,0.0,,1.27
2023-01-14T01:00,20.1,53,0.0,10.2,959.3,0,9.7,132,22.9,0.039,0.305,0.0,,1.1
2023-01-14T02:00,19.1,57,0.0,10.5,958.8,0,8.0,117,21.9,0.04,0.305,0.0,,0.94
2023-01-14T03:00,18.3,62,0.0,10.8,958.6,0,6.9,84,21.1,0.04,0.305,0.0,,0.81
2023-01-14T04:00,17.7,64,0.0,10.8,958.9,0,7.9,321,20.3,0.04,0.305,0.0,,0.73
2023-01-14T05:00,16.7,71,0.0,11.4,959.3,0,6.6,315,20.2,0.04,0.305,0.0,,0.55
2023-01-14T06:00,17.5,67,0.0,11.2,959.8,0,3.7,349,19.5,0.04,0.305,0.0,,0.67
2023-01-14T07:00,17.0,71,0.0,11.8,960.5,0,4.2,20,19.0,0.04,0.305,10.0,,0.55
2023-01-14T08:00,19.7,59,0.0,11.5,961.8,0,1.6,63,20.1,0.04,0.305,148.0,,0.94
2023-01-14T09:00,22.5,47,0.0,10.7,963.1,0,6.6,151,22.7,0.04,0.305,359.0,,1.43
2023-01-14T10:00,24.6,40,0.0,10.2,962.9,0,4.7,203,26.3,0.04,0.305,553.0,,1.85
2023-01-14T11:00,26.6,35,0.0,10.1,962.1,0,5.4,200,30.2,0.04,0.305,699.0,,2.25
2023-01-14T12:00,28.4,31,0.0,9.7,961.0,0,6.7,196,33.9,0.04,0.305,782.0,,2.65
2023-01-14T13:00,29.5,27,0.0,8.8,959.6,0,6.8,205,36.8,0.039,0.305,791.0,,2.99
2023-01-14T14:00,30.4,25,0.0,7.9,958.7,0,6.6,209,38.8,0.039,0.305,725.0,,3.26
2023-01-14T15:00,30.8,23,0.0,7.4,958.1,0,7.1,204,39.5,0.039,0.305,590.0,,3.42
2023-01-14T16:00,30.8,22,0.0,6.8,958.1,0,6.3,204,39.0,0.039,0.305,402.0,,3.45
2023-01-14T17:00,30.2,23,0.0,7.0,958.3,0,4.4,215,37.2,0.039,0.305,188.0,,3.28
2023-01-14T18:00,28.9,30,0.0,9.3,958.9,0,2.2,279,34.4,0.039,0.305,23.0,,2.8
2023-01-14T19:00,27.5,32,0.0,9.4,959.5,0,4.1,315,32.0,0.039,0.305,0.0,,2.49
2023-01-14T20:00,25.9,35,0.0,9.3,959.8,0,6.2,350,30.0,0.039,0.305,0.0,,2.16
2023-01-14T21:00,25.5,34,0.0,8.6,960.0,0,10.2,18,28.3,0.039,0.305,0.0,,2.15
2023-01-14T22:00,24.2,38,0.0,8.8,960.0,0,11.2,94,26.9,0.039,0.305,0.0,,1.88
2023-01-14T23:00,22.5,45,0.0,10.0,959.8,0,13.0,134,25.8,0.039,0.305,0.0,,1.5
2023-01-15T00:00,21.5,50,0.0,10.5,959.5,0,8.6,92,24.7,0.039,0.305,0.0,,1.29
2023-01-15T01:00,20.6,53,0.0,10.7,959.5,0,10.1,27,23.7,0.039,0.305,0.0,,1.14
2023-01-15T02:00,19.9,58,0.0,11.3,958.9,0,9.9,46,22.8,0.04,0.305,0.0,,0.98
2023-01-15T03:00,19.1,65,0.0,12.3,958.5,0,9.4,40,22.0,0.04,0.305,0.0,,0.79
2023-01-15T04:00,18.5,69,0.0,12.7,958.3,0,8.1,45,21.3,0.04,0.305,0.0,,0.66
2023-01-15T05:00,18.0,73,0.0,13.0,958.8,0,7.9,43,21.4,0.04,0.305,0.0,,0.56
2023-01-15T06:00,17.6,74,0.0,13.0,959.3,0,6.4,74,20.7,0.04,0.305,0.0,,0.52
2023-01-15T07:00,18.1,71,0.0,12.7,960.4,0,7.6,98,20.1,0.04,0.305,10.0,,0.61
2023-01-15T08:00,20.3,61,0.0,12.4,961.3,0,10.5,94,21.0,0.04,0.305,145.0,,0.93
2023-01-15T09:00,23.1,50,0.0,12.1,962.1,0,11.7,108,23.3,0.04,0.305,356.0,,1.41
2023-01-15T10:00,25.5,41,0.0,11.5,962.0,0,10.2,129,26.6,0.04,0.305,553.0,,1.91
2023-01-15T11:00,27.7,35,0.0,10.8,961.3,0,11.9,151,30.2,0.04,0.305,699.0,,2.42
2023-01-15T12:00,29.4,30,0.0,10.0,960.1,0,12.4,163,33.6,0.04,0.305,782.0,,2.86
2023-01-15T13:00,30.4,27,0.0,9.3,958.8,0,11.3,171,36.3,0.039,0.305,791.0,,3.17
2023-01-15T14:00,31.1,25,0.0,9.0,957.6,0,10.4,178,38.2,0.039,0.305,726.0,,3.36
2023-01-15T15:00,31.4,24,0.0,8.7,957.0,0,8.7,185,39.1,0.039,0.305,592.0,,3.46
2023-01-15T16:00,31.4,24,0.0,8.1,957.0,0,7.2,186,38.7,0.039,0.305,404.0,,3.5
2023-01-15T17:00,30.4,28,0.0,9.6,957.2,0,8.4,187,37.0,0.039,0.305,189.0,,3.14
2023-01-15T18:00,29.0,30,0.0,9.9,957.4,0,7.2,180,34.4,0.039,0.305,23.0,,2.79
2023-01-15T19:00,27.6,34,0.0,10.4,958.0,0,6.9,152,32.1,0.039,0.305,0.0,,2.42
2023-01-15T20:00,26.5,37,0.0,10.7,958.8,0,9.5,127,30.2,0.039,0.305,0.0,,2.17
2023-01-15T21:00,25.3,42,0.0,11.4,959.0,0,15.1,130,28.6,0.039,0.305,0.0,,1.88
2023-01-15T22:00,24.4,48,0.0,12.6,959.2,0,16.8,138,27.4,0.039,0.305,0.0,,1.6
2023-01-15T23:00,23.7,50,0.0,12.6,959.0,0,13.8,141,26.3,0.039,0.305,0.0,,1.48
2023-01-16T00:00,23.0,51,0.0,12.4,958.5,0,11.0,142,25.3,0.039,0.305,0.0,,1.37
2023-01-16T01:00,22.1,54,0.0,12.4,958.2,0,11.2,138,24.4,0.039,0.305,0.0,,1.22
2023-01-16T02:00,21.1,58,0.0,12.5,957.7,0,9.4,148,23.6,0.04,0.305,0.0,,1.05
2023-01-16T03:00,20.4,61,0.0,12.6,957.5,0,9.5,155,22.8,0.04,0.305,0.0,,0.94
2023-01-16T04:00,19.5,65,0.0,12.7,958.1,0,10.4,250,22.0,0.04,0.305,0.0,,0.8
2023-01-16T05:00,18.8,69,0.0,12.9,958.4,0,5.0,150,22.1,0.04,0.305,0.0,,0.68
2023-01-16T06:00,18.8,67,0.0,12.6,959.4,0,9.7,135,21.3,0.04,0.305,0.0,,0.71
2023-01-16T07:00,18.8,67,0.0,12.5,960.2,0,11.5,134,20.8,0.04,0.305,10.0,,0.72
2023-01-16T08:00,21.2,55,0.0,11.8,961.5,0,9.7,129,21.6,0.04,0.305,146.0,,1.13
2023-01-16T09:00,24.0,42,0.0,10.3,962.4,0,14.3,146,23.9,0.04,0.305,359.0,,1.72
2023-01-16T10:00,26.0,35,0.0,9.3,962.3,0,15.0,163,26.9,0.04,0.305,556.0,,2.19
2023-01-16T11:00,27.9,30,0.0,8.8,961.8,0,14.9,172,30.3,0.04,0.305,705.0,,2.61
2023-01-16T12:00,29.6,26,0.0,8.0,960.7,0,13.0,182,33.5,0.04,0.305,788.0,,3.07
2023-01-16T13:00,30.8,23,0.0,7.4,959.6,0,11.4,191,36.4,0.039,0.305,797.0,,3.41
2023-01-16T14:00,31.5,22,0.0,7.4,958.4,0,10.0,195,38.4,0.039,0.305,731.0,,3.58
2023-01-16T15:00,31.9,21,0.0,7.1,957.8,0,7.7,191,39.3,0.039,0.305,596.0,,3.71
2023-01-16T16:00,31.9,21,0.0,7.1,957.5,0,5.1,172,39.0,0.039,0.305,407.0,,3.71
2023-01-16T17:00,31.9,23,0.0,7.9,957.9,0,5.9,133,37.4,0.039,0.305,191.0,,3.65
2023-01-16T18:00,29.8,27,0.0,8.8,958.2,0,7.2,108,34.9,0.039,0.305,24.0,,3.06
2023-01-16T19:00,28.5,30,0.0,9.4,958.8,0,8.3,108,32.6,0.039,0.305,0.0,,2.72
2023-01-16T20:00,27.3,34,0.0,9.9,959.7,0,10.7,110,30.7,0.039,0.305,0.0,,2.4
2023-01-16T21:00,25.6,40,0.0,11.1,960.3,0,12.2,135,29.1,0.039,0.305,0.0,,1.96
2023-01-16T22:00,24.8,41,0.0,10.8,960.1,0,13.1,127,27.8,0.039,0.305,0.0,,1.84
2023-01-16T23:00,24.1,42,0.0,10.3,959.8,0,12.3,128,26.6,0.039,0.305,0.0,,1.75
2023-01-17T00:00,23.2,42,0.0,9.8,959.3,0,11.8,121,25.6,0.039,0.305,0.0,,1.64
2023-01-17T01:00,22.3,44,0.0,9.4,958.7,0,10.5,131,24.6,0.039,0.305,0.0,,1.51
2023-01-17T02:00,20.9,47,0.0,9.2,958.1,0,8.4,133,23.6,0.039,0.305,0.0,,1.3
2023-01-17T03:00,20.2,50,0.0,9.5,957.9,0,4.5,166,22.7,0.04,0.305,0.0,,1.18
2023-01-17T04:00,19.0,54,0.0,9.4,958.1,0,7.1,165,21.8,0.04,0.305,0.0,,1.02
2023-01-17T05:00,18.7,55,0.0,9.6,958.7,0,8.3,146,22.2,0.04,0.304,0.0,,0.96
2023-01-17T06:00,18.0,59,0.0,9.9,959.5,0,5.2,168,21.3,0.04,0.304,0.0,,0.85
2023-01-17T07:00,18.4,54,0.0,8.9,960.4,0,9.7,129,20.6,0.04,0.304,10.0,,0.97
2023-01-17T08:00,20.4,48,0.0,9.0,961.6,0,12.0,134,21.4,0.04,0.304,148.0,,1.24
2023-01-17T09:00,22.8,44,0.0,9.8,962.4,0,14.5,145,23.5,0.04,0.304,362.0,,1.56
2023-01-17T10:00,25.1,38,0.0,9.8,962.8,0,12.4,158,26.5,0.04,0.304,559.0,,1.98
2023-01-17T11:00,27.3,33,0.0,9.6,962.6,0,11.4,167,30.1,0.04,0.304,707.0,,2.43
2023-01-17T12:00,29.4,28,0.0,8.9,961.6,0,13.0,177,33.5,0.04,0.304,788.0,,2.95
2023-01-17T13:00,30.7,24,0.0,7.8,960.4,0,11.9,185,36.3,0.039,0.304,797.0,,3.35
2023-01-17T14:00,31.3,22,0.0,7.3,959.2,0,10.5,184,38.3,0.039,0.304,732.0,,3.54
2023-01-17T15:00,31.6,21,0.0,6.7,958.6,0,9.0,175,39.2,0.039,0.304,597.0,,3.66
2023-01-17T16:00,31.5,21,0.0,6.5,958.3,0,8.4,160,38.7,0.039,0.304,409.0,,3.64
2023-01-17T17:00,30.5,24,0.0,7.9,958.9,0,11.2,140,37.0,0.039,0.304,193.0,,3.29
2023-01-17T18:00,29.2,26,0.0,8.0,959.4,0,13.3,109,34.6,0.039,0.304,25.0,,2.98
2023-01-17T19:00,28.3,28,0.0,8.1,960.0,0,13.6,107,32.4,0.039,0.304,0.0,,2.76
2023-01-17T20:00,26.8,32,0.0,8.7,960.9,0,16.3,121,30.6,0.039,0.304,0.0,,2.4
2023-01-17T21:00,25.2,35,0.0,8.7,961.5,0,17.1,132,29.0,0.039,0.304,0.0,,2.07
2023-01-17T22:00,24.4,36,0.0,8.4,961.6,0,14.9,127,27.7,0.039,0.304,0.0,,1.95
2023-01-17T23:00,23.7,37,0.0,8.1,961.3,0,15.1,128,26.5,0.039,0.304,0.0,,1.85
2023-01-18T00:00,22.9,39,0.0,8.1,960.7,0,15.9,128,25.4,0.039,0.304,0.0,,1.71
2023-01-18T01:00,22.0,41,0.0,8.2,960.3,0,14.8,135,24.5,0.039,0.304,0.0,,1.55
2023-01-18T02:00,21.0,44,0.0,8.2,959.8,0,13.0,141,23.6,0.039,0.304,0.0,,1.4
2023-01-18T03:00,20.1,46,0.0,8.1,959.6,0,11.0,142,22.7,0.039,0.304,0.0,,1.27
2023-01-18T04:00,18.9,49,0.0,8.1,959.6,0,7.9,156,21.9,0.04,0.304,0.0,,1.11
2023-01-18T05:00,17.9,56,0.0,9.0,960.6,0,6.0,205,21.6,0.04,0.304,0.0,,0.91
2023-01-18T06:00,17.9,56,0.0,8.9,961.5,0,4.6,141,20.7,0.04,0.304,0.0,,0.91
2023-01-18T07:00,17.9,53,0.0,8.3,962.4,0,9.3,118,20.1,0.04,0.304,10.0,,0.96
2023-01-18T08:00,20.3,45,0.0,7.8,963.6,0,10.0,120,20.9,0.04,0.304,148.0,,1.32
2023-01-18T09:00,22.6,41,0.0,8.9,964.7,0,14.4,143,23.1,0.04,0.304,363.0,,1.61
2023-01-18T10:00,24.6,41,0.0,10.3,964.8,0,13.4,156,26.2,0.04,0.304,560.0,,1.84
2023-01-18T11:00,26.9,36,0.0,10.7,964.4,0,12.3,159,29.7,0.04,0.304,707.0,,2.25
2023-01-18T12:00,29.1,30,0.0,9.6,963.1,0,11.4,162,33.2,0.039,0.304,791.0,,2.82
2023-01-18T13:00,30.3,24,0.0,7.4,961.7,0,6.8,162,36.3,0.039,0.304,801.0,,3.29
2023-01-18T14:00,30.8,22,0.0,6.6,960.7,0,3.8,163,38.7,0.039,0.304,736.0,,3.47
2023-01-18T15:00,31.1,21,0.0,6.2,960.1,0,3.9,158,39.8,0.039,0.304,600.0,,3.57
2023-01-18T16:00,31.0,20,0.0,5.7,959.9,0,3.3,139,39.5,0.039,0.304,413.0,,3.58
2023-01-18T17:00,30.6,22,0.0,6.3,959.9,0,3.4,148,37.9,0.039,0.304,197.0,,3.43
2023-01-18T18:00,29.1,30,0.0,9.5,960.5,0,4.1,165,35.1,0.039,0.304,26.0,,2.83
2023-01-18T19:00,27.8,30,0.0,8.8,961.1,0,6.4,164,32.7,0.039,0.304,0.0,,2.61
2023-01-18T20:00,26.9,34,0.0,9.5,962.0,0,12.2,137,30.7,0.039,0.304,0.0,,2.36
2023-01-18T21:00,25.9,35,0.0,9.2,962.3,0,13.0,129,29.1,0.039,0.304,0.0,,2.17
2023-01-18T22:00,24.6,39,0.0,9.7,962.4,39,14.0,125,27.8,0.039,0.304,0.0,,1.88
2023-01-18T23:00,23.5,43,0.0,10.3,962.1,70,14.1,140,26.6,0.039,0.304,0.0,,1.64
2023-01-19T00:00,22.8,46,0.0,10.4,961.5,82,14.2,144,25.5,0.039,0.304,0.0,,1.51
2023-01-19T01:00,22.4,45,0.0,9.9,960.8,0,14.4,148,24.6,0.039,0.304,0.0,,1.48
2023-01-19T02:00,21.4,48,0.0,9.8,960.2,0,13.3,142,23.8,0.039,0.304,0.0,,1.33
2023-01-19T03:00,20.5,50,0.0,9.8,959.8,0,13.7,125,23.0,0.039,0.304,0.0,,1.2
2023-01-19T04:00,19.9,52,0.0,9.7,960.1,0,16.4,128,22.3,0.039,0.304,0.0,,1.12
2023-01-19T05:00,19.2,59,0.0,11.0,961.1,0,18.1,131,22.4,0.04,0.304,0.0,,0.92
2023-01-19T06:00,18.8,63,0.0,11.6,961.9,0,17.6,134,21.7,0.04,0.304,0.0,,0.81
2023-01-19T07:00,18.7,66,0.0,12.2,963.0,0,15.5,134,21.2,0.04,0.304,10.0,,0.73
2023-01-19T08:00,20.5,62,0.0,12.9,964.2,0,15.8,137,21.8,0.04,0.304,145.0,,0.92
2023-01-19T09:00,22.9,55,0.0,13.5,965.0,0,17.6,139,23.8,0.04,0.304,357.0,,1.25
2023-01-19T10:00,25.6,46,0.0,13.1,965.0,0,18.1,145,26.6,0.04,0.304,554.0,,1.78
2023-01-19T11:00,27.9,36,0.0,11.3,964.5,0,16.7,147,30.0,0.04,0.304,703.0,,2.42
2023-01-19T12:00,29.4,29,0.0,9.6,963.3,0,12.7,145,33.3,0.039,0.304,786.0,,2.91
2023-01-19T13:00,30.3,25,0.0,8.2,961.8,0,8.7,138,36.3,0.039,0.304,796.0,,3.23
2023-01-19T14:00,30.9,24,0.0,7.7,960.7,0,6.1,130,38.6,0.039,0.304,732.0,,3.41
2023-01-19T15:00,31.1,22,0.0,7.1,960.0,0,4.8,117,39.7,0.039,0.304,599.0,,3.51
2023-01-19T16:00,31.1,22,0.0,6.8,959.8,0,5.8,97,39.3,0.039,0.304,412.0,,3.52
2023-01-19T17:00,30.8,24,0.0,7.9,960.0,0,8.7,107,37.4,0.039,0.304,197.0,,3.36
2023-01-19T18:00,29.3,27,0.0,8.3,960.4,0,10.7,110,34.9,0.039,0.304,27.0,,2.98
2023-01-19T19:00,27.9,30,0.0,8.8,960.9,0,15.8,131,32.7,0.039,0.304,0.0,,2.62
2023-01-19T20:00,26.6,34,0.0,9.3,961.5,0,17.9,142,30.8,0.039,0.304,0.0,,2.31
2023-01-19T21:00,25.4,37,0.0,9.7,961.9,0,16.8,138,29.2,0.039,0.304,0.0,,2.04
2023-01-19T22:00,24.4,40,0.0,9.9,961.9,0,16.5,148,27.9,0.039,0.304,0.0,,1.84
2023-01-19T23:00,23.5,43,0.0,10.3,961.4,0,15.8,153,26.7,0.039,0.304,0.0,,1.64
2023-01-20T00:00,22.9,46,0.0,10.6,960.9,0,16.2,148,25.6,0.039,0.304,0.0,,1.51
2023-01-20T01:00,22.6,46,0.0,10.6,960.1,0,17.0,144,24.8,0.039,0.304,0.0,,1.47
2023-01-20T02:00,22.3,47,0.0,10.4,959.5,0,17.3,137,24.1,0.039,0.304,0.0,,1.42
2023-01-20T03:00,21.1,51,0.0,10.7,959.4,0,15.9,128,23.4,0.039,0.304,0.0,,1.22
2023-01-20T04:00,20.2,55,0.0,10.9,959.7,17,16.0,136,22.7,0.04,0.304,0.0,,1.07
2023-01-20T05:00,19.7,62,0.0,12.2,960.6,26,19.8,143,22.2,0.04,0.304,0.0,,0.88
2023-01-20T06:00,19.2,66,0.0,12.6,961.3,0,19.5,146,21.7,0.04,0.304,0.0,,0.76
2023-01-20T07:00,19.0,68,0.0,13.0,962.0,85,18.6,144,21.2,0.04,0.304,10.0,,0.7
2023-01-20T08:00,20.7,62,0.0,13.2,963.4,97,18.0,143,21.9,0.04,0.304,145.0,,0.92
2023-01-20T09:00,23.1,54,0.0,13.3,964.4,85,20.7,149,23.8,0.04,0.304,357.0,,1.3
2023-01-20T10:00,25.7,44,0.0,12.7,964.6,79,21.1,150,26.5,0.04,0.304,555.0,,1.83
2023-01-20T11:00,27.7,36,0.0,11.2,964.2,57,18.7,150,29.7,0.04,0.304,701.0,,2.38
2023-01-20T12:00,29.1,30,0.0,9.6,963.1,74,13.7,150,33.0,0.039,0.304,786.0,,2.83
2023-01-20T13:00,29.9,27,0.0,8.7,961.7,33,10.2,148,35.9,0.039,0.304,794.0,,3.09
2023-01-20T14:00,30.5,25,0.0,8.2,960.4,63,9.2,149,38.1,0.039,0.303,733.0,,3.28
2023-01-20T15:00,30.8,24,0.0,7.8,959.8,59,8.9,148,39.0,0.039,0.303,601.0,,3.38
2023-01-20T16:00,30.7,24,0.0,7.9,959.7,51,10.3,151,38.6,0.039,0.303,413.0,,3.35
2023-01-20T17:00,30.1,26,0.0,8.5,959.9,0,12.3,159,36.7,0.039,0.303,199.0,,3.16
2023-01-20T18:00,28.7,29,0.0,8.8,960.1,0,10.2,148,34.3,0.039,0.303,28.0,,2.79
2023-01-20T19:00,27.4,32,0.0,9.2,960.8,0,13.5,134,32.1,0.039,0.303,0.0,,2.49
2023-01-20T20:00,26.2,35,0.0,9.6,961.5,0,17.3,132,30.3,0.039,0.303,0.0,,2.21
2023-01-20T21:00,25.1,38,0.0,9.6,961.9,72,18.2,129,28.8,0.039,0.303,0.0,,1.98
2023-01-20T22:00,24.2,39,0.0,9.4,961.9,44,18.1,133,27.5,0.039,0.303,0.0,,1.83
2023-01-20T23:00,23.4,42,0.0,9.7,961.6,37,17.6,136,26.3,0.039,0.303,0.0,,1.67
2023-01-21T00:00,22.6,46,0.0,10.4,961.3,14,15.8,137,25.3,0.039,0.303,0.0,,1.49
2023-01-21T01:00,21.9,49,0.0,10.8,960.6,12,15.3,133,24.4,0.039,0.303,0.0,,1.33
2023-01-21T02:00,21.6,50,0.0,10.8,959.8,0,14.5,136,23.7,0.039,0.303,0.0,,1.28
2023-01-21T03:00,21.1,52,0.0,10.8,959.3,0,13.0,141,23.0,0.039,0.303,0.0,,1.2
2023-01-21T04:00,20.2,55,0.0,10.8,959.1,0,12.9,144,22.3,0.04,0.303,0.0,,1.06
2023-01-21T05:00,19.2,60,0.0,11.2,960.1,0,12.7,137,22.4,0.04,0.303,0.0,,0.89
2023-01-21T06:00,19.1,62,0.0,11.8,961.1,32,16.1,140,21.7,0.04,0.303,0.0,,0.83
2023-01-21T07:00,19.2,66,0.0,12.6,962.0,0,15.3,135,21.3,0.04,0.303,10.0,,0.76
2023-01-21T08:00,21.0,61,0.0,13.2,963.2,0,15.3,135,22.0,0.04,0.303,145.0,,0.97
2023-01-21T09:00,23.5,59,0.0,15.0,964.3,0,17.1,150,24.0,0.04,0.303,357.0,,1.2
2023-01-21T10:00,26.0,50,0.0,14.7,964.5,0,17.6,165,27.0,0.04,0.303,554.0,,1.69
2023-01-21T11:00,27.9,36,0.0,11.6,963.8,0,13.4,166,30.4,0.04,0.303,702.0,,2.38
2023-01-21T12:00,29.0,31,0.0,10.0,962.4,0,8.6,165,33.9,0.039,0.303,786.0,,2.77
2023-01-21T13:00,29.8,28,0.0,9.2,961.1,0,6.5,161,37.0,0.039,0.303,798.0,,3.02
2023-01-21T14:00,30.3,26,0.0,8.7,959.9,0,5.0,159,39.2,0.039,0.303,734.0,,3.18
2023-01-21T15:00,30.6,25,0.0,8.3,959.3,0,3.6,174,40.2,0.039,0.303,601.0,,3.29
2023-01-21T16:00,30.5,25,0.0,8.2,959.0,0,2.9,187,39.9,0.039,0.303,414.0,,3.28
2023-01-21T17:00,30.0,28,0.0,9.8,959.2,0,3.7,191,37.9,0.039,0.303,199.0,,3.04
2023-01-21T18:00,29.2,30,0.0,10.0,959.4,10,5.8,184,35.4,0.039,0.303,28.0,,2.82
2023-01-21T19:00,28.0,34,0.0,10.5,960.2,12,12.1,157,33.2,0.039,0.303,0.0,,2.51
2023-01-21T20:00,26.9,36,0.0,10.5,960.9,16,15.3,135,31.3,0.039,0.303,0.0,,2.28
2023-01-21T21:00,25.9,38,0.0,10.6,961.1,12,17.6,139,29.8,0.039,0.303,0.0,,2.07
2023-01-21T22:00,24.6,42,0.0,10.8,961.0,4,16.1,141,28.4,0.039,0.303,0.0,,1.8
2023-01-21T23:00,23.6,45,0.0,11.0,960.8,6,15.5,144,27.2,0.039,0.303,0.0,,1.6
2023-01-22T00:00,23.1,47,0.0,11.2,960.2,0,15.8,153,26.1,0.039,0.303,0.0,,1.5
2023-01-22T01:00,22.6,48,0.0,11.1,959.3,0,13.6,158,25.2,0.039,0.303,0.0,,1.42
2023-01-22T02:00,21.9,50,0.0,11.1,958.8,0,13.4,156,24.4,0.039,0.303,0.0,,1.3
2023-01-22T03:00,20.9,54,0.0,11.2,958.5,0,10.2,141,23.6,0.039,0.303,0.0,,1.13
2023-01-22T04:00,20.2,56,0.0,11.1,958.3,0,9.2,154,22.8,0.039,0.303,0.0,,1.04
2023-01-22T05:00,19.1,66,0.0,12.5,958.7,80,7.9,150,22.8,0.04,0.303,0.0,,0.76
2023-01-22T06:00,19.3,63,0.0,12.1,959.7,60,10.0,128,22.0,0.04,0.303,0.0,,0.83
2023-01-22T07:00,19.2,63,0.0,11.9,961.0,66,5.9,142,21.4,0.04,0.303,10.0,,0.83
2023-01-22T08:00,20.7,57,0.0,12.0,962.4,20,2.9,180,22.3,0.04,0.303,144.0,,1.04
2023-01-22T09:00,22.9,53,0.0,12.8,963.4,4,9.3,152,24.6,0.04,0.303,355.0,,1.32
2023-01-22T10:00,25.6,48,0.0,13.7,963.4,0,14.3,162,27.6,0.04,0.303,551.0,,1.71
2023-01-22T11:00,27.8,40,0.0,12.8,962.6,0,15.1,168,30.9,0.04,0.303,699.0,,2.25
2023-01-22T12:00,29.1,34,0.0,11.7,961.3,0,12.8,169,34.1,0.039,0.303,783.0,,2.64
2023-01-22T13:00,29.8,32,0.0,11.3,960.0,0,10.0,167,36.9,0.039,0.303,794.0,,2.85
2023-01-22T14:00,30.3,30,0.0,10.6,958.9,0,7.9,164,38.9,0.039,0.303,732.0,,3.04
2023-01-22T15:00,30.7,28,0.0,10.0,958.2,0,7.2,162,39.8,0.039,0.303,601.0,,3.18
2023-01-22T16:00,30.6,27,0.0,9.6,958.0,4,7.5,163,39.4,0.039,0.303,415.0,,3.2
2023-01-22T17:00,29.8,29,0.0,9.7,958.4,0,12.7,151,37.2,0.039,0.303,202.0,,2.99
2023-01-22T18:00,28.8,30,0.0,9.5,958.4,0,14.3,146,34.7,0.039,0.303,30.0,,2.76
2023-01-22T19:00,27.6,33,0.0,9.9,959.2,0,17.6,134,32.5,0.039,0.303,0.0,,2.46
2023-01-22T20:00,26.2,35,0.0,9.5,959.8,0,19.5,128,30.6,0.039,0.303,0.0,,2.2
2023-01-22T21:00,25.0,36,0.0,9.0,960.1,0,18.3,126,29.0,0.039,0.303,0.0,,2.01
2023-01-22T22:00,24.3,38,0.0,9.1,960.3,0,17.8,126,27.7,0.039,0.303,0.0,,1.88
2023-01-22T23:00,23.6,40,0.0,9.2,960.2,0,16.6,131,26.5,0.039,0.303,0.0,,1.75
2023-01-23T00:00,22.7,43,0.0,9.4,959.7,0,16.2,127,25.5,0.039,0.303,0.0,,1.58
2023-01-23T01:00,22.2,46,0.0,10.0,959.2,0,15.9,129,24.6,0.039,0.303,0.0,,1.44
2023-01-23T02:00,21.6,49,0.0,10.6,958.4,0,10.7,130,23.8,0.039,0.303,0.0,,1.31
2023-01-23T03:00,20.7,53,0.0,10.7,957.7,0,9.7,121,22.9,0.039,0.303,0.0,,1.15
2023-01-23T04:00,20.4,54,0.0,10.9,957.9,0,18.2,141,22.3,0.039,0.303,0.0,,1.09
2023-01-23T05:00,19.4,62,0.0,12.0,959.0,0,17.1,131,22.6,0.04,0.303,0.0,,0.85
2023-01-23T06:00,19.2,67,0.0,12.9,959.6,0,16.1,129,22.0,0.04,0.303,0.0,,0.74
2023-01-23T07:00,19.1,71,0.0,13.7,960.3,0,15.8,131,21.5,0.04,0.303,10.0,,0.65
2023-01-23T08:00,21.0,66,0.0,14.4,961.4,0,16.1,132,22.2,0.04,0.303,146.0,,0.84
2023-01-23T09:00,23.4,57,0.0,14.5,962.2,0,19.6,137,24.1,0.04,0.303,357.0,,1.23
2023-01-23T10:00,25.8,46,0.0,13.2,962.3,0,18.7,142,27.0,0.04,0.303,554.0,,1.8
2023-01-23T11:00,27.5,40,0.0,12.6,961.6,0,15.9,142,30.2,0.04,0.303,703.0,,2.22
2023-01-23T12:00,28.7,36,0.0,12.0,960.3,0,13.3,147,33.5,0.039,0.303,786.0,,2.54
2023-01-23T13:00,29.7,32,0.0,11.4,959.1,0,12.2,152,36.3,0.039,0.303,795.0,,2.83
2023-01-23T14:00,30.4,30,0.0,10.6,958.1,0,11.6,154,38.2,0.039,0.303,730.0,,3.05
2023-01-23T15:00,30.7,28,0.0,10.2,957.3,0,10.8,150,39.1,0.039,0.303,598.0,,3.18
2023-01-23T16:00,30.8,27,0.0,9.5,957.1,0,10.9,146,38.7,0.039,0.303,413.0,,3.24
2023-01-23T17:00,30.1,27,0.0,9.0,957.6,0,11.0,139,36.7,0.039,0.303,201.0,,3.11
2023-01-23T18:00,28.9,29,0.0,9.1,958.0,0,11.3,127,34.4,0.039,0.303,30.0,,2.82
2023-01-23T19:00,27.7,33,0.0,10.1,958.6,0,15.3,120,32.3,0.039,0.303,0.0,,2.47
2023-01-23T20:00,26.6,37,0.0,10.7,959.6,0,18.3,122,30.5,0.039,0.303,0.0,,2.2
2023-01-23T21:00,25.4,40,0.0,11.0,959.7,0,18.3,126,29.1,0.039,0.303,0.0,,1.94
2023-01-23T22:00,24.7,43,0.0,11.2,959.8,0,17.1,131,27.8,0.039,0.303,0.0,,1.79
2023-01-23T23:00,23.9,46,0.0,11.5,959.2,0,11.8,121,26.7,0.039,0.303,0.0,,1.61
2023-01-24T00:00,23.2,48,0.0,11.6,958.9,0,14.3,118,25.7,0.039,0.303,0.0,,1.47
2023-01-24T01:00,23.0,49,0.0,11.6,958.4,0,12.7,119,24.9,0.039,0.303,0.0,,1.43
2023-01-24T02:00,22.6,50,0.0,11.7,958.2,2,16.8,118,24.3,0.039,0.303,0.0,,1.37
2023-01-24T03:00,22.0,57,0.0,13.0,958.0,0,17.9,124,23.8,0.039,0.303,0.0,,1.15
2023-01-24T04:00,21.6,64,0.0,14.4,958.2,0,17.8,133,23.4,0.04,0.303,0.0,,0.94
2023-01-24T05:00,20.6,75,0.0,16.0,958.6,0,18.4,130,23.4,0.04,0.303,0.0,,0.61
2023-01-24T06:00,20.4,78,0.0,16.4,959.4,0,17.6,133,22.9,0.04,0.303,0.0,,0.53
2023-01-24T07:00,20.5,79,0.0,16.6,960.0,0,17.3,132,22.5,0.04,0.303,9.0,,0.52
2023-01-24T08:00,21.9,71,0.0,16.3,961.1,0,18.7,130,23.2,0.04,0.303,138.0,,0.77
2023-01-24T09:00,23.8,62,0.0,16.1,962.0,0,19.4,133,25.0,0.04,0.303,342.0,,1.12
2023-01-24T10:00,25.9,56,0.0,16.4,962.4,0,18.4,138,27.7,0.04,0.303,534.0,,1.48
2023-01-24T11:00,28.0,49,0.0,16.3,961.9,0,17.6,145,30.9,0.04,0.303,680.0,,1.93
2023-01-24T12:00,29.5,44,0.0,15.8,960.6,19,16.8,157,33.9,0.04,0.303,765.0,,2.33
2023-01-24T13:00,30.5,41,0.0,15.8,959.2,15,15.1,162,36.3,0.04,0.302,709.0,,2.58
2023-01-24T14:00,31.3,38,0.0,15.4,958.0,18,14.1,161,38.0,0.039,0.302,673.0,,2.81
2023-01-24T15:00,31.5,37,0.0,15.2,957.2,25,14.8,157,38.7,0.039,0.302,537.0,,2.9
2023-01-24T16:00,31.3,37,0.0,15.0,956.9,50,15.9,155,38.2,0.039,0.302,359.0,,2.85
2023-01-24T17:00,29.7,42,0.2,15.4,957.5,48,18.0,154,36.3,0.039,0.302,155.0,,2.41
2023-01-24T18:00,29.0,44,0.0,15.3,958.2,61,15.7,143,34.4,0.04,0.302,17.0,,2.26
2023-01-24T19:00,28.3,45,0.0,15.2,958.8,26,17.8,138,32.7,0.04,0.302,0.0,,2.12
2023-01-24T20:00,27.0,48,0.0,15.2,959.5,27,19.5,124,31.2,0.04,0.302,0.0,,1.84
2023-01-24T21:00,26.1,51,0.0,15.1,959.7,49,20.1,123,29.9,0.04,0.302,0.0,,1.66
2023-01-24T22:00,25.6,53,0.0,15.2,959.6,6,17.7,128,28.8,0.04,0.302,0.0,,1.55
2023-01-24T23:00,24.7,55,0.0,15.2,959.4,17,14.0,125,27.8,0.04,0.302,0.0,,1.39
2023-01-25T00:00,24.1,56,0.0,14.8,959.3,49,11.2,123,26.9,0.04,0.302,0.0,,1.31
2023-01-25T01:00,23.8,55,0.0,14.3,959.0,48,9.1,124,26.2,0.04,0.302,0.0,,1.31
2023-01-25T02:00,23.5,55,0.0,14.0,958.4,100,8.2,131,25.7,0.04,0.302,0.0,,1.3
2023-01-25T03:00,23.4,55,0.0,13.7,958.2,37,14.0,119,25.3,0.04,0.302,0.0,,1.3
2023-01-25T04:00,22.3,57,0.0,13.3,958.2,9,14.1,122,24.7,0.04,0.302,0.0,,1.16
2023-01-25T05:00,21.6,63,0.0,14.2,958.8,37,9.3,126,26.0,0.045,0.302,0.0,,0.95
2023-01-25T06:00,21.7,64,0.0,14.6,959.5,7,8.7,128,25.1,0.045,0.302,0.0,,0.94
2023-01-25T07:00,21.7,66,0.0,15.0,960.2,1,10.4,134,24.4,0.045,0.302,9.0,,0.88
2023-01-25T08:00,22.7,65,0.0,15.7,961.1,1,16.1,138,24.8,0.045,0.302,137.0,,0.98
2023-01-25T09:00,24.3,60,0.0,16.1,961.6,0,18.4,145,26.4,0.045,0.302,342.0,,1.21
2023-01-25T10:00,26.3,52,0.0,15.8,961.8,0,18.0,151,28.8,0.044,0.302,536.0,,1.62
2023-01-25T11:00,28.2,44,0.0,14.9,961.1,0,16.3,152,31.7,0.044,0.302,685.0,,2.12
2023-01-25T12:00,29.6,39,0.0,14.2,960.0,1,14.3,152,34.6,0.043,0.302,769.0,,2.52
2023-01-25T13:00,31.0,35,0.0,13.5,958.8,16,13.5,151,37.1,0.042,0.302,778.0,,2.93
2023-01-25T14:00,31.6,34,0.0,13.7,957.7,46,14.2,150,38.7,0.042,0.302,680.0,,3.09
2023-01-25T15:00,31.6,33,0.0,13.6,957.3,42,13.9,143,39.1,0.041,0.302,517.0,,3.09
2023-01-25T16:00,31.4,33,0.0,13.4,957.1,26,12.7,137,38.6,0.041,0.302,355.0,,3.06
2023-01-25T17:00,30.3,37,0.0,13.9,957.6,18,13.3,128,37.0,0.041,0.302,180.0,,2.73
2023-01-25T18:00,29.5,38,0.0,13.6,958.2,26,15.6,124,34.9,0.041,0.302,29.0,,2.57
2023-01-25T19:00,28.6,40,0.0,13.8,958.9,12,20.4,122,33.0,0.041,0.302,0.0,,2.34
2023-01-25T20:00,27.5,43,0.0,13.7,959.2,11,19.5,118,31.5,0.041,0.302,0.0,,2.09
2023-01-25T21:00,26.7,44,0.0,13.4,959.9,11,19.7,130,30.1,0.041,0.302,0.0,,1.96
2023-01-25T22:00,25.8,45,0.0,13.1,960.0,100,16.6,138,29.0,0.041,0.302,0.0,,1.81
2023-01-25T23:00,25.4,44,0.0,12.4,959.9,100,15.8,137,28.2,0.041,0.302,0.0,,1.81
2023-01-26T00:00,25.2,41,0.0,11.2,959.9,100,11.3,149,27.6,0.041,0.302,0.0,,1.88
2023-01-26T01:00,24.8,41,0.0,10.7,959.7,100,4.8,222,27.0,0.041,0.302,0.0,,1.84
2023-01-26T02:00,24.4,46,0.0,12.2,959.3,42,2.7,113,26.4,0.041,0.302,0.0,,1.63
2023-01-26T03:00,23.5,41,0.0,9.3,958.8,45,9.4,108,25.8,0.041,0.302,0.0,,1.72
2023-01-26T04:00,22.1,45,0.0,9.6,959.0,2,8.9,111,25.0,0.041,0.302,0.0,,1.46
2023-01-26T05:00,21.2,62,0.0,13.6,959.2,8,8.7,132,26.1,0.042,0.303,0.0,,0.96
2023-01-26T06:00,21.1,65,0.0,14.2,960.4,0,8.2,128,25.1,0.042,0.303,0.0,,0.88
2023-01-26T07:00,20.9,68,0.0,14.7,960.9,4,9.2,121,24.3,0.042,0.303,10.0,,0.79
2023-01-26T08:00,21.9,66,0.0,15.2,961.8,3,12.3,128,24.7,0.042,0.303,138.0,,0.89
2023-01-26T09:00,23.5,61,0.0,15.4,962.7,0,13.7,135,26.4,0.042,0.303,344.0,,1.14
2023-01-26T10:00,25.4,51,0.0,14.6,963.0,0,12.7,137,29.0,0.042,0.303,539.0,,1.58
2023-01-26T11:00,27.3,43,0.0,13.5,962.2,0,10.7,138,32.2,0.041,0.303,687.0,,2.08
2023-01-26T12:00,28.8,36,0.0,12.4,961.2,0,9.9,136,35.3,0.041,0.303,773.0,,2.51
2023-01-26T13:00,30.0,33,0.0,11.8,959.8,0,8.7,132,38.1,0.04,0.303,785.0,,2.86
2023-01-26T14:00,30.9,31,0.0,11.6,958.7,0,9.0,127,40.0,0.04,0.303,725.0,,3.09
2023-01-26T15:00,31.4,29,0.0,11.4,958.1,0,10.3,119,40.7,0.04,0.303,598.0,,3.24
2023-01-26T16:00,31.4,28,0.0,10.9,958.0,0,10.5,112,40.1,0.04,0.303,416.0,,3.28
2023-01-26T17:00,30.5,32,0.0,11.9,958.2,0,13.3,103,39.0,0.039,0.303,206.0,,2.98
2023-01-26T18:00,29.6,32,0.0,11.4,958.7,20,17.0,107,36.5,0.039,0.303,28.0,,2.8
2023-01-26T19:00,28.9,34,0.0,11.3,959.6,14,15.8,125,34.3,0.039,0.303,0.0,,2.64
2023-01-26T20:00,27.7,37,0.0,11.6,960.4,16,15.5,126,32.5,0.039,0.303,0.0,,2.35
2023-01-26T21:00,26.8,38,0.0,11.2,960.8,15,17.3,121,31.0,0.039,0.303,0.0,,2.18
2023-01-26T22:00,25.8,37,0.0,10.1,960.8,24,17.4,130,29.6,0.039,0.303,0.0,,2.09
2023-01-26T23:00,25.2,36,0.0,9.1,960.3,26,17.1,134,28.5,0.039,0.303,0.0,,2.04
2023-01-27T00:00,24.2,36,0.0,8.3,960.1,5,15.3,120,27.5,0.039,0.303,0.0,,1.92
2023-01-27T01:00,23.0,36,0.0,7.0,959.6,1,15.7,110,26.4,0.039,0.303,0.0,,1.8
2023-01-27T02:00,22.3,35,0.0,6.3,959.3,3,17.1,112,25.5,0.039,0.303,0.0,,1.74
2023-01-27T03:00,21.5,41,0.0,7.5,958.9,0,17.1,118,24.6,0.039,0.303,0.0,,1.52
2023-01-27T04:00,20.8,46,0.0,8.8,958.8,0,14.3,115,23.9,0.039,0.303,0.0,,1.32
2023-01-27T05:00,20.1,54,0.0,10.5,959.6,0,12.3,111,24.7,0.039,0.303,0.0,,1.08
2023-01-27T06:00,20.0,57,0.0,11.2,960.4,0,12.4,116,23.8,0.039,0.303,0.0,,1.01
2023-01-27T07:00,20.0,59,0.0,11.8,961.2,0,11.9,119,23.1,0.039,0.303,10.0,,0.95
2023-01-27T08:00,21.6,56,0.0,12.5,962.3,0,12.6,121,23.6,0.039,0.303,146.0,,1.13
2023-01-27T09:00,23.7,53,0.0,13.7,963.1,0,15.4,127,25.5,0.039,0.303,360.0,,1.37
2023-01-27T10:00,26.2,45,0.0,13.3,963.2,0,16.0,134,28.3,0.039,0.303,561.0,,1.87
2023-01-27T11:00,28.5,34,0.0,11.0,962.6,0,15.8,133,31.6,0.039,0.303,714.0,,2.57
2023-01-27T12:00,30.2,25,0.0,8.1,961.3,0,15.7,127,34.7,0.039,0.303,801.0,,3.2
2023-01-27T13:00,31.4,19,0.0,4.8,960.0,0,15.0,120,37.4,0.039,0.303,815.0,,3.72
2023-01-27T14:00,32.1,14,0.0,1.6,958.9,0,14.8,116,39.2,0.039,0.303,755.0,,4.08
2023-01-27T15:00,32.4,12,0.0,-1.2,958.3,0,14.5,117,39.9,0.039,0.303,626.0,,4.3
2023-01-27T16:00,32.2,10,0.0,-2.7,958.2,0,14.0,119,39.3,0.039,0.303,440.0,,4.31
2023-01-27T17:00,30.8,16,0.0,1.7,958.6,0,15.1,118,37.4,0.039,0.303,220.0,,3.75
2023-01-27T18:00,29.2,19,0.0,3.4,959.3,0,11.8,121,34.9,0.039,0.303,36.0,,3.28
2023-01-27T19:00,28.1,23,0.0,4.9,960.0,0,12.0,134,32.6,0.039,0.303,0.0,,2.93
2023-01-27T20:00,26.8,27,0.0,6.0,960.6,0,12.2,133,30.7,0.039,0.303,0.0,,2.58
2023-01-27T21:00,25.5,30,0.0,6.9,960.9,0,12.5,129,29.1,0.039,0.303,0.0,,2.27
2023-01-27T22:00,24.5,34,0.0,7.8,960.7,0,13.5,136,27.7,0.039,0.303,0.0,,2.01
2023-01-27T23:00,23.6,38,0.0,8.4,960.4,0,14.8,129,26.6,0.039,0.303,0.0,,1.81
2023-01-28T00:00,22.6,40,0.0,8.5,959.8,0,14.6,110,25.5,0.039,0.303,0.0,,1.63
2023-01-28T01:00,21.9,43,0.0,8.6,959.5,0,13.9,111,24.6,0.039,0.303,0.0,,1.5
2023-01-28T02:00,21.1,46,0.0,9.1,958.9,0,13.0,114,23.8,0.039,0.303,0.0,,1.35
2023-01-28T03:00,20.4,50,0.0,9.5,958.6,0,13.0,114,23.0,0.039,0.303,0.0,,1.2
2023-01-28T04:00,19.7,53,0.0,9.8,958.7,0,12.2,114,22.3,0.039,0.303,0.0,,1.08
2023-01-28T05:00,18.8,58,0.0,10.3,959.4,0,12.8,112,22.4,0.039,0.303,0.0,,0.92
2023-01-28T06:00,18.8,59,0.0,10.6,960.1,0,13.4,110,21.7,0.039,0.303,0.0,,0.89
2023-01-28T07:00,18.8,60,0.0,10.8,960.6,0,13.2,116,21.1,0.04,0.303,11.0,,0.87
2023-01-28T08:00,21.0,53,0.0,11.0,961.6,0,9.7,112,21.9,0.04,0.303,153.0,,1.17
2023-01-28T09:00,24.1,43,0.0,10.9,962.7,0,11.5,122,24.3,0.04,0.303,372.0,,1.7
2023-01-28T10:00,26.9,35,0.0,10.0,962.7,0,13.8,131,27.6,0.04,0.303,575.0,,2.32
2023-01-28T11:00,29.0,25,0.0,6.8,961.8,0,13.3,128,31.2,0.039,0.303,730.0,,3.01
2023-01-28T12:00,30.2,20,0.0,5.1,960.4,0,11.7,135,34.7,0.039,0.303,817.0,,3.42
2023-01-28T13:00,31.2,17,0.0,3.5,958.9,0,10.7,140,37.6,0.039,0.303,829.0,,3.75
2023-01-28T14:00,32.0,15,0.0,1.7,957.9,0,11.0,142,39.6,0.039,0.303,766.0,,4.05
2023-01-28T15:00,32.3,13,0.0,0.1,957.1,0,10.5,142,40.4,0.039,0.303,634.0,,4.22
2023-01-28T16:00,32.2,12,0.0,-0.5,957.1,0,10.0,142,39.9,0.039,0.303,445.0,,4.22
2023-01-28T17:00,31.5,17,0.0,3.4,957.3,0,12.0,136,37.9,0.039,0.303,223.0,,3.83
2023-01-28T18:00,29.9,19,0.0,4.0,957.7,0,12.5,129,35.4,0.039,0.303,36.0,,3.4
2023-01-28T19:00,28.4,22,0.0,4.8,958.4,0,16.8,125,33.1,0.039,0.303,0.0,,3.01
2023-01-28T20:00,27.3,25,0.0,5.4,958.9,0,18.1,133,31.2,0.039,0.303,0.0,,2.73
2023-01-28T21:00,26.2,26,0.0,5.4,959.1,0,18.4,138,29.6,0.039,0.303,0.0,,2.51
2023-01-28T22:00,25.5,28,0.0,5.4,959.0,0,17.1,136,28.3,0.039,0.303,0.0,,2.36
2023-01-28T23:00,24.7,29,0.0,5.5,958.5,0,15.3,141,27.1,0.039,0.303,0.0,,2.21
2023-01-29T00:00,24.0,31,0.0,5.7,957.8,0,14.1,148,26.0,0.039,0.303,0.0,,2.06
2023-01-29T01:00,23.2,33,0.0,6.1,957.2,0,13.3,142,25.1,0.039,0.303,0.0,,1.91
2023-01-29T02:00,22.5,36,0.0,6.7,956.8,0,14.6,123,24.2,0.039,0.303,0.0,,1.74
2023-01-29T03:00,21.3,41,0.0,7.6,956.9,0,17.9,124,23.5,0.039,0.303,0.0,,1.49
2023-01-29T04:00,20.9,45,0.0,8.6,957.2,0,17.8,137,22.9,0.039,0.303,0.0,,1.35
2023-01-29T05:00,20.2,48,0.0,8.8,957.3,0,20.2,131,23.3,0.046,0.305,0.0,,1.23
2023-01-29T06:00,19.8,50,0.0,9.2,957.9,0,18.3,133,22.5,0.046,0.305,0.0,,1.14
2023-01-29T07:00,19.6,52,0.0,9.3,958.7,0,16.1,132,21.9,0.046,0.305,11.0,,1.1
2023-01-29T08:00,21.4,47,0.0,9.6,959.9,0,13.8,131,22.5,0.046,0.305,153.0,,1.36
2023-01-29T09:00,23.9,41,0.0,9.8,961.0,0,15.4,147,24.5,0.046,0.305,372.0,,1.75
2023-01-29T10:00,26.3,35,0.0,9.6,961.3,0,16.1,160,27.4,0.045,0.305,573.0,,2.23
2023-01-29T11:00,28.6,29,0.0,9.0,960.3,0,17.7,160,30.6,0.045,0.305,725.0,,2.75
2023-01-29T12:00,30.1,26,0.0,8.3,958.8,45,15.8,159,33.7,0.044,0.305,812.0,,3.16
2023-01-29T13:00,31.2,23,0.0,7.3,957.6,75,14.4,158,36.4,0.043,0.305,823.0,,3.51
2023-01-29T14:00,31.9,20,0.0,6.2,956.4,88,13.8,160,38.3,0.042,0.305,758.0,,3.78
2023-01-29T15:00,32.3,18,0.0,4.9,955.9,1,14.9,165,39.1,0.042,0.305,626.0,,3.97
2023-01-29T16:00,32.1,17,0.0,3.7,955.7,0,15.8,163,38.6,0.041,0.305,439.0,,3.99
2023-01-29T17:00,31.0,19,0.0,4.8,956.3,0,17.9,158,37.5,0.039,0.303,221.0,,3.62
2023-01-29T18:00,29.6,21,0.0,5.1,956.9,0,16.5,144,35.1,0.039,0.303,37.0,,3.27
2023-01-29T19:00,28.1,23,0.0,5.3,957.5,0,19.5,124,32.9,0.039,0.303,0.0,,2.91
2023-01-29T20:00,26.7,29,0.0,7.1,958.3,0,23.9,121,31.0,0.039,0.303,0.0,,2.49
2023-01-29T21:00,26.0,34,0.0,9.1,958.7,0,24.8,123,29.5,0.039,0.302,0.0,,2.21
2023-01-29T22:00,25.4,38,0.0,10.1,959.1,47,20.1,123,28.2,0.039,0.302,0.0,,2.01
2023-01-29T23:00,24.7,41,0.0,10.6,958.9,24,17.6,118,27.1,0.039,0.302,0.0,,1.83
2023-01-30T00:00,24.0,44,0.0,10.8,958.7,43,18.9,108,26.2,0.039,0.302,0.0,,1.68
2023-01-30T01:00,23.5,48,0.0,11.7,958.5,89,20.5,114,25.5,0.039,0.302,0.0,,1.52
2023-01-30T02:00,22.9,52,0.0,12.5,958.1,72,19.5,120,24.9,0.039,0.302,0.0,,1.34
2023-01-30T03:00,22.2,56,0.0,13.1,958.0,58,18.2,128,24.3,0.039,0.302,0.0,,1.17
2023-01-30T04:00,21.3,60,0.0,13.2,958.4,57,17.7,129,23.6,0.039,0.302,0.0,,1.01
2023-01-30T05:00,20.2,67,0.0,13.8,958.9,0,15.1,123,23.5,0.039,0.302,0.0,,0.79
2023-01-30T06:00,19.8,69,0.0,13.9,959.8,77,13.4,121,22.7,0.039,0.302,0.0,,0.72
2023-01-30T07:00,19.9,69,0.0,14.1,960.8,79,11.9,119,22.2,0.04,0.302,11.0,,0.71
2023-01-30T08:00,21.7,64,0.0,14.5,962.1,92,12.9,113,23.0,0.04,0.302,149.0,,0.94
2023-01-30T09:00,24.0,56,0.0,14.8,962.9,71,15.0,120,25.1,0.04,0.302,365.0,,1.31
2023-01-30T10:00,26.0,47,0.0,13.7,963.1,56,15.3,135,28.0,0.04,0.302,571.0,,1.79
2023-01-30T11:00,27.4,44,0.0,14.1,962.4,67,13.2,145,31.4,0.039,0.302,720.0,,2.03
2023-01-30T12:00,28.8,38,0.0,13.1,961.2,56,11.0,157,34.7,0.039,0.302,805.0,,2.44
2023-01-30T13:00,29.8,34,0.0,12.3,959.9,58,9.1,162,37.7,0.039,0.302,818.0,,2.77
2023-01-30T14:00,30.5,31,0.0,11.7,959.0,31,7.0,168,39.8,0.039,0.302,755.0,,2.99
2023-01-30T15:00,30.8,30,0.0,11.0,958.5,9,6.2,173,40.8,0.039,0.302,623.0,,3.12
2023-01-30T16:00,30.8,28,0.0,10.4,958.6,4,4.0,170,40.5,0.039,0.302,436.0,,3.18
2023-01-30T17:00,29.9,33,0.0,12.0,958.8,16,5.4,228,38.8,0.039,0.302,219.0,,2.82
2023-01-30T18:00,29.5,34,0.0,11.9,959.2,29,6.3,246,36.3,0.039,0.302,37.0,,2.73
2023-01-30T19:00,29.1,35,0.0,12.0,960.1,29,7.2,276,34.0,0.039,0.302,0.0,,2.62
2023-01-30T20:00,28.3,36,0.0,11.8,960.6,100,9.2,301,32.2,0.039,0.302,0.0,,2.45
2023-01-30T21:00,27.4,38,0.0,11.6,960.6,100,9.3,332,30.6,0.039,0.302,0.0,,2.27
2023-01-30T22:00,26.7,39,0.0,11.7,960.6,99,9.1,18,29.4,0.039,0.302,0.0,,2.12
2023-01-30T23:00,25.6,44,0.0,12.3,960.8,80,11.9,104,28.2,0.039,0.302,0.0,,1.84
2023-01-31T00:00,24.3,60,0.0,16.1,960.6,84,12.6,121,27.2,0.039,0.302,0.0,,1.2
2023-01-31T01:00,23.2,68,0.0,17.0,960.1,97,10.1,117,26.3,0.039,0.302,0.0,,0.91
2023-01-31T02:00,22.5,73,0.0,17.4,959.6,95,7.3,81,25.5,0.039,0.302,0.0,,0.74
2023-01-31T03:00,22.0,76,0.0,17.6,959.1,96,8.7,85,24.8,0.039,0.302,0.0,,0.64
2023-01-31T04:00,21.5,78,0.0,17.5,959.0,3,9.4,97,24.2,0.039,0.302,0.0,,0.56
2023-01-31T05:00,20.6,84,0.0,17.8,959.5,2,9.4,83,24.2,0.039,0.302,0.0,,0.39
2023-01-31T06:00,20.6,83,0.0,17.7,960.2,0,9.3,77,23.5,0.04,0.302,0.0,,0.4
2023-01-31T07:00,20.8,81,0.0,17.5,961.0,0,9.4,86,23.1,0.04,0.302,11.0,,0.46
2023-01-31T08:00,22.7,72,0.0,17.3,962.3,2,8.6,92,23.9,0.04,0.302,146.0,,0.78
2023-01-31T09:00,25.1,61,0.0,17.1,963.1,14,11.8,110,26.2,0.04,0.302,358.0,,1.23
2023-01-31T10:00,27.1,52,0.0,16.4,963.3,68,12.2,114,29.3,0.04,0.302,557.0,,1.71
2023-01-31T11:00,28.8,43,0.0,14.9,962.8,75,10.9,98,32.6,0.04,0.302,664.0,,2.26
2023-01-31T12:00,30.3,32,0.0,11.8,961.6,87,10.0,77,36.0,0.039,0.302,790.0,,2.93
2023-01-31T13:00,31.3,28,0.0,10.5,960.1,83,8.2,75,38.9,0.039,0.302,785.0,,3.29
2023-01-31T14:00,31.9,25,0.0,9.7,958.6,66,6.9,81,40.5,0.039,0.302,659.0,,3.52
2023-01-31T15:00,32.3,23,0.0,8.8,957.9,85,7.4,76,41.0,0.039,0.302,505.0,,3.71
2023-01-31T16:00,32.4,22,0.0,7.8,957.7,79,8.1,77,40.1,0.039,0.302,300.0,,3.79
2023-01-31T17:00,30.3,30,0.0,10.9,958.3,100,12.0,99,39.8,0.039,0.302,124.0,,3.0
2023-01-31T18:00,29.3,33,0.0,11.3,958.7,30,16.3,96,37.1,0.039,0.302,32.0,,2.73
2023-01-31T19:00,29.1,34,0.0,11.4,959.5,65,16.2,107,34.8,0.039,0.302,0.0,,2.67
2023-01-31T20:00,28.1,39,0.0,12.9,960.4,45,17.8,111,33.0,0.039,0.302,0.0,,2.31
2023-01-31T21:00,27.2,43,0.0,13.6,960.8,13,14.4,86,31.4,0.039,0.302,0.0,,2.05
2023-01-31T22:00,26.4,46,0.0,13.7,961.0,3,13.4,63,30.1,0.039,0.302,0.0,,1.87
2023-01-31T23:00,25.3,50,0.0,14.1,960.5,49,13.8,49,28.9,0.039,0.302,0.0,,1.62
2023-02-01T00:00,24.5,53,0.0,14.2,960.0,85,13.1,53,27.8,0.039,0.302,0.0,,1.46
2023-02-01T01:00,23.8,55,0.0,14.3,959.2,74,11.8,59,26.8,0.039,0.302,0.0,,1.32
2023-02-01T02:00,23.3,57,0.0,14.3,958.7,38,10.5,74,26.0,0.039,0.302,0.0,,1.24
2023-02-01T03:00,22.6,59,0.0,14.2,958.3,37,11.2,86,25.3,0.039,0.302,0.0,,1.13
2023-02-01T04:00,22.0,61,0.0,14.1,958.2,60,11.4,77,24.6,0.039,0.302,0.0,,1.04
2023-02-01T05:00,22.5,59,0.0,14.1,958.8,81,13.0,76,25.4,0.047,0.302,0.0,,1.11
2023-02-01T06:00,22.1,60,0.0,14.0,959.7,77,11.7,47,24.7,0.047,0.302,0.0,,1.06
2023-02-01T07:00,22.1,60,0.0,14.1,961.2,83,9.3,36,24.3,0.047,0.302,9.0,,1.05
2023-02-01T08:00,23.3,56,0.0,14.1,962.1,76,9.4,40,24.9,0.047,0.302,131.0,,1.25
2023-02-01T09:00,25.0,51,0.0,14.1,963.2,96,12.3,52,26.6,0.046,0.302,308.0,,1.56
2023-02-01T10:00,27.5,43,0.0,13.9,963.2,99,17.2,74,29.3,0.046,0.302,530.0,,2.08
2023-02-01T11:00,29.2,37,0.0,13.1,962.4,69,16.5,80,32.1,0.045,0.302,670.0,,2.53
2023-02-01T12:00,30.1,34,0.0,12.5,961.3,36,14.0,72,34.5,0.044,0.302,667.0,,2.81
2023-02-01T13:00,30.9,32,0.0,12.1,960.1,32,13.8,62,36.8,0.044,0.302,719.0,,3.06
2023-02-01T14:00,31.0,31,0.0,11.7,959.2,37,13.0,48,38.1,0.043,0.302,616.0,,3.11
2023-02-01T15:00,31.3,29,0.0,11.1,958.6,23,10.7,33,38.6,0.042,0.302,496.0,,3.24
2023-02-01T16:00,31.4,28,0.0,10.5,958.5,50,14.8,18,38.2,0.042,0.302,360.0,,3.32
2023-02-01T17:00,29.6,32,0.0,11.0,959.0,57,13.6,58,36.2,0.044,0.304,138.0,,2.83
2023-02-01T18:00,28.9,33,0.0,11.0,959.5,74,15.3,60,34.2,0.044,0.304,32.0,,2.66
2023-02-01T19:00,28.6,33,0.0,10.9,960.5,54,16.6,63,32.5,0.044,0.304,0.0,,2.6
2023-02-01T20:00,27.7,37,0.0,11.5,961.2,54,19.2,52,31.1,0.044,0.304,0.0,,2.35
2023-02-01T21:00,26.8,39,0.0,11.6,961.4,5,17.8,58,29.9,0.044,0.304,0.0,,2.15
2023-02-01T22:00,25.4,43,0.0,11.9,961.3,1,13.5,56,28.7,0.044,0.304,0.0,,1.85
2023-02-01T23:00,24.3,46,0.0,12.1,960.9,1,13.7,60,27.5,0.043,0.304,0.0,,1.62
2023-02-02T00:00,23.4,49,0.0,12.2,960.4,11,14.2,66,26.5,0.043,0.304,0.0,,1.46
2023-02-02T01:00,22.8,51,0.0,12.1,960.0,3,14.4,68,25.6,0.043,0.304,0.0,,1.36
2023-02-02T02:00,22.1,53,0.0,12.2,959.6,0,14.5,63,24.8,0.043,0.304,0.0,,1.24
2023-02-02T03:00,21.5,56,0.0,12.3,959.3,2,13.9,69,24.1,0.043,0.304,0.0,,1.13
2023-02-02T04:00,21.0,58,0.0,12.3,959.3,97,13.3,71,23.4,0.043,0.304,0.0,,1.05
2023-02-02T05:00,20.9,61,0.0,13.0,959.5,90,13.2,68,23.5,0.043,0.304,0.0,,0.97
2023-02-02T06:00,20.8,61,0.0,12.9,960.3,47,12.4,68,23.0,0.043,0.304,0.0,,0.97
2023-02-02T07:00,21.0,60,0.0,12.9,961.3,100,12.0,69,22.6,0.043,0.304,11.0,,1.0
2023-02-02T08:00,22.8,53,0.0,12.9,962.5,4,12.3,75,23.4,0.043,0.304,100.0,,1.29
2023-02-02T09:00,25.6,45,0.0,12.7,963.6,9,16.2,77,25.5,0.043,0.304,354.0,,1.81
2023-02-02T10:00,28.2,34,0.0,10.9,963.8,4,20.9,79,28.4,0.043,0.304,569.0,,2.51
2023-02-02T11:00,29.8,28,0.0,9.2,963.1,0,18.9,81,31.6,0.042,0.304,723.0,,3.03
2023-02-02T12:00,31.0,23,0.0,7.2,961.8,14,16.9,74,34.7,0.042,0.304,813.0,,3.48
2023-02-02T13:00,31.8,21,0.0,6.6,960.4,3,16.1,63,37.4,0.041,0.304,830.0,,3.73
2023-02-02T14:00,32.2,20,0.0,6.3,959.4,0,16.8,62,39.1,0.041,0.304,770.0,,3.84
2023-02-02T15:00,32.2,20,0.0,6.2,958.5,0,17.2,61,39.7,0.041,0.304,638.0,,3.85
2023-02-02T16:00,31.8,20,0.0,6.1,958.4,0,18.9,59,39.1,0.04,0.304,449.0,,3.76
2023-02-02T17:00,30.7,23,0.0,7.3,958.7,0,18.8,61,37.4,0.04,0.304,229.0,,3.38
2023-02-02T18:00,29.5,25,0.0,7.4,959.2,0,18.1,55,35.0,0.04,0.304,41.0,,3.08
2023-02-02T19:00,28.4,27,0.0,7.5,960.2,2,19.4,50,32.9,0.04,0.304,0.0,,2.83
2023-02-02T20:00,27.3,28,0.0,7.1,960.9,3,19.0,57,31.2,0.04,0.304,0.0,,2.62
2023-02-02T21:00,26.2,29,0.0,6.8,961.6,0,18.9,66,29.7,0.04,0.304,0.0,,2.41
2023-02-02T22:00,25.0,31,0.0,6.6,961.8,0,16.9,70,28.3,0.04,0.304,0.0,,2.19
2023-02-02T23:00,24.0,32,0.0,6.4,961.6,0,16.3,76,27.1,0.04,0.304,0.0,,2.03
2023-02-03T00:00,23.1,33,0.0,6.1,960.9,0,17.3,73,26.1,0.04,0.304,0.0,,1.89
2023-02-03T01:00,22.3,34,0.0,5.9,960.3,0,19.8,63,25.1,0.04,0.304,0.0,,1.77
2023-02-03T02:00,21.8,34,0.0,5.1,960.0,0,19.1,74,24.3,0.04,0.304,0.0,,1.73
2023-02-03T03:00,21.4,32,0.0,4.2,959.7,0,19.1,70,23.6,0.04,0.304,0.0,,1.72
2023-02-03T04:00,20.9,32,0.0,3.7,959.5,0,18.1,69,22.9,0.04,0.304,0.0,,1.68
2023-02-03T05:00,20.5,35,0.0,4.7,960.3,0,16.7,71,22.5,0.04,0.304,0.0,,1.56
2023-02-03T06:00,20.1,35,0.0,4.3,960.8,0,15.3,81,21.9,0.04,0.304,0.0,,1.53
2023-02-03T07:00,20.3,34,0.0,4.0,961.6,31,15.6,75,21.5,0.04,0.304,12.0,,1.56
2023-02-03T08:00,22.6,30,0.0,3.9,962.7,77,11.3,81,22.4,0.04,0.304,158.0,,1.93
2023-02-03T09:00,26.0,24,0.0,3.6,963.7,100,14.9,82,24.8,0.04,0.304,377.0,,2.56
2023-02-03T10:00,28.8,20,0.0,3.8,963.9,98,17.7,84,28.0,0.04,0.304,580.0,,3.16
2023-02-03T11:00,29.8,21,0.0,5.0,963.0,98,11.8,78,31.7,0.04,0.304,741.0,,3.31
2023-02-03T12:00,30.6,19,0.0,4.5,962.0,98,11.0,58,35.3,0.04,0.304,829.0,,3.55
2023-02-03T13:00,31.2,18,0.0,4.1,961.0,80,10.7,45,38.2,0.039,0.304,843.0,,3.73
2023-02-03T14:00,31.7,17,0.0,3.6,959.7,3,8.9,40,40.2,0.039,0.304,781.0,,3.87
2023-02-03T15:00,32.0,17,0.0,3.5,959.1,0,8.2,41,41.1,0.039,0.304,649.0,,3.96
2023-02-03T16:00,31.9,17,0.0,3.7,958.9,0,7.6,45,40.7,0.039,0.304,457.0,,3.92
2023-02-03T17:00,31.4,18,0.0,4.3,959.1,0,3.7,61,39.2,0.039,0.304,234.0,,3.76
2023-02-03T18:00,30.2,27,0.0,9.2,959.4,0,2.2,90,36.5,0.039,0.304,43.0,,3.13
2023-02-03T19:00,29.0,26,0.0,7.3,960.2,0,3.8,17,33.9,0.039,0.304,0.0,,2.98
2023-02-03T20:00,28.1,23,0.0,5.2,961.2,0,15.2,31,31.9,0.039,0.304,0.0,,2.92
2023-02-03T21:00,26.5,25,0.0,5.0,961.7,0,15.1,57,30.3,0.039,0.304,0.0,,2.58
2023-02-03T22:00,25.1,28,0.0,5.4,962.0,0,13.0,92,28.7,0.039,0.304,0.0,,2.28
2023-02-03T23:00,24.1,29,0.0,5.0,961.4,0,15.1,57,27.4,0.039,0.304,0.0,,2.13
2023-02-04T00:00,23.0,29,0.0,4.3,960.8,0,14.8,49,26.2,0.039,0.304,0.0,,1.98
2023-02-04T01:00,22.1,30,0.0,3.7,960.1,0,12.0,49,25.2,0.039,0.304,0.0,,1.86
2023-02-04T02:00,21.4,31,0.0,3.6,959.4,0,10.3,61,24.2,0.039,0.304,0.0,,1.75
2023-02-04T03:00,20.6,33,0.0,3.8,958.6,0,10.2,80,23.3,0.039,0.304,0.0,,1.62
2023-02-04T04:00,20.2,35,0.0,4.2,958.5,0,11.0,71,22.6,0.039,0.304,0.0,,1.54
2023-02-04T05:00,19.3,40,0.0,5.5,959.0,0,9.7,59,22.0,0.039,0.304,0.0,,1.34
2023-02-04T06:00,19.0,42,0.0,5.6,959.6,0,10.5,63,21.4,0.04,0.304,0.0,,1.28
2023-02-04T07:00,19.1,42,0.0,5.9,960.3,0,10.3,78,21.0,0.04,0.304,12.0,,1.28
2023-02-04T08:00,21.5,37,0.0,6.3,961.4,0,7.7,79,22.0,0.04,0.304,159.0,,1.61
2023-02-04T09:00,24.7,31,0.0,6.6,962.3,0,7.6,90,24.6,0.04,0.304,381.0,,2.13
2023-02-04T10:00,28.1,25,0.0,6.0,962.6,0,10.5,98,28.3,0.04,0.304,586.0,,2.86
2023-02-04T11:00,29.8,22,0.0,5.9,961.7,0,9.8,107,32.2,0.039,0.304,742.0,,3.27
2023-02-04T12:00,30.8,21,0.0,5.9,960.6,0,6.5,96,36.0,0.039,0.304,832.0,,3.51
2023-02-04T13:00,31.7,20,0.0,5.8,959.4,0,5.0,69,39.4,0.039,0.303,847.0,,3.74
2023-02-04T14:00,32.2,19,0.0,5.6,958.3,0,4.3,42,41.7,0.039,0.303,784.0,,3.9
2023-02-04T15:00,32.5,18,0.0,5.3,957.8,0,5.2,16,42.7,0.039,0.303,651.0,,4.0
2023-02-04T16:00,32.5,18,0.0,4.8,957.7,1,7.6,8,42.1,0.039,0.303,460.0,,4.02
2023-02-04T17:00,31.4,18,0.0,4.5,958.3,0,9.1,18,40.4,0.039,0.303,237.0,,3.76
2023-02-04T18:00,30.6,19,0.0,4.2,958.6,0,9.3,36,37.5,0.039,0.303,45.0,,3.57
2023-02-04T19:00,29.8,19,0.0,4.0,959.2,0,10.9,34,34.9,0.039,0.303,0.0,,3.37
2023-02-04T20:00,28.4,19,0.0,2.8,959.8,0,14.3,25,32.7,0.039,0.303,0.0,,3.11
2023-02-04T21:00,27.3,19,0.0,1.8,960.2,0,12.0,41,30.8,0.039,0.303,0.0,,2.92
2023-02-04T22:00,25.4,26,0.0,4.2,960.8,0,14.3,72,29.3,0.039,0.303,0.0,,2.41
2023-02-04T23:00,24.2,29,0.0,5.0,960.6,0,13.7,45,27.8,0.039,0.303,0.0,,2.14
2023-02-05T00:00,23.1,30,0.0,4.8,959.9,0,15.6,50,26.6,0.039,0.303,0.0,,1.96
2023-02-05T01:00,22.4,33,0.0,5.2,959.2,0,14.2,54,25.5,0.039,0.303,0.0,,1.82
2023-02-05T02:00,21.9,35,0.0,5.8,958.5,0,12.6,59,24.6,0.039,0.303,0.0,,1.7
2023-02-05T03:00,21.3,37,0.0,5.9,958.0,0,12.3,69,23.8,0.039,0.303,0.0,,1.6
2023-02-05T04:00,20.8,37,0.0,5.7,957.7,0,12.9,72,23.0,0.039,0.303,0.0,,1.54
2023-02-05T05:00,19.7,42,0.0,6.3,957.9,0,11.5,90,22.5,0.039,0.303,0.0,,1.34
2023-02-05T06:00,19.5,41,0.0,6.0,958.4,0,12.7,97,21.8,0.039,0.303,0.0,,1.32
2023-02-05T07:00,19.6,41,0.0,5.9,959.1,0,12.2,90,21.4,0.039,0.303,13.0,,1.35
2023-02-05T08:00,21.8,36,0.0,6.2,960.4,0,9.5,115,22.4,0.039,0.303,162.0,,1.66
2023-02-05T09:00,24.6,32,0.0,6.6,961.4,8,10.7,132,24.8,0.039,0.303,386.0,,2.12
2023-02-05T10:00,27.6,27,0.0,6.7,961.8,38,10.8,127,28.3,0.039,0.303,592.0,,2.7
2023-02-05T11:00,29.7,25,0.0,7.4,961.2,63,11.2,132,32.2,0.039,0.303,747.0,,3.13
2023-02-05T12:00,30.9,23,0.0,7.1,960.3,68,6.2,144,36.0,0.039,0.303,835.0,,3.45
2023-02-05T13:00,31.6,21,0.0,6.7,959.2,47,1.3,214,39.6,0.039,0.303,849.0,,3.65
2023-02-05T14:00,32.2,20,0.0,6.3,958.1,0,3.2,297,42.0,0.039,0.303,786.0,,3.84
2023-02-05T15:00,32.6,19,0.0,6.0,957.7,0,4.6,309,43.0,0.039,0.303,653.0,,3.97
2023-02-05T16:00,32.6,18,0.0,5.5,957.6,11,5.5,337,42.6,0.039,0.303,462.0,,4.0
2023-02-05T17:00,31.9,21,0.0,7.2,957.9,0,1.3,304,41.0,0.039,0.303,239.0,,3.7
2023-02-05T18:00,31.2,31,0.0,12.2,958.3,0,1.6,297,38.2,0.039,0.303,45.0,,3.12
2023-02-05T19:00,29.9,28,0.0,9.4,958.9,0,1.3,304,35.5,0.039,0.303,0.0,,3.03
2023-02-05T20:00,27.9,31,0.0,9.4,959.4,0,3.9,292,33.2,0.039,0.303,0.0,,2.58
2023-02-05T21:00,27.3,29,0.0,7.5,959.7,0,8.1,283,31.2,0.039,0.303,0.0,,2.58
2023-02-05T22:00,27.3,29,0.0,7.5,959.9,0,3.2,27,29.5,0.039,0.303,0.0,,2.59
2023-02-05T23:00,25.1,33,0.0,7.5,959.4,0,11.8,102,28.1,0.039,0.303,0.0,,2.15
2023-02-06T00:00,23.7,38,0.0,8.5,959.2,0,11.2,86,26.9,0.039,0.303,0.0,,1.82
2023-02-06T01:00,23.2,39,0.0,8.3,958.6,0,14.1,71,25.9,0.039,0.303,0.0,,1.74
2023-02-06T02:00,22.5,41,0.0,8.5,958.1,0,12.9,72,25.1,0.039,0.303,0.0,,1.62
2023-02-06T03:00,20.9,47,0.0,9.2,957.9,0,5.8,94,24.2,0.039,0.303,0.0,,1.31
2023-02-06T04:00,20.8,43,0.0,7.6,957.7,0,8.6,88,23.3,0.039,0.303,0.0,,1.41
2023-02-06T05:00,20.4,45,0.0,8.2,958.0,0,12.6,93,23.3,0.039,0.303,0.0,,1.31
2023-02-06T06:00,20.2,43,0.0,7.3,958.5,0,11.2,111,22.6,0.039,0.303,0.0,,1.34
2023-02-06T07:00,20.1,43,0.0,7.0,959.6,0,9.9,134,22.1,0.039,0.303,13.0,,1.35
2023-02-06T08:00,21.9,39,0.0,7.3,960.8,0,4.0,153,23.1,0.039,0.303,162.0,,1.61
2023-02-06T09:00,24.5,35,0.0,8.1,961.9,0,7.6,149,25.7,0.039,0.303,384.0,,1.99
2023-02-06T10:00,27.3,34,0.0,9.9,962.1,0,11.4,152,29.0,0.039,0.303,589.0,,2.41
2023-02-06T11:00,29.5,31,0.0,10.4,961.7,28,10.0,167,32.8,0.039,0.303,744.0,,2.86
2023-02-06T12:00,31.0,27,0.0,9.8,960.8,79,7.9,196,36.5,0.039,0.303,831.0,,3.27
2023-02-06T13:00,31.8,25,0.0,9.1,959.6,84,7.4,223,39.7,0.039,0.303,844.0,,3.55
2023-02-06T14:00,32.5,23,0.0,8.4,958.2,83,6.9,223,41.9,0.039,0.303,783.0,,3.77
2023-02-06T15:00,32.8,22,0.0,8.1,957.3,91,5.1,231,42.9,0.039,0.303,652.0,,3.88
2023-02-06T16:00,32.8,21,0.0,7.8,957.4,5,4.8,297,42.6,0.039,0.303,462.0,,3.9
2023-02-06T17:00,32.2,24,0.0,9.1,957.8,6,7.1,294,40.9,0.039,0.303,239.0,,3.65
2023-02-06T18:00,31.4,25,0.0,9.0,958.3,0,11.0,308,38.2,0.039,0.303,46.0,,3.44
2023-02-06T19:00,30.3,26,0.0,8.5,958.6,4,13.2,299,35.7,0.039,0.303,0.0,,3.21
2023-02-06T20:00,29.4,27,0.0,8.6,959.0,0,11.0,302,33.7,0.039,0.303,0.0,,2.99
2023-02-06T21:00,28.2,30,0.0,9.1,959.2,31,9.3,332,31.9,0.039,0.303,0.0,,2.67
2023-02-06T22:00,28.4,31,0.0,9.6,959.0,19,4.1,322,30.3,0.039,0.303,0.0,,2.67
2023-02-06T23:00,28.5,30,0.0,9.1,958.7,9,4.3,5,28.8,0.039,0.303,0.0,,2.72
2023-02-07T00:00,25.2,37,0.0,9.5,958.0,4,9.7,94,27.6,0.039,0.303,0.0,,2.02
2023-02-07T01:00,23.9,47,0.0,12.0,957.9,15,9.3,152,26.6,0.039,0.303,0.0,,1.57
2023-02-07T02:00,23.2,45,0.0,10.7,957.6,17,8.0,278,25.7,0.039,0.303,0.0,,1.55
2023-02-07T03:00,21.8,52,0.0,11.6,956.8,51,5.4,356,24.8,0.039,0.303,0.0,,1.24
2023-02-07T04:00,21.2,50,0.0,10.5,956.8,96,7.6,289,24.0,0.039,0.303,0.0,,1.25
2023-02-07T05:00,20.9,49,0.0,9.7,957.5,94,9.7,321,24.2,0.039,0.303,0.0,,1.26
2023-02-07T06:00,20.1,52,0.0,10.0,958.3,90,6.7,344,23.4,0.039,0.303,0.0,,1.12
2023-02-07T07:00,20.2,53,0.0,10.5,958.9,57,5.9,349,22.8,0.039,0.303,13.0,,1.1
2023-02-07T08:00,22.2,49,0.0,10.9,960.0,31,4.9,36,23.8,0.039,0.303,160.0,,1.36
2023-02-07T09:00,25.3,40,0.0,10.6,961.4,23,9.7,88,26.2,0.039,0.303,380.0,,1.95
2023-02-07T10:00,27.6,36,0.0,11.3,961.8,31,9.3,103,29.6,0.039,0.303,584.0,,2.35
2023-02-07T11:00,29.8,31,0.0,11.0,961.2,72,9.1,146,33.5,0.039,0.303,739.0,,2.89
2023-02-07T12:00,31.5,26,0.0,9.9,960.1,100,10.9,186,37.1,0.039,0.303,828.0,,3.4
2023-02-07T13:00,32.4,25,0.0,9.6,959.0,98,10.2,203,39.9,0.039,0.303,840.0,,3.66
2023-02-07T14:00,32.9,23,0.0,9.3,957.9,100,7.8,214,42.0,0.039,0.303,775.0,,3.82
2023-02-07T15:00,33.1,23,0.0,8.9,957.1,100,6.4,232,43.0,0.039,0.303,644.0,,3.91
2023-02-07T16:00,33.0,22,0.0,8.5,957.1,100,6.6,257,42.6,0.039,0.303,456.0,,3.92
2023-02-07T17:00,32.3,24,0.0,9.3,957.3,100,4.0,260,40.9,0.039,0.303,235.0,,3.66
2023-02-07T18:00,31.6,25,0.0,9.3,957.8,100,5.1,274,38.3,0.039,0.303,46.0,,3.48
2023-02-07T19:00,30.2,28,0.0,9.5,958.2,100,7.5,287,35.8,0.039,0.303,0.0,,3.11
2023-02-07T20:00,28.9,30,0.0,9.6,958.6,100,6.8,295,33.7,0.039,0.303,0.0,,2.79
2023-02-07T21:00,27.8,32,0.0,9.8,958.9,100,7.3,303,31.8,0.039,0.303,0.0,,2.52
2023-02-07T22:00,26.9,34,0.0,9.9,958.9,100,7.4,299,30.3,0.039,0.303,0.0,,2.32
2023-02-07T23:00,26.0,38,0.0,10.7,958.7,100,4.7,337,28.9,0.039,0.303,0.0,,2.08
2023-02-08T00:00,24.7,39,0.0,9.7,958.7,100,9.3,54,27.7,0.039,0.303,0.0,,1.91
2023-02-08T01:00,24.1,41,0.0,10.0,958.2,95,11.0,38,26.7,0.039,0.303,0.0,,1.77
2023-02-08T02:00,23.2,47,0.0,11.1,957.5,100,11.2,48,25.8,0.039,0.303,0.0,,1.51
2023-02-08T03:00,22.4,50,0.0,11.4,957.1,100,11.8,59,25.0,0.039,0.303,0.0,,1.36
2023-02-08T04:00,22.0,51,0.0,11.3,957.1,97,10.5,86,24.3,0.039,0.302,0.0,,1.3
2023-02-08T05:00,21.4,54,0.0,11.7,958.5,66,9.7,68,24.6,0.039,0.303,0.0,,1.17
2023-02-08T06:00,21.1,55,0.0,11.8,959.5,14,7.7,62,23.9,0.039,0.302,0.0,,1.12
2023-02-08T07:00,21.4,54,0.0,11.8,960.4,6,6.2,80,23.4,0.039,0.302,13.0,,1.16
2023-02-08T08:00,23.2,48,0.0,11.6,961.5,60,6.4,74,24.4,0.039,0.302,161.0,,1.48
2023-02-08T09:00,25.6,41,0.0,11.4,962.4,3,8.3,85,26.8,0.039,0.302,381.0,,1.93
2023-02-08T10:00,28.4,34,0.0,10.9,962.7,13,10.1,84,30.2,0.039,0.302,587.0,,2.56
2023-02-08T11:00,30.4,31,0.0,11.3,962.1,39,8.6,88,34.0,0.039,0.302,744.0,,2.99
2023-02-08T12:00,31.5,29,0.0,11.3,961.0,61,6.0,65,37.8,0.039,0.302,834.0,,3.28
2023-02-08T13:00,32.5,27,0.0,10.8,959.8,75,5.6,40,41.1,0.039,0.302,848.0,,3.58
2023-02-08T14:00,33.2,24,0.0,10.2,958.6,100,6.8,32,43.2,0.039,0.302,785.0,,3.85
2023-02-08T15:00,33.6,23,0.0,9.8,958.0,99,6.8,32,44.0,0.039,0.302,650.0,,3.98
2023-02-08T16:00,33.8,22,0.0,9.1,957.6,98,5.7,18,43.6,0.038,0.302,460.0,,4.11
2023-02-08T17:00,33.6,22,0.0,8.8,958.1,81,6.4,38,41.9,0.038,0.302,240.0,,4.05
2023-02-08T18:00,32.8,22,0.0,8.4,958.6,11,7.7,49,39.2,0.039,0.302,47.0,,3.87
2023-02-08T19:00,31.6,24,0.0,8.5,959.2,4,10.4,46,36.7,0.039,0.302,0.0,,3.54
2023-02-08T20:00,30.4,25,0.0,8.5,960.1,6,14.8,45,34.6,0.039,0.302,0.0,,3.24
2023-02-08T21:00,28.6,28,0.0,8.3,960.5,27,15.3,47,32.8,0.039,0.302,0.0,,2.82
2023-02-08T22:00,27.3,31,0.0,8.7,960.5,42,14.5,46,31.1,0.039,0.302,0.0,,2.5
2023-02-08T23:00,26.2,34,0.0,9.0,960.1,4,14.8,47,29.7,0.039,0.302,0.0,,2.26
2023-02-09T00:00,24.8,37,0.0,9.1,959.5,0,9.2,79,28.4,0.039,0.302,0.0,,1.97
2023-02-09T01:00,23.4,42,0.0,9.6,959.0,1,6.7,126,27.1,0.039,0.302,0.0,,1.68
2023-02-09T02:00,23.0,44,0.0,9.9,958.5,22,4.5,104,26.0,0.039,0.302,0.0,,1.58
2023-02-09T03:00,21.6,48,0.0,10.2,958.0,1,6.4,74,24.9,0.039,0.302,0.0,,1.34
2023-02-09T04:00,20.8,52,0.0,10.5,958.0,0,6.3,66,24.0,0.039,0.302,0.0,,1.19
2023-02-09T05:00,20.0,50,0.0,9.2,958.7,10,7.6,45,23.7,0.039,0.302,0.0,,1.17
2023-02-09T06:00,20.2,50,0.0,9.3,959.4,4,10.1,27,22.9,0.039,0.302,0.0,,1.19
2023-02-09T07:00,20.1,51,0.0,9.8,960.5,8,5.9,101,22.4,0.039,0.302,14.0,,1.15
2023-02-09T08:00,22.2,46,0.0,10.0,961.6,0,3.7,101,23.5,0.039,0.302,167.0,,1.44
2023-02-09T09:00,25.1,40,0.0,10.5,962.4,7,4.7,113,26.2,0.039,0.302,393.0,,1.91
2023-02-09T10:00,28.2,34,0.0,10.8,963.1,18,6.7,126,30.0,0.039,0.302,600.0,,2.52
2023-02-09T11:00,30.4,29,0.0,10.2,962.4,9,8.3,124,34.0,0.039,0.302,756.0,,3.08
2023-02-09T12:00,31.7,25,0.0,9.0,961.4,32,4.8,117,37.9,0.039,0.302,847.0,,3.53
2023-02-09T13:00,32.8,21,0.0,7.6,960.0,100,3.2,63,41.3,0.039,0.302,862.0,,3.92
2023-02-09T14:00,33.6,19,0.0,6.4,959.0,96,4.3,42,43.6,0.039,0.302,797.0,,4.23
2023-02-09T15:00,33.9,18,0.0,6.0,958.5,98,6.3,24,44.5,0.038,0.302,662.0,,4.35
2023-02-09T16:00,33.8,18,0.0,6.0,958.3,98,8.0,8,43.9,0.038,0.302,471.0,,4.31
2023-02-09T17:00,32.9,22,0.0,8.1,959.1,70,6.4,27,42.0,0.038,0.302,244.0,,3.92
2023-02-09T18:00,32.3,22,0.0,8.0,959.8,26,5.4,360,39.2,0.038,0.302,49.0,,3.75
2023-02-09T19:00,31.5,24,0.0,8.4,960.2,18,8.9,310,36.6,0.039,0.302,0.0,,3.51
2023-02-09T20:00,30.3,25,0.0,8.3,961.0,0,11.0,308,34.5,0.039,0.302,0.0,,3.22
2023-02-09T21:00,28.9,29,0.0,9.3,961.2,0,12.2,298,32.7,0.039,0.302,0.0,,2.81
2023-02-09T22:00,27.7,33,0.0,9.9,961.4,0,11.5,340,31.1,0.039,0.302,0.0,,2.48
2023-02-09T23:00,26.6,31,0.0,8.3,961.3,0,11.2,33,29.7,0.039,0.302,0.0,,2.39
2023-02-10T00:00,25.3,31,0.0,6.7,960.9,0,13.5,65,28.5,0.039,0.302,0.0,,2.23
2023-02-10T01:00,24.2,33,0.0,6.7,960.1,0,13.5,48,27.4,0.039,0.302,0.0,,2.03
2023-02-10T02:00,23.2,35,0.0,7.0,959.7,0,12.2,47,26.3,0.039,0.302,0.0,,1.85
2023-02-10T03:00,22.5,37,0.0,7.2,959.2,1,9.9,57,25.4,0.039,0.302,0.0,,1.7
2023-02-10T04:00,21.2,42,0.0,7.9,959.2,5,6.9,84,24.5,0.039,0.302,0.0,,1.45
2023-02-10T05:00,19.9,48,0.0,8.5,960.1,13,6.8,108,24.0,0.039,0.302,0.0,,1.21
2023-02-10T06:00,20.0,47,0.0,8.2,961.2,85,8.2,113,23.2,0.039,0.302,0.0,,1.25
2023-02-10T07:00,20.3,45,0.0,8.1,961.7,100,9.0,88,22.6,0.039,0.302,15.0,,1.31
2023-02-10T08:00,23.1,38,0.0,7.9,963.0,100,6.2,97,23.6,0.039,0.302,169.0,,1.76
2023-02-10T09:00,25.9,32,0.0,8.2,964.1,100,2.6,56,26.4,0.039,0.302,390.0,,2.26
2023-02-10T10:00,28.4,30,0.0,9.3,964.5,61,2.1,121,30.4,0.039,0.302,601.0,,2.69
2023-02-10T11:00,30.4,27,0.0,9.3,964.1,36,2.3,162,34.7,0.039,0.302,760.0,,3.17
2023-02-10T12:00,32.0,22,0.0,7.5,962.9,81,1.8,360,38.9,0.039,0.302,851.0,,3.7
2023-02-10T13:00,33.3,18,0.0,5.8,961.6,93,6.5,3,42.1,0.039,0.302,867.0,,4.18
2023-02-10T14:00,34.2,15,0.0,3.9,960.5,84,10.0,13,43.9,0.038,0.302,803.0,,4.56
2023-02-10T15:00,34.3,15,0.0,3.5,959.8,85,10.5,8,44.4,0.038,0.302,670.0,,4.61
2023-02-10T16:00,34.0,15,0.0,3.3,959.3,93,7.8,338,43.8,0.038,0.302,477.0,,4.55
2023-02-10T17:00,33.3,17,0.0,4.5,959.3,63,7.9,317,41.9,0.038,0.302,251.0,,4.26
2023-02-10T18:00,32.4,17,0.0,4.0,959.5,0,12.3,267,39.1,0.038,0.302,51.0,,4.04
2023-02-10T19:00,31.7,17,0.0,3.8,959.8,0,12.8,280,36.5,0.038,0.302,0.0,,3.86
2023-02-10T20:00,29.9,20,0.0,4.5,960.5,0,8.4,320,34.3,0.039,0.302,0.0,,3.37
2023-02-10T21:00,28.7,22,0.0,4.6,961.2,0,11.9,358,32.4,0.039,0.302,0.0,,3.08
2023-02-10T22:00,27.3,21,0.0,3.0,961.5,0,12.6,13,30.7,0.039,0.302,0.0,,2.86
2023-02-10T23:00,25.5,22,0.0,2.5,961.3,0,10.4,34,29.2,0.039,0.302,0.0,,2.53
2023-02-11T00:00,24.1,24,0.0,2.0,961.3,0,9.3,106,27.8,0.039,0.302,0.0,,2.29
2023-02-11T01:00,23.6,24,0.0,2.1,960.4,0,11.0,41,26.5,0.039,0.302,0.0,,2.2
2023-02-11T02:00,22.8,27,0.0,2.8,959.7,0,10.0,60,25.5,0.039,0.302,0.0,,2.03
2023-02-11T03:00,21.9,29,0.0,3.0,959.4,0,10.8,92,24.6,0.039,0.302,0.0,,1.86
2023-02-11T04:00,21.1,31,0.0,3.2,959.3,0,11.5,94,23.8,0.039,0.302,0.0,,1.73
2023-02-11T05:00,20.2,37,0.0,4.9,959.9,0,9.5,99,22.9,0.039,0.302,0.0,,1.5
2023-02-11T06:00,19.9,38,0.0,5.1,960.7,0,10.2,113,22.3,0.039,0.302,0.0,,1.44
2023-02-11T07:00,20.0,38,0.0,5.4,961.6,22,9.7,117,21.9,0.039,0.302,15.0,,1.44
2023-02-11T08:00,22.8,33,0.0,5.8,963.3,31,7.2,333,23.1,0.039,0.302,171.0,,1.84
2023-02-11T09:00,25.6,29,0.0,6.3,964.5,92,6.5,341,25.8,0.039,0.302,398.0,,2.33
2023-02-11T10:00,28.4,28,0.0,8.1,964.8,89,4.5,331,29.7,0.039,0.302,606.0,,2.78
2023-02-11T11:00,30.4,25,0.0,8.4,964.3,89,1.9,292,34.2,0.039,0.302,765.0,,3.24
2023-02-11T12:00,31.9,21,0.0,6.7,963.1,2,1.5,284,38.4,0.039,0.302,856.0,,3.75
2023-02-11T13:00,33.1,18,0.0,5.5,961.9,19,2.8,320,41.9,0.039,0.302,872.0,,4.14
2023-02-11T14:00,34.0,16,0.0,4.8,960.7,28,6.3,329,44.1,0.038,0.302,809.0,,4.46
2023-02-11T15:00,34.5,15,0.0,3.7,960.0,3,9.4,342,44.7,0.038,0.302,674.0,,4.67
2023-02-11T16:00,34.5,14,0.0,2.8,959.7,0,11.0,349,44.0,0.038,0.302,481.0,,4.71
2023-02-11T17:00,33.9,14,0.0,2.3,959.9,0,10.5,354,42.2,0.038,0.302,254.0,,4.57
2023-02-11T18:00,32.6,15,0.0,2.8,960.0,0,10.7,346,39.3,0.038,0.302,53.0,,4.17
2023-02-11T19:00,31.5,17,0.0,3.3,960.6,0,10.7,340,36.6,0.038,0.301,0.0,,3.83
2023-02-11T20:00,30.0,19,0.0,3.9,961.2,0,7.9,300,34.3,0.038,0.301,0.0,,3.43
2023-02-11T21:00,28.2,22,0.0,4.5,961.7,0,7.2,333,32.3,0.039,0.301,0.0,,2.98
2023-02-11T22:00,27.1,23,0.0,3.9,962.3,0,9.7,51,30.6,0.039,0.301,0.0,,2.78
2023-02-11T23:00,25.6,25,0.0,4.4,961.9,0,9.2,45,29.0,0.039,0.301,0.0,,2.45
2023-02-12T00:00,24.1,29,0.0,5.1,961.4,0,7.5,73,27.7,0.039,0.301,0.0,,2.13
2023-02-12T01:00,23.1,30,0.0,4.5,960.9,0,8.8,109,26.4,0.039,0.301,0.0,,1.99
2023-02-12T02:00,22.2,31,0.0,4.2,960.1,0,8.3,85,25.3,0.039,0.301,0.0,,1.85
2023-02-12T03:00,21.6,31,0.0,3.8,959.6,0,9.5,79,24.4,0.039,0.301,0.0,,1.78
2023-02-12T04:00,21.0,32,0.0,3.9,959.7,9,11.5,58,23.6,0.039,0.301,0.0,,1.68
2023-02-12T05:00,20.7,38,0.0,5.9,960.7,85,12.0,49,23.5,0.039,0.301,0.0,,1.51
2023-02-12T06:00,19.9,42,0.0,6.5,961.8,24,9.8,8,22.7,0.039,0.301,0.0,,1.36
2023-02-12T07:00,20.1,42,0.0,6.9,962.9,0,6.8,25,22.2,0.039,0.301,16.0,,1.36
2023-02-12T08:00,22.8,35,0.0,6.7,963.9,0,5.7,55,23.3,0.039,0.301,175.0,,1.79
2023-02-12T09:00,25.3,30,0.0,6.4,964.8,0,7.6,71,26.0,0.039,0.301,404.0,,2.26
2023-02-12T10:00,28.2,25,0.0,6.4,964.8,0,7.3,79,29.7,0.039,0.301,615.0,,2.86
2023-02-12T11:00,31.2,20,0.0,5.5,964.0,0,8.7,83,33.9,0.039,0.301,775.0,,3.63
2023-02-12T12:00,33.0,16,0.0,4.1,963.0,0,7.2,87,37.8,0.039,0.301,867.0,,4.2
2023-02-12T13:00,34.0,14,0.0,3.2,961.9,0,6.6,68,41.2,0.039,0.301,882.0,,4.54
2023-02-12T14:00,34.7,14,0.0,2.8,960.9,0,8.3,56,43.4,0.038,0.301,817.0,,4.77
2023-02-12T15:00,35.0,13,0.0,2.7,960.3,0,9.2,45,44.3,0.038,0.301,680.0,,4.88
2023-02-12T16:00,35.1,13,0.0,2.6,960.1,0,8.2,38,43.8,0.038,0.301,484.0,,4.92
2023-02-12T17:00,34.5,14,0.0,3.3,960.3,0,14.8,41,41.8,0.038,0.301,255.0,,4.7
2023-02-12T18:00,33.0,16,0.0,3.9,961.0,0,17.6,43,39.1,0.038,0.301,53.0,,4.22
2023-02-12T19:00,31.1,19,0.0,4.8,961.8,0,23.9,37,36.6,0.038,0.301,0.0,,3.66
2023-02-12T20:00,29.6,21,0.0,5.1,962.6,0,23.0,40,34.5,0.039,0.301,0.0,,3.26
2023-02-12T21:00,28.5,23,0.0,5.6,962.9,0,22.7,42,32.6,0.039,0.301,0.0,,2.97
2023-02-12T22:00,27.4,26,0.0,6.0,962.9,0,21.6,46,31.1,0.039,0.301,0.0,,2.7
2023-02-12T23:00,26.4,28,0.0,6.4,962.7,0,21.8,51,29.7,0.039,0.301,0.0,,2.47
2023-02-13T00:00,25.3,32,0.0,7.2,962.2,0,20.0,52,28.6,0.039,0.301,0.0,,2.2
2023-02-13T01:00,24.4,34,0.0,7.5,961.7,0,19.2,52,27.5,0.039,0.301,0.0,,2.01
2023-02-13T02:00,23.7,35,0.0,7.4,961.2,0,16.9,50,26.5,0.039,0.301,0.0,,1.9
2023-02-13T03:00,22.9,36,0.0,7.1,960.7,0,13.2,43,25.6,0.039,0.301,0.0,,1.78
2023-02-13T04:00,21.7,39,0.0,7.1,960.8,0,10.7,40,24.7,0.039,0.301,0.0,,1.58
2023-02-13T05:00,20.8,42,0.0,7.4,961.4,0,10.8,37,24.3,0.039,0.301,0.0,,1.42
2023-02-13T06:00,20.0,45,0.0,7.6,962.2,0,8.7,45,23.3,0.039,0.301,0.0,,1.3
2023-02-13T07:00,20.3,44,0.0,7.7,963.2,0,7.0,55,22.6,0.039,0.301,17.0,,1.33
2023-02-13T08:00,22.4,38,0.0,7.5,964.6,0,6.8,58,23.6,0.039,0.301,178.0,,1.67
2023-02-13T09:00,24.9,32,0.0,7.3,965.4,0,8.6,68,26.2,0.039,0.301,409.0,,2.12
2023-02-13T10:00,27.9,25,0.0,6.0,965.7,0,11.8,67,29.7,0.039,0.301,623.0,,2.82
2023-02-13T11:00,30.4,19,0.0,3.9,964.9,0,13.1,69,33.4,0.039,0.301,786.0,,3.52
2023-02-13T12:00,32.0,14,0.0,1.6,963.6,0,12.1,63,37.0,0.039,0.301,879.0,,4.07
2023-02-13T13:00,33.1,12,0.0,0.2,962.4,0,11.6,54,40.0,0.039,0.301,893.0,,4.43
2023-02-13T14:00,33.8,11,0.0,-0.5,961.1,0,11.8,50,42.0,0.039,0.301,830.0,,4.67
2023-02-13T15:00,34.3,10,0.0,-1.2,960.3,0,12.5,51,42.9,0.038,0.301,692.0,,4.83
2023-02-13T16:00,34.2,10,0.0,-1.6,960.1,0,13.8,51,42.4,0.038,0.301,496.0,,4.83
2023-02-13T17:00,33.1,11,0.0,-1.0,960.5,0,14.9,58,40.4,0.038,0.301,264.0,,4.48
2023-02-13T18:00,31.5,13,0.0,0.0,960.8,0,13.2,64,37.7,0.038,0.301,56.0,,4.01
2023-02-13T19:00,30.2,16,0.0,1.4,961.5,0,15.9,72,35.2,0.039,0.301,0.0,,3.6
2023-02-13T20:00,28.6,18,0.0,2.3,962.5,0,16.4,61,33.1,0.039,0.301,0.0,,3.2
2023-02-13T21:00,27.0,21,0.0,2.8,963.0,0,17.8,58,31.3,0.039,0.301,0.0,,2.81
2023-02-13T22:00,25.7,24,0.0,3.3,962.9,0,17.4,66,29.7,0.039,0.301,0.0,,2.52
2023-02-13T23:00,24.5,26,0.0,3.6,962.5,0,16.2,69,28.3,0.039,0.301,0.0,,2.27
2023-02-14T00:00,23.6,27,0.0,3.5,961.8,0,15.5,72,27.0,0.039,0.301,0.0,,2.12
2023-02-14T01:00,22.8,28,0.0,3.3,961.4,0,14.7,73,25.9,0.039,0.301,0.0,,1.99
2023-02-14T02:00,21.9,30,0.0,3.3,960.7,0,13.7,72,24.8,0.039,0.301,0.0,,1.85
2023-02-14T03:00,20.9,32,0.0,3.4,960.3,0,12.0,74,23.9,0.039,0.301,0.0,,1.68
2023-02-14T04:00,20.0,34,0.0,3.7,960.4,0,10.6,72,23.0,0.039,0.301,0.0,,1.54
2023-02-14T05:00,18.1,39,0.0,3.9,961.1,0,8.0,36,22.2,0.039,0.301,0.0,,1.27
2023-02-14T06:00,18.0,40,0.0,4.2,962.0,0,8.4,43,21.3,0.039,0.301,0.0,,1.24
2023-02-14T07:00,18.8,38,0.0,4.2,963.2,0,8.3,56,20.7,0.039,0.301,17.0,,1.34
2023-02-14T08:00,21.2,33,0.0,4.1,964.7,0,5.8,68,21.9,0.039,0.301,183.0,,1.7
2023-02-14T09:00,24.6,27,0.0,4.2,965.6,0,7.2,72,24.8,0.039,0.301,416.0,,2.26
2023-02-14T10:00,28.1,21,0.0,3.4,965.5,0,11.3,73,28.6,0.039,0.301,629.0,,3.01
2023-02-14T11:00,30.2,15,0.0,0.7,964.7,0,11.3,73,32.6,0.039,0.301,792.0,,3.64
2023-02-14T12:00,31.6,12,0.0,-1.7,963.4,0,9.6,56,36.5,0.039,0.301,886.0,,4.1
2023-02-14T13:00,32.6,10,0.0,-3.0,962.3,0,9.2,39,39.7,0.039,0.301,902.0,,4.43
2023-02-14T14:00,33.3,9,0.0,-3.5,960.8,0,9.3,36,41.9,0.039,0.301,838.0,,4.64
2023-02-14T15:00,33.8,9,0.0,-3.7,959.8,0,9.5,29,42.9,0.038,0.301,700.0,,4.8
2023-02-14T16:00,34.0,9,0.0,-3.9,959.5,0,10.3,25,42.4,0.038,0.301,502.0,,4.86
2023-02-14T17:00,33.3,9,0.0,-3.2,959.6,0,8.9,40,40.6,0.038,0.301,268.0,,4.62
2023-02-14T18:00,31.7,11,0.0,-2.6,959.9,0,9.9,57,37.8,0.038,0.301,58.0,,4.16
2023-02-14T19:00,30.0,12,0.0,-2.4,960.3,0,14.4,58,35.2,0.039,0.301,0.0,,3.73
2023-02-14T20:00,28.5,14,0.0,-1.6,961.1,0,16.1,50,32.9,0.039,0.301,0.0,,3.35
2023-02-14T21:00,27.0,17,0.0,-0.5,961.2,0,16.7,53,31.1,0.039,0.301,0.0,,2.98
2023-02-14T22:00,25.6,19,0.0,0.2,961.5,0,16.9,52,29.4,0.039,0.301,0.0,,2.66
2023-02-14T23:00,24.4,21,0.0,0.8,961.0,0,16.4,52,28.0,0.039,0.301,0.0,,2.41
2023-02-15T00:00,23.4,23,0.0,1.3,960.5,0,14.0,55,26.7,0.039,0.301,0.0,,2.2
2023-02-15T01:00,22.0,27,0.0,1.9,959.9,0,9.4,67,25.5,0.039,0.301,0.0,,1.94
2023-02-15T02:00,20.8,31,0.0,3.1,959.1,0,5.4,94,24.2,0.039,0.301,0.0,,1.69
2023-02-15T03:00,20.3,32,0.0,3.2,958.8,8,4.9,73,23.1,0.039,0.301,0.0,,1.61
2023-02-15T04:00,18.9,37,0.0,3.9,958.7,27,6.6,41,22.0,0.039,0.301,0.0,,1.38
2023-02-15T05:00,19.3,38,0.0,4.8,959.3,0,4.2,20,21.1,0.039,0.301,0.0,,1.38
2023-02-15T06:00,17.8,44,0.0,5.4,960.2,0,5.8,7,20.3,0.039,0.301,0.0,,1.14
2023-02-15T07:00,17.9,46,0.0,6.1,960.8,0,4.6,18,19.8,0.039,0.301,18.0,,1.11
2023-02-15T08:00,20.8,36,0.0,5.1,962.0,0,2.1,31,21.2,0.039,0.301,185.0,,1.58
2023-02-15T09:00,24.4,29,0.0,5.1,963.3,0,1.1,72,24.4,0.039,0.301,419.0,,2.17
2023-02-15T10:00,28.2,22,0.0,4.7,963.4,0,2.9,83,28.8,0.039,0.301,632.0,,2.96
2023-02-15T11:00,31.2,15,0.0,1.7,963.0,0,7.3,79,33.3,0.039,0.301,793.0,,3.84
2023-02-15T12:00,33.0,12,0.0,-0.7,962.0,0,9.5,65,37.3,0.039,0.301,884.0,,4.43
2023-02-15T13:00,34.1,10,0.0,-1.4,960.8,0,12.2,56,40.4,0.039,0.301,898.0,,4.8
2023-02-15T14:00,34.8,10,0.0,-1.5,959.6,0,12.8,52,42.4,0.039,0.301,833.0,,5.01
2023-02-15T15:00,35.4,9,0.0,-1.9,958.7,0,13.6,53,43.2,0.038,0.301,695.0,,5.2
2023-02-15T16:00,35.2,9,0.0,-1.9,958.4,0,17.7,52,42.6,0.038,0.301,499.0,,5.15
2023-02-15T17:00,34.3,10,0.0,-2.1,958.7,0,17.2,61,40.7,0.038,0.301,267.0,,4.88
2023-02-15T18:00,32.6,11,0.0,-1.5,959.0,0,16.2,58,38.0,0.038,0.301,58.0,,4.36
2023-02-15T19:00,31.2,13,0.0,-0.7,959.6,0,17.9,56,35.5,0.038,0.301,0.0,,3.95
2023-02-15T20:00,29.5,15,0.0,0.1,960.3,0,17.6,49,33.4,0.039,0.301,0.0,,3.51
2023-02-15T21:00,27.7,17,0.0,0.7,960.7,0,17.7,51,31.6,0.039,0.301,0.0,,3.07
2023-02-15T22:00,26.4,20,0.0,1.5,960.8,0,16.7,57,30.0,0.039,0.301,0.0,,2.76
2023-02-15T23:00,25.2,23,0.0,2.3,960.5,0,15.3,63,28.5,0.039,0.3,0.0,,2.48
2023-02-16T00:00,24.3,25,0.0,2.8,959.8,0,15.0,66,27.2,0.039,0.3,0.0,,2.28
2023-02-16T01:00,23.5,26,0.0,3.2,959.3,0,13.9,65,26.1,0.039,0.3,0.0,,2.13
2023-02-16T02:00,22.7,28,0.0,3.5,958.5,0,13.8,57,25.1,0.039,0.3,0.0,,1.98
2023-02-16T03:00,21.9,31,0.0,3.8,958.3,0,15.0,46,24.2,0.039,0.3,0.0,,1.82
2023-02-16T04:00,21.5,31,0.0,3.7,958.2,0,15.3,51,23.5,0.039,0.3,0.0,,1.77
2023-02-16T05:00,20.2,38,0.0,5.4,958.9,0,13.0,56,22.5,0.039,0.3,0.0,,1.46
2023-02-16T06:00,19.9,38,0.0,5.3,959.6,0,11.3,63,21.8,0.039,0.3,0.0,,1.43
2023-02-16T07:00,19.9,39,0.0,5.7,960.7,0,6.9,99,21.4,0.039,0.3,19.0,,1.4
2023-02-16T08:00,22.8,33,0.0,5.5,962.1,0,4.6,162,22.6,0.039,0.3,186.0,,1.87
2023-02-16T09:00,25.9,27,0.0,5.6,963.3,0,4.7,180,25.6,0.039,0.3,420.0,,2.44
2023-02-16T10:00,29.4,22,0.0,5.5,963.7,0,2.4,117,29.9,0.039,0.3,633.0,,3.19
2023-02-16T11:00,32.6,14,0.0,1.9,963.0,0,10.6,66,34.3,0.039,0.3,794.0,,4.21
2023-02-16T12:00,34.2,12,0.0,0.3,962.2,0,18.8,61,37.8,0.039,0.3,885.0,,4.76
2023-02-16T13:00,35.1,10,0.0,-0.7,961.1,0,18.2,60,40.4,0.039,0.3,901.0,,5.06
2023-02-16T14:00,35.5,10,0.0,-0.9,960.0,0,20.7,59,42.1,0.039,0.3,837.0,,5.21
2023-02-16T15:00,35.3,11,0.0,0.2,959.1,0,19.0,57,42.6,0.038,0.3,699.0,,5.1
2023-02-16T16:00,35.2,10,0.0,-0.5,958.9,0,17.6,59,42.1,0.038,0.3,500.0,,5.09
2023-02-16T17:00,34.4,10,0.0,-1.2,959.0,0,20.9,61,40.5,0.038,0.3,268.0,,4.88
2023-02-16T18:00,32.3,13,0.0,0.5,959.7,0,22.4,60,37.9,0.038,0.3,59.0,,4.2
2023-02-16T19:00,31.1,14,0.0,0.7,960.4,0,16.5,74,35.5,0.038,0.3,0.0,,3.87
2023-02-16T20:00,29.3,16,0.0,1.1,961.1,0,13.5,61,33.4,0.039,0.3,0.0,,3.4
2023-02-16T21:00,27.9,19,0.0,2.5,961.4,0,14.7,62,31.5,0.039,0.3,0.0,,3.03
2023-02-16T22:00,26.5,22,0.0,3.1,961.5,0,11.9,61,29.9,0.039,0.3,0.0,,2.69
2023-02-16T23:00,25.0,25,0.0,3.7,961.3,0,11.5,51,28.5,0.039,0.3,0.0,,2.37
2023-02-17T00:00,24.0,28,0.0,4.4,960.5,0,11.4,55,27.2,0.039,0.3,0.0,,2.15
2023-02-17T01:00,22.9,31,0.0,4.8,960.1,0,11.1,36,26.0,0.039,0.3,0.0,,1.92
2023-02-17T02:00,22.0,32,0.0,4.7,959.5,0,11.9,29,25.0,0.039,0.3,0.0,,1.79
2023-02-17T03:00,21.4,31,0.0,3.8,959.1,0,12.9,30,24.1,0.039,0.3,0.0,,1.75
2023-02-17T04:00,21.2,30,0.0,2.9,958.9,0,13.2,35,23.3,0.039,0.3,0.0,,1.77
2023-02-17T05:00,21.1,31,0.0,3.4,959.3,0,15.1,38,23.1,0.039,0.3,0.0,,1.73
2023-02-17T06:00,21.2,33,0.0,4.2,960.2,0,16.1,40,22.6,0.039,0.3,0.0,,1.69
2023-02-17T07:00,21.5,34,0.0,4.9,961.3,0,15.1,38,22.3,0.039,0.3,19.0,,1.69
2023-02-17T08:00,24.5,29,0.0,5.4,962.7,0,12.5,39,23.5,0.039,0.3,185.0,,2.18
2023-02-17T09:00,28.4,23,0.0,5.2,963.6,0,19.1,49,26.2,0.039,0.3,417.0,,2.98
2023-02-17T10:00,31.1,18,0.0,4.0,963.9,0,23.4,56,29.6,0.039,0.3,630.0,,3.69
2023-02-17T11:00,32.5,16,0.0,3.2,963.4,0,20.1,57,33.2,0.039,0.3,790.0,,4.12
2023-02-17T12:00,33.7,14,0.0,2.7,962.3,0,17.9,56,36.7,0.039,0.3,882.0,,4.48
2023-02-17T13:00,34.5,13,0.0,2.5,961.1,0,17.5,53,39.6,0.039,0.3,896.0,,4.72
2023-02-17T14:00,35.0,13,0.0,2.0,959.8,0,17.1,49,41.5,0.039,0.3,831.0,,4.9
2023-02-17T15:00,35.3,11,0.0,0.6,959.1,0,17.1,46,42.4,0.038,0.3,694.0,,5.08
2023-02-17T16:00,35.3,10,0.0,-0.6,959.0,0,18.3,45,42.0,0.038,0.3,499.0,,5.11
2023-02-17T17:00,34.3,11,0.0,-0.6,959.2,0,18.4,51,40.4,0.038,0.3,269.0,,4.81
2023-02-17T18:00,32.5,13,0.0,0.4,959.8,0,14.8,51,37.8,0.038,0.3,60.0,,4.26
2023-02-17T19:00,30.8,15,0.0,0.9,960.5,0,14.5,44,35.3,0.039,0.3,0.0,,3.79
2023-02-17T20:00,29.4,17,0.0,1.6,961.0,0,17.2,37,33.3,0.039,0.3,0.0,,3.42
2023-02-17T21:00,28.3,20,0.0,3.2,961.3,0,17.9,40,31.5,0.039,0.3,0.0,,3.07
2023-02-17T22:00,27.2,23,0.0,4.1,961.2,0,12.7,47,30.0,0.039,0.3,0.0,,2.78
2023-02-17T23:00,25.0,27,0.0,4.7,960.6,0,9.4,18,28.5,0.039,0.3,0.0,,2.31
2023-02-18T00:00,23.8,29,0.0,4.9,960.2,0,9.8,28,27.2,0.039,0.3,0.0,,2.08
2023-02-18T01:00,22.8,32,0.0,5.4,959.8,0,11.2,48,26.0,0.039,0.3,0.0,,1.87
2023-02-18T02:00,22.0,35,0.0,5.9,959.3,22,11.6,36,25.0,0.039,0.3,0.0,,1.72
2023-02-18T03:00,22.2,32,0.0,4.9,959.0,26,15.1,40,24.1,0.039,0.3,0.0,,1.81
2023-02-18T04:00,22.0,32,0.0,4.6,958.8,13,17.1,41,23.5,0.039,0.3,0.0,,1.8
2023-02-18T05:00,20.7,35,0.0,4.5,959.0,0,14.8,47,23.4,0.039,0.3,0.0,,1.6
2023-02-18T06:00,20.9,35,0.0,4.9,959.9,0,16.0,44,22.8,0.039,0.3,0.0,,1.61
2023-02-18T07:00,21.1,36,0.0,5.4,961.2,0,14.5,46,22.4,0.039,0.3,20.0,,1.6
2023-02-18T08:00,23.7,31,0.0,5.8,962.4,0,11.5,49,23.5,0.039,0.3,189.0,,2.01
2023-02-18T09:00,26.9,26,0.0,6.0,963.4,0,13.2,55,26.2,0.039,0.3,424.0,,2.61
2023-02-18T10:00,30.0,22,0.0,5.7,963.8,0,12.7,61,29.8,0.039,0.3,636.0,,3.33
2023-02-18T11:00,32.0,16,0.0,3.3,963.1,0,12.2,56,33.9,0.039,0.3,796.0,,3.98
2023-02-18T12:00,33.2,14,0.0,2.1,961.9,0,12.5,41,37.6,0.039,0.3,887.0,,4.36
2023-02-18T13:00,33.9,13,0.0,1.7,960.6,0,12.3,40,40.6,0.039,0.3,903.0,,4.6
2023-02-18T14:00,34.5,13,0.0,2.1,959.5,0,9.2,45,42.8,0.039,0.3,840.0,,4.74
2023-02-18T15:00,35.0,12,0.0,1.8,958.7,0,7.7,49,43.9,0.038,0.3,700.0,,4.91
2023-02-18T16:00,35.3,11,0.0,0.9,958.4,0,10.5,41,43.6,0.038,0.3,502.0,,5.05
2023-02-18T17:00,34.7,12,0.0,1.1,958.8,0,12.2,34,42.0,0.038,0.3,270.0,,4.85
2023-02-18T18:00,33.2,14,0.0,1.7,959.2,0,14.3,39,39.2,0.038,0.3,60.0,,4.4
2023-02-18T19:00,31.6,16,0.0,2.9,960.0,0,16.5,46,36.6,0.038,0.3,0.0,,3.9
2023-02-18T20:00,30.2,19,0.0,4.2,960.7,0,19.1,41,34.4,0.038,0.3,0.0,,3.46
2023-02-18T21:00,28.5,23,0.0,5.6,961.4,0,19.7,40,32.5,0.039,0.3,0.0,,2.98
2023-02-18T22:00,27.3,27,0.0,6.5,961.4,0,19.2,38,30.9,0.039,0.3,0.0,,2.66
2023-02-18T23:00,26.2,30,0.0,7.2,961.0,0,16.1,51,29.5,0.039,0.3,0.0,,2.38
2023-02-19T00:00,25.0,33,0.0,7.5,960.3,0,11.6,74,28.2,0.039,0.3,0.0,,2.13
2023-02-19T01:00,23.2,37,0.0,7.8,959.8,0,8.5,78,26.8,0.039,0.3,0.0,,1.79
2023-02-19T02:00,22.4,40,0.0,8.1,959.4,0,9.8,66,25.6,0.039,0.3,0.0,,1.63
2023-02-19T03:00,21.7,42,0.0,8.3,959.0,0,9.2,64,24.6,0.039,0.3,0.0,,1.5
2023-02-19T04:00,20.6,47,0.0,8.8,959.0,0,7.5,55,23.7,0.039,0.3,0.0,,1.3
2023-02-19T05:00,19.6,51,0.0,9.3,959.7,0,8.9,76,23.0,0.039,0.3,0.0,,1.11
2023-02-19T06:00,19.4,52,0.0,9.4,960.6,0,9.7,75,22.3,0.039,0.3,0.0,,1.08
2023-02-19T07:00,19.9,51,0.0,9.5,961.7,0,10.3,65,21.9,0.039,0.3,21.0,,1.14
2023-02-19T08:00,22.6,43,0.0,9.4,963.1,0,9.1,83,23.1,0.039,0.3,190.0,,1.56
2023-02-19T09:00,25.8,35,0.0,9.2,964.1,0,11.2,88,25.8,0.039,0.3,423.0,,2.16
2023-02-19T10:00,28.4,32,0.0,10.0,964.3,0,9.0,106,29.6,0.039,0.3,634.0,,2.65
2023-02-19T11:00,30.6,25,0.0,8.0,963.6,0,10.8,86,33.8,0.039,0.3,794.0,,3.31
2023-02-19T12:00,32.0,22,0.0,7.7,962.2,0,12.5,78,37.4,0.039,0.3,884.0,,3.69
2023-02-19T13:00,33.3,19,0.0,6.6,961.0,0,13.4,76,40.4,0.039,0.3,897.0,,4.14
2023-02-19T14:00,34.1,17,0.0,5.8,959.7,0,14.2,69,42.3,0.039,0.3,833.0,,4.43
2023-02-19T15:00,34.5,17,0.0,5.8,959.2,0,13.4,66,43.1,0.038,0.3,696.0,,4.55
2023-02-19T16:00,34.5,16,0.0,5.1,958.8,0,12.7,61,42.7,0.038,0.3,500.0,,4.59
2023-02-19T17:00,34.3,18,0.0,6.5,958.9,0,10.5,59,41.3,0.038,0.3,269.0,,4.44
2023-02-19T18:00,33.1,19,0.0,6.1,959.2,0,12.3,50,38.8,0.038,0.3,60.0,,4.11
2023-02-19T19:00,31.7,21,0.0,6.6,959.8,0,15.4,53,36.4,0.038,0.3,0.0,,3.69
2023-02-19T20:00,30.8,23,0.0,7.0,960.3,0,12.9,77,34.3,0.039,0.3,0.0,,3.44
2023-02-19T21:00,29.0,26,0.0,7.6,960.8,0,12.3,95,32.5,0.039,0.3,0.0,,2.95
2023-02-19T22:00,27.2,29,0.0,7.7,961.2,0,11.9,85,30.9,0.039,0.3,0.0,,2.55
2023-02-19T23:00,26.0,31,0.0,7.4,960.9,0,10.0,77,29.5,0.039,0.3,0.0,,2.34
2023-02-20T00:00,25.1,33,0.0,7.6,960.4,0,11.3,73,28.2,0.039,0.3,0.0,,2.13
2023-02-20T01:00,24.3,35,0.0,8.0,959.7,0,13.0,85,27.1,0.039,0.3,0.0,,1.97
2023-02-20T02:00,23.7,37,0.0,8.1,959.2,0,12.6,87,26.2,0.039,0.3,0.0,,1.84
2023-02-20T03:00,23.3,39,0.0,8.7,958.9,0,12.4,80,25.4,0.039,0.3,0.0,,1.73
2023-02-20T04:00,22.3,43,0.0,9.1,959.0,0,9.6,103,24.7,0.039,0.3,0.0,,1.53
2023-02-20T05:00,21.0,47,0.0,9.3,959.9,0,9.3,106,22.8,0.039,0.3,0.0,,1.31
2023-02-20T06:00,20.1,51,0.0,9.7,960.6,0,9.8,107,22.3,0.039,0.3,0.0,,1.15
2023-02-20T07:00,20.8,50,0.0,10.1,961.7,0,10.0,116,22.0,0.039,0.3,21.0,,1.22
2023-02-20T08:00,23.7,43,0.0,10.5,962.9,0,8.9,122,23.4,0.039,0.3,188.0,,1.65
2023-02-20T09:00,26.7,38,0.0,11.3,963.9,0,11.5,139,26.3,0.039,0.3,418.0,,2.16
2023-02-20T10:00,29.1,33,0.0,11.4,964.2,0,12.4,158,30.0,0.039,0.3,628.0,,2.68
2023-02-20T11:00,30.8,28,0.0,10.1,963.6,0,9.0,157,34.0,0.039,0.3,788.0,,3.2
2023-02-20T12:00,31.7,26,0.0,9.7,962.4,0,5.6,153,38.1,0.039,0.299,881.0,,3.48
2023-02-20T13:00,32.6,23,0.0,8.8,961.4,0,3.3,139,41.7,0.039,0.299,896.0,,3.79
2023-02-20T14:00,33.3,22,0.0,8.5,960.4,0,1.8,90,44.2,0.038,0.299,833.0,,4.01
2023-02-20T15:00,33.8,20,0.0,8.0,959.8,0,3.4,58,45.4,0.038,0.299,695.0,,4.19
2023-02-20T16:00,33.9,20,0.0,7.7,959.4,0,4.7,58,44.9,0.038,0.299,499.0,,4.23
2023-02-20T17:00,33.5,21,0.0,8.0,959.3,0,1.3,124,43.2,0.038,0.299,269.0,,4.09
2023-02-20T18:00,33.2,21,0.0,7.8,959.4,0,4.6,219,40.4,0.038,0.299,61.0,,4.03
2023-02-20T19:00,32.0,23,0.0,8.2,959.9,0,8.6,255,37.6,0.038,0.299,0.0,,3.65
2023-02-20T20:00,30.2,27,0.0,9.3,960.4,0,6.2,306,35.3,0.038,0.299,0.0,,3.12
2023-02-20T21:00,30.1,27,0.0,9.2,961.1,0,0.5,45,33.3,0.038,0.299,0.0,,3.11
2023-02-20T22:00,28.0,30,0.0,8.8,961.0,0,8.3,108,31.5,0.039,0.299,0.0,,2.64
2023-02-20T23:00,26.4,31,0.0,7.8,960.7,0,7.3,99,30.1,0.039,0.299,0.0,,2.38
2023-02-21T00:00,25.4,32,0.0,7.5,960.3,0,10.4,90,28.7,0.039,0.299,0.0,,2.2
2023-02-21T01:00,24.3,35,0.0,7.8,959.7,0,9.1,108,27.6,0.039,0.299,0.0,,1.97
2023-02-21T02:00,23.2,39,0.0,8.4,959.5,0,8.1,103,26.5,0.039,0.299,0.0,,1.74
2023-02-21T03:00,22.5,40,0.0,8.1,959.1,0,8.6,105,25.6,0.039,0.299,0.0,,1.64
2023-02-21T04:00,21.6,41,0.0,7.9,959.0,0,7.7,118,24.7,0.039,0.299,0.0,,1.51
2023-02-21T05:00,21.0,44,0.0,8.3,959.8,0,8.0,108,25.0,0.039,0.299,0.0,,1.39
2023-02-21T06:00,20.8,45,0.0,8.4,960.5,0,7.0,125,24.1,0.039,0.299,0.0,,1.35
2023-02-21T07:00,21.5,43,0.0,8.5,961.6,0,8.4,149,23.6,0.039,0.299,22.0,,1.45
2023-02-21T08:00,24.4,38,0.0,9.2,962.9,0,6.1,177,24.8,0.039,0.299,192.0,,1.89
2023-02-21T09:00,27.2,34,0.0,10.1,964.1,0,10.2,170,27.6,0.039,0.299,424.0,,2.37
2023-02-21T10:00,29.6,29,0.0,9.9,964.3,0,8.7,187,31.3,0.039,0.299,636.0,,2.93
2023-02-21T11:00,31.6,26,0.0,9.6,963.6,0,6.8,198,35.4,0.039,0.299,796.0,,3.44
2023-02-21T12:00,32.9,21,0.0,7.7,962.7,0,2.8,230,39.6,0.039,0.299,888.0,,3.95
2023-02-21T13:00,33.9,19,0.0,6.9,961.4,0,0.8,297,43.2,0.038,0.299,903.0,,4.28
2023-02-21T14:00,34.8,17,0.0,5.9,960.4,0,1.8,323,45.7,0.038,0.299,839.0,,4.62
2023-02-21T15:00,35.3,16,0.0,5.3,959.7,0,4.7,328,46.7,0.038,0.299,702.0,,4.83
2023-02-21T16:00,35.6,15,0.0,4.9,959.5,0,8.2,337,46.0,0.038,0.299,505.0,,4.93
2023-02-21T17:00,35.0,16,0.0,5.8,959.6,0,6.9,351,43.9,0.038,0.299,272.0,,4.69
2023-02-21T18:00,34.1,17,0.0,5.8,959.8,0,6.2,350,41.0,0.038,0.299,62.0,,4.41
2023-02-21T19:00,32.9,19,0.0,6.1,960.1,0,10.0,334,38.2,0.038,0.299,0.0,,4.05
2023-02-21T20:00,31.9,20,0.0,6.3,960.4,0,11.5,328,35.9,0.038,0.299,0.0,,3.76
2023-02-21T21:00,30.9,22,0.0,6.7,960.5,0,9.2,329,34.0,0.038,0.299,0.0,,3.48
2023-02-21T22:00,29.2,25,0.0,7.1,960.6,0,8.7,17,32.3,0.038,0.299,0.0,,3.04
2023-02-21T23:00,27.9,26,0.0,6.8,960.6,0,12.3,69,30.9,0.039,0.299,0.0,,2.76
2023-02-22T00:00,26.5,26,0.0,5.2,960.1,0,11.6,83,29.6,0.039,0.299,0.0,,2.58
2023-02-22T01:00,25.3,27,0.0,4.9,959.4,0,11.5,76,28.4,0.039,0.299,0.0,,2.36
2023-02-22T02:00,24.4,29,0.0,5.3,959.0,0,10.1,90,27.3,0.039,0.299,0.0,,2.16
2023-02-22T03:00,23.4,31,0.0,5.4,958.8,0,9.0,95,26.3,0.039,0.299,0.0,,1.98
2023-02-22T04:00,22.9,32,0.0,5.4,958.5,0,11.0,101,25.5,0.039,0.299,0.0,,1.9
2023-02-22T05:00,22.1,36,0.0,6.5,959.1,0,9.4,97,24.4,0.039,0.299,0.0,,1.69
2023-02-22T06:00,21.8,37,0.0,6.6,959.7,1,12.7,115,23.7,0.039,0.299,0.0,,1.63
2023-02-22T07:00,21.6,39,0.0,7.0,961.8,0,11.5,328,23.4,0.039,0.299,22.0,,1.58
2023-02-22T08:00,24.2,33,0.0,6.9,962.6,0,4.6,129,24.7,0.039,0.299,191.0,,2.02
2023-02-22T09:00,27.0,30,0.0,8.0,963.2,0,8.2,105,27.5,0.039,0.299,424.0,,2.49
2023-02-22T10:00,29.2,27,0.0,8.5,963.4,0,5.5,122,31.4,0.039,0.299,636.0,,2.93
2023-02-22T11:00,31.2,25,0.0,8.7,962.7,0,5.7,145,35.7,0.039,0.299,796.0,,3.42
2023-02-22T12:00,32.9,22,0.0,8.2,961.9,5,4.7,157,39.8,0.039,0.299,888.0,,3.9
2023-02-22T13:00,33.9,18,0.0,6.6,960.9,12,1.8,143,43.3,0.038,0.299,903.0,,4.32
2023-02-22T14:00,34.6,17,0.0,5.9,959.7,63,0.8,63,45.8,0.038,0.299,838.0,,4.57
2023-02-22T15:00,35.0,16,0.0,5.3,959.0,99,1.5,14,46.9,0.038,0.299,702.0,,4.73
2023-02-22T16:00,35.1,15,0.0,4.8,958.6,98,3.0,14,46.4,0.038,0.299,497.0,,4.8
2023-02-22T17:00,34.7,16,0.0,5.6,958.9,89,7.7,53,44.3,0.038,0.299,256.0,,4.61
2023-02-22T18:00,33.9,18,0.0,6.0,959.2,37,5.1,45,41.4,0.038,0.299,57.0,,4.35
2023-02-22T19:00,32.5,20,0.0,6.9,959.4,0,5.4,312,38.5,0.038,0.299,0.0,,3.89
2023-02-22T20:00,31.6,21,0.0,6.5,959.8,0,7.7,311,36.2,0.038,0.299,0.0,,3.67
2023-02-22T21:00,31.1,21,0.0,6.2,959.9,0,11.6,355,34.2,0.038,0.299,0.0,,3.56
2023-02-22T22:00,29.4,21,0.0,4.9,960.3,0,17.9,34,32.6,0.038,0.299,0.0,,3.22
2023-02-22T23:00,27.6,21,0.0,3.6,960.3,0,16.2,58,31.2,0.038,0.299,0.0,,2.9
2023-02-23T00:00,26.7,23,0.0,3.6,960.1,0,16.2,69,29.9,0.039,0.299,0.0,,2.7
2023-02-23T01:00,25.7,24,0.0,3.8,959.2,0,16.1,56,28.8,0.039,0.299,0.0,,2.5
2023-02-23T02:00,25.0,26,0.0,4.0,958.4,0,15.5,59,27.7,0.039,0.299,0.0,,2.35
2023-02-23T03:00,23.7,28,0.0,3.9,958.6,0,14.8,93,26.8,0.039,0.299,0.0,,2.11
2023-02-23T04:00,23.6,28,0.0,4.0,958.3,0,13.4,70,26.0,0.039,0.299,0.0,,2.09
2023-02-23T05:00,23.2,32,0.0,5.6,958.9,0,15.8,111,25.3,0.039,0.299,0.0,,1.94
2023-02-23T06:00,22.4,35,0.0,6.1,959.8,0,14.2,117,24.7,0.039,0.299,0.0,,1.76
2023-02-23T07:00,22.5,36,0.0,6.9,961.0,0,14.8,119,24.3,0.039,0.299,23.0,,1.73
2023-02-23T08:00,24.7,34,0.0,7.8,962.2,0,4.6,135,25.5,0.039,0.299,195.0,,2.05
2023-02-23T09:00,26.9,32,0.0,8.7,963.0,0,3.2,180,28.4,0.039,0.299,426.0,,2.41
2023-02-23T10:00,29.4,29,0.0,9.7,963.2,0,6.6,171,32.3,0.039,0.299,637.0,,2.89
2023-02-23T11:00,31.8,25,0.0,9.6,962.6,0,8.7,175,36.3,0.039,0.299,796.0,,3.5
2023-02-23T12:00,33.4,20,0.0,7.5,961.4,0,6.3,167,40.1,0.039,0.299,887.0,,4.1
2023-02-23T13:00,34.2,18,0.0,6.1,960.2,0,2.5,135,43.5,0.038,0.299,902.0,,4.42
2023-02-23T14:00,34.8,16,0.0,5.4,959.1,0,1.8,79,46.0,0.038,0.299,839.0,,4.65
2023-02-23T15:00,35.1,16,0.0,5.1,958.4,0,2.2,9,47.1,0.038,0.299,702.0,,4.76
2023-02-23T16:00,35.2,15,0.0,4.8,958.1,0,4.0,360,46.6,0.038,0.299,505.0,,4.83
2023-02-23T17:00,34.9,14,0.0,3.7,958.7,0,9.2,51,44.5,0.038,0.299,273.0,,4.78
2023-02-23T18:00,34.1,15,0.0,3.5,958.8,0,9.7,59,41.5,0.038,0.299,64.0,,4.55
2023-02-23T19:00,32.8,17,0.0,4.5,959.1,0,6.6,61,38.6,0.038,0.299,0.0,,4.12
2023-02-23T20:00,32.6,18,0.0,5.0,959.6,0,3.1,36,36.2,0.038,0.299,0.0,,4.04
2023-02-23T21:00,30.0,21,0.0,5.5,959.9,0,8.1,69,34.1,0.038,0.299,0.0,,3.33
2023-02-23T22:00,28.9,22,0.0,5.2,960.3,0,13.8,70,32.5,0.038,0.299,0.0,,3.1
2023-02-23T23:00,28.0,20,0.0,2.8,960.0,0,13.7,63,31.1,0.038,0.299,0.0,,3.04
2023-02-24T00:00,26.8,19,0.0,1.3,959.5,0,15.1,57,29.8,0.039,0.299,0.0,,2.84
2023-02-24T01:00,25.8,22,0.0,2.2,958.9,0,14.3,78,28.7,0.039,0.299,0.0,,2.61
2023-02-24T02:00,24.8,24,0.0,3.0,958.6,0,12.4,82,27.7,0.039,0.299,0.0,,2.36
2023-02-24T03:00,24.1,26,0.0,3.4,958.4,0,12.4,98,26.8,0.039,0.299,0.0,,2.23
2023-02-24T04:00,23.3,28,0.0,3.6,958.5,0,11.2,94,26.0,0.039,0.299,0.0,,2.07
2023-02-24T05:00,22.4,32,0.0,5.0,959.5,0,12.6,117,25.8,0.039,0.299,0.0,,1.83
2023-02-24T06:00,22.2,36,0.0,6.6,960.5,0,12.3,130,25.0,0.039,0.299,0.0,,1.71
2023-02-24T07:00,22.6,39,0.0,7.9,961.8,0,9.0,127,24.6,0.039,0.299,24.0,,1.67
2023-02-24T08:00,24.8,36,0.0,8.7,963.0,0,6.9,137,25.7,0.039,0.299,197.0,,2.0
2023-02-24T09:00,27.6,32,0.0,9.4,964.0,0,11.0,157,28.4,0.039,0.299,429.0,,2.51
2023-02-24T10:00,30.1,28,0.0,9.7,964.2,0,11.5,166,32.0,0.039,0.299,641.0,,3.06
2023-02-24T11:00,32.2,24,0.0,8.8,963.5,0,9.9,161,35.9,0.039,0.299,802.0,,3.67
2023-02-24T12:00,33.5,19,0.0,6.6,962.5,0,5.9,137,39.9,0.039,0.299,894.0,,4.2
2023-02-24T13:00,34.4,17,0.0,5.5,961.3,0,4.3,95,43.4,0.038,0.299,909.0,,4.54
2023-02-24T14:00,35.2,15,0.0,4.5,960.3,0,4.6,72,45.8,0.038,0.299,844.0,,4.83
2023-02-24T15:00,35.6,14,0.0,3.6,959.6,0,5.1,51,46.8,0.038,0.299,705.0,,5.01
2023-02-24T16:00,35.6,13,0.0,3.1,959.3,0,7.4,47,46.3,0.038,0.299,507.0,,5.05
2023-02-24T17:00,34.7,14,0.0,3.8,960.0,0,6.4,43,44.1,0.038,0.298,276.0,,4.73
2023-02-24T18:00,33.9,15,0.0,3.8,960.5,0,5.5,23,41.2,0.038,0.298,65.0,,4.47
2023-02-24T19:00,32.8,16,0.0,4.1,960.8,0,8.4,329,38.4,0.038,0.298,0.0,,4.16
2023-02-24T20:00,31.4,18,0.0,4.0,961.4,0,8.9,346,36.1,0.038,0.298,0.0,,3.77
2023-02-24T21:00,30.0,19,0.0,4.0,962.0,0,8.8,71,34.0,0.038,0.298,0.0,,3.42
2023-02-24T22:00,28.5,23,0.0,5.1,962.5,0,8.7,95,32.3,0.038,0.298,0.0,,3.02
2023-02-24T23:00,27.6,21,0.0,3.4,962.3,0,12.8,40,30.8,0.038,0.298,0.0,,2.92
2023-02-25T00:00,26.8,20,0.0,1.7,961.8,0,13.2,55,29.6,0.039,0.298,0.0,,2.83
2023-02-25T01:00,25.9,23,0.0,2.9,961.3,0,13.2,68,28.5,0.039,0.298,0.0,,2.59
2023-02-25T02:00,24.8,25,0.0,3.6,960.7,0,11.7,72,27.5,0.039,0.298,0.0,,2.34
2023-02-25T03:00,24.0,27,0.0,3.8,960.6,0,11.1,103,26.6,0.039,0.298,0.0,,2.17
2023-02-25T04:00,23.4,28,0.0,3.8,960.6,0,10.4,110,25.8,0.039,0.298,0.0,,2.08
2023-02-25T05:00,22.2,35,0.0,6.0,961.4,0,9.1,99,26.0,0.039,0.298,0.0,,1.74
2023-02-25T06:00,22.2,34,0.0,5.6,962.5,0,11.0,122,25.1,0.039,0.298,0.0,,1.77
2023-02-25T07:00,22.9,33,0.0,5.9,963.4,0,12.8,122,24.7,0.039,0.298,25.0,,1.86
2023-02-25T08:00,25.5,30,0.0,6.8,964.5,0,12.8,128,25.8,0.039,0.298,198.0,,2.28
2023-02-25T09:00,28.5,29,0.0,8.6,965.0,0,15.8,145,28.4,0.039,0.298,430.0,,2.77
2023-02-25T10:00,31.2,25,0.0,9.0,965.4,0,16.4,161,31.8,0.039,0.298,641.0,,3.38
2023-02-25T11:00,32.9,21,0.0,7.9,964.9,0,14.0,157,35.6,0.039,0.298,800.0,,3.94
2023-02-25T12:00,33.9,18,0.0,6.0,963.7,0,7.1,135,39.5,0.039,0.298,891.0,,4.34
2023-02-25T13:00,34.5,16,0.0,5.5,962.5,0,4.3,85,43.0,0.038,0.298,905.0,,4.57
2023-02-25T14:00,35.1,15,0.0,4.9,961.5,0,4.6,51,45.5,0.038,0.298,839.0,,4.79
2023-02-25T15:00,35.4,15,0.0,4.6,960.6,0,6.2,36,46.5,0.038,0.298,701.0,,4.9
2023-02-25T16:00,35.3,15,0.0,4.3,960.4,0,7.1,41,46.0,0.038,0.298,505.0,,4.87
2023-02-25T17:00,34.8,14,0.0,3.6,960.6,0,3.7,61,44.0,0.038,0.298,274.0,,4.75
2023-02-25T18:00,34.1,20,0.0,7.8,961.0,0,2.2,171,41.2,0.038,0.298,65.0,,4.29
2023-02-25T19:00,33.6,16,0.0,3.9,961.6,0,1.4,270,38.4,0.038,0.298,0.0,,4.38
2023-02-25T20:00,31.1,20,0.0,5.6,962.4,0,4.3,24,36.0,0.038,0.298,0.0,,3.61
2023-02-25T21:00,29.8,20,0.0,4.1,963.0,0,7.9,133,33.9,0.038,0.298,0.0,,3.37
2023-02-25T22:00,28.9,19,0.0,2.7,963.6,0,13.5,81,32.2,0.038,0.298,0.0,,3.23
2023-02-25T23:00,27.8,18,0.0,1.6,963.3,0,17.4,56,30.8,0.038,0.298,0.0,,3.05
2023-02-26T00:00,26.9,19,0.0,1.5,962.8,0,15.2,59,29.7,0.039,0.298,0.0,,2.87
2023-02-26T01:00,25.5,21,0.0,1.9,961.9,0,13.5,65,28.5,0.039,0.298,0.0,,2.56
2023-02-26T02:00,24.8,21,0.0,1.2,961.4,0,16.3,82,27.5,0.039,0.298,0.0,,2.46
2023-02-26T03:00,24.1,21,0.0,0.6,961.2,0,15.3,99,26.7,0.039,0.298,0.0,,2.37
2023-02-26T04:00,23.2,23,0.0,0.7,961.5,0,12.7,105,25.8,0.039,0.298,0.0,,2.19
2023-02-26T05:00,22.1,28,0.0,2.8,962.3,0,12.7,135,24.2,0.039,0.298,0.0,,1.91
2023-02-26T06:00,21.7,31,0.0,3.9,963.0,0,12.8,130,23.6,0.039,0.298,0.0,,1.79
2023-02-26T07:00,22.3,31,0.0,4.5,963.7,0,12.5,134,23.4,0.039,0.298,26.0,,1.85
2023-02-26T08:00,25.0,28,0.0,5.1,965.0,0,7.5,125,24.8,0.039,0.298,201.0,,2.28
2023-02-26T09:00,27.8,25,0.0,6.1,966.1,0,9.4,137,27.7,0.039,0.298,434.0,,2.79
2023-02-26T10:00,30.6,24,0.0,7.4,966.2,0,12.3,159,31.5,0.039,0.298,645.0,,3.35
2023-02-26T11:00,32.6,19,0.0,6.2,965.4,0,12.3,159,35.4,0.039,0.298,805.0,,3.97
2023-02-26T12:00,33.8,15,0.0,4.0,964.3,0,7.7,131,39.4,0.039,0.298,897.0,,4.45
2023-02-26T13:00,34.5,14,0.0,3.4,963.2,0,5.4,86,42.9,0.038,0.298,911.0,,4.68
2023-02-26T14:00,35.1,13,0.0,2.8,962.2,0,6.5,56,45.2,0.038,0.298,846.0,,4.89
2023-02-26T15:00,35.4,13,0.0,2.4,961.5,0,7.9,51,46.1,0.038,0.298,708.0,,5.01
2023-02-26T16:00,35.2,13,0.0,2.4,961.3,0,7.1,49,45.6,0.038,0.298,510.0,,4.96
2023-02-26T17:00,34.2,15,0.0,3.7,961.8,0,3.3,139,43.8,0.038,0.298,277.0,,4.58
2023-02-26T18:00,33.8,15,0.0,3.7,962.3,0,7.1,204,40.9,0.038,0.298,66.0,,4.45
2023-02-26T19:00,32.2,17,0.0,4.1,962.7,0,6.1,230,38.2,0.038,0.298,0.0,,3.99
2023-02-26T20:00,31.3,19,0.0,5.1,963.5,0,3.0,346,35.8,0.038,0.298,0.0,,3.68
2023-02-26T21:00,29.2,22,0.0,5.4,963.7,0,6.1,118,33.7,0.038,0.298,0.0,,3.16
2023-02-26T22:00,28.5,20,0.0,3.6,963.8,0,10.2,122,32.0,0.038,0.298,0.0,,3.1
2023-02-26T23:00,26.9,23,0.0,3.7,963.4,0,8.9,63,30.5,0.038,0.298,0.0,,2.74
2023-02-27T00:00,25.9,23,0.0,2.9,963.2,0,11.2,57,29.2,0.039,0.298,0.0,,2.59
2023-02-27T01:00,25.1,23,0.0,2.5,962.5,0,12.8,74,28.1,0.039,0.298,0.0,,2.46
2023-02-27T02:00,24.3,23,0.0,2.0,961.9,0,11.7,101,27.1,0.039,0.298,0.0,,2.32
2023-02-27T03:00,23.8,25,0.0,2.7,962.0,0,14.0,125,26.3,0.039,0.298,0.0,,2.2
2023-02-27T04:00,22.8,30,0.0,4.1,962.2,0,14.3,133,25.5,0.039,0.298,0.0,,1.95
2023-02-27T05:00,22.5,35,0.0,6.2,962.8,0,14.3,141,25.5,0.039,0.298,0.0,,1.77
2023-02-27T06:00,22.1,38,0.0,7.0,963.7,0,13.9,143,24.8,0.039,0.298,0.0,,1.65
2023-02-27T07:00,22.5,38,0.0,7.7,964.5,0,13.7,150,24.4,0.039,0.298,27.0,,1.68
2023-02-27T08:00,24.9,34,0.0,8.1,965.4,0,14.2,156,25.5,0.039,0.298,202.0,,2.07
2023-02-27T09:00,27.5,29,0.0,8.1,966.4,0,17.7,160,28.0,0.039,0.298,434.0,,2.59
2023-02-27T10:00,30.3,23,0.0,7.0,966.5,0,20.1,165,31.2,0.039,0.298,645.0,,3.31
2023-02-27T11:00,32.3,19,0.0,6.1,966.0,0,19.7,165,34.7,0.039,0.298,804.0,,3.88
2023-02-27T12:00,33.6,17,0.0,5.3,965.0,0,15.4,164,38.2,0.039,0.298,895.0,,4.31
2023-02-27T13:00,34.3,15,0.0,4.3,963.6,0,10.1,163,41.4,0.039,0.298,908.0,,4.58
2023-02-27T14:00,34.6,15,0.0,3.8,962.5,0,6.6,171,43.8,0.038,0.298,843.0,,4.7
2023-02-27T15:00,34.7,14,0.0,3.6,961.6,0,4.1,195,45.2,0.038,0.298,705.0,,4.73
2023-02-27T16:00,34.6,14,0.0,3.5,961.3,0,3.6,233,45.0,0.038,0.298,507.0,,4.72
2023-02-27T17:00,34.1,15,0.0,3.9,961.3,0,4.4,215,43.2,0.038,0.298,275.0,,4.53
2023-02-27T18:00,33.6,16,0.0,4.0,961.7,0,4.8,207,40.4,0.038,0.298,66.0,,4.37
2023-02-27T19:00,31.7,19,0.0,5.4,962.1,0,5.1,184,37.7,0.038,0.298,0.0,,3.78
2023-02-27T20:00,30.4,20,0.0,4.7,962.6,4,11.1,126,35.4,0.038,0.298,0.0,,3.49
2023-02-27T21:00,29.3,21,0.0,4.9,962.8,3,13.6,122,33.5,0.038,0.298,0.0,,3.2
2023-02-27T22:00,28.4,23,0.0,5.2,962.6,0,12.8,128,31.9,0.038,0.298,0.0,,2.98
2023-02-27T23:00,27.0,26,0.0,5.6,962.7,0,12.2,137,30.5,0.039,0.298,0.0,,2.65
2023-02-28T00:00,26.0,27,0.0,5.7,962.0,0,13.0,138,29.3,0.039,0.298,0.0,,2.45
2023-02-28T01:00,25.5,29,0.0,6.0,961.4,0,13.5,146,28.2,0.039,0.298,0.0,,2.33
2023-02-28T02:00,25.0,30,0.0,6.1,960.8,0,15.3,133,27.3,0.039,0.298,0.0,,2.22
2023-02-28T03:00,24.5,30,0.0,6.0,961.2,0,16.9,140,26.5,0.039,0.298,0.0,,2.14
2023-02-28T04:00,22.7,35,0.0,6.6,961.6,0,9.0,272,25.7,0.039,0.298,0.0,,1.79
2023-02-28T05:00,22.5,40,0.0,8.2,962.6,0,8.9,291,25.6,0.039,0.298,0.0,,1.64
2023-02-28T06:00,23.8,37,0.0,8.0,963.4,0,2.3,51,24.7,0.039,0.298,0.0,,1.87
2023-02-28T07:00,23.0,44,0.0,10.2,964.4,0,3.3,77,24.3,0.039,0.298,27.0,,1.56
2023-02-28T08:00,25.3,35,0.0,9.0,965.7,0,2.8,130,25.8,0.039,0.298,201.0,,2.08
2023-02-28T09:00,27.3,31,0.0,8.9,966.3,0,10.8,154,28.6,0.039,0.298,432.0,,2.49
2023-02-28T10:00,29.5,26,0.0,8.2,966.8,0,13.6,163,31.9,0.039,0.298,643.0,,3.04
2023-02-28T11:00,31.7,22,0.0,7.5,966.3,0,16.6,158,35.5,0.039,0.298,802.0,,3.64
2023-02-28T12:00,33.4,18,0.0,6.3,965.1,0,14.5,157,38.8,0.039,0.298,893.0,,4.19
2023-02-28T13:00,34.3,16,0.0,5.0,964.0,0,10.7,140,41.9,0.038,0.298,907.0,,4.54
2023-02-28T14:00,34.8,15,0.0,4.3,962.6,0,9.3,126,44.1,0.038,0.298,841.0,,4.72
2023-02-28T15:00,34.9,14,0.0,3.7,961.5,0,8.7,114,45.1,0.038,0.298,703.0,,4.8
2023-02-28T16:00,34.9,14,0.0,3.3,961.1,0,8.4,97,44.7,0.038,0.298,507.0,,4.8
2023-02-28T17:00,33.9,16,0.0,4.3,961.5,0,10.5,98,42.9,0.038,0.298,276.0,,4.45
2023-02-28T18:00,32.9,17,0.0,4.4,961.7,2,13.2,107,40.1,0.038,0.298,66.0,,4.17
2023-02-28T19:00,31.6,19,0.0,5.2,961.9,4,14.3,133,37.5,0.038,0.298,0.0,,3.75
2023-02-28T20:00,30.4,21,0.0,5.6,962.8,0,17.1,136,35.4,0.038,0.298,0.0,,3.42
2023-02-28T21:00,29.5,22,0.0,5.7,963.2,0,17.3,133,33.6,0.038,0.298,0.0,,3.21
2023-02-28T22:00,28.4,23,0.0,5.6,963.5,0,17.6,136,32.1,0.038,0.298,0.0,,2.96
2023-02-28T23:00,27.5,24,0.0,5.2,963.1,0,19.0,153,30.7,0.039,0.298,0.0,,2.79
2023-03-01T00:00,26.9,24,0.0,4.8,962.7,0,18.1,157,29.6,0.039,0.298,0.0,,2.68
2023-03-01T01:00,26.0,25,0.0,4.7,962.0,0,18.4,140,28.7,0.039,0.298,0.0,,2.51
2023-03-01T02:00,24.8,27,0.0,4.7,961.7,0,21.7,137,27.7,0.039,0.298,0.0,,2.27
2023-03-01T03:00,24.4,29,0.0,5.2,961.7,0,21.6,147,27.0,0.039,0.298,0.0,,2.17
2023-03-01T04:00,23.6,32,0.0,5.8,961.7,0,18.5,147,26.2,0.039,0.298,0.0,,1.99
2023-03-01T05:00,23.4,35,0.0,6.9,962.0,0,19.9,148,25.7,0.039,0.298,0.0,,1.87
2023-03-01T06:00,22.9,36,0.0,7.1,962.8,0,21.1,134,25.1,0.039,0.298,0.0,,1.79
2023-03-01T07:00,23.0,37,0.0,7.5,964.1,0,14.5,136,24.8,0.039,0.298,29.0,,1.77
2023-03-01T08:00,24.8,34,0.0,7.9,965.7,0,4.9,163,26.0,0.039,0.298,207.0,,2.06
2023-03-01T09:00,27.1,30,0.0,8.1,966.5,0,9.7,153,28.7,0.039,0.298,440.0,,2.5
2023-03-01T10:00,30.0,24,0.0,7.1,967.0,0,13.4,156,32.2,0.039,0.298,651.0,,3.22
2023-03-01T11:00,32.4,19,0.0,5.5,966.5,0,16.1,146,35.8,0.039,0.298,810.0,,3.95
2023-03-01T12:00,33.7,16,0.0,4.6,965.2,0,16.1,124,39.1,0.039,0.298,900.0,,4.38
2023-03-01T13:00,34.4,15,0.0,4.2,963.9,0,15.6,109,41.9,0.038,0.298,912.0,,4.62
2023-03-01T14:00,34.8,14,0.0,3.6,962.6,0,15.2,104,43.6,0.038,0.298,845.0,,4.77
2023-03-01T15:00,34.9,14,0.0,3.1,961.7,0,13.9,100,44.4,0.038,0.298,706.0,,4.82
2023-03-01T16:00,34.7,14,0.0,3.2,961.5,0,12.0,106,43.9,0.038,0.298,509.0,,4.75
2023-03-01T17:00,34.2,16,0.0,4.7,961.7,0,11.5,122,42.4,0.038,0.297,277.0,,4.53
2023-03-01T18:00,33.4,16,0.0,4.4,962.0,5,12.3,122,39.8,0.038,0.297,67.0,,4.31
2023-03-01T19:00,32.0,17,0.0,4.1,962.6,0,14.6,123,37.3,0.038,0.297,0.0,,3.94
2023-03-01T20:00,30.6,19,0.0,4.3,963.3,5,13.4,149,35.2,0.038,0.297,0.0,,3.55
2023-03-01T21:00,29.3,21,0.0,5.0,963.9,14,17.9,142,33.5,0.038,0.297,0.0,,3.21
2023-03-01T22:00,28.4,22,0.0,4.7,964.0,14,16.8,137,32.0,0.038,0.297,0.0,,3.02
2023-03-01T23:00,27.2,23,0.0,4.5,963.6,0,14.5,132,30.7,0.039,0.297,0.0,,2.75
2023-03-02T00:00,25.8,25,0.0,4.5,963.2,0,10.8,111,29.4,0.039,0.297,0.0,,2.48
2023-03-02T01:00,24.9,26,0.0,4.3,962.8,0,9.7,88,28.2,0.039,0.297,0.0,,2.31
2023-03-02T02:00,24.3,27,0.0,4.3,962.5,0,11.9,115,27.2,0.039,0.297,0.0,,2.2
2023-03-02T03:00,23.6,30,0.0,5.0,962.4,0,12.0,131,26.3,0.039,0.297,0.0,,2.03
2023-03-02T04:00,22.8,33,0.0,5.7,962.2,0,12.3,140,25.5,0.039,0.297,0.0,,1.86
2023-03-02T05:00,21.9,37,0.0,6.7,962.8,0,10.8,116,25.2,0.039,0.297,0.0,,1.65
2023-03-02T06:00,21.6,39,0.0,7.2,963.9,0,10.3,126,24.5,0.039,0.297,0.0,,1.57
2023-03-02T07:00,22.3,39,0.0,7.7,964.8,0,9.2,132,24.1,0.039,0.297,29.0,,1.64
2023-03-02T08:00,24.7,35,0.0,8.1,966.2,0,9.1,146,25.4,0.039,0.297,208.0,,2.04
2023-03-02T09:00,27.4,28,0.0,7.5,966.8,0,12.7,155,28.1,0.039,0.297,440.0,,2.61
2023-03-02T10:00,30.0,24,0.0,7.3,967.2,0,13.9,155,31.7,0.039,0.297,651.0,,3.22
2023-03-02T11:00,32.1,21,0.0,7.0,966.6,0,12.5,147,35.5,0.039,0.297,809.0,,3.77
2023-03-02T12:00,33.5,18,0.0,6.1,965.5,0,11.5,122,39.2,0.039,0.297,899.0,,4.22
2023-03-02T13:00,34.6,16,0.0,5.0,964.2,0,14.2,97,42.2,0.038,0.297,911.0,,4.62
2023-03-02T14:00,35.0,15,0.0,4.6,963.0,0,15.1,90,44.0,0.038,0.297,844.0,,4.76
2023-03-02T15:00,35.3,14,0.0,4.0,962.0,0,13.1,98,44.7,0.038,0.297,705.0,,4.89
2023-03-02T16:00,35.3,14,0.0,3.6,961.6,0,13.8,97,44.2,0.038,0.297,508.0,,4.91
2023-03-02T17:00,34.3,15,0.0,4.1,962.2,45,19.6,84,41.7,0.038,0.297,269.0,,4.57
2023-03-02T18:00,33.1,17,0.0,4.5,962.7,13,17.6,75,39.2,0.038,0.297,67.0,,4.2
2023-03-02T19:00,32.0,17,0.0,4.0,963.0,8,12.4,100,36.8,0.038,0.297,0.0,,3.93
2023-03-02T20:00,30.5,19,0.0,3.9,963.7,4,14.5,153,34.8,0.038,0.297,0.0,,3.56
2023-03-02T21:00,29.3,21,0.0,4.6,964.6,0,15.8,150,33.1,0.038,0.297,0.0,,3.22
2023-03-02T22:00,28.2,23,0.0,4.9,964.7,0,13.0,146,31.6,0.038,0.297,0.0,,2.96
2023-03-02T23:00,26.8,25,0.0,5.0,964.6,0,10.2,108,30.2,0.039,0.297,0.0,,2.64
2023-03-03T00:00,25.8,26,0.0,5.1,964.4,0,10.8,94,29.0,0.039,0.297,0.0,,2.45
2023-03-03T01:00,24.6,29,0.0,5.6,963.7,0,7.6,93,27.8,0.039,0.297,0.0,,2.18
2023-03-03T02:00,23.4,33,0.0,6.1,962.9,0,6.9,47,26.7,0.039,0.297,0.0,,1.93
2023-03-03T03:00,22.9,33,0.0,5.6,963.0,0,10.5,96,25.7,0.039,0.297,0.0,,1.87
2023-03-03T04:00,22.4,34,0.0,5.6,963.1,0,11.0,101,24.9,0.039,0.297,0.0,,1.79
2023-03-03T05:00,21.7,39,0.0,7.3,963.7,0,10.7,138,24.5,0.039,0.297,0.0,,1.57
2023-03-03T06:00,21.2,42,0.0,7.7,964.5,0,9.2,129,23.8,0.039,0.297,0.0,,1.46
2023-03-03T07:00,21.9,41,0.0,8.0,965.5,0,8.2,119,23.5,0.039,0.297,31.0,,1.55
2023-03-03T08:00,24.6,36,0.0,8.4,966.8,0,6.6,135,25.0,0.039,0.297,211.0,,1.99
2023-03-03T09:00,27.5,30,0.0,8.6,967.8,0,8.2,165,28.0,0.039,0.297,443.0,,2.55
2023-03-03T10:00,30.2,25,0.0,7.9,967.7,0,8.7,175,31.9,0.039,0.297,653.0,,3.23
2023-03-03T11:00,32.2,21,0.0,7.1,967.1,0,7.0,159,36.1,0.039,0.297,810.0,,3.8
2023-03-03T12:00,33.9,18,0.0,6.3,965.8,0,9.4,108,40.1,0.039,0.297,899.0,,4.32
2023-03-03T13:00,35.0,16,0.0,5.7,964.4,0,13.7,85,43.0,0.038,0.297,911.0,,4.69
2023-03-03T14:00,35.5,16,0.0,5.4,963.2,0,13.7,87,44.7,0.038,0.297,843.0,,4.87
2023-03-03T15:00,35.7,15,0.0,4.9,962.0,3,10.5,112,45.5,0.038,0.297,703.0,,4.98
2023-03-03T16:00,36.4,14,0.0,4.2,961.6,19,16.6,141,45.0,0.038,0.297,506.0,,5.23
2023-03-03T17:00,35.3,15,0.0,4.6,961.6,27,20.6,109,42.4,0.038,0.297,253.0,,4.87
2023-03-03T18:00,35.1,14,0.0,3.2,962.0,63,17.1,112,40.2,0.038,0.297,39.0,,4.89
2023-03-03T19:00,33.9,15,0.0,4.0,962.8,57,17.7,114,38.1,0.038,0.297,0.0,,4.46
2023-03-03T20:00,32.6,17,0.0,4.4,964.2,99,16.8,100,36.4,0.038,0.297,0.0,,4.07
2023-03-03T21:00,31.5,20,0.0,5.9,964.9,19,15.6,116,34.8,0.038,0.297,0.0,,3.69
2023-03-03T22:00,29.7,22,0.0,5.7,964.9,51,13.2,154,33.3,0.038,0.297,0.0,,3.24
2023-03-03T23:00,28.5,24,0.0,5.8,964.9,73,9.2,111,31.9,0.038,0.297,0.0,,2.96
2023-03-04T00:00,27.5,26,0.0,6.1,964.4,100,7.7,101,30.7,0.038,0.297,0.0,,2.72
2023-03-04T01:00,26.7,27,0.0,6.2,963.7,82,8.7,85,29.6,0.039,0.297,0.0,,2.55
2023-03-04T02:00,26.0,29,0.0,6.6,963.2,23,11.5,90,28.6,0.039,0.297,0.0,,2.38
2023-03-04T03:00,25.0,31,0.0,6.9,963.2,11,13.5,115,27.7,0.039,0.297,0.0,,2.18
2023-03-04T04:00,24.2,33,0.0,6.8,963.3,35,13.0,129,26.8,0.039,0.297,0.0,,2.04
2023-03-04T05:00,22.5,40,0.0,8.2,963.9,73,7.7,131,26.5,0.031,0.295,0.0,,1.63
2023-03-04T06:00,22.5,40,0.0,8.2,964.5,99,6.5,124,25.7,0.031,0.295,0.0,,1.63
2023-03-04T07:00,23.4,38,0.0,8.2,965.6,0,5.2,115,25.3,0.031,0.295,30.0,,1.78
2023-03-04T08:00,26.0,32,0.0,8.0,967.0,3,4.5,151,26.7,0.031,0.295,210.0,,2.28
2023-03-04T09:00,28.5,26,0.0,6.9,967.8,3,6.8,180,29.6,0.031,0.295,439.0,,2.89
2023-03-04T10:00,30.8,22,0.0,6.3,968.0,0,9.7,180,33.3,0.031,0.295,650.0,,3.47
2023-03-04T11:00,32.5,19,0.0,6.1,967.2,0,10.2,172,37.2,0.031,0.295,810.0,,3.95
2023-03-04T12:00,33.7,18,0.0,5.8,965.9,0,9.4,148,40.8,0.031,0.295,900.0,,4.31
2023-03-04T13:00,34.8,16,0.0,5.0,964.4,0,8.8,102,43.9,0.031,0.295,913.0,,4.69
2023-03-04T14:00,35.6,14,0.0,3.9,962.9,0,10.9,82,45.8,0.031,0.295,847.0,,4.99
2023-03-04T15:00,35.8,13,0.0,3.2,962.2,0,12.2,92,46.4,0.031,0.295,709.0,,5.09
2023-03-04T16:00,35.7,13,0.0,3.1,961.8,0,13.0,104,45.7,0.031,0.295,511.0,,5.08
2023-03-04T17:00,35.2,14,0.0,3.8,961.9,4,14.6,106,43.5,0.038,0.297,280.0,,4.88
2023-03-04T18:00,34.1,15,0.0,3.9,962.2,44,17.8,108,40.8,0.038,0.297,67.0,,4.54
2023-03-04T19:00,32.9,16,0.0,3.8,963.1,23,17.2,116,38.3,0.038,0.297,0.0,,4.2
2023-03-04T20:00,31.5,18,0.0,4.3,963.4,9,17.0,144,36.2,0.038,0.297,0.0,,3.78
2023-03-04T21:00,30.0,20,0.0,4.5,963.9,7,13.8,141,34.3,0.038,0.297,0.0,,3.4
2023-03-04T22:00,28.8,21,0.0,4.2,964.3,13,12.2,137,32.7,0.038,0.297,0.0,,3.14
2023-03-04T23:00,27.8,23,0.0,4.7,964.3,0,11.6,112,31.3,0.038,0.297,0.0,,2.88
2023-03-05T00:00,27.0,26,0.0,5.7,964.0,0,9.8,118,30.1,0.038,0.297,0.0,,2.65
2023-03-05T01:00,26.1,28,0.0,6.3,963.4,0,11.4,108,29.0,0.039,0.297,0.0,,2.43
2023-03-05T02:00,25.2,30,0.0,6.4,963.0,0,12.5,102,28.1,0.039,0.297,0.0,,2.25
2023-03-05T03:00,24.9,30,0.0,6.3,962.9,0,14.8,133,27.2,0.039,0.297,0.0,,2.19
2023-03-05T04:00,24.3,31,0.0,6.1,962.9,0,15.0,134,26.5,0.039,0.297,0.0,,2.1
2023-03-05T05:00,23.3,39,0.0,8.5,963.9,0,13.0,132,26.4,0.039,0.297,0.0,,1.75
2023-03-05T06:00,23.0,41,0.0,9.0,964.5,0,10.7,130,25.7,0.039,0.297,0.0,,1.65
2023-03-05T07:00,23.5,41,0.0,9.4,965.5,0,8.4,130,25.3,0.039,0.297,33.0,,1.72
2023-03-05T08:00,26.0,35,0.0,9.6,966.6,0,7.8,146,26.7,0.039,0.297,213.0,,2.17
2023-03-05T09:00,28.6,30,0.0,9.1,967.2,0,10.8,165,29.4,0.039,0.297,444.0,,2.76
2023-03-05T10:00,31.1,24,0.0,8.3,967.2,0,12.6,160,33.0,0.039,0.297,654.0,,3.41
2023-03-05T11:00,32.9,20,0.0,7.3,966.5,0,10.9,153,36.8,0.039,0.297,812.0,,3.97
2023-03-05T12:00,34.1,18,0.0,6.2,965.1,0,7.9,120,40.6,0.039,0.297,901.0,,4.39
2023-03-05T13:00,35.2,15,0.0,5.0,963.7,0,11.3,83,43.7,0.038,0.297,913.0,,4.81
2023-03-05T14:00,35.7,15,0.0,4.6,962.6,0,13.6,78,45.4,0.038,0.297,847.0,,4.98
2023-03-05T15:00,35.9,14,0.0,4.0,961.6,0,10.5,84,46.1,0.038,0.297,707.0,,5.08
2023-03-05T16:00,35.9,13,0.0,3.4,961.0,0,8.7,97,45.7,0.038,0.297,510.0,,5.13
2023-03-05T17:00,35.3,14,0.0,4.3,961.4,3,9.6,110,44.0,0.038,0.297,279.0,,4.89
2023-03-05T18:00,34.6,15,0.0,3.8,961.5,75,13.0,93,41.4,0.038,0.297,63.0,,4.68
2023-03-05T19:00,33.4,17,0.0,5.0,962.0,39,15.3,120,39.0,0.038,0.297,0.0,,4.27
2023-03-05T20:00,31.9,19,0.0,5.1,962.4,46,17.2,147,36.9,0.038,0.297,0.0,,3.84
2023-03-05T21:00,31.0,20,0.0,5.3,963.7,100,15.0,150,35.3,0.038,0.297,0.0,,3.6
2023-03-05T22:00,30.2,21,0.0,5.8,964.2,32,13.1,127,34.1,0.038,0.297,0.0,,3.37
2023-03-05T23:00,28.8,24,0.0,6.0,963.7,27,12.4,116,32.6,0.038,0.297,0.0,,3.01
2023-03-06T00:00,27.8,25,0.0,6.3,963.2,100,12.2,104,31.4,0.038,0.297,0.0,,2.78
2023-03-06T01:00,27.8,26,0.0,6.5,962.4,0,13.3,93,30.7,0.038,0.297,0.0,,2.76
2023-03-06T02:00,26.2,29,0.0,6.7,961.7,0,13.4,96,29.5,0.039,0.297,0.0,,2.42
2023-03-06T03:00,25.3,30,0.0,6.6,961.4,0,12.8,122,28.5,0.039,0.297,0.0,,2.24
2023-03-06T04:00,24.2,32,0.0,6.5,961.8,0,8.7,120,27.5,0.039,0.297,0.0,,2.05
2023-03-06T05:00,23.5,37,0.0,8.0,962.0,0,10.9,136,27.7,0.039,0.297,0.0,,1.83
2023-03-06T06:00,23.4,37,0.0,7.8,962.6,0,11.2,138,26.8,0.039,0.297,0.0,,1.81
2023-03-06T07:00,24.0,35,0.0,7.8,963.6,0,9.3,126,26.3,0.039,0.297,34.0,,1.92
2023-03-06T08:00,26.3,31,0.0,7.9,964.7,0,8.8,125,27.5,0.039,0.297,215.0,,2.35
2023-03-06T09:00,28.9,27,0.0,7.9,965.6,0,10.1,153,30.2,0.039,0.297,446.0,,2.92
2023-03-06T10:00,31.2,22,0.0,7.2,965.8,0,8.6,158,33.7,0.039,0.297,654.0,,3.53
2023-03-06T11:00,32.7,20,0.0,6.7,965.0,0,2.8,130,38.0,0.039,0.297,811.0,,3.95
2023-03-06T12:00,34.0,18,0.0,6.4,963.7,0,5.1,45,42.1,0.038,0.297,899.0,,4.36
2023-03-06T13:00,35.1,16,0.0,5.9,961.9,1,9.8,54,45.0,0.038,0.297,911.0,,4.73
2023-03-06T14:00,35.8,15,0.0,5.5,960.5,1,12.1,73,46.6,0.038,0.297,842.0,,4.97
2023-03-06T15:00,35.9,15,0.0,5.5,959.6,2,12.6,93,47.0,0.038,0.297,703.0,,4.99
2023-03-06T16:00,35.7,15,0.0,5.2,959.1,7,13.4,104,46.2,0.038,0.297,504.0,,4.94
2023-03-06T17:00,35.3,13,0.0,3.3,959.4,2,15.6,109,43.8,0.038,0.297,273.0,,4.95
2023-03-06T18:00,34.2,14,0.0,3.1,959.6,26,15.0,107,41.1,0.038,0.297,67.0,,4.62
2023-03-06T19:00,33.1,15,0.0,3.0,960.1,90,15.0,117,38.6,0.038,0.297,0.0,,4.29
2023-03-06T20:00,32.0,16,0.0,3.2,960.9,30,15.3,135,36.7,0.038,0.297,0.0,,3.99
2023-03-06T21:00,30.6,18,0.0,3.6,961.7,43,16.3,149,34.9,0.038,0.297,0.0,,3.59
2023-03-06T22:00,29.5,23,0.0,5.9,962.0,50,4.1,52,33.5,0.038,0.297,0.0,,3.19
2023-03-06T23:00,29.1,22,0.0,5.2,962.1,75,14.2,16,32.2,0.038,0.297,0.0,,3.14
2023-03-07T00:00,28.1,26,0.0,7.0,961.8,25,13.6,40,31.2,0.038,0.296,0.0,,2.79
2023-03-07T01:00,27.0,30,0.0,7.8,961.1,28,13.5,46,30.1,0.038,0.296,0.0,,2.5
2023-03-07T02:00,26.2,31,0.0,7.8,960.8,22,16.6,60,29.1,0.039,0.296,0.0,,2.34
2023-03-07T03:00,25.8,31,0.0,7.5,961.2,46,18.9,77,28.3,0.039,0.296,0.0,,2.28
2023-03-07T04:00,25.3,34,0.0,8.3,961.8,52,21.1,46,27.8,0.039,0.296,0.0,,2.12
2023-03-07T05:00,22.6,47,0.0,10.9,962.5,15,17.2,37,27.4,0.039,0.296,0.0,,1.44
2023-03-07T06:00,22.0,52,0.0,11.6,963.7,8,16.9,24,26.5,0.039,0.296,0.0,,1.27
2023-03-07T07:00,22.0,54,0.0,12.3,964.9,15,19.7,9,26.0,0.039,0.296,33.0,,1.22
2023-03-07T08:00,23.0,53,0.0,12.8,966.0,2,21.3,19,26.6,0.039,0.296,208.0,,1.32
2023-03-07T09:00,25.2,45,0.0,12.4,966.4,0,20.2,35,28.5,0.039,0.296,440.0,,1.77
2023-03-07T10:00,28.1,34,0.0,11.0,966.7,3,21.0,39,31.4,0.039,0.296,649.0,,2.49
2023-03-07T11:00,30.0,29,0.0,9.9,965.8,0,18.9,51,34.6,0.039,0.296,803.0,,3.01
2023-03-07T12:00,31.2,25,0.0,8.8,964.5,0,14.7,59,38.0,0.039,0.296,893.0,,3.41
2023-03-07T13:00,32.1,22,0.0,8.0,962.9,2,11.9,65,40.9,0.039,0.296,903.0,,3.7
2023-03-07T14:00,32.7,21,0.0,7.4,961.5,3,10.8,69,43.0,0.039,0.296,833.0,,3.9
2023-03-07T15:00,33.2,20,0.0,7.4,960.7,4,10.3,65,44.0,0.039,0.296,694.0,,4.05
2023-03-07T16:00,33.2,20,0.0,7.4,960.2,15,9.8,54,43.7,0.038,0.296,496.0,,4.06
2023-03-07T17:00,31.6,22,0.0,7.5,961.6,38,10.5,41,41.1,0.038,0.296,259.0,,3.62
2023-03-07T18:00,31.0,23,0.0,7.5,961.6,15,11.8,40,38.6,0.039,0.296,66.0,,3.46
2023-03-07T19:00,29.4,28,0.0,8.8,962.3,53,17.9,25,36.3,0.039,0.296,0.0,,2.97
2023-03-07T20:00,28.7,31,0.0,9.9,963.1,26,22.0,21,34.4,0.039,0.296,0.0,,2.71
2023-03-07T21:00,27.7,34,0.0,10.4,963.6,1,18.9,24,32.8,0.039,0.296,0.0,,2.45
2023-03-07T22:00,26.7,37,0.0,10.8,963.6,0,15.0,30,31.3,0.039,0.296,0.0,,2.21
2023-03-07T23:00,25.9,39,0.0,11.0,963.1,0,13.5,44,30.0,0.039,0.296,0.0,,2.03
2023-03-08T00:00,25.1,41,0.0,10.9,962.6,0,14.0,55,28.9,0.039,0.296,0.0,,1.89
2023-03-08T01:00,24.4,43,0.0,11.1,961.8,0,12.7,45,27.9,0.039,0.296,0.0,,1.73
2023-03-08T02:00,23.7,46,0.0,11.3,961.1,0,11.7,43,27.0,0.039,0.296,0.0,,1.58
2023-03-08T03:00,23.0,48,0.0,11.4,960.7,0,12.1,80,26.2,0.039,0.296,0.0,,1.45
2023-03-08T04:00,22.6,49,0.0,11.5,961.0,6,11.8,67,25.5,0.039,0.296,0.0,,1.39
2023-03-08T05:00,22.0,54,0.0,12.2,961.3,5,10.1,96,25.0,0.044,0.295,0.0,,1.21
2023-03-08T06:00,21.5,57,0.0,12.5,962.0,0,8.5,78,24.3,0.044,0.295,0.0,,1.11
2023-03-08T07:00,22.3,55,0.0,12.7,963.0,0,6.2,80,24.2,0.044,0.295,36.0,,1.22
2023-03-08T08:00,24.7,48,0.0,12.9,964.4,0,6.3,103,25.6,0.043,0.295,217.0,,1.62
2023-03-08T09:00,28.1,40,0.0,13.0,965.3,0,7.7,118,28.6,0.043,0.295,447.0,,2.29
2023-03-08T10:00,31.0,30,0.0,11.4,965.4,8,8.4,110,32.4,0.043,0.295,654.0,,3.14
2023-03-08T11:00,32.3,24,0.0,9.2,964.5,23,5.8,86,36.4,0.042,0.295,772.0,,3.67
2023-03-08T12:00,33.3,21,0.0,7.7,963.5,15,6.1,62,39.9,0.041,0.295,818.0,,4.05
2023-03-08T13:00,34.1,19,0.0,7.3,962.1,31,6.4,63,42.7,0.04,0.295,841.0,,4.31
2023-03-08T14:00,34.3,18,0.0,6.7,960.9,46,5.8,60,44.5,0.04,0.295,750.0,,4.43
2023-03-08T15:00,34.4,18,0.0,6.5,959.8,19,5.3,62,45.2,0.04,0.295,618.0,,4.46
2023-03-08T16:00,34.5,17,0.0,6.2,959.5,33,7.1,75,44.8,0.039,0.295,481.0,,4.51
2023-03-08T17:00,34.2,14,0.0,3.2,959.9,46,8.7,48,42.7,0.04,0.295,243.0,,4.6
2023-03-08T18:00,33.3,15,0.0,3.2,960.0,100,11.0,58,40.1,0.04,0.295,62.0,,4.35
2023-03-08T19:00,32.9,16,0.0,3.9,960.6,75,14.7,65,38.0,0.04,0.295,0.0,,4.2
2023-03-08T20:00,31.7,18,0.0,4.5,961.1,48,11.6,60,36.0,0.04,0.295,0.0,,3.83
2023-03-08T21:00,30.3,21,0.0,5.3,961.7,37,11.5,46,34.2,0.04,0.295,0.0,,3.43
2023-03-08T22:00,28.7,23,0.0,5.5,962.0,24,13.8,39,32.6,0.04,0.295,0.0,,3.02
2023-03-08T23:00,27.5,25,0.0,5.8,961.8,95,13.9,31,31.2,0.04,0.295,0.0,,2.74
2023-03-09T00:00,27.4,26,0.0,6.0,962.3,92,8.1,58,30.3,0.04,0.295,0.0,,2.7
2023-03-09T01:00,26.8,27,0.0,6.1,961.5,68,8.7,52,29.5,0.04,0.295,0.0,,2.57
2023-03-09T02:00,26.1,28,0.0,6.2,960.6,28,15.3,39,28.7,0.04,0.295,0.0,,2.43
2023-03-09T03:00,25.4,29,0.0,6.1,960.3,36,17.7,33,28.0,0.04,0.295,0.0,,2.29
2023-03-09T04:00,24.6,30,0.0,5.7,960.1,100,19.0,25,27.3,0.04,0.295,0.0,,2.18
2023-03-09T05:00,24.6,35,0.0,8.2,961.4,64,7.9,133,27.3,0.04,0.295,0.0,,2.0
2023-03-09T06:00,24.0,40,0.0,9.4,961.9,82,5.1,51,26.6,0.04,0.295,0.0,,1.8
2023-03-09T07:00,24.8,35,0.0,8.5,962.9,0,5.5,58,26.5,0.04,0.295,27.0,,2.02
2023-03-09T08:00,26.7,31,0.0,8.2,963.8,0,7.3,70,27.7,0.04,0.295,220.0,,2.41
2023-03-09T09:00,28.7,29,0.0,8.7,964.4,0,8.0,85,30.4,0.04,0.295,451.0,,2.8
2023-03-09T10:00,30.4,27,0.0,9.2,964.2,0,7.1,105,34.1,0.039,0.295,660.0,,3.18
2023-03-09T11:00,32.0,24,0.0,9.0,963.7,0,7.9,120,38.0,0.039,0.295,817.0,,3.61
2023-03-09T12:00,33.2,21,0.0,7.6,962.4,11,8.7,107,41.3,0.039,0.295,878.0,,4.03
2023-03-09T13:00,33.8,19,0.0,6.7,961.3,23,8.0,95,44.0,0.039,0.295,864.0,,4.28
2023-03-09T14:00,34.1,17,0.0,6.0,960.2,11,6.2,83,45.6,0.039,0.295,768.0,,4.41
2023-03-09T15:00,34.5,17,0.0,5.6,959.3,18,6.4,74,46.4,0.038,0.295,667.0,,4.56
2023-03-09T16:00,34.4,16,0.0,4.8,959.2,16,7.0,69,45.7,0.038,0.295,471.0,,4.58
2023-03-09T17:00,33.7,17,0.0,5.3,959.5,7,8.0,80,43.4,0.038,0.295,270.0,,4.33
2023-03-09T18:00,32.9,18,0.0,5.4,960.1,21,9.8,98,40.7,0.038,0.295,69.0,,4.11
2023-03-09T19:00,32.5,19,0.0,5.6,960.7,28,9.7,117,38.1,0.038,0.295,0.0,,3.98
2023-03-09T20:00,31.6,20,0.0,5.7,961.0,40,7.6,95,36.1,0.038,0.295,0.0,,3.74
2023-03-09T21:00,30.6,21,0.0,5.7,961.4,20,10.9,17,34.3,0.038,0.295,0.0,,3.46
2023-03-09T22:00,29.1,23,0.0,6.2,961.6,100,13.4,20,32.8,0.038,0.295,0.0,,3.08
2023-03-09T23:00,28.9,24,0.0,6.1,961.5,85,13.5,48,31.8,0.039,0.295,0.0,,3.03
2023-03-10T00:00,28.0,25,0.0,6.0,961.5,100,15.9,85,30.8,0.039,0.295,0.0,,2.84
2023-03-10T01:00,27.8,25,0.0,5.8,960.8,46,16.5,106,30.1,0.039,0.295,0.0,,2.82
2023-03-10T02:00,26.6,26,0.0,5.6,960.4,70,9.1,108,29.3,0.039,0.295,0.0,,2.56
2023-03-10T03:00,25.8,29,0.0,6.3,960.6,68,11.9,25,28.5,0.039,0.295,0.0,,2.37
2023-03-10T04:00,25.4,30,0.0,6.4,960.8,0,10.6,80,27.9,0.039,0.295,0.0,,2.28
2023-03-10T05:00,24.5,36,0.0,8.3,961.0,0,8.4,43,27.9,0.039,0.295,0.0,,1.97
2023-03-10T06:00,24.5,36,0.0,8.3,961.4,40,10.1,88,27.2,0.039,0.295,0.0,,1.98
2023-03-10T07:00,25.1,34,0.0,8.1,962.2,21,9.7,105,26.9,0.039,0.295,36.0,,2.11
2023-03-10T08:00,27.2,32,0.0,9.2,963.2,0,10.1,107,28.1,0.039,0.295,216.0,,2.45
2023-03-10T09:00,28.6,32,0.0,10.3,963.7,0,6.6,131,30.8,0.039,0.295,453.0,,2.66
2023-03-10T10:00,30.0,30,0.0,10.6,963.8,0,6.1,152,34.5,0.039,0.295,661.0,,2.97
2023-03-10T11:00,31.5,26,0.0,9.8,963.0,10,5.6,153,38.5,0.039,0.295,818.0,,3.41
2023-03-10T12:00,32.6,23,0.0,8.7,962.1,17,4.9,126,41.9,0.038,0.295,854.0,,3.8
2023-03-10T13:00,33.6,21,0.0,8.2,961.0,10,4.7,99,44.7,0.038,0.295,845.0,,4.11
2023-03-10T14:00,34.2,20,0.0,7.7,959.8,7,4.4,81,46.7,0.038,0.295,815.0,,4.31
2023-03-10T15:00,34.5,19,0.0,7.4,958.8,6,4.0,63,47.6,0.038,0.295,692.0,,4.44
2023-03-10T16:00,34.5,18,0.0,7.1,958.4,6,5.1,51,47.1,0.038,0.295,503.0,,4.45
2023-03-10T17:00,33.9,18,0.0,6.2,958.7,4,7.0,55,45.0,0.038,0.295,276.0,,4.34
2023-03-10T18:00,33.4,18,0.0,6.0,959.2,29,8.1,77,42.1,0.038,0.295,65.0,,4.19
2023-03-10T19:00,32.8,19,0.0,5.9,959.8,37,10.2,82,39.4,0.038,0.295,0.0,,4.05
2023-03-10T20:00,32.1,19,0.0,5.8,960.6,37,10.9,84,37.2,0.038,0.295,0.0,,3.85
2023-03-10T21:00,31.3,21,0.0,6.2,961.1,42,11.8,63,35.4,0.038,0.295,0.0,,3.61
2023-03-10T22:00,30.3,23,0.0,6.6,961.3,47,12.3,50,33.9,0.038,0.295,0.0,,3.33
2023-03-10T23:00,29.0,24,0.0,6.5,961.1,36,9.7,75,32.5,0.038,0.295,0.0,,3.04
2023-03-11T00:00,27.6,27,0.0,6.7,961.0,97,7.6,90,31.3,0.038,0.295,0.0,,2.71
2023-03-11T01:00,27.1,28,0.0,6.9,960.2,34,6.3,66,30.3,0.038,0.295,0.0,,2.58
2023-03-11T02:00,26.4,29,0.0,7.1,959.5,20,11.5,46,29.3,0.038,0.295,0.0,,2.43
2023-03-11T03:00,26.0,31,0.0,7.5,959.2,4,12.4,60,28.4,0.039,0.295,0.0,,2.32
2023-03-11T04:00,25.2,33,0.0,7.8,959.0,4,13.0,66,27.6,0.039,0.295,0.0,,2.14
2023-03-11T05:00,24.8,35,0.0,8.4,960.1,9,12.8,100,28.4,0.039,0.295,0.0,,2.03
2023-03-11T06:00,23.9,37,0.0,8.2,960.9,0,11.2,111,27.5,0.039,0.295,0.0,,1.88
2023-03-11T07:00,24.4,36,0.0,8.4,961.9,1,6.4,106,27.0,0.039,0.295,40.0,,1.95
2023-03-11T08:00,26.4,33,0.0,8.9,963.2,10,6.3,77,28.3,0.039,0.295,226.0,,2.3
2023-03-11T09:00,28.2,31,0.0,9.7,963.9,0,7.5,107,31.0,0.039,0.295,447.0,,2.62
2023-03-11T10:00,30.4,29,0.0,10.2,964.2,0,9.4,133,34.5,0.039,0.295,664.0,,3.09
2023-03-11T11:00,32.2,25,0.0,9.8,963.5,0,10.0,131,38.3,0.039,0.295,821.0,,3.59
2023-03-11T12:00,33.8,21,0.0,8.7,962.5,3,8.2,105,41.9,0.038,0.295,911.0,,4.12
2023-03-11T13:00,34.6,20,0.0,8.4,961.4,4,7.9,87,44.8,0.038,0.295,899.0,,4.38
2023-03-11T14:00,35.1,19,0.0,7.7,960.0,38,9.1,83,46.7,0.038,0.295,837.0,,4.59
2023-03-11T15:00,35.0,19,0.0,7.7,959.0,14,9.1,83,46.8,0.038,0.295,599.0,,4.56
2023-03-11T16:00,34.9,19,0.0,7.6,958.6,45,8.8,81,46.2,0.038,0.295,485.0,,4.55
2023-03-11T17:00,33.9,20,0.0,8.0,959.2,60,7.8,103,43.7,0.038,0.295,256.0,,4.2
2023-03-11T18:00,33.4,21,0.0,8.0,959.3,32,9.7,105,41.2,0.038,0.295,58.0,,4.06
2023-03-11T19:00,33.0,21,0.0,8.0,959.9,100,9.5,101,38.8,0.038,0.295,0.0,,3.94
2023-03-11T20:00,32.4,22,0.0,8.0,960.5,28,8.0,98,36.9,0.038,0.295,0.0,,3.79
2023-03-11T21:00,31.1,24,0.0,7.9,961.3,24,10.7,123,35.2,0.038,0.295,0.0,,3.45
2023-03-11T22:00,30.0,24,0.0,7.5,961.5,57,8.4,130,33.7,0.038,0.295,0.0,,3.21
2023-03-11T23:00,29.7,24,0.0,7.1,961.1,100,9.9,100,32.6,0.038,0.295,0.0,,3.16
2023-03-12T00:00,29.3,25,0.0,7.0,961.0,57,13.8,99,31.8,0.038,0.295,0.0,,3.06
2023-03-12T01:00,28.4,26,0.0,6.8,960.3,46,15.2,104,31.0,0.038,0.295,0.0,,2.87
2023-03-12T02:00,27.3,28,0.0,7.1,959.4,54,13.9,111,30.1,0.038,0.295,0.0,,2.61
2023-03-12T03:00,26.3,30,0.0,7.4,959.2,62,13.2,135,29.3,0.039,0.295,0.0,,2.39
2023-03-12T04:00,25.8,32,0.0,7.7,959.4,17,14.7,149,28.6,0.039,0.295,0.0,,2.26
2023-03-12T05:00,25.1,42,0.0,11.2,960.5,2,16.1,140,29.2,0.039,0.295,0.0,,1.86
2023-03-12T06:00,24.8,44,0.0,11.8,961.0,0,13.8,141,28.3,0.039,0.295,0.0,,1.74
2023-03-12T07:00,25.1,45,0.0,12.2,961.8,1,8.9,140,27.8,0.039,0.295,41.0,,1.77
2023-03-12T08:00,26.9,42,0.0,12.8,962.6,46,9.7,132,28.9,0.039,0.295,218.0,,2.06
2023-03-12T09:00,28.6,39,0.0,13.2,963.4,12,10.0,128,30.9,0.039,0.295,351.0,,2.4
2023-03-12T10:00,30.8,33,0.0,12.7,963.5,0,9.5,119,34.4,0.039,0.295,628.0,,2.98
2023-03-12T11:00,33.0,25,0.0,10.6,962.9,9,13.1,106,38.2,0.039,0.295,823.0,,3.74
2023-03-12T12:00,34.6,20,0.0,8.4,961.8,14,16.2,87,41.2,0.038,0.295,865.0,,4.4
2023-03-12T13:00,35.5,17,0.0,7.1,960.5,11,17.0,85,43.6,0.038,0.295,877.0,,4.77
2023-03-12T14:00,36.3,15,0.0,5.6,959.4,44,17.3,88,45.2,0.038,0.295,825.0,,5.11
2023-03-12T15:00,36.1,15,0.0,4.9,958.2,53,18.2,99,45.1,0.038,0.295,574.0,,5.09
2023-03-12T16:00,35.7,14,0.0,4.4,957.7,58,22.1,118,44.2,0.038,0.295,436.0,,5.01
2023-03-12T17:00,34.7,16,0.0,5.3,958.4,64,17.4,97,42.3,0.038,0.295,209.0,,4.64
2023-03-12T18:00,33.4,20,0.0,7.2,958.7,100,23.2,96,40.1,0.038,0.295,39.0,,4.12
2023-03-12T19:00,33.4,18,0.0,6.0,959.5,92,20.9,92,38.2,0.038,0.295,0.0,,4.21
2023-03-12T20:00,32.1,21,0.0,7.3,960.1,74,15.5,115,36.6,0.038,0.295,0.0,,3.75
2023-03-12T21:00,31.7,21,0.0,6.7,960.7,47,17.9,109,35.1,0.038,0.295,0.0,,3.7
2023-03-12T22:00,30.6,22,0.0,6.6,961.2,10,17.5,104,33.8,0.038,0.295,0.0,,3.4
2023-03-12T23:00,29.1,24,0.0,6.5,960.8,11,14.6,110,32.5,0.038,0.295,0.0,,3.06
2023-03-13T00:00,28.0,25,0.0,6.4,960.2,13,12.6,127,31.2,0.038,0.295,0.0,,2.82
2023-03-13T01:00,27.0,27,0.0,6.4,959.4,99,13.0,134,30.1,0.038,0.295,0.0,,2.59
2023-03-13T02:00,26.2,28,0.0,6.4,958.6,56,12.1,127,29.1,0.039,0.295,0.0,,2.44
2023-03-13T03:00,25.4,30,0.0,6.3,958.3,24,13.7,108,28.1,0.039,0.295,0.0,,2.28
2023-03-13T04:00,24.5,31,0.0,6.1,958.4,85,14.5,132,27.3,0.039,0.295,0.0,,2.12
2023-03-13T05:00,24.7,36,0.0,8.5,959.0,85,13.6,130,28.5,0.039,0.295,0.0,,1.99
2023-03-13T06:00,24.7,36,0.0,8.8,960.1,99,13.1,122,27.8,0.039,0.295,0.0,,1.98
2023-03-13T07:00,25.1,37,0.0,9.3,960.7,24,11.0,128,27.4,0.039,0.295,40.0,,2.01
2023-03-13T08:00,27.1,34,0.0,10.1,961.6,24,13.7,135,28.5,0.039,0.295,226.0,,2.35
2023-03-13T09:00,29.7,31,0.0,10.9,962.3,50,14.8,131,31.0,0.039,0.295,465.0,,2.87
2023-03-13T10:00,32.1,26,0.0,10.0,962.6,91,16.1,132,34.4,0.039,0.295,674.0,,3.54
2023-03-13T11:00,33.6,20,0.0,7.7,961.9,99,13.9,127,37.9,0.039,0.295,810.0,,4.15
2023-03-13T12:00,34.8,18,0.0,6.7,960.7,99,13.3,88,41.0,0.038,0.295,838.0,,4.58
2023-03-13T13:00,35.4,16,0.0,5.9,959.4,100,14.6,81,43.1,0.038,0.295,755.0,,4.82
2023-03-13T14:00,35.1,16,0.0,5.9,958.3,100,17.0,73,43.4,0.038,0.295,530.0,,4.71
2023-03-13T15:00,34.7,17,0.0,5.9,957.5,93,17.1,62,42.5,0.038,0.295,329.0,,4.6
2023-03-13T16:00,34.6,15,0.0,4.5,957.2,67,9.3,62,41.6,0.038,0.295,273.0,,4.66
2023-03-13T17:00,34.8,14,0.0,3.2,957.3,97,5.4,70,42.0,0.038,0.295,223.0,,4.79
2023-03-13T18:00,33.9,16,0.0,4.7,957.5,97,3.5,246,39.8,0.038,0.294,68.0,,4.44
2023-03-13T19:00,32.6,16,0.0,3.9,957.8,99,6.6,189,37.4,0.038,0.294,0.0,,4.11
2023-03-13T20:00,32.1,16,0.0,2.9,958.4,99,14.7,152,35.9,0.038,0.294,0.0,,4.03
2023-03-13T21:00,30.8,17,0.0,2.9,958.6,50,10.0,139,34.2,0.038,0.294,0.0,,3.68
2023-03-13T22:00,29.5,19,0.0,3.5,958.9,3,13.8,81,32.8,0.038,0.294,0.0,,3.33
2023-03-13T23:00,28.4,20,0.0,3.4,958.7,5,11.6,95,31.5,0.038,0.294,0.0,,3.09
2023-03-14T00:00,27.0,21,0.0,2.9,958.4,0,10.9,96,30.1,0.038,0.294,0.0,,2.81
2023-03-14T01:00,25.9,22,0.0,2.5,957.7,1,11.4,77,28.9,0.039,0.294,0.0,,2.61
2023-03-14T02:00,25.3,22,0.0,2.3,957.2,3,14.0,90,27.9,0.039,0.294,0.0,,2.5
2023-03-14T03:00,24.8,22,0.0,1.5,957.2,9,12.9,120,27.1,0.039,0.294,0.0,,2.45
2023-03-14T04:00,23.8,23,0.0,1.2,957.6,0,9.4,184,26.3,0.039,0.294,0.0,,2.27
2023-03-14T05:00,23.1,31,0.0,5.0,957.9,18,9.1,97,27.2,0.039,0.294,0.0,,1.95
2023-03-14T06:00,22.5,32,0.0,5.1,959.0,85,6.9,171,26.2,0.039,0.294,0.0,,1.85
2023-03-14T07:00,24.0,28,0.0,4.3,960.2,90,8.2,165,25.8,0.039,0.294,46.0,,2.14
2023-03-14T08:00,26.7,24,0.0,4.4,961.0,9,8.0,144,27.3,0.039,0.294,242.0,,2.66
2023-03-14T09:00,29.4,23,0.0,6.2,961.5,3,12.7,172,30.1,0.039,0.294,454.0,,3.15
2023-03-14T10:00,31.8,22,0.0,7.4,961.4,4,16.2,179,33.6,0.039,0.294,680.0,,3.67
2023-03-14T11:00,33.4,18,0.0,6.2,960.5,10,14.9,172,37.3,0.039,0.294,840.0,,4.2
2023-03-14T12:00,34.6,15,0.0,4.1,959.2,18,7.7,152,40.9,0.038,0.294,892.0,,4.67
2023-03-14T13:00,35.2,14,0.0,3.4,957.9,17,3.7,101,44.2,0.038,0.294,878.0,,4.89
2023-03-14T14:00,35.6,13,0.0,2.7,956.8,36,5.5,238,46.2,0.038,0.294,755.0,,5.06
2023-03-14T15:00,35.9,12,0.0,1.9,955.8,42,12.6,243,46.4,0.038,0.294,603.0,,5.19
2023-03-14T16:00,35.7,12,0.0,1.7,955.3,79,15.0,240,45.1,0.038,0.294,384.0,,5.14
2023-03-14T17:00,35.3,11,0.0,0.7,955.2,94,13.7,63,43.2,0.038,0.294,206.0,,5.06
2023-03-14T18:00,34.6,10,0.0,-0.9,955.6,85,14.0,61,40.6,0.038,0.294,66.0,,4.91
2023-03-14T19:00,33.0,11,0.0,-1.1,955.9,28,9.0,88,38.1,0.038,0.294,0.0,,4.46
2023-03-14T20:00,31.6,12,0.0,-1.2,956.3,41,12.1,127,36.0,0.038,0.294,0.0,,4.08
2023-03-14T21:00,30.2,14,0.0,-0.5,956.6,45,11.4,108,34.1,0.038,0.294,0.0,,3.7
2023-03-14T22:00,29.7,16,0.0,1.3,956.5,0,11.4,103,32.6,0.038,0.294,0.0,,3.5
2023-03-14T23:00,27.9,19,0.0,1.8,956.3,12,8.7,60,31.2,0.038,0.294,0.0,,3.05
2023-03-15T00:00,26.1,23,0.0,3.4,956.4,5,7.7,41,29.8,0.038,0.294,0.0,,2.6
2023-03-15T01:00,26.2,23,0.0,3.4,955.7,16,13.8,83,28.6,0.038,0.294,0.0,,2.61
2023-03-15T02:00,25.0,26,0.0,4.2,955.2,0,16.8,59,27.7,0.038,0.294,0.0,,2.34
2023-03-15T03:00,24.8,28,0.0,5.0,955.0,3,16.6,72,27.0,0.039,0.294,0.0,,2.25
2023-03-15T04:00,23.8,31,0.0,5.7,955.2,0,10.8,111,26.3,0.039,0.294,0.0,,2.03
2023-03-15T05:00,23.3,36,0.0,7.3,955.7,5,11.2,111,28.0,0.039,0.294,0.0,,1.84
2023-03-15T06:00,23.7,35,0.0,7.2,956.6,100,19.5,92,27.1,0.039,0.294,0.0,,1.91
2023-03-15T07:00,24.9,31,0.0,6.6,957.6,93,18.4,96,26.8,0.039,0.294,45.0,,2.17
2023-03-15T08:00,27.5,26,0.0,6.2,958.7,94,21.4,103,27.9,0.039,0.294,240.0,,2.71
2023-03-15T09:00,30.5,21,0.0,6.1,959.4,100,20.7,121,30.4,0.039,0.294,466.0,,3.43
2023-03-15T10:00,33.3,20,0.0,7.1,959.3,0,21.2,148,33.7,0.039,0.294,678.0,,4.09
2023-03-15T11:00,34.8,17,0.0,6.2,958.6,99,20.3,163,37.3,0.039,0.294,836.0,,4.6
2023-03-15T12:00,35.7,15,0.0,5.0,957.6,98,17.2,164,40.5,0.038,0.294,874.0,,4.96
2023-03-15T13:00,36.3,14,0.0,4.8,956.4,95,14.2,173,43.0,0.038,0.294,845.0,,5.18
2023-03-15T14:00,36.3,14,0.0,4.4,955.7,100,12.9,167,44.2,0.038,0.294,660.0,,5.2
2023-03-15T15:00,35.6,14,0.0,4.3,954.7,96,12.9,157,43.7,0.038,0.294,389.0,,4.97
2023-03-15T16:00,35.3,14,0.0,3.7,954.2,100,8.9,166,42.5,0.038,0.294,245.0,,4.91
2023-03-15T17:00,34.1,16,0.0,4.8,954.9,100,11.1,216,40.3,0.038,0.294,89.0,,4.49
2023-03-15T18:00,33.3,17,0.0,5.1,955.4,98,10.5,266,38.5,0.038,0.294,59.0,,4.23
2023-03-15T19:00,32.6,18,0.0,5.5,955.9,100,12.6,307,36.7,0.038,0.294,0.0,,4.0
2023-03-15T20:00,31.9,21,0.0,6.6,956.9,78,8.9,317,35.4,0.038,0.294,0.0,,3.75
2023-03-15T21:00,30.6,25,0.1,8.1,957.9,100,10.9,343,34.0,0.039,0.294,0.0,,3.3
2023-03-15T22:00,31.0,23,0.0,7.2,958.0,63,10.5,27,33.1,0.039,0.294,0.0,,3.48
2023-03-15T23:00,30.2,24,0.0,7.3,958.1,93,12.8,130,32.0,0.039,0.294,0.0,,3.26
2023-03-16T00:00,28.2,29,0.0,8.7,957.9,61,15.9,205,31.0,0.039,0.294,0.0,,2.69
2023-03-16T01:00,27.2,36,0.0,10.9,957.4,71,8.6,202,30.1,0.039,0.294,0.0,,2.29
2023-03-16T02:00,27.0,37,0.0,11.2,957.2,100,13.5,164,29.4,0.039,0.294,0.0,,2.24
2023-03-16T03:00,26.8,38,0.0,11.5,957.3,56,10.0,221,29.0,0.039,0.294,0.0,,2.16
2023-03-16T04:00,24.4,55,0.1,14.8,957.6,77,17.8,223,28.2,0.041,0.294,0.0,,1.38
2023-03-16T05:00,26.4,39,0.0,11.3,957.3,88,12.1,100,28.6,0.039,0.294,0.0,,2.11
2023-03-16T06:00,25.4,42,0.0,11.6,958.2,20,6.7,234,27.9,0.039,0.294,0.0,,1.87
2023-03-16T07:00,25.6,45,0.0,12.7,959.2,39,10.7,315,27.6,0.039,0.294,42.0,,1.81
2023-03-16T08:00,26.8,53,0.0,16.5,960.4,26,16.6,338,28.7,0.039,0.294,222.0,,1.65
2023-03-16T09:00,28.4,44,0.0,14.8,961.0,21,14.8,342,30.9,0.039,0.294,439.0,,2.17
2023-03-16T10:00,30.2,37,0.0,14.1,961.2,74,17.2,344,34.0,0.039,0.294,647.0,,2.68
2023-03-16T11:00,30.2,35,0.0,13.0,960.7,91,5.4,262,36.2,0.039,0.294,574.0,,2.79
2023-03-16T12:00,28.7,39,0.4,13.5,959.5,97,5.8,90,38.4,0.044,0.294,643.0,,2.39
2023-03-16T13:00,30.3,31,0.0,11.2,957.9,99,4.2,110,39.9,0.043,0.294,593.0,,2.99
2023-03-16T14:00,31.5,26,0.0,9.8,956.7,87,9.1,173,41.1,0.042,0.294,601.0,,3.41
2023-03-16T15:00,32.4,27,0.0,10.9,955.6,44,8.4,173,42.2,0.042,0.294,640.0,,3.55
2023-03-16T16:00,32.3,27,0.0,11.0,955.2,85,2.2,171,42.4,0.041,0.294,483.0,,3.51
2023-03-16T17:00,31.5,29,0.0,11.1,955.9,99,16.2,356,41.3,0.038,0.294,237.0,,3.3
2023-03-16T18:00,25.7,56,2.6,16.4,958.0,90,13.6,197,38.8,0.074,0.294,47.0,,1.44
2023-03-16T19:00,24.0,65,0.7,17.0,958.4,92,19.0,61,35.1,0.083,0.294,0.0,,1.05
2023-03-16T20:00,23.8,67,0.0,17.3,959.2,66,11.4,62,32.7,0.083,0.294,0.0,,0.97
2023-03-16T21:00,23.0,72,0.0,17.7,960.3,94,11.6,112,31.0,0.083,0.294,0.0,,0.78
2023-03-16T22:00,22.9,73,0.1,17.8,961.0,63,11.9,29,29.6,0.084,0.294,0.0,,0.75
2023-03-16T23:00,22.8,73,0.1,17.7,960.4,100,16.0,67,28.5,0.085,0.294,0.0,,0.75
2023-03-17T00:00,22.3,75,0.0,17.7,959.6,97,16.5,70,27.5,0.084,0.294,0.0,,0.67
2023-03-17T01:00,21.9,79,0.0,18.1,959.0,98,13.8,83,26.7,0.084,0.294,0.0,,0.55
2023-03-17T02:00,21.5,82,0.0,18.3,958.3,100,9.4,88,26.0,0.084,0.294,0.0,,0.46
2023-03-17T03:00,21.3,83,0.0,18.3,958.1,100,7.6,90,25.4,0.084,0.294,0.0,,0.43
2023-03-17T04:00,21.1,84,0.0,18.4,958.1,100,6.3,121,25.0,0.083,0.294,0.0,,0.39
2023-03-17T05:00,22.7,72,0.0,17.5,958.8,14,16.7,96,27.0,0.043,0.296,0.0,,0.77
2023-03-17T06:00,22.4,71,0.0,16.8,959.4,100,15.3,98,26.3,0.043,0.296,0.0,,0.79
2023-03-17T07:00,23.0,65,0.0,16.1,960.2,83,14.9,105,26.1,0.043,0.296,43.0,,0.97
2023-03-17T08:00,24.8,57,0.0,15.7,961.0,100,16.9,119,27.0,0.043,0.296,211.0,,1.34
2023-03-17T09:00,25.9,55,0.0,16.3,961.4,100,17.4,128,28.3,0.043,0.296,270.0,,1.48
2023-03-17T10:00,27.3,51,0.0,16.4,961.2,100,16.4,130,30.2,0.043,0.296,397.0,,1.76
2023-03-17T11:00,28.3,47,0.0,16.0,960.5,100,13.0,136,31.8,0.043,0.296,410.0,,2.03
2023-03-17T12:00,29.5,39,0.0,14.1,959.4,99,7.4,157,34.4,0.042,0.296,557.0,,2.52
2023-03-17T13:00,30.5,34,0.0,12.9,958.2,75,5.1,219,37.4,0.042,0.296,654.0,,2.88
2023-03-17T14:00,31.9,31,0.0,12.8,957.1,96,9.0,233,40.4,0.041,0.296,783.0,,3.24
2023-03-17T15:00,31.5,31,0.0,12.5,956.2,68,11.0,229,40.9,0.041,0.296,529.0,,3.17
2023-03-17T16:00,31.5,31,0.0,12.5,955.7,93,11.5,226,40.9,0.04,0.296,459.0,,3.18
2023-03-17T17:00,31.2,31,0.0,12.1,955.2,23,4.7,189,38.9,0.042,0.302,220.0,,3.13
2023-03-17T18:00,31.0,32,0.0,12.3,955.4,45,6.1,220,37.0,0.042,0.302,64.0,,3.06
2023-03-17T19:00,30.3,34,0.0,12.9,956.1,20,6.2,263,35.0,0.042,0.302,0.0,,2.82
2023-03-17T20:00,29.5,36,0.0,12.9,956.7,37,7.6,275,33.4,0.042,0.302,0.0,,2.62
2023-03-17T21:00,28.9,36,0.0,12.5,957.3,20,8.4,317,32.1,0.042,0.301,0.0,,2.52
2023-03-17T22:00,28.1,38,0.0,12.7,957.3,14,8.0,5,30.9,0.042,0.301,0.0,,2.34
2023-03-17T23:00,26.9,43,0.0,13.3,957.3,29,11.2,50,29.8,0.042,0.301,0.0,,2.01
2023-03-18T00:00,25.6,49,0.0,14.3,957.6,53,16.9,102,28.9,0.042,0.301,0.0,,1.66
2023-03-18T01:00,24.7,54,0.0,14.8,957.1,70,17.7,94,28.3,0.042,0.301,0.0,,1.42
2023-03-18T02:00,23.9,59,0.0,15.3,956.5,28,18.6,100,27.6,0.042,0.301,0.0,,1.22
2023-03-18T03:00,22.8,68,0.0,16.6,956.3,29,16.9,117,26.9,0.042,0.301,0.0,,0.89
2023-03-18T04:00,22.4,74,0.0,17.5,956.4,6,18.7,124,26.3,0.042,0.301,0.0,,0.71
2023-03-18T05:00,21.2,75,0.0,16.6,957.3,0,15.8,49,27.8,0.051,0.295,0.0,,0.63
2023-03-18T06:00,21.6,76,0.0,17.2,958.1,2,21.3,64,26.7,0.051,0.295,0.0,,0.61
2023-03-18T07:00,21.9,74,0.0,17.2,958.9,7,18.6,68,26.2,0.051,0.295,48.0,,0.67
2023-03-18T08:00,23.6,69,0.0,17.6,959.4,6,17.3,92,27.0,0.051,0.295,230.0,,0.9
2023-03-18T09:00,26.0,61,0.0,17.9,959.8,6,17.2,123,29.0,0.05,0.295,449.0,,1.32
2023-03-18T10:00,28.2,52,0.0,17.5,959.7,22,15.2,144,31.9,0.049,0.295,650.0,,1.83
2023-03-18T11:00,29.8,44,0.0,16.1,958.9,15,9.7,153,35.1,0.048,0.295,761.0,,2.35
2023-03-18T12:00,31.0,38,0.0,15.1,957.9,16,4.3,180,38.6,0.046,0.295,853.0,,2.78
2023-03-18T13:00,31.5,35,0.0,14.1,956.8,33,6.2,249,41.4,0.045,0.295,825.0,,3.01
2023-03-18T14:00,31.9,33,0.0,13.6,955.2,32,7.8,304,42.7,0.044,0.295,699.0,,3.16
2023-03-18T15:00,32.4,31,0.0,13.0,953.8,49,10.6,288,43.3,0.043,0.295,613.0,,3.37
2023-03-18T16:00,31.3,29,0.0,11.2,953.6,17,20.0,242,42.1,0.043,0.295,399.0,,3.24
2023-03-18T17:00,25.2,63,0.0,17.6,954.3,12,23.0,1,38.0,0.048,0.296,260.0,,1.19
2023-03-18T18:00,25.8,56,0.0,16.4,954.5,15,14.9,20,35.5,0.047,0.296,64.0,,1.46
2023-03-18T19:00,25.5,60,0.0,17.1,955.4,48,15.5,46,33.3,0.047,0.296,0.0,,1.31
2023-03-18T20:00,24.5,61,0.0,16.5,956.1,7,13.8,43,31.5,0.047,0.296,0.0,,1.2
2023-03-18T21:00,24.2,63,0.0,16.6,956.9,50,12.9,23,30.0,0.047,0.296,0.0,,1.13
2023-03-18T22:00,23.8,62,0.0,16.2,957.4,34,9.5,11,28.9,0.047,0.296,0.0,,1.11
2023-03-18T23:00,23.3,65,0.0,16.2,957.7,35,7.9,30,27.9,0.047,0.296,0.0,,1.01
2023-03-19T00:00,22.6,68,0.0,16.4,957.2,45,6.5,93,27.1,0.047,0.296,0.0,,0.87
2023-03-19T01:00,22.2,70,0.0,16.4,956.4,24,5.8,120,26.4,0.046,0.296,0.0,,0.8
2023-03-19T02:00,21.7,73,0.0,16.7,956.0,40,6.0,107,25.7,0.046,0.296,0.0,,0.69
2023-03-19T03:00,21.4,76,0.0,17.0,955.6,16,6.0,73,25.1,0.046,0.296,0.0,,0.62
2023-03-19T04:00,20.9,80,0.0,17.3,955.8,20,5.1,98,24.5,0.046,0.296,0.0,,0.5
2023-03-19T05:00,19.9,90,0.0,18.2,956.2,8,4.1,52,25.9,0.047,0.296,0.0,,0.24
2023-03-19T06:00,20.3,88,0.0,18.2,957.1,1,4.3,66,25.0,0.047,0.296,0.0,,0.29
2023-03-19T07:00,20.9,86,0.0,18.5,957.8,0,3.7,79,24.7,0.047,0.296,52.0,,0.33
2023-03-19T08:00,22.6,75,0.0,18.0,958.9,0,1.8,143,26.2,0.047,0.296,250.0,,0.68
2023-03-19T09:00,24.6,62,0.0,16.9,959.5,0,3.3,257,29.1,0.046,0.296,484.0,,1.16
2023-03-19T10:00,26.8,50,0.0,15.5,959.4,6,6.5,273,32.6,0.045,0.296,692.0,,1.75
2023-03-19T11:00,28.9,36,0.0,12.5,958.6,16,8.1,291,36.2,0.044,0.296,820.0,,2.53
2023-03-19T12:00,30.2,28,0.0,9.6,957.3,4,7.5,287,39.2,0.043,0.296,856.0,,3.09
2023-03-19T13:00,31.3,24,0.0,8.2,955.9,8,8.2,293,42.0,0.042,0.296,912.0,,3.47
2023-03-19T14:00,32.2,22,0.0,7.7,954.8,15,11.0,293,43.7,0.041,0.296,835.0,,3.76
2023-03-19T15:00,32.7,20,0.0,7.1,953.8,4,11.5,290,44.0,0.041,0.296,672.0,,3.94
2023-03-19T16:00,33.1,19,0.0,6.2,953.2,12,12.7,278,43.5,0.04,0.296,515.0,,4.1
2023-03-19T17:00,32.0,19,0.0,5.7,953.7,28,14.0,282,40.4,0.041,0.296,280.0,,3.83
2023-03-19T18:00,30.5,20,0.0,5.4,953.9,21,19.1,271,38.0,0.04,0.296,73.0,,3.47
2023-03-19T19:00,29.3,22,0.0,5.2,954.3,4,14.0,296,35.6,0.04,0.296,0.0,,3.18
2023-03-19T20:00,28.2,24,0.0,5.7,954.5,1,7.8,326,33.4,0.04,0.296,0.0,,2.9
2023-03-19T21:00,27.5,26,0.0,6.3,955.5,18,11.6,306,31.6,0.04,0.296,0.0,,2.72
2023-03-19T22:00,26.7,27,0.0,6.4,956.6,0,23.7,296,30.3,0.04,0.296,0.0,,2.54
2023-03-19T23:00,25.5,31,0.0,7.0,956.8,0,26.8,303,29.1,0.04,0.296,0.0,,2.26
2023-03-20T00:00,24.3,36,0.0,8.3,956.8,0,21.3,304,28.1,0.04,0.296,0.0,,1.93
2023-03-20T01:00,23.4,40,0.0,9.0,956.3,0,17.8,312,27.1,0.04,0.296,0.0,,1.73
2023-03-20T02:00,22.6,44,0.0,9.8,955.7,0,16.3,319,26.2,0.04,0.296,0.0,,1.53
2023-03-20T03:00,21.7,50,0.0,10.9,955.5,3,16.1,321,25.3,0.04,0.296,0.0,,1.3
2023-03-20T04:00,20.9,58,0.0,12.3,955.3,4,15.1,322,24.6,0.04,0.296,0.0,,1.04
2023-03-20T05:00,20.8,66,0.0,14.2,955.7,10,12.4,324,26.8,0.04,0.296,0.0,,0.83
2023-03-20T06:00,20.8,70,0.0,15.1,956.4,40,10.8,323,25.7,0.04,0.296,0.0,,0.75
2023-03-20T07:00,21.4,70,0.0,15.6,957.3,0,10.9,316,25.3,0.04,0.296,55.0,,0.77
2023-03-20T08:00,22.9,63,0.0,15.5,958.3,1,12.2,317,26.4,0.04,0.296,256.0,,1.03
2023-03-20T09:00,24.8,53,0.0,14.5,958.8,0,12.4,324,28.8,0.04,0.296,493.0,,1.47
2023-03-20T10:00,26.7,41,0.0,12.4,958.7,0,11.9,331,32.1,0.04,0.296,703.0,,2.06
2023-03-20T11:00,28.3,32,0.0,10.1,958.0,0,10.1,333,35.8,0.04,0.296,856.0,,2.6
2023-03-20T12:00,29.3,27,0.0,8.6,957.2,0,5.9,313,39.4,0.039,0.296,941.0,,2.96
2023-03-20T13:00,30.1,25,0.0,7.7,956.1,0,5.1,278,42.7,0.039,0.296,946.0,,3.2
2023-03-20T14:00,30.7,23,0.0,7.2,955.0,1,6.3,283,44.7,0.039,0.296,873.0,,3.4
2023-03-20T15:00,31.3,22,0.0,6.9,954.2,6,8.8,305,45.3,0.039,0.296,720.0,,3.56
2023-03-20T16:00,31.3,21,0.0,6.2,953.7,1,13.0,314,44.4,0.039,0.296,516.0,,3.62
2023-03-20T17:00,30.5,19,0.0,3.9,954.2,2,6.1,310,41.6,0.039,0.296,287.0,,3.56
2023-03-20T18:00,30.3,19,0.0,4.3,954.5,2,9.0,241,38.9,0.039,0.296,77.0,,3.47
2023-03-20T19:00,28.9,20,0.0,3.6,955.0,0,14.9,233,36.2,0.039,0.296,0.0,,3.19
2023-03-20T20:00,27.7,20,0.0,2.6,955.6,0,12.5,231,33.9,0.039,0.296,0.0,,2.98
2023-03-20T21:00,26.8,22,0.0,3.1,955.9,0,6.9,219,32.0,0.039,0.296,0.0,,2.76
2023-03-20T22:00,25.7,25,0.0,4.1,956.1,65,6.2,187,30.2,0.039,0.296,0.0,,2.48
2023-03-20T23:00,25.4,24,0.0,3.4,956.2,57,7.9,196,28.8,0.039,0.296,0.0,,2.47
2023-03-21T00:00,24.8,24,0.0,3.0,956.1,16,14.8,257,27.7,0.039,0.296,0.0,,2.36
2023-03-21T01:00,23.5,39,0.0,8.6,956.0,3,20.9,306,26.8,0.039,0.296,0.0,,1.77
2023-03-21T02:00,22.8,45,0.0,10.3,955.5,0,18.3,315,26.0,0.039,0.296,0.0,,1.53
2023-03-21T03:00,21.9,50,0.0,11.1,955.3,8,15.0,325,25.2,0.039,0.296,0.0,,1.3
2023-03-21T04:00,21.2,54,0.0,11.4,955.6,10,14.1,328,24.5,0.039,0.296,0.0,,1.17
2023-03-21T05:00,21.7,57,0.0,12.9,956.0,0,13.6,323,27.1,0.039,0.296,0.0,,1.1
2023-03-21T06:00,21.7,58,0.0,13.1,957.0,9,12.0,319,26.1,0.039,0.296,0.0,,1.08
2023-03-21T07:00,22.2,56,0.0,13.1,957.8,1,10.7,327,25.7,0.039,0.296,56.0,,1.17
2023-03-21T08:00,24.0,48,0.0,12.2,958.6,8,12.6,333,26.8,0.039,0.295,254.0,,1.56
2023-03-21T09:00,26.0,39,0.0,10.8,959.3,4,13.9,335,29.3,0.039,0.295,477.0,,2.07
2023-03-21T10:00,28.2,30,0.0,8.8,959.4,1,15.2,338,32.5,0.039,0.295,689.0,,2.68
2023-03-21T11:00,30.0,23,0.0,6.8,958.7,1,13.0,336,36.0,0.039,0.295,847.0,,3.24
2023-03-21T12:00,31.1,22,0.0,6.6,957.6,2,9.7,315,39.6,0.039,0.295,932.0,,3.55
2023-03-21T13:00,32.0,20,0.0,6.4,956.4,4,9.4,288,42.6,0.039,0.295,938.0,,3.78
2023-03-21T14:00,32.6,19,0.0,6.1,955.5,7,10.9,287,44.4,0.038,0.295,847.0,,3.98
2023-03-21T15:00,32.9,19,0.0,6.0,954.8,24,13.3,289,44.8,0.038,0.295,686.0,,4.05
2023-03-21T16:00,32.6,19,0.0,6.1,954.5,12,18.3,290,43.7,0.038,0.295,461.0,,3.98
2023-03-21T17:00,29.8,23,0.0,6.2,955.3,16,22.4,217,40.7,0.038,0.295,264.0,,3.23
2023-03-21T18:00,30.2,22,0.0,6.0,955.1,2,15.6,230,38.1,0.038,0.295,68.0,,3.34
2023-03-21T19:00,30.4,22,0.0,6.3,955.3,6,14.0,299,35.8,0.038,0.295,0.0,,3.38
2023-03-21T20:00,29.2,29,0.0,9.2,956.3,6,23.2,312,34.0,0.038,0.295,0.0,,2.89
2023-03-21T21:00,28.3,32,0.0,10.0,957.2,21,18.1,319,32.4,0.038,0.295,0.0,,2.62
2023-03-21T22:00,27.6,35,0.0,10.8,957.9,28,18.7,320,31.2,0.039,0.295,0.0,,2.4
2023-03-21T23:00,27.1,39,0.0,11.9,957.8,1,14.3,332,30.3,0.039,0.295,0.0,,2.19
2023-03-22T00:00,25.8,43,0.0,12.3,957.7,6,10.2,337,29.2,0.039,0.295,0.0,,1.9
2023-03-22T01:00,25.1,45,0.0,12.5,957.0,7,10.4,326,28.3,0.039,0.295,0.0,,1.73
2023-03-22T02:00,24.4,48,0.0,12.7,956.9,0,11.7,315,27.4,0.039,0.295,0.0,,1.58
2023-03-22T03:00,23.7,50,0.0,12.8,956.5,0,11.8,320,26.7,0.039,0.295,0.0,,1.45
2023-03-22T04:00,23.0,53,0.0,12.8,956.7,2,9.2,339,26.0,0.039,0.295,0.0,,1.33
2023-03-22T05:00,23.1,57,0.0,14.1,957.1,61,12.5,314,28.4,0.039,0.295,0.0,,1.22
2023-03-22T06:00,23.3,57,0.0,14.2,957.9,68,12.0,316,27.4,0.039,0.295,0.0,,1.23
2023-03-22T07:00,23.8,56,0.0,14.4,958.8,46,12.5,321,27.1,0.039,0.295,56.0,,1.3
2023-03-22T08:00,25.3,52,0.0,14.6,959.9,2,13.9,323,28.2,0.039,0.295,252.0,,1.56
2023-03-22T09:00,27.1,46,0.0,14.4,960.8,31,15.2,324,30.6,0.039,0.295,481.0,,1.95
2023-03-22T10:00,28.9,39,0.0,13.7,960.6,92,15.1,320,33.7,0.039,0.295,686.0,,2.41
2023-03-22T11:00,30.1,34,0.0,12.3,960.0,94,12.3,308,37.0,0.039,0.295,812.0,,2.84
2023-03-22T12:00,31.2,29,0.0,11.1,958.7,100,11.1,295,39.9,0.039,0.295,840.0,,3.23
2023-03-22T13:00,32.6,25,0.0,9.8,957.2,100,13.2,296,42.7,0.038,0.295,921.0,,3.7
2023-03-22T14:00,33.7,18,0.0,6.5,956.2,100,16.9,290,44.4,0.038,0.295,864.0,,4.27
2023-03-22T15:00,33.9,16,0.0,4.2,955.2,100,19.3,279,44.7,0.038,0.295,723.0,,4.47
2023-03-22T16:00,33.7,15,0.0,3.3,954.9,100,21.5,279,43.8,0.038,0.295,527.0,,4.44
2023-03-22T17:00,31.8,19,0.0,5.5,955.4,100,20.4,291,41.6,0.038,0.295,290.0,,3.8
2023-03-22T18:00,31.0,20,0.0,5.2,955.7,63,16.9,310,38.9,0.038,0.295,78.0,,3.6
2023-03-22T19:00,30.3,21,0.0,5.3,955.8,40,6.0,343,36.4,0.038,0.295,0.0,,3.43
2023-03-22T20:00,29.4,24,0.0,6.9,955.9,66,4.3,355,34.3,0.038,0.295,0.0,,3.11
2023-03-22T21:00,29.1,24,0.0,6.4,956.5,41,5.3,332,32.5,0.038,0.295,0.0,,3.07
2023-03-22T22:00,29.2,22,0.0,5.5,957.1,50,20.8,307,31.1,0.038,0.295,0.0,,3.15
2023-03-22T23:00,27.4,33,0.0,9.9,957.6,61,24.4,304,30.2,0.039,0.295,0.0,,2.43
2023-03-23T00:00,26.4,38,0.0,11.1,957.6,3,19.1,314,29.3,0.039,0.295,0.0,,2.11
2023-03-23T01:00,25.5,39,0.0,10.7,957.0,23,15.8,330,28.4,0.039,0.295,0.0,,1.98
2023-03-23T02:00,24.6,41,0.0,10.5,956.5,0,12.7,331,27.6,0.039,0.295,0.0,,1.82
2023-03-23T03:00,23.9,44,0.0,11.1,956.2,3,11.9,325,26.8,0.039,0.295,0.0,,1.65
2023-03-23T04:00,23.2,49,0.0,11.9,956.3,63,11.5,316,26.1,0.039,0.295,0.0,,1.45
2023-03-23T05:00,23.0,58,0.0,14.3,956.7,94,13.5,314,28.5,0.039,0.295,0.0,,1.18
2023-03-23T06:00,23.2,58,0.0,14.4,957.8,6,13.6,320,27.5,0.039,0.295,0.0,,1.19
2023-03-23T07:00,23.8,56,0.0,14.5,958.7,35,15.4,327,27.1,0.039,0.295,59.0,,1.3
2023-03-23T08:00,25.5,50,0.0,14.4,959.7,41,18.1,329,28.1,0.039,0.295,259.0,,1.62
2023-03-23T09:00,27.6,42,0.0,13.7,960.5,0,18.4,334,30.4,0.039,0.295,491.0,,2.13
2023-03-23T10:00,29.5,35,0.0,12.4,960.5,15,15.6,331,33.6,0.039,0.295,695.0,,2.68
2023-03-23T11:00,30.9,29,0.0,10.9,959.8,34,13.6,323,37.1,0.039,0.295,848.0,,3.15
2023-03-23T12:00,32.0,26,0.0,10.2,958.9,23,13.5,314,40.4,0.039,0.295,931.0,,3.5
2023-03-23T13:00,32.8,24,0.0,9.4,957.8,23,14.2,306,43.0,0.038,0.295,936.0,,3.8
2023-03-23T14:00,33.5,22,0.0,8.6,956.4,0,13.2,299,44.7,0.038,0.295,864.0,,4.04
2023-03-23T15:00,34.0,19,0.0,7.0,955.6,38,13.7,293,45.4,0.038,0.295,722.0,,4.32
2023-03-23T16:00,34.1,17,0.0,5.6,955.3,68,18.5,283,44.6,0.038,0.295,522.0,,4.43
2023-03-23T17:00,32.6,20,0.0,6.4,955.9,20,20.9,271,42.0,0.038,0.296,286.0,,3.94
2023-03-23T18:00,31.5,21,0.0,6.6,956.3,4,19.4,271,39.3,0.038,0.296,77.0,,3.65
2023-03-23T19:00,30.9,22,0.0,6.8,956.5,0,7.8,283,36.8,0.038,0.296,0.0,,3.47
2023-03-23T20:00,29.6,26,0.0,7.8,956.8,0,4.7,337,34.7,0.038,0.296,0.0,,3.09
2023-03-23T21:00,29.8,23,0.0,6.3,957.5,0,1.8,53,32.9,0.038,0.296,0.0,,3.24
2023-03-23T22:00,27.7,28,0.0,7.8,957.6,9,5.8,173,31.4,0.039,0.296,0.0,,2.65
2023-03-23T23:00,27.5,28,0.0,7.5,957.5,30,8.2,232,30.2,0.039,0.296,0.0,,2.62
2023-03-24T00:00,26.8,31,0.0,8.1,957.6,0,16.7,289,29.2,0.039,0.296,0.0,,2.43
2023-03-24T01:00,25.7,37,0.0,9.9,956.9,0,14.8,304,28.4,0.039,0.296,0.0,,2.08
2023-03-24T02:00,24.8,41,0.0,10.7,956.1,0,13.5,304,27.6,0.039,0.296,0.0,,1.84
2023-03-24T03:00,24.0,38,0.0,8.8,955.9,0,14.3,332,26.8,0.039,0.296,0.0,,1.85
2023-03-24T04:00,23.2,39,0.0,8.3,955.8,0,13.7,342,26.1,0.039,0.296,0.0,,1.74
2023-03-24T05:00,23.7,41,0.0,9.8,956.3,0,16.6,338,28.9,0.039,0.295,0.0,,1.72
2023-03-24T06:00,23.9,41,0.0,9.9,957.1,0,15.8,343,27.8,0.039,0.295,0.0,,1.75
2023-03-24T07:00,24.5,40,0.0,10.2,958.2,0,13.5,351,27.5,0.039,0.295,62.0,,1.83
2023-03-24T08:00,26.5,37,0.0,10.7,959.4,0,14.0,1,28.6,0.039,0.295,265.0,,2.17
2023-03-24T09:00,29.1,33,0.0,11.3,959.9,0,13.0,3,31.2,0.039,0.295,497.0,,2.69
2023-03-24T10:00,31.5,28,0.0,10.8,959.8,0,8.6,15,34.9,0.039,0.295,702.0,,3.32
2023-03-24T11:00,32.9,24,0.0,9.8,959.2,0,2.8,50,39.3,0.039,0.295,854.0,,3.79
2023-03-24T12:00,34.0,22,0.0,9.0,958.1,0,1.6,243,43.5,0.038,0.295,938.0,,4.17
2023-03-24T13:00,34.9,20,0.0,8.5,957.0,0,5.6,243,46.7,0.038,0.295,945.0,,4.47
2023-03-24T14:00,35.5,18,0.0,7.4,956.1,0,8.7,246,48.5,0.038,0.295,873.0,,4.75
2023-03-24T15:00,35.7,17,0.0,7.0,955.2,10,8.6,248,48.9,0.038,0.295,730.0,,4.85
2023-03-24T16:00,35.8,17,0.0,7.2,954.9,42,5.0,249,48.2,0.038,0.295,529.0,,4.86
2023-03-24T17:00,34.9,19,0.0,8.0,955.3,2,12.6,294,45.9,0.038,0.295,294.0,,4.52
2023-03-24T18:00,33.6,19,0.0,7.1,955.7,3,19.7,301,42.8,0.038,0.295,78.0,,4.19
2023-03-24T19:00,33.1,20,0.0,7.5,956.2,1,13.5,295,39.9,0.038,0.295,0.0,,4.01
2023-03-24T20:00,32.5,21,0.0,7.5,956.8,8,14.1,322,37.6,0.038,0.294,0.0,,3.84
2023-03-24T21:00,31.5,23,0.0,7.9,957.4,3,18.1,317,35.8,0.038,0.294,0.0,,3.54
2023-03-24T22:00,30.5,24,0.0,7.8,957.8,1,12.7,345,34.2,0.038,0.294,0.0,,3.3
2023-03-24T23:00,29.3,24,0.0,6.9,957.8,2,11.5,20,32.7,0.038,0.294,0.0,,3.08
2023-03-25T00:00,28.2,25,0.0,6.4,958.3,24,12.8,308,31.5,0.038,0.294,0.0,,2.86
2023-03-25T01:00,26.9,36,0.0,10.5,958.0,0,20.2,310,30.4,0.038,0.294,0.0,,2.28
2023-03-25T02:00,26.1,33,0.0,8.8,957.5,16,19.2,322,29.4,0.038,0.294,0.0,,2.24
2023-03-25T03:00,25.4,35,0.0,8.6,957.2,42,17.6,337,28.6,0.038,0.294,0.0,,2.12
2023-03-25T04:00,24.7,37,0.0,9.0,957.2,93,15.7,328,27.9,0.039,0.294,0.0,,1.96
2023-03-25T05:00,24.2,44,0.0,11.2,957.8,0,16.8,332,29.5,0.039,0.294,0.0,,1.68
2023-03-25T06:00,24.0,45,0.0,11.4,958.5,15,14.6,344,28.4,0.039,0.294,0.0,,1.64
2023-03-25T07:00,24.5,44,0.0,11.6,959.6,61,14.1,347,28.0,0.039,0.294,63.0,,1.71
2023-03-25T08:00,26.1,41,0.0,12.0,960.7,5,15.5,356,29.1,0.039,0.294,266.0,,1.98
2023-03-25T09:00,28.6,36,0.0,12.0,961.0,13,16.6,4,31.5,0.039,0.294,496.0,,2.5
2023-03-25T10:00,31.0,31,0.0,11.7,961.0,31,13.4,20,34.8,0.039,0.294,699.0,,3.1
2023-03-25T11:00,32.8,28,0.0,12.0,960.1,0,9.2,31,38.7,0.039,0.294,852.0,,3.56
2023-03-25T12:00,34.2,24,0.0,10.9,959.0,52,4.6,18,42.8,0.038,0.294,934.0,,4.06
2023-03-25T13:00,35.4,21,0.0,9.6,957.6,72,4.4,279,46.3,0.038,0.294,940.0,,4.54
2023-03-25T14:00,36.1,19,0.0,8.8,956.6,86,9.2,259,48.4,0.038,0.294,868.0,,4.84
2023-03-25T15:00,36.4,18,0.0,8.3,955.8,85,9.0,265,48.9,0.038,0.294,723.0,,4.96
2023-03-25T16:00,36.8,16,0.0,7.3,955.4,76,10.8,285,48.1,0.038,0.294,495.0,,5.17
2023-03-25T17:00,35.7,18,0.0,7.7,956.2,94,17.6,242,45.5,0.038,0.294,261.0,,4.8
2023-03-25T18:00,34.6,18,0.0,6.7,956.5,30,20.6,243,42.8,0.038,0.294,61.0,,4.52
2023-03-25T19:00,33.5,18,0.0,6.2,957.0,12,14.1,251,40.1,0.038,0.294,0.0,,4.23
2023-03-25T20:00,32.6,19,0.0,6.2,957.6,0,10.1,272,37.8,0.038,0.294,0.0,,3.96
2023-03-25T21:00,31.1,23,0.0,7.6,957.9,0,5.5,281,35.8,0.038,0.294,0.0,,3.47
2023-03-25T22:00,30.4,24,0.0,7.8,958.0,0,5.8,300,34.0,0.038,0.294,0.0,,3.28
2023-03-25T23:00,29.3,23,0.0,6.2,958.8,0,29.0,295,32.7,0.038,0.294,0.0,,3.13
2023-03-26T00:00,27.9,26,0.0,6.4,958.4,0,23.0,320,31.5,0.038,0.294,0.0,,2.8
2023-03-26T01:00,27.0,27,0.0,6.6,957.8,0,19.1,338,30.4,0.038,0.294,0.0,,2.58
2023-03-26T02:00,26.2,26,0.0,5.5,957.1,19,17.1,330,29.4,0.038,0.294,0.0,,2.5
2023-03-26T03:00,25.2,28,0.0,5.4,957.1,25,13.8,321,28.5,0.038,0.294,0.0,,2.31
2023-03-26T04:00,24.1,31,0.0,5.7,956.9,14,9.4,320,27.5,0.039,0.294,0.0,,2.08
2023-03-26T05:00,23.6,42,0.0,9.9,957.5,0,9.0,323,28.9,0.039,0.294,0.0,,1.7
2023-03-26T06:00,23.8,39,0.0,9.0,958.3,0,10.3,335,27.8,0.039,0.294,0.0,,1.79
2023-03-26T07:00,24.8,35,0.0,8.2,959.2,0,9.0,337,27.6,0.039,0.294,67.0,,2.03
2023-03-26T08:00,26.9,33,0.0,9.3,960.2,3,10.4,340,29.0,0.039,0.294,274.0,,2.36
2023-03-26T09:00,29.0,32,0.0,10.9,960.8,7,10.5,352,31.8,0.039,0.294,507.0,,2.71
2023-03-26T10:00,31.3,28,0.0,10.4,960.8,0,9.4,353,35.5,0.039,0.294,711.0,,3.31
2023-03-26T11:00,32.9,22,0.0,8.1,960.2,0,6.0,327,39.6,0.038,0.294,861.0,,3.91
2023-03-26T12:00,34.1,19,0.0,7.3,959.3,0,7.3,281,43.5,0.038,0.294,942.0,,4.33
2023-03-26T13:00,35.0,18,0.0,7.2,958.1,0,10.1,266,46.3,0.038,0.294,946.0,,4.59
2023-03-26T14:00,35.4,18,0.0,7.4,956.8,0,9.1,277,48.0,0.038,0.294,872.0,,4.72
2023-03-26T15:00,36.1,17,0.0,7.5,955.8,0,9.0,307,48.7,0.038,0.294,726.0,,4.92
2023-03-26T16:00,36.4,17,0.0,7.5,955.3,3,13.6,287,47.9,0.038,0.294,523.0,,5.04
2023-03-26T17:00,34.5,19,0.0,7.3,955.9,1,27.7,238,44.6,0.038,0.294,290.0,,4.43
2023-03-26T18:00,33.6,19,0.0,6.5,956.4,0,20.6,241,41.7,0.038,0.294,77.0,,4.22
2023-03-26T19:00,32.7,20,0.0,6.9,956.6,0,7.8,283,39.1,0.038,0.294,0.0,,3.95
2023-03-26T20:00,31.7,21,0.0,7.0,956.8,0,7.6,352,36.8,0.038,0.294,0.0,,3.66
2023-03-26T21:00,30.7,22,0.0,6.3,957.1,0,10.4,314,34.9,0.038,0.294,0.0,,3.47
2023-03-26T22:00,30.3,21,0.0,5.5,957.2,0,13.1,323,33.4,0.038,0.294,0.0,,3.4
2023-03-26T23:00,29.2,18,0.0,2.4,957.7,0,20.5,292,32.2,0.038,0.294,0.0,,3.32
2023-03-27T00:00,27.6,22,0.0,4.1,957.3,0,21.6,300,31.0,0.038,0.294,0.0,,2.86
2023-03-27T01:00,26.6,27,0.0,6.3,956.9,0,20.7,310,30.0,0.038,0.294,0.0,,2.53
2023-03-27T02:00,25.7,30,0.0,6.8,956.8,0,18.3,315,29.0,0.038,0.294,0.0,,2.3
2023-03-27T03:00,24.8,31,0.0,6.8,956.5,0,18.1,325,28.1,0.038,0.294,0.0,,2.15
2023-03-27T04:00,24.1,32,0.0,6.5,956.9,0,16.0,329,27.3,0.039,0.294,0.0,,2.03
2023-03-27T05:00,23.2,54,0.0,13.4,957.6,0,15.3,317,29.1,0.039,0.294,0.0,,1.31
2023-03-27T06:00,23.2,53,0.0,13.0,958.2,80,12.2,326,27.9,0.039,0.294,0.0,,1.35
2023-03-27T07:00,24.1,47,0.0,12.0,959.3,69,11.6,334,27.6,0.039,0.294,69.0,,1.59
2023-03-27T08:00,25.9,38,0.0,10.5,960.4,90,12.9,342,28.8,0.039,0.294,278.0,,2.06
2023-03-27T09:00,27.9,31,0.0,9.3,960.9,91,10.5,354,31.5,0.039,0.294,513.0,,2.58
2023-03-27T10:00,30.0,26,0.0,8.5,961.0,92,9.7,358,35.1,0.039,0.294,722.0,,3.12
2023-03-27T11:00,31.7,22,0.0,7.2,960.6,76,8.1,347,39.0,0.038,0.294,876.0,,3.65
2023-03-27T12:00,33.0,19,0.0,6.0,959.7,77,5.9,313,42.8,0.038,0.294,959.0,,4.08
2023-03-27T13:00,34.1,17,0.0,5.4,958.4,55,7.6,289,45.8,0.038,0.294,963.0,,4.45
2023-03-27T14:00,35.0,16,0.0,5.0,957.2,86,9.7,285,47.7,0.038,0.294,888.0,,4.75
2023-03-27T15:00,35.5,15,0.0,4.7,956.2,73,12.2,284,48.1,0.038,0.294,739.0,,4.91
2023-03-27T16:00,35.4,15,0.0,4.7,955.7,34,14.2,300,47.2,0.038,0.294,534.0,,4.88
2023-03-27T17:00,34.4,15,0.0,4.2,956.3,6,12.7,325,44.6,0.038,0.294,298.0,,4.6
2023-03-27T18:00,33.8,14,0.0,2.5,956.5,0,13.1,328,41.8,0.038,0.294,83.0,,4.53
2023-03-27T19:00,32.3,15,0.0,2.0,956.9,0,8.9,317,39.0,0.038,0.294,0.0,,4.13
2023-03-27T20:00,30.8,16,0.0,1.7,957.0,0,9.2,329,36.5,0.038,0.294,0.0,,3.75
2023-03-27T21:00,30.1,14,0.0,-0.4,957.3,0,12.2,346,34.5,0.038,0.294,0.0,,3.66
2023-03-27T22:00,28.8,14,0.0,-1.3,957.2,7,10.8,360,32.7,0.038,0.294,0.0,,3.4
2023-03-27T23:00,27.2,16,0.0,-0.8,956.8,87,8.3,355,31.1,0.038,0.294,0.0,,3.03
2023-03-28T00:00,26.7,17,0.0,-0.7,956.5,88,11.5,311,29.7,0.038,0.294,0.0,,2.91
2023-03-28T01:00,25.4,24,0.0,3.4,956.4,91,14.4,292,28.6,0.038,0.294,0.0,,2.46
2023-03-28T02:00,24.5,35,0.0,8.1,955.9,24,14.4,292,27.7,0.038,0.294,0.0,,1.99
2023-03-28T03:00,23.7,40,0.0,9.2,955.7,0,13.3,303,26.8,0.038,0.294,0.0,,1.76
2023-03-28T04:00,22.9,36,0.0,6.9,955.8,0,11.8,329,26.0,0.039,0.294,0.0,,1.8
2023-03-28T05:00,22.3,46,0.0,10.1,956.7,11,11.8,320,28.0,0.039,0.294,0.0,,1.46
2023-03-28T06:00,22.6,46,0.0,10.4,957.5,25,11.3,333,26.8,0.039,0.294,0.0,,1.48
2023-03-28T07:00,23.8,42,0.0,10.1,958.5,24,11.0,337,26.6,0.039,0.294,73.0,,1.7
2023-03-28T08:00,26.0,36,0.0,9.8,959.6,30,13.6,343,28.1,0.039,0.294,285.0,,2.15
2023-03-28T09:00,28.8,30,0.0,9.7,960.0,36,12.8,349,30.9,0.039,0.294,522.0,,2.74
2023-03-28T10:00,31.5,23,0.0,8.1,960.0,58,10.8,360,34.6,0.039,0.294,729.0,,3.53
2023-03-28T11:00,33.2,19,0.0,6.3,959.4,64,5.8,356,38.9,0.038,0.294,881.0,,4.14
2023-03-28T12:00,34.5,16,0.0,4.6,958.3,1,2.5,278,43.3,0.038,0.294,964.0,,4.61
2023-03-28T13:00,35.5,14,0.0,3.9,957.1,24,7.3,237,46.6,0.038,0.294,968.0,,4.97
2023-03-28T14:00,36.1,14,0.0,4.0,956.2,16,8.3,236,48.4,0.038,0.294,892.0,,5.15
2023-03-28T15:00,36.5,13,0.0,4.0,955.2,53,5.9,256,49.2,0.038,0.294,744.0,,5.28
2023-03-28T16:00,36.7,13,0.0,3.4,955.1,87,5.4,278,48.6,0.038,0.294,537.0,,5.39
2023-03-28T17:00,36.1,13,0.0,3.6,955.5,97,14.2,234,46.4,0.038,0.294,298.0,,5.18
2023-03-28T18:00,34.9,14,0.0,3.9,955.9,89,19.3,233,43.3,0.038,0.294,83.0,,4.77
2023-03-28T19:00,33.6,16,0.0,4.1,956.7,74,18.8,234,40.4,0.038,0.293,0.0,,4.38
2023-03-28T20:00,32.9,17,0.0,4.2,957.1,57,9.2,259,38.0,0.038,0.293,0.0,,4.16
2023-03-28T21:00,31.3,19,0.0,4.7,957.2,82,11.0,308,35.9,0.038,0.293,0.0,,3.72
2023-03-28T22:00,30.2,21,0.0,5.5,957.2,81,8.9,310,34.2,0.038,0.293,0.0,,3.39
2023-03-28T23:00,28.9,23,0.0,5.6,956.9,66,9.1,326,32.6,0.038,0.293,0.0,,3.08
2023-03-29T00:00,27.9,24,0.0,5.6,956.2,26,9.1,342,31.2,0.038,0.293,0.0,,2.85
2023-03-29T01:00,27.2,26,0.0,5.8,956.0,24,12.4,296,30.0,0.038,0.293,0.0,,2.67
2023-03-29T02:00,25.2,33,0.0,8.0,956.1,24,5.6,315,28.9,0.038,0.293,0.0,,2.13
2023-03-29T03:00,24.5,35,0.0,8.1,956.1,28,9.0,247,27.8,0.038,0.293,0.0,,2.0
2023-03-29T04:00,23.7,41,0.0,9.6,956.0,60,11.9,275,27.0,0.038,0.293,0.0,,1.74
2023-03-29T05:00,23.3,50,0.0,12.2,957.2,90,12.1,307,28.8,0.039,0.293,0.0,,1.44
2023-03-29T06:00,23.6,50,0.0,12.6,957.6,0,13.7,305,27.7,0.039,0.293,0.0,,1.46
2023-03-29T07:00,25.0,42,0.0,11.3,958.7,0,11.0,328,27.5,0.039,0.293,74.0,,1.82
2023-03-29T08:00,27.3,32,0.0,9.4,959.8,0,10.1,354,29.0,0.039,0.293,286.0,,2.44
2023-03-29T09:00,29.4,28,0.0,9.1,960.4,46,3.3,13,32.2,0.039,0.293,522.0,,2.94
2023-03-29T10:00,31.5,25,0.0,8.8,960.3,56,1.4,180,36.5,0.038,0.293,727.0,,3.49
2023-03-29T11:00,33.9,19,0.0,7.2,959.7,88,4.3,228,40.9,0.038,0.293,878.0,,4.26
2023-03-29T12:00,35.7,16,0.0,6.0,958.7,81,9.7,225,44.6,0.038,0.293,960.0,,4.91
2023-03-29T13:00,37.3,14,0.0,5.4,957.7,62,16.1,222,47.1,0.038,0.293,961.0,,5.46
2023-03-29T14:00,37.7,13,0.0,4.9,956.6,54,22.7,222,48.1,0.038,0.293,884.0,,5.65
2023-03-29T15:00,37.8,13,0.0,4.5,956.1,76,19.3,233,48.1,0.038,0.293,737.0,,5.69
2023-03-29T16:00,37.7,12,0.0,3.9,955.6,100,14.3,242,47.4,0.038,0.293,533.0,,5.7
2023-03-29T17:00,37.3,12,0.0,3.6,955.7,81,11.5,231,45.3,0.038,0.293,297.0,,5.59
2023-03-29T18:00,36.2,13,0.0,3.5,955.9,90,18.6,226,42.6,0.038,0.293,83.0,,5.21
2023-03-29T19:00,34.7,14,0.0,3.3,956.4,71,15.9,218,40.1,0.038,0.293,0.0,,4.74
2023-03-29T20:00,33.3,15,0.0,3.2,957.3,24,16.5,224,37.9,0.038,0.293,0.0,,4.33
2023-03-29T21:00,31.7,16,0.0,2.9,958.0,0,13.4,243,35.9,0.038,0.293,0.0,,3.91
2023-03-29T22:00,30.4,20,0.0,4.6,958.7,0,14.8,269,34.2,0.038,0.293,0.0,,3.48
2023-03-29T23:00,29.2,23,0.0,5.7,958.8,0,14.1,302,32.8,0.038,0.293,0.0,,3.13
2023-03-30T00:00,28.3,32,0.0,10.1,958.3,0,16.9,299,31.5,0.038,0.293,0.0,,2.6
2023-03-30T01:00,27.3,40,0.0,12.7,957.9,0,17.5,307,30.5,0.038,0.293,0.0,,2.16
2023-03-30T02:00,26.4,44,0.0,13.1,957.3,0,15.2,306,29.6,0.038,0.293,0.0,,1.92
2023-03-30T03:00,25.3,47,0.0,13.2,956.8,0,12.4,306,28.7,0.038,0.293,0.0,,1.71
2023-03-30T04:00,24.4,50,0.0,13.3,956.4,0,12.5,314,27.8,0.038,0.293,0.0,,1.53
2023-03-30T05:00,24.0,60,0.0,15.7,956.9,0,12.5,321,29.2,0.039,0.293,0.0,,1.2
2023-03-30T06:00,23.9,59,0.0,15.5,957.7,0,13.1,323,28.1,0.039,0.293,0.0,,1.2
2023-03-30T07:00,24.7,56,0.0,15.2,958.8,0,11.8,320,27.9,0.039,0.293,76.0,,1.37
2023-03-30T08:00,26.3,50,0.0,15.1,960.0,0,4.7,328,29.4,0.039,0.293,288.0,,1.71
2023-03-30T09:00,28.1,44,0.0,14.7,960.4,0,1.9,248,32.7,0.039,0.293,521.0,,2.12
2023-03-30T10:00,30.2,33,0.0,12.4,960.1,0,3.7,259,36.7,0.039,0.293,729.0,,2.86
2023-03-30T11:00,32.2,25,0.0,9.8,959.6,0,5.8,263,40.8,0.038,0.293,882.0,,3.6
2023-03-30T12:00,33.9,20,0.0,7.7,958.2,0,5.6,255,44.5,0.038,0.293,964.0,,4.22
2023-03-30T13:00,35.2,16,0.0,5.7,956.8,0,6.4,243,47.4,0.038,0.293,967.0,,4.77
2023-03-30T14:00,36.4,12,0.0,2.5,955.5,0,7.9,231,49.3,0.038,0.293,891.0,,5.32
2023-03-30T15:00,37.4,9,0.0,-0.6,954.6,0,14.5,224,49.7,0.038,0.293,746.0,,5.81
2023-03-30T16:00,36.9,9,0.0,-1.2,954.3,0,22.5,220,48.3,0.038,0.293,543.0,,5.66
2023-03-30T17:00,35.7,10,0.0,-0.8,954.6,0,16.4,237,45.3,0.038,0.293,306.0,,5.25
2023-03-30T18:00,34.5,11,0.0,-0.8,954.7,0,12.0,263,42.4,0.038,0.293,86.0,,4.89
2023-03-30T19:00,33.6,11,0.0,-1.0,955.0,0,10.7,312,39.5,0.038,0.293,0.0,,4.62
2023-03-30T20:00,32.1,11,0.0,-1.5,955.3,0,8.8,341,37.1,0.038,0.293,0.0,,4.22
2023-03-30T21:00,32.4,11,0.0,-1.9,956.2,0,0.8,333,34.9,0.038,0.293,0.0,,4.32
2023-03-30T22:00,29.4,13,0.0,-1.5,956.6,0,15.6,262,33.1,0.038,0.293,0.0,,3.55
2023-03-30T23:00,28.1,42,0.0,13.8,956.8,0,25.5,299,31.8,0.038,0.293,0.0,,2.21
2023-03-31T00:00,27.0,49,0.0,15.3,956.6,0,21.3,294,30.8,0.038,0.293,0.0,,1.83
2023-03-31T01:00,26.0,54,0.0,16.0,956.4,0,17.9,295,29.8,0.038,0.293,0.0,,1.55
2023-03-31T02:00,25.3,57,0.0,16.3,955.8,0,15.5,312,29.0,0.038,0.293,0.0,,1.37
2023-03-31T03:00,24.5,61,0.0,16.5,955.6,0,10.2,318,28.1,0.038,0.293,0.0,,1.19
2023-03-31T04:00,23.5,65,0.0,16.5,956.1,0,7.3,327,27.2,0.039,0.293,0.0,,1.02
2023-03-31T05:00,23.4,68,0.0,17.3,956.5,0,10.6,305,28.9,0.039,0.293,0.0,,0.91
2023-03-31T06:00,23.3,70,0.0,17.4,957.7,0,9.9,303,27.9,0.039,0.293,0.0,,0.86
2023-03-31T07:00,23.8,66,0.0,17.1,958.8,0,15.8,317,27.7,0.039,0.293,76.0,,0.99
2023-03-31T08:00,25.2,57,0.0,16.1,959.7,60,17.6,319,28.8,0.039,0.293,285.0,,1.37
2023-03-31T09:00,27.3,46,0.0,14.7,960.3,90,15.6,320,31.2,0.039,0.293,518.0,,1.95
2023-03-31T10:00,29.4,37,0.0,13.1,960.2,93,14.8,319,34.6,0.039,0.293,721.0,,2.6
2023-03-31T11:00,31.4,30,0.0,11.6,959.4,98,14.5,316,38.1,0.039,0.293,871.0,,3.22
2023-03-31T12:00,33.0,25,0.0,10.5,958.4,96,14.7,306,41.5,0.038,0.293,952.0,,3.75
2023-03-31T13:00,34.1,22,0.0,9.3,956.9,90,14.3,298,44.0,0.038,0.293,926.0,,4.16
2023-03-31T14:00,35.0,19,0.0,8.1,955.7,100,15.5,282,45.9,0.038,0.293,874.0,,4.53
2023-03-31T15:00,35.1,19,0.0,7.7,954.7,95,17.7,272,46.3,0.038,0.293,727.0,,4.59
2023-03-31T16:00,35.0,18,0.0,7.2,954.1,93,15.0,305,45.5,0.038,0.293,490.0,,4.59
2023-03-31T17:00,34.2,20,0.0,7.9,954.6,78,12.7,335,43.3,0.038,0.293,294.0,,4.3
2023-03-31T18:00,33.7,20,0.0,7.5,954.4,60,10.9,333,40.8,0.038,0.293,82.0,,4.18
2023-03-31T19:00,32.7,21,0.0,7.7,954.9,71,1.1,252,38.4,0.038,0.293,0.0,,3.88
2023-03-31T20:00,31.1,25,0.0,8.9,955.3,46,4.4,125,36.3,0.038,0.293,0.0,,3.37
2023-03-31T21:00,30.8,24,0.0,7.9,956.3,1,14.8,319,34.5,0.038,0.293,0.0,,3.37
2023-03-31T22:00,29.5,36,0.0,13.0,957.0,0,21.4,335,33.2,0.038,0.293,0.0,,2.62
2023-03-31T23:00,28.9,40,0.0,13.9,957.3,0,18.4,320,32.1,0.038,0.293,0.0,,2.38
2023-04-01T00:00,27.8,45,0.0,15.0,957.1,0,21.7,313,31.2,0.038,0.293,0.0,,2.04
2023-04-01T01:00,27.2,46,0.0,14.7,956.6,37,19.6,324,30.3,0.038,0.293,0.0,,1.92
2023-04-01T02:00,26.4,48,0.0,14.6,956.3,73,17.3,329,29.5,0.039,0.293,0.0,,1.79
2023-04-01T03:00,25.7,51,0.0,14.8,956.3,56,15.9,327,28.8,0.039,0.293,0.0,,1.61
2023-04-01T04:00,25.0,53,0.0,14.7,956.5,82,14.3,326,28.0,0.039,0.293,0.0,,1.49
2023-04-01T05:00,24.5,57,0.0,15.5,957.2,62,12.6,333,30.6,0.039,0.293,0.0,,1.31
2023-04-01T06:00,24.6,57,0.0,15.5,957.9,96,12.7,335,29.4,0.039,0.293,0.0,,1.34
2023-04-01T07:00,25.3,54,0.0,15.3,959.2,92,13.8,340,29.0,0.039,0.293,79.0,,1.49
2023-04-01T08:00,27.0,46,0.0,14.2,959.9,86,13.1,352,30.2,0.039,0.293,288.0,,1.94
2023-04-01T09:00,29.3,32,0.0,11.0,960.4,87,13.8,353,32.8,0.039,0.293,522.0,,2.75
2023-04-01T10:00,31.1,24,0.0,7.9,960.0,86,14.4,347,36.0,0.039,0.293,728.0,,3.44
2023-04-01T11:00,32.4,20,0.0,6.3,959.6,80,12.1,337,39.5,0.038,0.293,880.0,,3.91
2023-04-01T12:00,33.5,18,0.0,5.5,958.6,82,10.0,319,43.0,0.038,0.293,962.0,,4.26
2023-04-01T13:00,34.3,17,0.0,5.4,957.3,63,10.0,300,45.8,0.038,0.293,965.0,,4.51
2023-04-01T14:00,35.0,16,0.0,5.4,956.3,92,10.5,292,47.6,0.038,0.293,888.0,,4.71
2023-04-01T15:00,35.6,15,0.0,5.1,955.5,100,14.2,286,48.0,0.038,0.293,739.0,,4.93
2023-04-01T16:00,35.1,16,0.0,5.3,955.2,97,19.9,276,46.9,0.038,0.293,535.0,,4.77
2023-04-01T17:00,33.5,19,0.0,6.8,955.7,49,18.4,274,44.5,0.038,0.293,299.0,,4.17
2023-04-01T18:00,32.6,20,0.0,6.7,955.7,0,12.6,294,41.6,0.038,0.293,84.0,,3.92
2023-04-01T19:00,32.3,20,0.0,6.1,956.1,0,12.3,353,38.9,0.038,0.293,0.0,,3.88
2023-04-01T20:00,31.3,19,0.0,5.0,956.6,0,13.8,7,36.8,0.038,0.293,0.0,,3.7
2023-04-01T21:00,30.6,20,0.0,5.1,956.7,25,11.5,2,35.0,0.038,0.293,0.0,,3.51
2023-04-01T22:00,29.6,22,0.0,5.4,957.1,50,8.9,313,33.4,0.038,0.293,0.0,,3.25
2023-04-01T23:00,28.9,20,0.0,4.0,957.6,65,21.1,287,32.1,0.038,0.293,0.0,,3.16
2023-04-02T00:00,27.6,19,0.0,2.1,957.7,38,24.1,308,31.0,0.038,0.293,0.0,,2.98
2023-04-02T01:00,26.3,24,0.0,3.9,957.1,35,18.3,313,29.9,0.038,0.293,0.0,,2.62
2023-04-02T02:00,25.0,36,0.0,9.0,956.5,78,18.4,329,28.9,0.038,0.293,0.0,,2.02
2023-04-02T03:00,24.0,51,0.0,13.2,956.0,39,14.7,329,27.9,0.038,0.292,0.0,,1.46
2023-04-02T04:00,23.1,61,0.0,15.1,956.0,45,13.0,321,27.1,0.039,0.292,0.0,,1.11
2023-04-02T05:00,23.0,68,0.0,16.8,956.4,70,13.0,326,29.6,0.039,0.292,0.0,,0.9
2023-04-02T06:00,23.3,67,0.0,16.8,957.1,90,11.6,338,28.5,0.039,0.292,0.0,,0.95
2023-04-02T07:00,24.5,56,0.0,15.1,958.3,33,10.1,333,28.2,0.039,0.292,82.0,,1.35
2023-04-02T08:00,26.8,42,0.0,12.7,959.4,0,9.3,332,29.7,0.039,0.292,295.0,,2.06
2023-04-02T09:00,29.6,31,0.0,10.6,960.1,0,9.0,355,32.6,0.039,0.292,528.0,,2.86
2023-04-02T10:00,31.6,26,0.0,9.5,959.7,0,7.2,18,36.4,0.039,0.292,732.0,,3.45
2023-04-02T11:00,33.0,21,0.0,7.9,959.2,0,3.7,349,40.7,0.038,0.292,881.0,,3.96
2023-04-02T12:00,34.3,18,0.0,6.9,958.2,0,5.7,288,44.6,0.038,0.292,960.0,,4.4
2023-04-02T13:00,35.1,17,0.0,6.7,957.1,0,7.6,267,47.5,0.038,0.292,963.0,,4.66
2023-04-02T14:00,35.5,17,0.0,6.7,955.8,56,5.4,290,49.3,0.038,0.292,885.0,,4.8
2023-04-02T15:00,36.3,16,0.0,6.5,954.7,15,7.3,327,50.0,0.038,0.292,735.0,,5.06
2023-04-02T16:00,36.5,16,0.0,6.3,954.4,0,10.7,312,49.1,0.038,0.292,531.0,,5.15
2023-04-02T17:00,35.3,16,0.0,5.9,954.5,0,16.6,294,46.3,0.038,0.292,298.0,,4.79
2023-04-02T18:00,34.2,15,0.0,4.2,955.0,0,19.8,286,43.2,0.038,0.292,84.0,,4.54
2023-04-02T19:00,32.7,18,0.0,5.0,955.6,23,17.3,266,40.3,0.038,0.292,1.0,,4.06
2023-04-02T20:00,31.8,19,0.0,5.0,956.2,75,5.4,274,37.8,0.038,0.292,0.0,,3.82
2023-04-02T21:00,31.2,20,0.0,5.2,956.7,45,10.3,348,35.7,0.038,0.292,0.0,,3.65
2023-04-02T22:00,29.8,24,0.0,6.9,956.7,2,8.2,331,34.0,0.038,0.292,0.0,,3.2
2023-04-02T23:00,29.1,25,0.0,6.9,956.5,0,11.9,299,32.5,0.038,0.292,0.0,,3.02
2023-04-03T00:00,27.9,29,0.0,8.0,956.1,0,20.3,293,31.4,0.038,0.292,0.0,,2.68
2023-04-03T01:00,26.4,42,0.0,12.6,955.7,0,21.1,303,30.3,0.038,0.292,0.0,,1.99
2023-04-03T02:00,25.5,55,0.0,15.7,955.0,13,19.4,312,29.4,0.038,0.292,0.0,,1.48
2023-04-03T03:00,24.5,60,0.0,16.4,954.7,58,17.6,317,28.5,0.038,0.292,0.0,,1.22
2023-04-03T04:00,23.7,65,0.0,16.8,955.0,31,14.5,316,27.7,0.038,0.292,0.0,,1.01
2023-04-03T05:00,23.6,72,0.0,18.2,955.4,23,16.0,316,30.4,0.039,0.292,0.0,,0.82
2023-04-03T06:00,23.5,73,0.0,18.4,956.4,0,13.3,303,29.2,0.039,0.292,1.0,,0.79
2023-04-03T07:00,24.3,70,0.0,18.4,957.7,0,15.0,300,28.8,0.039,0.292,83.0,,0.91
2023-04-03T08:00,26.5,59,0.0,17.8,958.6,0,17.1,311,29.9,0.039,0.292,295.0,,1.42
2023-04-03T09:00,29.3,44,0.0,15.8,959.1,0,15.4,323,32.5,0.039,0.292,528.0,,2.29
2023-04-03T10:00,32.0,31,0.0,12.7,959.1,0,10.8,334,36.1,0.039,0.292,732.0,,3.27
2023-04-03T11:00,33.7,22,0.0,9.2,958.6,0,6.0,343,40.3,0.038,0.292,880.0,,4.06
2023-04-03T12:00,34.7,19,0.0,7.8,957.7,0,3.4,288,44.5,0.038,0.292,958.0,,4.46
2023-04-03T13:00,35.4,18,0.0,7.2,956.5,0,3.8,253,47.7,0.038,0.292,960.0,,4.72
2023-04-03T14:00,35.9,17,0.0,7.2,955.5,0,1.9,248,49.9,0.038,0.292,883.0,,4.88
2023-04-03T15:00,36.4,16,0.0,6.9,954.5,0,1.8,79,50.9,0.038,0.292,734.0,,5.08
2023-04-03T16:00,36.9,15,0.0,5.9,954.1,34,2.3,141,50.3,0.038,0.292,530.0,,5.3
2023-04-03T17:00,35.7,14,0.0,4.3,954.8,100,26.6,229,46.9,0.038,0.292,270.0,,5.01
2023-04-03T18:00,34.7,14,0.0,3.7,955.5,4,22.8,239,43.7,0.038,0.292,83.0,,4.73
2023-04-03T19:00,34.0,16,0.0,4.2,956.0,8,12.8,280,40.8,0.038,0.292,1.0,,4.48
2023-04-03T20:00,32.9,17,0.0,4.4,956.6,40,10.8,296,38.4,0.038,0.292,0.0,,4.15
2023-04-03T21:00,31.4,19,0.0,4.9,957.0,58,5.5,302,36.3,0.038,0.292,0.0,,3.73
2023-04-03T22:00,30.3,20,0.0,4.8,957.1,83,6.8,212,34.4,0.038,0.292,0.0,,3.46
2023-04-03T23:00,29.6,21,0.0,4.7,957.2,49,18.7,251,33.0,0.038,0.292,0.0,,3.28
2023-04-04T00:00,28.0,21,0.0,3.9,956.9,71,20.3,297,31.7,0.038,0.292,0.0,,2.97
2023-04-04T01:00,26.8,41,0.0,12.3,956.3,7,17.9,308,30.6,0.038,0.292,0.0,,2.08
2023-04-04T02:00,25.9,55,0.0,16.2,955.8,0,17.6,313,29.6,0.038,0.292,0.0,,1.5
2023-04-04T03:00,25.2,60,0.0,16.9,955.7,0,18.4,321,28.8,0.038,0.292,0.0,,1.28
2023-04-04T04:00,24.6,59,0.0,16.0,956.0,0,14.0,334,28.0,0.038,0.292,0.0,,1.27
2023-04-04T05:00,24.4,67,0.0,17.9,956.8,3,11.1,324,30.3,0.038,0.292,0.0,,1.0
2023-04-04T06:00,24.8,60,0.0,16.4,957.6,0,11.8,337,29.2,0.039,0.292,1.0,,1.26
2023-04-04T07:00,26.1,44,0.0,12.9,958.6,0,13.3,341,29.0,0.039,0.292,85.0,,1.89
2023-04-04T08:00,28.8,33,0.0,10.8,959.8,0,12.8,349,30.5,0.039,0.292,298.0,,2.66
2023-04-04T09:00,31.6,28,0.0,10.8,960.4,0,12.1,10,33.4,0.039,0.292,530.0,,3.36
2023-04-04T10:00,33.5,23,0.0,9.8,960.4,0,9.5,29,37.2,0.038,0.292,732.0,,3.97
2023-04-04T11:00,34.8,20,0.0,8.4,959.7,0,5.9,11,41.5,0.038,0.292,879.0,,4.45
2023-04-04T12:00,35.8,17,0.0,7.4,958.7,0,6.4,322,45.4,0.038,0.292,958.0,,4.85
2023-04-04T13:00,36.6,16,0.0,6.6,957.7,0,7.4,293,48.3,0.038,0.292,959.0,,5.15
2023-04-04T14:00,36.9,15,0.0,6.1,956.4,0,7.6,278,50.1,0.038,0.292,884.0,,5.29
2023-04-04T15:00,36.9,14,0.0,5.4,955.8,0,5.2,282,50.7,0.038,0.292,737.0,,5.33
2023-04-04T16:00,36.9,14,0.0,4.9,955.6,5,8.3,326,50.1,0.038,0.292,540.0,,5.37
2023-04-04T17:00,35.4,14,0.0,4.3,956.3,2,5.6,297,47.5,0.038,0.292,299.0,,4.92
2023-04-04T18:00,35.0,13,0.0,2.4,956.9,5,6.6,283,44.4,0.038,0.292,84.0,,4.88
2023-04-04T19:00,34.5,14,0.0,3.0,957.1,32,4.0,180,41.4,0.038,0.292,1.0,,4.7
2023-04-04T20:00,33.5,15,0.0,2.9,957.4,1,6.2,187,38.9,0.038,0.292,0.0,,4.41
2023-04-04T21:00,32.8,15,0.0,3.1,957.9,3,11.9,267,36.9,0.038,0.292,0.0,,4.2
2023-04-04T22:00,31.9,15,0.0,2.3,958.0,4,12.9,300,35.3,0.038,0.292,0.0,,4.01
2023-04-04T23:00,30.3,17,0.0,2.5,957.6,4,10.4,340,33.8,0.038,0.292,0.0,,3.59
2023-04-05T00:00,29.2,19,0.0,2.9,957.4,0,12.9,333,32.4,0.038,0.292,0.0,,3.3
2023-04-05T01:00,27.9,34,0.0,10.5,957.2,0,15.2,301,31.3,0.038,0.292,0.0,,2.48
2023-04-05T02:00,27.0,46,0.0,14.2,956.5,0,12.9,300,30.4,0.038,0.292,0.0,,1.94
2023-04-05T03:00,26.1,44,0.0,13.0,956.1,81,10.3,324,29.4,0.038,0.292,0.0,,1.88
2023-04-05T04:00,25.5,36,0.0,9.4,956.1,60,11.3,351,28.6,0.038,0.292,0.0,,2.07
2023-04-05T05:00,25.9,37,0.0,10.2,956.7,4,14.4,357,31.4,0.038,0.292,0.0,,2.1
2023-04-05T06:00,26.2,37,0.0,10.2,957.2,0,14.3,10,30.3,0.038,0.292,1.0,,2.16
2023-04-05T07:00,27.6,34,0.0,10.4,958.3,16,13.8,6,30.2,0.038,0.292,87.0,,2.43
2023-04-05T08:00,30.1,30,0.0,10.7,959.5,0,18.3,10,31.5,0.038,0.292,298.0,,2.97
2023-04-05T09:00,32.9,25,0.0,10.3,960.0,0,20.5,18,34.1,0.038,0.292,529.0,,3.74
2023-04-05T10:00,34.9,21,0.0,9.4,960.0,0,18.8,29,37.4,0.038,0.292,730.0,,4.41
2023-04-05T11:00,36.1,19,0.0,9.0,959.1,0,14.2,36,41.1,0.038,0.292,877.0,,4.83
2023-04-05T12:00,37.0,18,0.0,8.4,958.1,0,10.2,32,44.7,0.038,0.292,953.0,,5.17
2023-04-05T13:00,37.9,16,0.0,7.7,956.7,19,6.6,9,47.8,0.038,0.292,932.0,,5.54
2023-04-05T14:00,38.6,14,0.0,6.4,955.4,51,7.7,319,49.7,0.038,0.292,793.0,,5.87
2023-04-05T15:00,38.3,14,0.0,6.4,954.5,100,18.3,315,49.1,0.038,0.292,507.0,,5.77
2023-04-05T16:00,37.0,15,0.0,5.7,954.4,94,27.2,316,46.9,0.038,0.292,273.0,,5.36
2023-04-05T17:00,36.2,16,0.0,6.6,954.9,82,25.4,18,45.3,0.038,0.292,123.0,,5.03
2023-04-05T18:00,36.3,16,0.0,6.3,955.7,34,15.9,33,42.9,0.038,0.292,52.0,,5.07
2023-04-05T19:00,35.9,17,0.0,6.7,956.3,58,10.9,63,40.7,0.038,0.292,0.0,,4.91
2023-04-05T20:00,34.8,18,0.0,7.4,956.8,54,18.2,51,38.9,0.038,0.292,0.0,,4.52
2023-04-05T21:00,33.7,20,0.0,7.5,957.5,28,14.6,52,37.3,0.038,0.292,0.0,,4.18
2023-04-05T22:00,32.9,21,0.0,7.5,957.5,64,12.2,66,35.9,0.038,0.292,0.0,,3.95
2023-04-05T23:00,32.1,22,0.0,7.6,957.5,67,16.2,94,34.8,0.038,0.292,0.0,,3.74
2023-04-06T00:00,31.2,24,0.0,8.1,956.6,67,16.7,97,33.9,0.038,0.292,0.0,,3.46
2023-04-06T01:00,30.4,28,0.0,9.7,956.3,64,5.1,82,33.1,0.038,0.292,0.0,,3.14
2023-04-06T02:00,29.7,26,0.0,8.4,956.5,17,15.8,305,32.1,0.038,0.292,0.0,,3.06
2023-04-06T03:00,28.7,27,0.0,8.1,956.5,32,12.2,336,31.3,0.038,0.292,0.0,,2.85
2023-04-06T04:00,28.0,28,0.0,8.1,957.1,31,11.7,9,30.5,0.038,0.292,0.0,,2.7
2023-04-06T05:00,28.0,32,0.0,9.7,957.7,28,9.9,46,32.2,0.038,0.292,0.0,,2.57
2023-04-06T06:00,28.3,31,0.0,9.8,958.3,25,15.8,21,31.4,0.038,0.292,1.0,,2.63
2023-04-06T07:00,29.9,30,0.0,10.5,959.0,13,12.9,54,31.4,0.038,0.292,78.0,,2.95
2023-04-06T08:00,32.1,27,0.0,10.7,960.0,5,20.1,33,32.7,0.038,0.292,272.0,,3.49
2023-04-06T09:00,33.8,26,0.0,11.4,960.3,2,18.9,48,35.3,0.038,0.292,518.0,,3.9
2023-04-06T10:00,35.0,24,0.0,11.1,960.1,8,13.7,55,38.6,0.038,0.292,720.0,,4.29
2023-04-06T11:00,36.0,22,0.0,10.6,959.6,21,12.1,63,42.0,0.038,0.292,818.0,,4.65
2023-04-06T12:00,36.8,20,0.0,10.4,958.8,21,11.7,56,44.9,0.038,0.292,833.0,,4.95
2023-04-06T13:00,37.4,19,0.0,10.2,957.6,17,11.6,54,47.2,0.038,0.292,838.0,,5.15
2023-04-06T14:00,37.9,19,0.0,10.0,956.5,25,10.9,44,48.8,0.038,0.291,792.0,,5.36
2023-04-06T15:00,37.7,19,0.0,9.9,955.7,44,11.2,33,49.3,0.038,0.291,647.0,,5.3
2023-04-06T16:00,36.9,20,0.0,10.0,955.7,31,8.9,43,48.1,0.038,0.291,377.0,,5.02
2023-04-06T17:00,36.4,20,0.0,9.8,956.0,55,11.2,123,46.2,0.038,0.291,247.0,,4.87
2023-04-06T18:00,32.0,33,0.0,13.9,956.7,55,22.3,157,43.2,0.038,0.291,66.0,,3.17
2023-04-06T19:00,33.0,31,0.0,13.5,957.7,31,15.2,121,40.6,0.038,0.291,0.0,,3.47
2023-04-06T20:00,32.5,33,0.0,14.2,958.5,52,10.3,155,38.6,0.038,0.291,0.0,,3.28
2023-04-06T21:00,31.7,34,0.0,14.0,959.7,48,8.0,144,37.1,0.038,0.291,0.0,,3.06
2023-04-06T22:00,31.3,35,0.0,14.1,959.7,42,6.4,128,35.7,0.038,0.291,0.0,,2.95
2023-04-06T23:00,30.2,38,0.0,14.2,960.0,23,23.2,83,34.5,0.038,0.291,0.0,,2.67
2023-04-07T00:00,30.1,38,0.0,14.2,959.2,35,14.7,118,33.4,0.038,0.291,0.0,,2.65
2023-04-07T01:00,29.3,40,0.0,14.4,958.3,100,12.4,154,32.7,0.038,0.291,0.0,,2.44
2023-04-07T02:00,29.2,41,0.0,14.4,957.8,68,9.1,146,32.1,0.038,0.291,0.0,,2.4
2023-04-07T03:00,28.5,43,0.0,14.6,957.9,75,9.5,127,31.4,0.038,0.291,0.0,,2.23
2023-04-07T04:00,28.0,45,0.0,14.9,958.4,52,11.9,182,30.9,0.038,0.291,0.0,,2.07
2023-04-07T05:00,25.7,63,0.0,18.1,959.7,100,19.3,153,30.7,0.049,0.293,0.0,,1.23
2023-04-07T06:00,24.6,71,0.0,18.9,959.8,79,17.4,153,29.8,0.049,0.293,1.0,,0.9
2023-04-07T07:00,25.3,68,0.0,18.9,961.0,100,17.6,152,29.5,0.049,0.293,39.0,,1.04
2023-04-07T08:00,25.7,65,0.0,18.7,961.7,96,13.1,159,29.5,0.049,0.293,81.0,,1.15
2023-04-07T09:00,27.6,58,0.0,18.6,962.3,77,12.2,156,30.8,0.048,0.293,241.0,,1.55
2023-04-07T10:00,28.4,55,0.0,18.4,962.2,99,12.9,153,31.8,0.048,0.293,246.0,,1.75
2023-04-07T11:00,30.2,46,0.0,17.1,961.8,100,11.6,144,33.5,0.047,0.293,378.0,,2.33
2023-04-07T12:00,31.7,35,0.0,14.5,961.0,94,11.2,147,35.1,0.046,0.293,379.0,,3.02
2023-04-07T13:00,33.8,28,0.0,12.8,959.8,44,12.3,159,38.3,0.045,0.293,695.0,,3.77
2023-04-07T14:00,34.5,26,0.0,12.3,958.5,12,11.5,166,40.4,0.044,0.293,647.0,,4.03
2023-04-07T15:00,35.5,23,0.0,11.4,957.3,21,7.4,151,42.5,0.043,0.293,699.0,,4.42
2023-04-07T16:00,35.9,22,0.0,10.6,957.3,52,6.9,133,43.1,0.042,0.293,496.0,,4.63
2023-04-07T17:00,34.8,23,0.0,10.5,957.8,98,17.3,135,40.7,0.038,0.291,235.0,,4.28
2023-04-07T18:00,33.5,25,0.0,10.9,958.7,100,17.6,133,38.9,0.038,0.291,56.0,,3.85
2023-04-07T19:00,32.7,30,0.0,12.9,959.5,74,10.5,98,37.2,0.038,0.291,0.0,,3.46
2023-04-07T20:00,26.3,60,0.1,18.0,961.4,100,23.2,156,35.2,0.04,0.291,0.0,,1.35
2023-04-07T21:00,25.9,60,0.2,17.6,963.0,100,17.5,251,33.6,0.043,0.291,0.0,,1.32
2023-04-07T22:00,25.4,62,0.0,17.7,962.8,95,13.8,298,32.3,0.043,0.291,0.0,,1.23
2023-04-07T23:00,25.4,62,0.0,17.6,962.9,50,10.4,326,31.1,0.043,0.291,0.0,,1.22
2023-04-08T00:00,24.3,69,0.9,18.2,962.3,77,11.5,340,30.0,0.055,0.291,0.0,,0.95
2023-04-08T01:00,24.7,67,0.0,18.3,962.0,62,17.1,335,29.2,0.055,0.291,0.0,,1.01
2023-04-08T02:00,24.5,67,0.0,18.0,961.1,52,19.5,19,28.5,0.055,0.291,0.0,,1.02
2023-04-08T03:00,23.4,74,0.0,18.4,960.8,42,18.7,34,27.9,0.055,0.291,0.0,,0.76
2023-04-08T04:00,23.4,73,0.0,18.3,960.4,24,13.2,47,27.3,0.055,0.291,0.0,,0.78
2023-04-08T05:00,23.2,81,0.0,19.7,961.0,2,15.3,30,27.1,0.219,0.291,0.0,,0.55
2023-04-08T06:00,22.9,83,0.0,19.8,961.8,18,14.8,51,26.6,0.218,0.291,1.0,,0.48
2023-04-08T07:00,23.5,77,0.0,19.3,962.8,13,17.4,66,26.6,0.217,0.291,84.0,,0.66
2023-04-08T08:00,25.0,70,0.0,19.2,963.8,43,20.0,72,27.4,0.215,0.291,287.0,,0.94
2023-04-08T09:00,27.0,64,0.0,19.5,964.5,30,17.5,71,28.8,0.211,0.291,478.0,,1.29
2023-04-08T10:00,29.3,54,0.0,19.1,964.6,20,16.4,75,30.6,0.205,0.291,655.0,,1.85
2023-04-08T11:00,30.5,50,0.0,18.9,963.9,8,16.0,81,32.5,0.198,0.291,830.0,,2.18
2023-04-08T12:00,31.6,47,0.0,18.9,963.0,18,14.6,81,34.2,0.19,0.291,899.0,,2.46
2023-04-08T13:00,32.6,44,0.0,18.9,961.7,25,14.1,75,35.4,0.182,0.291,846.0,,2.73
2023-04-08T14:00,32.2,43,0.0,17.9,960.7,75,9.4,23,36.1,0.174,0.291,760.0,,2.74
2023-04-08T15:00,30.5,51,0.0,19.1,959.7,72,18.8,353,35.7,0.169,0.291,509.0,,2.16
2023-04-08T16:00,31.1,46,0.0,18.1,959.7,46,12.6,13,34.6,0.165,0.291,296.0,,2.45
2023-04-08T17:00,30.9,44,0.0,17.4,960.1,82,12.4,64,33.8,0.161,0.288,215.0,,2.48
2023-04-08T18:00,29.2,54,0.0,19.0,960.4,96,13.9,59,32.3,0.16,0.288,60.0,,1.84
2023-04-08T19:00,28.0,59,0.0,19.1,961.0,100,14.7,54,30.8,0.158,0.288,1.0,,1.56
2023-04-08T20:00,27.5,61,0.0,19.3,961.5,71,13.6,40,29.7,0.157,0.288,0.0,,1.44
2023-04-08T21:00,27.0,64,0.0,19.6,962.3,9,11.7,11,28.8,0.156,0.288,0.0,,1.27
2023-04-08T22:00,26.1,70,0.0,20.1,962.9,3,10.9,6,28.1,0.156,0.288,0.0,,1.03
2023-04-08T23:00,25.7,70,0.0,19.9,962.6,7,13.3,2,27.5,0.155,0.288,0.0,,0.98
2023-04-09T00:00,25.1,71,0.0,19.5,962.0,6,13.3,3,26.9,0.155,0.288,0.0,,0.91
2023-04-09T01:00,24.6,73,0.0,19.4,961.6,8,11.8,20,26.5,0.154,0.288,0.0,,0.83
2023-04-09T02:00,24.2,73,0.0,19.1,961.1,11,11.0,23,26.0,0.154,0.288,0.0,,0.8
2023-04-09T03:00,23.8,75,0.0,19.0,960.6,31,10.5,22,25.7,0.153,0.288,0.0,,0.75
2023-04-09T04:00,23.5,78,0.0,19.5,960.8,23,6.6,22,25.4,0.153,0.288,0.0,,0.64
2023-04-09T05:00,23.1,86,0.0,20.5,962.0,10,6.5,357,27.3,0.154,0.286,0.0,,0.41
2023-04-09T06:00,23.6,83,0.0,20.6,962.8,12,6.8,18,26.6,0.153,0.286,1.0,,0.49
2023-04-09T07:00,24.8,76,0.0,20.3,963.6,62,6.8,25,26.7,0.153,0.286,90.0,,0.75
2023-04-09T08:00,26.7,68,0.0,20.2,964.4,3,7.7,49,27.9,0.151,0.286,293.0,,1.13
2023-04-09T09:00,29.0,57,0.0,19.5,964.9,1,9.4,88,29.8,0.147,0.286,522.0,,1.73
2023-04-09T10:00,30.6,47,0.0,18.0,964.5,4,8.6,112,32.0,0.142,0.286,720.0,,2.31
2023-04-09T11:00,32.0,40,0.0,16.6,963.8,20,8.4,121,34.3,0.135,0.286,862.0,,2.86
2023-04-09T12:00,32.7,35,0.0,15.1,963.0,32,4.7,113,35.9,0.128,0.286,825.0,,3.23
2023-04-09T13:00,33.3,32,0.0,14.3,961.9,38,3.4,342,37.3,0.122,0.286,781.0,,3.49
2023-04-09T14:00,33.7,30,0.0,13.8,960.6,40,9.8,332,37.9,0.116,0.286,716.0,,3.66
2023-04-09T15:00,33.7,29,0.0,13.4,959.6,20,10.5,329,37.7,0.11,0.286,589.0,,3.69
2023-04-09T16:00,33.8,28,0.0,13.0,959.1,36,9.9,327,37.3,0.106,0.286,487.0,,3.77
2023-04-09T17:00,33.6,27,0.0,11.8,959.0,58,14.9,352,35.8,0.102,0.291,258.0,,3.81
2023-04-09T18:00,30.7,41,0.0,15.8,958.9,49,9.2,318,33.8,0.101,0.291,73.0,,2.61
2023-04-09T19:00,30.2,38,0.0,14.4,959.6,18,20.0,337,31.9,0.1,0.291,1.0,,2.64
2023-04-09T20:00,28.7,47,0.0,16.3,960.6,11,17.4,22,30.4,0.098,0.291,0.0,,2.07
2023-04-09T21:00,27.8,52,0.0,17.1,960.9,5,16.6,39,29.3,0.098,0.291,0.0,,1.79
2023-04-09T22:00,26.9,56,0.0,17.2,961.4,6,14.5,48,28.3,0.097,0.291,0.0,,1.57
2023-04-09T23:00,26.2,57,0.0,17.0,961.0,8,13.3,38,27.5,0.096,0.291,0.0,,1.45
2023-04-10T00:00,25.3,61,0.0,17.2,960.4,1,11.5,49,26.7,0.096,0.291,0.0,,1.25
2023-04-10T01:00,24.3,67,0.0,17.7,959.8,1,9.3,77,26.0,0.095,0.291,0.0,,1.01
2023-04-10T02:00,24.0,67,0.0,17.4,959.1,0,10.2,51,25.4,0.095,0.291,0.0,,0.99
2023-04-10T03:00,23.3,70,0.0,17.6,958.7,0,9.0,53,24.9,0.095,0.291,0.0,,0.85
2023-04-10T04:00,22.8,72,0.0,17.5,958.7,0,8.3,88,24.4,0.095,0.291,0.0,,0.77
2023-04-10T05:00,23.2,72,0.0,17.8,959.5,0,11.6,74,26.9,0.094,0.291,0.0,,0.8
2023-04-10T06:00,23.6,71,0.0,18.1,960.4,0,10.4,76,26.1,0.093,0.291,2.0,,0.84
2023-04-10T07:00,25.3,66,0.0,18.5,961.6,0,7.0,78,26.2,0.093,0.291,95.0,,1.09
2023-04-10T08:00,28.0,54,0.0,17.9,962.8,0,8.3,108,27.7,0.091,0.291,305.0,,1.72
2023-04-10T09:00,30.2,40,0.0,15.3,963.1,0,10.7,138,30.1,0.089,0.291,532.0,,2.55
2023-04-10T10:00,32.0,36,0.0,14.9,962.9,0,10.5,153,32.8,0.085,0.291,729.0,,3.05
2023-04-10T11:00,33.6,31,0.0,14.3,962.3,15,8.9,153,35.7,0.08,0.291,870.0,,3.56
2023-04-10T12:00,34.7,26,0.0,12.6,961.4,14,6.1,140,38.1,0.075,0.291,858.0,,4.08
2023-04-10T13:00,35.6,24,0.0,12.0,960.0,10,4.1,128,40.3,0.07,0.291,876.0,,4.39
2023-04-10T14:00,36.2,22,0.0,11.4,958.8,9,4.4,99,42.0,0.065,0.291,822.0,,4.66
2023-04-10T15:00,36.7,22,0.0,11.2,957.9,12,6.1,93,42.7,0.061,0.291,682.0,,4.83
2023-04-10T16:00,36.6,20,0.0,10.0,957.5,9,5.4,82,42.4,0.059,0.291,494.0,,4.92
2023-04-10T17:00,36.8,17,0.0,8.1,957.5,23,5.1,98,40.6,0.057,0.291,287.0,,5.11
2023-04-10T18:00,34.2,32,0.0,15.0,957.6,27,6.8,108,38.3,0.056,0.291,84.0,,3.67
2023-04-10T19:00,32.0,38,0.0,15.8,958.1,13,7.3,123,35.9,0.056,0.291,1.0,,2.95
2023-04-10T20:00,30.9,36,0.0,14.1,958.7,16,8.2,105,33.9,0.055,0.291,0.0,,2.86
2023-04-10T21:00,30.7,29,0.0,10.5,959.7,1,19.0,57,32.4,0.055,0.291,0.0,,3.13
2023-04-10T22:00,29.6,36,0.0,12.8,960.2,13,19.4,50,31.2,0.054,0.291,0.0,,2.67
2023-04-10T23:00,28.4,39,0.0,13.2,960.3,32,12.6,31,30.2,0.054,0.291,0.0,,2.36
2023-04-11T00:00,27.8,40,0.0,13.1,959.8,26,11.6,36,29.2,0.053,0.291,0.0,,2.22
2023-04-11T01:00,27.2,42,0.0,13.3,959.2,4,13.2,47,28.3,0.053,0.291,0.0,,2.07
2023-04-11T02:00,26.4,44,0.0,13.2,958.4,2,13.8,62,27.5,0.053,0.291,0.0,,1.92
2023-04-11T03:00,25.6,45,0.0,12.9,958.4,5,13.6,122,26.8,0.052,0.291,0.0,,1.79
2023-04-11T04:00,24.2,51,0.0,13.4,958.5,0,8.7,120,26.1,0.052,0.291,0.0,,1.48
2023-04-11T05:00,23.1,58,0.0,14.3,959.1,0,8.2,128,28.1,0.053,0.291,0.0,,1.2
2023-04-11T06:00,24.2,50,0.0,13.1,959.9,0,8.4,130,27.0,0.053,0.291,2.0,,1.51
2023-04-11T07:00,26.3,41,0.0,11.9,961.1,0,8.7,138,27.1,0.052,0.291,99.0,,2.03
2023-04-11T08:00,29.4,32,0.0,10.9,962.2,0,10.4,134,28.8,0.052,0.291,313.0,,2.79
2023-04-11T09:00,32.0,27,0.0,10.7,962.8,0,9.8,174,31.8,0.05,0.291,543.0,,3.47
2023-04-11T10:00,34.0,24,0.0,10.7,962.8,0,10.8,182,35.4,0.049,0.291,741.0,,4.02
2023-04-11T11:00,35.5,21,0.0,9.9,962.3,0,9.7,165,39.1,0.047,0.291,885.0,,4.54
2023-04-11T12:00,36.7,19,0.0,9.0,961.6,0,6.9,133,42.6,0.045,0.291,960.0,,5.02
2023-04-11T13:00,37.5,17,0.0,8.7,960.3,0,4.2,110,45.8,0.043,0.291,957.0,,5.33
2023-04-11T14:00,38.3,16,0.0,8.3,959.1,1,5.4,82,48.0,0.042,0.291,878.0,,5.62
2023-04-11T15:00,38.7,15,0.0,7.9,958.4,2,10.1,73,48.9,0.041,0.291,728.0,,5.81
2023-04-11T16:00,38.5,15,0.0,7.4,958.1,38,16.0,76,48.1,0.04,0.291,525.0,,5.76
2023-04-11T17:00,37.4,16,0.0,7.3,958.3,31,16.9,79,45.3,0.04,0.291,272.0,,5.38
2023-04-11T18:00,36.6,18,0.0,8.1,958.5,24,14.7,62,42.7,0.04,0.291,84.0,,5.05
2023-04-11T19:00,35.9,19,0.0,8.8,959.1,9,16.3,49,40.2,0.04,0.291,1.0,,4.78
2023-04-11T20:00,34.8,21,0.0,9.6,959.8,14,15.5,44,38.2,0.04,0.291,0.0,,4.37
2023-04-11T21:00,34.1,22,0.0,9.5,960.2,42,14.5,55,36.5,0.04,0.291,0.0,,4.15
2023-04-11T22:00,33.1,24,0.0,10.1,960.7,24,13.8,84,35.2,0.04,0.291,0.0,,3.83
2023-04-11T23:00,31.7,26,0.0,10.1,960.4,23,16.2,102,34.0,0.04,0.291,0.0,,3.44
2023-04-12T00:00,31.4,26,0.0,9.4,959.7,30,15.1,89,33.0,0.04,0.291,0.0,,3.42
2023-04-12T01:00,30.6,29,0.0,10.4,959.0,57,17.6,75,32.2,0.04,0.291,0.0,,3.12
2023-04-12T02:00,29.9,31,0.0,10.7,958.4,53,15.3,81,31.4,0.04,0.291,0.0,,2.92
2023-04-12T03:00,28.8,33,0.0,11.1,958.3,26,17.0,96,30.7,0.04,0.291,0.0,,2.64
2023-04-12T04:00,27.6,36,0.0,11.3,958.5,0,11.6,97,29.9,0.04,0.291,0.0,,2.36
2023-04-12T05:00,26.2,45,0.0,13.3,959.1,0,9.0,272,31.3,0.04,0.291,0.0,,1.88
2023-04-12T06:00,27.2,45,0.0,14.2,959.9,0,2.4,117,30.1,0.04,0.291,2.0,,1.98
2023-04-12T07:00,28.6,39,0.0,13.4,960.9,0,4.6,72,30.1,0.04,0.291,101.0,,2.37
2023-04-12T08:00,31.2,28,0.0,10.8,962.0,0,6.2,80,31.9,0.039,0.291,316.0,,3.25
2023-04-12T09:00,33.8,19,0.0,6.8,962.3,0,7.1,131,35.1,0.039,0.291,547.0,,4.26
2023-04-12T10:00,35.5,16,0.0,6.1,962.1,1,8.6,180,39.0,0.039,0.291,748.0,,4.84
2023-04-12T11:00,36.9,15,0.0,6.1,961.3,10,8.0,188,42.9,0.039,0.291,892.0,,5.29
2023-04-12T12:00,37.8,14,0.0,6.2,960.4,0,5.2,164,46.6,0.039,0.291,966.0,,5.59
2023-04-12T13:00,38.4,14,0.0,6.3,959.3,0,2.9,150,49.8,0.038,0.291,963.0,,5.8
2023-04-12T14:00,38.9,14,0.0,6.2,958.1,0,3.3,257,51.9,0.038,0.291,884.0,,5.99
2023-04-12T15:00,39.6,13,0.0,6.0,957.4,0,9.2,281,52.4,0.038,0.291,734.0,,6.27
2023-04-12T16:00,39.8,12,0.0,5.2,956.9,53,8.7,287,51.4,0.038,0.291,528.0,,6.41
2023-04-12T17:00,39.1,13,0.0,6.1,956.8,68,10.7,76,49.3,0.038,0.291,267.0,,6.07
2023-04-12T18:00,38.0,12,0.0,3.9,957.3,6,16.8,99,46.2,0.038,0.291,84.0,,5.82
2023-04-12T19:00,37.1,14,0.0,4.7,958.2,11,18.7,106,43.3,0.038,0.291,1.0,,5.44
2023-04-12T20:00,36.3,15,0.0,5.7,958.9,18,16.9,63,40.9,0.038,0.291,0.0,,5.13
2023-04-12T21:00,34.7,21,0.0,9.4,959.3,3,21.6,44,38.9,0.038,0.291,0.0,,4.35
2023-04-12T22:00,33.4,24,0.0,10.3,959.7,15,20.1,46,37.2,0.038,0.291,0.0,,3.89
2023-04-12T23:00,32.1,27,0.0,10.6,959.5,8,12.4,54,35.7,0.038,0.291,0.0,,3.5
2023-04-13T00:00,30.8,29,0.0,10.9,959.1,3,7.0,78,34.3,0.038,0.291,0.0,,3.14
2023-04-13T01:00,30.0,31,0.0,10.9,958.7,14,7.9,114,33.1,0.038,0.291,0.0,,2.93
2023-04-13T02:00,29.5,32,0.0,10.8,958.2,54,9.0,74,32.0,0.038,0.291,0.0,,2.82
2023-04-13T03:00,29.1,33,0.0,11.1,957.5,82,14.3,41,31.2,0.038,0.291,0.0,,2.71
2023-04-13T04:00,28.2,35,0.0,11.4,958.1,65,13.0,138,30.5,0.038,0.291,0.0,,2.48
2023-04-13T05:00,28.5,38,0.0,12.9,958.4,50,15.1,108,32.6,0.038,0.291,0.0,,2.39
2023-04-13T06:00,29.0,36,0.0,12.5,959.5,35,9.0,143,31.8,0.038,0.291,2.0,,2.56
2023-04-13T07:00,30.8,31,0.0,11.9,960.3,100,9.3,126,31.9,0.038,0.291,96.0,,3.05
2023-04-13T08:00,33.4,24,0.0,10.4,961.3,100,15.1,128,33.5,0.038,0.291,290.0,,3.87
2023-04-13T09:00,35.6,19,0.0,8.3,961.4,100,11.0,169,36.4,0.038,0.291,527.0,,4.72
2023-04-13T10:00,37.1,17,0.0,7.8,961.2,100,11.9,183,39.8,0.038,0.291,678.0,,5.25
2023-04-13T11:00,38.0,16,0.0,8.0,960.4,100,10.3,168,43.3,0.038,0.291,809.0,,5.55
2023-04-13T12:00,38.9,16,0.0,8.2,959.7,100,7.6,161,46.7,0.038,0.291,873.0,,5.87
2023-04-13T13:00,39.2,15,0.0,8.2,958.7,69,6.2,173,49.3,0.038,0.291,845.0,,5.98
2023-04-13T14:00,39.5,15,0.0,8.1,957.5,100,5.7,215,51.2,0.038,0.291,815.0,,6.1
2023-04-13T15:00,39.5,15,0.0,7.7,956.7,100,11.5,238,51.4,0.038,0.291,630.0,,6.13
2023-04-13T16:00,38.9,14,0.0,6.7,956.3,100,13.9,253,49.1,0.038,0.291,249.0,,5.95
2023-04-13T17:00,38.0,16,0.0,8.0,956.7,100,3.2,297,47.5,0.038,0.291,126.0,,5.53
2023-04-13T18:00,37.6,17,0.0,8.4,957.4,89,4.0,350,45.2,0.038,0.291,58.0,,5.38
2023-04-13T19:00,37.1,18,0.0,8.5,958.4,99,8.5,12,42.7,0.038,0.291,1.0,,5.2
2023-04-13T20:00,33.8,26,0.0,11.9,959.6,100,26.5,339,40.6,0.038,0.291,0.0,,3.86
2023-04-13T21:00,34.9,23,0.0,10.6,959.9,100,21.2,1,38.9,0.038,0.291,0.0,,4.3
2023-04-13T22:00,32.6,28,0.0,11.9,960.5,100,25.8,36,37.3,0.038,0.291,0.0,,3.52
2023-04-13T23:00,32.8,27,0.0,11.3,960.0,100,20.5,34,36.1,0.038,0.291,0.0,,3.64
2023-04-14T00:00,31.9,28,0.0,11.2,959.4,100,19.5,34,35.1,0.038,0.291,0.0,,3.4
2023-04-14T01:00,31.6,29,0.0,11.3,958.8,100,15.8,45,34.2,0.038,0.291,0.0,,3.31
2023-04-14T02:00,30.8,30,0.0,11.5,958.2,100,12.7,43,33.4,0.038,0.291,0.0,,3.09
2023-04-14T03:00,30.2,32,0.0,11.5,957.7,75,10.4,44,32.6,0.038,0.291,0.0,,2.93
2023-04-14T04:00,29.4,33,0.0,11.6,957.7,100,8.2,52,31.8,0.038,0.291,0.0,,2.73
2023-04-14T05:00,27.7,44,0.0,14.5,958.6,100,4.6,108,31.9,0.038,0.291,0.0,,2.07
2023-04-14T06:00,28.4,41,0.0,14.1,959.8,100,7.6,180,31.2,0.038,0.291,3.0,,2.27
2023-04-14T07:00,29.3,39,0.0,13.9,960.7,100,5.4,160,31.3,0.038,0.291,72.0,,2.49
2023-04-14T08:00,31.2,34,0.0,13.7,961.5,99,6.9,137,33.0,0.038,0.291,256.0,,2.97
2023-04-14T09:00,33.1,30,0.0,13.4,961.7,44,5.5,113,36.1,0.038,0.291,521.0,,3.52
2023-04-14T10:00,35.6,25,0.0,12.8,961.5,10,7.1,66,40.1,0.038,0.291,718.0,,4.32
2023-04-14T11:00,36.9,22,0.0,11.9,960.6,40,3.7,79,44.3,0.038,0.29,858.0,,4.85
2023-04-14T12:00,38.3,20,0.0,11.6,959.5,79,1.3,326,48.4,0.038,0.29,939.0,,5.35
2023-04-14T13:00,38.9,19,0.0,11.3,958.2,85,0.8,63,51.1,0.038,0.29,875.0,,5.6
2023-04-14T14:00,34.9,27,0.0,13.1,958.0,86,25.6,73,50.2,0.038,0.29,582.0,,4.08
2023-04-14T15:00,37.2,22,0.0,11.9,956.9,46,10.2,352,49.2,0.038,0.29,482.0,,4.95
2023-04-14T16:00,33.9,31,0.6,14.3,957.5,100,24.1,63,47.6,0.046,0.29,404.0,,3.66
2023-04-14T17:00,32.8,31,0.0,13.4,956.8,100,1.4,270,44.8,0.038,0.29,189.0,,3.44
2023-04-14T18:00,33.6,29,0.0,13.1,957.6,100,12.1,343,42.5,0.038,0.29,44.0,,3.7
2023-04-14T19:00,31.6,32,0.0,12.9,958.6,100,21.0,6,40.1,0.038,0.29,1.0,,3.15
2023-04-14T20:00,31.3,34,0.0,13.4,959.6,100,13.7,358,38.1,0.038,0.29,0.0,,3.04
2023-04-14T21:00,27.6,50,0.7,16.4,961.7,100,21.9,25,36.4,0.048,0.29,0.0,,1.83
2023-04-14T22:00,27.4,49,0.1,15.7,960.8,100,7.0,35,34.6,0.048,0.29,0.0,,1.87
2023-04-14T23:00,28.6,48,0.0,16.4,960.8,100,8.0,98,33.5,0.048,0.29,0.0,,2.04
2023-04-15T00:00,28.5,49,0.0,16.8,960.1,100,6.2,111,32.6,0.048,0.29,0.0,,1.97
2023-04-15T01:00,28.2,51,0.0,17.0,959.7,100,3.8,131,31.9,0.048,0.29,0.0,,1.89
2023-04-15T02:00,27.8,53,0.0,17.2,958.8,100,3.8,73,31.2,0.048,0.29,0.0,,1.76
2023-04-15T03:00,27.4,53,0.1,16.9,958.9,100,5.4,323,30.7,0.049,0.29,0.0,,1.73
2023-04-15T04:00,27.6,46,0.0,15.1,958.7,100,12.2,28,30.2,0.048,0.29,0.0,,1.97
2023-04-15T05:00,22.7,81,0.0,19.3,958.9,100,15.8,21,27.7,0.165,0.29,0.0,,0.53
2023-04-15T06:00,23.4,79,0.0,19.4,959.9,100,11.1,65,27.3,0.165,0.29,1.0,,0.62
2023-04-15T07:00,23.6,73,0.0,18.4,960.6,97,10.2,80,27.1,0.165,0.29,22.0,,0.79
2023-04-15T08:00,25.5,65,0.0,18.6,961.1,34,8.0,95,27.9,0.163,0.29,182.0,,1.13
2023-04-15T09:00,28.4,55,0.0,18.4,961.8,47,5.3,118,30.1,0.16,0.29,510.0,,1.76
2023-04-15T10:00,30.5,43,0.0,16.6,961.5,87,6.7,74,32.7,0.154,0.29,723.0,,2.48
2023-04-15T11:00,32.0,39,0.0,16.4,960.9,100,7.3,57,34.8,0.147,0.29,815.0,,2.89
2023-04-15T12:00,33.1,36,0.0,16.0,960.1,100,6.9,43,36.4,0.141,0.29,768.0,,3.23
2023-04-15T13:00,33.7,33,0.0,15.3,958.9,91,6.3,24,37.2,0.134,0.29,680.0,,3.48
2023-04-15T14:00,34.5,31,0.0,15.0,957.9,86,6.1,360,38.5,0.127,0.29,796.0,,3.77
2023-04-15T15:00,33.7,32,0.1,14.8,957.5,74,3.3,41,38.9,0.122,0.29,669.0,,3.55
2023-04-15T16:00,32.8,34,0.0,14.9,957.2,32,17.1,330,37.9,0.118,0.29,387.0,,3.29
2023-04-15T17:00,32.7,36,0.0,15.5,957.2,57,18.6,324,34.9,0.116,0.29,254.0,,3.18
2023-04-15T18:00,29.9,50,0.0,18.4,957.3,59,13.5,316,33.3,0.115,0.29,77.0,,2.11
2023-04-15T19:00,28.8,56,0.0,19.1,957.5,13,9.8,324,31.8,0.114,0.29,1.0,,1.74
2023-04-15T20:00,27.7,61,0.0,19.4,957.8,3,10.1,358,30.5,0.113,0.29,0.0,,1.46
2023-04-15T21:00,26.8,65,0.0,19.7,958.1,0,10.8,15,29.4,0.112,0.29,0.0,,1.22
2023-04-15T22:00,26.1,66,0.0,19.1,958.2,6,12.2,19,28.5,0.112,0.29,0.0,,1.16
2023-04-15T23:00,25.2,66,0.0,18.4,957.9,3,12.2,47,27.8,0.111,0.29,0.0,,1.09
2023-04-16T00:00,24.4,66,0.0,17.6,957.1,0,11.2,57,27.1,0.111,0.29,0.0,,1.04
2023-04-16T01:00,24.0,65,0.0,17.1,956.3,0,11.1,54,26.5,0.11,0.29,0.0,,1.03
2023-04-16T02:00,23.2,71,0.0,17.6,956.0,0,9.9,10,25.9,0.11,0.29,0.0,,0.83
2023-04-16T03:00,22.7,73,0.0,17.7,955.6,0,8.0,27,25.4,0.11,0.29,0.0,,0.73
2023-04-16T04:00,22.6,70,0.0,16.9,955.6,0,10.0,26,25.0,0.109,0.29,0.0,,0.81
2023-04-16T05:00,22.8,70,0.0,17.0,956.8,0,11.7,34,26.9,0.109,0.29,0.0,,0.83
2023-04-16T06:00,23.4,68,0.0,17.1,957.6,0,11.5,39,26.2,0.108,0.29,3.0,,0.93
2023-04-16T07:00,25.0,64,0.0,17.6,958.6,0,4.8,42,26.4,0.107,0.29,107.0,,1.15
2023-04-16T08:00,27.3,57,0.0,18.0,959.8,6,2.6,56,28.0,0.106,0.29,320.0,,1.55
2023-04-16T09:00,29.9,52,0.0,18.9,960.3,0,1.0,315,30.7,0.103,0.29,542.0,,2.04
2023-04-16T10:00,32.5,43,0.0,18.4,960.3,0,2.3,18,33.8,0.098,0.29,740.0,,2.76
2023-04-16T11:00,34.6,29,0.0,14.2,959.6,1,5.0,21,36.6,0.092,0.29,879.0,,3.89
2023-04-16T12:00,35.5,26,0.0,13.0,958.7,1,4.7,4,39.1,0.086,0.29,950.0,,4.29
2023-04-16T13:00,36.0,24,0.0,12.3,957.5,19,5.4,323,41.1,0.079,0.29,938.0,,4.5
2023-04-16T14:00,36.1,23,0.0,11.6,956.3,13,6.6,319,42.2,0.074,0.29,801.0,,4.59
2023-04-16T15:00,36.2,22,0.0,10.9,955.5,5,6.6,319,42.5,0.07,0.29,680.0,,4.7
2023-04-16T16:00,35.9,22,0.0,10.8,955.0,8,5.9,346,41.9,0.066,0.29,466.0,,4.6
2023-04-16T17:00,35.7,22,0.0,10.7,955.0,8,9.7,329,40.1,0.065,0.29,276.0,,4.54
2023-04-16T18:00,33.4,34,0.0,15.3,955.3,33,8.8,305,37.9,0.064,0.29,87.0,,3.41
2023-04-16T19:00,31.7,38,0.0,15.8,955.7,14,9.9,303,35.5,0.063,0.29,1.0,,2.87
2023-04-16T20:00,30.4,43,0.0,16.3,956.3,8,11.9,3,33.7,0.062,0.29,0.0,,2.49
2023-04-16T21:00,29.1,48,0.0,16.9,957.0,28,8.3,326,32.2,0.062,0.29,0.0,,2.1
2023-04-16T22:00,28.7,42,0.0,14.4,957.7,19,14.5,337,31.0,0.061,0.29,0.0,,2.3
2023-04-16T23:00,27.7,46,0.0,14.9,957.1,11,15.1,357,30.0,0.061,0.29,0.0,,2.01
2023-04-17T00:00,27.2,47,0.0,14.8,956.4,10,18.4,343,29.1,0.06,0.29,0.0,,1.93
2023-04-17T01:00,26.7,47,0.0,14.6,955.8,8,18.8,3,28.4,0.06,0.29,0.0,,1.84
2023-04-17T02:00,25.9,49,0.0,14.5,955.1,4,15.9,13,27.7,0.059,0.29,0.0,,1.69
2023-04-17T03:00,25.1,52,0.0,14.6,954.8,6,13.8,9,27.1,0.059,0.29,0.0,,1.52
2023-04-17T04:00,24.3,56,0.0,15.0,955.1,1,12.3,5,26.5,0.059,0.29,0.0,,1.34
2023-04-17T05:00,24.6,61,0.0,16.5,956.0,3,9.0,5,28.5,0.059,0.29,0.0,,1.22
2023-04-17T06:00,24.8,61,0.0,16.7,956.9,11,7.5,287,27.7,0.059,0.29,3.0,,1.23
2023-04-17T07:00,26.3,55,0.0,16.4,957.8,18,4.1,322,27.9,0.058,0.29,104.0,,1.55
2023-04-17T08:00,28.9,45,0.0,15.8,959.1,33,7.2,360,29.5,0.057,0.29,293.0,,2.18
2023-04-17T09:00,31.2,36,0.0,14.4,959.7,5,8.9,339,32.1,0.056,0.29,495.0,,2.9
2023-04-17T10:00,33.2,32,0.0,14.3,959.6,2,8.6,360,35.5,0.054,0.29,715.0,,3.46
2023-04-17T11:00,35.1,29,0.0,14.7,959.1,9,8.4,25,39.1,0.051,0.29,873.0,,3.99
2023-04-17T12:00,36.4,24,0.0,12.7,958.2,56,2.2,9,42.4,0.048,0.29,879.0,,4.59
2023-04-17T13:00,37.4,22,0.0,11.9,957.3,68,11.5,290,44.3,0.046,0.29,749.0,,5.01
2023-04-17T14:00,37.4,21,0.0,11.7,956.8,100,9.1,18,45.3,0.045,0.29,631.0,,5.02
2023-04-17T15:00,34.5,27,0.0,12.6,957.3,97,22.0,342,44.0,0.044,0.29,344.0,,3.99
2023-04-17T16:00,34.3,25,0.0,11.6,957.0,93,23.2,336,42.5,0.043,0.29,292.0,,4.04
2023-04-17T17:00,35.3,22,0.0,10.7,956.8,95,20.1,29,42.1,0.041,0.289,213.0,,4.43
2023-04-17T18:00,33.3,27,0.0,12.0,957.2,60,16.5,20,39.9,0.041,0.289,84.0,,3.7
2023-04-17T19:00,32.4,29,0.0,12.3,957.7,5,15.8,12,37.7,0.04,0.289,1.0,,3.43
2023-04-17T20:00,31.5,31,0.0,12.6,958.1,80,15.7,11,35.9,0.04,0.289,0.0,,3.17
2023-04-17T21:00,30.4,34,0.0,13.0,958.4,95,15.0,27,34.4,0.04,0.289,0.0,,2.84
2023-04-17T22:00,29.5,36,0.0,12.9,958.3,97,14.4,22,33.1,0.04,0.289,0.0,,2.63
2023-04-17T23:00,28.7,38,0.0,12.9,957.9,99,14.9,20,31.9,0.04,0.289,0.0,,2.44
2023-04-18T00:00,28.1,40,0.0,13.0,957.2,1,15.0,21,30.9,0.04,0.289,0.0,,2.29
2023-04-18T01:00,27.4,41,0.0,13.0,956.6,0,14.8,18,30.0,0.04,0.289,0.0,,2.16
2023-04-18T02:00,26.8,42,0.0,12.9,956.1,0,13.2,29,29.2,0.04,0.289,0.0,,2.04
2023-04-18T03:00,26.3,43,0.0,12.7,955.8,0,12.4,36,28.5,0.04,0.289,0.0,,1.94
2023-04-18T04:00,25.7,44,0.0,12.7,957.0,0,15.2,149,27.8,0.04,0.289,0.0,,1.83
2023-04-18T05:00,25.8,53,0.0,15.5,957.5,0,3.3,354,29.7,0.041,0.29,0.0,,1.56
2023-04-18T06:00,25.9,53,0.0,15.6,958.3,13,6.8,357,28.9,0.041,0.29,4.0,,1.56
2023-04-18T07:00,27.9,49,0.0,16.1,959.3,7,5.8,7,29.3,0.041,0.29,104.0,,1.92
2023-04-18T08:00,30.6,40,0.0,15.6,960.7,0,2.8,40,31.4,0.041,0.29,309.0,,2.61
2023-04-18T09:00,33.5,32,0.0,14.6,961.5,0,4.8,63,34.9,0.041,0.29,548.0,,3.51
2023-04-18T10:00,35.9,22,0.0,11.1,961.4,0,5.8,86,39.0,0.04,0.29,746.0,,4.58
2023-04-18T11:00,37.2,18,0.0,8.8,960.5,4,5.8,83,43.1,0.04,0.29,880.0,,5.21
2023-04-18T12:00,38.0,17,0.0,8.4,959.6,1,3.1,69,46.9,0.039,0.29,954.0,,5.51
2023-04-18T13:00,39.1,15,0.0,8.0,958.6,74,6.6,13,49.8,0.039,0.29,926.0,,5.94
2023-04-18T14:00,39.3,15,0.0,8.0,957.9,74,13.0,357,50.6,0.039,0.29,755.0,,6.04
2023-04-18T15:00,39.6,15,0.0,8.0,956.8,84,18.0,12,50.0,0.038,0.29,563.0,,6.13
2023-04-18T16:00,37.6,18,0.0,8.8,956.8,71,27.3,18,47.9,0.038,0.29,336.0,,5.33
2023-04-18T17:00,38.4,15,0.0,6.8,956.5,64,17.3,2,45.5,0.038,0.29,171.0,,5.78
2023-04-18T18:00,37.4,15,0.0,6.8,956.9,30,15.9,4,43.1,0.038,0.29,74.0,,5.41
2023-04-18T19:00,35.1,20,0.0,8.8,957.5,41,21.5,10,40.7,0.038,0.29,1.0,,4.53
2023-04-18T20:00,34.0,22,0.0,9.1,957.9,5,23.3,17,38.7,0.038,0.29,0.0,,4.15
2023-04-18T21:00,32.7,25,0.0,10.1,958.7,0,20.2,39,36.9,0.038,0.29,0.0,,3.7
2023-04-18T22:00,31.4,28,0.0,10.6,958.8,0,15.5,44,35.3,0.038,0.29,0.0,,3.32
2023-04-18T23:00,30.5,28,0.0,10.2,958.4,0,13.2,45,34.0,0.038,0.29,0.0,,3.13
2023-04-19T00:00,29.6,30,0.0,10.1,957.9,0,15.9,57,32.7,0.038,0.29,0.0,,2.91
2023-04-19T01:00,29.0,31,0.0,9.9,957.0,0,16.5,58,31.7,0.038,0.29,0.0,,2.77
2023-04-19T02:00,28.4,32,0.0,10.0,956.2,0,17.0,54,30.8,0.039,0.29,0.0,,2.65
2023-04-19T03:00,27.9,33,0.0,10.2,955.8,0,17.0,69,30.0,0.039,0.29,0.0,,2.52
2023-04-19T04:00,27.4,35,0.0,10.4,955.8,0,14.9,82,29.3,0.039,0.29,0.0,,2.39
2023-04-19T05:00,27.2,43,0.0,13.5,956.4,0,14.1,94,32.0,0.039,0.29,0.0,,2.06
2023-04-19T06:00,27.7,41,0.0,13.4,957.1,0,12.0,97,31.1,0.039,0.29,4.0,,2.18
2023-04-19T07:00,29.6,38,0.0,13.7,957.6,0,10.6,80,31.2,0.039,0.29,113.0,,2.57
2023-04-19T08:00,32.7,31,0.0,13.5,958.8,0,9.3,118,33.1,0.039,0.29,329.0,,3.39
2023-04-19T09:00,35.4,23,0.0,11.2,959.3,0,8.9,159,36.4,0.039,0.29,557.0,,4.41
2023-04-19T10:00,37.4,18,0.0,8.8,959.2,0,9.4,178,40.3,0.038,0.29,753.0,,5.26
2023-04-19T11:00,38.6,16,0.0,8.0,958.2,1,10.0,193,44.2,0.038,0.29,875.0,,5.77
2023-04-19T12:00,39.7,15,0.0,7.8,957.0,4,9.6,200,47.7,0.038,0.29,961.0,,6.2
2023-04-19T13:00,40.4,14,0.0,7.8,955.5,59,8.8,199,50.4,0.038,0.29,945.0,,6.46
2023-04-19T14:00,40.8,13,0.0,7.5,953.9,79,9.8,204,51.7,0.038,0.29,760.0,,6.64
2023-04-19T15:00,40.7,13,0.0,7.3,953.0,8,8.7,204,51.7,0.038,0.29,601.0,,6.61
2023-04-19T16:00,40.5,13,0.0,7.3,952.8,48,13.6,197,50.7,0.038,0.29,448.0,,6.55
2023-04-19T17:00,39.4,13,0.0,6.0,953.0,85,8.4,100,48.6,0.038,0.29,199.0,,6.19
2023-04-19T18:00,36.7,19,0.0,8.9,953.8,45,23.8,63,45.6,0.038,0.29,61.0,,5.02
2023-04-19T19:00,37.6,16,0.0,7.6,954.4,41,13.4,59,43.1,0.038,0.29,1.0,,5.42
2023-04-19T20:00,36.1,18,0.0,7.9,955.1,31,14.3,43,40.9,0.038,0.29,0.0,,4.89
2023-04-19T21:00,34.8,20,0.0,8.8,955.8,31,21.4,33,39.1,0.038,0.29,0.0,,4.43
2023-04-19T22:00,33.2,24,0.0,9.8,956.1,55,12.2,45,37.4,0.038,0.29,0.0,,3.87
2023-04-19T23:00,32.0,27,0.0,10.4,955.9,4,17.1,28,36.0,0.038,0.29,0.0,,3.48
2023-04-20T00:00,31.1,28,0.0,10.6,954.7,7,14.5,19,34.7,0.038,0.29,0.0,,3.24
2023-04-20T01:00,30.3,30,0.0,10.7,953.7,9,13.0,14,33.6,0.038,0.29,0.0,,3.03
2023-04-20T02:00,29.3,32,0.0,10.8,952.8,7,11.6,26,32.5,0.038,0.29,0.0,,2.77
2023-04-20T03:00,28.5,33,0.0,10.8,952.4,1,8.7,38,31.6,0.038,0.29,0.0,,2.58
2023-04-20T04:00,27.6,36,0.0,11.0,952.3,0,6.9,28,30.7,0.038,0.29,0.0,,2.38
2023-04-20T05:00,26.3,49,0.0,14.8,953.6,0,7.8,13,32.2,0.038,0.29,0.0,,1.74
2023-04-20T06:00,26.7,49,0.0,15.0,954.9,1,4.3,336,31.1,0.038,0.29,5.0,,1.8
2023-04-20T07:00,27.8,46,0.0,15.0,956.1,0,1.1,180,31.4,0.038,0.29,115.0,,2.03
2023-04-20T08:00,30.2,38,0.0,14.4,956.9,0,2.9,7,33.4,0.038,0.29,330.0,,2.65
2023-04-20T09:00,33.5,29,0.0,12.9,957.5,0,4.9,17,36.8,0.038,0.29,555.0,,3.68
2023-04-20T10:00,35.4,24,0.0,11.6,957.0,0,2.5,45,40.9,0.038,0.29,749.0,,4.38
2023-04-20T11:00,36.7,21,0.0,10.9,956.3,6,2.5,172,45.3,0.038,0.29,888.0,,4.87
2023-04-20T12:00,37.9,19,0.0,10.5,955.2,7,5.2,205,48.9,0.038,0.29,944.0,,5.32
2023-04-20T13:00,39.1,17,0.0,9.9,954.0,20,7.0,235,51.5,0.038,0.29,934.0,,5.79
2023-04-20T14:00,39.6,16,0.0,9.3,952.5,33,5.7,235,53.1,0.038,0.29,837.0,,6.03
2023-04-20T15:00,40.0,15,0.0,8.7,951.4,72,4.3,222,53.4,0.038,0.29,674.0,,6.23
2023-04-20T16:00,39.9,15,0.0,8.4,950.8,100,12.3,263,52.2,0.038,0.29,439.0,,6.24
2023-04-20T17:00,39.7,13,0.0,6.3,950.4,92,17.2,196,49.1,0.038,0.29,146.0,,6.28
2023-04-20T18:00,38.0,14,0.0,6.4,951.5,74,8.2,119,46.3,0.038,0.29,65.0,,5.65
2023-04-20T19:00,32.9,27,0.0,11.2,952.3,72,35.4,12,43.1,0.038,0.29,1.0,,3.67
2023-04-20T20:00,35.1,21,0.0,9.6,952.8,40,17.3,329,40.8,0.038,0.29,0.0,,4.46
2023-04-20T21:00,33.6,25,0.0,10.6,954.4,24,27.8,323,39.0,0.038,0.29,0.0,,3.92
2023-04-20T22:00,33.3,25,0.0,10.7,954.5,2,16.2,347,37.4,0.038,0.29,0.0,,3.82
2023-04-20T23:00,31.9,29,0.0,11.9,954.9,29,17.2,10,36.0,0.038,0.29,0.0,,3.33
2023-04-21T00:00,30.6,33,0.0,12.5,954.4,16,17.8,8,34.8,0.038,0.29,0.0,,2.93
2023-04-21T01:00,29.7,35,0.0,12.4,953.6,4,18.2,27,33.7,0.038,0.29,0.0,,2.73
2023-04-21T02:00,29.4,35,0.0,12.3,952.7,4,16.9,40,32.8,0.038,0.29,0.0,,2.66
2023-04-21T03:00,28.3,38,0.0,12.5,952.7,4,7.1,330,31.9,0.038,0.29,0.0,,2.39
2023-04-21T04:00,27.6,40,0.0,12.8,953.1,39,9.4,302,31.0,0.038,0.29,0.0,,2.2
2023-04-21T05:00,27.0,48,0.0,15.0,954.3,25,13.5,42,31.9,0.039,0.29,0.0,,1.86
2023-04-21T06:00,26.9,50,0.0,15.6,955.3,1,13.0,24,31.0,0.039,0.29,5.0,,1.76
2023-04-21T07:00,27.4,50,0.0,16.0,956.2,2,14.3,43,31.1,0.039,0.29,115.0,,1.83
2023-04-21T08:00,28.9,45,0.0,15.8,957.1,1,13.0,62,32.7,0.039,0.29,328.0,,2.19
2023-04-21T09:00,31.8,36,0.0,15.0,957.7,0,13.2,68,35.5,0.039,0.29,552.0,,2.99
2023-04-21T10:00,34.4,27,0.0,12.9,957.4,0,13.7,63,39.0,0.039,0.289,747.0,,3.95
2023-04-21T11:00,35.8,24,0.0,11.9,956.6,25,10.0,69,42.9,0.038,0.289,889.0,,4.49
2023-04-21T12:00,36.4,22,0.0,11.4,955.7,16,5.2,65,45.9,0.038,0.289,829.0,,4.71
2023-04-21T13:00,37.2,20,0.0,10.9,954.6,19,1.8,270,49.1,0.038,0.289,882.0,,5.04
2023-04-21T14:00,37.8,19,0.0,10.6,953.3,21,6.2,260,50.9,0.038,0.289,786.0,,5.26
2023-04-21T15:00,37.9,19,0.0,10.3,952.6,21,7.9,270,51.3,0.038,0.289,667.0,,5.32
2023-04-21T16:00,37.3,19,0.0,10.0,952.2,29,4.7,274,50.5,0.038,0.289,465.0,,5.15
2023-04-21T17:00,37.0,19,0.0,9.4,952.5,59,10.8,268,47.9,0.038,0.289,253.0,,5.1
2023-04-21T18:00,36.1,19,0.0,9.2,953.1,29,13.6,292,45.1,0.038,0.289,78.0,,4.81
2023-04-21T19:00,35.2,21,0.0,9.3,953.7,28,14.3,315,42.5,0.038,0.289,1.0,,4.51
2023-04-21T20:00,34.7,21,0.0,9.4,954.3,12,8.4,340,40.3,0.038,0.289,0.0,,4.35
2023-04-21T21:00,33.7,22,0.0,9.3,954.7,9,6.3,347,38.4,0.038,0.289,0.0,,4.04
2023-04-21T22:00,32.5,26,0.0,10.5,954.8,31,3.7,61,36.8,0.038,0.289,0.0,,3.63
2023-04-21T23:00,32.4,24,0.0,9.3,954.9,45,8.1,328,35.5,0.038,0.289,0.0,,3.7
2023-04-22T00:00,31.3,27,0.0,10.1,954.9,19,21.4,316,34.5,0.038,0.289,0.0,,3.34
2023-04-22T01:00,29.9,30,0.0,10.4,954.1,5,11.1,347,33.5,0.038,0.289,0.0,,2.96
2023-04-22T02:00,28.7,31,0.0,9.9,953.6,2,8.1,328,32.4,0.038,0.289,0.0,,2.72
2023-04-22T03:00,27.7,33,0.0,10.2,953.1,0,12.3,308,31.4,0.038,0.289,0.0,,2.46
2023-04-22T04:00,26.9,39,0.0,11.8,953.4,0,16.1,318,30.5,0.038,0.289,0.0,,2.16
2023-04-22T05:00,26.6,40,0.0,11.8,954.3,0,11.1,335,31.7,0.038,0.289,0.0,,2.1
2023-04-22T06:00,26.7,40,0.0,11.9,955.0,0,10.5,329,30.8,0.038,0.289,5.0,,2.11
2023-04-22T07:00,28.0,36,0.0,11.7,956.1,0,13.0,336,31.0,0.038,0.289,119.0,,2.4
2023-04-22T08:00,29.8,31,0.0,11.1,957.1,0,13.6,348,32.6,0.038,0.289,337.0,,2.87
2023-04-22T09:00,31.9,27,0.0,10.6,957.5,0,13.3,347,35.5,0.038,0.289,563.0,,3.45
2023-04-22T10:00,33.9,23,0.0,9.6,957.2,0,12.3,339,39.0,0.038,0.289,758.0,,4.08
2023-04-22T11:00,35.5,19,0.0,8.2,956.5,0,10.7,320,42.8,0.038,0.289,899.0,,4.68
2023-04-22T12:00,36.6,17,0.0,7.5,955.6,0,11.3,297,46.2,0.038,0.289,970.0,,5.09
2023-04-22T13:00,37.6,14,0.0,6.0,954.6,0,14.1,283,48.8,0.038,0.289,966.0,,5.55
2023-04-22T14:00,38.1,13,0.0,5.1,953.4,0,18.4,281,50.0,0.038,0.289,888.0,,5.79
2023-04-22T15:00,38.0,13,0.0,4.4,952.5,0,23.7,280,49.8,0.038,0.289,742.0,,5.79
2023-04-22T16:00,37.4,13,0.0,4.7,952.4,1,24.2,288,48.6,0.038,0.289,540.0,,5.56
2023-04-22T17:00,36.2,13,0.0,3.8,952.6,4,24.8,289,45.8,0.03,0.288,305.0,,5.19
2023-04-22T18:00,35.6,13,0.0,3.4,952.4,5,13.7,305,43.2,0.03,0.288,92.0,,5.03
2023-04-22T19:00,34.6,14,0.0,3.5,952.5,2,7.2,360,40.6,0.03,0.288,1.0,,4.7
2023-04-22T20:00,33.4,17,0.0,5.0,954.0,9,23.6,286,38.4,0.03,0.288,0.0,,4.27
2023-04-22T21:00,31.8,26,0.0,9.7,954.7,1,28.5,295,36.7,0.03,0.288,0.0,,3.48
2023-04-22T22:00,30.9,28,0.0,10.1,955.3,0,24.9,304,35.3,0.03,0.288,0.0,,3.23
2023-04-22T23:00,30.0,28,0.0,9.3,955.4,0,24.4,307,34.0,0.03,0.288,0.0,,3.06
2023-04-23T00:00,28.8,30,0.0,9.4,955.0,0,22.5,310,32.9,0.03,0.288,0.0,,2.77
2023-04-23T01:00,27.8,33,0.0,10.3,954.4,0,20.9,314,31.8,0.03,0.288,0.0,,2.49
2023-04-23T02:00,26.9,39,0.0,11.6,953.9,0,18.7,308,30.9,0.03,0.288,0.0,,2.17
2023-04-23T03:00,26.1,44,0.0,12.8,953.8,0,16.9,308,30.1,0.03,0.288,0.0,,1.9
2023-04-23T04:00,25.4,48,0.0,13.7,954.2,0,14.8,311,29.3,0.03,0.288,0.0,,1.68
2023-04-23T05:00,25.1,56,0.0,15.7,954.7,0,12.1,307,31.6,0.038,0.289,0.0,,1.4
2023-04-23T06:00,25.4,57,0.0,16.2,955.3,0,11.0,308,30.5,0.038,0.289,6.0,,1.39
2023-04-23T07:00,26.5,55,0.0,16.6,956.3,0,14.3,317,30.5,0.038,0.289,122.0,,1.56
2023-04-23T08:00,28.3,48,0.0,16.4,957.1,0,14.3,326,32.1,0.038,0.289,340.0,,1.98
2023-04-23T09:00,30.4,41,0.0,15.5,957.6,0,13.5,335,34.8,0.038,0.289,566.0,,2.58
2023-04-23T10:00,32.3,33,0.0,13.9,957.3,4,11.6,338,38.3,0.038,0.289,760.0,,3.23
2023-04-23T11:00,33.9,26,0.0,11.8,956.5,12,10.0,322,42.1,0.038,0.289,890.0,,3.89
2023-04-23T12:00,35.0,22,0.0,10.0,955.6,2,9.2,309,45.3,0.038,0.289,908.0,,4.39
2023-04-23T13:00,36.0,19,0.0,9.0,954.6,0,10.5,292,48.1,0.038,0.289,958.0,,4.78
2023-04-23T14:00,36.5,18,0.0,8.1,953.6,0,10.8,285,49.7,0.038,0.289,885.0,,5.03
2023-04-23T15:00,36.9,17,0.0,7.5,952.8,0,11.3,287,50.2,0.038,0.289,737.0,,5.19
2023-04-23T16:00,37.1,16,0.0,7.0,952.4,0,14.6,279,49.4,0.038,0.289,538.0,,5.31
2023-04-23T17:00,35.6,19,0.0,8.4,952.7,8,15.9,267,46.9,0.038,0.289,306.0,,4.69
2023-04-23T18:00,34.4,20,0.0,7.9,953.1,10,20.2,254,44.0,0.038,0.289,88.0,,4.36
2023-04-23T19:00,32.9,19,0.0,6.5,953.9,3,18.9,261,41.1,0.038,0.289,1.0,,4.02
2023-04-23T20:00,32.7,20,0.0,6.5,954.4,3,9.5,259,38.8,0.038,0.289,0.0,,3.97
2023-04-23T21:00,31.8,21,0.0,6.5,954.8,0,12.6,233,36.9,0.038,0.289,0.0,,3.73
2023-04-23T22:00,31.0,22,0.0,6.5,955.3,0,8.0,278,35.3,0.038,0.289,0.0,,3.51
2023-04-23T23:00,29.7,24,0.0,6.9,955.3,11,6.6,13,33.8,0.038,0.289,0.0,,3.17
2023-04-24T00:00,29.2,26,0.0,7.5,955.3,68,6.2,36,32.7,0.038,0.289,0.0,,3.0
2023-04-24T01:00,28.7,27,0.0,7.8,954.7,5,10.9,261,31.8,0.038,0.289,0.0,,2.88
2023-04-24T02:00,27.4,34,0.0,10.1,954.2,6,9.9,280,30.9,0.038,0.289,0.0,,2.42
2023-04-24T03:00,27.5,29,0.0,8.1,954.1,2,11.2,360,30.0,0.038,0.289,0.0,,2.59
2023-04-24T04:00,26.8,31,0.0,8.4,954.3,2,13.1,16,29.2,0.038,0.289,0.0,,2.43
2023-04-24T05:00,26.1,37,0.0,10.4,955.1,29,16.8,43,31.1,0.038,0.289,0.0,,2.11
2023-04-24T06:00,26.8,39,0.0,11.5,956.2,19,19.9,70,30.2,0.038,0.289,6.0,,2.17
2023-04-24T07:00,28.0,39,0.0,12.9,956.8,47,17.8,69,30.4,0.038,0.289,124.0,,2.29
2023-04-24T08:00,30.0,45,0.0,16.7,957.7,2,17.8,82,32.0,0.038,0.289,338.0,,2.34
2023-04-24T09:00,32.5,37,0.0,16.1,958.4,24,15.2,86,35.0,0.038,0.289,565.0,,3.05
2023-04-24T10:00,34.1,27,0.0,12.2,958.2,89,15.6,82,37.9,0.038,0.289,647.0,,3.93
2023-04-24T11:00,35.4,22,0.0,10.8,957.6,68,10.9,96,41.6,0.038,0.289,842.0,,4.46
2023-04-24T12:00,36.2,20,0.0,9.9,957.1,15,8.7,114,44.9,0.038,0.289,873.0,,4.77
2023-04-24T13:00,37.1,19,0.0,9.3,956.1,19,5.7,145,48.3,0.038,0.289,962.0,,5.14
2023-04-24T14:00,37.2,18,0.0,8.7,954.8,23,3.0,194,50.2,0.038,0.289,801.0,,5.2
2023-04-24T15:00,37.4,16,0.0,7.7,953.8,41,6.2,339,50.7,0.038,0.289,626.0,,5.36
2023-04-24T16:00,37.9,15,0.0,7.0,953.2,47,12.6,355,49.1,0.038,0.289,362.0,,5.59
2023-04-24T17:00,37.1,18,0.0,8.5,953.5,75,13.4,82,46.5,0.038,0.289,150.0,,5.2
2023-04-24T18:00,36.5,18,0.0,8.4,953.7,35,13.9,73,44.0,0.038,0.289,70.0,,5.0
2023-04-24T19:00,35.5,21,0.0,9.6,954.1,43,16.7,76,41.5,0.038,0.289,1.0,,4.59
2023-04-24T20:00,33.0,32,0.0,14.3,954.5,91,21.7,79,39.4,0.038,0.289,0.0,,3.39
2023-04-24T21:00,32.0,33,0.0,13.9,954.9,71,12.3,95,37.5,0.038,0.289,0.0,,3.16
2023-04-24T22:00,31.0,36,0.0,14.0,955.8,68,10.1,86,35.9,0.038,0.289,0.0,,2.89
2023-04-24T23:00,30.0,39,0.0,14.7,956.2,38,9.1,124,34.5,0.038,0.289,0.0,,2.57
2023-04-25T00:00,29.7,40,0.0,14.8,956.1,54,8.6,195,33.4,0.038,0.289,0.0,,2.49
2023-04-25T01:00,29.6,39,0.0,14.2,956.1,56,11.6,120,32.5,0.038,0.289,0.0,,2.53
2023-04-25T02:00,29.0,39,0.0,13.5,955.6,46,13.2,135,31.7,0.038,0.289,0.0,,2.45
2023-04-25T03:00,28.5,42,0.0,14.3,955.4,82,16.8,118,31.1,0.038,0.289,0.0,,2.25
2023-04-25T04:00,28.2,46,0.0,15.5,955.6,0,19.6,116,30.6,0.038,0.289,0.0,,2.07
2023-04-25T05:00,27.9,54,0.0,17.8,956.4,0,11.2,111,32.0,0.038,0.289,0.0,,1.72
2023-04-25T06:00,28.0,53,0.0,17.6,956.7,38,13.1,98,31.2,0.038,0.289,6.0,,1.77
2023-04-25T07:00,29.3,52,0.0,18.4,957.3,7,15.5,103,31.5,0.038,0.289,117.0,,1.97
2023-04-25T08:00,31.1,49,0.0,19.2,958.0,0,18.7,130,33.2,0.038,0.289,337.0,,2.29
2023-04-25T09:00,33.2,39,0.0,17.6,958.3,1,18.2,153,35.9,0.038,0.289,560.0,,3.08
2023-04-25T10:00,35.1,31,0.0,15.2,958.1,23,14.9,172,39.2,0.038,0.289,733.0,,3.92
2023-04-25T11:00,36.2,24,0.0,12.4,957.8,14,11.6,187,42.1,0.038,0.289,731.0,,4.55
2023-04-25T12:00,37.7,20,0.0,10.5,957.1,15,11.2,201,45.4,0.038,0.289,863.0,,5.23
2023-04-25T13:00,38.6,17,0.0,9.1,955.9,17,14.2,216,47.9,0.038,0.289,870.0,,5.69
2023-04-25T14:00,39.0,16,0.0,8.8,954.9,16,16.3,221,49.1,0.038,0.289,787.0,,5.86
2023-04-25T15:00,38.8,16,0.0,8.1,953.7,4,13.8,223,49.5,0.038,0.289,672.0,,5.82
2023-04-25T16:00,38.9,16,0.0,8.2,952.9,3,13.0,228,49.1,0.038,0.289,527.0,,5.87
2023-04-25T17:00,38.0,16,0.0,7.6,952.9,40,9.5,245,46.9,0.038,0.289,291.0,,5.57
2023-04-25T18:00,37.4,16,0.0,7.1,953.5,37,6.0,295,44.5,0.038,0.289,80.0,,5.39
2023-04-25T19:00,37.4,16,0.0,7.1,954.3,41,4.4,325,42.2,0.038,0.289,1.0,,5.39
2023-04-25T20:00,33.9,31,0.0,14.6,955.3,31,22.5,96,40.1,0.038,0.289,0.0,,3.63
2023-04-25T21:00,32.7,37,0.0,16.2,956.1,16,15.9,103,38.3,0.038,0.289,0.0,,3.11
2023-04-25T22:00,31.9,39,0.0,16.2,957.1,55,23.0,104,36.7,0.038,0.289,0.0,,2.88
2023-04-25T23:00,29.9,47,0.0,17.3,957.5,15,20.0,120,35.3,0.038,0.289,0.0,,2.24
2023-04-26T00:00,28.3,52,0.0,17.4,957.1,3,11.4,55,34.1,0.038,0.289,0.0,,1.85
2023-04-26T01:00,27.9,53,0.0,17.4,956.3,0,12.5,72,32.9,0.038,0.289,0.0,,1.77
2023-04-26T02:00,27.5,55,0.0,17.6,955.7,0,16.3,104,32.0,0.038,0.289,0.0,,1.65
2023-04-26T03:00,26.8,56,0.0,17.4,955.3,0,14.7,107,31.1,0.038,0.289,0.0,,1.53
2023-04-26T04:00,26.4,58,0.0,17.3,955.5,0,9.1,124,30.3,0.038,0.289,0.0,,1.46
2023-04-26T05:00,25.2,70,0.0,19.4,957.3,0,15.5,108,30.5,0.04,0.289,0.0,,0.95
2023-04-26T06:00,25.2,70,0.0,19.4,957.9,13,21.4,115,29.8,0.04,0.289,7.0,,0.96
2023-04-26T07:00,26.2,66,0.0,19.4,958.7,11,26.4,119,29.9,0.04,0.289,115.0,,1.16
2023-04-26T08:00,27.5,61,0.0,19.3,959.4,6,22.9,138,31.1,0.04,0.289,305.0,,1.42
2023-04-26T09:00,29.8,53,0.0,19.1,959.7,22,19.9,163,33.5,0.04,0.289,538.0,,1.98
2023-04-26T10:00,31.5,47,0.0,18.7,959.4,19,19.7,171,36.6,0.04,0.289,704.0,,2.45
2023-04-26T11:00,32.8,41,0.0,18.0,958.7,15,16.7,186,39.7,0.039,0.289,808.0,,2.91
2023-04-26T12:00,34.2,37,0.0,17.3,957.9,13,13.5,205,43.0,0.039,0.289,910.0,,3.41
2023-04-26T13:00,35.3,33,0.0,16.4,956.8,18,11.8,220,45.7,0.039,0.289,896.0,,3.84
2023-04-26T14:00,35.6,30,0.0,15.4,955.4,33,7.9,231,47.5,0.039,0.289,773.0,,4.05
2023-04-26T15:00,35.7,29,0.0,14.8,954.3,42,5.4,222,48.1,0.038,0.289,583.0,,4.16
2023-04-26T16:00,35.9,28,0.0,14.6,953.8,61,9.0,209,47.6,0.038,0.289,422.0,,4.25
2023-04-26T17:00,35.0,27,0.1,13.1,953.8,42,8.2,255,46.6,0.038,0.289,218.0,,4.12
2023-04-26T18:00,34.2,28,0.0,13.2,954.0,35,5.2,236,44.1,0.038,0.289,79.0,,3.85
2023-04-26T19:00,33.7,28,0.0,12.9,954.6,12,2.6,146,41.6,0.038,0.289,1.0,,3.75
2023-04-26T20:00,34.0,28,0.0,13.1,955.1,15,5.9,169,39.6,0.038,0.289,0.0,,3.8
2023-04-26T21:00,32.9,33,0.0,14.3,955.9,20,10.4,226,37.9,0.038,0.289,0.0,,3.36
2023-04-26T22:00,32.0,34,0.0,14.3,956.3,47,11.3,233,36.5,0.038,0.289,0.0,,3.12
2023-04-26T23:00,31.7,34,0.0,13.7,956.5,43,8.1,225,35.4,0.039,0.289,0.0,,3.1
2023-04-27T00:00,31.6,32,0.0,13.0,956.2,100,9.0,157,34.4,0.039,0.289,0.0,,3.14
2023-04-27T01:00,30.1,37,0.0,13.7,956.3,39,11.4,298,33.7,0.039,0.289,0.0,,2.7
2023-04-27T02:00,28.3,51,0.0,17.0,956.1,19,6.5,326,32.8,0.039,0.289,0.0,,1.9
2023-04-27T03:00,27.6,55,0.0,17.7,955.9,14,6.4,313,31.9,0.039,0.289,0.0,,1.67
2023-04-27T04:00,27.1,58,0.0,18.2,956.0,7,6.9,309,31.1,0.039,0.289,0.0,,1.5
2023-04-27T05:00,26.6,67,0.0,20.1,956.6,14,8.5,332,32.1,0.039,0.289,0.0,,1.14
2023-04-27T06:00,26.8,67,0.0,20.0,957.3,2,8.7,322,31.3,0.039,0.289,7.0,,1.18
2023-04-27T07:00,27.8,62,0.0,19.8,958.1,2,11.0,319,31.5,0.039,0.289,123.0,,1.42
2023-04-27T08:00,29.5,53,0.0,18.8,958.8,0,7.3,349,33.3,0.039,0.289,333.0,,1.94
2023-04-27T09:00,31.0,46,0.0,18.2,959.0,0,2.5,82,36.7,0.039,0.289,556.0,,2.41
2023-04-27T10:00,32.9,39,0.0,17.1,958.8,11,2.6,164,40.7,0.039,0.288,745.0,,3.04
2023-04-27T11:00,34.3,33,0.0,16.0,958.1,12,5.5,212,44.5,0.038,0.288,840.0,,3.6
2023-04-27T12:00,35.5,31,0.0,15.6,957.6,14,7.9,227,47.5,0.038,0.288,891.0,,3.99
2023-04-27T13:00,36.1,30,0.0,15.6,956.6,36,7.1,221,49.9,0.038,0.288,899.0,,4.18
2023-04-27T14:00,37.0,26,0.0,14.5,955.0,100,11.5,221,50.2,0.038,0.288,607.0,,4.61
2023-04-27T15:00,34.2,30,0.0,14.2,954.9,93,15.8,223,47.7,0.038,0.288,219.0,,3.74
2023-04-27T16:00,33.2,34,0.0,15.3,955.1,91,11.2,69,46.8,0.038,0.288,340.0,,3.35
2023-04-27T17:00,34.2,31,0.4,14.4,954.5,47,7.0,348,44.1,0.036,0.29,233.0,,3.72
2023-04-27T18:00,32.0,40,0.0,16.7,954.6,55,23.4,65,41.9,0.036,0.29,82.0,,2.84
2023-04-27T19:00,30.3,45,0.0,17.2,956.1,76,24.9,88,39.2,0.036,0.29,2.0,,2.36
2023-04-27T20:00,29.0,51,0.0,17.7,957.1,68,19.1,106,37.1,0.036,0.29,0.0,,1.98
2023-04-27T21:00,28.8,54,0.0,18.5,958.1,45,12.1,127,35.5,0.036,0.29,0.0,,1.83
2023-04-27T22:00,28.4,55,0.0,18.5,958.5,41,10.2,157,34.2,0.036,0.29,0.0,,1.73
2023-04-27T23:00,27.8,57,0.0,18.4,958.2,58,7.6,135,33.2,0.036,0.29,0.0,,1.61
2023-04-28T00:00,27.4,59,0.0,18.6,958.2,54,11.9,115,32.3,0.037,0.29,0.0,,1.51
2023-04-28T01:00,27.0,61,0.0,18.8,957.6,33,10.3,119,31.6,0.037,0.29,0.0,,1.4
2023-04-28T02:00,26.5,63,0.0,18.8,957.3,37,13.8,141,30.9,0.037,0.29,0.0,,1.29
2023-04-28T03:00,25.8,64,0.0,18.6,957.0,44,11.6,144,30.2,0.037,0.29,0.0,,1.19
2023-04-28T04:00,25.3,66,0.0,18.4,956.9,53,3.2,117,29.6,0.037,0.29,0.0,,1.1
2023-04-28T05:00,25.1,73,0.0,19.9,958.4,51,13.3,92,30.5,0.042,0.287,0.0,,0.87
2023-04-28T06:00,25.3,72,0.0,19.9,959.2,79,10.8,182,29.9,0.042,0.287,6.0,,0.91
2023-04-28T07:00,25.5,66,0.2,18.7,959.8,12,13.7,157,29.9,0.045,0.287,78.0,,1.11
2023-04-28T08:00,26.8,64,0.0,19.5,960.6,41,14.8,116,31.4,0.045,0.287,326.0,,1.25
2023-04-28T09:00,28.8,56,0.0,19.2,960.9,15,11.0,109,33.6,0.045,0.287,462.0,,1.73
2023-04-28T10:00,29.5,52,0.7,18.7,960.8,51,14.6,128,36.7,0.053,0.287,687.0,,1.96
2023-04-28T11:00,30.0,52,0.0,19.1,960.2,30,9.2,132,38.6,0.052,0.287,630.0,,2.03
2023-04-28T12:00,31.3,49,0.0,19.4,959.2,20,8.4,155,41.2,0.051,0.287,810.0,,2.32
2023-04-28T13:00,32.6,46,0.0,19.6,957.9,22,7.3,160,43.8,0.048,0.287,873.0,,2.64
2023-04-28T14:00,28.7,63,6.1,21.0,956.9,83,25.1,77,43.0,0.13,0.287,684.0,,1.45
2023-04-28T15:00,28.5,63,1.0,20.9,956.2,67,7.6,161,40.5,0.141,0.287,395.0,,1.43
2023-04-28T16:00,28.7,63,0.1,20.9,955.9,90,13.3,123,38.9,0.138,0.287,407.0,,1.46
2023-04-28T17:00,27.0,66,4.1,20.2,956.5,54,12.9,126,39.8,0.074,0.288,189.0,,1.19
2023-04-28T18:00,25.2,73,4.3,20.1,957.2,83,7.9,43,37.3,0.131,0.288,77.0,,0.86
2023-04-28T19:00,24.8,75,2.8,20.2,956.4,47,14.2,99,34.0,0.17,0.288,1.0,,0.77
2023-04-28T20:00,24.3,81,0.0,20.9,957.3,42,5.8,90,32.1,0.17,0.288,0.0,,0.57
2023-04-28T21:00,24.3,81,1.9,20.9,958.6,62,8.2,29,30.9,0.194,0.288,0.0,,0.57
2023-04-28T22:00,24.1,82,0.0,20.9,958.7,24,11.5,41,29.8,0.194,0.288,0.0,,0.53
2023-04-28T23:00,23.8,87,0.0,21.4,958.5,2,3.7,61,29.0,0.194,0.288,0.0,,0.39
2023-04-29T00:00,23.7,88,0.0,21.5,958.0,2,2.9,90,28.5,0.193,0.288,0.0,,0.36
2023-04-29T01:00,23.6,89,0.0,21.7,957.4,0,2.4,243,28.1,0.193,0.288,0.0,,0.32
2023-04-29T02:00,23.5,89,0.0,21.6,957.1,5,3.0,14,27.8,0.193,0.288,0.0,,0.31
2023-04-29T03:00,23.4,89,0.0,21.5,956.6,2,3.9,34,27.5,0.193,0.288,0.0,,0.31
2023-04-29T04:00,23.3,90,0.0,21.5,956.6,2,4.4,81,27.2,0.193,0.288,0.0,,0.29
2023-04-29T05:00,23.6,90,0.0,21.9,957.4,87,5.4,188,28.6,0.098,0.288,0.0,,0.28
2023-04-29T06:00,23.9,88,0.0,21.7,957.3,82,3.6,270,28.1,0.098,0.288,6.0,,0.37
2023-04-29T07:00,25.0,80,0.0,21.3,958.3,87,4.1,218,28.5,0.097,0.288,113.0,,0.64
2023-04-29T08:00,26.4,77,0.0,21.9,959.2,72,4.7,189,30.0,0.096,0.288,307.0,,0.8
2023-04-29T09:00,28.0,70,0.0,22.0,959.6,68,4.7,176,32.5,0.093,0.288,553.0,,1.13
2023-04-29T10:00,29.2,61,0.1,20.9,959.7,67,2.5,172,35.0,0.09,0.288,680.0,,1.58
2023-04-29T11:00,30.0,57,0.1,20.6,959.1,87,5.1,86,37.4,0.087,0.288,780.0,,1.8
2023-04-29T12:00,27.7,66,2.8,20.7,958.9,47,7.3,79,38.5,0.121,0.288,807.0,,1.28
2023-04-29T13:00,28.3,62,0.8,20.3,957.5,77,6.8,65,38.6,0.127,0.288,621.0,,1.46
2023-04-29T14:00,28.7,60,0.0,20.2,956.0,59,1.9,338,38.4,0.122,0.288,564.0,,1.56
2023-04-29T15:00,29.4,60,0.0,20.9,955.2,62,4.0,360,38.9,0.117,0.288,671.0,,1.63
2023-04-29T16:00,29.8,56,0.0,20.2,954.8,69,7.9,60,38.3,0.113,0.288,468.0,,1.82
2023-04-29T17:00,30.5,49,0.0,18.7,954.4,49,9.7,338,37.6,0.071,0.288,259.0,,2.21
2023-04-29T18:00,29.6,52,0.0,18.8,954.9,31,7.3,290,35.9,0.07,0.288,84.0,,1.96
2023-04-29T19:00,28.4,60,0.0,20.0,955.4,12,8.5,282,34.1,0.07,0.288,2.0,,1.53
2023-04-29T20:00,27.4,67,0.0,20.8,956.1,12,10.0,322,32.6,0.069,0.288,0.0,,1.18
2023-04-29T21:00,26.6,74,0.0,21.5,956.9,14,9.7,356,31.4,0.069,0.288,0.0,,0.92
2023-04-29T22:00,26.1,76,0.0,21.5,956.9,26,7.1,24,30.5,0.068,0.288,0.0,,0.81
2023-04-29T23:00,25.6,79,0.0,21.7,956.7,8,10.0,60,29.7,0.068,0.288,0.0,,0.69
2023-04-30T00:00,24.6,75,0.0,20.0,956.0,20,16.4,38,28.9,0.068,0.288,0.0,,0.76
2023-04-30T01:00,23.3,82,0.6,20.2,956.5,100,23.7,114,28.2,0.076,0.288,0.0,,0.5
2023-04-30T02:00,23.6,80,0.1,19.9,955.7,46,10.2,132,27.7,0.077,0.288,0.0,,0.59
2023-04-30T03:00,23.1,85,0.0,20.4,955.5,24,10.7,110,27.2,0.077,0.288,0.0,,0.43
2023-04-30T04:00,22.0,87,1.3,19.8,955.6,62,10.4,34,26.7,0.095,0.288,0.0,,0.33
2023-04-30T05:00,22.6,84,0.4,19.8,956.1,23,5.7,198,28.3,0.077,0.286,0.0,,0.43
2023-04-30T06:00,22.9,83,0.0,19.9,956.5,46,6.4,322,27.7,0.078,0.286,6.0,,0.47
2023-04-30T07:00,23.8,79,0.0,20.0,956.9,2,1.1,360,28.0,0.077,0.286,105.0,,0.61
2023-04-30T08:00,25.8,73,0.0,20.6,957.7,0,2.8,40,29.8,0.076,0.286,336.0,,0.9
2023-04-30T09:00,27.8,67,0.0,21.0,958.1,0,2.2,261,32.6,0.074,0.286,559.0,,1.25
2023-04-30T10:00,29.6,60,0.0,21.0,957.5,17,9.7,297,35.4,0.071,0.286,743.0,,1.66
2023-04-30T11:00,30.7,55,0.0,20.7,956.7,28,11.3,301,37.9,0.067,0.286,831.0,,1.97
2023-04-30T12:00,31.7,51,0.0,20.4,955.7,14,7.9,294,40.2,0.064,0.286,874.0,,2.27
2023-04-30T13:00,32.5,48,0.0,20.0,954.6,16,7.1,300,42.3,0.06,0.286,878.0,,2.55
2023-04-30T14:00,33.2,45,0.0,19.8,953.1,100,8.1,315,43.6,0.056,0.286,778.0,,2.78
2023-04-30T15:00,33.2,43,0.0,18.8,952.3,100,7.2,297,43.9,0.054,0.286,618.0,,2.92
2023-04-30T16:00,30.8,47,0.2,18.1,952.2,36,14.7,239,42.8,0.055,0.286,384.0,,2.35
2023-04-30T17:00,30.9,45,0.0,17.7,952.2,76,12.9,103,40.8,0.052,0.288,241.0,,2.45
2023-04-30T18:00,28.5,56,0.1,18.8,952.4,54,21.9,110,38.3,0.052,0.288,77.0,,1.71
2023-04-30T19:00,28.3,58,0.0,19.2,953.0,28,16.0,104,36.0,0.052,0.288,2.0,,1.62
2023-04-30T20:00,27.5,58,0.0,18.6,954.0,49,8.6,112,34.1,0.052,0.288,0.0,,1.53
2023-04-30T21:00,27.7,59,0.0,19.0,954.6,11,9.7,105,32.7,0.051,0.288,0.0,,1.52
2023-04-30T22:00,26.7,62,0.1,18.7,955.9,46,8.9,346,31.5,0.052,0.288,0.0,,1.34
2023-04-30T23:00,26.3,63,0.0,18.7,955.2,79,8.2,209,30.6,0.053,0.288,0.0,,1.27
2023-05-01T00:00,25.2,68,0.0,18.9,954.6,85,6.9,261,29.6,0.053,0.288,0.0,,1.03
2023-05-01T01:00,24.8,74,0.0,19.8,954.1,37,7.9,321,28.8,0.053,0.288,0.0,,0.82
2023-05-01T02:00,24.3,79,0.0,20.4,954.1,91,5.2,25,28.1,0.052,0.288,0.0,,0.64
2023-05-01T03:00,23.8,88,0.0,21.7,953.8,43,0.8,27,27.4,0.052,0.288,0.0,,0.34
2023-05-01T04:00,23.4,86,0.0,20.9,954.0,62,1.5,225,26.9,0.052,0.288,0.0,,0.41
2023-05-01T05:00,23.2,84,0.0,20.3,954.9,88,3.0,14,29.0,0.05,0.285,0.0,,0.46
2023-05-01T06:00,23.7,77,0.0,19.4,955.9,88,3.1,111,28.2,0.05,0.285,9.0,,0.68
2023-05-01T07:00,24.7,68,0.0,18.4,956.8,73,1.8,270,28.6,0.05,0.285,131.0,,0.99
2023-05-01T08:00,25.9,61,0.0,17.8,957.4,76,5.6,297,30.5,0.049,0.285,346.0,,1.3
2023-05-01T09:00,27.5,55,0.0,17.7,957.7,56,7.1,311,33.3,0.048,0.285,567.0,,1.65
2023-05-01T10:00,29.2,48,0.0,17.2,957.3,54,6.6,319,36.6,0.047,0.285,758.0,,2.08
2023-05-01T11:00,30.4,42,0.0,16.0,956.8,52,6.1,320,39.9,0.045,0.285,830.0,,2.53
2023-05-01T12:00,31.6,37,0.0,15.0,956.2,72,6.0,303,43.1,0.044,0.285,945.0,,2.93
2023-05-01T13:00,32.0,34,0.0,14.4,955.2,27,6.8,267,45.3,0.042,0.285,867.0,,3.11
2023-05-01T14:00,32.1,35,0.1,14.5,954.4,15,7.1,255,46.9,0.042,0.285,837.0,,3.13
2023-05-01T15:00,32.3,34,0.0,14.5,953.6,25,5.9,313,47.4,0.042,0.285,694.0,,3.19
2023-05-01T16:00,32.7,33,0.0,14.3,953.1,17,9.0,5,46.4,0.041,0.285,466.0,,3.31
2023-05-01T17:00,32.9,31,0.0,13.7,952.8,37,9.3,344,43.9,0.041,0.288,287.0,,3.42
2023-05-01T18:00,32.5,31,0.0,13.4,953.2,26,10.0,15,41.4,0.041,0.288,86.0,,3.35
2023-05-01T19:00,31.1,36,0.0,14.4,953.7,87,16.8,42,38.9,0.041,0.288,2.0,,2.88
2023-05-01T20:00,30.1,37,0.0,13.8,954.4,69,13.8,51,36.8,0.04,0.288,0.0,,2.68
2023-05-01T21:00,29.7,40,0.0,14.6,954.9,74,8.4,100,35.0,0.04,0.288,0.0,,2.5
2023-05-01T22:00,28.1,49,0.0,16.3,955.3,86,10.3,126,33.6,0.04,0.288,0.0,,1.94
2023-05-01T23:00,27.2,54,0.0,17.2,956.2,67,4.3,180,32.4,0.04,0.288,0.0,,1.65
2023-05-02T00:00,27.2,47,0.1,14.8,956.3,44,10.6,242,31.5,0.041,0.288,0.0,,1.92
2023-05-02T01:00,26.5,47,0.0,14.4,955.6,3,9.1,236,30.6,0.041,0.288,0.0,,1.83
2023-05-02T02:00,24.9,55,0.0,15.3,955.2,7,5.6,285,29.7,0.041,0.288,0.0,,1.41
2023-05-02T03:00,24.0,63,0.0,16.6,954.7,85,6.2,10,28.7,0.041,0.288,0.0,,1.09
2023-05-02T04:00,23.1,73,0.0,17.9,954.5,35,8.7,38,27.9,0.041,0.288,0.0,,0.77
2023-05-02T05:00,23.5,65,0.0,16.5,954.9,5,12.1,17,29.9,0.039,0.286,0.0,,1.02
2023-05-02T06:00,23.6,74,0.0,18.7,955.7,96,9.2,51,28.9,0.039,0.286,9.0,,0.75
2023-05-02T07:00,24.8,75,0.0,20.0,957.1,99,9.9,80,29.2,0.039,0.286,135.0,,0.79
2023-05-02T08:00,26.3,67,0.0,19.7,958.1,86,8.0,80,31.0,0.039,0.286,350.0,,1.13
2023-05-02T09:00,28.0,58,0.0,18.9,958.5,84,5.9,47,34.1,0.039,0.286,570.0,,1.59
2023-05-02T10:00,29.9,48,0.0,17.6,958.3,82,6.9,28,37.9,0.039,0.286,759.0,,2.19
2023-05-02T11:00,31.5,39,0.0,16.0,957.4,83,6.2,21,41.8,0.038,0.286,891.0,,2.8
2023-05-02T12:00,32.6,35,0.0,15.0,956.6,76,2.5,45,45.4,0.038,0.286,941.0,,3.22
2023-05-02T13:00,33.5,30,0.0,13.7,955.6,75,2.3,231,48.4,0.038,0.286,927.0,,3.61
2023-05-02T14:00,34.2,27,0.0,12.7,954.7,79,7.5,235,49.8,0.038,0.286,816.0,,3.9
2023-05-02T15:00,34.3,27,0.0,12.7,953.9,84,8.3,272,49.9,0.038,0.286,683.0,,3.94
2023-05-02T16:00,34.6,26,0.0,12.5,953.2,81,12.0,321,48.9,0.038,0.286,508.0,,4.04
2023-05-02T17:00,34.8,23,0.0,10.9,952.9,88,12.2,336,45.3,0.038,0.286,297.0,,4.25
2023-05-02T18:00,34.4,22,0.0,9.9,953.2,98,7.1,15,42.9,0.038,0.286,88.0,,4.21
2023-05-02T19:00,32.7,28,0.0,11.7,954.0,99,9.7,94,40.3,0.038,0.286,2.0,,3.57
2023-05-02T20:00,31.7,31,0.0,12.5,955.0,98,13.2,125,38.1,0.038,0.286,0.0,,3.21
2023-05-02T21:00,31.0,33,0.0,12.7,955.9,94,19.4,132,36.3,0.038,0.286,0.0,,3.02
2023-05-02T22:00,28.9,47,0.0,16.5,957.3,100,10.5,153,34.8,0.038,0.286,0.0,,2.1
2023-05-02T23:00,28.6,46,0.0,16.0,957.6,100,6.9,208,33.6,0.038,0.286,0.0,,2.1
2023-05-03T00:00,28.6,44,0.0,15.3,957.1,36,6.9,227,32.5,0.038,0.286,0.0,,2.17
2023-05-03T01:00,27.4,49,0.0,15.6,956.5,17,7.4,256,31.6,0.039,0.286,0.0,,1.88
2023-05-03T02:00,26.4,55,0.0,16.6,955.8,17,10.4,270,30.7,0.039,0.286,0.0,,1.55
2023-05-03T03:00,25.7,60,0.0,17.4,955.8,100,10.7,303,29.9,0.039,0.286,0.0,,1.32
2023-05-03T04:00,25.2,63,0.0,17.7,956.5,100,11.2,315,29.2,0.039,0.286,0.0,,1.17
2023-05-03T05:00,24.9,66,0.0,18.1,957.4,100,13.8,313,31.1,0.039,0.286,0.0,,1.06
2023-05-03T06:00,25.1,67,0.0,18.4,958.1,18,12.1,307,30.2,0.039,0.286,9.0,,1.06
2023-05-03T07:00,26.2,63,0.0,18.6,958.7,0,15.9,303,30.3,0.039,0.286,135.0,,1.26
2023-05-03T08:00,27.9,56,0.0,18.2,959.6,0,16.8,312,31.8,0.039,0.286,350.0,,1.66
2023-05-03T09:00,29.8,47,0.0,17.3,960.1,0,14.3,319,34.5,0.039,0.286,569.0,,2.21
2023-05-03T10:00,31.1,41,0.0,16.4,959.7,14,9.4,313,38.0,0.039,0.286,750.0,,2.65
2023-05-03T11:00,32.4,36,0.0,15.5,959.2,12,8.5,282,41.5,0.038,0.286,828.0,,3.09
2023-05-03T12:00,33.4,32,0.0,14.6,958.7,23,10.4,256,44.4,0.038,0.286,865.0,,3.47
2023-05-03T13:00,33.9,30,0.0,14.0,957.5,30,10.6,260,46.3,0.038,0.286,817.0,,3.68
2023-05-03T14:00,34.0,29,0.0,13.4,955.9,22,7.3,290,47.5,0.038,0.286,730.0,,3.77
2023-05-03T15:00,34.3,27,0.0,12.8,954.8,17,8.7,336,47.8,0.038,0.286,606.0,,3.93
2023-05-03T16:00,34.6,26,0.0,12.4,954.2,39,10.5,344,47.1,0.038,0.286,463.0,,4.05
2023-05-03T17:00,34.5,23,0.0,10.7,953.9,36,0.8,207,45.7,0.038,0.286,241.0,,4.19
2023-05-03T18:00,34.0,23,0.0,9.8,954.5,69,3.1,144,43.4,0.038,0.286,57.0,,4.11
2023-05-03T19:00,32.6,31,0.0,13.1,955.4,59,12.2,124,40.9,0.038,0.286,2.0,,3.4
2023-05-03T20:00,31.9,34,0.0,14.0,956.1,32,11.9,85,38.8,0.038,0.286,0.0,,3.12
2023-05-03T21:00,30.7,40,0.0,15.6,956.9,23,11.2,57,37.0,0.038,0.286,0.0,,2.64
2023-05-03T22:00,29.8,44,0.0,16.2,957.5,62,4.9,54,35.5,0.038,0.286,0.0,,2.35
2023-05-03T23:00,29.4,45,0.0,16.1,957.9,60,1.8,180,34.4,0.038,0.286,0.0,,2.26
2023-05-04T00:00,28.8,47,0.0,16.3,957.3,20,16.1,110,33.4,0.038,0.286,0.0,,2.11
2023-05-04T01:00,27.6,52,0.0,16.8,956.4,15,16.6,129,32.4,0.038,0.286,0.0,,1.77
2023-05-04T02:00,26.5,57,0.0,17.4,955.9,2,7.6,98,31.4,0.038,0.286,0.0,,1.48
2023-05-04T03:00,24.9,63,0.0,17.4,955.6,2,10.9,73,30.4,0.038,0.286,0.0,,1.17
2023-05-04T04:00,24.2,67,0.0,17.7,955.7,8,7.6,65,29.5,0.039,0.286,0.0,,0.99
2023-05-04T05:00,24.8,67,0.0,18.3,956.5,0,7.9,87,31.5,0.038,0.286,0.0,,1.02
2023-05-04T06:00,24.8,70,0.0,18.8,957.2,0,7.6,90,30.6,0.038,0.286,10.0,,0.95
2023-05-04T07:00,25.9,66,0.0,18.9,958.1,0,7.5,107,30.8,0.038,0.286,135.0,,1.15
2023-05-04T08:00,27.6,58,0.0,18.6,958.9,31,7.6,135,32.7,0.038,0.286,349.0,,1.55
2023-05-04T09:00,29.2,53,0.0,18.7,959.2,23,8.0,144,35.6,0.038,0.286,568.0,,1.89
2023-05-04T10:00,30.9,47,0.0,18.3,959.1,35,7.2,143,39.2,0.038,0.286,754.0,,2.37
2023-05-04T11:00,32.6,40,0.0,17.3,958.2,28,7.9,137,42.9,0.038,0.286,868.0,,2.93
2023-05-04T12:00,33.6,36,0.0,16.5,957.4,37,7.1,150,45.5,0.038,0.286,824.0,,3.31
2023-05-04T13:00,34.2,34,0.0,16.2,956.5,41,6.3,156,47.5,0.038,0.286,769.0,,3.54
2023-05-04T14:00,34.4,33,0.0,15.9,955.6,34,6.9,174,48.3,0.038,0.286,655.0,,3.62
2023-05-04T15:00,34.8,31,0.0,15.1,954.6,38,8.7,197,48.6,0.038,0.286,577.0,,3.83
2023-05-04T16:00,34.7,29,0.0,13.8,953.9,41,12.6,207,47.4,0.038,0.286,395.0,,3.95
2023-05-04T17:00,33.9,30,0.0,14.1,953.8,27,6.5,264,46.0,0.039,0.286,247.0,,3.68
2023-05-04T18:00,33.7,29,0.0,13.4,954.3,35,2.7,293,43.6,0.039,0.286,73.0,,3.69
2023-05-04T19:00,33.4,29,0.0,13.1,954.9,21,6.0,73,41.1,0.039,0.286,2.0,,3.63
2023-05-04T20:00,32.1,34,0.0,14.3,955.5,31,13.8,84,39.0,0.039,0.286,0.0,,3.14
2023-05-04T21:00,29.3,49,0.0,17.3,955.9,6,19.2,62,37.0,0.039,0.286,0.0,,2.09
2023-05-04T22:00,28.6,51,0.0,17.5,956.4,0,17.0,58,35.3,0.039,0.286,0.0,,1.9
2023-05-04T23:00,27.7,54,0.0,17.7,956.4,23,13.2,61,33.8,0.039,0.286,0.0,,1.7
2023-05-05T00:00,27.3,56,0.0,17.8,956.7,44,8.9,58,32.7,0.039,0.286,0.0,,1.6
2023-05-05T01:00,25.3,65,1.4,18.3,956.7,97,13.1,217,31.6,0.058,0.286,0.0,,1.12
2023-05-05T02:00,24.4,68,0.5,18.2,955.5,99,14.8,91,30.4,0.064,0.286,0.0,,0.97
2023-05-05T03:00,24.2,70,0.0,18.4,955.0,3,18.4,78,29.4,0.064,0.286,0.0,,0.9
2023-05-05T04:00,23.9,74,0.0,19.0,954.6,8,10.6,66,28.7,0.064,0.286,0.0,,0.76
2023-05-05T05:00,24.2,74,0.0,19.2,955.4,17,14.8,64,31.7,0.039,0.286,0.0,,0.79
2023-05-05T06:00,24.7,72,0.0,19.4,955.8,54,12.6,77,30.7,0.039,0.286,10.0,,0.87
2023-05-05T07:00,26.7,63,0.0,19.0,956.9,46,16.2,90,30.9,0.039,0.286,136.0,,1.3
2023-05-05T08:00,28.8,55,0.0,19.0,957.9,51,15.1,90,32.5,0.039,0.286,347.0,,1.77
2023-05-05T09:00,30.3,49,0.0,18.6,958.2,9,11.4,103,35.3,0.039,0.286,565.0,,2.18
2023-05-05T10:00,31.6,44,0.0,17.9,957.9,20,8.2,105,38.7,0.039,0.286,708.0,,2.6
2023-05-05T11:00,33.0,39,0.0,17.2,957.4,32,6.4,106,42.2,0.039,0.286,811.0,,3.05
2023-05-05T12:00,33.8,36,0.0,16.6,956.8,46,5.9,101,45.3,0.039,0.286,831.0,,3.38
2023-05-05T13:00,34.2,35,0.0,16.5,955.7,23,6.5,109,47.4,0.038,0.286,774.0,,3.51
2023-05-05T14:00,34.4,34,0.0,16.3,954.3,20,3.5,156,49.1,0.038,0.286,761.0,,3.58
2023-05-05T15:00,34.5,33,0.0,16.0,953.5,24,3.1,201,49.8,0.038,0.286,636.0,,3.66
2023-05-05T16:00,34.5,33,0.0,15.7,953.0,15,3.1,225,49.2,0.038,0.286,449.0,,3.69
2023-05-05T17:00,34.2,33,0.0,15.7,952.9,41,4.2,290,46.1,0.038,0.286,260.0,,3.6
2023-05-05T18:00,33.9,33,0.0,15.2,953.8,64,5.8,248,43.7,0.038,0.286,64.0,,3.55
2023-05-05T19:00,33.2,34,0.0,15.3,954.9,74,6.5,177,41.5,0.038,0.286,2.0,,3.35
2023-05-05T20:00,31.7,40,0.1,16.5,956.0,65,17.3,95,39.5,0.039,0.286,0.0,,2.78
2023-05-05T21:00,30.4,43,0.1,16.5,956.4,63,20.5,101,37.6,0.04,0.286,0.0,,2.45
2023-05-05T22:00,30.1,46,0.0,17.1,956.4,89,20.5,92,36.0,0.04,0.286,0.0,,2.31
2023-05-05T23:00,29.0,51,0.0,18.0,955.9,96,16.3,95,34.6,0.04,0.286,0.0,,1.94
2023-05-06T00:00,28.1,56,0.0,18.6,955.4,93,13.8,84,33.4,0.04,0.286,0.0,,1.66
2023-05-06T01:00,27.5,59,0.0,18.9,955.2,88,8.4,190,32.3,0.04,0.286,0.0,,1.49
2023-05-06T02:00,27.6,55,0.0,17.7,954.9,85,14.2,207,31.5,0.04,0.286,0.0,,1.67
2023-05-06T03:00,27.1,56,0.0,17.7,954.5,14,8.3,182,30.8,0.04,0.286,0.0,,1.57
2023-05-06T04:00,26.6,59,0.0,18.0,954.7,50,4.6,129,30.1,0.04,0.286,0.0,,1.43
2023-05-06T05:00,26.7,63,0.0,18.9,955.3,100,9.8,174,32.7,0.039,0.286,0.0,,1.31
2023-05-06T06:00,26.9,61,0.0,18.8,956.0,84,5.3,152,31.8,0.039,0.286,10.0,,1.37
2023-05-06T07:00,28.1,57,0.0,18.8,956.7,23,7.2,180,32.1,0.039,0.286,136.0,,1.63
2023-05-06T08:00,29.6,52,0.0,18.7,957.5,4,6.0,205,34.0,0.039,0.286,350.0,,2.0
2023-05-06T09:00,31.2,45,0.0,17.9,957.9,14,3.1,216,37.2,0.039,0.286,567.0,,2.5
2023-05-06T10:00,32.9,38,0.0,16.6,957.7,8,0.7,360,41.2,0.038,0.286,747.0,,3.1
2023-05-06T11:00,34.1,33,0.0,15.6,957.0,11,2.3,39,44.9,0.038,0.286,825.0,,3.58
2023-05-06T12:00,35.2,29,0.0,14.6,956.2,19,2.6,16,48.0,0.038,0.286,864.0,,4.02
2023-05-06T13:00,36.1,26,0.0,13.8,955.2,40,3.7,29,50.3,0.038,0.286,841.0,,4.38
2023-05-06T14:00,36.3,25,0.0,13.0,954.0,43,2.9,83,50.8,0.038,0.286,622.0,,4.54
2023-05-06T15:00,36.9,22,0.0,11.9,953.1,58,0.7,180,50.7,0.038,0.286,505.0,,4.85
2023-05-06T16:00,37.5,20,0.0,10.7,952.4,86,6.1,315,49.6,0.038,0.286,342.0,,5.14
2023-05-06T17:00,35.5,26,0.0,13.3,953.1,100,5.4,228,44.7,0.038,0.286,185.0,,4.24
2023-05-06T18:00,34.8,27,0.1,12.9,953.9,94,2.3,321,42.8,0.04,0.286,74.0,,4.06
2023-05-06T19:00,34.1,31,0.0,14.3,954.7,86,12.4,60,40.7,0.04,0.286,2.0,,3.7
2023-05-06T20:00,33.5,34,0.0,15.5,955.5,87,13.0,85,38.9,0.04,0.286,0.0,,3.42
2023-05-06T21:00,32.8,38,0.0,16.8,956.1,83,12.7,98,37.5,0.04,0.286,0.0,,3.05
2023-05-06T22:00,31.7,44,0.0,17.8,956.2,87,14.8,61,36.3,0.04,0.286,0.0,,2.64
2023-05-06T23:00,30.9,43,0.0,17.0,956.2,100,13.4,36,35.1,0.04,0.286,0.0,,2.54
2023-05-07T00:00,30.6,43,0.0,16.8,955.6,100,8.3,34,34.1,0.04,0.286,0.0,,2.48
2023-05-07T01:00,29.8,47,0.0,17.3,955.1,94,6.5,56,33.2,0.04,0.286,0.0,,2.23
2023-05-07T02:00,29.1,52,0.0,18.3,954.8,62,4.1,45,32.4,0.04,0.286,0.0,,1.93
2023-05-07T03:00,28.8,51,0.0,17.8,954.6,95,6.4,297,31.7,0.04,0.286,0.0,,1.93
2023-05-07T04:00,28.3,52,0.0,17.6,955.1,100,7.4,129,31.2,0.04,0.286,0.0,,1.83
2023-05-07T05:00,24.7,73,0.0,19.6,956.2,100,27.6,98,33.7,0.039,0.287,0.0,,0.84
2023-05-07T06:00,25.0,71,0.0,19.4,956.3,99,10.7,110,32.4,0.039,0.287,9.0,,0.91
2023-05-07T07:00,27.0,64,0.0,19.6,957.2,64,9.8,96,32.3,0.039,0.287,121.0,,1.29
2023-05-07T08:00,29.4,53,0.0,18.9,957.7,85,3.1,69,34.1,0.039,0.287,330.0,,1.9
2023-05-07T09:00,31.4,45,0.0,18.2,958.1,100,8.4,7,37.3,0.039,0.287,550.0,,2.51
2023-05-07T10:00,33.0,40,0.0,17.8,957.9,100,11.5,32,40.4,0.039,0.287,708.0,,2.99
2023-05-07T11:00,34.6,36,0.0,17.2,957.3,97,11.6,30,43.6,0.039,0.287,846.0,,3.53
2023-05-07T12:00,35.8,33,0.2,17.1,956.6,97,9.7,22,46.8,0.041,0.287,921.0,,3.91
2023-05-07T13:00,36.4,32,0.1,17.0,955.3,54,8.2,15,49.0,0.041,0.287,881.0,,4.14
2023-05-07T14:00,36.8,30,0.0,16.6,953.9,79,6.2,21,49.9,0.041,0.287,694.0,,4.3
2023-05-07T15:00,36.8,29,0.0,15.9,953.1,100,9.7,51,48.8,0.04,0.287,354.0,,4.41
2023-05-07T16:00,32.4,43,0.2,18.2,953.5,73,22.7,23,46.4,0.044,0.286,235.0,,2.77
2023-05-07T17:00,33.8,37,0.0,16.9,953.4,47,21.0,31,42.9,0.042,0.291,183.0,,3.33
2023-05-07T18:00,33.3,38,0.0,17.2,953.9,16,15.8,66,40.9,0.042,0.291,85.0,,3.16
2023-05-07T19:00,32.8,40,0.0,17.3,954.8,24,13.6,101,38.9,0.042,0.291,2.0,,3.01
2023-05-07T20:00,32.3,42,0.0,17.8,955.1,36,10.8,116,37.4,0.041,0.291,0.0,,2.8
2023-05-07T21:00,31.7,44,0.0,18.1,956.0,74,9.7,165,36.2,0.041,0.291,0.0,,2.6
2023-05-07T22:00,30.1,48,0.0,17.8,956.2,100,14.2,173,35.1,0.041,0.291,0.0,,2.24
2023-05-07T23:00,26.9,64,2.8,19.6,956.1,98,12.2,251,34.0,0.08,0.291,0.0,,1.26
2023-05-08T00:00,24.7,76,1.6,20.2,955.4,95,17.5,352,31.9,0.102,0.291,0.0,,0.74
2023-05-08T01:00,25.0,78,1.0,20.8,954.6,99,8.0,352,30.7,0.116,0.291,0.0,,0.7
2023-05-08T02:00,24.9,81,1.7,21.3,955.0,84,7.4,76,30.0,0.138,0.291,0.0,,0.61
2023-05-08T03:00,24.5,81,1.7,21.0,954.9,72,6.1,90,29.1,0.162,0.291,0.0,,0.59
2023-05-08T04:00,24.4,82,0.2,21.2,955.0,66,8.3,72,28.6,0.165,0.291,0.0,,0.54
2023-05-08T05:00,24.8,83,0.0,21.6,955.6,63,8.9,194,31.9,0.054,0.287,0.0,,0.54
2023-05-08T06:00,25.3,80,0.0,21.5,955.9,94,7.9,196,31.0,0.054,0.287,4.0,,0.65
2023-05-08T07:00,26.4,74,0.0,21.3,956.7,97,6.5,251,31.2,0.054,0.287,125.0,,0.91
2023-05-08T08:00,28.5,61,0.0,20.4,957.6,60,8.3,304,32.5,0.054,0.287,278.0,,1.5
2023-05-08T09:00,30.8,51,0.0,19.6,957.8,56,7.5,325,35.2,0.053,0.287,536.0,,2.16
2023-05-08T10:00,32.2,47,0.0,19.4,957.8,35,8.1,339,38.3,0.051,0.287,709.0,,2.56
2023-05-08T11:00,33.5,44,0.0,19.5,957.2,14,7.2,333,41.4,0.049,0.287,813.0,,2.91
2023-05-08T12:00,34.6,40,0.0,19.2,956.5,24,6.0,335,44.3,0.046,0.287,854.0,,3.28
2023-05-08T13:00,35.5,37,0.0,18.5,955.5,33,5.5,32,46.8,0.045,0.287,864.0,,3.65
2023-05-08T14:00,36.4,34,0.0,18.0,954.3,55,12.3,75,48.2,0.043,0.287,760.0,,4.02
2023-05-08T15:00,36.2,33,0.0,17.6,953.4,46,18.2,81,47.8,0.042,0.287,578.0,,4.0
2023-05-08T16:00,35.2,35,0.0,17.3,952.6,25,14.2,74,46.5,0.042,0.287,394.0,,3.71
2023-05-08T17:00,33.4,43,0.0,19.1,953.2,28,12.6,70,45.2,0.043,0.295,247.0,,2.93
2023-05-08T18:00,33.1,44,0.0,19.1,954.1,49,6.2,36,42.8,0.042,0.295,68.0,,2.83
2023-05-08T19:00,33.3,43,0.0,18.9,954.8,83,4.9,73,40.6,0.042,0.294,2.0,,2.92
2023-05-08T20:00,31.7,49,0.5,19.6,955.9,82,7.1,204,38.8,0.048,0.294,0.0,,2.38
2023-05-08T21:00,25.4,81,8.8,21.8,956.5,100,16.3,265,35.2,0.169,0.294,0.0,,0.62
2023-05-08T22:00,26.7,80,0.0,22.9,956.8,97,14.2,207,33.3,0.169,0.294,0.0,,0.71
2023-05-08T23:00,26.5,81,0.0,22.9,957.3,100,12.1,287,32.1,0.169,0.295,0.0,,0.66
2023-05-09T00:00,26.3,81,0.0,22.8,956.4,100,9.2,296,31.2,0.168,0.295,0.0,,0.64
2023-05-09T01:00,26.2,80,0.0,22.6,955.8,100,8.2,311,30.6,0.168,0.295,0.0,,0.67
2023-05-09T02:00,26.3,78,0.0,22.2,955.3,100,6.6,319,30.1,0.167,0.295,0.0,,0.75
2023-05-09T03:00,26.4,78,0.0,22.2,954.9,100,5.9,322,29.7,0.167,0.295,0.0,,0.76
2023-05-09T04:00,26.5,76,0.0,22.0,955.1,100,1.5,225,29.6,0.166,0.295,0.0,,0.82
2023-05-09T05:00,26.1,75,0.0,21.3,955.9,100,5.9,308,31.9,0.048,0.294,0.0,,0.84
2023-05-09T06:00,26.7,73,0.0,21.3,956.3,48,10.3,324,31.1,0.048,0.294,7.0,,0.96
2023-05-09T07:00,27.7,68,0.0,21.1,957.1,100,5.6,315,31.3,0.048,0.294,87.0,,1.2
2023-05-09T08:00,28.2,66,0.0,21.2,958.0,92,8.2,337,31.5,0.048,0.294,82.0,,1.31
2023-05-09T09:00,30.0,59,0.0,21.0,958.2,54,15.0,312,33.0,0.048,0.294,283.0,,1.75
2023-05-09T10:00,31.6,49,0.0,19.8,958.3,18,15.5,338,35.3,0.047,0.294,519.0,,2.35
2023-05-09T11:00,33.7,43,0.0,19.3,957.9,27,9.7,31,39.1,0.046,0.294,807.0,,2.98
2023-05-09T12:00,34.8,41,0.0,19.4,957.3,63,7.7,62,42.6,0.044,0.294,864.0,,3.29
2023-05-09T13:00,35.7,38,0.0,19.3,956.2,65,9.2,69,45.3,0.043,0.294,840.0,,3.61
2023-05-09T14:00,36.5,35,0.0,18.7,954.7,94,11.6,60,47.0,0.042,0.294,760.0,,3.95
2023-05-09T15:00,37.2,33,0.0,18.4,953.7,96,15.3,56,47.5,0.041,0.294,625.0,,4.22
2023-05-09T16:00,36.6,32,0.1,17.0,953.6,100,19.9,58,46.5,0.042,0.294,415.0,,4.2
2023-05-09T17:00,35.0,38,0.8,18.7,954.1,100,8.4,115,43.5,0.044,0.294,180.0,,3.47
2023-05-09T18:00,29.1,63,2.8,21.4,955.1,100,13.9,37,40.3,0.082,0.294,69.0,,1.48
2023-05-09T19:00,30.3,61,0.0,21.9,955.6,100,4.0,180,37.8,0.081,0.294,2.0,,1.68
2023-05-09T20:00,30.5,61,0.0,22.2,956.3,100,1.5,284,36.0,0.081,0.294,0.0,,1.68
2023-05-09T21:00,29.9,64,0.0,22.5,957.3,100,10.3,25,34.6,0.08,0.294,0.0,,1.5
2023-05-09T22:00,29.5,67,0.0,22.7,957.4,95,8.2,61,33.4,0.08,0.294,0.0,,1.37
2023-05-09T23:00,29.2,70,0.0,23.0,957.3,100,4.8,63,32.5,0.079,0.294,0.0,,1.23
2023-05-10T00:00,28.7,72,0.0,23.2,956.3,100,2.9,210,31.7,0.079,0.294,0.0,,1.09
2023-05-10T01:00,27.9,77,0.0,23.4,955.8,100,6.9,223,31.1,0.079,0.294,0.0,,0.88
2023-05-10T02:00,27.4,79,0.0,23.4,955.1,100,7.0,215,30.5,0.078,0.294,0.0,,0.77
2023-05-10T03:00,26.9,80,0.0,23.1,954.6,99,6.2,234,30.0,0.078,0.294,0.0,,0.72
2023-05-10T04:00,26.5,80,0.0,22.8,954.6,18,5.6,297,29.4,0.078,0.294,0.0,,0.68
2023-05-10T05:00,26.9,74,0.0,21.9,955.5,0,7.4,317,32.8,0.041,0.292,0.0,,0.92
2023-05-10T06:00,27.7,69,0.0,21.6,956.1,100,9.2,329,32.0,0.041,0.292,10.0,,1.13
2023-05-10T07:00,29.3,62,0.0,21.2,956.9,99,11.7,326,32.3,0.041,0.292,121.0,,1.55
2023-05-10T08:00,31.5,55,0.0,21.3,957.4,77,16.1,333,33.9,0.041,0.292,336.0,,2.1
2023-05-10T09:00,33.8,46,0.0,20.5,957.8,69,14.6,327,36.7,0.041,0.291,561.0,,2.83
2023-05-10T10:00,35.7,38,0.0,19.4,957.6,61,12.4,324,40.1,0.04,0.291,741.0,,3.58
2023-05-10T11:00,37.5,31,0.0,17.5,956.7,40,10.0,345,43.8,0.04,0.291,862.0,,4.43
2023-05-10T12:00,39.0,25,0.0,15.6,955.7,47,12.1,30,47.1,0.039,0.291,899.0,,5.22
2023-05-10T13:00,39.4,23,0.0,14.4,955.0,60,15.3,47,48.5,0.039,0.291,752.0,,5.48
2023-05-10T14:00,39.5,23,0.0,14.3,954.1,50,14.8,49,49.8,0.039,0.291,771.0,,5.56
2023-05-10T15:00,39.0,23,0.0,14.0,953.5,46,16.7,57,49.5,0.039,0.291,554.0,,5.38
2023-05-10T16:00,39.3,22,0.0,13.7,953.0,99,19.1,49,48.8,0.038,0.291,462.0,,5.52
2023-05-10T17:00,38.3,21,0.0,12.2,953.3,100,19.9,35,46.7,0.039,0.294,270.0,,5.3
2023-05-10T18:00,37.9,20,0.0,11.2,953.7,92,15.6,38,44.4,0.039,0.294,85.0,,5.24
2023-05-10T19:00,36.0,27,0.0,13.8,954.1,97,13.0,129,42.0,0.039,0.294,3.0,,4.36
2023-05-10T20:00,33.8,37,0.0,16.9,954.5,97,12.4,144,39.9,0.039,0.294,0.0,,3.32
2023-05-10T21:00,33.0,39,0.0,17.1,955.3,100,13.2,137,38.1,0.039,0.294,0.0,,3.09
2023-05-10T22:00,32.1,41,0.0,17.1,955.6,73,9.4,130,36.6,0.039,0.294,0.0,,2.83
2023-05-10T23:00,31.2,44,0.0,17.5,955.7,97,8.0,216,35.3,0.039,0.294,0.0,,2.54
2023-05-11T00:00,30.5,47,0.0,17.9,955.7,100,6.6,257,34.1,0.039,0.294,0.0,,2.31
2023-05-11T01:00,30.0,49,0.0,18.0,955.5,100,6.1,50,33.1,0.039,0.294,0.0,,2.18
2023-05-11T02:00,29.5,50,0.0,17.9,955.2,100,6.8,65,32.4,0.039,0.294,0.0,,2.07
2023-05-11T03:00,28.7,53,0.0,18.2,955.1,87,6.1,140,31.7,0.039,0.294,0.0,,1.85
2023-05-11T04:00,28.0,57,0.0,18.6,955.2,94,5.2,146,31.0,0.039,0.294,0.0,,1.63
2023-05-11T05:00,27.9,69,0.0,21.8,955.9,100,7.0,201,33.8,0.038,0.292,0.0,,1.14
2023-05-11T06:00,28.3,68,0.0,21.9,956.1,100,7.3,213,32.8,0.038,0.292,12.0,,1.22
2023-05-11T07:00,30.0,62,0.0,22.0,957.0,100,10.8,249,33.1,0.038,0.292,138.0,,1.59
2023-05-11T08:00,32.3,52,0.0,21.3,958.0,99,10.4,284,35.0,0.038,0.292,343.0,,2.3
2023-05-11T09:00,34.5,42,0.0,19.9,958.2,98,10.1,297,38.0,0.038,0.292,572.0,,3.15
2023-05-11T10:00,36.8,31,0.0,16.7,958.1,93,4.4,325,42.0,0.038,0.292,763.0,,4.29
2023-05-11T11:00,38.4,22,0.0,12.9,957.5,100,7.2,63,45.5,0.038,0.292,771.0,,5.28
2023-05-11T12:00,39.9,19,0.0,12.1,957.0,100,12.9,63,48.6,0.038,0.292,904.0,,5.93
2023-05-11T13:00,40.1,18,0.0,11.4,956.0,100,19.1,49,50.1,0.038,0.292,811.0,,6.07
2023-05-11T14:00,40.0,17,0.0,10.5,955.1,100,20.6,36,50.6,0.038,0.292,753.0,,6.11
2023-05-11T15:00,40.0,17,0.0,10.4,954.0,100,18.1,49,50.2,0.037,0.292,598.0,,6.11
2023-05-11T16:00,39.9,17,0.0,10.5,953.5,100,20.1,75,49.4,0.037,0.292,485.0,,6.05
2023-05-11T17:00,39.2,18,0.0,10.8,953.9,91,19.3,21,47.4,0.038,0.294,277.0,,5.76
2023-05-11T18:00,39.1,17,0.0,9.8,954.1,14,12.0,33,45.2,0.038,0.294,98.0,,5.8
2023-05-11T19:00,37.4,20,0.0,10.4,954.5,21,4.3,90,42.8,0.038,0.294,3.0,,5.13
2023-05-11T20:00,35.6,28,0.0,14.0,955.2,44,11.0,122,40.8,0.038,0.294,0.0,,4.2
2023-05-11T21:00,35.3,27,0.0,13.5,955.5,37,15.6,140,39.3,0.038,0.294,0.0,,4.17
2023-05-11T22:00,33.3,33,0.0,14.8,955.7,46,16.3,149,37.7,0.038,0.294,0.0,,3.43
2023-05-11T23:00,32.5,35,0.0,15.0,955.7,13,12.9,153,36.4,0.038,0.294,0.0,,3.18
2023-05-12T00:00,31.4,38,0.0,15.2,955.7,20,8.5,234,35.2,0.038,0.294,0.0,,2.87
2023-05-12T01:00,31.0,39,0.0,15.2,955.5,32,9.2,225,34.1,0.038,0.294,0.0,,2.75
2023-05-12T02:00,30.0,47,0.0,17.5,955.0,12,9.8,234,33.3,0.038,0.294,0.0,,2.23
2023-05-12T03:00,29.1,53,0.0,18.5,954.8,89,9.5,259,32.5,0.038,0.294,0.0,,1.9
2023-05-12T04:00,28.5,54,0.0,18.2,955.0,99,7.3,250,31.7,0.038,0.294,0.0,,1.79
2023-05-12T05:00,28.9,71,0.0,23.0,955.9,70,14.2,216,34.8,0.039,0.294,0.0,,1.17
2023-05-12T06:00,28.9,70,0.0,22.9,956.3,14,12.8,212,33.8,0.039,0.294,12.0,,1.19
2023-05-12T07:00,30.1,65,0.0,22.7,957.3,3,15.3,240,33.9,0.039,0.294,147.0,,1.51
2023-05-12T08:00,32.4,53,0.0,21.6,958.1,13,16.5,260,35.5,0.039,0.294,363.0,,2.28
2023-05-12T09:00,34.4,44,0.0,20.3,958.3,12,13.3,267,38.2,0.039,0.294,580.0,,3.06
2023-05-12T10:00,36.5,35,0.0,18.8,958.3,17,11.5,270,41.8,0.038,0.294,764.0,,3.93
2023-05-12T11:00,38.1,26,0.0,15.1,957.6,33,9.5,295,45.1,0.038,0.294,812.0,,4.93
2023-05-12T12:00,39.1,20,0.0,12.0,956.7,17,6.6,319,48.0,0.038,0.294,812.0,,5.61
2023-05-12T13:00,40.1,18,0.0,11.0,955.6,24,4.5,331,50.9,0.038,0.294,868.0,,6.11
2023-05-12T14:00,40.6,16,0.0,10.4,954.5,30,3.3,6,52.7,0.038,0.294,764.0,,6.36
2023-05-12T15:00,40.9,15,0.0,9.7,953.6,33,5.0,339,53.2,0.038,0.294,636.0,,6.54
2023-05-12T16:00,40.7,14,0.0,8.5,953.3,59,10.2,318,52.0,0.038,0.294,400.0,,6.55
2023-05-12T17:00,40.4,15,0.0,9.2,952.8,100,6.4,333,49.6,0.039,0.295,204.0,,6.35
2023-05-12T18:00,40.3,14,0.0,8.2,953.2,56,11.7,43,47.1,0.039,0.295,82.0,,6.41
2023-05-12T19:00,38.9,13,0.0,5.8,954.1,39,17.1,60,44.6,0.039,0.295,3.0,,6.02
2023-05-12T20:00,37.1,15,0.0,6.5,954.6,19,10.7,76,42.3,0.039,0.295,0.0,,5.32
2023-05-12T21:00,35.2,20,0.0,8.7,955.3,7,6.0,123,40.2,0.039,0.295,0.0,,4.55
2023-05-12T22:00,33.7,28,0.0,12.4,955.7,44,7.7,139,38.3,0.039,0.295,0.0,,3.78
2023-05-12T23:00,32.6,32,0.0,13.9,955.4,91,8.8,102,36.8,0.039,0.295,0.0,,3.34
2023-05-13T00:00,32.3,33,0.0,14.2,954.9,60,11.2,266,35.6,0.039,0.295,0.0,,3.22
2023-05-13T01:00,31.7,41,0.0,16.7,954.6,0,20.6,276,34.7,0.039,0.295,0.0,,2.78
2023-05-13T02:00,29.6,56,0.0,19.8,954.3,0,20.6,258,33.7,0.039,0.295,0.0,,1.83
2023-05-13T03:00,28.8,58,0.0,19.6,954.0,0,20.6,275,32.8,0.039,0.295,0.0,,1.67
2023-05-13T04:00,28.0,60,0.0,19.5,954.2,0,17.9,279,32.0,0.039,0.295,0.0,,1.51
2023-05-13T05:00,28.1,64,0.0,20.6,955.5,0,12.6,275,34.9,0.033,0.287,0.0,,1.37
2023-05-13T06:00,28.4,61,0.0,20.2,956.5,0,13.7,273,33.7,0.033,0.287,13.0,,1.51
2023-05-13T07:00,30.0,53,0.0,19.5,957.2,4,18.7,286,33.8,0.033,0.287,149.0,,1.98
2023-05-13T08:00,32.2,45,0.0,18.8,958.1,6,19.6,296,35.2,0.033,0.287,367.0,,2.63
2023-05-13T09:00,34.4,37,0.0,17.5,958.7,0,17.8,302,37.8,0.033,0.287,585.0,,3.42
2023-05-13T10:00,36.6,30,0.0,16.0,958.4,0,15.5,312,41.2,0.033,0.287,770.0,,4.32
2023-05-13T11:00,38.9,20,0.0,12.0,957.7,14,13.0,332,44.9,0.033,0.287,899.0,,5.56
2023-05-13T12:00,40.4,14,0.0,8.0,956.9,13,10.9,343,47.9,0.033,0.287,879.0,,6.45
2023-05-13T13:00,41.7,12,0.0,6.7,955.8,9,11.2,345,50.8,0.033,0.287,938.0,,7.07
2023-05-13T14:00,42.4,11,0.0,6.0,954.5,23,13.6,323,52.6,0.033,0.287,863.0,,7.42
2023-05-13T15:00,42.8,10,0.0,4.9,953.4,42,21.7,291,52.3,0.033,0.287,626.0,,7.66
2023-05-13T16:00,42.1,9,0.0,2.5,953.1,96,20.9,314,50.9,0.033,0.287,402.0,,7.49
2023-05-13T17:00,41.5,9,0.0,2.2,952.9,47,27.4,325,48.3,0.036,0.289,187.0,,7.27
2023-05-13T18:00,40.5,10,0.0,2.8,953.7,16,24.6,348,46.0,0.036,0.289,95.0,,6.83
2023-05-13T19:00,38.6,11,0.0,2.3,954.2,27,17.7,27,43.6,0.036,0.289,3.0,,6.1
2023-05-13T20:00,37.2,12,0.0,3.5,954.8,12,11.2,45,41.5,0.036,0.289,0.0,,5.54
2023-05-13T21:00,34.5,28,0.0,13.1,956.1,7,26.6,272,39.5,0.036,0.289,0.0,,3.96
2023-05-13T22:00,32.6,41,0.0,17.6,956.5,0,29.7,276,37.9,0.036,0.289,0.0,,2.9
2023-05-13T23:00,31.5,47,0.0,19.0,956.1,49,29.4,281,36.6,0.036,0.289,0.0,,2.43
2023-05-14T00:00,30.7,50,0.0,19.2,955.8,0,26.1,288,35.3,0.036,0.289,0.0,,2.19
2023-05-14T01:00,29.7,53,0.0,19.1,955.4,0,23.6,282,34.3,0.036,0.289,0.0,,1.96
2023-05-14T02:00,28.8,55,0.0,18.8,954.4,0,23.6,286,33.3,0.037,0.289,0.0,,1.78
2023-05-14T03:00,27.8,57,0.0,18.6,954.2,0,22.6,287,32.3,0.037,0.289,0.0,,1.6
2023-05-14T04:00,27.1,58,0.0,18.2,954.4,0,19.2,287,31.5,0.037,0.289,0.0,,1.5
2023-05-14T05:00,27.2,62,0.0,19.3,955.6,0,19.6,290,33.7,0.028,0.283,0.0,,1.37
2023-05-14T06:00,27.4,60,0.0,18.9,956.3,0,15.9,283,32.6,0.028,0.283,14.0,,1.47
2023-05-14T07:00,28.7,53,0.0,18.1,957.3,0,17.6,281,32.7,0.028,0.283,151.0,,1.85
2023-05-14T08:00,30.5,44,0.0,17.0,958.1,0,19.5,286,34.2,0.028,0.283,368.0,,2.43
2023-05-14T09:00,32.7,36,0.0,15.9,958.5,0,19.7,294,36.7,0.028,0.283,587.0,,3.15
2023-05-14T10:00,35.2,29,0.0,14.5,958.0,0,20.3,295,39.8,0.028,0.283,772.0,,4.02
2023-05-14T11:00,37.6,22,0.0,12.2,957.5,0,21.3,296,43.1,0.028,0.283,904.0,,5.04
2023-05-14T12:00,39.5,17,0.0,10.0,956.4,60,20.8,298,46.1,0.028,0.283,969.0,,5.96
2023-05-14T13:00,40.6,14,0.0,8.3,955.1,73,17.9,298,48.7,0.028,0.283,962.0,,6.52
2023-05-14T14:00,41.5,12,0.0,6.9,953.8,88,14.8,293,50.5,0.028,0.283,884.0,,6.97
2023-05-14T15:00,41.5,12,0.0,6.0,952.9,50,12.3,291,51.1,0.028,0.283,659.0,,7.03
2023-05-14T16:00,41.5,11,0.0,5.2,952.3,36,12.2,298,50.7,0.028,0.283,511.0,,7.08
2023-05-14T17:00,40.0,12,0.0,5.8,952.7,76,14.2,277,48.5,0.036,0.284,227.0,,6.46
2023-05-14T18:00,39.1,13,0.0,6.2,953.1,2,16.3,264,46.1,0.036,0.284,96.0,,6.08
2023-05-14T19:00,37.5,15,0.0,6.4,953.3,3,14.5,240,43.4,0.036,0.284,4.0,,5.49
2023-05-14T20:00,36.4,15,0.0,5.7,953.8,1,15.0,253,41.3,0.036,0.284,0.0,,5.16
2023-05-14T21:00,34.0,27,0.0,12.2,954.6,2,26.1,282,39.4,0.036,0.284,0.0,,3.89
2023-05-14T22:00,32.9,31,0.0,13.4,955.3,0,27.9,287,37.8,0.036,0.284,0.0,,3.46
2023-05-14T23:00,32.0,33,0.0,13.8,955.2,0,25.8,298,36.4,0.036,0.284,0.0,,3.18
2023-05-15T00:00,31.0,36,0.0,14.2,954.7,0,21.1,284,35.2,0.036,0.284,0.0,,2.87
2023-05-15T01:00,29.8,41,0.0,15.0,954.2,0,19.4,270,34.1,0.036,0.284,0.0,,2.49
2023-05-15T02:00,28.8,45,0.0,15.8,954.2,0,17.8,288,33.1,0.036,0.284,0.0,,2.17
2023-05-15T03:00,28.1,49,0.0,16.3,954.4,0,15.1,303,32.2,0.036,0.284,0.0,,1.94
2023-05-15T04:00,27.4,52,0.0,16.6,954.8,0,15.0,300,31.4,0.036,0.284,0.0,,1.77
2023-05-15T05:00,27.1,55,0.0,17.2,955.9,0,19.2,296,34.1,0.035,0.284,0.0,,1.63
2023-05-15T06:00,27.4,55,0.0,17.5,956.9,0,17.7,294,32.9,0.035,0.284,14.0,,1.64
2023-05-15T07:00,28.4,53,0.0,17.9,957.9,0,21.6,300,32.9,0.035,0.284,151.0,,1.81
2023-05-15T08:00,30.0,49,0.0,18.3,958.7,0,24.2,307,34.1,0.035,0.284,367.0,,2.15
2023-05-15T09:00,32.4,43,0.0,18.1,959.2,0,24.3,305,36.4,0.035,0.284,584.0,,2.77
2023-05-15T10:00,34.9,35,0.0,17.0,958.8,0,24.7,307,39.3,0.035,0.284,767.0,,3.64
2023-05-15T11:00,37.1,27,0.0,14.8,958.3,16,24.1,308,42.4,0.035,0.284,898.0,,4.63
2023-05-15T12:00,38.4,20,0.0,11.9,957.3,26,22.9,298,45.0,0.035,0.284,887.0,,5.38
2023-05-15T13:00,39.1,18,0.0,10.8,956.3,13,23.3,290,46.8,0.035,0.284,826.0,,5.72
2023-05-15T14:00,39.5,18,0.0,10.5,955.4,9,21.9,284,48.1,0.035,0.284,807.0,,5.92
2023-05-15T15:00,39.6,17,0.0,9.9,954.7,10,19.9,283,48.6,0.035,0.284,677.0,,6.0
2023-05-15T16:00,39.5,16,0.0,9.3,954.3,16,18.4,282,48.2,0.035,0.284,502.0,,5.99
2023-05-15T17:00,38.5,16,0.0,8.4,954.3,29,20.2,273,46.7,0.035,0.283,288.0,,5.69
2023-05-15T18:00,37.6,17,0.0,8.2,954.4,1,17.3,274,44.4,0.035,0.283,109.0,,5.4
2023-05-15T19:00,36.4,18,0.0,8.5,954.7,3,12.6,275,42.0,0.035,0.283,4.0,,4.95
2023-05-15T20:00,35.4,18,0.0,7.5,955.1,13,16.1,280,40.0,0.035,0.283,0.0,,4.7
2023-05-15T21:00,34.0,21,0.0,8.3,955.9,1,22.0,280,38.3,0.035,0.283,0.0,,4.21
2023-05-15T22:00,32.8,30,0.0,12.8,956.2,1,25.3,276,36.9,0.035,0.283,0.0,,3.5
2023-05-15T23:00,31.8,37,0.0,15.3,956.5,0,23.9,282,35.7,0.035,0.283,0.0,,2.95
2023-05-16T00:00,30.7,42,0.0,16.2,956.2,0,21.7,302,34.6,0.035,0.283,0.0,,2.57
2023-05-16T01:00,29.7,48,0.0,17.4,955.7,0,19.8,303,33.6,0.035,0.283,0.0,,2.17
2023-05-16T02:00,28.6,55,0.0,18.6,955.6,0,18.1,293,32.7,0.035,0.283,0.0,,1.76
2023-05-16T03:00,27.7,61,0.0,19.4,955.9,0,17.4,297,31.8,0.035,0.283,0.0,,1.45
2023-05-16T04:00,26.9,66,0.0,20.0,956.5,0,17.2,307,31.1,0.035,0.283,0.0,,1.21
2023-05-16T05:00,26.9,66,0.0,20.1,957.1,0,16.6,312,33.2,0.035,0.284,0.0,,1.19
2023-05-16T06:00,26.9,65,0.0,19.8,958.0,0,17.1,314,32.2,0.035,0.284,14.0,,1.22
2023-05-16T07:00,27.6,63,0.0,20.0,959.1,0,20.9,315,32.2,0.035,0.284,154.0,,1.36
2023-05-16T08:00,29.3,57,0.0,19.9,960.0,0,21.9,315,33.5,0.035,0.284,373.0,,1.76
2023-05-16T09:00,31.9,44,0.0,18.2,960.4,0,23.2,316,35.9,0.035,0.284,592.0,,2.62
2023-05-16T10:00,34.6,31,0.0,15.2,960.4,0,23.7,317,38.9,0.035,0.284,778.0,,3.78
2023-05-16T11:00,36.8,21,0.0,10.9,959.8,0,22.0,320,42.1,0.035,0.284,910.0,,4.89
2023-05-16T12:00,38.1,17,0.0,8.7,958.9,0,19.1,311,45.3,0.035,0.284,977.0,,5.52
2023-05-16T13:00,38.8,15,0.0,7.9,957.8,0,18.9,301,47.8,0.035,0.284,970.0,,5.83
2023-05-16T14:00,39.1,14,0.0,7.1,956.7,0,19.9,290,49.3,0.035,0.284,889.0,,6.02
2023-05-16T15:00,39.1,14,0.0,6.7,956.1,0,20.3,287,49.6,0.035,0.284,744.0,,6.03
2023-05-16T16:00,38.6,15,0.0,7.0,955.8,0,19.0,295,48.9,0.035,0.284,548.0,,5.84
2023-05-16T17:00,37.7,17,0.0,8.3,956.2,0,14.8,315,47.1,0.035,0.284,323.0,,5.41
2023-05-16T18:00,37.3,17,0.0,8.4,956.4,0,13.8,345,44.7,0.035,0.284,110.0,,5.28
2023-05-16T19:00,36.6,17,0.0,7.9,956.3,1,11.9,358,42.2,0.035,0.284,4.0,,5.06
2023-05-16T20:00,35.5,18,0.0,7.6,956.9,12,7.2,323,40.1,0.035,0.284,0.0,,4.72
2023-05-16T21:00,34.4,20,0.0,7.8,957.3,4,9.5,241,38.3,0.035,0.284,0.0,,4.37
2023-05-16T22:00,33.0,26,0.0,10.9,958.2,2,27.1,300,36.8,0.035,0.284,0.0,,3.73
2023-05-16T23:00,31.5,38,0.0,15.4,957.9,2,32.0,321,35.6,0.035,0.284,0.0,,2.86
2023-05-17T00:00,30.3,41,0.0,15.7,957.5,2,23.0,299,34.5,0.035,0.284,0.0,,2.53
2023-05-17T01:00,29.4,45,0.0,16.4,957.1,1,19.3,297,33.5,0.035,0.284,0.0,,2.23
2023-05-17T02:00,28.5,50,0.0,17.2,956.6,0,18.2,308,32.6,0.035,0.284,0.0,,1.94
2023-05-17T03:00,27.7,55,0.0,17.8,956.4,0,17.3,312,31.7,0.035,0.284,0.0,,1.68
2023-05-17T04:00,27.0,59,0.0,18.3,956.9,0,16.1,312,30.9,0.035,0.284,0.0,,1.47
2023-05-17T05:00,26.9,67,0.0,20.3,957.8,0,15.0,325,34.5,0.035,0.284,0.0,,1.16
2023-05-17T06:00,27.3,67,0.0,20.6,958.6,0,13.0,316,33.3,0.035,0.284,15.0,,1.19
2023-05-17T07:00,28.4,62,0.0,20.5,959.6,0,12.8,322,33.4,0.035,0.284,151.0,,1.45
2023-05-17T08:00,30.3,53,0.0,19.8,960.3,0,13.4,340,34.9,0.035,0.284,366.0,,2.01
2023-05-17T09:00,32.8,42,0.0,18.2,960.5,0,13.8,345,37.6,0.035,0.284,583.0,,2.87
2023-05-17T10:00,35.1,31,0.0,15.6,960.4,1,13.1,339,41.0,0.035,0.284,768.0,,3.89
2023-05-17T11:00,36.8,24,0.0,12.8,959.9,2,11.5,319,44.5,0.035,0.284,882.0,,4.72
2023-05-17T12:00,37.9,20,0.0,11.4,958.9,3,10.1,297,47.8,0.035,0.284,949.0,,5.22
2023-05-17T13:00,38.6,19,0.0,10.6,957.8,3,10.5,292,50.4,0.035,0.284,944.0,,5.55
2023-05-17T14:00,39.0,17,0.0,9.8,956.6,3,10.5,297,51.9,0.035,0.284,856.0,,5.76
2023-05-17T15:00,39.2,16,0.0,8.6,956.0,3,9.4,310,52.4,0.035,0.284,720.0,,5.95
2023-05-17T16:00,39.0,15,0.0,7.8,955.6,3,8.2,311,51.7,0.035,0.284,535.0,,5.91
2023-05-17T17:00,38.8,15,0.0,7.8,955.9,4,12.6,257,49.0,0.035,0.284,321.0,,5.86
2023-05-17T18:00,38.0,14,0.0,5.5,956.3,1,16.2,249,46.3,0.035,0.284,112.0,,5.7
2023-05-17T19:00,36.9,13,0.0,3.4,956.7,0,17.8,252,43.5,0.035,0.284,4.0,,5.44
2023-05-17T20:00,36.0,14,0.0,4.1,957.1,0,15.6,263,41.1,0.035,0.284,0.0,,5.11
2023-05-17T21:00,35.1,17,0.0,6.2,957.7,10,12.7,277,39.2,0.035,0.284,0.0,,4.71
2023-05-17T22:00,34.0,18,0.0,6.7,958.0,52,10.0,291,37.6,0.035,0.284,0.0,,4.34
2023-05-17T23:00,33.6,19,0.0,7.0,958.2,100,12.9,347,36.4,0.035,0.284,0.0,,4.2
2023-05-18T00:00,32.9,23,0.0,8.7,958.0,4,17.9,242,35.5,0.035,0.284,0.0,,3.86
2023-05-18T01:00,30.4,46,0.0,17.5,957.3,2,24.7,293,34.5,0.035,0.284,0.0,,2.33
2023-05-18T02:00,29.9,51,0.0,18.5,956.9,0,20.2,292,33.5,0.035,0.284,0.0,,2.08
2023-05-18T03:00,29.6,49,0.0,17.6,957.0,0,16.6,309,32.7,0.035,0.284,0.0,,2.13
2023-05-18T04:00,29.0,52,0.0,18.2,957.4,0,15.9,308,32.0,0.035,0.284,0.0,,1.91
2023-05-18T05:00,28.3,63,0.0,20.7,958.2,0,16.6,304,34.4,0.035,0.284,0.0,,1.4
2023-05-18T06:00,28.7,63,0.0,20.9,959.1,0,17.1,311,33.4,0.035,0.284,15.0,,1.47
2023-05-18T07:00,30.2,57,0.0,20.7,960.2,0,19.5,322,33.6,0.035,0.284,152.0,,1.84
2023-05-18T08:00,32.5,47,0.0,19.6,960.9,0,22.4,330,35.1,0.035,0.283,366.0,,2.6
2023-05-18T09:00,35.0,36,0.0,17.7,961.4,0,23.1,339,37.6,0.035,0.283,580.0,,3.59
2023-05-18T10:00,37.3,26,0.0,14.8,961.2,18,19.4,349,40.8,0.035,0.283,761.0,,4.68
2023-05-18T11:00,38.4,21,0.0,12.5,960.7,21,14.3,342,43.9,0.035,0.283,802.0,,5.32
2023-05-18T12:00,39.3,20,0.0,11.8,960.0,33,13.3,327,46.7,0.035,0.283,826.0,,5.7
2023-05-18T13:00,39.6,19,0.0,11.3,959.1,28,13.4,324,48.6,0.035,0.283,766.0,,5.88
2023-05-18T14:00,39.9,18,0.0,11.2,957.7,27,13.4,329,50.0,0.035,0.283,744.0,,6.01
2023-05-18T15:00,40.0,18,0.0,11.2,957.0,40,14.0,325,50.5,0.035,0.283,646.0,,6.03
2023-05-18T16:00,39.6,19,0.0,11.3,956.5,43,12.1,337,50.0,0.035,0.283,476.0,,5.88
2023-05-18T17:00,39.5,17,0.0,10.1,956.5,55,11.2,312,47.8,0.035,0.283,283.0,,5.93
2023-05-18T18:00,39.0,18,0.0,10.1,956.7,41,14.3,350,45.7,0.035,0.283,91.0,,5.76
2023-05-18T19:00,38.1,19,0.0,10.6,957.1,43,17.8,21,43.4,0.035,0.283,3.0,,5.36
2023-05-18T20:00,37.7,20,0.0,10.7,957.6,70,17.1,28,41.6,0.035,0.283,0.0,,5.21
2023-05-18T21:00,37.3,20,0.0,10.7,958.1,23,9.0,16,40.2,0.035,0.283,0.0,,5.07
2023-05-18T22:00,36.3,21,0.0,10.8,958.3,100,2.2,189,38.8,0.035,0.283,0.0,,4.74
2023-05-18T23:00,34.5,23,0.0,10.3,958.1,100,8.9,220,37.6,0.035,0.283,0.0,,4.22
2023-05-19T00:00,32.4,35,0.0,15.2,957.8,23,33.2,296,36.5,0.035,0.283,0.0,,3.14
2023-05-19T01:00,32.1,36,0.0,15.1,957.0,34,27.8,318,35.5,0.035,0.283,0.0,,3.06
2023-05-19T02:00,31.7,34,0.0,14.0,956.4,12,25.1,325,34.6,0.035,0.283,0.0,,3.07
2023-05-19T03:00,31.4,28,0.0,10.8,956.3,18,23.7,332,33.9,0.035,0.283,0.0,,3.3
2023-05-19T04:00,30.3,30,0.0,10.6,956.5,19,18.3,328,33.1,0.035,0.283,0.0,,3.04
2023-05-19T05:00,30.5,32,0.0,12.0,957.0,3,18.9,339,35.4,0.035,0.283,0.0,,2.96
2023-05-19T06:00,30.8,32,0.0,12.2,957.6,92,14.7,335,34.6,0.035,0.283,11.0,,3.03
2023-05-19T07:00,31.9,30,0.0,12.3,958.7,81,18.0,334,34.7,0.035,0.283,104.0,,3.3
2023-05-19T08:00,33.7,27,0.0,12.0,959.3,77,20.0,337,35.6,0.035,0.283,242.0,,3.83
2023-05-19T09:00,36.5,20,0.0,9.8,959.8,91,22.0,342,37.8,0.035,0.283,449.0,,4.88
2023-05-19T10:00,37.8,17,0.0,8.8,959.3,68,21.3,344,39.5,0.035,0.283,437.0,,5.42
2023-05-19T11:00,39.4,16,0.0,9.1,959.0,66,15.3,345,42.8,0.035,0.283,734.0,,5.99
2023-05-19T12:00,40.3,15,0.0,9.2,958.2,38,10.0,345,46.2,0.035,0.283,803.0,,6.33
2023-05-19T13:00,40.8,15,0.0,9.1,957.2,32,10.0,345,48.9,0.035,0.283,810.0,,6.54
2023-05-19T14:00,40.9,15,0.0,9.0,956.0,38,12.0,9,50.6,0.035,0.283,740.0,,6.59
2023-05-19T15:00,41.0,15,0.0,9.0,955.1,58,16.1,24,51.0,0.034,0.283,633.0,,6.63
2023-05-19T16:00,40.8,15,0.0,8.9,954.7,54,16.6,13,50.3,0.034,0.283,491.0,,6.56
2023-05-19T17:00,39.6,16,0.0,8.8,955.0,44,20.6,354,48.0,0.034,0.283,234.0,,6.07
2023-05-19T18:00,38.4,17,0.0,8.9,955.1,28,22.5,348,45.7,0.034,0.283,70.0,,5.63
2023-05-19T19:00,37.6,18,0.0,9.0,955.4,64,19.1,357,43.4,0.034,0.283,4.0,,5.32
2023-05-19T20:00,37.9,17,0.0,9.0,955.7,66,14.8,1,41.7,0.034,0.283,0.0,,5.42
2023-05-19T21:00,37.7,18,0.0,9.3,956.4,47,13.8,15,40.4,0.034,0.283,0.0,,5.35
2023-05-19T22:00,35.8,21,0.0,9.9,956.8,5,8.3,56,39.1,0.034,0.283,0.0,,4.66
2023-05-19T23:00,34.1,23,0.0,10.1,956.8,10,8.7,204,37.6,0.034,0.283,0.0,,4.1
2023-05-20T00:00,32.5,34,0.0,14.8,956.9,41,24.6,297,36.4,0.034,0.283,0.0,,3.21
2023-05-20T01:00,32.0,39,0.0,16.4,956.3,48,23.7,312,35.5,0.035,0.283,0.0,,2.88
2023-05-20T02:00,32.3,32,0.0,13.3,955.9,36,24.2,335,34.8,0.035,0.283,0.0,,3.29
2023-05-20T03:00,31.5,34,0.0,13.5,955.7,100,17.9,330,34.1,0.035,0.283,0.0,,3.06
2023-05-20T04:00,30.9,37,0.0,14.7,956.0,98,16.1,321,33.6,0.035,0.283,0.0,,2.79
2023-05-20T05:00,30.6,41,0.0,16.0,956.3,100,9.1,326,35.7,0.035,0.283,0.0,,2.57
2023-05-20T06:00,31.1,41,0.0,16.4,957.1,2,10.2,309,34.9,0.035,0.283,14.0,,2.65
2023-05-20T07:00,32.1,38,0.0,15.9,957.9,0,14.6,320,35.1,0.035,0.283,141.0,,2.98
2023-05-20T08:00,33.7,31,0.0,14.3,958.3,0,16.0,324,36.6,0.035,0.283,370.0,,3.59
2023-05-20T09:00,35.6,23,0.0,11.5,958.9,0,15.0,333,39.3,0.035,0.283,587.0,,4.46
2023-05-20T10:00,37.8,17,0.0,8.5,958.6,0,14.4,338,42.6,0.035,0.283,771.0,,5.43
2023-05-20T11:00,39.2,15,0.0,8.2,958.1,0,13.4,340,45.9,0.035,0.283,888.0,,5.98
2023-05-20T12:00,40.2,14,0.0,8.1,957.3,3,9.8,336,49.3,0.034,0.283,961.0,,6.38
2023-05-20T13:00,40.9,13,0.0,7.1,956.3,28,9.7,318,51.9,0.034,0.283,941.0,,6.73
2023-05-20T14:00,41.6,12,0.0,6.7,955.1,50,13.3,311,53.1,0.034,0.283,800.0,,7.03
2023-05-20T15:00,41.7,12,0.0,6.2,954.3,54,18.3,313,52.9,0.034,0.283,643.0,,7.12
2023-05-20T16:00,41.3,12,0.0,6.0,953.9,100,17.6,319,51.4,0.034,0.283,417.0,,6.97
2023-05-20T17:00,40.9,12,0.0,5.8,954.3,22,22.4,294,49.1,0.028,0.283,157.0,,6.79
2023-05-20T18:00,38.6,16,0.0,8.3,955.0,100,27.9,276,46.4,0.028,0.283,44.0,,5.75
2023-05-20T19:00,38.1,16,0.0,7.5,955.2,100,21.2,260,44.1,0.028,0.283,2.0,,5.61
2023-05-20T20:00,37.4,16,0.0,7.6,955.8,27,7.1,225,42.2,0.028,0.283,0.0,,5.37
2023-05-20T21:00,36.4,19,0.0,8.9,956.6,12,3.1,111,40.3,0.028,0.283,0.0,,4.93
2023-05-20T22:00,35.1,19,0.0,8.4,957.0,16,17.9,261,38.7,0.028,0.283,0.0,,4.56
2023-05-20T23:00,34.1,27,0.0,12.4,957.0,82,24.2,298,37.5,0.028,0.283,0.0,,3.9
2023-05-21T00:00,33.2,29,0.0,12.9,956.9,2,15.9,308,36.4,0.028,0.283,0.0,,3.6
2023-05-21T01:00,32.1,32,0.0,13.5,956.4,10,14.0,252,35.4,0.028,0.283,0.0,,3.23
2023-05-21T02:00,31.1,36,0.0,14.4,955.9,11,12.8,259,34.4,0.028,0.283,0.0,,2.86
2023-05-21T03:00,30.0,42,0.0,15.7,955.8,16,11.6,265,33.5,0.028,0.283,0.0,,2.47
2023-05-21T04:00,29.2,48,0.0,17.2,955.7,1,12.8,286,32.7,0.028,0.283,0.0,,2.08
2023-05-21T05:00,29.4,48,0.0,17.1,956.7,1,8.5,258,36.0,0.034,0.283,0.0,,2.14
2023-05-21T06:00,29.6,54,0.0,19.3,957.4,0,10.1,266,34.9,0.034,0.283,15.0,,1.91
2023-05-21T07:00,30.6,54,0.0,20.3,958.2,0,13.9,291,35.0,0.034,0.283,154.0,,2.0
2023-05-21T08:00,32.2,49,0.0,20.0,958.9,0,13.2,305,36.5,0.034,0.283,368.0,,2.46
2023-05-21T09:00,34.1,42,0.0,19.4,959.2,0,12.5,316,39.2,0.034,0.283,581.0,,3.09
2023-05-21T10:00,36.4,33,0.0,17.7,959.2,1,11.6,330,42.7,0.034,0.283,762.0,,4.05
2023-05-21T11:00,38.4,23,0.0,13.6,958.5,17,12.7,7,45.9,0.034,0.283,846.0,,5.2
2023-05-21T12:00,39.2,20,0.0,12.2,957.9,9,10.7,12,48.3,0.034,0.283,802.0,,5.63
2023-05-21T13:00,40.0,19,0.0,11.7,956.9,9,6.7,344,51.2,0.034,0.283,900.0,,5.99
2023-05-21T14:00,40.6,17,0.0,11.0,955.9,38,6.1,332,53.2,0.034,0.283,827.0,,6.31
2023-05-21T15:00,40.7,17,0.0,10.6,955.0,63,7.6,355,53.5,0.034,0.283,609.0,,6.36
2023-05-21T16:00,40.6,17,0.0,10.4,954.6,78,12.7,8,52.0,0.034,0.283,364.0,,6.35
2023-05-21T17:00,39.7,16,0.0,9.5,955.0,32,16.8,15,48.7,0.034,0.283,175.0,,6.06
2023-05-21T18:00,39.0,16,0.0,8.3,955.6,31,15.8,21,46.4,0.034,0.283,92.0,,5.9
2023-05-21T19:00,38.2,16,0.0,8.1,956.2,33,12.9,36,44.0,0.034,0.283,4.0,,5.6
2023-05-21T20:00,37.1,19,0.0,9.7,956.6,10,14.5,104,41.9,0.034,0.283,0.0,,5.09
2023-05-21T21:00,36.7,20,0.0,9.9,957.4,20,15.5,89,40.3,0.034,0.283,0.0,,4.96
2023-05-21T22:00,35.7,22,0.0,10.4,957.8,48,6.2,353,38.9,0.034,0.283,0.0,,4.57
2023-05-21T23:00,34.1,29,0.0,13.4,958.5,68,23.8,309,37.9,0.034,0.283,0.0,,3.82
2023-05-22T00:00,33.4,31,0.0,14.0,958.2,17,19.2,320,36.9,0.034,0.283,0.0,,3.53
2023-05-22T01:00,32.8,31,0.0,13.5,957.7,66,22.3,322,35.9,0.034,0.283,0.0,,3.41
2023-05-22T02:00,32.4,31,0.0,13.2,957.6,65,18.4,349,35.2,0.034,0.283,0.0,,3.35
2023-05-22T03:00,31.6,33,0.0,13.2,957.3,6,8.7,330,34.5,0.034,0.283,0.0,,3.12
2023-05-22T04:00,30.4,37,0.0,14.0,957.2,2,11.6,292,33.6,0.034,0.283,0.0,,2.75
2023-05-22T05:00,29.2,51,0.0,18.1,957.9,1,9.3,74,34.7,0.034,0.283,0.0,,1.98
2023-05-22T06:00,29.7,50,0.0,18.1,958.9,14,6.0,65,33.9,0.034,0.283,15.0,,2.09
2023-05-22T07:00,31.0,46,0.0,18.0,959.8,24,5.9,79,34.4,0.034,0.283,143.0,,2.42
2023-05-22T08:00,32.6,41,0.0,17.8,960.5,42,5.6,63,36.3,0.034,0.283,326.0,,2.88
2023-05-22T09:00,34.5,37,0.0,17.6,961.0,30,11.9,95,39.0,0.034,0.283,512.0,,3.45
2023-05-22T10:00,35.8,34,0.0,17.3,960.7,36,14.4,112,42.1,0.034,0.283,702.0,,3.9
2023-05-22T11:00,37.0,29,0.0,16.3,960.2,14,11.9,119,45.2,0.034,0.283,816.0,,4.41
2023-05-22T12:00,37.9,27,0.0,15.5,959.2,10,9.7,94,48.4,0.034,0.283,904.0,,4.83
2023-05-22T13:00,38.9,24,0.0,14.8,957.9,20,8.0,82,51.0,0.034,0.283,893.0,,5.25
2023-05-22T14:00,39.4,23,0.0,14.6,956.5,34,6.4,63,52.8,0.034,0.283,809.0,,5.48
2023-05-22T15:00,39.7,22,0.0,14.1,955.5,50,4.1,75,53.4,0.034,0.283,654.0,,5.64
2023-05-22T16:00,39.6,21,0.0,13.3,955.1,100,7.1,319,52.5,0.034,0.283,433.0,,5.7
2023-05-22T17:00,39.7,19,1.9,11.7,955.3,85,15.5,46,50.3,0.033,0.283,137.0,,5.87
2023-05-22T18:00,38.7,20,0.0,11.8,955.7,38,19.6,26,47.7,0.033,0.283,80.0,,5.48
2023-05-22T19:00,37.6,23,0.0,12.8,956.6,41,20.0,18,45.1,0.033,0.283,4.0,,4.99
2023-05-22T20:00,37.0,23,0.0,12.7,957.7,28,15.0,48,43.0,0.034,0.283,0.0,,4.81
2023-05-22T21:00,36.4,25,0.0,13.1,958.2,24,9.8,8,41.2,0.034,0.283,0.0,,4.55
2023-05-22T22:00,35.6,26,0.0,13.0,958.9,32,10.7,20,39.8,0.034,0.283,0.0,,4.3
2023-05-22T23:00,34.5,28,0.0,13.4,958.7,40,13.3,57,38.5,0.034,0.283,0.0,,3.92
2023-05-23T00:00,33.7,30,0.0,13.7,958.4,53,14.7,28,37.5,0.034,0.283,0.0,,3.67
2023-05-23T01:00,32.7,32,0.0,13.9,958.0,15,5.1,262,36.5,0.034,0.283,0.0,,3.36
2023-05-23T02:00,31.5,35,0.0,14.0,957.8,52,8.7,312,35.5,0.034,0.283,0.0,,3.01
2023-05-23T03:00,31.2,36,0.0,14.4,957.7,46,5.2,326,34.7,0.034,0.283,0.0,,2.9
2023-05-23T04:00,31.0,36,0.0,14.4,957.7,8,9.7,31,34.0,0.034,0.283,0.0,,2.86
2023-05-23T05:00,29.8,43,0.0,16.0,958.9,20,6.1,118,35.8,0.034,0.283,0.0,,2.37
2023-05-23T06:00,30.5,41,0.0,15.8,959.5,9,1.8,37,34.9,0.034,0.283,15.0,,2.58
2023-05-23T07:00,32.4,37,0.0,15.8,960.0,2,5.7,35,35.4,0.034,0.283,150.0,,3.05
2023-05-23T08:00,34.3,31,0.0,14.9,960.7,0,6.9,28,37.5,0.034,0.283,367.0,,3.7
2023-05-23T09:00,35.6,28,0.0,14.2,961.0,0,4.8,63,40.7,0.034,0.283,579.0,,4.2
2023-05-23T10:00,37.0,24,0.0,13.3,960.9,2,4.0,90,44.5,0.034,0.283,758.0,,4.73
2023-05-23T11:00,38.2,22,0.0,12.5,960.3,4,4.3,95,48.4,0.034,0.283,882.0,,5.25
2023-05-23T12:00,39.3,19,0.0,11.6,959.3,6,6.2,100,51.6,0.033,0.283,941.0,,5.72
2023-05-23T13:00,40.1,17,0.0,10.5,958.2,3,7.0,111,54.0,0.033,0.283,932.0,,6.15
2023-05-23T14:00,40.8,15,0.0,9.4,956.7,7,9.1,108,55.3,0.033,0.283,846.0,,6.52
2023-05-23T15:00,41.4,14,0.0,8.5,955.9,6,10.2,100,55.5,0.033,0.283,735.0,,6.81
2023-05-23T16:00,40.7,14,0.0,8.2,955.3,22,6.2,80,54.6,0.033,0.283,539.0,,6.57
2023-05-23T17:00,40.7,16,0.0,9.7,954.9,81,5.4,70,52.3,0.033,0.282,298.0,,6.45
2023-05-23T18:00,37.4,25,0.0,14.1,955.9,99,20.3,257,49.3,0.033,0.282,83.0,,4.79
2023-05-23T19:00,35.9,24,0.1,12.4,957.1,80,20.0,256,46.1,0.034,0.282,2.0,,4.47
2023-05-23T20:00,37.0,22,0.0,11.5,957.5,68,6.6,299,43.9,0.034,0.282,0.0,,4.92
2023-05-23T21:00,35.9,26,0.0,13.3,957.7,19,19.6,319,42.0,0.034,0.282,0.0,,4.37
2023-05-23T22:00,34.9,28,0.0,13.9,957.8,32,12.0,309,40.3,0.034,0.282,0.0,,3.99
2023-05-23T23:00,34.4,30,0.0,14.2,957.8,30,13.2,296,38.9,0.034,0.282,0.0,,3.82
2023-05-24T00:00,33.7,31,0.0,14.3,957.4,36,13.0,265,37.8,0.034,0.282,0.0,,3.59
2023-05-24T01:00,32.8,33,0.0,14.5,957.3,36,16.5,280,36.8,0.034,0.282,0.0,,3.33
2023-05-24T02:00,31.6,45,0.0,18.1,957.2,27,15.7,302,35.9,0.034,0.282,0.0,,2.58
2023-05-24T03:00,30.8,48,0.0,18.5,956.9,32,10.8,291,35.0,0.034,0.282,0.0,,2.3
2023-05-24T04:00,30.4,48,0.0,18.2,957.3,20,11.5,270,34.3,0.034,0.282,0.0,,2.24
2023-05-24T05:00,29.9,50,0.0,18.4,957.6,23,13.2,299,35.4,0.033,0.282,0.0,,2.1
2023-05-24T06:00,29.8,48,0.0,17.8,958.0,17,14.7,295,34.5,0.033,0.282,15.0,,2.16
2023-05-24T07:00,30.7,46,0.0,17.6,958.9,1,14.7,301,34.8,0.033,0.282,147.0,,2.39
2023-05-24T08:00,32.4,41,0.0,17.6,959.5,1,14.0,314,36.5,0.033,0.282,361.0,,2.85
2023-05-24T09:00,34.6,34,0.0,16.5,959.7,1,14.1,322,39.2,0.033,0.282,572.0,,3.61
2023-05-24T10:00,36.6,28,0.0,15.3,959.6,1,12.8,338,42.5,0.033,0.282,749.0,,4.39
2023-05-24T11:00,37.9,25,0.0,14.3,959.0,4,8.8,351,46.2,0.033,0.282,876.0,,4.96
2023-05-24T12:00,39.1,23,0.0,13.9,958.2,6,5.6,333,49.9,0.033,0.282,927.0,,5.43
2023-05-24T13:00,39.7,21,0.0,13.3,957.1,33,5.2,304,52.6,0.033,0.282,893.0,,5.72
2023-05-24T14:00,39.9,20,0.0,12.9,955.8,29,6.2,291,53.9,0.033,0.282,749.0,,5.85
2023-05-24T15:00,39.8,20,0.0,12.7,955.1,24,6.9,264,54.0,0.033,0.282,631.0,,5.81
2023-05-24T16:00,40.0,19,0.0,12.3,954.4,39,8.0,262,53.3,0.033,0.282,461.0,,5.95
2023-05-24T17:00,38.4,23,0.0,13.3,955.4,100,8.2,209,50.3,0.033,0.282,254.0,,5.22
2023-05-24T18:00,37.9,23,0.0,13.2,955.9,25,9.2,211,47.8,0.033,0.282,105.0,,5.07
2023-05-24T19:00,37.3,23,0.0,13.0,956.3,38,10.1,186,45.2,0.033,0.282,5.0,,4.89
2023-05-24T20:00,36.2,28,0.0,14.7,957.1,65,10.7,160,43.0,0.033,0.282,0.0,,4.34
2023-05-24T21:00,35.6,29,0.0,14.8,958.0,52,15.0,117,41.3,0.033,0.282,0.0,,4.13
2023-05-24T22:00,34.6,30,0.0,14.4,958.8,84,13.1,262,39.8,0.033,0.282,0.0,,3.86
2023-05-24T23:00,32.9,37,0.0,16.1,958.7,54,14.9,352,38.5,0.033,0.282,0.0,,3.17
2023-05-25T00:00,32.5,38,0.0,16.5,958.4,46,17.2,303,37.4,0.033,0.282,0.0,,3.0
2023-05-25T01:00,31.3,49,0.0,19.3,957.5,51,22.5,292,36.3,0.033,0.282,0.0,,2.33
2023-05-25T02:00,30.1,55,0.0,20.2,957.3,39,24.0,289,35.3,0.033,0.282,0.0,,1.9
2023-05-25T03:00,29.1,59,0.0,20.4,957.3,46,24.4,292,34.4,0.033,0.282,0.0,,1.63
2023-05-25T04:00,28.2,62,0.0,20.3,957.8,15,23.7,294,33.6,0.033,0.282,0.0,,1.45
2023-05-25T05:00,27.7,66,0.0,20.8,958.5,18,18.6,302,34.4,0.037,0.281,0.0,,1.25
2023-05-25T06:00,27.4,68,0.0,21.0,959.0,0,20.9,302,33.5,0.037,0.281,16.0,,1.17
2023-05-25T07:00,28.3,63,0.0,20.6,959.9,0,23.4,299,33.5,0.037,0.281,153.0,,1.43
2023-05-25T08:00,29.9,54,0.0,19.6,960.5,1,22.8,301,34.8,0.037,0.281,363.0,,1.93
2023-05-25T09:00,31.7,46,0.0,18.5,960.7,7,20.8,304,37.1,0.037,0.281,575.0,,2.54
2023-05-25T10:00,33.9,37,0.0,17.1,960.6,0,21.1,303,40.0,0.037,0.281,743.0,,3.34
2023-05-25T11:00,36.0,29,0.0,15.3,959.6,0,21.8,304,43.1,0.037,0.281,881.0,,4.21
2023-05-25T12:00,37.6,24,0.0,13.9,958.8,54,21.7,302,45.9,0.036,0.281,943.0,,4.88
2023-05-25T13:00,37.5,24,0.0,13.6,957.8,36,19.5,300,46.8,0.036,0.281,661.0,,4.88
2023-05-25T14:00,38.0,23,0.0,13.5,956.7,45,19.3,297,47.6,0.036,0.281,646.0,,5.06
2023-05-25T15:00,38.4,23,0.0,13.9,956.2,44,18.5,297,48.1,0.036,0.281,603.0,,5.16
2023-05-25T16:00,37.9,25,0.0,14.3,955.5,59,17.6,293,47.4,0.036,0.281,411.0,,4.96
2023-05-25T17:00,36.6,27,0.0,14.5,956.5,62,23.0,287,46.5,0.033,0.282,213.0,,4.48
2023-05-25T18:00,36.0,28,0.0,14.7,956.7,31,17.3,269,44.2,0.033,0.282,93.0,,4.25
2023-05-25T19:00,36.1,28,0.0,14.4,956.8,13,14.2,286,42.2,0.033,0.282,4.0,,4.32
2023-05-25T20:00,35.5,28,0.0,14.1,957.5,25,15.9,276,40.4,0.033,0.282,0.0,,4.16
2023-05-25T21:00,33.8,33,0.0,15.2,958.1,23,16.1,250,38.9,0.033,0.282,0.0,,3.54
2023-05-25T22:00,33.3,34,0.0,15.2,958.5,7,17.0,274,37.7,0.033,0.282,0.0,,3.39
2023-05-25T23:00,32.1,38,0.0,15.9,958.6,8,24.4,278,36.5,0.033,0.282,0.0,,2.96
2023-05-26T00:00,30.4,47,0.0,17.9,958.0,6,21.5,280,35.4,0.033,0.282,0.0,,2.28
2023-05-26T01:00,29.2,53,0.0,18.8,957.7,1,20.1,285,34.4,0.033,0.282,0.0,,1.89
2023-05-26T02:00,28.1,59,0.0,19.3,957.6,0,20.1,294,33.4,0.033,0.282,0.0,,1.57
2023-05-26T03:00,27.2,63,0.0,19.6,958.1,0,20.3,300,32.5,0.033,0.282,0.0,,1.32
2023-05-26T04:00,26.3,68,0.0,19.8,958.5,0,20.6,299,31.6,0.033,0.282,0.0,,1.1
2023-05-26T05:00,25.6,71,0.0,19.9,959.4,0,19.2,298,33.9,0.032,0.282,0.0,,0.96
2023-05-26T06:00,25.8,70,0.0,20.0,959.9,3,20.9,297,32.7,0.032,0.282,16.0,,0.98
2023-05-26T07:00,27.0,66,0.0,20.0,961.1,2,20.6,297,32.6,0.032,0.282,155.0,,1.22
2023-05-26T08:00,28.7,59,0.0,20.0,961.5,1,21.3,294,33.9,0.032,0.282,367.0,,1.61
2023-05-26T09:00,30.8,52,0.0,19.8,961.6,0,21.4,295,36.2,0.032,0.282,578.0,,2.14
2023-05-26T10:00,33.0,44,0.0,19.2,961.2,3,20.9,294,39.1,0.032,0.282,758.0,,2.81
2023-05-26T11:00,35.1,36,0.0,17.6,960.3,2,20.0,296,42.3,0.032,0.282,885.0,,3.64
2023-05-26T12:00,36.9,28,0.0,15.4,959.5,20,19.5,293,45.2,0.032,0.282,937.0,,4.48
2023-05-26T13:00,37.7,24,0.0,13.8,958.4,27,18.2,288,47.2,0.032,0.282,843.0,,4.94
2023-05-26T14:00,38.2,22,0.0,13.0,957.3,16,18.6,292,48.3,0.032,0.282,728.0,,5.2
2023-05-26T15:00,38.7,21,0.0,12.6,956.7,21,18.7,293,48.7,0.032,0.282,647.0,,5.41
2023-05-26T16:00,38.8,20,0.0,11.7,956.1,25,19.4,301,48.1,0.032,0.282,463.0,,5.55
2023-05-26T17:00,37.0,23,0.0,12.3,956.8,17,18.5,307,46.1,0.028,0.284,282.0,,4.83
2023-05-26T18:00,36.2,23,0.0,12.0,957.1,18,18.0,290,44.0,0.028,0.284,100.0,,4.59
2023-05-26T19:00,35.5,24,0.0,12.1,957.4,32,20.2,272,41.7,0.028,0.284,5.0,,4.37
2023-05-26T20:00,34.4,29,0.0,13.8,958.3,35,22.4,274,39.9,0.028,0.284,0.0,,3.87
2023-05-26T21:00,33.0,36,0.0,16.0,958.7,33,27.6,287,38.4,0.028,0.284,0.0,,3.2
2023-05-26T22:00,31.8,43,0.0,17.6,958.8,1,26.7,296,37.0,0.028,0.284,0.0,,2.68
2023-05-26T23:00,30.4,52,0.0,19.3,958.4,2,25.8,293,35.7,0.028,0.284,0.0,,2.1
2023-05-27T00:00,29.2,58,0.0,20.0,957.9,3,24.3,297,34.6,0.028,0.284,0.0,,1.7
2023-05-27T01:00,28.3,62,0.0,20.4,957.4,1,22.9,296,33.6,0.028,0.284,0.0,,1.44
2023-05-27T02:00,27.5,66,0.0,20.6,956.9,0,22.2,295,32.6,0.028,0.284,0.0,,1.24
2023-05-27T03:00,26.9,67,0.0,20.4,956.9,0,21.4,295,31.8,0.028,0.284,0.0,,1.16
2023-05-27T04:00,26.4,69,0.0,20.1,957.3,0,20.6,299,31.0,0.028,0.284,0.0,,1.08
2023-05-27T05:00,26.3,70,0.0,20.3,957.9,0,20.0,300,33.0,0.028,0.284,0.0,,1.03
2023-05-27T06:00,26.4,68,0.0,20.0,958.2,0,20.4,302,32.0,0.028,0.284,16.0,,1.1
2023-05-27T07:00,27.2,63,0.0,19.6,959.1,0,21.7,302,32.1,0.028,0.284,156.0,,1.33
2023-05-27T08:00,28.9,55,0.0,19.0,959.7,0,22.7,303,33.5,0.028,0.284,368.0,,1.78
2023-05-27T09:00,31.1,45,0.0,17.7,959.9,0,23.2,303,35.8,0.028,0.284,582.0,,2.49
2023-05-27T10:00,33.5,34,0.0,15.4,959.7,0,22.5,302,38.7,0.028,0.284,764.0,,3.41
2023-05-27T11:00,35.7,25,0.0,12.8,959.1,0,20.5,298,41.9,0.028,0.284,893.0,,4.35
2023-05-27T12:00,37.2,22,0.0,11.9,958.4,0,17.9,295,45.1,0.028,0.284,959.0,,4.93
2023-05-27T13:00,38.2,20,0.0,11.5,957.3,0,15.5,288,47.8,0.028,0.284,954.0,,5.32
2023-05-27T14:00,38.8,18,0.0,10.3,956.2,1,14.8,288,49.6,0.028,0.284,879.0,,5.66
2023-05-27T15:00,39.1,16,0.0,9.0,955.3,0,14.8,293,50.2,0.028,0.284,717.0,,5.86
2023-05-27T16:00,39.2,15,0.0,8.2,954.8,1,14.5,293,49.8,0.028,0.284,551.0,,5.96
2023-05-27T17:00,38.0,17,0.0,9.1,955.4,6,13.5,312,47.9,0.028,0.284,328.0,,5.47
2023-05-27T18:00,37.4,18,0.0,8.8,955.3,18,13.2,299,45.5,0.028,0.284,111.0,,5.27
2023-05-27T19:00,36.7,18,0.0,8.8,955.6,21,16.9,282,43.0,0.028,0.284,5.0,,5.04
2023-05-27T20:00,35.2,22,0.0,10.2,956.2,22,22.5,292,40.9,0.028,0.284,0.0,,4.44
2023-05-27T21:00,34.7,24,0.0,11.1,956.7,0,17.1,298,39.2,0.028,0.284,0.0,,4.2
2023-05-27T22:00,33.7,27,0.0,11.9,957.1,38,20.0,293,37.8,0.028,0.284,0.0,,3.83
2023-05-27T23:00,32.5,33,0.0,14.2,957.1,0,24.0,310,36.6,0.028,0.284,0.0,,3.26
2023-05-28T00:00,31.1,41,0.0,16.2,956.6,0,25.0,303,35.4,0.028,0.284,0.0,,2.66
2023-05-28T01:00,29.1,54,0.0,18.8,955.9,1,27.3,304,34.3,0.028,0.284,0.0,,1.85
2023-05-28T02:00,28.1,59,0.0,19.4,955.6,0,22.9,307,33.2,0.028,0.284,0.0,,1.54
2023-05-28T03:00,27.3,63,0.0,19.7,955.7,0,21.4,306,32.3,0.028,0.284,0.0,,1.34
2023-05-28T04:00,26.7,65,0.0,19.7,955.9,0,19.7,308,31.4,0.028,0.284,0.0,,1.2
2023-05-28T05:00,26.6,65,0.0,19.4,956.6,0,19.2,320,33.4,0.028,0.284,0.0,,1.23
2023-05-28T06:00,26.8,65,0.0,19.6,957.6,0,21.2,320,32.4,0.028,0.284,17.0,,1.24
2023-05-28T07:00,27.8,61,0.0,19.7,958.2,0,23.8,321,32.4,0.028,0.284,157.0,,1.44
2023-05-28T08:00,29.7,54,0.0,19.5,958.6,0,24.6,321,33.7,0.029,0.284,370.0,,1.9
2023-05-28T09:00,32.1,44,0.0,18.4,958.6,0,22.8,321,36.1,0.029,0.284,584.0,,2.67
2023-05-28T10:00,34.8,34,0.0,16.4,958.5,0,20.6,324,39.2,0.028,0.284,765.0,,3.68
2023-05-28T11:00,37.0,25,0.0,13.9,957.9,20,16.9,322,42.8,0.028,0.284,894.0,,4.67
2023-05-28T12:00,38.0,21,0.0,11.8,957.2,14,12.0,311,45.8,0.028,0.284,867.0,,5.25
2023-05-28T13:00,39.0,19,0.0,11.1,956.6,15,10.7,310,48.5,0.028,0.284,868.0,,5.65
2023-05-28T14:00,39.4,18,0.0,10.6,955.8,17,11.6,306,50.2,0.028,0.284,782.0,,5.87
2023-05-28T15:00,39.5,17,0.0,10.1,955.2,35,12.1,300,50.6,0.028,0.284,639.0,,5.93
2023-05-28T16:00,39.0,18,0.0,10.0,954.5,17,8.0,278,49.9,0.028,0.284,450.0,,5.74
2023-05-28T17:00,38.4,18,0.0,9.7,954.2,42,10.5,286,48.6,0.028,0.284,297.0,,5.55
2023-05-28T18:00,37.8,18,0.0,9.2,954.4,11,10.9,278,46.2,0.028,0.284,111.0,,5.37
2023-05-28T19:00,37.3,18,0.0,8.8,955.0,9,7.6,267,43.6,0.028,0.284,6.0,,5.25
2023-05-28T20:00,36.3,20,0.0,9.6,955.4,16,4.8,207,41.5,0.028,0.284,0.0,,4.85
2023-05-28T21:00,35.5,20,0.0,9.1,955.9,37,7.2,174,39.6,0.028,0.284,0.0,,4.63
2023-05-28T22:00,34.9,21,0.0,9.2,956.9,42,15.6,277,38.2,0.028,0.284,0.0,,4.42
2023-05-28T23:00,32.5,36,0.0,15.5,957.0,6,25.6,296,37.0,0.028,0.284,0.0,,3.13
2023-05-29T00:00,31.7,40,0.0,16.5,956.7,1,25.6,305,35.8,0.028,0.284,0.0,,2.78
2023-05-29T01:00,30.5,45,0.0,17.2,956.1,12,22.4,307,34.8,0.028,0.284,0.0,,2.4
2023-05-29T02:00,29.6,49,0.0,17.9,955.7,11,21.8,304,33.9,0.028,0.284,0.0,,2.1
2023-05-29T03:00,28.9,53,0.0,18.4,955.6,3,20.4,312,33.0,0.028,0.284,0.0,,1.85
2023-05-29T04:00,28.4,55,0.0,18.6,955.8,0,16.3,311,32.3,0.028,0.284,0.0,,1.72
2023-05-29T05:00,28.6,55,0.0,18.7,957.2,0,9.4,356,34.9,0.028,0.284,0.0,,1.75
2023-05-29T06:00,29.5,52,0.0,18.6,957.6,36,16.8,337,34.0,0.028,0.284,12.0,,1.98
2023-05-29T07:00,31.0,46,0.0,17.9,958.0,16,18.7,349,34.3,0.028,0.284,140.0,,2.44
2023-05-29T08:00,32.5,41,0.0,17.4,958.5,0,18.0,358,35.8,0.028,0.284,353.0,,2.9
2023-05-29T09:00,34.2,37,0.0,17.4,958.5,0,17.1,8,38.3,0.028,0.284,570.0,,3.38
2023-05-29T10:00,36.2,32,0.0,16.8,958.3,7,16.5,20,41.5,0.028,0.284,750.0,,4.08
2023-05-29T11:00,38.0,26,0.0,15.2,957.6,40,15.3,27,44.8,0.028,0.284,851.0,,4.88
2023-05-29T12:00,38.5,24,0.0,14.3,956.9,32,11.0,23,47.1,0.028,0.284,775.0,,5.16
2023-05-29T13:00,39.2,22,0.0,13.9,956.2,15,9.1,7,49.6,0.028,0.284,817.0,,5.46
2023-05-29T14:00,39.7,21,0.0,13.5,955.1,29,10.4,360,51.4,0.028,0.284,802.0,,5.7
2023-05-29T15:00,39.9,20,0.0,12.9,954.6,71,14.5,346,51.6,0.028,0.284,613.0,,5.83
2023-05-29T16:00,38.7,20,0.0,12.1,954.0,46,8.2,23,50.4,0.028,0.284,386.0,,5.47
2023-05-29T17:00,37.9,23,0.0,13.1,953.9,60,11.2,147,49.0,0.028,0.283,272.0,,5.09
2023-05-29T18:00,37.1,26,0.0,14.1,954.5,60,19.4,165,46.3,0.028,0.283,56.0,,4.68
2023-05-29T19:00,36.3,24,0.0,12.6,955.1,63,17.2,154,43.8,0.028,0.283,5.0,,4.59
2023-05-29T20:00,35.4,28,0.0,14.0,955.8,38,13.9,149,41.7,0.028,0.283,0.0,,4.14
2023-05-29T21:00,34.7,28,0.0,13.8,956.9,50,9.1,187,40.0,0.028,0.283,0.0,,3.96
2023-05-29T22:00,33.9,30,0.0,14.1,957.6,95,5.0,210,38.5,0.028,0.283,0.0,,3.68
2023-05-29T23:00,31.2,40,0.0,16.0,957.9,69,29.2,254,37.3,0.028,0.283,0.0,,2.71
2023-05-30T00:00,30.0,45,0.0,16.8,956.8,100,14.0,228,35.9,0.028,0.283,0.0,,2.34
2023-05-30T01:00,30.7,43,0.0,16.8,956.6,1,9.4,223,35.1,0.028,0.283,0.0,,2.51
2023-05-30T02:00,30.6,47,0.0,18.0,956.2,0,12.6,272,34.2,0.028,0.283,0.0,,2.31
2023-05-30T03:00,30.3,51,0.0,19.0,955.9,0,9.5,307,33.4,0.028,0.283,0.0,,2.11
2023-05-30T04:00,29.5,48,0.0,17.3,956.3,0,3.5,66,32.7,0.028,0.283,0.0,,2.14
2023-05-30T05:00,28.2,59,0.0,19.5,957.0,1,14.8,135,34.5,0.028,0.282,0.0,,1.56
2023-05-30T06:00,28.6,59,0.0,19.8,957.5,6,11.8,153,33.6,0.028,0.282,16.0,,1.61
2023-05-30T07:00,30.0,56,0.0,20.2,958.5,6,8.8,168,34.1,0.028,0.282,154.0,,1.88
2023-05-30T08:00,31.7,50,0.0,20.1,959.3,27,3.6,84,36.3,0.028,0.282,364.0,,2.32
2023-05-30T09:00,33.8,41,0.0,18.9,959.4,19,10.9,56,39.2,0.028,0.282,565.0,,3.08
2023-05-30T10:00,35.9,33,0.0,17.0,959.1,96,12.7,55,42.6,0.028,0.282,748.0,,3.95
2023-05-30T11:00,37.3,28,0.0,16.0,958.3,100,12.1,67,45.8,0.028,0.282,860.0,,4.56
2023-05-30T12:00,38.7,25,0.0,15.4,957.4,100,9.7,75,48.8,0.028,0.282,900.0,,5.12
2023-05-30T13:00,39.7,22,0.0,14.3,956.2,100,8.2,67,51.4,0.028,0.282,883.0,,5.61
2023-05-30T14:00,40.1,21,0.0,13.4,955.1,100,9.2,31,52.7,0.028,0.282,742.0,,5.88
2023-05-30T15:00,39.2,22,0.0,13.5,954.2,100,14.9,7,51.2,0.028,0.282,372.0,,5.51
2023-05-30T16:00,38.4,21,0.0,12.3,954.1,100,3.8,73,49.2,0.028,0.282,197.0,,5.34
2023-05-30T17:00,34.3,37,0.0,17.5,955.2,100,2.3,51,48.7,0.06,0.283,208.0,,3.42
2023-05-30T18:00,34.4,37,0.0,17.7,955.5,92,14.6,142,45.4,0.059,0.283,71.0,,3.42
2023-05-30T19:00,32.7,42,0.0,18.1,955.9,83,14.5,166,42.4,0.058,0.283,6.0,,2.86
2023-05-30T20:00,31.3,46,0.0,18.3,956.3,96,13.4,166,39.8,0.057,0.283,0.0,,2.45
2023-05-30T21:00,31.6,48,0.0,19.2,957.1,88,7.0,159,37.9,0.056,0.283,0.0,,2.42
2023-05-30T22:00,31.5,48,0.0,19.0,957.6,98,15.3,219,36.4,0.056,0.283,0.0,,2.41
2023-05-30T23:00,31.4,47,0.0,18.9,957.4,100,16.7,233,35.3,0.055,0.283,0.0,,2.41
2023-05-31T00:00,31.2,49,0.0,19.2,956.7,99,14.8,257,34.5,0.055,0.283,0.0,,2.32
2023-05-31T01:00,30.8,53,0.0,20.1,956.5,8,10.1,274,33.8,0.054,0.283,0.0,,2.08
2023-05-31T02:00,29.9,56,0.0,20.3,955.6,13,9.1,263,33.0,0.054,0.283,0.0,,1.83
2023-05-31T03:00,29.2,58,0.0,20.0,955.3,3,7.9,254,32.2,0.054,0.283,0.0,,1.7
2023-05-31T04:00,28.6,60,0.0,20.1,955.4,1,6.6,331,31.6,0.053,0.283,0.0,,1.55
2023-05-31T05:00,28.3,65,0.0,21.2,956.2,1,6.7,286,33.3,0.053,0.283,0.0,,1.33
2023-05-31T06:00,29.6,55,0.0,19.6,957.2,15,9.7,358,32.6,0.053,0.283,16.0,,1.87
2023-05-31T07:00,31.5,45,0.0,18.1,958.2,2,16.1,24,33.0,0.052,0.283,152.0,,2.53
2023-05-31T08:00,34.0,31,0.0,14.5,958.9,1,21.3,19,34.7,0.051,0.283,357.0,,3.65
2023-05-31T09:00,35.7,28,0.0,14.5,958.9,11,22.7,27,37.1,0.05,0.283,569.0,,4.2
2023-05-31T10:00,37.1,25,0.0,14.1,958.6,40,19.7,35,39.9,0.048,0.283,733.0,,4.69
2023-05-31T11:00,37.7,24,0.0,13.9,958.1,46,17.2,33,42.1,0.047,0.283,713.0,,4.92
2023-05-31T12:00,38.5,23,0.0,13.7,957.1,17,14.2,30,44.5,0.045,0.283,782.0,,5.23
2023-05-31T13:00,39.5,21,0.0,13.3,956.3,93,12.7,25,47.0,0.043,0.283,849.0,,5.66
2023-05-31T14:00,39.2,21,0.0,12.5,955.1,84,12.7,29,47.8,0.042,0.283,636.0,,5.6
2023-05-31T15:00,39.9,19,0.0,11.9,954.1,30,12.8,40,48.9,0.041,0.283,666.0,,5.93
2023-05-31T16:00,39.8,18,0.0,10.9,953.8,70,10.5,49,48.6,0.041,0.283,491.0,,5.98
2023-05-31T17:00,39.5,18,0.0,11.2,954.0,76,16.5,74,48.1,0.043,0.285,315.0,,5.84
2023-05-31T18:00,38.8,18,0.0,10.3,954.2,51,15.0,69,45.7,0.043,0.285,103.0,,5.65
2023-05-31T19:00,37.8,20,0.0,10.9,954.6,100,9.4,92,43.3,0.042,0.285,6.0,,5.23
2023-05-31T20:00,36.6,23,0.0,11.8,954.8,100,13.3,128,41.2,0.042,0.285,0.0,,4.74
2023-05-31T21:00,35.8,25,0.0,12.4,955.4,100,11.8,121,39.6,0.042,0.285,0.0,,4.42
2023-05-31T22:00,35.0,26,0.0,12.8,955.6,71,12.1,157,38.2,0.042,0.285,0.0,,4.14
2023-05-31T23:00,33.8,29,0.0,13.4,955.6,51,12.4,172,37.0,0.042,0.285,0.0,,3.73
2023-06-01T00:00,32.9,32,0.0,14.2,955.4,93,10.0,201,35.9,0.041,0.285,0.0,,3.38
2023-06-01T01:00,32.2,37,0.0,15.9,955.1,100,13.2,259,35.0,0.041,0.285,0.0,,3.01
2023-06-01T02:00,31.4,44,0.0,17.7,954.3,100,18.1,276,34.2,0.041,0.285,0.0,,2.57
2023-06-01T03:00,31.0,42,0.0,16.5,954.0,100,14.1,308,33.6,0.041,0.285,0.0,,2.6
2023-06-01T04:00,30.7,38,0.0,14.6,954.5,53,16.0,8,32.9,0.041,0.285,0.0,,2.75
2023-06-01T05:00,29.9,55,0.0,19.9,955.7,37,8.2,209,34.2,0.039,0.283,0.0,,1.89
2023-06-01T06:00,30.1,55,0.0,20.2,955.7,62,6.0,205,33.6,0.039,0.283,14.0,,1.9
2023-06-01T07:00,31.5,51,0.0,20.0,956.9,85,3.7,299,34.1,0.039,0.283,113.0,,2.28
2023-06-01T08:00,34.1,38,0.0,17.8,957.4,100,9.8,17,36.1,0.039,0.283,318.0,,3.32
2023-06-01T09:00,36.8,24,0.0,12.8,957.8,100,16.7,37,38.6,0.039,0.283,488.0,,4.72
2023-06-01T10:00,36.8,26,0.0,14.2,957.8,100,18.1,96,41.0,0.039,0.283,602.0,,4.58
2023-06-01T11:00,38.3,21,0.0,12.1,957.6,100,12.2,104,44.3,0.039,0.283,812.0,,5.33
2023-06-01T12:00,39.5,18,0.0,11.0,956.6,100,8.0,108,47.6,0.038,0.283,873.0,,5.87
2023-06-01T13:00,40.2,17,0.0,10.2,955.6,100,6.1,87,50.1,0.038,0.283,794.0,,6.19
2023-06-01T14:00,40.7,15,0.0,9.3,954.4,100,5.9,43,51.4,0.038,0.283,686.0,,6.47
2023-06-01T15:00,40.9,14,0.0,8.1,954.1,99,8.8,341,51.9,0.038,0.283,573.0,,6.66
2023-06-01T16:00,40.2,14,0.0,7.6,953.4,96,15.0,333,50.0,0.038,0.283,249.0,,6.39
2023-06-01T17:00,39.4,16,0.0,8.6,953.7,96,12.4,30,49.1,0.045,0.287,268.0,,6.03
2023-06-01T18:00,38.5,16,0.0,8.5,954.3,100,16.1,20,46.3,0.045,0.287,107.0,,5.7
2023-06-01T19:00,37.2,21,0.0,10.9,954.8,100,4.7,67,43.6,0.044,0.286,6.0,,5.03
2023-06-01T20:00,36.6,20,0.0,9.7,955.4,99,12.3,148,41.5,0.044,0.286,0.0,,4.94
2023-06-01T21:00,35.5,25,0.0,12.3,956.3,95,18.8,197,39.9,0.043,0.286,0.0,,4.34
2023-06-01T22:00,34.3,35,0.0,16.4,956.7,75,22.1,236,38.6,0.043,0.286,0.0,,3.53
2023-06-01T23:00,32.7,42,0.0,18.0,956.4,28,28.5,266,37.2,0.043,0.286,0.0,,2.88
2023-06-02T00:00,31.8,47,0.0,19.2,956.0,6,20.9,269,36.0,0.043,0.286,0.0,,2.48
2023-06-02T01:00,31.1,51,0.0,19.9,955.5,1,19.5,272,35.0,0.043,0.286,0.0,,2.19
2023-06-02T02:00,30.2,57,0.0,20.8,955.2,22,18.9,279,34.1,0.043,0.286,0.0,,1.83
2023-06-02T03:00,29.5,61,0.0,21.2,955.3,14,19.2,283,33.4,0.042,0.286,0.0,,1.59
2023-06-02T04:00,28.9,64,0.0,21.5,955.5,18,18.6,292,32.7,0.042,0.286,0.0,,1.41
2023-06-02T05:00,28.4,66,0.0,21.6,956.4,76,18.9,291,35.1,0.029,0.281,0.0,,1.3
2023-06-02T06:00,28.4,68,0.0,21.9,957.2,23,20.3,290,34.1,0.029,0.281,17.0,,1.23
2023-06-02T07:00,29.2,62,0.0,21.3,958.0,16,21.7,294,34.1,0.03,0.281,154.0,,1.52
2023-06-02T08:00,30.8,52,0.0,19.8,958.8,14,23.6,301,35.3,0.03,0.281,362.0,,2.13
2023-06-02T09:00,32.9,41,0.0,18.0,959.2,0,23.8,305,37.5,0.03,0.281,574.0,,2.94
2023-06-02T10:00,35.4,30,0.0,15.3,958.9,0,22.2,310,40.3,0.03,0.281,760.0,,4.0
2023-06-02T11:00,37.5,23,0.0,12.9,958.5,9,21.4,316,43.5,0.029,0.281,891.0,,4.94
2023-06-02T12:00,38.9,18,0.0,10.3,957.5,17,18.3,324,46.2,0.029,0.281,887.0,,5.7
2023-06-02T13:00,39.7,16,0.0,9.4,956.4,11,15.4,323,48.5,0.029,0.281,867.0,,6.08
2023-06-02T14:00,40.3,15,0.0,8.9,955.1,28,15.3,309,50.2,0.029,0.281,818.0,,6.34
2023-06-02T15:00,40.5,15,0.0,8.7,954.4,31,16.8,301,50.4,0.029,0.281,626.0,,6.43
2023-06-02T16:00,40.5,14,0.0,8.3,953.7,30,16.1,297,49.8,0.029,0.281,469.0,,6.46
2023-06-02T17:00,39.5,15,0.0,8.5,954.2,27,12.6,273,48.2,0.038,0.279,292.0,,6.05
2023-06-02T18:00,38.7,15,0.0,7.6,954.2,71,18.9,246,46.0,0.038,0.279,108.0,,5.84
2023-06-02T19:00,38.1,15,0.0,7.4,954.2,33,17.1,242,43.7,0.038,0.279,6.0,,5.61
2023-06-02T20:00,37.0,17,0.0,7.5,954.8,66,13.4,239,41.7,0.038,0.279,0.0,,5.22
2023-06-02T21:00,35.5,23,0.0,11.0,955.8,100,23.6,301,40.1,0.038,0.279,0.0,,4.46
2023-06-02T22:00,34.7,26,0.0,12.6,956.2,0,29.1,312,38.8,0.038,0.279,0.0,,4.06
2023-06-02T23:00,33.2,34,0.0,15.3,956.2,0,24.7,304,37.5,0.038,0.279,0.0,,3.34
2023-06-03T00:00,31.6,47,0.0,18.9,955.9,0,28.3,297,36.3,0.038,0.279,0.0,,2.46
2023-06-03T01:00,30.4,52,0.0,19.6,955.5,0,23.8,297,35.2,0.038,0.279,0.0,,2.07
2023-06-03T02:00,29.5,56,0.0,19.9,955.5,0,17.4,297,34.2,0.038,0.279,0.0,,1.81
2023-06-03T03:00,28.5,61,0.0,20.3,955.2,0,16.6,297,33.3,0.038,0.279,0.0,,1.52
2023-06-03T04:00,27.6,66,0.0,20.7,955.5,0,19.0,299,32.4,0.038,0.279,0.0,,1.25
2023-06-03T05:00,27.2,69,0.0,21.0,956.0,0,19.5,300,34.9,0.038,0.279,0.0,,1.12
2023-06-03T06:00,27.3,69,0.0,21.0,956.8,0,20.9,299,33.7,0.038,0.279,17.0,,1.13
2023-06-03T07:00,28.3,65,0.0,21.0,957.9,0,21.3,300,33.6,0.038,0.279,159.0,,1.36
2023-06-03T08:00,30.2,57,0.0,20.8,958.6,0,21.4,306,34.9,0.038,0.279,370.0,,1.84
2023-06-03T09:00,32.6,47,0.0,20.0,958.7,0,21.4,314,37.2,0.038,0.279,581.0,,2.57
2023-06-03T10:00,34.9,38,0.0,18.6,958.6,0,20.2,320,40.2,0.038,0.279,761.0,,3.45
2023-06-03T11:00,36.9,31,0.0,16.8,957.8,0,18.1,317,43.6,0.038,0.279,889.0,,4.32
2023-06-03T12:00,38.6,24,0.0,14.2,957.0,9,16.9,308,46.7,0.038,0.279,952.0,,5.22
2023-06-03T13:00,39.5,20,0.0,12.3,956.2,18,17.6,296,49.0,0.038,0.279,889.0,,5.75
2023-06-03T14:00,39.9,17,0.0,10.6,955.2,34,19.0,289,50.2,0.038,0.279,802.0,,6.04
2023-06-03T15:00,39.7,16,0.0,9.5,954.4,15,17.2,286,50.2,0.038,0.279,613.0,,6.06
2023-06-03T16:00,39.8,16,0.0,9.4,953.4,8,17.5,284,49.7,0.038,0.279,516.0,,6.1
2023-06-03T17:00,38.8,17,0.0,9.7,953.7,2,17.5,289,48.0,0.038,0.279,323.0,,5.72
2023-06-03T18:00,38.0,18,0.0,9.7,953.8,7,17.9,300,45.7,0.038,0.279,123.0,,5.43
2023-06-03T19:00,37.2,20,0.0,10.4,954.0,1,13.2,317,43.2,0.038,0.279,8.0,,5.09
2023-06-03T20:00,36.8,21,0.0,10.6,954.6,1,9.4,328,41.2,0.038,0.279,0.0,,4.91
2023-06-03T21:00,36.0,22,0.0,11.1,955.3,7,15.8,287,39.6,0.038,0.279,0.0,,4.6
2023-06-03T22:00,34.9,26,0.0,12.8,955.5,10,22.2,302,38.3,0.038,0.279,0.0,,4.1
2023-06-03T23:00,33.7,34,0.0,15.7,955.7,4,25.6,305,37.2,0.038,0.279,0.0,,3.45
2023-06-04T00:00,32.2,44,0.0,18.3,955.2,8,24.5,294,36.1,0.038,0.279,0.0,,2.71
2023-06-04T01:00,31.2,49,0.0,19.3,955.1,11,22.9,300,35.2,0.038,0.279,0.0,,2.31
2023-06-04T02:00,30.3,54,0.0,20.0,955.0,10,22.8,301,34.4,0.038,0.279,0.0,,1.99
2023-06-04T03:00,29.1,62,0.0,21.0,955.3,0,23.1,301,33.6,0.038,0.279,0.0,,1.55
2023-06-04T04:00,28.3,66,0.0,21.3,955.6,0,22.8,301,32.8,0.038,0.279,0.0,,1.31
2023-06-04T05:00,27.8,69,0.0,21.6,956.1,1,21.4,303,34.8,0.036,0.279,0.0,,1.15
2023-06-04T06:00,27.9,68,0.0,21.5,957.0,0,20.5,304,33.7,0.036,0.279,17.0,,1.19
2023-06-04T07:00,28.9,64,0.0,21.4,958.0,28,21.7,302,33.8,0.036,0.279,154.0,,1.42
2023-06-04T08:00,30.5,57,0.0,20.9,958.4,6,21.8,301,35.1,0.036,0.279,363.0,,1.89
2023-06-04T09:00,32.3,50,0.0,20.5,958.5,47,18.4,301,37.5,0.036,0.279,573.0,,2.41
2023-06-04T10:00,34.0,44,0.0,20.0,958.5,23,16.8,298,40.6,0.036,0.279,753.0,,2.97
2023-06-04T11:00,35.6,38,0.0,18.9,958.0,4,15.8,294,43.9,0.036,0.279,870.0,,3.61
2023-06-04T12:00,36.9,33,0.0,18.2,957.0,7,17.1,292,46.7,0.036,0.279,922.0,,4.14
2023-06-04T13:00,38.3,30,0.0,17.5,955.9,23,18.2,288,48.9,0.036,0.279,905.0,,4.72
2023-06-04T14:00,38.5,28,0.0,16.9,954.9,15,19.4,288,49.9,0.036,0.279,786.0,,4.87
2023-06-04T15:00,39.0,26,0.0,16.2,953.7,17,21.1,295,50.1,0.036,0.279,666.0,,5.16
2023-06-04T16:00,38.4,25,0.0,14.9,953.2,32,25.4,302,49.2,0.036,0.279,490.0,,5.08
2023-06-04T17:00,33.3,40,0.0,17.7,954.8,26,49.9,314,46.6,0.042,0.278,284.0,,3.08
2023-06-04T18:00,32.3,40,0.1,17.1,955.2,29,27.4,341,43.4,0.043,0.278,81.0,,2.89
2023-06-04T19:00,32.1,41,0.0,17.1,955.5,3,21.3,338,40.8,0.042,0.278,6.0,,2.82
2023-06-04T20:00,31.7,42,0.0,17.2,955.8,16,12.1,350,38.8,0.042,0.278,0.0,,2.7
2023-06-04T21:00,31.6,43,0.0,17.4,956.2,13,10.3,335,37.2,0.042,0.278,0.0,,2.65
2023-06-04T22:00,31.3,44,0.0,17.6,956.5,18,7.4,309,35.9,0.042,0.278,0.0,,2.54
2023-06-04T23:00,30.7,46,0.0,17.8,956.6,10,9.3,257,34.8,0.042,0.278,0.0,,2.37
2023-06-05T00:00,29.8,49,0.0,17.9,956.1,38,10.5,266,33.8,0.042,0.278,0.0,,2.13
2023-06-05T01:00,29.1,51,0.0,18.0,955.5,6,13.0,273,33.0,0.042,0.278,0.0,,1.96
2023-06-05T02:00,28.4,56,0.0,18.9,954.8,2,14.1,274,32.3,0.042,0.278,0.0,,1.69
2023-06-05T03:00,28.0,60,0.0,19.5,954.7,0,12.7,285,31.6,0.041,0.278,0.0,,1.51
2023-06-05T04:00,27.7,62,0.0,19.7,955.0,0,14.2,294,31.1,0.041,0.278,0.0,,1.42
2023-06-05T05:00,26.3,68,0.0,19.9,955.8,0,12.4,292,31.7,0.041,0.271,0.0,,1.1
2023-06-05T06:00,27.0,66,0.0,20.1,956.4,0,11.9,295,31.1,0.041,0.271,17.0,,1.2
2023-06-05T07:00,28.4,62,0.0,20.3,957.0,25,17.5,302,31.6,0.041,0.271,159.0,,1.49
2023-06-05T08:00,30.3,53,0.0,19.6,957.6,100,21.1,303,33.3,0.041,0.271,370.0,,2.04
2023-06-05T09:00,32.2,46,0.0,19.1,957.7,90,20.7,305,35.9,0.04,0.271,581.0,,2.59
2023-06-05T10:00,33.9,41,0.0,18.7,957.6,97,20.5,308,39.0,0.04,0.271,761.0,,3.13
2023-06-05T11:00,35.6,34,0.0,17.2,957.0,93,18.7,308,42.2,0.04,0.271,880.0,,3.86
2023-06-05T12:00,36.7,29,0.0,15.8,956.3,10,17.8,306,44.8,0.039,0.271,872.0,,4.38
2023-06-05T13:00,37.9,24,0.0,14.1,955.1,14,17.8,306,47.3,0.039,0.271,916.0,,4.98
2023-06-05T14:00,38.4,22,0.0,13.1,954.1,19,17.1,305,48.6,0.039,0.271,777.0,,5.25
2023-06-05T15:00,38.8,20,0.0,12.0,953.2,6,17.2,307,49.0,0.038,0.271,645.0,,5.5
2023-06-05T16:00,38.6,20,0.0,11.8,952.5,7,18.0,307,48.6,0.038,0.271,525.0,,5.46
2023-06-05T17:00,38.1,23,0.0,13.1,952.4,13,17.9,304,46.2,0.04,0.271,318.0,,5.16
2023-06-05T18:00,37.7,23,0.0,12.8,952.5,77,16.6,300,44.2,0.04,0.271,113.0,,5.03
2023-06-05T19:00,37.2,23,0.0,12.4,952.9,33,13.6,302,42.1,0.04,0.271,6.0,,4.9
2023-06-05T20:00,36.6,24,0.0,12.6,953.7,57,11.1,306,40.5,0.039,0.271,0.0,,4.67
2023-06-05T21:00,36.0,25,0.0,12.7,954.6,50,11.8,310,39.1,0.04,0.271,0.0,,4.47
2023-06-05T22:00,34.4,31,0.0,14.9,955.4,62,22.9,289,37.9,0.04,0.271,0.0,,3.74
2023-06-05T23:00,31.4,49,0.0,19.3,955.5,12,33.5,309,36.7,0.04,0.271,0.0,,2.36
2023-06-06T00:00,31.3,52,0.0,20.1,955.1,36,25.3,303,35.6,0.04,0.271,0.0,,2.2
2023-06-06T01:00,30.1,56,0.0,20.5,954.7,20,27.4,293,34.6,0.04,0.271,0.0,,1.86
2023-06-06T02:00,29.2,61,0.0,20.8,954.6,24,24.5,287,33.7,0.04,0.271,0.0,,1.58
2023-06-06T03:00,28.3,65,0.0,21.0,954.7,15,21.3,286,32.9,0.04,0.271,0.0,,1.35
2023-06-06T04:00,27.6,68,0.0,21.1,955.1,0,20.1,291,32.2,0.04,0.271,0.0,,1.18
2023-06-06T05:00,27.4,69,0.0,21.3,955.8,2,20.6,297,34.0,0.034,0.274,0.0,,1.12
2023-06-06T06:00,27.3,69,0.0,21.0,956.2,39,22.2,290,33.1,0.034,0.274,17.0,,1.14
2023-06-06T07:00,28.0,64,0.0,20.5,957.0,0,21.9,293,33.1,0.034,0.274,155.0,,1.38
2023-06-06T08:00,29.8,55,0.0,19.7,957.6,0,22.4,296,34.4,0.034,0.274,364.0,,1.91
2023-06-06T09:00,32.1,45,0.0,18.8,957.8,0,22.8,301,36.6,0.034,0.274,574.0,,2.6
2023-06-06T10:00,34.1,40,0.0,18.4,957.5,0,21.7,310,39.6,0.034,0.274,754.0,,3.22
2023-06-06T11:00,35.9,33,0.0,16.9,957.0,14,18.1,313,42.8,0.034,0.274,877.0,,3.98
2023-06-06T12:00,37.3,27,0.0,15.4,955.9,14,16.9,310,45.7,0.034,0.274,891.0,,4.63
2023-06-06T13:00,38.1,24,0.0,13.8,954.9,14,15.8,305,47.9,0.034,0.274,854.0,,5.08
2023-06-06T14:00,38.6,21,0.0,12.5,953.6,14,15.7,302,49.2,0.034,0.274,769.0,,5.37
2023-06-06T15:00,39.0,19,0.0,11.4,952.7,17,15.0,291,49.8,0.034,0.274,685.0,,5.62
2023-06-06T16:00,38.8,20,0.0,11.6,952.1,16,15.1,271,49.3,0.034,0.274,498.0,,5.55
2023-06-06T17:00,38.4,22,0.0,12.6,951.6,5,16.3,248,47.5,0.038,0.271,315.0,,5.3
2023-06-06T18:00,37.8,22,0.0,12.3,951.8,33,16.5,238,45.3,0.038,0.271,111.0,,5.11
2023-06-06T19:00,37.2,22,0.0,12.0,952.3,31,16.6,236,43.1,0.038,0.271,7.0,,4.93
2023-06-06T20:00,36.5,22,0.0,11.7,952.8,26,14.3,229,41.2,0.038,0.271,0.0,,4.73
2023-06-06T21:00,35.8,24,0.0,11.9,953.5,23,9.2,206,39.7,0.038,0.271,0.0,,4.47
2023-06-06T22:00,34.9,26,0.0,12.9,954.1,33,4.7,351,38.3,0.038,0.271,0.0,,4.11
2023-06-06T23:00,35.0,25,0.0,11.8,954.7,58,18.2,309,37.2,0.038,0.271,0.0,,4.24
2023-06-07T00:00,33.1,37,0.0,16.3,954.7,52,26.6,283,36.4,0.038,0.271,0.0,,3.19
2023-06-07T01:00,31.0,51,0.0,19.8,954.5,28,25.1,282,35.4,0.038,0.271,0.0,,2.18
2023-06-07T02:00,29.9,59,0.0,21.0,954.0,23,26.4,284,34.5,0.038,0.271,0.0,,1.74
2023-06-07T03:00,29.1,64,0.0,21.5,953.7,5,26.2,288,33.6,0.038,0.271,0.0,,1.46
2023-06-07T04:00,28.4,67,0.0,21.8,954.1,6,23.1,293,32.8,0.038,0.271,0.0,,1.25
2023-06-07T05:00,28.2,66,0.0,21.3,955.3,7,21.2,288,34.7,0.037,0.269,0.0,,1.28
2023-06-07T06:00,28.1,67,0.0,21.3,955.7,16,22.1,289,33.7,0.037,0.269,17.0,,1.27
2023-06-07T07:00,28.9,64,0.0,21.3,956.4,86,21.6,296,33.7,0.037,0.269,155.0,,1.44
2023-06-07T08:00,30.4,56,0.0,20.8,956.6,100,20.6,299,35.0,0.037,0.269,362.0,,1.89
2023-06-07T09:00,32.4,48,0.0,20.1,956.7,36,21.9,303,37.3,0.037,0.269,573.0,,2.5
2023-06-07T10:00,34.5,40,0.0,19.0,956.5,6,22.7,303,40.2,0.037,0.269,752.0,,3.28
2023-06-07T11:00,36.3,32,0.0,17.1,956.1,50,19.7,305,43.2,0.037,0.269,878.0,,4.07
2023-06-07T12:00,37.0,28,0.0,15.7,955.4,38,14.4,302,45.4,0.037,0.269,760.0,,4.5
2023-06-07T13:00,37.9,25,0.0,14.8,954.5,14,11.2,285,47.7,0.037,0.269,785.0,,4.89
2023-06-07T14:00,38.9,23,0.0,13.8,953.6,29,11.9,270,49.5,0.037,0.269,761.0,,5.38
2023-06-07T15:00,39.5,21,0.0,13.4,952.6,34,13.0,267,50.3,0.037,0.269,653.0,,5.64
2023-06-07T16:00,39.4,21,0.0,12.9,952.1,25,17.3,272,49.6,0.037,0.269,461.0,,5.64
2023-06-07T17:00,38.0,24,0.0,13.7,952.5,24,14.1,285,48.2,0.041,0.271,290.0,,5.06
2023-06-07T18:00,37.7,24,0.0,13.4,952.8,23,14.8,299,45.9,0.04,0.271,117.0,,4.98
2023-06-07T19:00,37.2,23,0.0,12.6,953.2,90,11.8,308,43.4,0.04,0.271,7.0,,4.87
2023-06-07T20:00,36.3,24,0.0,12.8,954.1,91,10.2,280,41.4,0.04,0.271,0.0,,4.57
2023-06-07T21:00,34.8,32,0.0,15.5,955.3,88,21.7,238,39.7,0.04,0.271,0.0,,3.81
2023-06-07T22:00,33.8,38,0.0,17.4,955.4,66,23.2,242,38.4,0.04,0.271,0.0,,3.26
2023-06-07T23:00,31.7,49,0.0,19.6,955.9,9,28.4,262,37.0,0.04,0.271,0.0,,2.39
2023-06-08T00:00,30.3,52,0.0,19.4,955.8,7,25.9,260,35.8,0.04,0.271,0.0,,2.05
2023-06-08T01:00,29.2,56,0.0,19.6,955.4,79,22.5,263,34.6,0.04,0.271,0.0,,1.77
2023-06-08T02:00,28.4,61,0.0,20.2,955.3,63,20.4,262,33.6,0.04,0.271,0.0,,1.49
2023-06-08T03:00,27.8,65,0.0,20.5,955.4,85,19.9,264,32.7,0.04,0.271,0.0,,1.31
2023-06-08T04:00,27.3,67,0.0,20.6,955.3,84,19.1,273,31.9,0.04,0.271,0.0,,1.2
2023-06-08T05:00,27.1,70,0.0,21.1,956.5,34,17.9,280,33.7,0.036,0.269,0.0,,1.09
2023-06-08T06:00,27.5,68,0.0,21.1,957.1,91,17.3,282,32.8,0.036,0.269,17.0,,1.17
2023-06-08T07:00,28.4,64,0.0,21.0,957.5,68,16.9,290,33.1,0.036,0.269,152.0,,1.39
2023-06-08T08:00,30.1,56,0.0,20.5,957.9,27,17.1,288,34.6,0.036,0.269,361.0,,1.86
2023-06-08T09:00,32.3,47,0.0,19.4,957.9,55,17.3,291,37.2,0.036,0.269,570.0,,2.58
2023-06-08T10:00,34.3,39,0.0,18.2,957.5,35,16.4,296,40.4,0.036,0.269,747.0,,3.3
2023-06-08T11:00,36.1,33,0.0,17.3,956.9,57,15.5,301,43.8,0.036,0.269,874.0,,3.99
2023-06-08T12:00,37.3,29,0.0,16.5,956.1,91,13.9,301,46.9,0.036,0.269,923.0,,4.5
2023-06-08T13:00,38.5,27,0.0,16.2,955.1,71,13.4,297,49.5,0.036,0.269,915.0,,4.97
2023-06-08T14:00,38.7,26,0.0,15.6,954.4,78,11.9,284,51.0,0.036,0.269,810.0,,5.09
2023-06-08T15:00,38.7,25,0.0,15.3,953.6,27,12.1,282,51.5,0.036,0.269,653.0,,5.13
2023-06-08T16:00,38.6,25,0.0,15.0,953.0,16,13.5,295,50.9,0.036,0.269,501.0,,5.14
2023-06-08T17:00,37.8,26,0.0,15.0,952.7,12,11.4,281,49.2,0.036,0.269,309.0,,4.84
2023-06-08T18:00,37.4,28,0.0,15.8,952.2,79,17.4,264,46.3,0.038,0.27,106.0,,4.61
2023-06-08T19:00,35.4,32,0.0,16.3,953.3,41,23.0,243,43.8,0.038,0.27,6.0,,3.88
2023-06-08T20:00,32.0,45,0.0,18.6,954.7,88,23.9,259,41.3,0.038,0.27,0.0,,2.61
2023-06-08T21:00,31.6,49,0.0,19.5,955.1,83,20.8,260,39.2,0.038,0.27,0.0,,2.38
2023-06-08T22:00,31.1,51,0.0,19.8,955.4,6,22.4,255,37.6,0.038,0.27,0.0,,2.21
2023-06-08T23:00,30.4,55,0.0,20.5,955.6,15,20.3,258,36.3,0.038,0.27,0.0,,1.94
2023-06-09T00:00,29.8,59,0.0,20.9,955.3,8,18.4,268,35.2,0.038,0.27,0.0,,1.72
2023-06-09T01:00,29.3,62,0.0,21.1,954.6,1,16.3,278,34.2,0.038,0.27,0.0,,1.56
2023-06-09T02:00,28.7,65,0.0,21.4,953.9,0,16.9,269,33.4,0.038,0.27,0.0,,1.4
2023-06-09T03:00,28.2,67,0.0,21.5,953.7,0,15.5,270,32.6,0.038,0.27,0.0,,1.25
2023-06-09T04:00,27.8,69,0.0,21.6,953.7,0,14.6,280,32.0,0.038,0.27,0.0,,1.16
2023-06-09T05:00,27.5,71,0.0,21.7,954.0,0,16.4,279,31.4,0.038,0.27,0.0,,1.06
2023-06-09T06:00,27.5,69,0.0,21.4,956.0,0,16.2,269,32.7,0.032,0.271,16.0,,1.13
2023-06-09T07:00,28.4,66,0.0,21.4,956.5,0,18.0,272,33.0,0.032,0.271,153.0,,1.33
2023-06-09T08:00,30.1,58,0.0,21.0,957.0,0,19.4,270,34.5,0.032,0.271,360.0,,1.77
2023-06-09T09:00,32.0,50,0.0,20.3,956.9,0,18.8,275,37.0,0.032,0.271,568.0,,2.38
2023-06-09T10:00,34.0,42,0.0,19.2,956.1,1,17.2,286,40.1,0.032,0.271,746.0,,3.1
2023-06-09T11:00,35.7,36,0.0,18.2,955.0,3,15.6,296,43.5,0.032,0.271,870.0,,3.74
2023-06-09T12:00,37.1,31,0.0,17.1,954.2,36,13.0,298,46.7,0.032,0.271,933.0,,4.36
2023-06-09T13:00,38.2,28,0.0,16.3,953.0,63,11.1,299,49.5,0.032,0.271,921.0,,4.83
2023-06-09T14:00,38.8,25,0.0,15.5,951.9,38,10.4,290,51.4,0.032,0.271,848.0,,5.16
2023-06-09T15:00,39.3,24,0.0,15.0,951.2,28,11.3,277,52.0,0.032,0.271,674.0,,5.38
2023-06-09T16:00,39.0,24,0.0,14.7,950.9,40,14.4,266,51.2,0.032,0.271,481.0,,5.3
2023-06-09T17:00,38.0,25,0.0,14.5,951.0,17,14.8,270,49.3,0.032,0.271,268.0,,4.97
2023-06-09T18:00,37.1,27,0.0,15.1,951.2,47,16.3,262,46.0,0.038,0.268,88.0,,4.6
2023-06-09T19:00,33.5,42,0.0,18.8,952.3,77,29.4,253,43.4,0.038,0.268,7.0,,3.0
2023-06-09T20:00,33.9,41,0.0,18.7,952.7,28,23.6,251,41.3,0.038,0.268,0.0,,3.14
2023-06-09T21:00,33.4,43,0.0,19.0,953.3,5,22.5,263,39.5,0.038,0.268,0.0,,2.94
2023-06-09T22:00,32.4,45,0.0,19.1,953.7,4,24.3,255,38.0,0.038,0.268,0.0,,2.66
2023-06-09T23:00,31.0,49,0.0,18.9,953.6,10,26.7,249,36.7,0.038,0.268,0.0,,2.31
2023-06-10T00:00,29.9,54,0.0,19.5,953.6,4,25.1,254,35.5,0.038,0.268,0.0,,1.94
2023-06-10T01:00,28.6,62,0.0,20.7,953.5,9,25.2,251,34.4,0.038,0.268,0.0,,1.47
2023-06-10T02:00,27.6,68,0.0,21.0,953.3,18,21.9,253,33.3,0.038,0.268,0.0,,1.2
2023-06-10T03:00,27.1,70,0.0,21.0,953.4,32,18.1,257,32.4,0.038,0.268,0.0,,1.09
2023-06-10T04:00,26.6,72,0.0,21.2,953.4,91,15.6,255,31.7,0.038,0.268,0.0,,0.97
2023-06-10T05:00,26.9,70,0.0,20.9,953.8,96,13.9,260,33.3,0.037,0.269,0.0,,1.07
2023-06-10T06:00,27.4,68,0.0,21.0,954.8,100,15.4,259,32.6,0.037,0.269,16.0,,1.16
2023-06-10T07:00,28.6,63,0.0,20.9,955.3,85,21.4,253,32.8,0.037,0.269,149.0,,1.44
2023-06-10T08:00,30.0,58,0.0,20.7,955.4,44,19.6,253,34.1,0.037,0.269,314.0,,1.8
2023-06-10T09:00,31.6,52,0.0,20.6,955.2,28,16.2,258,36.7,0.037,0.269,536.0,,2.22
2023-06-10T10:00,33.5,46,0.0,20.1,954.7,100,13.6,259,40.0,0.037,0.269,738.0,,2.81
2023-06-10T11:00,35.3,39,0.0,19.4,954.1,100,13.5,254,43.6,0.037,0.269,867.0,,3.47
2023-06-10T12:00,36.7,34,0.0,18.3,953.2,96,11.9,256,46.7,0.037,0.269,907.0,,4.08
2023-06-10T13:00,37.9,30,0.0,17.5,952.0,96,10.5,248,49.6,0.036,0.269,927.0,,4.58
2023-06-10T14:00,38.7,28,0.0,17.1,951.1,18,11.6,234,51.5,0.036,0.269,850.0,,4.92
2023-06-10T15:00,40.0,25,0.0,16.6,950.5,42,20.1,226,52.0,0.036,0.269,709.0,,5.49
2023-06-10T16:00,34.8,41,0.1,19.5,951.4,77,39.4,234,49.1,0.037,0.269,443.0,,3.29
2023-06-10T17:00,34.0,40,0.0,18.7,951.7,57,27.2,244,45.3,0.047,0.268,211.0,,3.15
2023-06-10T18:00,32.9,44,0.0,19.2,952.0,11,25.4,249,42.7,0.046,0.268,107.0,,2.77
2023-06-10T19:00,32.2,48,0.0,19.7,953.0,5,24.6,245,40.3,0.046,0.268,9.0,,2.5
2023-06-10T20:00,31.5,51,0.0,20.2,954.1,2,25.6,242,38.4,0.046,0.268,0.0,,2.25
2023-06-10T21:00,30.8,53,0.0,20.2,954.5,3,25.8,243,36.8,0.045,0.268,0.0,,2.07
2023-06-10T22:00,30.0,56,0.0,20.2,954.6,2,23.8,245,35.5,0.045,0.268,0.0,,1.88
2023-06-10T23:00,29.4,58,0.0,20.3,954.6,2,21.2,249,34.4,0.045,0.268,0.0,,1.71
2023-06-11T00:00,28.6,62,0.0,20.5,954.2,2,21.4,253,33.4,0.045,0.268,0.0,,1.49
2023-06-11T01:00,27.9,65,0.0,20.7,953.5,16,18.9,252,32.6,0.045,0.268,0.0,,1.32
2023-06-11T02:00,27.3,68,0.0,20.8,953.0,21,17.4,240,31.8,0.044,0.268,0.0,,1.17
2023-06-11T03:00,26.7,71,0.0,21.0,953.1,2,17.8,238,31.1,0.044,0.268,0.0,,1.01
2023-06-11T04:00,26.2,74,0.0,21.2,953.1,3,14.4,233,30.5,0.044,0.268,0.0,,0.87
2023-06-11T05:00,26.6,75,0.0,21.7,953.7,13,15.9,231,31.5,0.043,0.269,0.0,,0.89
2023-06-11T06:00,26.7,75,0.0,21.8,954.9,3,15.6,230,31.0,0.043,0.269,16.0,,0.89
2023-06-11T07:00,27.6,71,0.0,21.8,955.3,16,12.2,236,31.5,0.043,0.269,151.0,,1.07
2023-06-11T08:00,29.4,63,0.0,21.5,955.6,20,15.8,235,33.3,0.043,0.269,352.0,,1.53
2023-06-11T09:00,31.1,56,0.0,21.1,955.7,23,16.5,226,35.7,0.043,0.269,533.0,,2.0
2023-06-11T10:00,32.7,49,0.0,20.6,955.4,22,18.3,227,38.6,0.042,0.269,690.0,,2.52
2023-06-11T11:00,34.3,43,0.0,20.0,954.6,20,18.7,230,41.2,0.042,0.269,762.0,,3.06
2023-06-11T12:00,36.2,36,0.0,18.6,953.7,21,20.2,235,44.0,0.041,0.269,880.0,,3.85
2023-06-11T13:00,37.2,32,0.0,17.8,952.6,27,24.9,239,46.0,0.04,0.269,888.0,,4.31
2023-06-11T14:00,37.6,31,0.0,17.6,951.7,33,24.3,241,47.2,0.04,0.269,813.0,,4.46
2023-06-11T15:00,37.5,32,0.0,17.8,950.9,100,23.1,239,47.5,0.039,0.269,649.0,,4.4
2023-06-11T16:00,33.9,40,0.2,18.4,951.1,99,36.0,252,46.8,0.041,0.269,521.0,,3.17
2023-06-11T17:00,34.2,37,0.2,17.6,951.1,34,34.4,249,43.8,0.049,0.268,203.0,,3.35
2023-06-11T18:00,33.6,39,0.0,17.6,952.0,75,21.5,252,41.4,0.049,0.268,59.0,,3.2
2023-06-11T19:00,33.2,41,0.0,18.1,952.8,50,20.9,246,39.4,0.049,0.268,5.0,,3.0
2023-06-11T20:00,32.0,44,0.0,18.1,953.3,19,25.1,245,37.7,0.048,0.268,0.0,,2.66
2023-06-11T21:00,31.0,48,0.0,18.8,953.8,6,22.3,247,36.2,0.048,0.268,0.0,,2.32
2023-06-11T22:00,30.3,52,0.0,19.4,953.9,4,19.8,243,34.9,0.048,0.268,0.0,,2.05
2023-06-11T23:00,29.5,55,0.0,19.5,953.8,13,19.3,237,33.9,0.047,0.268,0.0,,1.86
2023-06-12T00:00,28.7,58,0.0,19.5,953.5,3,20.0,240,32.9,0.047,0.268,0.0,,1.66
2023-06-12T01:00,27.7,63,0.0,20.0,953.0,2,19.0,243,32.0,0.047,0.268,0.0,,1.38
2023-06-12T02:00,26.9,68,0.0,20.4,952.7,1,15.9,245,31.1,0.047,0.268,0.0,,1.14
2023-06-12T03:00,26.3,72,0.0,20.8,952.9,7,13.8,242,30.4,0.047,0.268,0.0,,0.96
2023-06-12T04:00,25.8,75,0.0,21.1,953.0,15,12.7,235,29.8,0.046,0.268,0.0,,0.83
2023-06-12T05:00,25.6,79,0.0,21.7,952.9,0,11.5,226,32.2,0.043,0.267,0.0,,0.69
2023-06-12T06:00,26.2,76,0.0,21.6,953.4,74,12.5,229,31.4,0.043,0.267,16.0,,0.83
2023-06-12T07:00,27.4,70,0.0,21.5,954.4,98,16.3,235,31.7,0.043,0.267,153.0,,1.09
2023-06-12T08:00,28.8,63,0.0,21.2,954.6,97,13.1,233,33.2,0.043,0.267,348.0,,1.45
2023-06-12T09:00,30.7,55,0.0,20.5,955.0,55,14.1,232,35.9,0.042,0.267,559.0,,1.99
2023-06-12T10:00,32.8,46,0.0,19.5,954.8,0,16.6,236,39.0,0.041,0.267,748.0,,2.7
2023-06-12T11:00,35.0,37,0.0,18.1,954.3,11,20.5,236,42.1,0.041,0.267,880.0,,3.53
2023-06-12T12:00,36.2,34,0.0,17.6,953.6,16,21.2,235,44.4,0.04,0.267,884.0,,3.98
2023-06-12T13:00,37.4,30,0.0,16.7,953.0,10,21.9,234,46.4,0.04,0.267,878.0,,4.49
2023-06-12T14:00,38.4,26,0.0,15.8,952.1,14,23.1,236,47.7,0.039,0.267,816.0,,4.98
2023-06-12T15:00,38.8,23,0.0,13.8,951.3,12,26.0,233,48.0,0.039,0.267,676.0,,5.33
2023-06-12T16:00,38.4,22,0.0,13.0,950.7,17,28.2,242,47.3,0.039,0.267,495.0,,5.25
2023-06-12T17:00,36.4,27,0.0,14.7,951.2,15,23.2,242,45.5,0.039,0.267,309.0,,4.39
2023-06-12T18:00,35.4,31,0.0,15.6,951.8,21,23.4,247,43.4,0.039,0.267,122.0,,3.97
2023-06-12T19:00,34.3,34,0.0,16.0,952.3,16,25.1,245,41.1,0.039,0.267,8.0,,3.58
2023-06-12T20:00,33.3,35,0.0,15.8,953.4,12,26.9,244,39.2,0.039,0.267,0.0,,3.33
2023-06-12T21:00,32.1,39,0.0,16.6,954.1,2,26.6,245,37.5,0.039,0.267,0.0,,2.89
2023-06-12T22:00,30.7,46,0.0,17.7,954.8,7,24.9,250,36.1,0.039,0.267,0.0,,2.39
2023-06-12T23:00,29.5,53,0.0,18.9,954.7,7,19.4,248,34.8,0.039,0.267,0.0,,1.95
2023-06-13T00:00,28.7,57,0.0,19.3,954.4,2,18.1,249,33.6,0.039,0.267,0.0,,1.7
2023-06-13T01:00,27.9,60,0.0,19.6,953.9,1,17.6,244,32.6,0.039,0.267,0.0,,1.48
2023-06-13T02:00,27.2,65,0.0,20.0,953.4,61,15.7,238,31.7,0.039,0.267,0.0,,1.27
2023-06-13T03:00,26.6,69,0.0,20.5,953.6,63,16.6,243,30.9,0.039,0.267,0.0,,1.08
2023-06-13T04:00,26.0,74,0.0,20.9,953.9,78,15.0,243,30.2,0.039,0.267,0.0,,0.89
2023-06-13T05:00,25.9,74,0.0,21.0,953.9,86,12.7,245,32.3,0.035,0.267,0.0,,0.85
2023-06-13T06:00,26.2,74,0.0,21.2,954.6,57,13.5,241,31.5,0.035,0.267,17.0,,0.89
2023-06-13T07:00,27.2,70,0.0,21.2,955.2,85,20.4,244,31.8,0.035,0.267,156.0,,1.09
2023-06-13T08:00,28.9,62,0.0,20.8,955.8,47,17.4,236,32.9,0.035,0.267,288.0,,1.53
2023-06-13T09:00,30.9,52,0.0,20.1,955.7,8,16.8,235,35.6,0.035,0.267,568.0,,2.12
2023-06-13T10:00,32.9,45,0.0,19.3,955.6,0,17.9,232,38.8,0.035,0.267,743.0,,2.77
2023-06-13T11:00,35.0,37,0.0,18.3,954.9,0,19.3,233,42.1,0.035,0.267,883.0,,3.51
2023-06-13T12:00,36.9,31,0.0,17.0,954.1,6,21.3,242,45.1,0.035,0.267,949.0,,4.31
2023-06-13T13:00,37.7,29,0.0,16.7,953.2,24,22.5,250,47.2,0.035,0.267,918.0,,4.62
2023-06-13T14:00,38.4,26,0.0,15.6,952.4,16,20.7,250,48.5,0.034,0.267,830.0,,4.98
2023-06-13T15:00,39.2,24,0.0,14.8,951.5,15,21.7,251,48.9,0.034,0.267,666.0,,5.37
2023-06-13T16:00,38.5,25,0.0,14.9,951.4,85,31.1,254,48.1,0.034,0.267,506.0,,5.1
2023-06-13T17:00,35.1,33,0.0,16.3,952.6,48,31.5,264,45.9,0.037,0.267,248.0,,3.81
2023-06-13T18:00,33.8,36,0.2,16.9,953.3,84,25.3,259,43.5,0.039,0.267,123.0,,3.34
2023-06-13T19:00,32.9,40,0.5,17.7,953.6,95,23.5,265,40.9,0.046,0.267,7.0,,2.98
2023-06-13T20:00,32.1,43,0.0,17.9,954.3,98,27.3,252,38.8,0.046,0.267,0.0,,2.73
2023-06-13T21:00,31.2,47,0.0,18.5,955.2,100,26.4,250,37.1,0.046,0.267,0.0,,2.42
2023-06-13T22:00,30.3,50,0.0,18.8,955.8,98,24.7,251,35.7,0.045,0.267,0.0,,2.15
2023-06-13T23:00,29.3,55,0.0,19.3,955.9,98,23.1,252,34.4,0.045,0.267,0.0,,1.84
2023-06-14T00:00,28.3,60,0.0,19.7,955.5,99,22.1,251,33.3,0.045,0.267,0.0,,1.55
2023-06-14T01:00,27.4,65,0.0,20.2,955.2,93,20.9,255,32.2,0.045,0.267,0.0,,1.27
2023-06-14T02:00,26.7,69,0.0,20.6,954.9,94,17.7,253,31.4,0.045,0.267,0.0,,1.07
2023-06-14T03:00,26.3,72,0.0,20.9,955.1,98,14.8,247,30.6,0.045,0.267,0.0,,0.94
2023-06-14T04:00,25.9,75,0.0,21.1,955.1,100,14.2,243,30.0,0.045,0.267,0.0,,0.83
2023-06-14T05:00,26.3,74,0.0,21.4,955.2,100,12.2,236,32.2,0.034,0.266,0.0,,0.87
2023-06-14T06:00,26.6,75,0.0,21.7,955.8,98,16.6,240,31.4,0.034,0.266,16.0,,0.89
2023-06-14T07:00,27.8,69,0.0,21.7,956.6,100,23.9,249,31.7,0.034,0.266,150.0,,1.15
2023-06-14T08:00,29.4,62,0.0,21.3,956.9,94,20.5,252,32.9,0.034,0.266,291.0,,1.55
2023-06-14T09:00,31.4,52,0.0,20.3,957.2,19,20.3,250,35.5,0.034,0.266,551.0,,2.22
2023-06-14T10:00,33.5,42,0.0,19.0,957.4,35,22.4,251,38.6,0.034,0.266,753.0,,2.98
2023-06-14T11:00,34.9,38,0.0,18.4,956.9,31,24.4,256,41.3,0.034,0.266,818.0,,3.46
2023-06-14T12:00,36.3,33,0.0,17.5,956.2,14,24.9,260,43.7,0.034,0.266,850.0,,4.04
2023-06-14T13:00,37.3,30,0.0,16.8,955.2,14,25.4,263,45.8,0.034,0.266,884.0,,4.47
2023-06-14T14:00,38.0,29,0.0,16.9,954.3,84,26.0,266,47.1,0.034,0.266,816.0,,4.71
2023-06-14T15:00,38.2,29,0.0,17.0,953.7,89,25.6,260,47.5,0.034,0.266,674.0,,4.75
2023-06-14T16:00,38.2,29,0.0,16.8,953.0,48,25.8,262,47.1,0.034,0.267,517.0,,4.77
2023-06-14T17:00,36.0,33,0.0,17.0,953.7,91,26.5,258,45.2,0.035,0.267,300.0,,3.99
2023-06-14T18:00,35.1,34,0.0,17.0,954.0,22,29.0,259,43.1,0.035,0.267,110.0,,3.72
2023-06-14T19:00,33.7,37,0.0,17.1,954.9,27,29.9,260,40.8,0.035,0.267,9.0,,3.27
2023-06-14T20:00,32.6,42,0.0,18.0,955.6,84,27.9,263,38.9,0.035,0.267,0.0,,2.84
2023-06-14T21:00,31.5,46,0.0,18.4,956.2,97,26.6,261,37.3,0.035,0.267,0.0,,2.5
2023-06-14T22:00,30.0,53,0.0,19.2,956.9,94,25.8,262,35.9,0.035,0.267,0.0,,2.01
2023-06-14T23:00,28.7,57,0.0,19.4,957.1,23,23.7,260,34.5,0.035,0.267,0.0,,1.69
2023-06-15T00:00,27.7,64,0.0,20.1,956.6,61,21.1,261,33.3,0.035,0.267,0.0,,1.35
2023-06-15T01:00,27.0,68,0.0,20.5,956.2,1,20.0,262,32.2,0.035,0.267,0.0,,1.15
2023-06-15T02:00,26.3,72,0.0,20.8,955.8,2,19.0,260,31.3,0.035,0.267,0.0,,0.96
2023-06-15T03:00,25.8,75,0.0,21.0,955.6,3,15.7,261,30.5,0.035,0.267,0.0,,0.83
2023-06-15T04:00,25.5,77,0.0,21.2,955.6,8,12.8,248,29.9,0.035,0.267,0.0,,0.75
2023-06-15T05:00,25.6,77,0.0,21.3,956.0,23,10.4,250,32.1,0.031,0.266,0.0,,0.75
2023-06-15T06:00,26.3,73,0.0,21.1,956.6,36,13.2,248,31.3,0.032,0.266,15.0,,0.91
2023-06-15T07:00,27.6,66,0.0,20.8,957.2,30,21.5,252,31.6,0.032,0.266,148.0,,1.24
2023-06-15T08:00,29.5,57,0.0,20.2,957.7,39,22.1,254,33.0,0.032,0.266,327.0,,1.76
2023-06-15T09:00,31.4,49,0.0,19.4,958.0,100,22.8,254,35.1,0.032,0.266,490.0,,2.34
2023-06-15T10:00,32.9,43,0.0,18.8,957.8,33,22.5,257,37.2,0.032,0.266,528.0,,2.82
2023-06-15T11:00,34.7,37,0.0,17.9,957.4,52,22.9,262,40.3,0.031,0.266,797.0,,3.46
2023-06-15T12:00,35.6,33,0.0,16.8,956.5,20,22.3,261,42.4,0.031,0.266,754.0,,3.88
2023-06-15T13:00,36.8,30,0.0,16.4,955.4,22,22.0,265,44.8,0.031,0.266,853.0,,4.34
2023-06-15T14:00,37.9,26,0.0,14.9,954.6,29,20.9,267,46.3,0.031,0.266,758.0,,4.88
2023-06-15T15:00,38.0,25,0.0,14.5,953.6,22,23.9,265,46.7,0.031,0.266,608.0,,4.98
2023-06-15T16:00,37.4,27,0.0,15.3,953.2,45,26.0,265,46.1,0.031,0.266,459.0,,4.66
2023-06-15T17:00,35.6,33,0.0,16.9,953.8,44,29.5,271,44.9,0.032,0.266,252.0,,3.88
2023-06-15T18:00,33.8,37,0.0,17.1,954.1,49,25.9,272,42.6,0.032,0.266,111.0,,3.32
2023-06-15T19:00,33.7,35,0.0,16.1,954.8,21,20.9,272,40.5,0.032,0.266,8.0,,3.4
2023-06-15T20:00,33.1,36,0.0,16.2,955.7,18,24.9,259,38.7,0.032,0.266,0.0,,3.21
2023-06-15T21:00,32.3,39,0.0,16.6,956.1,15,25.4,254,37.2,0.032,0.266,0.0,,2.94
2023-06-15T22:00,30.1,50,0.0,18.5,956.6,15,27.1,256,35.8,0.032,0.266,0.0,,2.13
2023-06-15T23:00,29.2,51,0.0,18.0,956.6,11,24.0,251,34.5,0.032,0.266,0.0,,1.99
2023-06-16T00:00,28.1,56,0.0,18.5,956.1,9,22.3,252,33.4,0.032,0.266,0.0,,1.67
2023-06-16T01:00,27.2,61,0.0,19.1,955.6,18,19.9,253,32.3,0.032,0.266,0.0,,1.39
2023-06-16T02:00,26.4,67,0.0,19.7,955.1,9,16.8,247,31.3,0.032,0.266,0.0,,1.14
2023-06-16T03:00,25.7,71,0.0,20.1,954.9,35,14.3,242,30.4,0.032,0.266,0.0,,0.95
2023-06-16T04:00,25.3,75,0.0,20.5,954.9,2,13.7,240,29.7,0.032,0.266,0.0,,0.81
2023-06-16T05:00,25.6,76,0.0,21.1,955.2,11,13.0,246,32.4,0.025,0.266,0.0,,0.78
2023-06-16T06:00,26.1,73,0.0,20.9,955.7,7,14.5,243,31.5,0.025,0.266,16.0,,0.9
2023-06-16T07:00,27.2,68,0.0,20.8,956.5,1,17.1,245,31.7,0.025,0.266,156.0,,1.16
2023-06-16T08:00,29.0,59,0.0,20.1,956.6,0,19.2,242,33.2,0.025,0.266,367.0,,1.64
2023-06-16T09:00,31.3,49,0.0,19.3,956.6,2,23.2,244,35.6,0.025,0.266,578.0,,2.34
2023-06-16T10:00,32.9,46,0.0,19.7,956.3,12,24.8,251,38.4,0.025,0.266,753.0,,2.71
2023-06-16T11:00,35.3,38,0.0,18.7,955.7,5,24.4,254,41.4,0.025,0.266,872.0,,3.55
2023-06-16T12:00,37.1,31,0.0,17.1,954.8,26,25.9,256,44.1,0.025,0.266,939.0,,4.35
2023-06-16T13:00,38.4,28,0.0,16.5,954.2,29,29.3,256,46.0,0.025,0.266,873.0,,4.9
2023-06-16T14:00,37.8,28,0.0,16.3,953.4,10,30.3,257,46.8,0.025,0.266,766.0,,4.71
2023-06-16T15:00,38.5,27,0.0,16.3,952.5,4,27.9,255,47.2,0.025,0.266,691.0,,4.96
2023-06-16T16:00,38.1,28,0.0,16.4,952.2,13,32.3,259,46.8,0.025,0.266,547.0,,4.78
2023-06-16T17:00,36.2,33,0.1,17.4,952.9,62,26.8,259,44.6,0.026,0.267,296.0,,4.0
2023-06-16T18:00,34.1,39,0.3,18.3,953.2,51,27.8,266,42.4,0.029,0.267,95.0,,3.24
2023-06-16T19:00,33.4,41,0.0,18.4,954.0,21,29.1,255,40.3,0.03,0.267,8.0,,3.02
2023-06-16T20:00,32.0,46,0.0,19.1,955.0,15,30.9,255,38.4,0.03,0.267,0.0,,2.55
2023-06-16T21:00,30.7,51,0.0,19.4,955.8,8,30.0,257,36.8,0.03,0.267,0.0,,2.15
2023-06-16T22:00,29.5,57,0.0,20.0,956.3,4,26.2,254,35.3,0.03,0.267,0.0,,1.78
2023-06-16T23:00,28.5,62,0.0,20.4,956.3,85,23.0,250,34.1,0.03,0.267,0.0,,1.49
2023-06-17T00:00,27.7,65,0.0,20.6,955.7,98,21.2,249,33.0,0.03,0.267,0.0,,1.28
2023-06-17T01:00,27.0,68,0.0,20.7,955.3,98,19.9,248,32.1,0.03,0.267,0.0,,1.12
2023-06-17T02:00,26.5,72,0.0,21.0,954.9,99,18.8,250,31.2,0.03,0.267,0.0,,0.97
2023-06-17T03:00,26.3,74,0.0,21.2,955.2,99,20.7,253,30.6,0.03,0.267,0.0,,0.89
2023-06-17T04:00,25.9,76,0.0,21.4,955.1,87,15.5,245,30.0,0.03,0.267,0.0,,0.79
2023-06-17T05:00,26.7,71,0.0,21.1,955.4,44,12.0,254,32.3,0.022,0.266,0.0,,1.0
2023-06-17T06:00,27.2,70,0.0,21.2,956.2,99,17.7,257,31.6,0.022,0.266,15.0,,1.09
2023-06-17T07:00,28.3,66,0.0,21.2,956.6,94,21.3,259,31.9,0.022,0.266,132.0,,1.32
2023-06-17T08:00,29.5,61,0.1,21.1,956.8,100,20.0,256,33.2,0.023,0.266,296.0,,1.61
2023-06-17T09:00,30.8,55,0.0,20.7,957.0,23,19.4,259,34.4,0.023,0.266,309.0,,2.01
2023-06-17T10:00,33.2,45,0.0,19.7,956.9,28,19.2,264,37.5,0.023,0.266,635.0,,2.79
2023-06-17T11:00,34.8,40,0.0,19.4,956.4,14,18.5,262,40.8,0.023,0.266,808.0,,3.31
2023-06-17T12:00,36.5,35,0.0,18.8,955.6,15,16.3,265,44.1,0.023,0.266,912.0,,3.93
2023-06-17T13:00,38.3,30,0.0,17.7,954.5,6,18.0,269,46.8,0.022,0.266,897.0,,4.7
2023-06-17T14:00,39.0,27,0.0,16.5,953.2,10,23.1,275,48.4,0.022,0.266,842.0,,5.11
2023-06-17T15:00,39.1,25,0.0,15.6,952.4,75,23.2,283,48.9,0.022,0.266,706.0,,5.26
2023-06-17T16:00,38.8,24,0.0,14.8,951.9,60,21.4,283,48.2,0.022,0.266,494.0,,5.23
2023-06-17T17:00,36.1,31,0.0,16.5,952.9,45,21.5,291,45.9,0.022,0.265,312.0,,4.09
2023-06-17T18:00,34.3,37,0.3,17.6,953.6,97,26.6,289,43.6,0.025,0.265,117.0,,3.39
2023-06-17T19:00,33.6,39,0.0,17.6,954.2,47,23.0,271,41.2,0.025,0.265,8.0,,3.19
2023-06-17T20:00,33.1,41,0.0,17.9,955.0,39,27.8,260,39.3,0.025,0.265,0.0,,3.01
2023-06-17T21:00,31.7,47,0.0,19.0,956.0,33,30.6,267,37.7,0.025,0.265,0.0,,2.48
2023-06-17T22:00,30.2,53,0.0,19.7,956.8,17,29.7,264,36.2,0.025,0.265,0.0,,2.0
2023-06-17T23:00,29.2,57,0.0,19.8,956.6,16,27.8,266,34.9,0.025,0.265,0.0,,1.74
2023-06-18T00:00,28.2,61,0.0,20.0,956.1,13,26.6,270,33.7,0.025,0.265,0.0,,1.47
2023-06-18T01:00,27.3,65,0.0,20.1,955.6,12,23.8,270,32.6,0.025,0.265,0.0,,1.27
2023-06-18T02:00,26.7,68,0.0,20.2,955.3,79,20.9,274,31.7,0.025,0.265,0.0,,1.13
2023-06-18T03:00,26.1,71,0.0,20.4,955.0,97,18.8,273,30.9,0.025,0.265,0.0,,0.98
2023-06-18T04:00,25.8,73,0.0,20.5,954.8,99,16.9,270,30.2,0.025,0.265,0.0,,0.9
2023-06-18T05:00,26.3,72,0.0,20.8,955.6,98,15.8,282,32.6,0.02,0.267,0.0,,0.95
2023-06-18T06:00,26.6,71,0.0,20.8,956.0,68,16.7,284,31.8,0.02,0.267,15.0,,1.02
2023-06-18T07:00,27.8,65,0.0,20.7,956.6,32,20.5,285,32.0,0.02,0.267,151.0,,1.3
2023-06-18T08:00,29.5,58,0.0,20.3,956.9,63,22.0,288,33.3,0.02,0.267,325.0,,1.73
2023-06-18T09:00,30.7,53,0.0,20.0,957.2,100,21.6,288,35.0,0.02,0.267,419.0,,2.09
2023-06-18T10:00,31.6,49,0.0,19.7,957.1,36,20.2,292,36.7,0.02,0.267,468.0,,2.35
2023-06-18T11:00,33.5,43,0.0,19.3,956.7,10,16.9,286,39.7,0.02,0.267,723.0,,2.93
2023-06-18T12:00,35.4,37,0.0,18.7,955.9,12,17.1,288,43.2,0.02,0.267,900.0,,3.59
2023-06-18T13:00,36.7,34,0.0,18.1,954.8,3,18.5,294,45.8,0.02,0.267,894.0,,4.08
2023-06-18T14:00,37.6,31,0.0,17.4,953.5,6,18.3,290,47.6,0.02,0.267,832.0,,4.5
2023-06-18T15:00,38.3,28,0.0,16.3,952.7,17,19.8,289,48.3,0.02,0.267,707.0,,4.86
2023-06-18T16:00,38.4,26,0.0,15.6,952.2,46,23.8,297,47.9,0.019,0.267,520.0,,4.98
2023-06-18T17:00,35.7,32,0.0,16.4,952.7,52,21.4,290,45.7,0.021,0.263,278.0,,3.96
2023-06-18T18:00,33.5,39,0.0,17.6,953.2,42,28.1,268,43.2,0.021,0.263,103.0,,3.15
2023-06-18T19:00,32.2,42,0.0,17.7,953.9,56,26.6,271,40.7,0.021,0.263,8.0,,2.78
2023-06-18T20:00,31.7,45,0.0,18.3,954.4,79,21.5,261,38.7,0.021,0.263,0.0,,2.56
2023-06-18T21:00,31.1,48,0.0,18.7,954.9,89,26.3,268,37.1,0.021,0.263,0.0,,2.35
2023-06-18T22:00,30.9,49,0.0,19.1,955.5,97,24.6,282,35.8,0.021,0.263,0.0,,2.26
2023-06-18T23:00,29.8,55,0.0,19.7,955.5,98,24.8,289,34.7,0.021,0.263,0.0,,1.91
2023-06-19T00:00,28.8,60,0.0,20.2,955.2,83,23.0,287,33.7,0.021,0.263,0.0,,1.58
2023-06-19T01:00,28.0,64,0.0,20.4,954.8,100,21.7,289,32.7,0.021,0.263,0.0,,1.37
2023-06-19T02:00,27.3,66,0.0,20.5,954.5,96,21.0,292,31.9,0.021,0.263,0.0,,1.22
2023-06-19T03:00,26.8,69,0.0,20.6,954.1,94,19.7,294,31.2,0.021,0.263,0.0,,1.09
2023-06-19T04:00,26.3,72,0.0,20.8,954.3,96,16.9,290,30.5,0.021,0.263,0.0,,0.95
2023-06-19T05:00,26.3,73,0.0,21.1,954.5,48,16.3,295,32.5,0.02,0.265,0.0,,0.91
2023-06-19T06:00,26.4,73,0.0,21.1,955.0,89,16.8,298,31.7,0.02,0.265,15.0,,0.94
2023-06-19T07:00,27.4,68,0.0,21.0,955.7,57,21.4,303,31.8,0.02,0.265,147.0,,1.15
2023-06-19T08:00,29.2,60,0.0,20.5,956.1,87,25.8,306,33.1,0.02,0.265,346.0,,1.63
2023-06-19T09:00,31.0,52,0.0,20.1,956.1,72,25.0,306,35.3,0.02,0.265,546.0,,2.15
2023-06-19T10:00,32.9,46,0.0,19.6,956.2,19,24.6,305,38.0,0.02,0.265,733.0,,2.71
2023-06-19T11:00,34.7,38,0.0,18.5,955.6,29,22.4,303,41.1,0.02,0.265,873.0,,3.41
2023-06-19T12:00,36.4,31,0.0,16.6,955.0,9,19.8,299,44.1,0.02,0.265,940.0,,4.18
2023-06-19T13:00,37.7,27,0.0,15.4,954.0,15,18.7,300,46.6,0.02,0.265,917.0,,4.75
2023-06-19T14:00,38.5,24,0.0,14.4,952.5,15,18.8,302,48.3,0.02,0.265,845.0,,5.17
2023-06-19T15:00,39.1,22,0.0,13.3,951.4,66,20.7,309,49.0,0.02,0.265,728.0,,5.48
2023-06-19T16:00,39.0,21,0.0,12.8,950.9,100,21.9,314,48.7,0.02,0.265,552.0,,5.52
2023-06-19T17:00,37.3,28,0.0,15.8,951.1,98,25.0,313,46.9,0.024,0.266,329.0,,4.59
2023-06-19T18:00,36.5,30,0.0,16.1,951.2,91,24.2,311,44.6,0.024,0.266,117.0,,4.28
2023-06-19T19:00,35.6,31,0.0,16.0,951.6,77,28.0,307,42.3,0.024,0.266,8.0,,3.98
2023-06-19T20:00,34.5,34,0.0,16.5,952.5,72,25.9,299,40.4,0.024,0.266,0.0,,3.6
2023-06-19T21:00,33.8,36,0.0,16.5,953.2,97,23.5,297,38.8,0.024,0.266,0.0,,3.39
2023-06-19T22:00,32.9,39,0.0,16.9,953.6,63,20.5,280,37.4,0.024,0.267,0.0,,3.06
2023-06-19T23:00,30.6,50,0.0,18.9,953.5,67,27.1,293,36.1,0.024,0.267,0.0,,2.21
2023-06-20T00:00,29.2,57,0.0,19.7,953.1,67,26.1,294,34.8,0.024,0.267,0.0,,1.76
2023-06-20T01:00,28.4,60,0.0,20.0,952.8,49,25.3,296,33.7,0.024,0.267,0.0,,1.53
2023-06-20T02:00,27.7,64,0.0,20.2,952.6,63,22.9,294,32.7,0.024,0.267,0.0,,1.34
2023-06-20T03:00,27.1,66,0.0,20.2,952.6,67,21.1,295,31.8,0.024,0.267,0.0,,1.22
2023-06-20T04:00,26.5,69,0.0,20.4,952.8,65,19.3,297,31.1,0.024,0.267,0.0,,1.06
2023-06-20T05:00,26.4,72,0.0,20.9,953.5,91,19.3,303,32.9,0.016,0.27,0.0,,0.97
2023-06-20T06:00,26.5,72,0.0,21.1,954.1,100,20.1,306,32.0,0.016,0.27,15.0,,0.96
2023-06-20T07:00,27.5,69,0.0,21.2,954.6,98,20.1,306,32.1,0.016,0.27,151.0,,1.14
2023-06-20T08:00,29.2,61,0.0,20.8,955.3,100,22.5,305,33.5,0.016,0.27,359.0,,1.6
2023-06-20T09:00,31.1,52,0.0,20.0,955.3,67,22.2,306,35.7,0.016,0.27,545.0,,2.17
2023-06-20T10:00,33.1,42,0.0,18.6,955.1,62,21.0,305,38.6,0.016,0.27,752.0,,2.92
2023-06-20T11:00,34.8,35,0.0,17.2,954.6,100,19.0,299,41.8,0.016,0.27,882.0,,3.6
2023-06-20T12:00,36.1,31,0.0,16.1,953.8,87,16.5,293,44.9,0.016,0.27,947.0,,4.14
2023-06-20T13:00,37.2,27,0.0,15.3,952.8,10,16.6,294,47.5,0.016,0.27,939.0,,4.6
2023-06-20T14:00,37.9,26,0.0,14.8,951.5,92,18.1,293,49.0,0.016,0.27,855.0,,4.91
2023-06-20T15:00,38.3,25,0.0,14.8,950.8,29,17.7,294,49.7,0.016,0.27,745.0,,5.05
2023-06-20T16:00,38.4,24,0.0,14.3,950.2,54,17.6,293,49.0,0.016,0.27,516.0,,5.13
2023-06-20T17:00,37.2,28,0.0,15.4,950.9,100,16.1,294,47.1,0.024,0.267,321.0,,4.59
2023-06-20T18:00,36.6,29,0.0,15.5,950.9,100,17.3,291,45.0,0.024,0.267,132.0,,4.38
2023-06-20T19:00,36.1,28,0.0,14.8,951.6,77,21.7,294,42.7,0.024,0.267,9.0,,4.3
2023-06-20T20:00,34.6,33,0.0,15.8,952.5,84,28.7,295,40.8,0.024,0.267,0.0,,3.71
2023-06-20T21:00,33.3,39,0.0,17.4,953.5,90,27.6,294,39.1,0.024,0.267,0.0,,3.11
2023-06-20T22:00,32.0,45,0.0,18.7,954.2,96,28.3,288,37.5,0.024,0.267,0.0,,2.58
2023-06-20T23:00,30.0,55,0.0,19.9,954.1,96,29.8,293,36.1,0.024,0.267,0.0,,1.92
2023-06-21T00:00,29.1,59,0.0,20.1,953.8,98,26.6,295,34.8,0.024,0.267,0.0,,1.66
2023-06-21T01:00,28.4,60,0.0,20.0,953.7,100,24.1,297,33.8,0.024,0.267,0.0,,1.53
2023-06-21T02:00,27.7,63,0.0,20.0,953.3,94,21.4,299,32.8,0.024,0.267,0.0,,1.38
2023-06-21T03:00,27.1,66,0.0,20.1,952.9,89,20.6,299,31.9,0.024,0.267,0.0,,1.23
2023-06-21T04:00,26.6,69,0.0,20.5,953.0,99,19.7,298,31.2,0.024,0.267,0.0,,1.07
2023-06-21T05:00,26.9,69,0.0,20.8,953.3,93,18.4,301,33.0,0.028,0.268,0.0,,1.08
2023-06-21T06:00,27.0,70,0.0,21.0,954.0,97,18.7,300,32.2,0.028,0.268,14.0,,1.08
2023-06-21T07:00,27.9,67,0.0,21.1,954.7,93,20.1,303,32.3,0.028,0.268,149.0,,1.24
2023-06-21T08:00,29.6,59,0.0,20.7,955.4,96,21.7,302,33.6,0.028,0.268,338.0,,1.7
2023-06-21T09:00,31.1,52,0.0,20.2,956.0,100,19.8,299,35.8,0.029,0.268,512.0,,2.16
2023-06-21T10:00,32.8,47,0.0,19.8,955.9,98,17.4,300,39.0,0.029,0.268,736.0,,2.65
2023-06-21T11:00,34.4,39,0.0,18.3,955.2,84,17.1,292,42.0,0.028,0.268,820.0,,3.32
2023-06-21T12:00,36.0,33,0.0,17.0,954.4,100,16.9,290,45.1,0.028,0.268,936.0,,3.99
2023-06-21T13:00,36.8,30,0.0,16.5,953.2,99,16.9,294,47.2,0.028,0.268,844.0,,4.33
2023-06-21T14:00,38.0,28,0.0,16.3,952.3,90,19.3,297,48.8,0.028,0.268,848.0,,4.75
2023-06-21T15:00,37.9,28,0.0,16.3,951.5,100,21.3,296,49.0,0.028,0.268,682.0,,4.72
2023-06-21T16:00,37.9,28,0.0,16.5,951.1,100,19.1,292,48.5,0.028,0.268,521.0,,4.72
2023-06-21T17:00,36.7,31,0.0,16.8,951.1,100,22.1,294,46.8,0.024,0.268,307.0,,4.25
2023-06-21T18:00,35.8,32,0.0,16.6,951.5,100,24.7,307,44.5,0.024,0.268,112.0,,3.97
2023-06-21T19:00,35.0,34,0.0,16.7,952.4,100,22.1,282,42.2,0.024,0.268,10.0,,3.73
2023-06-21T20:00,32.9,41,0.0,17.8,953.8,100,27.8,280,40.2,0.024,0.268,0.0,,2.96
2023-06-21T21:00,32.7,42,0.0,18.1,954.3,98,28.7,285,38.5,0.024,0.268,0.0,,2.86
2023-06-21T22:00,31.9,45,0.0,18.6,954.7,83,27.0,286,37.1,0.024,0.268,0.0,,2.58
2023-06-21T23:00,30.9,49,0.0,18.9,954.7,96,25.7,285,36.0,0.024,0.268,0.0,,2.29
2023-06-22T00:00,29.8,53,0.0,19.1,954.6,45,24.0,279,34.9,0.024,0.268,0.0,,1.97
2023-06-22T01:00,28.9,57,0.0,19.5,954.1,94,21.3,282,33.9,0.024,0.268,0.0,,1.72
2023-06-22T02:00,28.2,61,0.0,19.9,953.8,73,20.2,286,33.0,0.024,0.268,0.0,,1.49
2023-06-22T03:00,27.5,64,0.0,20.1,953.6,77,18.8,282,32.2,0.024,0.268,0.0,,1.32
2023-06-22T04:00,27.0,66,0.0,20.2,953.6,83,18.0,286,31.4,0.024,0.268,0.0,,1.19
2023-06-22T05:00,27.8,64,0.0,20.3,954.6,100,15.2,274,33.7,0.026,0.266,0.0,,1.34
2023-06-22T06:00,27.8,64,0.0,20.3,955.3,100,16.4,289,32.9,0.026,0.266,12.0,,1.35
2023-06-22T07:00,28.4,61,0.0,20.3,955.7,100,19.2,296,32.9,0.026,0.266,133.0,,1.49
2023-06-22T08:00,29.5,58,0.0,20.3,956.1,100,20.2,301,34.2,0.026,0.266,335.0,,1.74
2023-06-22T09:00,31.1,52,0.0,19.9,956.4,100,21.3,304,36.1,0.026,0.266,509.0,,2.18
2023-06-22T10:00,32.3,46,0.0,19.2,956.1,100,19.9,305,38.1,0.026,0.266,568.0,,2.6
2023-06-22T11:00,34.0,39,0.0,18.1,955.4,100,19.8,307,40.6,0.026,0.266,717.0,,3.23
2023-06-22T12:00,35.3,34,0.0,17.2,954.6,100,17.4,297,43.1,0.026,0.266,781.0,,3.76
2023-06-22T13:00,35.9,32,0.0,16.4,953.5,100,16.0,293,45.0,0.026,0.266,728.0,,4.04
2023-06-22T14:00,36.8,29,0.0,15.8,952.4,100,16.6,294,46.5,0.026,0.266,707.0,,4.41
2023-06-22T15:00,37.5,27,0.0,15.3,951.5,100,16.7,295,47.0,0.026,0.266,584.0,,4.71
2023-06-22T16:00,37.8,25,0.0,14.7,950.9,97,17.4,292,46.8,0.025,0.266,467.0,,4.89
2023-06-22T17:00,36.5,28,0.0,14.9,951.3,99,20.6,313,47.2,0.028,0.267,260.0,,4.42
2023-06-22T18:00,35.9,28,0.0,14.3,951.6,98,16.4,320,44.8,0.028,0.267,131.0,,4.28
2023-06-22T19:00,36.0,26,0.0,13.7,952.2,100,12.9,324,42.6,0.028,0.267,9.0,,4.37
2023-06-22T20:00,35.4,28,0.0,14.2,952.9,100,20.7,287,40.8,0.028,0.267,0.0,,4.12
2023-06-22T21:00,34.0,34,0.0,16.1,953.7,100,26.6,271,39.3,0.028,0.267,0.0,,3.47
2023-06-22T22:00,32.9,39,0.0,17.3,954.3,100,26.6,271,38.0,0.028,0.267,0.0,,3.03
2023-06-22T23:00,31.1,48,0.0,19.0,954.2,100,27.0,269,36.6,0.028,0.267,0.0,,2.33
2023-06-23T00:00,29.7,55,0.0,19.7,954.0,100,25.2,267,35.4,0.028,0.267,0.0,,1.87
2023-06-23T01:00,28.9,58,0.0,19.9,954.1,100,22.5,277,34.2,0.028,0.267,0.0,,1.65
2023-06-23T02:00,28.2,61,0.0,20.1,953.7,87,22.2,287,33.3,0.028,0.267,0.0,,1.48
2023-06-23T03:00,27.7,64,0.0,20.2,953.7,94,19.6,290,32.5,0.028,0.267,0.0,,1.34
2023-06-23T04:00,27.1,66,0.0,20.3,953.6,17,18.9,294,31.7,0.028,0.267,0.0,,1.2
2023-06-23T05:00,27.3,67,0.0,20.7,954.1,93,15.4,286,32.6,0.028,0.267,0.0,,1.19
2023-06-23T06:00,27.4,67,0.0,20.8,954.3,100,15.0,281,31.9,0.028,0.267,14.0,,1.2
2023-06-23T07:00,28.1,65,0.0,20.8,954.7,81,15.5,283,32.2,0.028,0.267,133.0,,1.35
2023-06-23T08:00,29.8,58,0.0,20.6,955.5,55,18.1,287,33.8,0.028,0.267,335.0,,1.76
2023-06-23T09:00,30.9,54,0.0,20.6,955.5,79,16.8,285,36.1,0.028,0.267,502.0,,2.04
2023-06-23T10:00,32.5,48,0.0,20.2,955.4,12,15.4,286,39.2,0.029,0.267,719.0,,2.52
2023-06-23T11:00,34.2,42,0.0,19.4,955.1,35,14.6,286,42.4,0.029,0.267,822.0,,3.12
2023-06-23T12:00,35.5,36,0.0,18.4,954.5,90,12.8,286,45.4,0.029,0.267,885.0,,3.67
2023-06-23T13:00,36.7,33,0.0,17.6,953.4,100,13.1,279,47.9,0.029,0.267,873.0,,4.14
2023-06-23T14:00,37.5,30,0.0,17.2,952.1,100,15.5,273,49.4,0.029,0.267,802.0,,4.49
2023-06-23T15:00,37.9,29,0.0,16.7,951.2,99,16.2,267,50.0,0.029,0.267,715.0,,4.69
2023-06-23T16:00,37.5,29,0.0,16.4,950.7,100,15.9,266,49.2,0.029,0.267,467.0,,4.58
2023-06-23T17:00,36.1,32,0.0,17.1,951.2,100,14.8,276,47.6,0.031,0.266,181.0,,4.03
2023-06-23T18:00,32.1,47,0.1,19.3,952.1,100,28.0,250,44.8,0.033,0.266,94.0,,2.54
2023-06-23T19:00,33.0,40,0.0,17.7,952.9,100,23.2,257,42.2,0.033,0.266,8.0,,3.01
2023-06-23T20:00,30.6,52,0.1,19.5,953.5,100,26.0,266,39.9,0.035,0.266,0.0,,2.12
2023-06-23T21:00,30.1,55,0.0,20.1,953.9,100,21.8,261,38.0,0.035,0.267,0.0,,1.91
2023-06-23T22:00,29.4,59,0.0,20.6,954.5,100,21.1,256,36.5,0.035,0.267,0.0,,1.68
2023-06-23T23:00,29.3,61,0.0,21.0,954.8,100,20.1,249,35.3,0.035,0.267,0.0,,1.58
2023-06-24T00:00,27.5,68,0.6,21.0,954.4,100,18.9,239,34.2,0.042,0.267,0.0,,1.19
2023-06-24T01:00,26.0,77,2.1,21.6,953.7,100,14.8,229,32.7,0.071,0.267,0.0,,0.78
2023-06-24T02:00,26.5,74,0.5,21.5,952.8,100,16.2,270,31.7,0.078,0.267,0.0,,0.9
2023-06-24T03:00,26.4,76,0.4,21.8,952.8,95,12.4,248,31.0,0.084,0.267,0.0,,0.83
2023-06-24T04:00,26.2,76,0.0,21.7,952.6,84,15.0,253,30.5,0.084,0.267,0.0,,0.81
2023-06-24T05:00,26.6,76,0.0,22.0,952.3,82,10.1,243,31.8,0.075,0.26,0.0,,0.84
2023-06-24T06:00,26.9,73,0.0,21.7,953.0,100,14.3,245,31.2,0.074,0.26,13.0,,0.95
2023-06-24T07:00,27.6,70,0.0,21.7,953.2,94,14.0,252,31.3,0.074,0.26,103.0,,1.09
2023-06-24T08:00,28.5,66,0.1,21.6,953.8,98,13.7,267,32.5,0.073,0.26,316.0,,1.31
2023-06-24T09:00,29.7,63,0.1,21.9,953.9,100,13.0,264,34.0,0.073,0.26,417.0,,1.53
2023-06-24T10:00,31.2,58,0.0,21.9,953.7,100,10.4,270,36.3,0.07,0.26,601.0,,1.92
2023-06-24T11:00,31.4,54,0.0,21.1,953.3,100,6.4,286,36.6,0.069,0.26,289.0,,2.09
2023-06-24T12:00,28.8,63,1.4,21.1,953.0,100,17.9,322,36.7,0.086,0.26,269.0,,1.45
2023-06-24T13:00,28.4,65,0.3,21.1,952.2,100,13.0,3,36.0,0.088,0.26,236.0,,1.37
2023-06-24T14:00,30.0,59,0.0,21.2,951.5,99,8.4,340,36.7,0.086,0.26,425.0,,1.71
2023-06-24T15:00,29.8,60,0.0,21.3,950.7,100,9.7,292,37.3,0.083,0.26,458.0,,1.66
2023-06-24T16:00,29.7,60,0.7,21.1,951.1,100,17.7,246,38.0,0.09,0.26,503.0,,1.66
2023-06-24T17:00,25.7,80,2.3,21.9,952.0,100,14.5,256,33.6,0.18,0.267,187.0,,0.67
2023-06-24T18:00,25.4,83,3.9,22.3,952.7,100,8.4,277,31.8,0.233,0.267,24.0,,0.55
2023-06-24T19:00,25.5,83,2.5,22.4,953.1,100,15.9,264,30.3,0.266,0.267,1.0,,0.54
2023-06-24T20:00,25.3,88,3.3,23.2,953.6,100,14.4,269,29.3,0.312,0.267,0.0,,0.39
2023-06-24T21:00,25.4,89,3.3,23.5,954.1,100,13.5,261,28.7,0.357,0.267,0.0,,0.36
2023-06-24T22:00,25.1,88,2.1,23.0,954.4,100,15.7,254,28.2,0.385,0.267,0.0,,0.37
2023-06-24T23:00,24.8,88,1.2,22.7,954.1,100,13.5,254,27.9,0.401,0.268,0.0,,0.37
2023-06-25T00:00,24.6,88,1.1,22.5,953.4,100,13.1,261,27.6,0.414,0.268,0.0,,0.37
2023-06-25T01:00,24.5,89,0.6,22.6,952.3,100,15.9,265,27.4,0.42,0.268,0.0,,0.33
2023-06-25T02:00,24.4,90,0.3,22.6,951.5,100,14.1,274,27.3,0.423,0.269,0.0,,0.31
2023-06-25T03:00,24.4,91,0.8,22.7,951.1,100,13.7,275,27.2,0.432,0.269,0.0,,0.29
2023-06-25T04:00,24.4,91,0.2,22.9,951.1,100,11.2,255,27.1,0.432,0.27,0.0,,0.27
2023-06-25T05:00,24.4,89,0.1,22.5,952.1,100,11.4,257,28.2,0.488,0.302,0.0,,0.34
2023-06-25T06:00,24.6,91,0.1,23.0,952.7,100,9.6,236,27.8,0.48,0.304,11.0,,0.27
2023-06-25T07:00,25.7,82,0.1,22.4,953.1,100,19.6,253,28.0,0.474,0.307,133.0,,0.58
2023-06-25T08:00,26.4,80,0.1,22.7,953.7,100,18.4,253,28.6,0.468,0.308,281.0,,0.67
2023-06-25T09:00,27.8,76,0.0,23.1,954.1,100,16.3,264,29.8,0.46,0.31,483.0,,0.91
2023-06-25T10:00,28.9,69,0.0,22.8,954.0,100,16.3,278,31.0,0.451,0.31,595.0,,1.22
2023-06-25T11:00,29.6,66,0.0,22.6,953.8,100,16.2,283,32.0,0.441,0.311,686.0,,1.4
2023-06-25T12:00,29.6,64,0.0,22.1,953.1,100,18.8,290,32.4,0.433,0.312,570.0,,1.49
2023-06-25T13:00,25.1,83,3.8,22.0,952.4,100,11.7,313,31.1,0.479,0.313,212.0,,0.53
2023-06-25T14:00,26.3,81,0.2,22.8,951.5,100,9.4,302,30.6,0.473,0.315,187.0,,0.64
2023-06-25T15:00,27.6,76,0.2,22.9,951.4,100,16.6,271,30.7,0.468,0.316,273.0,,0.89
2023-06-25T16:00,26.3,82,1.7,22.9,951.2,100,17.1,292,30.1,0.483,0.318,173.0,,0.63
2023-06-25T17:00,26.6,82,0.4,23.2,951.8,100,9.0,268,30.6,0.451,0.315,140.0,,0.64
2023-06-25T18:00,26.4,83,0.3,23.2,952.4,100,9.6,257,29.8,0.451,0.316,34.0,,0.6
2023-06-25T19:00,26.2,84,0.1,23.3,953.0,100,9.2,259,29.1,0.449,0.317,2.0,,0.54
2023-06-25T20:00,26.4,81,0.0,22.9,953.5,100,10.0,257,28.6,0.447,0.318,0.0,,0.65
2023-06-25T21:00,26.5,80,0.0,22.7,954.3,100,11.8,239,28.3,0.444,0.318,0.0,,0.69
2023-06-25T22:00,26.3,77,0.0,22.0,954.9,100,16.3,252,27.9,0.442,0.319,0.0,,0.78
2023-06-25T23:00,25.7,78,0.0,21.6,954.4,100,16.9,258,27.6,0.439,0.319,0.0,,0.72
2023-06-26T00:00,25.2,80,0.0,21.6,953.7,100,16.3,264,27.3,0.437,0.32,0.0,,0.63
2023-06-26T01:00,24.9,83,0.0,21.8,953.1,100,15.8,258,27.0,0.434,0.32,0.0,,0.54
2023-06-26T02:00,24.5,85,0.0,21.9,952.9,100,15.1,258,26.8,0.433,0.321,0.0,,0.45
2023-06-26T03:00,24.3,86,0.0,21.8,952.7,100,15.3,262,26.6,0.431,0.321,0.0,,0.42
2023-06-26T04:00,24.2,86,0.0,21.8,953.0,100,15.2,263,26.4,0.429,0.322,0.0,,0.41
2023-06-26T05:00,24.8,85,0.2,22.1,953.5,100,13.4,262,28.4,0.428,0.321,0.0,,0.46
2023-06-26T06:00,25.0,86,0.0,22.4,954.2,100,14.3,258,27.8,0.427,0.321,7.0,,0.46
2023-06-26T07:00,25.6,82,0.0,22.3,954.7,100,19.0,260,27.7,0.424,0.322,94.0,,0.58
2023-06-26T08:00,26.6,78,0.0,22.4,955.2,100,19.1,266,28.2,0.421,0.322,241.0,,0.78
2023-06-26T09:00,27.0,75,0.0,22.3,955.3,100,18.0,270,28.4,0.418,0.322,206.0,,0.88
2023-06-26T10:00,27.5,72,0.0,22.1,955.5,100,20.2,271,28.7,0.414,0.322,263.0,,1.02
2023-06-26T11:00,28.1,69,0.0,21.9,955.3,100,21.1,261,29.2,0.41,0.323,332.0,,1.17
2023-06-26T12:00,28.7,66,0.0,21.7,954.8,100,20.5,259,29.6,0.405,0.323,387.0,,1.33
2023-06-26T13:00,29.4,62,0.0,21.5,954.1,100,25.2,279,30.4,0.399,0.323,532.0,,1.54
2023-06-26T14:00,26.8,75,0.5,21.9,953.2,100,12.0,291,29.7,0.403,0.323,164.0,,0.89
2023-06-26T15:00,26.8,77,0.3,22.5,952.8,100,14.7,338,29.5,0.405,0.323,177.0,,0.8
2023-06-26T16:00,26.5,80,0.5,22.7,952.5,100,12.5,316,29.1,0.408,0.323,147.0,,0.7
2023-06-26T17:00,28.0,72,0.2,22.6,952.3,100,13.6,307,28.6,0.413,0.325,82.0,,1.05
2023-06-26T18:00,28.0,70,0.0,22.1,952.7,100,18.6,292,28.4,0.41,0.325,97.0,,1.12
2023-06-26T19:00,26.6,73,0.0,21.4,953.1,100,18.9,284,27.7,0.408,0.325,10.0,,0.94
2023-06-26T20:00,26.1,77,0.0,21.7,954.1,100,15.8,287,27.3,0.407,0.325,0.0,,0.79
2023-06-26T21:00,25.8,77,0.0,21.5,954.6,100,15.1,273,26.9,0.406,0.325,0.0,,0.76
2023-06-26T22:00,25.6,79,0.0,21.6,954.9,100,15.5,271,26.6,0.404,0.325,0.0,,0.69
2023-06-26T23:00,25.2,81,0.0,21.6,954.9,100,15.1,267,26.4,0.403,0.326,0.0,,0.62
2023-06-27T00:00,24.8,83,0.0,21.7,954.2,100,12.7,263,26.2,0.402,0.326,0.0,,0.54
2023-06-27T01:00,24.5,84,0.0,21.6,953.6,100,14.8,266,26.0,0.401,0.326,0.0,,0.49
2023-06-27T02:00,24.3,85,0.0,21.6,953.0,100,13.8,261,25.8,0.401,0.326,0.0,,0.46
2023-06-27T03:00,24.2,86,0.1,21.8,952.7,100,12.8,260,25.7,0.401,0.326,0.0,,0.41
2023-06-27T04:00,24.0,88,0.1,21.9,952.8,100,12.8,259,25.6,0.401,0.326,0.0,,0.36
2023-06-27T05:00,24.6,86,0.1,22.1,953.0,100,12.6,250,27.5,0.403,0.326,0.0,,0.43
2023-06-27T06:00,24.7,86,0.0,22.3,953.5,100,13.1,249,27.0,0.402,0.326,11.0,,0.43
2023-06-27T07:00,25.4,82,0.1,22.2,954.1,100,19.4,259,27.0,0.402,0.326,97.0,,0.57
2023-06-27T08:00,26.5,78,0.1,22.5,954.6,100,20.9,268,27.6,0.399,0.327,269.0,,0.74
2023-06-27T09:00,27.0,75,0.0,22.3,955.0,100,18.1,265,27.8,0.397,0.327,223.0,,0.88
2023-06-27T10:00,28.8,69,0.0,22.5,955.0,100,18.8,266,29.0,0.391,0.327,501.0,,1.23
2023-06-27T11:00,30.0,64,0.0,22.4,954.9,100,20.9,274,30.3,0.384,0.327,692.0,,1.53
2023-06-27T12:00,30.3,62,0.0,22.2,954.3,100,20.6,275,31.1,0.377,0.327,690.0,,1.65
2023-06-27T13:00,30.5,59,0.0,21.7,953.7,99,23.4,284,32.2,0.368,0.327,838.0,,1.77
2023-06-27T14:00,30.6,61,0.1,22.1,952.6,100,18.7,281,32.0,0.363,0.327,482.0,,1.73
2023-06-27T15:00,31.0,58,0.0,21.7,952.4,100,25.1,282,32.2,0.356,0.327,609.0,,1.89
2023-06-27T16:00,26.6,78,0.1,22.5,952.1,100,15.1,327,31.3,0.353,0.327,266.0,,0.77
2023-06-27T17:00,25.0,83,0.1,22.0,953.1,100,10.6,298,29.1,0.454,0.311,201.0,,0.52
2023-06-27T18:00,25.0,87,0.9,22.7,953.1,100,9.8,262,28.3,0.463,0.312,78.0,,0.41
2023-06-27T19:00,24.8,90,0.4,23.0,953.5,100,7.1,240,27.6,0.464,0.313,7.0,,0.32
2023-06-27T20:00,25.0,90,0.1,23.2,954.1,100,7.4,256,27.1,0.462,0.315,0.0,,0.32
2023-06-27T21:00,25.2,87,0.0,22.8,955.0,100,10.7,256,26.8,0.459,0.316,0.0,,0.42
2023-06-27T22:00,25.1,87,0.0,22.8,955.4,100,11.2,249,26.5,0.456,0.317,0.0,,0.41
2023-06-27T23:00,25.0,88,0.0,22.8,955.5,100,10.3,241,26.4,0.453,0.318,0.0,,0.39
2023-06-28T00:00,24.8,86,0.0,22.4,955.0,100,13.9,245,26.2,0.45,0.318,0.0,,0.43
2023-06-28T01:00,24.4,87,0.0,22.1,954.4,100,13.4,250,26.0,0.448,0.319,0.0,,0.4
2023-06-28T02:00,24.2,88,0.0,22.0,953.8,100,13.7,247,25.8,0.445,0.32,0.0,,0.37
2023-06-28T03:00,24.1,88,0.0,22.0,953.9,100,12.2,246,25.6,0.443,0.32,0.0,,0.35
2023-06-28T04:00,24.0,89,0.0,22.0,954.1,100,11.6,234,25.5,0.441,0.321,0.0,,0.33
2023-06-28T05:00,23.9,91,0.0,22.4,954.2,100,10.8,217,26.7,0.442,0.32,0.0,,0.26
2023-06-28T06:00,24.3,89,0.1,22.4,955.0,100,13.2,225,26.4,0.441,0.32,7.0,,0.32
2023-06-28T07:00,24.7,86,0.1,22.2,955.3,99,16.4,230,26.3,0.44,0.321,59.0,,0.44
2023-06-28T08:00,25.5,83,0.0,22.4,955.8,100,17.6,235,26.8,0.437,0.321,202.0,,0.56
2023-06-28T09:00,26.6,77,0.0,22.2,956.1,99,20.0,244,27.4,0.433,0.322,284.0,,0.8
2023-06-28T10:00,28.3,70,0.0,22.2,956.3,100,17.9,248,28.6,0.427,0.322,512.0,,1.17
2023-06-28T11:00,29.2,67,0.0,22.5,956.2,100,18.4,253,29.8,0.419,0.322,616.0,,1.31
2023-06-28T12:00,29.4,67,0.1,22.6,955.0,100,17.1,248,30.3,0.414,0.323,504.0,,1.35
2023-06-28T13:00,28.8,70,1.4,22.9,954.3,100,26.9,232,31.2,0.424,0.323,678.0,,1.18
2023-06-28T14:00,28.5,73,1.1,23.3,953.4,100,19.3,249,31.3,0.431,0.323,628.0,,1.04
2023-06-28T15:00,29.3,73,0.2,23.9,953.2,100,19.2,257,31.6,0.427,0.324,581.0,,1.11
2023-06-28T16:00,28.3,73,3.2,23.1,952.8,100,17.4,243,31.1,0.464,0.324,442.0,,1.03
2023-06-28T17:00,28.1,70,0.1,22.1,953.2,100,23.5,264,29.8,0.425,0.326,97.0,,1.13
2023-06-28T18:00,27.1,76,0.0,22.6,953.9,100,20.0,256,29.0,0.423,0.326,87.0,,0.85
2023-06-28T19:00,26.1,81,0.0,22.5,954.4,100,19.8,251,28.2,0.421,0.327,9.0,,0.65
2023-06-28T20:00,25.6,84,0.0,22.6,955.0,100,18.0,250,27.5,0.419,0.327,0.0,,0.54
2023-06-28T21:00,25.2,84,0.0,22.4,955.5,100,17.3,249,27.0,0.418,0.327,0.0,,0.5
2023-06-28T22:00,24.8,86,0.0,22.3,956.1,100,16.6,248,26.7,0.417,0.327,0.0,,0.45
2023-06-28T23:00,24.6,86,0.0,22.1,956.5,100,14.8,241,26.3,0.416,0.327,0.0,,0.42
2023-06-29T00:00,24.3,87,0.0,22.0,955.9,100,15.8,240,26.1,0.415,0.328,0.0,,0.39
2023-06-29T01:00,24.0,88,0.0,21.9,955.1,100,16.8,235,25.9,0.414,0.328,0.0,,0.36
2023-06-29T02:00,23.9,88,0.0,21.8,954.3,100,13.7,235,25.7,0.413,0.328,0.0,,0.35
2023-06-29T03:00,23.8,88,0.0,21.7,953.9,100,12.5,237,25.5,0.412,0.328,0.0,,0.34
2023-06-29T04:00,23.7,89,0.0,21.8,954.1,100,11.2,230,25.3,0.411,0.328,0.0,,0.32
2023-06-29T05:00,24.3,87,0.0,22.0,954.6,100,15.1,242,26.8,0.413,0.328,0.0,,0.39
2023-06-29T06:00,24.5,87,0.0,22.2,955.1,100,14.0,244,26.4,0.412,0.328,7.0,,0.4
2023-06-29T07:00,25.2,83,0.0,22.1,955.7,100,15.9,252,26.4,0.41,0.329,64.0,,0.55
2023-06-29T08:00,25.9,80,0.0,22.1,956.0,100,19.8,254,26.7,0.409,0.329,147.0,,0.68
2023-06-29T09:00,27.5,72,0.0,22.1,956.3,100,23.2,264,27.8,0.404,0.329,442.0,,1.01
2023-06-29T10:00,28.7,67,0.1,21.9,956.5,100,23.1,267,28.9,0.399,0.329,554.0,,1.31
2023-06-29T11:00,29.7,66,0.0,22.6,955.9,100,21.7,265,30.2,0.391,0.329,737.0,,1.42
2023-06-29T12:00,30.5,62,0.0,22.5,955.3,99,22.1,263,31.4,0.383,0.329,834.0,,1.64
2023-06-29T13:00,31.0,59,0.0,22.0,954.3,100,26.2,261,32.2,0.373,0.329,847.0,,1.86
2023-06-29T14:00,30.6,58,0.0,21.5,953.4,100,31.7,267,32.2,0.365,0.329,651.0,,1.83
2023-06-29T15:00,29.6,67,1.3,22.9,953.1,100,19.0,289,31.5,0.379,0.329,392.0,,1.35
2023-06-29T16:00,29.8,60,0.0,21.3,952.6,100,28.2,265,31.2,0.374,0.329,391.0,,1.66
2023-06-29T17:00,29.5,61,0.5,21.3,953.0,100,23.4,266,30.6,0.361,0.329,259.0,,1.59
2023-06-29T18:00,28.0,68,0.0,21.6,953.6,99,18.3,260,29.7,0.359,0.329,116.0,,1.2
2023-06-29T19:00,27.0,72,0.0,21.6,954.2,100,16.7,256,28.6,0.357,0.329,12.0,,0.99
2023-06-29T20:00,26.2,77,0.0,21.9,955.3,100,16.9,250,27.9,0.356,0.329,0.0,,0.77
2023-06-29T21:00,25.5,81,0.0,22.1,956.1,100,18.1,235,27.3,0.355,0.329,0.0,,0.61
2023-06-29T22:00,25.1,82,0.0,21.9,956.6,86,19.8,237,26.9,0.354,0.329,0.0,,0.56
2023-06-29T23:00,24.4,84,0.0,21.6,956.4,99,18.7,242,26.4,0.354,0.33,0.0,,0.48
2023-06-30T00:00,24.1,86,0.0,21.6,955.8,100,15.5,239,26.1,0.353,0.33,0.0,,0.42
2023-06-30T01:00,24.3,86,0.0,21.7,955.5,100,16.0,239,25.9,0.353,0.33,0.0,,0.43
2023-06-30T02:00,24.1,86,0.0,21.7,954.8,100,15.7,238,25.7,0.352,0.33,0.0,,0.41
2023-06-30T03:00,24.0,86,0.0,21.6,954.5,100,17.0,238,25.6,0.352,0.33,0.0,,0.4
2023-06-30T04:00,23.8,87,0.0,21.6,954.4,100,16.9,241,25.4,0.351,0.33,0.0,,0.38
2023-06-30T05:00,24.2,86,0.0,21.6,954.3,100,21.1,245,26.6,0.353,0.33,0.0,,0.43
2023-06-30T06:00,24.3,85,0.0,21.7,955.1,100,18.4,242,26.2,0.352,0.33,11.0,,0.45
2023-06-30T07:00,25.4,80,0.0,21.7,955.7,100,19.9,248,26.3,0.351,0.33,113.0,,0.64
2023-06-30T08:00,26.7,75,0.0,21.9,956.2,100,26.2,252,27.2,0.348,0.33,325.0,,0.86
2023-06-30T09:00,27.6,71,0.0,21.8,956.3,100,26.3,253,27.8,0.344,0.33,348.0,,1.08
2023-06-30T10:00,28.9,65,0.0,21.8,956.5,100,26.5,252,28.8,0.339,0.33,524.0,,1.38
2023-06-30T11:00,29.6,63,0.2,21.7,956.3,94,27.7,254,30.0,0.334,0.33,672.0,,1.54
2023-06-30T12:00,30.7,62,0.1,22.5,955.8,100,26.3,253,31.3,0.326,0.33,900.0,,1.69
2023-06-30T13:00,29.3,66,1.2,22.2,955.0,100,31.5,254,32.2,0.333,0.33,891.0,,1.4
2023-06-30T14:00,30.8,62,0.1,22.5,953.6,100,23.1,259,32.1,0.328,0.33,555.0,,1.7
2023-06-30T15:00,30.6,62,1.1,22.6,953.1,100,25.5,257,32.2,0.336,0.33,675.0,,1.66
2023-06-30T16:00,27.6,74,1.7,22.6,952.9,100,21.3,296,31.5,0.355,0.33,435.0,,0.95
2023-06-30T17:00,28.7,66,0.0,21.8,952.9,100,17.8,278,30.5,0.308,0.33,229.0,,1.33
2023-06-30T18:00,28.0,69,0.0,21.9,953.1,100,17.2,260,29.6,0.306,0.33,111.0,,1.15
2023-06-30T19:00,26.9,74,0.0,22.0,953.6,100,18.2,252,28.7,0.304,0.33,11.0,,0.91
2023-06-30T20:00,26.0,78,0.0,21.8,954.8,95,21.2,255,27.9,0.303,0.33,0.0,,0.75
2023-06-30T21:00,25.5,81,0.0,22.0,955.3,100,16.2,249,27.3,0.303,0.33,0.0,,0.62
2023-06-30T22:00,25.3,82,0.0,22.1,955.6,100,16.3,242,26.9,0.302,0.33,0.0,,0.56
2023-06-30T23:00,24.9,85,0.0,22.1,955.9,100,15.3,236,26.5,0.302,0.33,0.0,,0.48
2023-07-01T00:00,24.4,87,0.0,22.1,955.4,100,14.6,230,26.2,0.301,0.33,0.0,,0.4
2023-07-01T01:00,24.2,88,0.0,22.1,955.0,100,14.1,230,26.0,0.301,0.33,0.0,,0.37
2023-07-01T02:00,23.9,89,0.0,22.0,954.5,100,15.1,232,25.7,0.3,0.33,0.0,,0.33
2023-07-01T03:00,23.7,90,0.0,21.9,954.1,100,14.7,234,25.5,0.3,0.33,0.0,,0.3
2023-07-01T04:00,23.7,89,0.0,21.7,954.2,100,15.6,230,25.3,0.3,0.33,0.0,,0.33
2023-07-01T05:00,24.1,89,0.0,22.2,953.8,100,13.6,230,27.6,0.299,0.328,0.0,,0.33
2023-07-01T06:00,24.7,87,0.0,22.4,955.4,100,14.0,222,27.0,0.298,0.328,11.0,,0.39
2023-07-01T07:00,25.5,83,0.0,22.4,955.9,71,18.2,232,27.0,0.297,0.328,122.0,,0.55
2023-07-01T08:00,26.7,77,0.0,22.3,956.7,100,20.1,243,27.8,0.294,0.328,338.0,,0.81
2023-07-01T09:00,28.2,69,0.0,22.1,956.8,99,22.0,249,28.9,0.29,0.328,519.0,,1.17
2023-07-01T10:00,29.0,68,0.0,22.5,957.0,99,22.0,255,30.2,0.284,0.328,667.0,,1.29
2023-07-01T11:00,30.4,62,0.0,22.3,956.9,30,22.2,262,31.5,0.277,0.328,793.0,,1.64
2023-07-01T12:00,31.6,58,0.0,22.3,956.4,71,22.4,264,32.7,0.268,0.328,890.0,,1.95
2023-07-01T13:00,32.0,55,0.0,21.9,955.2,100,24.5,270,33.4,0.26,0.328,799.0,,2.12
2023-07-01T14:00,30.9,56,0.0,21.1,954.5,79,27.0,272,32.8,0.254,0.328,407.0,,1.96
2023-07-01T15:00,31.5,58,0.8,22.1,954.0,41,24.4,261,33.0,0.259,0.328,625.0,,1.96
2023-07-01T16:00,27.7,73,0.4,22.4,954.0,59,22.9,303,32.3,0.26,0.328,423.0,,1.0
2023-07-01T17:00,30.8,55,0.0,20.6,953.8,45,26.0,280,31.2,0.264,0.329,213.0,,2.0
2023-07-01T18:00,29.1,64,0.0,21.5,954.1,79,20.6,297,30.3,0.262,0.329,125.0,,1.46
2023-07-01T19:00,27.9,68,0.0,21.3,955.0,68,17.8,288,29.2,0.26,0.329,11.0,,1.21
2023-07-01T20:00,27.2,71,0.0,21.5,956.3,53,16.6,272,28.3,0.259,0.329,0.0,,1.03
2023-07-01T21:00,26.6,73,0.0,21.4,957.0,79,15.9,264,27.7,0.258,0.329,0.0,,0.94
2023-07-01T22:00,25.9,77,0.0,21.6,957.7,45,15.5,257,27.1,0.258,0.329,0.0,,0.77
2023-07-01T23:00,25.3,81,0.0,21.7,957.6,91,14.1,255,26.7,0.257,0.329,0.0,,0.62
2023-07-02T00:00,24.7,84,0.0,21.8,956.8,96,13.3,251,26.3,0.257,0.329,0.0,,0.51
2023-07-02T01:00,24.3,86,0.0,21.9,956.0,88,13.1,249,26.0,0.256,0.329,0.0,,0.42
2023-07-02T02:00,24.0,88,0.0,21.9,955.2,23,14.2,243,25.8,0.256,0.329,0.0,,0.35
2023-07-02T03:00,23.8,89,0.0,21.8,954.8,5,14.9,250,25.5,0.256,0.329,0.0,,0.34
2023-07-02T04:00,23.6,89,0.0,21.6,954.4,2,13.9,249,25.3,0.256,0.329,0.0,,0.33
2023-07-02T05:00,23.9,89,0.0,22.0,954.6,5,11.3,239,27.6,0.255,0.328,0.0,,0.31
2023-07-02T06:00,24.5,87,0.0,22.1,955.2,93,13.7,240,27.0,0.255,0.328,12.0,,0.41
2023-07-02T07:00,25.9,80,0.0,22.1,955.8,96,16.2,257,27.1,0.253,0.328,131.0,,0.67
2023-07-02T08:00,27.1,74,0.0,22.2,956.1,86,21.8,261,27.9,0.251,0.328,324.0,,0.92
2023-07-02T09:00,28.5,68,0.0,21.9,956.5,71,22.4,266,29.0,0.247,0.328,462.0,,1.26
2023-07-02T10:00,29.4,64,0.0,21.9,956.1,66,23.7,261,30.1,0.242,0.328,572.0,,1.47
2023-07-02T11:00,30.4,62,0.1,22.3,955.9,37,20.5,259,31.5,0.237,0.328,749.0,,1.65
2023-07-02T12:00,31.4,58,0.0,22.2,954.8,92,20.5,270,32.7,0.23,0.328,799.0,,1.93
2023-07-02T13:00,32.3,55,0.0,22.1,953.6,100,21.8,279,33.7,0.222,0.328,811.0,,2.18
2023-07-02T14:00,32.1,54,0.0,21.6,952.6,98,22.6,284,33.7,0.216,0.328,564.0,,2.2
2023-07-02T15:00,31.5,55,0.0,21.4,952.0,90,24.4,279,33.4,0.21,0.328,439.0,,2.07
2023-07-02T16:00,26.4,79,4.3,22.5,952.5,98,23.5,306,31.9,0.266,0.328,267.0,,0.72
2023-07-02T17:00,28.4,70,0.4,22.5,953.0,99,15.6,293,30.7,0.368,0.326,216.0,,1.15
2023-07-02T18:00,28.1,77,0.0,23.6,953.7,73,10.2,262,29.8,0.368,0.326,82.0,,0.89
2023-07-02T19:00,26.8,82,0.0,23.6,954.2,94,7.6,273,28.9,0.367,0.326,10.0,,0.62
2023-07-02T20:00,25.9,86,1.1,23.4,955.0,89,7.9,254,28.2,0.381,0.327,0.0,,0.46
2023-07-02T21:00,25.4,89,0.1,23.4,955.7,95,3.6,270,27.6,0.383,0.327,0.0,,0.36
2023-07-02T22:00,25.0,89,0.0,23.1,955.8,99,6.0,205,27.2,0.383,0.327,0.0,,0.33
2023-07-02T23:00,25.2,87,0.0,22.8,955.7,100,12.2,236,26.8,0.382,0.327,0.0,,0.42
2023-07-03T00:00,25.0,86,0.0,22.5,954.9,93,14.0,258,26.5,0.382,0.327,0.0,,0.43
2023-07-03T01:00,24.6,87,0.0,22.3,954.3,81,14.0,252,26.2,0.381,0.327,0.0,,0.39
2023-07-03T02:00,24.2,89,0.0,22.2,953.9,70,14.8,244,25.9,0.381,0.327,0.0,,0.33
2023-07-03T03:00,23.9,89,0.0,22.0,953.7,21,15.6,244,25.7,0.38,0.327,0.0,,0.32
2023-07-03T04:00,23.5,90,0.0,21.8,953.3,14,14.1,251,25.4,0.38,0.327,0.0,,0.29
2023-07-03T05:00,24.3,89,0.0,22.5,953.7,46,13.9,245,26.9,0.412,0.329,0.0,,0.32
2023-07-03T06:00,24.6,88,0.0,22.6,954.0,59,14.7,253,26.5,0.411,0.329,10.0,,0.36
2023-07-03T07:00,25.7,83,0.0,22.5,954.5,48,17.1,252,26.7,0.41,0.329,133.0,,0.58
2023-07-03T08:00,27.0,76,0.1,22.5,954.8,91,22.2,262,27.4,0.407,0.329,320.0,,0.84
2023-07-03T09:00,28.1,71,0.0,22.3,954.6,77,21.3,267,28.3,0.402,0.329,442.0,,1.11
2023-07-03T10:00,29.2,66,0.0,22.2,954.6,100,20.5,271,29.3,0.396,0.33,552.0,,1.37
2023-07-03T11:00,30.0,63,0.1,22.1,954.2,100,18.4,274,30.3,0.39,0.33,637.0,,1.58
2023-07-03T12:00,31.0,60,0.2,22.2,953.6,100,15.2,277,31.6,0.383,0.33,824.0,,1.8
2023-07-03T13:00,31.6,59,0.1,22.6,952.9,49,11.7,281,32.8,0.375,0.33,872.0,,1.91
2023-07-03T14:00,31.5,59,0.1,22.6,951.8,44,14.4,273,33.7,0.366,0.33,841.0,,1.88
2023-07-03T15:00,30.4,65,0.5,23.1,950.7,33,13.6,259,33.7,0.366,0.33,690.0,,1.51
2023-07-03T16:00,30.9,60,0.0,22.2,950.5,42,14.8,252,33.2,0.36,0.33,461.0,,1.78
2023-07-03T17:00,29.9,68,0.8,23.4,950.6,100,12.3,265,31.9,0.355,0.329,292.0,,1.35
2023-07-03T18:00,28.3,76,1.7,23.7,950.8,49,13.7,243,30.6,0.376,0.329,122.0,,0.92
2023-07-03T19:00,26.9,81,0.0,23.3,951.9,76,12.7,241,29.4,0.375,0.329,12.0,,0.68
2023-07-03T20:00,26.5,83,0.0,23.3,952.6,98,10.8,249,28.5,0.375,0.329,0.0,,0.6
2023-07-03T21:00,26.2,85,0.0,23.6,952.9,98,7.9,254,28.0,0.374,0.329,0.0,,0.5
2023-07-03T22:00,26.0,86,0.0,23.5,953.3,96,9.3,242,27.5,0.374,0.329,0.0,,0.46
2023-07-03T23:00,25.7,87,0.0,23.3,953.4,100,13.5,241,27.2,0.373,0.329,0.0,,0.44
2023-07-04T00:00,25.4,88,0.0,23.2,952.7,100,15.6,244,26.9,0.373,0.329,0.0,,0.4
2023-07-04T01:00,25.0,89,0.0,23.0,952.5,98,14.0,247,26.6,0.372,0.329,0.0,,0.36
2023-07-04T02:00,24.7,90,0.0,22.9,952.0,100,13.8,250,26.3,0.372,0.329,0.0,,0.32
2023-07-04T03:00,24.4,91,0.0,22.8,951.8,100,13.0,256,26.1,0.372,0.329,0.0,,0.27
2023-07-04T04:00,24.2,92,0.0,22.8,951.6,100,11.8,258,26.0,0.371,0.329,0.0,,0.25
2023-07-04T05:00,24.5,92,0.0,23.1,951.5,100,13.4,234,27.7,0.363,0.328,0.0,,0.26
2023-07-04T06:00,24.9,89,0.1,23.0,951.7,100,12.2,242,27.1,0.364,0.328,10.0,,0.34
2023-07-04T07:00,25.8,85,0.2,23.1,952.1,100,13.2,259,27.2,0.365,0.328,107.0,,0.5
2023-07-04T08:00,26.9,81,0.1,23.5,952.6,100,12.7,255,28.0,0.364,0.328,294.0,,0.66
2023-07-04T09:00,28.1,75,0.1,23.4,952.5,100,13.0,270,29.1,0.361,0.328,447.0,,0.93
2023-07-04T10:00,29.0,71,0.1,23.3,952.6,100,13.7,270,30.3,0.356,0.328,573.0,,1.14
2023-07-04T11:00,29.6,70,0.0,23.7,952.3,100,11.5,272,31.3,0.35,0.328,610.0,,1.22
2023-07-04T12:00,30.1,68,0.0,23.5,951.3,100,10.3,295,31.9,0.345,0.328,522.0,,1.37
2023-07-04T13:00,30.0,69,0.0,23.6,950.6,100,10.7,290,32.4,0.34,0.328,563.0,,1.33
2023-07-04T14:00,30.9,66,0.0,23.7,949.3,100,10.8,268,33.3,0.333,0.328,690.0,,1.53
2023-07-04T15:00,30.0,68,0.6,23.5,948.6,96,9.4,288,33.6,0.335,0.328,638.0,,1.35
2023-07-04T16:00,29.1,69,1.3,22.7,948.5,100,14.8,269,32.8,0.348,0.328,311.0,,1.26
2023-07-04T17:00,29.2,67,4.2,22.5,948.2,100,9.8,276,32.0,0.329,0.329,162.0,,1.33
2023-07-04T18:00,29.0,71,0.0,23.2,949.2,85,8.0,243,31.0,0.328,0.329,102.0,,1.16
2023-07-04T19:00,27.7,76,0.0,23.1,949.8,100,14.5,256,29.9,0.327,0.329,10.0,,0.89
2023-07-04T20:00,26.6,77,2.8,22.3,950.7,100,11.5,284,28.9,0.363,0.329,0.0,,0.79
2023-07-04T21:00,26.0,82,0.6,22.7,950.8,100,10.6,288,28.0,0.37,0.329,0.0,,0.6
2023-07-04T22:00,25.8,86,0.0,23.2,951.6,100,10.2,280,27.4,0.37,0.329,0.0,,0.48
2023-07-04T23:00,25.6,87,0.0,23.3,951.4,100,11.0,251,27.1,0.37,0.329,0.0,,0.41
2023-07-05T00:00,25.2,84,0.0,22.3,951.1,100,14.7,253,26.7,0.369,0.329,0.0,,0.52
2023-07-05T01:00,24.7,84,0.0,21.8,950.3,57,17.2,254,26.4,0.369,0.329,0.0,,0.5
2023-07-05T02:00,24.2,85,0.0,21.6,949.8,100,16.6,270,26.1,0.368,0.329,0.0,,0.44
2023-07-05T03:00,23.9,87,0.0,21.6,949.6,100,13.7,265,25.8,0.368,0.329,0.0,,0.39
2023-07-05T04:00,23.8,88,0.0,21.6,949.6,100,12.6,267,25.6,0.367,0.329,0.0,,0.37
2023-07-05T05:00,23.9,89,0.0,21.9,949.8,100,8.5,258,26.9,0.339,0.329,0.0,,0.34
2023-07-05T06:00,24.0,88,0.2,22.0,949.7,100,6.9,264,26.5,0.341,0.329,4.0,,0.35
2023-07-05T07:00,24.4,87,0.2,22.1,950.3,100,6.9,261,26.5,0.343,0.329,44.0,,0.4
2023-07-05T08:00,25.1,84,0.2,22.2,950.9,100,13.4,256,26.7,0.345,0.329,115.0,,0.51
2023-07-05T09:00,26.4,78,0.2,22.1,950.6,100,17.3,265,27.3,0.345,0.329,237.0,,0.77
2023-07-05T10:00,27.9,71,0.2,22.1,951.0,100,15.9,267,28.6,0.343,0.329,472.0,,1.1
2023-07-05T11:00,28.5,68,0.0,21.9,950.4,100,11.2,272,29.3,0.339,0.329,386.0,,1.25
2023-07-05T12:00,28.8,66,0.1,21.8,949.9,100,7.2,270,29.8,0.336,0.329,344.0,,1.34
2023-07-05T13:00,28.9,66,0.2,21.9,948.7,100,5.5,247,30.5,0.335,0.329,380.0,,1.35
2023-07-05T14:00,30.3,63,0.1,22.5,947.9,99,6.1,242,32.3,0.33,0.329,728.0,,1.59
2023-07-05T15:00,30.4,64,0.1,22.7,946.9,100,10.1,235,33.0,0.324,0.329,667.0,,1.57
2023-07-05T16:00,30.1,65,0.1,22.7,946.7,97,9.9,226,32.7,0.321,0.329,388.0,,1.5
2023-07-05T17:00,30.1,62,1.0,22.1,947.7,100,12.9,216,31.9,0.3,0.329,262.0,,1.6
2023-07-05T18:00,27.7,74,0.3,22.6,948.5,100,12.3,265,30.7,0.302,0.329,92.0,,0.98
2023-07-05T19:00,25.5,86,0.8,23.0,949.1,100,12.2,315,29.5,0.312,0.329,6.0,,0.45
2023-07-05T20:00,25.5,87,0.3,23.2,950.0,100,3.7,241,28.6,0.316,0.329,0.0,,0.42
2023-07-05T21:00,25.0,88,2.4,22.8,950.8,100,1.5,194,28.0,0.348,0.329,0.0,,0.38
2023-07-05T22:00,25.3,87,0.2,23.1,951.3,100,10.5,292,27.5,0.35,0.329,0.0,,0.41
2023-07-05T23:00,24.9,90,0.1,23.2,951.4,100,8.0,275,27.0,0.352,0.329,0.0,,0.31
2023-07-06T00:00,24.9,88,0.2,22.8,950.9,100,15.0,249,26.7,0.354,0.329,0.0,,0.38
2023-07-06T01:00,24.5,88,0.1,22.3,950.4,100,17.9,245,26.3,0.354,0.329,0.0,,0.37
2023-07-06T02:00,24.3,88,0.1,22.2,949.9,100,16.3,245,26.0,0.355,0.329,0.0,,0.36
2023-07-06T03:00,24.2,88,0.1,22.1,949.8,100,17.1,242,25.8,0.355,0.329,0.0,,0.35
2023-07-06T04:00,24.1,88,0.0,22.1,950.0,100,15.3,246,25.7,0.355,0.329,0.0,,0.35
2023-07-06T05:00,24.1,92,0.0,22.6,950.2,100,10.0,229,26.5,0.402,0.329,0.0,,0.25
2023-07-06T06:00,24.3,91,0.1,22.8,950.5,100,11.4,242,26.1,0.403,0.33,6.0,,0.27
2023-07-06T07:00,25.1,86,0.3,22.5,951.1,100,18.0,241,26.2,0.406,0.33,91.0,,0.46
2023-07-06T08:00,25.8,84,0.2,22.8,951.8,98,18.8,244,26.7,0.407,0.33,207.0,,0.54
2023-07-06T09:00,26.8,80,0.2,23.0,952.3,89,23.4,256,27.6,0.406,0.33,367.0,,0.71
2023-07-06T10:00,27.8,76,0.2,23.2,952.4,100,23.9,258,28.8,0.403,0.33,569.0,,0.9
2023-07-06T11:00,28.4,71,1.3,22.7,952.5,96,29.7,251,29.7,0.413,0.33,635.0,,1.11
2023-07-06T12:00,27.1,79,3.9,23.2,952.2,100,25.6,238,29.6,0.46,0.331,469.0,,0.75
2023-07-06T13:00,26.3,83,3.2,23.1,951.7,100,17.4,240,28.6,0.494,0.333,140.0,,0.59
2023-07-06T14:00,27.5,74,0.7,22.5,951.1,100,24.9,256,28.6,0.49,0.337,275.0,,0.93
2023-07-06T15:00,27.4,74,1.7,22.3,950.5,100,22.5,248,28.7,0.499,0.341,308.0,,0.96
2023-07-06T16:00,27.0,77,0.7,22.5,950.2,100,19.0,251,28.3,0.493,0.344,193.0,,0.83
2023-07-06T17:00,28.1,67,0.1,21.4,950.6,100,28.7,252,28.4,0.443,0.333,105.0,,1.24
2023-07-06T18:00,26.3,76,0.0,21.8,951.2,100,22.5,243,27.8,0.44,0.334,97.0,,0.81
2023-07-06T19:00,25.5,79,0.0,21.5,952.4,100,20.7,247,27.1,0.437,0.334,10.0,,0.7
2023-07-06T20:00,25.2,79,0.0,21.3,953.4,100,20.3,245,26.6,0.435,0.335,0.0,,0.66
2023-07-06T21:00,24.8,81,0.0,21.3,953.7,100,20.0,247,26.2,0.433,0.335,0.0,,0.6
2023-07-06T22:00,24.4,83,0.0,21.3,954.1,100,17.1,242,25.8,0.431,0.335,0.0,,0.52
2023-07-06T23:00,24.1,84,0.0,21.3,954.2,100,15.0,246,25.6,0.43,0.336,0.0,,0.47
2023-07-07T00:00,23.8,87,1.1,21.5,953.6,100,15.0,243,25.3,0.442,0.336,0.0,,0.39
2023-07-07T01:00,23.6,88,0.2,21.5,953.4,100,15.0,235,25.1,0.443,0.337,0.0,,0.35
2023-07-07T02:00,23.5,89,0.5,21.6,952.8,100,13.9,239,25.0,0.449,0.337,0.0,,0.32
2023-07-07T03:00,23.5,89,0.4,21.6,952.6,100,13.4,234,24.8,0.452,0.338,0.0,,0.31
2023-07-07T04:00,23.5,89,0.2,21.7,952.3,100,15.6,232,24.7,0.452,0.338,0.0,,0.31
2023-07-07T05:00,24.3,88,0.1,22.1,952.1,100,16.1,236,26.7,0.456,0.344,0.0,,0.37
2023-07-07T06:00,24.5,88,0.0,22.3,952.6,100,16.8,227,26.2,0.454,0.345,3.0,,0.38
2023-07-07T07:00,25.3,83,0.0,22.3,953.2,100,19.2,232,26.1,0.451,0.345,64.0,,0.53
2023-07-07T08:00,26.6,78,0.0,22.5,954.2,100,22.1,236,26.7,0.447,0.346,240.0,,0.77
2023-07-07T09:00,27.4,74,0.1,22.4,954.3,100,29.0,243,27.5,0.442,0.346,436.0,,0.93
2023-07-07T10:00,28.0,72,0.1,22.4,954.4,99,27.7,244,28.4,0.436,0.347,547.0,,1.07
2023-07-07T11:00,29.1,70,0.0,23.0,954.2,100,27.0,239,29.6,0.428,0.347,757.0,,1.22
2023-07-07T12:00,30.0,67,0.1,23.2,953.6,100,26.4,238,30.7,0.42,0.347,846.0,,1.4
2023-07-07T13:00,28.5,72,1.2,22.9,952.3,100,28.2,247,30.7,0.428,0.347,586.0,,1.1
2023-07-07T14:00,28.3,73,1.2,23.0,951.7,100,27.7,249,31.0,0.436,0.347,717.0,,1.03
2023-07-07T15:00,28.8,69,0.2,22.5,951.1,100,30.1,241,30.7,0.432,0.348,466.0,,1.23
2023-07-07T16:00,27.5,75,1.9,22.8,951.0,100,24.9,250,29.8,0.454,0.348,243.0,,0.9
2023-07-07T17:00,28.5,70,0.4,22.4,951.4,100,24.3,235,29.4,0.426,0.347,144.0,,1.17
2023-07-07T18:00,27.0,77,0.0,22.6,952.4,97,26.2,233,28.5,0.423,0.347,86.0,,0.82
2023-07-07T19:00,26.0,79,0.0,22.1,953.4,100,22.5,238,27.7,0.421,0.348,10.0,,0.71
2023-07-07T20:00,25.6,81,0.0,22.0,954.2,79,21.0,235,27.0,0.42,0.348,0.0,,0.63
2023-07-07T21:00,25.1,83,0.0,22.0,954.8,34,21.0,231,26.5,0.418,0.348,0.0,,0.53
2023-07-07T22:00,24.7,85,0.0,22.0,955.1,92,19.6,234,26.1,0.417,0.348,0.0,,0.47
2023-07-07T23:00,24.4,85,0.0,21.8,955.2,98,18.2,236,25.7,0.416,0.348,0.0,,0.44
2023-07-08T00:00,24.1,87,0.0,21.8,954.6,99,17.1,231,25.5,0.415,0.348,0.0,,0.38
2023-07-08T01:00,23.9,88,0.0,21.7,954.2,100,16.2,233,25.3,0.414,0.349,0.0,,0.36
2023-07-08T02:00,23.8,88,0.0,21.6,953.4,100,16.9,230,25.1,0.413,0.349,0.0,,0.36
2023-07-08T03:00,23.6,88,0.0,21.5,953.0,100,17.0,234,24.9,0.413,0.349,0.0,,0.36
2023-07-08T04:00,23.6,87,0.0,21.4,953.2,97,15.6,241,24.8,0.412,0.349,0.0,,0.36
2023-07-08T05:00,24.0,88,0.0,21.8,953.5,88,13.2,235,26.2,0.41,0.349,0.0,,0.36
2023-07-08T06:00,24.5,87,0.0,22.1,954.0,100,16.8,235,25.8,0.409,0.349,9.0,,0.41
2023-07-08T07:00,25.8,81,0.0,22.3,954.8,99,18.6,238,26.0,0.408,0.349,117.0,,0.63
2023-07-08T08:00,26.7,77,0.1,22.3,955.4,93,22.7,245,26.6,0.406,0.349,248.0,,0.82
2023-07-08T09:00,28.0,71,0.1,22.2,955.7,100,25.9,254,27.6,0.401,0.349,469.0,,1.09
2023-07-08T10:00,28.3,69,0.1,22.0,956.0,100,25.3,255,28.3,0.398,0.349,442.0,,1.21
2023-07-08T11:00,28.8,68,0.1,22.4,955.7,100,21.8,248,28.8,0.394,0.35,451.0,,1.25
2023-07-08T12:00,29.7,65,0.0,22.5,955.1,100,24.7,239,29.6,0.387,0.35,573.0,,1.45
2023-07-08T13:00,30.3,62,0.0,22.2,953.9,100,25.9,243,30.2,0.381,0.35,575.0,,1.64
2023-07-08T14:00,29.4,64,0.6,22.0,953.3,98,26.9,252,29.8,0.385,0.35,261.0,,1.46
2023-07-08T15:00,25.5,82,5.6,22.3,953.3,100,19.1,229,28.9,0.458,0.35,284.0,,0.57
2023-07-08T16:00,26.7,83,0.2,23.7,953.3,96,12.7,225,28.4,0.457,0.351,137.0,,0.58
2023-07-08T17:00,28.1,73,0.1,22.8,953.5,100,14.3,242,29.0,0.431,0.35,248.0,,1.03
2023-07-08T18:00,27.8,72,0.0,22.3,953.8,92,17.2,241,28.4,0.429,0.35,91.0,,1.05
2023-07-08T19:00,26.8,74,0.0,21.8,954.5,100,20.3,243,27.6,0.427,0.351,10.0,,0.92
2023-07-08T20:00,26.1,77,0.0,21.8,955.5,100,18.5,241,27.0,0.425,0.351,0.0,,0.76
2023-07-08T21:00,25.4,80,0.0,21.7,955.8,98,18.8,244,26.5,0.423,0.351,0.0,,0.65
2023-07-08T22:00,24.8,83,0.0,21.7,955.9,100,19.0,243,26.1,0.422,0.351,0.0,,0.54
2023-07-08T23:00,24.3,85,0.0,21.7,955.6,100,16.8,247,25.7,0.421,0.352,0.0,,0.44
2023-07-09T00:00,24.2,86,0.0,21.7,955.4,100,15.6,247,25.5,0.42,0.352,0.0,,0.41
2023-07-09T01:00,23.9,88,0.0,21.7,955.0,100,13.8,237,25.3,0.419,0.352,0.0,,0.37
2023-07-09T02:00,23.7,89,0.0,21.7,954.6,62,14.6,230,25.1,0.418,0.352,0.0,,0.33
2023-07-09T03:00,23.4,89,0.0,21.5,954.6,61,14.3,227,24.9,0.417,0.352,0.0,,0.31
2023-07-09T04:00,23.3,89,0.0,21.4,954.5,80,13.8,231,24.7,0.417,0.352,0.0,,0.31
2023-07-09T05:00,23.6,90,0.0,21.9,954.8,100,11.0,229,26.6,0.424,0.352,0.0,,0.28
2023-07-09T06:00,24.1,89,0.0,22.2,955.0,100,14.3,225,26.1,0.423,0.353,9.0,,0.32
2023-07-09T07:00,25.1,83,0.0,22.1,955.9,100,18.9,235,26.1,0.422,0.353,98.0,,0.53
2023-07-09T08:00,26.1,79,0.0,22.2,956.5,100,20.7,239,26.6,0.419,0.353,239.0,,0.71
2023-07-09T09:00,27.0,75,0.1,22.1,956.5,100,22.3,249,27.3,0.416,0.353,336.0,,0.9
2023-07-09T10:00,28.5,68,0.1,22.0,956.5,100,22.3,256,28.4,0.411,0.353,584.0,,1.24
2023-07-09T11:00,29.4,64,0.1,21.9,956.2,100,22.8,258,29.5,0.404,0.353,690.0,,1.47
2023-07-09T12:00,29.9,61,0.1,21.5,955.6,100,23.9,265,30.2,0.397,0.353,693.0,,1.65
2023-07-09T13:00,30.5,59,0.1,21.5,955.1,100,21.3,266,30.8,0.391,0.353,692.0,,1.79
2023-07-09T14:00,29.2,63,0.4,21.5,954.1,100,24.3,258,31.2,0.388,0.353,691.0,,1.5
2023-07-09T15:00,30.1,61,0.1,21.9,953.4,98,16.6,268,31.2,0.384,0.354,515.0,,1.65
2023-07-09T16:00,30.4,59,0.1,21.5,953.1,100,21.8,262,31.0,0.38,0.354,429.0,,1.78
2023-07-09T17:00,30.8,56,0.2,21.0,953.6,98,16.8,260,29.8,0.386,0.354,251.0,,1.95
2023-07-09T18:00,28.9,65,0.0,21.6,954.0,100,16.8,260,29.0,0.384,0.354,109.0,,1.41
2023-07-09T19:00,27.4,69,0.1,21.3,954.6,100,17.7,258,28.0,0.383,0.354,11.0,,1.11
2023-07-09T20:00,26.6,73,0.0,21.4,955.1,100,18.8,258,27.3,0.382,0.354,0.0,,0.94
2023-07-09T21:00,26.0,76,0.0,21.4,955.7,100,16.8,260,26.7,0.381,0.354,0.0,,0.81
2023-07-09T22:00,25.5,79,0.0,21.5,956.1,98,15.2,256,26.3,0.38,0.354,0.0,,0.7
2023-07-09T23:00,24.9,82,0.0,21.6,956.1,76,13.9,253,25.9,0.379,0.354,0.0,,0.58
2023-07-10T00:00,24.3,85,0.0,21.6,955.7,100,13.2,248,25.5,0.379,0.354,0.0,,0.46
2023-07-10T01:00,23.9,86,0.0,21.5,955.2,99,13.4,250,25.2,0.378,0.354,0.0,,0.4
2023-07-10T02:00,23.4,89,0.0,21.4,954.9,81,10.7,250,24.9,0.378,0.354,0.0,,0.32
2023-07-10T03:00,23.4,89,0.0,21.5,954.8,89,10.7,258,24.8,0.378,0.354,0.0,,0.31
2023-07-10T04:00,23.2,90,0.0,21.4,954.9,63,10.6,246,24.6,0.377,0.354,0.0,,0.29
2023-07-10T05:00,23.7,89,0.0,21.8,954.7,34,8.7,240,26.8,0.384,0.354,0.0,,0.33
2023-07-10T06:00,24.1,88,1.0,22.0,955.6,91,6.7,234,26.2,0.397,0.354,8.0,,0.37
2023-07-10T07:00,25.0,83,0.0,22.0,955.9,100,12.8,254,26.1,0.396,0.354,99.0,,0.52
2023-07-10T08:00,25.9,79,0.0,22.0,956.2,100,19.7,261,26.5,0.394,0.354,204.0,,0.7
2023-07-10T09:00,27.0,74,0.1,22.0,956.3,98,20.0,262,27.4,0.391,0.354,397.0,,0.92
2023-07-10T10:00,28.2,68,0.0,21.8,956.3,70,21.0,265,28.4,0.386,0.354,534.0,,1.21
2023-07-10T11:00,28.9,65,0.0,21.7,956.1,94,20.2,271,29.3,0.38,0.354,586.0,,1.39
2023-07-10T12:00,30.3,59,0.2,21.3,955.4,100,20.9,273,30.6,0.374,0.354,824.0,,1.78
2023-07-10T13:00,31.1,55,0.1,21.0,954.9,90,21.6,270,31.5,0.365,0.354,848.0,,2.02
2023-07-10T14:00,31.4,53,0.0,20.7,953.9,62,23.4,274,31.9,0.357,0.354,779.0,,2.15
2023-07-10T15:00,31.6,52,0.0,20.5,953.2,44,23.4,273,32.0,0.349,0.354,659.0,,2.24
2023-07-10T16:00,31.4,52,0.0,20.3,952.6,44,23.4,274,31.7,0.342,0.354,518.0,,2.21
2023-07-10T17:00,30.8,55,0.0,20.8,952.8,51,20.6,286,30.8,0.33,0.355,341.0,,1.99
2023-07-10T18:00,29.4,63,0.0,21.7,953.3,49,15.5,288,29.8,0.328,0.355,141.0,,1.49
2023-07-10T19:00,27.7,72,0.0,22.1,954.2,71,13.6,281,28.7,0.327,0.355,12.0,,1.05
2023-07-10T20:00,27.0,74,0.1,21.9,955.1,74,15.4,286,27.9,0.327,0.355,0.0,,0.94
2023-07-10T21:00,26.4,76,0.0,21.7,955.5,43,16.6,283,27.2,0.326,0.355,0.0,,0.84
2023-07-10T22:00,25.4,80,0.0,21.7,956.1,97,13.4,284,26.6,0.326,0.355,0.0,,0.65
2023-07-10T23:00,25.0,82,0.0,21.7,956.1,87,12.0,277,26.2,0.325,0.355,0.0,,0.57
2023-07-11T00:00,24.6,83,0.0,21.5,955.6,100,12.3,277,25.8,0.325,0.355,0.0,,0.52
2023-07-11T01:00,24.0,85,0.0,21.4,955.0,98,12.0,277,25.4,0.324,0.355,0.0,,0.44
2023-07-11T02:00,23.6,87,0.0,21.3,954.4,100,13.0,276,25.2,0.324,0.355,0.0,,0.38
2023-07-11T03:00,23.5,88,0.0,21.4,954.1,100,12.6,270,25.0,0.324,0.355,0.0,,0.35
2023-07-11T04:00,23.3,89,0.0,21.3,954.4,100,11.9,270,24.8,0.324,0.355,0.0,,0.32
2023-07-11T05:00,23.5,89,0.0,21.5,954.1,100,11.6,277,26.8,0.32,0.354,0.0,,0.32
2023-07-11T06:00,24.0,87,0.0,21.8,954.8,100,10.6,280,26.2,0.319,0.354,8.0,,0.38
2023-07-11T07:00,25.1,81,0.0,21.6,955.7,100,14.0,288,26.2,0.318,0.354,83.0,,0.61
2023-07-11T08:00,26.0,77,0.0,21.7,956.3,100,18.8,287,26.7,0.316,0.354,218.0,,0.77
2023-07-11T09:00,26.4,75,0.1,21.7,956.5,100,18.3,290,27.2,0.314,0.354,268.0,,0.85
2023-07-11T10:00,27.2,71,0.1,21.5,956.6,100,18.4,296,28.0,0.311,0.354,406.0,,1.04
2023-07-11T11:00,27.6,69,0.0,21.4,956.3,100,17.6,301,28.5,0.308,0.354,366.0,,1.15
2023-07-11T12:00,28.2,65,0.0,21.1,956.0,100,16.9,294,28.9,0.304,0.354,382.0,,1.32
2023-07-11T13:00,28.8,62,0.0,20.9,955.2,100,16.6,294,29.2,0.3,0.354,349.0,,1.48
2023-07-11T14:00,28.6,63,0.0,20.8,954.0,100,15.3,300,29.1,0.297,0.354,252.0,,1.46
2023-07-11T15:00,29.2,59,0.0,20.5,953.3,100,13.7,293,29.1,0.293,0.354,257.0,,1.64
2023-07-11T16:00,29.6,60,0.0,20.9,952.5,100,13.3,283,28.9,0.291,0.354,202.0,,1.67
2023-07-11T17:00,29.0,64,0.0,21.6,952.9,100,13.3,327,28.5,0.299,0.355,155.0,,1.42
2023-07-11T18:00,27.6,71,0.0,22.0,953.4,100,11.9,335,27.9,0.298,0.355,46.0,,1.06
2023-07-11T19:00,26.4,75,0.0,21.7,954.5,100,15.0,280,27.2,0.297,0.355,5.0,,0.85
2023-07-11T20:00,26.0,76,0.0,21.5,955.1,100,12.6,270,26.7,0.297,0.355,0.0,,0.8
2023-07-11T21:00,25.6,78,0.0,21.5,955.7,100,9.8,264,26.3,0.296,0.355,0.0,,0.72
2023-07-11T22:00,25.0,81,0.1,21.6,956.1,100,11.0,293,25.9,0.297,0.354,0.0,,0.59
2023-07-11T23:00,24.5,84,0.2,21.6,955.9,100,12.9,300,25.6,0.299,0.354,0.0,,0.49
2023-07-12T00:00,24.0,86,0.3,21.6,955.0,100,12.6,294,25.3,0.303,0.354,0.0,,0.4
2023-07-12T01:00,23.7,89,0.4,21.8,954.1,100,11.0,281,25.1,0.309,0.354,0.0,,0.33
2023-07-12T02:00,23.6,90,0.3,21.8,953.8,100,10.5,264,24.9,0.313,0.354,0.0,,0.29
2023-07-12T03:00,23.5,91,0.5,21.9,953.3,100,12.3,273,24.7,0.32,0.354,0.0,,0.26
2023-07-12T04:00,23.4,92,0.5,22.0,953.5,100,10.5,266,24.6,0.327,0.354,0.0,,0.23
2023-07-12T05:00,23.6,90,0.8,21.9,953.0,100,13.3,273,26.0,0.314,0.354,0.0,,0.29
2023-07-12T06:00,23.9,89,0.0,22.0,953.6,100,14.4,283,25.6,0.314,0.354,5.0,,0.32
2023-07-12T07:00,25.1,82,0.0,21.9,954.9,100,15.1,273,25.8,0.313,0.354,129.0,,0.57
2023-07-12T08:00,25.8,79,0.1,21.9,955.1,100,19.1,282,26.3,0.311,0.354,216.0,,0.68
2023-07-12T09:00,26.8,75,0.2,22.0,955.8,100,17.9,292,27.2,0.312,0.354,367.0,,0.88
2023-07-12T10:00,27.4,73,0.0,22.0,955.2,93,17.9,285,28.1,0.308,0.354,439.0,,1.0
2023-07-12T11:00,28.9,66,0.1,22.0,955.2,100,19.1,292,29.9,0.302,0.354,832.0,,1.35
2023-07-12T12:00,28.6,66,0.0,21.5,954.5,100,19.4,288,30.0,0.298,0.354,465.0,,1.34
2023-07-12T13:00,29.2,62,0.0,21.3,953.5,100,20.7,287,30.4,0.292,0.354,541.0,,1.52
2023-07-12T14:00,30.1,59,0.0,21.2,952.7,100,21.3,292,31.5,0.285,0.354,824.0,,1.75
2023-07-12T15:00,30.1,58,0.0,20.8,952.1,100,21.7,294,31.9,0.278,0.354,688.0,,1.81
2023-07-12T16:00,29.9,59,0.2,21.1,951.9,100,20.3,293,31.6,0.275,0.354,493.0,,1.72
2023-07-12T17:00,29.1,62,0.0,21.2,952.3,100,23.0,311,29.8,0.277,0.353,299.0,,1.51
2023-07-12T18:00,27.9,71,0.0,22.2,952.5,99,15.8,315,29.0,0.275,0.353,125.0,,1.09
2023-07-12T19:00,26.5,79,0.0,22.6,953.3,100,12.3,322,28.0,0.274,0.353,12.0,,0.72
2023-07-12T20:00,26.0,83,0.0,22.8,954.1,99,10.0,322,27.3,0.274,0.353,0.0,,0.58
2023-07-12T21:00,25.6,84,0.0,22.7,954.8,97,9.9,316,26.7,0.274,0.353,0.0,,0.53
2023-07-12T22:00,25.3,84,0.0,22.4,954.8,99,10.1,305,26.3,0.273,0.353,0.0,,0.51
2023-07-12T23:00,24.8,85,0.0,22.1,954.5,100,10.1,276,25.9,0.273,0.353,0.0,,0.48
2023-07-13T00:00,24.4,85,0.0,21.6,954.1,99,9.7,266,25.5,0.273,0.353,0.0,,0.47
2023-07-13T01:00,24.0,86,0.0,21.6,953.5,82,9.9,260,25.2,0.273,0.352,0.0,,0.41
2023-07-13T02:00,23.6,89,0.0,21.7,953.0,72,9.3,257,24.9,0.273,0.352,0.0,,0.32
2023-07-13T03:00,23.4,90,0.0,21.7,953.0,52,10.9,243,24.7,0.273,0.352,0.0,,0.27
2023-07-13T04:00,23.1,92,0.0,21.7,953.0,97,11.6,244,24.5,0.273,0.352,0.0,,0.23
2023-07-13T05:00,23.3,92,0.0,22.0,952.8,82,10.1,243,27.6,0.275,0.352,0.0,,0.22
2023-07-13T06:00,24.0,89,0.0,22.1,953.6,100,11.7,252,26.7,0.275,0.352,9.0,,0.32
2023-07-13T07:00,25.2,83,0.0,22.0,954.1,97,13.0,272,26.6,0.274,0.352,123.0,,0.55
2023-07-13T08:00,26.5,77,0.0,22.1,954.7,95,14.6,279,27.4,0.272,0.352,309.0,,0.8
2023-07-13T09:00,27.7,73,0.0,22.4,955.0,99,13.6,281,28.5,0.269,0.352,461.0,,1.01
2023-07-13T10:00,28.9,68,0.0,22.5,955.3,100,13.0,284,30.0,0.263,0.352,633.0,,1.26
2023-07-13T11:00,29.3,65,0.0,22.2,955.1,100,12.4,278,30.8,0.259,0.352,523.0,,1.41
2023-07-13T12:00,29.5,64,0.0,21.8,954.4,100,10.9,278,31.1,0.255,0.352,443.0,,1.5
2023-07-13T13:00,30.3,60,0.0,21.7,953.3,99,11.0,281,31.7,0.25,0.352,501.0,,1.71
2023-07-13T14:00,30.4,60,0.0,21.7,952.2,100,11.9,270,31.8,0.245,0.351,406.0,,1.73
2023-07-13T15:00,30.1,58,0.2,20.9,952.0,100,17.7,253,32.1,0.243,0.351,525.0,,1.8
2023-07-13T16:00,29.2,62,0.2,21.1,952.2,100,21.0,248,31.6,0.242,0.351,358.0,,1.54
2023-07-13T17:00,27.7,72,0.1,22.2,952.8,100,22.8,258,31.6,0.231,0.351,237.0,,1.05
2023-07-13T18:00,24.4,90,2.7,22.6,953.5,92,18.8,290,29.7,0.267,0.351,86.0,,0.31
2023-07-13T19:00,23.7,91,1.4,22.2,954.1,100,15.5,273,28.3,0.285,0.351,9.0,,0.26
2023-07-13T20:00,23.8,91,3.4,22.2,954.4,100,7.9,219,27.1,0.332,0.351,0.0,,0.27
2023-07-13T21:00,24.5,87,2.5,22.3,955.4,100,8.0,234,26.5,0.366,0.351,0.0,,0.39
2023-07-13T22:00,24.4,90,0.2,22.6,955.8,100,11.4,246,26.0,0.369,0.351,0.0,,0.31
2023-07-13T23:00,24.4,91,0.1,22.7,955.4,100,11.9,241,25.7,0.371,0.351,0.0,,0.29
2023-07-14T00:00,24.0,91,0.0,22.4,954.8,100,13.6,253,25.4,0.371,0.351,0.0,,0.27
2023-07-14T01:00,23.6,92,0.0,22.2,954.2,100,12.9,247,25.2,0.371,0.351,0.0,,0.24
2023-07-14T02:00,23.4,92,0.0,22.0,953.7,100,12.1,243,24.9,0.371,0.351,0.0,,0.23
2023-07-14T03:00,23.2,92,0.0,21.8,953.7,100,12.5,252,24.7,0.371,0.351,0.0,,0.22
2023-07-14T04:00,23.1,92,0.0,21.7,954.1,100,11.9,245,24.6,0.371,0.351,0.0,,0.23
2023-07-14T05:00,23.7,92,0.0,22.3,954.1,100,6.9,219,27.0,0.329,0.349,0.0,,0.24
2023-07-14T06:00,24.1,91,0.0,22.5,954.6,100,7.4,219,26.4,0.328,0.349,8.0,,0.28
2023-07-14T07:00,25.3,84,0.0,22.3,955.7,100,13.7,247,26.5,0.328,0.349,103.0,,0.52
2023-07-14T08:00,26.3,80,0.1,22.6,956.2,100,15.4,259,27.2,0.327,0.349,260.0,,0.69
2023-07-14T09:00,27.9,71,0.1,22.3,956.4,100,17.7,276,28.2,0.324,0.349,421.0,,1.07
2023-07-14T10:00,27.6,72,0.1,22.0,956.4,100,18.7,286,28.3,0.323,0.349,257.0,,1.05
2023-07-14T11:00,27.8,72,4.5,22.4,955.9,100,15.2,292,28.4,0.381,0.349,276.0,,1.04
2023-07-14T12:00,29.1,69,0.1,22.7,955.2,100,12.0,277,29.8,0.377,0.349,642.0,,1.26
2023-07-14T13:00,29.5,65,0.0,22.4,954.4,100,10.7,250,30.5,0.371,0.349,548.0,,1.42
2023-07-14T14:00,27.0,77,1.2,22.7,953.8,100,22.5,257,30.7,0.382,0.349,558.0,,0.8
2023-07-14T15:00,28.0,74,0.1,22.8,953.2,100,14.1,264,30.7,0.378,0.349,482.0,,0.99
2023-07-14T16:00,27.2,76,1.0,22.7,952.8,100,18.7,295,30.2,0.388,0.349,332.0,,0.85
2023-07-14T17:00,27.4,76,5.7,22.7,953.4,100,14.1,251,29.6,0.4,0.349,195.0,,0.89
2023-07-14T18:00,26.7,80,0.0,22.9,954.2,100,11.5,238,28.8,0.398,0.349,103.0,,0.71
2023-07-14T19:00,25.6,86,0.1,23.1,955.3,100,13.7,288,28.0,0.398,0.349,10.0,,0.46
2023-07-14T20:00,24.5,89,1.9,22.6,956.4,100,4.5,331,27.3,0.422,0.349,0.0,,0.33
2023-07-14T21:00,24.5,90,0.4,22.8,956.6,95,4.6,219,26.8,0.426,0.349,0.0,,0.3
2023-07-14T22:00,24.7,87,0.1,22.3,957.1,100,11.2,270,26.3,0.426,0.349,0.0,,0.42
2023-07-14T23:00,24.4,85,0.0,21.6,956.9,100,13.4,284,25.8,0.425,0.35,0.0,,0.47
2023-07-15T00:00,23.8,87,0.0,21.4,955.9,100,12.0,279,25.4,0.425,0.35,0.0,,0.39
2023-07-15T01:00,23.3,87,0.0,21.1,955.4,100,11.5,266,25.1,0.424,0.35,0.0,,0.36
2023-07-15T02:00,23.1,88,0.0,21.1,955.1,100,10.4,270,24.8,0.423,0.35,0.0,,0.33
2023-07-15T03:00,23.0,89,0.0,21.1,954.7,100,10.5,264,24.6,0.422,0.351,0.0,,0.3
2023-07-15T04:00,22.8,91,0.0,21.3,954.8,100,9.8,262,24.4,0.421,0.351,0.0,,0.25
2023-07-15T05:00,23.1,90,0.0,21.4,954.3,100,9.9,280,26.7,0.41,0.35,0.0,,0.28
2023-07-15T06:00,23.7,89,0.0,21.7,955.5,100,6.6,257,26.0,0.41,0.35,8.0,,0.33
2023-07-15T07:00,24.8,83,0.1,21.7,956.4,100,12.2,289,26.1,0.409,0.35,84.0,,0.52
2023-07-15T08:00,25.5,81,0.1,21.9,957.0,100,18.4,293,26.5,0.408,0.351,229.0,,0.63
2023-07-15T09:00,26.8,75,0.1,22.1,957.5,100,17.1,295,27.4,0.405,0.351,410.0,,0.86
2023-07-15T10:00,27.8,74,0.0,22.6,957.4,100,13.7,284,28.6,0.401,0.351,533.0,,0.98
2023-07-15T11:00,29.1,70,0.0,23.0,957.0,100,15.1,282,30.1,0.393,0.351,738.0,,1.21
2023-07-15T12:00,30.1,65,0.0,22.8,956.0,100,18.9,284,31.2,0.385,0.351,790.0,,1.49
2023-07-15T13:00,29.6,65,0.0,22.4,954.9,100,19.1,290,31.3,0.379,0.351,589.0,,1.45
2023-07-15T14:00,29.0,66,0.3,22.1,953.8,100,22.5,263,31.4,0.377,0.351,550.0,,1.35
2023-07-15T15:00,28.8,68,0.1,22.3,953.3,96,16.6,275,30.9,0.374,0.351,386.0,,1.26
2023-07-15T16:00,28.9,69,0.1,22.7,953.2,100,18.9,283,30.9,0.37,0.351,438.0,,1.22
2023-07-15T17:00,26.3,79,9.3,22.3,953.9,100,10.8,274,29.7,0.404,0.351,90.0,,0.73
2023-07-15T18:00,26.5,79,0.1,22.6,954.5,100,3.1,249,28.8,0.404,0.351,54.0,,0.72
2023-07-15T19:00,26.3,83,0.1,23.3,955.4,100,3.6,217,28.1,0.406,0.351,6.0,,0.57
2023-07-15T20:00,25.4,88,0.1,23.3,955.8,100,5.5,247,27.4,0.406,0.351,0.0,,0.37
2023-07-15T21:00,25.2,87,0.0,22.9,956.1,100,5.8,248,26.9,0.406,0.351,0.0,,0.4
2023-07-15T22:00,25.1,86,0.0,22.5,956.3,100,8.1,257,26.5,0.406,0.352,0.0,,0.46
2023-07-15T23:00,24.9,84,0.0,22.0,956.1,100,13.7,273,26.1,0.405,0.352,0.0,,0.51
2023-07-16T00:00,24.5,83,0.0,21.5,955.8,100,13.3,268,25.7,0.404,0.352,0.0,,0.51
2023-07-16T01:00,24.0,86,0.0,21.5,955.1,100,13.4,262,25.4,0.403,0.352,0.0,,0.43
2023-07-16T02:00,23.8,87,0.0,21.5,954.3,100,14.1,267,25.1,0.403,0.352,0.0,,0.38
2023-07-16T03:00,23.5,88,0.0,21.4,954.3,100,12.2,270,24.9,0.402,0.352,0.0,,0.34
2023-07-16T04:00,23.4,89,0.0,21.5,954.7,100,10.3,258,24.7,0.402,0.352,0.0,,0.31
2023-07-16T05:00,23.7,89,0.0,21.8,954.3,100,8.7,265,26.2,0.4,0.352,0.0,,0.32
2023-07-16T06:00,23.9,89,0.1,22.1,954.8,100,9.0,272,25.8,0.401,0.352,2.0,,0.31
2023-07-16T07:00,24.1,90,0.2,22.4,955.4,100,6.8,273,25.6,0.403,0.352,24.0,,0.29
2023-07-16T08:00,24.9,87,0.6,22.5,956.2,100,7.7,259,26.0,0.41,0.352,113.0,,0.41
2023-07-16T09:00,25.0,85,1.1,22.4,956.3,100,11.9,270,26.1,0.423,0.352,105.0,,0.47
2023-07-16T10:00,25.5,83,0.9,22.4,956.0,100,13.8,276,26.4,0.433,0.353,177.0,,0.55
2023-07-16T11:00,26.5,78,0.3,22.3,955.7,100,14.3,280,27.0,0.433,0.353,280.0,,0.77
2023-07-16T12:00,28.1,70,0.0,22.2,955.1,100,13.7,288,28.1,0.428,0.353,444.0,,1.13
2023-07-16T13:00,28.6,69,0.0,22.3,954.1,100,14.8,309,28.6,0.424,0.353,366.0,,1.21
2023-07-16T14:00,28.0,72,0.4,22.4,953.6,100,12.9,297,28.7,0.425,0.354,300.0,,1.07
2023-07-16T15:00,26.5,75,0.7,21.7,953.3,100,9.3,242,28.5,0.431,0.354,247.0,,0.86
2023-07-16T16:00,26.5,79,0.5,22.5,952.8,100,9.5,233,28.2,0.436,0.354,137.0,,0.73
2023-07-16T17:00,25.2,87,1.0,22.8,953.5,100,7.6,265,26.3,0.439,0.353,63.0,,0.43
2023-07-16T18:00,25.0,90,0.7,23.3,953.7,100,7.5,253,26.1,0.447,0.353,22.0,,0.31
2023-07-16T19:00,24.7,89,0.3,22.8,954.3,100,10.2,247,25.7,0.449,0.354,2.0,,0.34
2023-07-16T20:00,24.1,88,0.1,22.0,954.8,100,9.6,257,25.4,0.449,0.354,0.0,,0.36
2023-07-16T21:00,23.7,87,1.2,21.4,955.5,100,7.0,282,25.1,0.463,0.355,0.0,,0.38
2023-07-16T22:00,23.2,87,1.1,21.0,956.0,100,4.2,121,24.9,0.474,0.356,0.0,,0.36
2023-07-16T23:00,23.8,89,0.2,21.9,955.8,100,9.7,239,24.7,0.472,0.357,0.0,,0.32
2023-07-17T00:00,23.8,89,0.5,22.0,955.2,100,15.7,254,24.5,0.475,0.359,0.0,,0.31
2023-07-17T01:00,23.6,90,0.4,21.8,954.5,100,17.0,253,24.4,0.476,0.36,0.0,,0.3
2023-07-17T02:00,23.4,90,0.2,21.6,954.1,100,16.5,247,24.2,0.475,0.361,0.0,,0.29
2023-07-17T03:00,23.3,90,0.4,21.5,953.6,100,15.1,258,24.1,0.476,0.363,0.0,,0.29
2023-07-17T04:00,23.2,90,0.8,21.6,953.6,100,14.8,257,24.0,0.482,0.364,0.0,,0.27
2023-07-17T05:00,23.3,91,0.8,21.7,953.7,100,9.2,249,25.1,0.493,0.381,0.0,,0.26
2023-07-17T06:00,23.6,90,0.2,21.8,953.8,100,11.6,244,24.7,0.489,0.383,2.0,,0.3
2023-07-17T07:00,24.2,88,0.0,22.0,954.3,100,12.6,246,24.7,0.484,0.385,34.0,,0.37
2023-07-17T08:00,25.1,84,0.0,22.1,955.0,100,16.4,261,24.9,0.479,0.386,104.0,,0.52
2023-07-17T09:00,26.0,78,0.1,21.8,955.3,100,18.9,261,25.7,0.475,0.388,257.0,,0.75
2023-07-17T10:00,27.2,73,0.1,22.0,955.1,100,23.0,261,26.9,0.468,0.388,507.0,,0.96
2023-07-17T11:00,27.9,70,0.1,21.8,954.9,100,22.9,262,27.7,0.462,0.389,512.0,,1.14
2023-07-17T12:00,28.2,67,0.0,21.6,954.3,100,21.6,270,27.9,0.456,0.39,380.0,,1.24
2023-07-17T13:00,28.9,63,0.0,21.2,953.1,100,21.2,270,28.0,0.451,0.39,322.0,,1.46
2023-07-17T14:00,30.0,58,0.0,20.9,952.0,98,26.3,269,28.6,0.444,0.39,477.0,,1.76
2023-07-17T15:00,28.9,62,0.2,20.9,951.5,94,28.0,278,28.7,0.44,0.39,426.0,,1.51
2023-07-17T16:00,28.5,67,0.1,21.8,951.2,93,20.9,281,28.3,0.438,0.391,222.0,,1.27
2023-07-17T17:00,26.8,77,0.6,22.4,951.6,100,15.5,288,27.6,0.448,0.394,232.0,,0.8
2023-07-17T18:00,26.0,79,0.1,22.1,952.0,100,13.4,278,26.9,0.447,0.394,38.0,,0.69
2023-07-17T19:00,25.4,82,0.2,22.1,952.9,100,11.3,277,26.3,0.448,0.395,2.0,,0.59
2023-07-17T20:00,25.2,83,0.4,22.1,953.4,100,12.4,262,25.8,0.453,0.395,0.0,,0.54
2023-07-17T21:00,24.8,86,0.5,22.2,954.0,100,16.4,255,25.5,0.458,0.395,0.0,,0.44
2023-07-17T22:00,24.4,88,0.3,22.2,954.4,100,17.8,256,25.2,0.461,0.396,0.0,,0.38
2023-07-17T23:00,24.1,90,0.2,22.3,953.8,100,16.0,247,24.9,0.461,0.396,0.0,,0.3
2023-07-18T00:00,23.9,90,0.1,22.2,953.4,100,16.5,250,24.8,0.461,0.397,0.0,,0.29
2023-07-18T01:00,23.6,90,0.0,21.9,952.9,100,16.5,250,24.6,0.459,0.397,0.0,,0.29
2023-07-18T02:00,23.4,90,0.1,21.7,952.0,100,15.7,250,24.5,0.459,0.398,0.0,,0.28
2023-07-18T03:00,23.2,90,0.0,21.5,952.1,100,15.0,260,24.3,0.458,0.398,0.0,,0.27
2023-07-18T04:00,23.3,90,0.0,21.6,952.2,100,15.4,259,24.2,0.456,0.398,0.0,,0.28
2023-07-18T05:00,23.6,90,0.1,21.8,952.2,100,16.3,248,25.0,0.494,0.407,0.0,,0.29
2023-07-18T06:00,23.8,89,0.8,21.9,952.7,100,17.1,252,24.7,0.498,0.409,1.0,,0.33
2023-07-18T07:00,24.0,89,1.4,22.0,953.4,100,14.9,255,24.5,0.507,0.413,17.0,,0.34
2023-07-18T08:00,24.3,88,1.8,22.2,953.9,100,15.4,254,24.5,0.512,0.419,43.0,,0.37
2023-07-18T09:00,24.7,87,1.5,22.3,954.0,100,18.6,260,24.7,0.511,0.426,82.0,,0.41
2023-07-18T10:00,25.4,81,1.1,21.9,954.1,100,22.9,262,24.9,0.508,0.431,144.0,,0.62
2023-07-18T11:00,25.8,83,0.7,22.6,953.7,100,25.3,255,25.7,0.504,0.435,297.0,,0.58
2023-07-18T12:00,26.2,82,0.4,22.8,953.0,100,22.5,257,26.2,0.5,0.437,295.0,,0.62
2023-07-18T13:00,26.1,81,0.9,22.6,952.5,100,23.7,257,26.4,0.502,0.439,235.0,,0.64
2023-07-18T14:00,25.5,81,1.3,22.0,951.8,100,21.0,257,26.1,0.509,0.442,114.0,,0.61
2023-07-18T15:00,25.6,83,0.7,22.6,950.7,100,23.7,250,26.0,0.507,0.446,117.0,,0.55
2023-07-18T16:00,24.8,84,0.8,21.9,950.2,100,26.3,251,25.6,0.506,0.449,69.0,,0.51
2023-07-18T17:00,24.9,85,0.9,22.3,950.7,100,21.8,254,25.8,0.504,0.44,48.0,,0.46
2023-07-18T18:00,24.4,86,0.8,22.0,951.1,100,22.4,255,25.4,0.506,0.443,29.0,,0.42
2023-07-18T19:00,24.0,88,1.2,21.8,951.6,100,21.7,259,24.9,0.51,0.446,2.0,,0.37
2023-07-18T20:00,23.9,86,0.9,21.5,952.1,100,20.1,261,24.6,0.509,0.45,0.0,,0.4
2023-07-18T21:00,23.6,88,1.5,21.6,952.4,100,17.6,255,24.3,0.517,0.454,0.0,,0.34
2023-07-18T22:00,23.5,89,1.1,21.6,952.7,100,18.2,256,24.1,0.513,0.46,0.0,,0.32
2023-07-18T23:00,23.4,90,1.4,21.6,952.2,100,19.4,259,23.9,0.515,0.465,0.0,,0.3
2023-07-19T00:00,23.2,90,1.2,21.5,951.4,100,18.9,256,23.8,0.514,0.47,0.0,,0.28
2023-07-19T01:00,23.2,91,1.5,21.6,950.5,100,20.5,259,23.7,0.517,0.475,0.0,,0.25
2023-07-19T02:00,23.0,91,1.6,21.4,950.0,100,21.4,257,23.5,0.516,0.483,0.0,,0.25
2023-07-19T03:00,23.0,90,1.0,21.3,949.6,100,18.8,250,23.4,0.515,0.487,0.0,,0.27
2023-07-19T04:00,23.0,90,0.9,21.2,949.5,100,19.0,255,23.4,0.514,0.49,0.0,,0.28
2023-07-19T05:00,23.1,91,0.7,21.6,950.0,100,19.9,257,24.1,0.519,0.497,0.0,,0.25
2023-07-19T06:00,23.5,89,1.3,21.6,950.0,100,21.0,263,23.8,0.511,0.503,4.0,,0.31
2023-07-19T07:00,23.8,88,1.8,21.7,951.1,100,17.7,264,23.8,0.504,0.509,27.0,,0.36
2023-07-19T08:00,24.8,84,4.1,21.8,951.6,100,19.5,266,24.2,0.519,0.517,114.0,,0.51
2023-07-19T09:00,25.2,81,0.7,21.8,952.0,100,24.2,265,24.6,0.516,0.514,186.0,,0.59
2023-07-19T10:00,25.6,82,0.7,22.3,952.1,100,25.9,268,25.5,0.514,0.512,332.0,,0.6
2023-07-19T11:00,25.9,81,0.5,22.3,951.9,100,23.9,263,25.9,0.513,0.51,308.0,,0.64
2023-07-19T12:00,26.2,80,0.1,22.5,951.3,100,24.2,265,26.3,0.507,0.508,306.0,,0.68
2023-07-19T13:00,27.9,75,0.0,23.2,950.6,100,26.3,260,27.5,0.5,0.506,605.0,,0.92
2023-07-19T14:00,27.1,76,0.8,22.6,949.4,100,27.1,265,27.6,0.505,0.504,399.0,,0.84
2023-07-19T15:00,26.7,77,0.0,22.4,948.7,100,27.3,261,27.2,0.501,0.503,199.0,,0.79
2023-07-19T16:00,27.3,75,0.1,22.4,948.5,100,27.7,269,27.2,0.498,0.501,244.0,,0.92
2023-07-19T17:00,25.8,82,1.1,22.5,948.9,100,23.1,274,25.9,0.521,0.522,126.0,,0.6
2023-07-19T18:00,24.9,86,2.7,22.4,949.2,100,18.7,259,25.4,0.516,0.514,48.0,,0.44
2023-07-19T19:00,24.2,88,1.6,22.1,949.7,100,18.1,247,25.0,0.511,0.518,4.0,,0.37
2023-07-19T20:00,24.4,87,1.7,22.1,950.3,100,20.1,260,24.6,0.497,0.515,0.0,,0.4
2023-07-19T21:00,24.4,86,0.1,22.0,950.8,100,16.8,255,24.4,0.496,0.511,0.0,,0.41
2023-07-19T22:00,24.3,86,0.0,21.7,951.3,100,16.5,250,24.2,0.496,0.508,0.0,,0.43
2023-07-19T23:00,24.0,86,0.0,21.6,951.0,100,18.8,253,24.1,0.495,0.506,0.0,,0.4
2023-07-20T00:00,23.8,86,0.0,21.4,950.5,100,19.2,253,24.0,0.494,0.504,0.0,,0.4
2023-07-20T01:00,23.5,87,0.1,21.3,950.0,100,18.5,249,23.9,0.494,0.502,0.0,,0.36
2023-07-20T02:00,23.5,88,0.0,21.4,949.7,100,19.4,255,23.8,0.493,0.501,0.0,,0.35
2023-07-20T03:00,23.6,88,0.0,21.5,949.6,100,18.4,253,23.8,0.492,0.5,0.0,,0.35
2023-07-20T04:00,23.5,88,0.0,21.5,949.7,100,18.2,252,23.8,0.492,0.499,0.0,,0.34
2023-07-20T05:00,23.8,88,0.1,21.7,949.5,100,19.5,265,24.5,0.51,0.502,0.0,,0.36
2023-07-20T06:00,24.0,88,0.5,21.9,949.9,100,19.2,262,24.3,0.51,0.502,5.0,,0.36
2023-07-20T07:00,24.6,85,0.0,22.0,950.7,100,18.4,266,24.4,0.506,0.502,51.0,,0.46
2023-07-20T08:00,25.5,80,0.0,21.8,951.9,100,23.1,272,24.8,0.502,0.501,134.0,,0.65
2023-07-20T09:00,25.1,83,0.3,22.0,951.6,100,18.4,274,24.8,0.504,0.5,69.0,,0.53
2023-07-20T10:00,26.3,77,0.2,22.0,951.7,100,23.4,270,25.4,0.502,0.499,197.0,,0.79
2023-07-20T11:00,26.6,76,0.3,22.0,951.8,100,20.2,267,25.6,0.502,0.498,158.0,,0.84
2023-07-20T12:00,26.7,75,0.3,21.9,951.4,100,23.5,259,26.0,0.502,0.498,239.0,,0.86
2023-07-20T13:00,26.6,79,1.5,22.7,950.9,100,19.7,255,26.3,0.516,0.498,238.0,,0.72
2023-07-20T14:00,26.4,82,2.5,23.0,950.0,100,18.3,250,26.4,0.517,0.505,204.0,,0.63
2023-07-20T15:00,26.7,81,0.8,23.2,949.5,100,20.9,259,26.6,0.516,0.506,235.0,,0.66
2023-07-20T16:00,26.7,79,2.2,22.9,949.3,100,20.2,265,26.5,0.515,0.512,161.0,,0.72
2023-07-20T17:00,25.7,85,0.5,22.9,949.6,100,19.1,270,25.5,0.516,0.512,65.0,,0.51
2023-07-20T18:00,25.0,86,2.4,22.5,950.3,100,20.6,264,25.2,0.518,0.518,29.0,,0.43
2023-07-20T19:00,24.5,88,2.0,22.4,950.9,100,20.1,260,24.8,0.499,0.515,4.0,,0.36
2023-07-20T20:00,24.2,89,0.4,22.3,951.7,100,19.7,255,24.5,0.503,0.511,0.0,,0.34
2023-07-20T21:00,23.9,89,0.5,22.0,952.7,100,18.1,263,24.2,0.507,0.509,0.0,,0.32
2023-07-20T22:00,23.8,89,0.2,21.9,952.8,100,17.9,260,24.1,0.507,0.508,0.0,,0.32
2023-07-20T23:00,23.6,90,0.4,21.9,952.4,100,17.7,258,24.0,0.509,0.506,0.0,,0.28
2023-07-21T00:00,23.3,91,0.3,21.8,951.6,100,16.2,257,23.8,0.51,0.506,0.0,,0.26
2023-07-21T01:00,23.3,91,0.3,21.7,951.4,100,13.8,255,23.7,0.51,0.505,0.0,,0.26
2023-07-21T02:00,23.1,91,0.2,21.6,951.1,100,14.1,264,23.6,0.509,0.504,0.0,,0.25
2023-07-21T03:00,23.1,91,1.0,21.6,951.3,97,14.2,254,23.5,0.516,0.505,0.0,,0.25
2023-07-21T04:00,23.2,92,0.3,21.7,951.6,100,13.0,267,23.5,0.512,0.505,0.0,,0.24
2023-07-21T05:00,23.3,92,0.4,22.0,951.0,100,12.7,278,24.2,0.505,0.501,0.0,,0.22
2023-07-21T06:00,23.4,92,0.9,22.0,952.1,100,10.2,278,24.0,0.514,0.5,5.0,,0.23
2023-07-21T07:00,23.7,91,1.4,22.2,952.5,100,12.3,285,23.9,0.516,0.504,16.0,,0.26
2023-07-21T08:00,24.9,84,1.1,22.1,953.4,100,16.0,284,24.3,0.518,0.507,91.0,,0.49
2023-07-21T09:00,25.2,84,0.5,22.4,953.4,100,16.9,270,24.6,0.515,0.507,108.0,,0.5
2023-07-21T10:00,25.9,83,0.6,22.8,953.8,100,19.4,285,25.4,0.513,0.508,266.0,,0.57
2023-07-21T11:00,26.4,81,0.2,22.8,953.3,100,22.4,276,25.9,0.509,0.507,261.0,,0.66
2023-07-21T12:00,28.0,76,0.2,23.4,953.1,100,21.0,276,27.1,0.505,0.506,544.0,,0.9
2023-07-21T13:00,28.6,73,0.3,23.2,952.1,100,22.8,276,27.9,0.502,0.505,517.0,,1.07
2023-07-21T14:00,26.5,81,3.0,23.0,951.4,100,22.7,267,27.8,0.505,0.51,372.0,,0.64
2023-07-21T15:00,26.0,84,0.5,23.0,951.2,100,21.3,258,27.0,0.508,0.508,73.0,,0.55
2023-07-21T16:00,26.1,84,0.6,23.2,950.9,100,24.6,265,26.8,0.511,0.507,164.0,,0.54
2023-07-21T17:00,25.2,87,0.9,22.8,951.3,100,17.3,282,26.1,0.519,0.503,114.0,,0.43
2023-07-21T18:00,25.2,87,1.5,22.9,951.8,100,16.2,274,25.7,0.518,0.507,30.0,,0.41
2023-07-21T19:00,24.9,89,0.6,23.0,952.6,100,15.9,273,25.3,0.515,0.509,3.0,,0.35
2023-07-21T20:00,24.6,88,0.2,22.4,953.2,100,17.6,270,25.0,0.512,0.508,0.0,,0.38
2023-07-21T21:00,24.3,88,0.4,22.2,953.8,100,17.6,271,24.7,0.512,0.507,0.0,,0.36
2023-07-21T22:00,23.9,90,0.3,22.2,954.1,100,16.9,259,24.5,0.511,0.507,0.0,,0.29
2023-07-21T23:00,23.7,91,0.1,22.1,954.1,100,16.0,256,24.3,0.509,0.506,0.0,,0.27
2023-07-22T00:00,23.6,91,0.4,22.1,953.7,100,16.3,256,24.2,0.51,0.505,0.0,,0.25
2023-07-22T01:00,23.4,92,0.5,22.0,953.1,100,17.6,255,24.1,0.512,0.505,0.0,,0.23
2023-07-22T02:00,23.4,91,0.5,21.8,952.7,100,16.1,260,24.0,0.513,0.505,0.0,,0.26
2023-07-22T03:00,23.4,90,0.7,21.7,952.5,100,17.0,266,23.9,0.515,0.506,0.0,,0.27
2023-07-22T04:00,23.3,90,1.8,21.7,952.6,100,15.5,266,23.8,0.504,0.513,0.0,,0.27
2023-07-22T05:00,23.3,92,0.8,22.0,952.4,100,10.9,262,24.3,0.512,0.505,0.0,,0.22
2023-07-22T06:00,23.5,92,0.1,22.2,952.6,100,11.8,258,24.1,0.509,0.504,3.0,,0.23
2023-07-22T07:00,24.7,86,0.1,22.2,953.4,100,15.7,279,24.3,0.507,0.504,72.0,,0.43
2023-07-22T08:00,25.6,85,0.1,22.8,954.1,100,18.5,278,25.2,0.504,0.503,260.0,,0.51
2023-07-22T09:00,26.7,79,0.1,22.8,954.2,100,21.4,277,26.3,0.5,0.502,416.0,,0.74
2023-07-22T10:00,26.9,78,0.0,22.7,954.0,98,21.6,281,26.6,0.496,0.501,299.0,,0.79
2023-07-22T11:00,28.6,70,0.1,22.7,953.9,100,23.8,280,27.7,0.49,0.5,553.0,,1.16
2023-07-22T12:00,24.9,86,0.7,22.3,953.9,100,24.5,273,27.8,0.495,0.499,396.0,,0.46
2023-07-22T13:00,25.1,84,1.0,22.3,952.9,100,22.0,281,27.2,0.505,0.499,203.0,,0.49
2023-07-22T14:00,26.4,82,1.1,23.1,952.3,100,17.9,261,27.3,0.513,0.499,288.0,,0.62
2023-07-22T15:00,27.5,76,0.7,23.0,951.5,100,27.9,256,28.0,0.511,0.5,512.0,,0.86
2023-07-22T16:00,26.8,75,0.1,22.1,951.4,100,25.7,264,27.5,0.506,0.5,191.0,,0.87
2023-07-22T17:00,25.9,83,0.0,22.8,951.5,100,20.7,247,25.9,0.506,0.51,46.0,,0.56
2023-07-22T18:00,25.1,86,0.0,22.6,951.7,100,18.7,245,25.5,0.504,0.508,28.0,,0.45
2023-07-22T19:00,24.8,87,0.1,22.4,952.4,100,16.5,247,25.2,0.502,0.507,3.0,,0.41
2023-07-22T20:00,24.6,88,0.2,22.4,953.3,100,15.2,248,25.0,0.503,0.506,0.0,,0.38
2023-07-22T21:00,24.6,86,0.1,22.1,953.8,100,16.7,251,24.8,0.502,0.505,0.0,,0.42
2023-07-22T22:00,24.4,87,0.1,22.0,954.5,100,15.3,261,24.6,0.501,0.504,0.0,,0.4
2023-07-22T23:00,24.2,87,0.0,21.8,954.1,100,15.7,254,24.4,0.5,0.503,0.0,,0.4
2023-07-23T00:00,23.9,88,0.0,21.7,953.5,100,16.3,248,24.3,0.498,0.502,0.0,,0.37
2023-07-23T01:00,23.7,88,0.0,21.5,952.8,100,17.8,249,24.1,0.497,0.501,0.0,,0.36
2023-07-23T02:00,23.6,88,0.8,21.5,952.2,100,17.9,245,24.0,0.504,0.501,0.0,,0.34
2023-07-23T03:00,23.6,89,0.0,21.8,952.1,67,17.4,240,23.9,0.502,0.5,0.0,,0.31
2023-07-23T04:00,23.4,90,0.0,21.6,951.9,100,18.0,241,23.8,0.501,0.5,0.0,,0.3
2023-07-23T05:00,23.3,92,0.0,21.9,952.3,100,14.5,235,24.8,0.514,0.512,0.0,,0.22
2023-07-23T06:00,23.7,91,0.0,22.1,952.4,86,11.6,240,24.4,0.51,0.511,6.0,,0.26
2023-07-23T07:00,25.3,83,0.0,22.3,952.8,100,20.4,249,24.7,0.507,0.509,109.0,,0.53
2023-07-23T08:00,26.4,80,0.0,22.7,953.6,100,22.8,258,25.5,0.503,0.508,264.0,,0.68
2023-07-23T09:00,27.2,76,0.2,22.7,954.1,87,24.0,262,26.4,0.5,0.507,410.0,,0.85
2023-07-23T10:00,28.2,74,0.2,23.2,954.0,66,22.6,262,27.5,0.495,0.505,553.0,,0.98
2023-07-23T11:00,29.0,71,0.1,23.2,953.9,100,24.5,266,28.5,0.49,0.504,658.0,,1.17
2023-07-23T12:00,25.8,83,4.2,22.6,953.5,100,24.1,256,28.2,0.52,0.51,365.0,,0.58
2023-07-23T13:00,28.8,74,4.2,23.7,952.3,100,21.1,261,28.9,0.502,0.515,569.0,,1.02
2023-07-23T14:00,25.2,85,3.0,22.5,951.7,100,20.7,253,28.0,0.508,0.517,238.0,,0.47
2023-07-23T15:00,26.5,79,0.7,22.6,951.4,99,22.1,263,27.3,0.512,0.514,130.0,,0.73
2023-07-23T16:00,26.5,78,1.6,22.5,951.3,100,26.8,258,27.5,0.506,0.518,292.0,,0.74
2023-07-23T17:00,26.3,80,0.4,22.5,951.7,100,21.5,252,26.6,0.511,0.51,102.0,,0.69
2023-07-23T18:00,25.1,86,0.7,22.6,952.2,100,13.8,255,26.1,0.513,0.51,55.0,,0.44
2023-07-23T19:00,24.8,85,1.1,22.2,953.1,100,15.0,240,25.5,0.506,0.514,3.0,,0.45
2023-07-23T20:00,24.8,84,1.5,21.9,953.8,90,17.8,249,25.1,0.52,0.513,0.0,,0.5
2023-07-23T21:00,24.2,86,1.6,21.7,954.2,100,18.2,252,24.6,0.518,0.515,0.0,,0.42
2023-07-23T22:00,23.9,88,1.2,21.8,954.7,100,16.5,247,24.3,0.519,0.516,0.0,,0.35
2023-07-23T23:00,23.7,89,0.9,21.9,954.1,100,16.3,245,24.1,0.497,0.515,0.0,,0.31
2023-07-24T00:00,23.5,90,0.2,21.8,953.4,100,15.3,246,24.0,0.498,0.512,0.0,,0.27
2023-07-24T01:00,23.4,90,0.1,21.7,952.9,100,16.7,251,23.9,0.498,0.51,0.0,,0.27
2023-07-24T02:00,23.3,90,0.0,21.6,952.2,100,15.1,252,23.8,0.497,0.508,0.0,,0.27
2023-07-24T03:00,23.2,90,0.0,21.6,952.5,100,14.0,247,23.7,0.496,0.507,0.0,,0.27
2023-07-24T04:00,23.1,91,0.0,21.6,952.5,100,12.8,248,23.6,0.495,0.506,0.0,,0.25
2023-07-24T05:00,23.6,90,0.0,22.0,952.5,100,13.0,251,24.9,0.501,0.503,0.0,,0.28
2023-07-24T06:00,23.8,90,0.0,22.1,953.2,99,12.3,249,24.5,0.5,0.502,3.0,,0.28
2023-07-24T07:00,24.6,86,0.0,22.1,954.0,100,16.9,254,24.6,0.498,0.502,65.0,,0.43
2023-07-24T08:00,25.4,82,0.0,22.1,954.0,99,21.7,259,24.9,0.496,0.501,134.0,,0.59
2023-07-24T09:00,26.7,76,0.1,22.1,954.4,100,25.9,268,25.7,0.494,0.5,294.0,,0.84
2023-07-24T10:00,28.0,70,0.1,22.0,954.2,39,27.0,267,26.8,0.489,0.5,524.0,,1.14
2023-07-24T11:00,29.3,69,0.0,23.0,953.9,35,22.8,265,28.2,0.482,0.499,755.0,,1.27
2023-07-24T12:00,30.0,66,0.1,23.1,953.3,100,25.3,265,29.4,0.475,0.498,841.0,,1.43
2023-07-24T13:00,28.5,71,0.5,22.7,952.0,100,21.0,305,29.2,0.477,0.497,408.0,,1.14
2023-07-24T14:00,27.3,76,0.6,22.8,951.3,100,21.6,267,28.6,0.481,0.496,233.0,,0.85
2023-07-24T15:00,27.5,77,0.6,23.1,951.2,100,20.5,272,28.3,0.487,0.495,251.0,,0.83
2023-07-24T16:00,25.7,80,4.7,22.0,951.2,100,22.4,265,27.3,0.519,0.503,112.0,,0.66
2023-07-24T17:00,25.6,84,1.3,22.6,951.1,100,12.7,277,26.4,0.506,0.512,48.0,,0.53
2023-07-24T18:00,25.6,84,0.8,22.7,951.7,100,15.5,257,25.9,0.512,0.511,32.0,,0.51
2023-07-24T19:00,25.1,86,2.1,22.5,952.6,100,12.6,250,25.4,0.517,0.516,2.0,,0.45
2023-07-24T20:00,24.8,86,0.5,22.3,953.7,100,11.4,259,25.1,0.516,0.514,0.0,,0.44
2023-07-24T21:00,24.3,89,2.6,22.4,954.5,100,12.4,260,24.8,0.512,0.517,0.0,,0.34
2023-07-24T22:00,24.1,89,2.3,22.2,954.8,100,16.1,250,24.5,0.507,0.516,0.0,,0.32
2023-07-24T23:00,23.7,89,0.9,21.9,954.7,100,16.1,246,24.2,0.514,0.514,0.0,,0.31
2023-07-25T00:00,23.5,90,0.5,21.8,954.2,100,16.4,251,24.1,0.515,0.513,0.0,,0.29
2023-07-25T01:00,23.5,90,0.8,21.7,953.7,100,16.8,255,23.9,0.518,0.513,0.0,,0.29
2023-07-25T02:00,23.4,90,0.6,21.6,953.1,100,16.7,263,23.8,0.516,0.514,0.0,,0.29
2023-07-25T03:00,23.3,90,0.7,21.6,952.9,100,16.2,266,23.7,0.517,0.514,0.0,,0.29
2023-07-25T04:00,23.2,90,0.8,21.6,952.7,100,17.3,270,23.6,0.518,0.514,0.0,,0.27
2023-07-25T05:00,23.6,90,0.8,21.8,953.0,100,14.9,262,24.5,0.515,0.511,0.0,,0.29
2023-07-25T06:00,23.5,90,0.5,21.9,953.6,100,13.5,261,24.2,0.515,0.511,2.0,,0.28
2023-07-25T07:00,23.4,92,1.9,22.0,954.3,100,9.1,277,24.1,0.512,0.516,27.0,,0.24
2023-07-25T08:00,23.9,91,0.7,22.4,954.7,100,9.4,266,24.2,0.516,0.514,49.0,,0.27
2023-07-25T09:00,25.3,83,0.9,22.2,955.3,100,16.9,272,24.9,0.518,0.515,186.0,,0.54
2023-07-25T10:00,24.9,84,0.7,22.1,955.2,100,18.4,264,25.0,0.517,0.515,117.0,,0.49
2023-07-25T11:00,25.0,86,0.4,22.4,955.3,100,19.9,264,25.3,0.514,0.514,185.0,,0.46
2023-07-25T12:00,25.0,86,0.3,22.5,954.5,100,19.6,264,25.5,0.513,0.513,160.0,,0.45
2023-07-25T13:00,26.1,83,0.3,23.0,953.8,100,22.0,268,26.5,0.51,0.512,436.0,,0.56
2023-07-25T14:00,27.0,80,0.2,23.3,953.0,100,24.5,270,27.3,0.505,0.511,507.0,,0.7
2023-07-25T15:00,27.2,79,0.2,23.1,952.6,100,24.7,278,27.7,0.501,0.51,446.0,,0.77
2023-07-25T16:00,26.8,75,1.4,22.0,952.7,100,25.3,276,27.7,0.514,0.509,340.0,,0.89
2023-07-25T17:00,25.6,84,0.3,22.7,953.3,100,18.8,282,26.1,0.51,0.511,59.0,,0.53
2023-07-25T18:00,25.0,86,0.1,22.6,953.3,100,16.9,281,25.7,0.508,0.511,35.0,,0.43
2023-07-25T19:00,24.5,88,0.2,22.4,954.1,100,16.2,283,25.3,0.507,0.51,4.0,,0.37
2023-07-25T20:00,24.3,89,0.1,22.4,955.2,100,13.8,290,25.0,0.505,0.509,0.0,,0.33
2023-07-25T21:00,24.0,91,0.0,22.3,955.5,100,13.9,291,24.7,0.504,0.508,0.0,,0.28
2023-07-25T22:00,23.6,92,0.7,22.2,955.9,100,14.3,282,24.5,0.51,0.508,0.0,,0.24
2023-07-25T23:00,23.4,93,0.4,22.2,955.5,100,16.5,280,24.3,0.511,0.508,0.0,,0.2
2023-07-26T00:00,23.1,94,0.2,22.2,955.1,100,14.4,271,24.1,0.51,0.508,0.0,,0.16
2023-07-26T01:00,23.1,95,0.2,22.2,954.5,100,14.4,267,24.1,0.51,0.508,0.0,,0.14
2023-07-26T02:00,23.1,94,0.3,22.0,953.9,100,13.3,273,24.0,0.511,0.508,0.0,,0.18
2023-07-26T03:00,23.1,93,0.3,21.9,953.7,100,12.6,273,23.9,0.51,0.508,0.0,,0.21
2023-07-26T04:00,23.1,93,0.3,21.8,953.8,100,11.9,268,23.8,0.511,0.508,0.0,,0.21
2023-07-26T05:00,23.0,93,1.0,21.8,953.8,100,11.9,265,23.3,0.517,0.52,0.0,,0.2
2023-07-26T06:00,22.8,94,0.1,21.7,954.6,100,9.7,255,23.3,0.501,0.516,5.0,,0.17
2023-07-26T07:00,23.7,90,0.1,22.0,955.4,100,9.8,276,23.8,0.5,0.514,79.0,,0.28
2023-07-26T08:00,24.2,86,0.5,21.7,955.9,100,10.5,278,24.1,0.505,0.514,88.0,,0.43
2023-07-26T09:00,24.7,86,1.0,22.2,956.1,100,16.9,271,24.8,0.514,0.513,204.0,,0.44
2023-07-26T10:00,25.2,85,1.3,22.6,956.4,100,17.3,269,25.6,0.506,0.517,313.0,,0.47
2023-07-26T11:00,25.6,82,0.1,22.2,955.8,100,20.1,279,25.8,0.503,0.516,219.0,,0.61
2023-07-26T12:00,27.2,78,0.1,23.1,955.2,100,24.6,291,27.2,0.497,0.514,605.0,,0.78
2023-07-26T13:00,27.0,80,1.5,23.3,954.2,100,24.5,284,27.7,0.509,0.513,517.0,,0.71
2023-07-26T14:00,27.6,77,0.4,23.1,953.6,100,29.8,285,28.1,0.506,0.513,494.0,,0.87
2023-07-26T15:00,27.0,79,1.8,23.2,953.0,100,28.1,289,27.6,0.503,0.517,263.0,,0.73
2023-07-26T16:00,25.7,84,1.4,22.7,953.0,100,19.9,276,27.0,0.515,0.516,131.0,,0.53
2023-07-26T17:00,25.5,85,1.9,22.8,953.3,100,22.5,286,25.9,0.508,0.516,73.0,,0.48
2023-07-26T18:00,24.9,88,0.5,22.7,954.0,100,20.5,273,25.5,0.509,0.515,49.0,,0.39
2023-07-26T19:00,24.5,89,0.3,22.6,954.7,100,16.7,276,25.1,0.509,0.515,2.0,,0.34
2023-07-26T20:00,24.2,91,0.6,22.6,955.1,100,18.7,259,24.8,0.512,0.515,0.0,,0.29
2023-07-26T21:00,23.9,89,0.4,21.9,955.5,100,19.5,268,24.5,0.512,0.514,0.0,,0.33
2023-07-26T22:00,23.6,89,0.3,21.7,955.7,100,20.2,270,24.2,0.512,0.514,0.0,,0.31
2023-07-26T23:00,23.4,90,0.4,21.6,955.8,100,18.1,275,24.0,0.513,0.514,0.0,,0.29
2023-07-27T00:00,23.2,90,0.6,21.5,955.4,100,18.4,270,23.8,0.515,0.514,0.0,,0.27
2023-07-27T01:00,23.1,90,1.1,21.4,954.8,100,17.3,270,23.7,0.52,0.515,0.0,,0.27
2023-07-27T02:00,23.0,92,0.8,21.6,954.2,100,13.0,264,23.6,0.5,0.516,0.0,,0.22
2023-07-27T03:00,23.0,92,0.7,21.6,953.8,100,12.2,270,23.5,0.507,0.515,0.0,,0.24
2023-07-27T04:00,23.0,91,0.7,21.5,953.7,100,14.1,274,23.4,0.512,0.515,0.0,,0.24
2023-07-27T05:00,23.1,92,1.1,21.7,954.6,100,10.6,260,24.0,0.517,0.514,0.0,,0.22
2023-07-27T06:00,23.1,92,0.5,21.7,954.7,100,14.9,262,23.8,0.516,0.515,2.0,,0.23
2023-07-27T07:00,23.5,90,0.3,21.7,955.3,100,18.7,268,23.8,0.514,0.515,39.0,,0.3
2023-07-27T08:00,23.6,89,0.4,21.7,955.6,100,19.1,270,23.8,0.514,0.515,45.0,,0.32
2023-07-27T09:00,24.4,86,0.4,21.9,956.0,100,19.1,272,24.1,0.514,0.515,87.0,,0.43
2023-07-27T10:00,25.0,83,0.3,22.0,956.0,100,23.9,276,24.5,0.511,0.515,161.0,,0.52
2023-07-27T11:00,25.2,84,0.4,22.3,955.7,100,22.7,272,24.9,0.511,0.514,182.0,,0.52
2023-07-27T12:00,25.8,82,0.5,22.5,955.0,100,22.0,266,25.4,0.511,0.514,237.0,,0.6
2023-07-27T13:00,26.4,79,0.3,22.6,954.5,100,21.3,274,25.9,0.509,0.514,288.0,,0.71
2023-07-27T14:00,25.6,83,0.5,22.5,953.8,100,20.6,266,26.0,0.51,0.513,204.0,,0.56
2023-07-27T15:00,25.6,84,0.4,22.6,953.1,100,25.2,270,25.8,0.511,0.513,124.0,,0.54
2023-07-27T16:00,25.3,85,0.9,22.6,953.1,100,23.4,268,25.6,0.516,0.513,88.0,,0.48
2023-07-27T17:00,24.6,86,0.5,22.1,953.3,100,24.8,279,25.0,0.517,0.516,69.0,,0.44
2023-07-27T18:00,24.3,86,2.0,21.7,953.7,100,24.7,278,24.5,0.506,0.496,20.0,,0.43
2023-07-27T19:00,23.9,88,1.2,21.7,954.3,100,22.3,279,24.1,0.514,0.495,1.0,,0.37
2023-07-27T20:00,23.8,88,0.9,21.7,954.7,100,22.2,278,23.9,0.515,0.497,0.0,,0.34
2023-07-27T21:00,23.6,89,0.8,21.7,955.4,100,20.6,275,23.7,0.515,0.498,0.0,,0.32
2023-07-27T22:00,23.5,89,0.6,21.6,955.9,100,19.3,279,23.5,0.513,0.5,0.0,,0.31
2023-07-27T23:00,23.3,89,0.3,21.3,955.8,100,18.4,271,23.4,0.511,0.5,0.0,,0.32
2023-07-28T00:00,23.1,88,0.2,21.1,955.1,100,19.5,273,23.3,0.508,0.5,0.0,,0.33
2023-07-28T01:00,23.0,88,0.0,20.9,954.4,100,18.9,284,23.2,0.505,0.499,0.0,,0.33
2023-07-28T02:00,22.8,89,0.0,20.8,953.8,100,18.9,284,23.1,0.503,0.499,0.0,,0.32
2023-07-28T03:00,22.8,89,0.0,20.9,953.5,100,17.5,284,23.0,0.501,0.498,0.0,,0.31
2023-07-28T04:00,22.8,89,0.0,20.9,953.4,100,15.7,286,23.0,0.499,0.497,0.0,,0.3
2023-07-28T05:00,23.2,87,0.0,20.8,953.7,100,15.0,291,23.8,0.492,0.483,0.0,,0.38
2023-07-28T06:00,23.5,86,0.0,21.1,954.6,100,12.8,286,23.6,0.49,0.482,4.0,,0.39
2023-07-28T07:00,24.3,84,0.0,21.4,955.3,100,14.8,274,23.8,0.489,0.482,59.0,,0.49
2023-07-28T08:00,25.9,77,0.0,21.5,956.2,100,21.9,284,24.6,0.486,0.481,251.0,,0.78
2023-07-28T09:00,26.5,75,0.2,21.6,956.2,100,28.7,285,25.4,0.484,0.481,346.0,,0.87
2023-07-28T10:00,27.5,71,0.0,21.8,956.2,100,28.4,290,26.2,0.479,0.48,462.0,,1.06
2023-07-28T11:00,28.4,68,0.1,22.0,956.1,100,31.5,289,27.3,0.473,0.48,654.0,,1.22
2023-07-28T12:00,28.8,68,0.1,22.2,955.9,100,30.6,288,28.0,0.466,0.479,681.0,,1.27
2023-07-28T13:00,29.2,66,0.0,22.3,954.4,100,30.9,289,28.7,0.459,0.478,708.0,,1.36
2023-07-28T14:00,27.6,76,1.2,23.0,954.1,100,26.0,292,28.9,0.469,0.478,650.0,,0.88
2023-07-28T15:00,27.9,70,0.9,21.9,953.3,100,27.9,281,28.6,0.476,0.477,407.0,,1.13
2023-07-28T16:00,27.1,73,1.2,21.9,953.2,100,31.0,290,28.4,0.487,0.477,403.0,,0.96
2023-07-28T17:00,25.9,81,0.1,22.3,954.0,100,25.3,285,27.3,0.488,0.479,178.0,,0.65
2023-07-28T18:00,25.0,85,3.8,22.3,954.5,100,16.6,274,26.3,0.505,0.486,67.0,,0.47
2023-07-28T19:00,24.7,86,0.1,22.2,955.0,100,17.6,271,25.5,0.503,0.487,5.0,,0.43
2023-07-28T20:00,24.6,88,0.0,22.6,955.4,100,17.0,275,25.1,0.5,0.487,0.0,,0.36
2023-07-28T21:00,24.5,88,0.0,22.4,956.1,100,15.5,275,24.8,0.497,0.487,0.0,,0.36
2023-07-28T22:00,24.1,89,0.0,22.2,956.6,100,14.4,274,24.6,0.496,0.487,0.0,,0.33
2023-07-28T23:00,23.8,89,0.0,21.9,956.2,100,14.9,277,24.3,0.494,0.486,0.0,,0.32
2023-07-29T00:00,23.5,89,0.0,21.6,955.5,100,14.6,280,24.1,0.492,0.486,0.0,,0.31
2023-07-29T01:00,23.2,89,0.0,21.3,954.8,100,14.6,280,23.8,0.491,0.486,0.0,,0.3
2023-07-29T02:00,22.9,90,0.0,21.2,954.3,100,12.7,278,23.6,0.49,0.485,0.0,,0.27
2023-07-29T03:00,22.6,91,0.0,21.1,954.1,100,12.2,272,23.5,0.489,0.485,0.0,,0.24
2023-07-29T04:00,22.4,92,0.0,21.0,954.3,100,10.5,276,23.3,0.488,0.485,0.0,,0.21
2023-07-29T05:00,23.0,90,0.0,21.3,954.3,85,13.9,280,24.4,0.486,0.479,0.0,,0.28
2023-07-29T06:00,23.2,90,0.0,21.5,955.1,100,12.1,280,24.0,0.485,0.479,6.0,,0.28
2023-07-29T07:00,24.6,83,0.0,21.5,956.2,100,17.0,283,24.3,0.484,0.479,102.0,,0.53
2023-07-29T08:00,25.5,80,0.1,21.9,956.9,100,20.5,285,25.0,0.482,0.478,254.0,,0.64
2023-07-29T09:00,25.8,78,0.1,21.7,957.2,100,22.0,291,25.4,0.48,0.478,233.0,,0.72
2023-07-29T10:00,26.7,75,0.0,21.9,957.2,100,23.4,295,26.3,0.476,0.478,407.0,,0.88
2023-07-29T11:00,27.2,72,0.0,21.6,957.1,100,23.5,293,26.8,0.472,0.478,392.0,,1.02
2023-07-29T12:00,27.6,70,0.0,21.6,956.5,100,23.4,293,27.1,0.467,0.477,376.0,,1.11
2023-07-29T13:00,28.1,69,0.0,21.9,955.5,100,25.1,291,27.6,0.463,0.477,436.0,,1.17
2023-07-29T14:00,27.0,74,0.7,22.0,954.8,100,27.1,292,28.2,0.465,0.476,573.0,,0.92
2023-07-29T15:00,27.9,72,0.3,22.4,954.2,100,23.1,284,28.1,0.464,0.476,393.0,,1.05
2023-07-29T16:00,26.2,77,0.5,21.9,954.0,100,27.9,290,27.8,0.467,0.475,316.0,,0.77
2023-07-29T17:00,26.0,79,0.2,22.1,954.9,100,17.3,266,27.5,0.502,0.477,177.0,,0.69
2023-07-29T18:00,26.0,81,0.0,22.4,955.1,100,15.7,281,26.8,0.498,0.478,69.0,,0.64
2023-07-29T19:00,25.5,80,0.0,21.7,955.4,100,18.9,294,26.1,0.495,0.478,8.0,,0.67
2023-07-29T20:00,25.0,80,0.0,21.2,955.8,100,19.6,290,25.5,0.492,0.478,0.0,,0.64
2023-07-29T21:00,24.4,82,0.0,21.1,956.4,100,17.8,291,25.0,0.49,0.479,0.0,,0.55
2023-07-29T22:00,23.8,85,0.0,21.1,956.9,100,14.5,289,24.6,0.488,0.479,0.0,,0.45
2023-07-29T23:00,23.4,87,0.0,21.2,956.6,100,11.7,279,24.3,0.487,0.479,0.0,,0.36
2023-07-30T00:00,23.0,89,0.0,21.2,955.9,100,10.1,272,24.1,0.486,0.479,0.0,,0.3
2023-07-30T01:00,22.8,90,0.0,21.0,955.4,100,10.9,264,23.9,0.485,0.479,0.0,,0.29
2023-07-30T02:00,22.6,89,0.0,20.8,954.8,100,12.3,267,23.7,0.484,0.479,0.0,,0.29
2023-07-30T03:00,22.4,90,0.0,20.7,954.5,99,12.2,268,23.5,0.483,0.478,0.0,,0.28
2023-07-30T04:00,22.3,91,0.0,20.7,954.6,100,11.9,267,23.3,0.482,0.478,0.0,,0.25
2023-07-30T05:00,22.6,90,0.0,21.0,955.0,100,9.7,266,24.4,0.482,0.479,0.0,,0.26
2023-07-30T06:00,23.0,90,0.0,21.2,955.3,41,8.4,260,24.1,0.482,0.479,5.0,,0.28
2023-07-30T07:00,24.3,85,0.0,21.7,956.1,20,11.7,259,24.5,0.481,0.478,109.0,,0.44
2023-07-30T08:00,25.9,79,0.0,22.0,956.5,42,23.0,271,25.4,0.478,0.478,311.0,,0.7
2023-07-30T09:00,27.0,74,0.1,21.9,957.0,51,25.1,278,26.4,0.474,0.478,487.0,,0.94
2023-07-30T10:00,28.2,68,0.1,21.7,956.8,89,26.3,283,27.5,0.47,0.478,669.0,,1.23
2023-07-30T11:00,29.0,65,0.2,21.9,956.6,58,26.1,288,28.6,0.464,0.477,781.0,,1.39
2023-07-30T12:00,29.4,66,0.0,22.5,956.0,56,24.9,290,29.6,0.456,0.477,845.0,,1.38
2023-07-30T13:00,30.2,61,0.0,21.9,954.7,96,26.5,291,30.3,0.448,0.476,880.0,,1.67
2023-07-30T14:00,29.4,62,0.2,21.4,953.4,78,26.5,278,30.0,0.445,0.476,503.0,,1.54
2023-07-30T15:00,28.5,73,0.6,23.2,953.0,80,20.4,253,30.0,0.448,0.475,580.0,,1.05
2023-07-30T16:00,29.2,66,0.1,22.3,952.7,100,23.7,279,29.8,0.444,0.475,480.0,,1.36
2023-07-30T17:00,27.1,76,2.6,22.4,953.2,100,18.4,270,28.4,0.481,0.474,277.0,,0.88
2023-07-30T18:00,27.0,79,0.0,23.0,953.6,100,11.5,256,27.8,0.479,0.474,118.0,,0.75
2023-07-30T19:00,25.8,82,0.0,22.6,954.0,100,11.7,281,26.9,0.478,0.474,8.0,,0.59
2023-07-30T20:00,25.6,80,0.3,21.9,954.8,100,14.1,267,26.3,0.481,0.474,0.0,,0.65
2023-07-30T21:00,25.3,80,0.0,21.7,955.6,100,17.9,261,25.8,0.48,0.474,0.0,,0.63
2023-07-30T22:00,24.7,82,0.0,21.5,956.0,100,17.4,263,25.3,0.479,0.474,0.0,,0.56
2023-07-30T23:00,24.1,85,0.0,21.5,955.9,100,16.9,268,25.0,0.478,0.474,0.0,,0.45
2023-07-31T00:00,23.7,87,0.0,21.4,955.0,98,15.9,267,24.7,0.477,0.474,0.0,,0.38
2023-07-31T01:00,23.3,88,0.0,21.3,954.3,100,14.8,266,24.4,0.476,0.474,0.0,,0.34
2023-07-31T02:00,23.1,89,0.0,21.2,953.8,100,12.3,265,24.2,0.476,0.473,0.0,,0.31
2023-07-31T03:00,22.9,90,0.0,21.2,953.6,99,12.1,258,24.0,0.475,0.473,0.0,,0.27
2023-07-31T04:00,22.8,90,0.0,21.1,954.0,100,13.2,253,23.8,0.475,0.473,0.0,,0.26
2023-07-31T05:00,23.1,90,0.0,21.4,953.8,100,12.6,257,25.0,0.471,0.473,0.0,,0.28
2023-07-31T06:00,23.3,90,0.0,21.7,954.5,98,9.9,260,24.6,0.471,0.473,5.0,,0.27
2023-07-31T07:00,24.6,85,0.0,22.0,955.2,84,12.4,260,24.9,0.47,0.473,85.0,,0.45
2023-07-31T08:00,26.2,78,0.1,22.0,956.1,87,20.2,268,25.7,0.469,0.472,296.0,,0.76
2023-07-31T09:00,27.0,73,0.1,21.8,956.2,100,24.9,272,26.5,0.466,0.472,428.0,,0.96
2023-07-31T10:00,27.9,69,0.0,21.6,956.4,100,26.7,275,27.3,0.461,0.472,501.0,,1.17
2023-07-31T11:00,28.5,66,0.1,21.6,955.7,100,26.5,277,27.9,0.456,0.472,548.0,,1.31
2023-07-31T12:00,29.2,65,0.0,21.9,955.5,92,25.1,278,28.7,0.449,0.471,643.0,,1.42
2023-07-31T13:00,29.5,64,0.0,22.0,954.2,100,24.1,279,29.3,0.443,0.471,642.0,,1.48
2023-07-31T14:00,26.6,75,0.7,21.8,953.7,87,34.3,257,28.9,0.448,0.471,348.0,,0.86
2023-07-31T15:00,27.6,74,0.3,22.6,953.5,99,24.9,288,28.9,0.447,0.47,495.0,,0.95
2023-07-31T16:00,25.5,84,0.6,22.6,953.0,100,21.8,257,28.5,0.452,0.47,346.0,,0.52
2023-07-31T17:00,26.7,81,0.2,23.2,953.4,94,13.3,283,28.3,0.495,0.48,70.0,,0.67
2023-07-31T18:00,26.1,79,0.5,22.1,953.7,99,19.8,271,27.5,0.499,0.48,92.0,,0.72
2023-07-31T19:00,25.0,84,0.0,22.2,954.3,34,12.4,262,26.6,0.496,0.481,8.0,,0.49
2023-07-31T20:00,25.0,84,0.1,22.1,955.0,91,13.7,273,26.0,0.495,0.481,0.0,,0.5
2023-07-31T21:00,24.6,87,0.2,22.3,955.6,92,9.5,279,25.6,0.494,0.482,0.0,,0.4
2023-07-31T22:00,24.5,87,0.0,22.2,956.0,100,13.4,262,25.3,0.493,0.482,0.0,,0.4
2023-07-31T23:00,24.2,86,0.0,21.8,955.8,99,15.9,264,25.0,0.491,0.482,0.0,,0.42
2023-08-01T00:00,23.7,88,0.0,21.7,955.1,39,15.2,263,24.7,0.489,0.482,0.0,,0.34
2023-08-01T01:00,23.5,89,0.0,21.5,954.3,31,16.1,260,24.5,0.488,0.482,0.0,,0.33
2023-08-01T02:00,23.3,89,0.0,21.4,953.6,80,17.3,258,24.2,0.487,0.482,0.0,,0.31
2023-08-01T03:00,23.3,89,0.0,21.4,953.5,100,15.6,262,24.1,0.486,0.482,0.0,,0.31
2023-08-01T04:00,23.7,88,0.0,21.6,953.7,100,15.9,257,24.1,0.485,0.482,0.0,,0.36
2023-08-01T05:00,23.7,88,0.0,21.6,953.8,100,15.6,262,25.0,0.488,0.485,0.0,,0.35
2023-08-01T06:00,24.0,88,0.0,21.9,954.4,94,15.6,262,24.7,0.487,0.485,5.0,,0.36
2023-08-01T07:00,25.4,81,0.0,21.9,955.0,98,23.1,265,24.9,0.485,0.485,109.0,,0.62
2023-08-01T08:00,26.4,76,0.0,21.8,955.6,100,24.1,271,25.6,0.482,0.485,287.0,,0.83
2023-08-01T09:00,27.0,75,0.2,22.1,956.0,99,24.9,274,26.4,0.48,0.485,394.0,,0.9
2023-08-01T10:00,27.9,72,0.0,22.3,955.8,100,24.5,272,27.4,0.475,0.484,538.0,,1.07
2023-08-01T11:00,29.1,65,0.0,21.9,955.4,100,29.5,272,28.5,0.467,0.484,731.0,,1.4
2023-08-01T12:00,28.9,66,0.2,21.8,954.8,100,25.6,273,28.5,0.465,0.484,417.0,,1.37
2023-08-01T13:00,29.4,62,0.0,21.5,954.1,100,29.9,273,28.6,0.46,0.483,422.0,,1.54
2023-08-01T14:00,29.9,66,0.2,22.8,953.4,100,18.4,298,29.4,0.456,0.483,686.0,,1.44
2023-08-01T15:00,26.9,76,0.8,22.3,953.2,100,16.4,285,29.0,0.463,0.482,338.0,,0.85
2023-08-01T16:00,28.3,71,0.1,22.6,952.9,100,21.1,279,29.0,0.461,0.482,391.0,,1.11
2023-08-01T17:00,26.3,77,0.7,21.8,953.8,100,21.2,288,28.8,0.476,0.482,283.0,,0.8
2023-08-01T18:00,25.6,80,0.1,21.8,954.2,100,15.5,265,27.8,0.475,0.482,113.0,,0.66
2023-08-01T19:00,24.9,82,0.0,21.7,954.3,100,15.5,266,26.8,0.474,0.482,8.0,,0.55
2023-08-01T20:00,24.9,84,0.0,21.9,954.7,100,14.8,257,26.1,0.473,0.482,0.0,,0.51
2023-08-01T21:00,25.0,81,0.0,21.6,955.2,100,20.1,255,25.6,0.473,0.481,0.0,,0.6
2023-08-01T22:00,24.5,83,0.0,21.4,955.7,100,20.9,255,25.3,0.472,0.481,0.0,,0.52
2023-08-01T23:00,24.0,85,0.0,21.3,955.5,100,20.4,256,24.9,0.471,0.481,0.0,,0.44
2023-08-02T00:00,23.6,86,0.0,21.1,955.2,100,19.2,257,24.6,0.471,0.481,0.0,,0.4
2023-08-02T01:00,23.3,87,0.0,21.0,954.9,99,18.1,253,24.4,0.47,0.481,0.0,,0.37
2023-08-02T02:00,23.2,87,0.0,21.0,954.3,69,18.7,254,24.2,0.47,0.48,0.0,,0.36
2023-08-02T03:00,23.0,88,0.0,20.9,954.4,100,17.8,256,24.0,0.47,0.48,0.0,,0.34
2023-08-02T04:00,22.8,89,0.0,20.8,954.4,76,15.8,253,23.8,0.469,0.48,0.0,,0.32
2023-08-02T05:00,23.2,88,0.0,21.2,954.5,100,13.8,255,25.5,0.47,0.48,0.0,,0.33
2023-08-02T06:00,23.6,88,0.0,21.5,955.0,100,14.0,252,25.0,0.47,0.479,4.0,,0.35
2023-08-02T07:00,24.9,81,0.0,21.4,955.7,100,22.2,262,25.0,0.469,0.479,86.0,,0.59
2023-08-02T08:00,25.7,78,0.1,21.6,956.3,100,24.2,267,25.5,0.468,0.479,226.0,,0.73
2023-08-02T09:00,26.4,74,0.0,21.5,956.5,100,26.7,272,26.2,0.464,0.479,362.0,,0.88
2023-08-02T10:00,27.7,68,0.0,21.4,956.9,100,27.6,277,27.3,0.459,0.478,624.0,,1.17
2023-08-02T11:00,28.1,67,0.0,21.4,956.3,100,27.5,276,27.9,0.453,0.478,527.0,,1.25
2023-08-02T12:00,29.0,63,0.1,21.4,955.5,100,27.8,280,28.6,0.448,0.478,604.0,,1.46
2023-08-02T13:00,30.2,59,0.1,21.3,954.7,100,30.2,279,29.4,0.441,0.477,802.0,,1.75
2023-08-02T14:00,29.5,61,0.1,21.2,953.9,100,33.1,271,29.8,0.436,0.477,682.0,,1.61
2023-08-02T15:00,29.6,64,0.1,22.1,953.7,100,24.3,277,29.6,0.432,0.476,474.0,,1.49
2023-08-02T16:00,29.3,64,0.0,21.8,953.4,100,27.4,274,29.5,0.428,0.475,462.0,,1.45
2023-08-02T17:00,28.2,68,0.1,21.7,954.0,100,18.8,277,28.4,0.434,0.475,219.0,,1.22
2023-08-02T18:00,26.7,76,0.0,22.0,954.3,100,15.9,276,27.6,0.434,0.474,66.0,,0.85
2023-08-02T19:00,25.7,78,0.0,21.6,954.9,100,17.4,288,26.8,0.434,0.474,5.0,,0.71
2023-08-02T20:00,25.7,78,0.0,21.6,954.8,100,19.2,262,26.3,0.434,0.473,0.0,,0.72
2023-08-02T21:00,25.0,79,0.0,21.2,955.4,100,22.3,260,25.7,0.434,0.473,0.0,,0.65
2023-08-02T22:00,24.3,81,0.0,20.8,955.7,100,23.0,260,25.3,0.434,0.472,0.0,,0.58
2023-08-02T23:00,23.7,84,0.0,20.7,955.3,100,21.7,259,24.8,0.434,0.472,0.0,,0.48
2023-08-03T00:00,23.3,86,0.0,20.7,954.7,100,20.8,261,24.5,0.435,0.471,0.0,,0.41
2023-08-03T01:00,23.1,86,0.0,20.7,954.6,100,18.4,258,24.2,0.435,0.471,0.0,,0.38
2023-08-03T02:00,23.1,87,0.0,20.8,954.2,100,17.2,250,24.0,0.435,0.47,0.0,,0.37
2023-08-03T03:00,23.4,86,0.0,21.0,954.1,100,16.7,256,24.0,0.436,0.47,0.0,,0.39
2023-08-03T04:00,23.3,87,0.0,21.0,953.8,100,16.1,260,24.0,0.436,0.47,0.0,,0.38
2023-08-03T05:00,23.4,86,0.0,20.9,953.9,100,14.8,256,25.4,0.435,0.469,0.0,,0.41
2023-08-03T06:00,23.7,86,0.0,21.3,954.4,100,14.3,258,24.9,0.436,0.468,5.0,,0.4
2023-08-03T07:00,24.9,81,0.0,21.5,955.1,100,22.0,265,24.9,0.436,0.468,92.0,,0.59
2023-08-03T08:00,25.7,78,0.1,21.6,955.6,100,25.2,272,25.4,0.436,0.468,195.0,,0.71
2023-08-03T09:00,26.7,74,0.0,21.6,955.5,100,27.7,271,26.3,0.432,0.467,409.0,,0.91
2023-08-03T10:00,27.1,71,0.1,21.4,955.9,100,27.7,270,27.0,0.43,0.467,466.0,,1.03
2023-08-03T11:00,28.2,67,0.2,21.4,955.6,100,29.2,273,27.9,0.427,0.466,622.0,,1.28
2023-08-03T12:00,29.1,63,0.2,21.4,955.0,100,32.0,269,28.8,0.422,0.466,764.0,,1.48
2023-08-03T13:00,30.0,59,0.1,21.0,954.1,100,32.2,275,29.4,0.416,0.466,718.0,,1.74
2023-08-03T14:00,30.1,59,0.2,21.1,953.2,100,34.3,274,29.6,0.412,0.465,660.0,,1.75
2023-08-03T15:00,29.1,65,0.0,21.7,953.1,100,27.8,274,29.5,0.407,0.464,516.0,,1.42
2023-08-03T16:00,28.5,66,0.3,21.5,953.0,100,28.2,275,29.0,0.407,0.464,342.0,,1.33
2023-08-03T17:00,26.9,73,0.3,21.7,953.7,100,19.7,294,27.6,0.436,0.465,206.0,,0.95
2023-08-03T18:00,26.2,76,0.0,21.6,953.8,100,18.9,279,26.9,0.435,0.465,71.0,,0.82
2023-08-03T19:00,25.9,76,0.0,21.5,954.4,100,21.7,264,26.2,0.435,0.465,6.0,,0.79
2023-08-03T20:00,25.3,78,0.0,21.3,955.3,100,19.5,265,25.7,0.434,0.464,0.0,,0.7
2023-08-03T21:00,24.7,81,0.0,21.2,955.7,100,18.9,261,25.3,0.434,0.464,0.0,,0.59
2023-08-03T22:00,24.1,84,0.0,21.1,956.0,100,17.5,256,24.9,0.434,0.464,0.0,,0.49
2023-08-03T23:00,23.7,85,0.0,21.0,955.9,100,18.1,253,24.6,0.434,0.463,0.0,,0.45
2023-08-04T00:00,23.5,85,0.0,20.8,955.5,100,17.6,255,24.3,0.434,0.463,0.0,,0.43
2023-08-04T01:00,23.3,86,0.0,20.8,955.2,100,17.1,252,24.1,0.434,0.463,0.0,,0.4
2023-08-04T02:00,23.2,87,0.0,20.9,954.9,100,16.5,250,23.9,0.434,0.463,0.0,,0.37
2023-08-04T03:00,23.1,87,0.0,20.8,955.0,100,15.4,259,23.8,0.434,0.462,0.0,,0.38
2023-08-04T04:00,23.1,87,0.0,20.7,954.8,100,13.8,261,23.7,0.434,0.462,0.0,,0.38
2023-08-04T05:00,23.5,88,0.0,21.4,954.9,97,12.6,257,25.8,0.435,0.462,0.0,,0.35
2023-08-04T06:00,23.8,88,0.0,21.7,955.3,100,11.8,250,25.1,0.435,0.462,4.0,,0.35
2023-08-04T07:00,24.8,84,0.1,21.8,956.0,100,18.0,267,25.1,0.436,0.461,49.0,,0.51
2023-08-04T08:00,25.6,81,0.1,22.2,956.9,70,22.5,264,25.7,0.436,0.461,262.0,,0.61
2023-08-04T09:00,26.4,77,0.1,22.0,957.3,92,23.9,263,26.4,0.433,0.461,385.0,,0.79
2023-08-04T10:00,28.2,68,0.1,21.8,957.0,99,25.2,271,27.8,0.429,0.461,692.0,,1.21
2023-08-04T11:00,29.3,64,0.3,21.8,956.9,95,25.6,268,28.9,0.426,0.46,809.0,,1.45
2023-08-04T12:00,29.7,64,0.0,22.1,956.5,86,25.6,272,29.5,0.419,0.46,698.0,,1.5
2023-08-04T13:00,30.2,61,0.0,22.0,955.9,99,27.1,275,30.3,0.411,0.46,835.0,,1.66
2023-08-04T14:00,30.3,60,0.0,21.8,955.4,92,27.4,272,30.6,0.403,0.459,747.0,,1.71
2023-08-04T15:00,30.6,59,0.0,21.8,954.5,83,24.5,284,30.6,0.397,0.459,637.0,,1.77
2023-08-04T16:00,29.7,62,0.1,21.7,954.4,71,25.6,273,30.4,0.392,0.458,513.0,,1.57
2023-08-04T17:00,29.2,65,0.1,21.9,955.0,97,20.4,279,29.7,0.385,0.454,320.0,,1.41
2023-08-04T18:00,27.7,72,0.0,22.3,955.4,96,16.6,272,28.7,0.384,0.454,117.0,,1.02
2023-08-04T19:00,26.3,77,0.0,22.1,955.9,39,13.6,258,27.7,0.385,0.454,6.0,,0.77
2023-08-04T20:00,25.8,79,0.0,22.0,956.6,7,13.6,259,26.8,0.385,0.453,0.0,,0.69
2023-08-04T21:00,25.5,80,0.0,21.7,957.4,24,18.0,258,26.2,0.385,0.453,0.0,,0.66
2023-08-04T22:00,24.7,82,0.0,21.5,957.8,4,16.2,253,25.7,0.386,0.452,0.0,,0.56
2023-08-04T23:00,24.0,85,0.0,21.4,957.8,5,16.3,248,25.2,0.386,0.452,0.0,,0.44
2023-08-05T00:00,23.5,87,0.0,21.2,957.5,5,17.1,245,24.8,0.387,0.452,0.0,,0.38
2023-08-05T01:00,23.1,89,0.0,21.2,957.1,51,15.1,242,24.5,0.388,0.451,0.0,,0.31
2023-08-05T02:00,22.9,90,0.0,21.2,956.7,59,13.5,245,24.2,0.388,0.451,0.0,,0.27
2023-08-05T03:00,22.8,91,0.0,21.3,956.6,25,11.8,247,24.0,0.389,0.451,0.0,,0.24
2023-08-05T04:00,22.8,91,0.0,21.3,956.8,83,12.6,250,23.9,0.39,0.45,0.0,,0.24
2023-08-05T05:00,23.1,90,0.0,21.4,957.3,83,8.2,247,25.3,0.393,0.449,0.0,,0.27
2023-08-05T06:00,23.3,90,0.0,21.6,958.0,99,10.0,232,24.8,0.393,0.449,5.0,,0.28
2023-08-05T07:00,25.1,81,0.0,21.6,958.8,100,17.5,261,25.0,0.393,0.449,112.0,,0.6
2023-08-05T08:00,26.3,76,0.0,21.6,959.3,63,22.4,265,25.8,0.391,0.449,304.0,,0.83
2023-08-05T09:00,27.3,72,0.0,21.7,959.5,95,23.5,266,26.9,0.388,0.448,488.0,,1.03
2023-08-05T10:00,28.3,67,0.0,21.7,959.2,100,23.4,266,28.2,0.383,0.448,675.0,,1.26
2023-08-05T11:00,29.4,65,0.0,22.2,958.7,92,22.3,271,29.5,0.376,0.448,845.0,,1.41
2023-08-05T12:00,30.3,62,0.0,22.2,958.1,33,22.7,269,30.6,0.368,0.447,874.0,,1.64
2023-08-05T13:00,30.8,60,0.0,22.0,957.4,100,23.8,269,31.2,0.361,0.447,813.0,,1.79
2023-08-05T14:00,30.6,59,0.0,21.8,956.3,85,23.0,269,31.0,0.356,0.446,533.0,,1.78
2023-08-05T15:00,30.3,60,0.1,21.7,955.6,28,24.9,267,31.0,0.351,0.446,584.0,,1.73
2023-08-05T16:00,29.4,62,0.1,21.3,955.5,94,27.2,277,30.8,0.347,0.445,517.0,,1.55
2023-08-05T17:00,28.0,71,0.4,22.1,956.7,56,20.8,284,29.4,0.37,0.445,217.0,,1.11
2023-08-05T18:00,27.1,75,0.0,22.3,957.1,54,15.5,275,28.5,0.369,0.444,104.0,,0.88
2023-08-05T19:00,24.4,84,0.9,21.6,958.0,99,15.8,291,27.4,0.381,0.444,8.0,,0.48
2023-08-05T20:00,22.1,92,3.8,20.8,958.7,100,7.7,349,26.2,0.431,0.444,0.0,,0.2
2023-08-05T21:00,23.3,87,1.3,20.9,958.7,59,6.5,289,25.5,0.449,0.444,0.0,,0.38
2023-08-05T22:00,24.1,86,0.0,21.6,959.0,98,12.4,262,25.0,0.449,0.444,0.0,,0.43
2023-08-05T23:00,24.1,85,0.0,21.5,958.6,85,15.4,254,24.7,0.449,0.444,0.0,,0.44
2023-08-06T00:00,23.4,88,0.0,21.3,957.9,44,13.7,252,24.4,0.448,0.444,0.0,,0.34
2023-08-06T01:00,23.1,90,0.0,21.3,957.4,51,13.4,250,24.1,0.448,0.444,0.0,,0.28
2023-08-06T02:00,22.8,91,0.0,21.2,957.2,26,13.4,246,23.9,0.448,0.444,0.0,,0.26
2023-08-06T03:00,22.6,91,0.0,21.1,957.0,95,13.7,247,23.7,0.448,0.444,0.0,,0.24
2023-08-06T04:00,22.5,92,0.0,21.0,956.9,100,13.1,249,23.6,0.448,0.444,0.0,,0.23
2023-08-06T05:00,23.0,90,0.0,21.4,957.3,99,12.3,249,26.2,0.454,0.447,0.0,,0.27
2023-08-06T06:00,23.5,90,0.0,21.7,958.0,53,11.6,254,25.5,0.454,0.447,5.0,,0.29
2023-08-06T07:00,25.0,82,0.1,21.7,958.5,30,19.5,265,25.5,0.453,0.447,108.0,,0.56
2023-08-06T08:00,26.0,77,0.1,21.7,958.7,9,23.0,271,26.0,0.451,0.447,287.0,,0.77
2023-08-06T09:00,27.3,70,0.0,21.4,958.6,34,25.3,275,27.0,0.447,0.447,518.0,,1.07
2023-08-06T10:00,27.9,68,0.1,21.3,958.4,56,26.6,279,28.0,0.442,0.447,627.0,,1.21
2023-08-06T11:00,29.1,64,0.5,21.5,958.1,80,24.5,280,28.7,0.441,0.447,654.0,,1.46
2023-08-06T12:00,30.2,59,0.2,21.4,957.2,68,26.8,277,29.7,0.435,0.447,824.0,,1.75
2023-08-06T13:00,30.8,57,0.1,21.2,956.3,24,27.3,278,30.4,0.427,0.447,852.0,,1.92
2023-08-06T14:00,31.3,54,0.0,21.0,955.2,27,28.1,279,30.9,0.418,0.447,833.0,,2.08
2023-08-06T15:00,31.2,53,0.0,20.6,954.5,22,27.0,280,31.0,0.41,0.447,717.0,,2.11
2023-08-06T16:00,30.4,56,0.0,20.5,954.0,75,30.6,282,30.7,0.404,0.446,535.0,,1.92
2023-08-06T17:00,28.5,65,0.0,21.3,955.3,89,22.7,280,29.6,0.408,0.447,257.0,,1.35
2023-08-06T18:00,27.6,70,0.0,21.6,955.6,36,16.6,274,28.6,0.406,0.447,116.0,,1.11
2023-08-06T19:00,26.4,76,0.0,21.8,955.9,89,13.0,270,27.5,0.406,0.447,7.0,,0.83
2023-08-06T20:00,25.8,77,0.0,21.5,956.5,89,13.8,261,26.7,0.406,0.447,0.0,,0.76
2023-08-06T21:00,25.2,77,0.0,20.8,957.0,100,18.9,262,26.0,0.406,0.447,0.0,,0.75
2023-08-06T22:00,24.5,80,0.0,20.7,957.2,100,19.9,264,25.5,0.405,0.446,0.0,,0.62
2023-08-06T23:00,23.9,83,0.0,20.9,956.9,100,17.9,260,25.0,0.405,0.446,0.0,,0.49
2023-08-07T00:00,23.3,86,0.0,20.8,956.4,100,16.8,255,24.7,0.405,0.446,0.0,,0.4
2023-08-07T01:00,23.0,87,0.0,20.8,955.7,100,15.5,257,24.4,0.405,0.446,0.0,,0.35
2023-08-07T02:00,22.7,88,0.0,20.7,955.2,100,15.0,259,24.1,0.406,0.446,0.0,,0.32
2023-08-07T03:00,22.5,89,0.0,20.6,955.1,100,14.2,261,23.9,0.406,0.446,0.0,,0.31
2023-08-07T04:00,22.3,89,0.0,20.5,954.8,100,13.8,261,23.6,0.406,0.445,0.0,,0.29
2023-08-07T05:00,22.7,89,0.0,20.7,954.8,100,13.0,265,25.8,0.405,0.444,0.0,,0.31
2023-08-07T06:00,23.1,88,0.0,21.1,955.3,100,12.5,258,25.1,0.406,0.444,5.0,,0.33
2023-08-07T07:00,24.6,82,0.1,21.3,956.0,100,19.6,264,25.1,0.406,0.444,78.0,,0.56
2023-08-07T08:00,25.4,79,0.1,21.5,956.4,100,26.1,263,25.6,0.405,0.443,228.0,,0.69
2023-08-07T09:00,26.6,74,0.1,21.5,956.9,100,24.2,266,26.4,0.403,0.443,370.0,,0.92
2023-08-07T10:00,27.5,69,0.0,21.2,956.6,100,24.5,267,27.1,0.399,0.443,443.0,,1.14
2023-08-07T11:00,28.4,66,0.1,21.4,956.2,100,26.3,271,28.1,0.394,0.443,596.0,,1.33
2023-08-07T12:00,29.5,62,0.0,21.6,955.5,100,27.0,271,29.1,0.388,0.443,740.0,,1.55
2023-08-07T13:00,30.2,60,0.1,21.6,954.8,100,26.1,277,30.2,0.38,0.442,891.0,,1.72
2023-08-07T14:00,30.4,57,0.1,20.8,954.1,100,25.7,276,30.4,0.375,0.442,661.0,,1.87
2023-08-07T15:00,30.7,55,0.0,20.6,953.7,100,26.9,278,30.7,0.368,0.442,689.0,,1.98
2023-08-07T16:00,30.3,55,0.1,20.4,953.2,99,26.5,277,30.3,0.364,0.442,486.0,,1.91
2023-08-07T17:00,28.9,64,0.1,21.3,954.1,95,21.4,299,29.3,0.367,0.441,312.0,,1.45
2023-08-07T18:00,27.9,68,0.0,21.4,954.3,100,17.4,294,28.4,0.365,0.441,104.0,,1.22
2023-08-07T19:00,26.4,74,0.0,21.4,954.8,100,14.2,297,27.3,0.365,0.441,7.0,,0.9
2023-08-07T20:00,25.8,78,0.0,21.6,955.5,100,12.2,284,26.5,0.365,0.44,0.0,,0.74
2023-08-07T21:00,25.4,76,0.0,21.0,955.7,100,15.5,274,25.9,0.366,0.44,0.0,,0.76
2023-08-07T22:00,24.6,79,0.0,20.8,955.9,100,18.0,270,25.4,0.366,0.44,0.0,,0.63
2023-08-07T23:00,24.0,83,0.0,20.8,955.5,98,18.0,268,24.9,0.366,0.44,0.0,,0.52
2023-08-08T00:00,23.4,85,0.0,20.8,955.0,100,15.6,262,24.6,0.367,0.439,0.0,,0.42
2023-08-08T01:00,23.0,87,0.0,20.8,954.6,100,14.1,255,24.3,0.367,0.439,0.0,,0.35
2023-08-08T02:00,22.7,88,0.0,20.7,954.3,100,14.9,255,24.0,0.368,0.439,0.0,,0.32
2023-08-08T03:00,22.5,89,0.0,20.7,954.1,100,14.1,264,23.8,0.368,0.439,0.0,,0.29
2023-08-08T04:00,22.3,90,0.0,20.6,954.2,100,13.3,267,23.6,0.369,0.438,0.0,,0.27
2023-08-08T05:00,22.9,89,0.0,20.9,954.9,100,13.0,270,25.9,0.368,0.437,0.0,,0.32
2023-08-08T06:00,23.4,87,0.0,21.2,955.3,100,11.9,268,25.2,0.368,0.437,3.0,,0.36
2023-08-08T07:00,24.5,82,0.0,21.3,956.1,100,18.0,269,25.1,0.368,0.437,70.0,,0.54
2023-08-08T08:00,25.3,78,0.0,21.3,956.5,100,23.8,269,25.5,0.367,0.437,196.0,,0.7
2023-08-08T09:00,26.7,73,0.0,21.3,957.0,100,22.3,272,26.5,0.364,0.436,398.0,,0.96
2023-08-08T10:00,27.6,69,0.2,21.4,957.1,100,21.6,272,27.7,0.362,0.436,599.0,,1.14
2023-08-08T11:00,28.7,64,0.2,21.3,956.6,100,22.3,271,28.9,0.359,0.436,722.0,,1.4
2023-08-08T12:00,29.8,60,0.2,21.2,956.1,100,22.9,277,29.9,0.354,0.436,799.0,,1.68
2023-08-08T13:00,30.4,60,0.1,21.8,955.6,100,22.0,275,30.8,0.348,0.435,807.0,,1.73
2023-08-08T14:00,30.0,61,0.2,21.5,955.0,100,22.6,295,31.3,0.342,0.435,797.0,,1.67
2023-08-08T15:00,30.3,60,0.0,21.6,954.7,100,20.9,285,30.8,0.338,0.435,452.0,,1.73
2023-08-08T16:00,30.3,60,0.0,21.6,954.3,100,19.8,282,30.3,0.334,0.434,335.0,,1.73
2023-08-08T17:00,27.7,69,0.0,21.5,955.0,98,13.8,264,29.4,0.338,0.437,258.0,,1.16
2023-08-08T18:00,27.6,72,0.0,22.1,955.4,100,10.1,268,28.5,0.338,0.436,109.0,,1.03
2023-08-08T19:00,26.6,77,0.0,22.3,955.8,100,8.3,265,27.6,0.338,0.436,7.0,,0.79
2023-08-08T20:00,26.1,78,0.0,22.1,956.5,100,8.7,275,26.8,0.339,0.436,0.0,,0.73
2023-08-08T21:00,25.6,80,0.0,21.9,957.1,98,9.4,272,26.3,0.339,0.436,0.0,,0.65
2023-08-08T22:00,24.9,82,0.0,21.5,957.5,38,10.4,268,25.8,0.34,0.435,0.0,,0.58
2023-08-08T23:00,24.2,83,0.0,21.1,957.3,49,11.9,270,25.3,0.341,0.435,0.0,,0.52
2023-08-09T00:00,23.7,85,0.0,20.9,956.8,90,12.6,268,24.8,0.341,0.435,0.0,,0.45
2023-08-09T01:00,23.1,87,0.0,20.8,956.3,100,12.3,265,24.5,0.342,0.434,0.0,,0.37
2023-08-09T02:00,22.7,89,0.0,20.8,956.2,97,11.5,266,24.2,0.343,0.434,0.0,,0.31
2023-08-09T03:00,22.3,91,0.0,20.8,956.2,100,11.8,258,23.9,0.343,0.434,0.0,,0.24
2023-08-09T04:00,22.1,93,0.0,20.9,956.3,99,10.4,256,23.7,0.344,0.434,0.0,,0.19
2023-08-09T05:00,22.6,92,0.0,21.3,957.0,100,6.8,270,25.2,0.344,0.433,0.0,,0.21
2023-08-09T06:00,23.1,91,0.0,21.6,957.4,99,5.6,255,24.8,0.344,0.433,4.0,,0.25
2023-08-09T07:00,24.3,88,0.0,22.1,958.4,100,8.8,261,25.1,0.345,0.432,106.0,,0.37
2023-08-09T08:00,25.8,81,0.1,22.3,959.0,100,15.7,286,26.0,0.345,0.432,269.0,,0.64
2023-08-09T09:00,27.3,72,0.0,21.9,959.2,100,20.3,290,27.1,0.342,0.432,472.0,,1.0
2023-08-09T10:00,28.6,67,0.0,21.8,959.2,100,20.9,289,28.5,0.337,0.432,697.0,,1.31
2023-08-09T11:00,29.6,61,0.0,21.3,959.3,100,20.5,292,29.9,0.33,0.431,828.0,,1.61
2023-08-09T12:00,30.1,58,0.1,21.1,958.7,100,20.9,294,30.9,0.324,0.431,864.0,,1.77
2023-08-09T13:00,30.5,56,0.2,20.8,957.7,100,21.4,299,31.4,0.319,0.431,781.0,,1.91
2023-08-09T14:00,30.8,56,0.1,21.1,957.1,100,20.8,300,31.8,0.313,0.43,769.0,,1.95
2023-08-09T15:00,31.1,55,0.0,21.0,956.2,100,20.6,299,31.9,0.307,0.43,687.0,,2.04
2023-08-09T16:00,30.8,55,0.0,20.8,955.9,100,21.5,301,31.5,0.302,0.43,484.0,,1.99
2023-08-09T17:00,28.7,64,0.0,21.3,956.3,100,15.9,308,30.1,0.305,0.43,218.0,,1.41
2023-08-09T18:00,28.2,69,0.0,22.1,956.7,100,16.0,306,29.1,0.304,0.43,97.0,,1.17
2023-08-09T19:00,26.6,78,0.0,22.5,957.2,100,10.1,272,28.0,0.305,0.43,7.0,,0.75
2023-08-09T20:00,25.8,83,0.0,22.6,957.7,100,8.2,241,27.2,0.305,0.429,0.0,,0.58
2023-08-09T21:00,25.3,82,0.0,22.0,958.1,100,13.0,231,26.5,0.306,0.429,0.0,,0.57
2023-08-09T22:00,25.0,82,0.2,21.7,958.3,100,13.9,249,26.1,0.309,0.429,0.0,,0.57
2023-08-09T23:00,24.5,84,0.0,21.5,958.4,100,13.3,267,25.6,0.31,0.428,0.0,,0.5
2023-08-10T00:00,24.0,85,0.0,21.3,958.0,100,12.0,286,25.2,0.31,0.428,0.0,,0.45
2023-08-10T01:00,23.5,87,0.0,21.2,957.6,100,11.5,290,24.8,0.311,0.428,0.0,,0.38
2023-08-10T02:00,23.0,90,0.0,21.2,957.1,97,10.6,298,24.5,0.312,0.428,0.0,,0.29
2023-08-10T03:00,22.6,92,0.0,21.2,957.2,43,9.1,304,24.2,0.313,0.427,0.0,,0.22
2023-08-10T04:00,22.2,94,0.0,21.2,957.6,18,7.1,300,23.9,0.314,0.427,0.0,,0.17
2023-08-10T05:00,22.8,93,0.0,21.6,957.2,10,8.9,297,26.4,0.311,0.426,0.0,,0.19
2023-08-10T06:00,23.2,92,0.0,21.9,957.9,64,8.9,297,25.6,0.312,0.426,4.0,,0.22
2023-08-10T07:00,24.5,85,0.0,21.9,958.9,16,11.6,300,25.7,0.312,0.426,113.0,,0.45
2023-08-10T08:00,25.8,80,0.1,22.0,959.5,42,17.1,295,26.5,0.312,0.425,318.0,,0.67
2023-08-10T09:00,27.1,73,0.1,21.8,959.8,41,16.7,295,27.6,0.31,0.425,470.0,,0.96
2023-08-10T10:00,28.3,68,0.1,21.8,960.0,60,16.3,292,29.0,0.307,0.425,692.0,,1.23
2023-08-10T11:00,29.2,64,0.1,21.6,959.6,85,16.1,290,30.4,0.302,0.425,792.0,,1.47
2023-08-10T12:00,30.0,62,0.1,21.8,959.0,56,15.7,290,31.5,0.297,0.424,863.0,,1.63
2023-08-10T13:00,30.5,61,0.0,22.2,958.3,44,14.5,289,32.5,0.289,0.424,858.0,,1.68
2023-08-10T14:00,30.7,58,0.0,21.5,957.2,89,13.3,289,32.8,0.283,0.424,714.0,,1.85
2023-08-10T15:00,30.7,57,0.0,21.2,956.5,45,11.9,272,32.6,0.279,0.423,525.0,,1.9
2023-08-10T16:00,27.6,70,0.1,21.8,956.4,55,26.9,330,31.9,0.277,0.423,418.0,,1.09
2023-08-10T17:00,28.5,64,0.1,21.1,956.5,45,18.4,287,30.8,0.275,0.426,237.0,,1.4
2023-08-10T18:00,27.7,70,0.0,21.8,956.9,12,13.8,279,29.6,0.274,0.426,120.0,,1.1
2023-08-10T19:00,26.5,78,0.0,22.2,957.4,3,12.0,279,28.4,0.274,0.425,6.0,,0.78
2023-08-10T20:00,26.1,79,0.0,22.3,958.0,14,13.9,291,27.5,0.275,0.425,0.0,,0.7
2023-08-10T21:00,25.4,81,0.0,21.9,958.5,11,11.2,291,26.8,0.276,0.425,0.0,,0.61
2023-08-10T22:00,24.8,84,0.0,22.0,958.8,54,10.1,297,26.2,0.277,0.424,0.0,,0.49
2023-08-10T23:00,24.5,85,0.0,21.9,958.6,68,11.8,297,25.8,0.278,0.424,0.0,,0.45
2023-08-11T00:00,24.1,86,0.0,21.6,958.1,86,13.4,294,25.4,0.278,0.424,0.0,,0.41
2023-08-11T01:00,23.7,87,0.0,21.5,957.9,90,13.2,299,25.1,0.279,0.423,0.0,,0.37
2023-08-11T02:00,23.2,89,0.0,21.4,957.5,32,12.9,300,24.8,0.28,0.423,0.0,,0.3
2023-08-11T03:00,22.8,91,0.0,21.3,957.3,98,12.6,297,24.5,0.281,0.423,0.0,,0.24
2023-08-11T04:00,22.5,92,0.0,21.2,957.4,99,12.6,297,24.3,0.282,0.423,0.0,,0.22
2023-08-11T05:00,22.8,91,0.0,21.3,957.9,7,11.8,301,26.9,0.281,0.421,0.0,,0.24
2023-08-11T06:00,23.1,91,0.0,21.6,958.1,23,10.4,290,26.0,0.282,0.421,4.0,,0.25
2023-08-11T07:00,24.3,86,0.0,21.8,958.8,57,17.9,300,25.9,0.282,0.421,115.0,,0.43
2023-08-11T08:00,25.6,79,0.1,21.8,958.9,58,20.5,304,26.5,0.281,0.42,268.0,,0.68
2023-08-11T09:00,26.8,74,0.1,21.8,959.3,79,20.3,307,27.5,0.279,0.42,456.0,,0.91
2023-08-11T10:00,28.0,68,0.1,21.4,959.3,63,19.1,306,29.0,0.275,0.42,691.0,,1.22
2023-08-11T11:00,29.1,62,0.0,21.0,958.9,27,17.4,304,30.5,0.269,0.419,851.0,,1.53
2023-08-11T12:00,29.9,58,0.0,20.6,958.2,35,16.6,304,31.7,0.262,0.419,891.0,,1.78
2023-08-11T13:00,30.5,55,0.0,20.4,957.3,33,16.9,304,32.6,0.255,0.419,871.0,,1.96
2023-08-11T14:00,30.7,55,0.0,20.6,956.4,87,16.8,298,33.0,0.249,0.418,775.0,,1.99
2023-08-11T15:00,31.1,55,0.0,21.1,955.6,81,18.0,299,33.2,0.243,0.418,725.0,,2.01
2023-08-11T16:00,30.8,56,0.0,21.1,955.0,82,16.5,302,32.8,0.239,0.418,529.0,,1.93
2023-08-11T17:00,29.8,58,0.0,20.5,955.1,100,14.3,304,31.2,0.248,0.418,297.0,,1.77
2023-08-11T18:00,28.9,64,0.0,21.5,955.4,35,12.8,302,30.1,0.247,0.418,122.0,,1.43
2023-08-11T19:00,27.5,72,0.0,22.0,956.1,46,11.5,309,28.8,0.247,0.417,5.0,,1.02
2023-08-11T20:00,27.0,71,0.0,21.3,957.0,93,15.9,298,27.8,0.248,0.417,0.0,,1.02
2023-08-11T21:00,26.2,73,0.0,21.0,957.5,14,17.4,297,27.1,0.248,0.417,0.0,,0.91
2023-08-11T22:00,25.5,78,0.0,21.3,958.0,25,16.5,293,26.5,0.248,0.417,0.0,,0.73
2023-08-11T23:00,24.9,81,0.0,21.4,957.9,21,15.9,295,26.0,0.249,0.416,0.0,,0.6
2023-08-12T00:00,24.3,83,0.0,21.3,957.6,3,15.8,297,25.6,0.249,0.416,0.0,,0.5
2023-08-12T01:00,23.6,86,0.0,21.2,957.1,8,14.7,298,25.2,0.25,0.416,0.0,,0.4
2023-08-12T02:00,23.2,89,0.0,21.2,956.9,24,12.4,296,24.8,0.251,0.415,0.0,,0.33
2023-08-12T03:00,22.8,90,0.0,21.1,956.6,80,11.9,299,24.5,0.252,0.415,0.0,,0.26
2023-08-12T04:00,22.5,92,0.0,21.0,957.0,100,11.6,296,24.2,0.253,0.415,0.0,,0.23
2023-08-12T05:00,22.9,91,0.0,21.3,957.0,96,10.0,300,26.5,0.253,0.413,0.0,,0.25
2023-08-12T06:00,23.1,90,0.0,21.5,957.5,100,10.6,298,25.8,0.253,0.413,4.0,,0.27
2023-08-12T07:00,24.2,87,0.0,21.8,958.3,99,12.3,302,25.8,0.254,0.412,112.0,,0.4
2023-08-12T08:00,25.6,80,0.0,21.8,958.7,100,16.3,301,26.6,0.252,0.412,316.0,,0.67
2023-08-12T09:00,27.1,71,0.0,21.5,959.3,100,17.9,292,28.0,0.25,0.412,535.0,,1.03
2023-08-12T10:00,28.3,66,0.1,21.3,959.3,100,17.4,288,29.5,0.246,0.412,709.0,,1.31
2023-08-12T11:00,29.4,61,0.0,21.0,958.6,99,17.0,291,30.9,0.241,0.411,808.0,,1.61
2023-08-12T12:00,30.2,59,0.0,21.3,958.0,99,17.9,289,32.2,0.234,0.411,879.0,,1.76
2023-08-12T13:00,30.9,58,0.0,21.7,956.9,92,17.8,288,33.1,0.227,0.411,887.0,,1.88
2023-08-12T14:00,31.1,54,0.0,20.8,955.9,83,19.1,286,33.1,0.222,0.41,620.0,,2.06
2023-08-12T15:00,31.7,52,0.0,20.7,954.7,75,20.5,288,33.3,0.216,0.41,686.0,,2.23
2023-08-12T16:00,31.4,51,0.0,20.2,954.3,87,23.3,292,33.0,0.212,0.41,543.0,,2.23
2023-08-12T17:00,30.6,53,0.1,19.9,954.6,99,22.2,290,31.9,0.21,0.407,337.0,,2.05
2023-08-12T18:00,28.6,65,0.0,21.3,955.3,100,17.0,291,30.4,0.209,0.407,78.0,,1.38
2023-08-12T19:00,27.6,68,0.0,21.2,955.9,100,15.8,294,29.1,0.209,0.407,5.0,,1.18
2023-08-12T20:00,26.9,70,0.0,21.0,956.6,100,18.5,299,28.1,0.209,0.407,0.0,,1.05
2023-08-12T21:00,26.0,74,0.0,20.9,957.2,100,20.5,294,27.2,0.209,0.407,0.0,,0.88
2023-08-12T22:00,25.1,76,0.0,20.6,957.5,100,20.4,296,26.5,0.21,0.406,0.0,,0.76
2023-08-12T23:00,24.3,79,0.0,20.4,957.4,100,18.5,297,25.9,0.21,0.406,0.0,,0.64
2023-08-13T00:00,23.7,82,0.0,20.4,956.7,95,16.3,295,25.4,0.21,0.406,0.0,,0.53
2023-08-13T01:00,23.3,85,0.0,20.5,956.1,100,14.4,292,25.0,0.211,0.406,0.0,,0.44
2023-08-13T02:00,22.8,88,0.0,20.7,955.6,98,12.4,292,24.6,0.212,0.405,0.0,,0.34
2023-08-13T03:00,22.4,90,0.0,20.7,955.4,100,9.7,292,24.3,0.213,0.405,0.0,,0.27
2023-08-13T04:00,22.1,92,0.0,20.8,955.6,100,7.8,292,24.1,0.213,0.405,0.0,,0.21
2023-08-13T05:00,22.5,92,0.0,21.2,956.3,100,6.7,286,26.4,0.213,0.402,0.0,,0.21
2023-08-13T06:00,23.0,91,0.0,21.4,956.6,100,6.9,264,25.7,0.214,0.402,4.0,,0.26
2023-08-13T07:00,24.1,84,0.0,21.3,957.3,100,10.4,272,25.8,0.214,0.402,110.0,,0.47
2023-08-13T08:00,25.4,79,0.0,21.4,957.8,99,14.5,276,26.7,0.213,0.402,304.0,,0.69
2023-08-13T09:00,26.7,73,0.0,21.6,958.0,100,13.3,272,28.0,0.211,0.401,490.0,,0.93
2023-08-13T10:00,27.7,69,0.2,21.4,957.9,100,16.6,265,29.4,0.21,0.401,624.0,,1.16
2023-08-13T11:00,29.2,62,0.1,21.0,957.3,100,17.0,274,31.0,0.206,0.401,788.0,,1.55
2023-08-13T12:00,30.2,56,0.0,20.6,956.3,100,17.9,280,32.0,0.201,0.401,772.0,,1.87
2023-08-13T13:00,31.2,51,0.0,20.0,955.4,99,18.9,279,33.2,0.194,0.401,901.0,,2.21
2023-08-13T14:00,31.9,48,0.0,19.5,954.6,100,18.9,278,33.9,0.187,0.4,855.0,,2.46
2023-08-13T15:00,32.0,47,0.0,19.4,953.8,100,19.0,280,34.0,0.182,0.4,675.0,,2.49
2023-08-13T16:00,31.8,46,0.0,18.8,953.6,100,19.7,278,33.3,0.178,0.4,428.0,,2.52
2023-08-13T17:00,29.3,56,0.0,19.7,954.8,100,19.6,287,31.4,0.184,0.405,256.0,,1.79
2023-08-13T18:00,27.3,67,0.0,20.6,955.6,100,18.0,273,30.1,0.184,0.405,88.0,,1.2
2023-08-13T19:00,26.5,73,0.0,21.4,956.4,99,9.0,275,28.9,0.184,0.404,4.0,,0.92
2023-08-13T20:00,25.9,76,0.0,21.5,956.5,100,7.6,262,27.9,0.184,0.404,0.0,,0.79
2023-08-13T21:00,25.5,78,0.0,21.5,957.0,100,7.5,253,27.2,0.185,0.404,0.0,,0.71
2023-08-13T22:00,25.2,79,0.0,21.3,957.1,100,10.9,253,26.6,0.186,0.404,0.0,,0.67
2023-08-13T23:00,24.8,78,0.0,20.8,956.9,100,15.0,260,26.1,0.186,0.404,0.0,,0.67
2023-08-14T00:00,24.1,81,0.0,20.7,956.4,72,14.1,267,25.6,0.187,0.403,0.0,,0.57
2023-08-14T01:00,23.5,85,0.0,20.8,956.3,100,11.4,259,25.2,0.188,0.403,0.0,,0.43
2023-08-14T02:00,23.1,87,0.0,20.8,955.7,91,10.6,252,24.8,0.189,0.403,0.0,,0.36
2023-08-14T03:00,22.6,89,0.0,20.7,955.9,100,10.7,258,24.5,0.189,0.403,0.0,,0.31
2023-08-14T04:00,22.3,90,0.0,20.6,956.0,94,10.0,257,24.2,0.19,0.402,0.0,,0.27
2023-08-14T05:00,22.7,90,0.0,21.0,956.1,91,8.6,248,26.0,0.188,0.399,0.0,,0.28
2023-08-14T06:00,23.1,89,0.0,21.2,957.0,100,7.3,250,25.5,0.189,0.399,3.0,,0.32
2023-08-14T07:00,24.1,84,0.0,21.2,958.2,80,9.4,252,25.6,0.189,0.398,97.0,,0.48
2023-08-14T08:00,25.6,77,0.0,21.3,958.8,93,15.2,266,26.6,0.189,0.398,310.0,,0.75
2023-08-14T09:00,26.7,71,0.1,21.1,958.7,43,16.2,269,27.9,0.187,0.398,459.0,,1.01
2023-08-14T10:00,28.1,64,0.0,20.7,958.4,94,16.6,269,29.6,0.184,0.398,669.0,,1.36
2023-08-14T11:00,29.6,58,0.0,20.3,958.0,71,17.7,275,31.3,0.179,0.398,826.0,,1.75
2023-08-14T12:00,30.4,53,0.0,19.9,957.1,72,17.2,280,32.5,0.173,0.397,828.0,,2.02
2023-08-14T13:00,31.3,51,0.0,20.1,956.4,97,17.5,279,33.9,0.167,0.397,928.0,,2.22
2023-08-14T14:00,31.9,50,0.0,20.4,955.3,100,17.1,278,34.7,0.16,0.397,863.0,,2.34
2023-08-14T15:00,32.0,50,0.0,20.1,954.8,100,17.7,283,34.8,0.155,0.397,671.0,,2.39
2023-08-14T16:00,31.7,50,0.0,19.9,954.3,99,16.8,280,34.2,0.152,0.396,463.0,,2.34
2023-08-14T17:00,29.9,56,0.0,20.3,954.8,100,17.8,278,32.4,0.16,0.398,308.0,,1.84
2023-08-14T18:00,28.6,63,0.0,21.0,955.3,100,12.1,280,30.8,0.16,0.398,40.0,,1.43
2023-08-14T19:00,27.4,70,0.1,21.3,955.9,99,11.6,330,29.5,0.161,0.398,3.0,,1.11
2023-08-14T20:00,26.5,76,0.1,21.9,956.2,100,8.6,345,28.6,0.163,0.398,0.0,,0.82
2023-08-14T21:00,26.0,80,0.0,22.2,957.0,100,7.0,235,27.8,0.163,0.398,0.0,,0.69
2023-08-14T22:00,25.5,81,0.0,21.9,957.2,83,5.4,222,27.2,0.164,0.397,0.0,,0.64
2023-08-14T23:00,25.3,78,0.0,21.3,957.3,96,10.3,241,26.7,0.165,0.397,0.0,,0.7
2023-08-15T00:00,24.8,79,0.0,20.9,956.9,67,14.3,258,26.2,0.165,0.397,0.0,,0.65
2023-08-15T01:00,24.1,83,0.0,20.9,956.3,3,12.8,259,25.7,0.166,0.397,0.0,,0.52
2023-08-15T02:00,23.5,85,0.0,20.9,955.8,10,12.7,262,25.2,0.167,0.397,0.0,,0.43
2023-08-15T03:00,23.1,87,0.0,20.8,956.0,25,11.9,268,24.8,0.167,0.397,0.0,,0.37
2023-08-15T04:00,22.8,88,0.0,20.7,956.4,14,10.5,274,24.5,0.168,0.396,0.0,,0.33
2023-08-15T05:00,23.1,87,0.0,20.9,956.7,9,10.2,278,26.8,0.163,0.393,0.0,,0.35
2023-08-15T06:00,23.4,87,0.0,21.1,957.5,84,7.2,276,26.0,0.164,0.393,4.0,,0.38
2023-08-15T07:00,24.7,81,0.0,21.2,958.4,7,8.7,275,26.2,0.164,0.393,111.0,,0.59
2023-08-15T08:00,26.1,74,0.0,21.1,958.9,30,14.1,276,27.2,0.163,0.393,320.0,,0.88
2023-08-15T09:00,27.4,68,0.0,20.9,958.9,27,15.9,274,28.7,0.161,0.393,516.0,,1.18
2023-08-15T10:00,28.7,60,0.0,20.2,958.8,32,17.3,282,30.4,0.157,0.393,684.0,,1.57
2023-08-15T11:00,30.0,54,0.0,19.6,958.2,23,16.6,283,32.1,0.152,0.393,827.0,,1.97
2023-08-15T12:00,31.0,49,0.0,19.1,957.4,19,15.3,285,33.6,0.146,0.392,870.0,,2.28
2023-08-15T13:00,31.8,45,0.0,18.5,956.4,30,14.8,283,34.8,0.14,0.392,883.0,,2.56
2023-08-15T14:00,32.4,42,0.1,18.0,955.4,58,15.2,277,35.6,0.136,0.392,826.0,,2.81
2023-08-15T15:00,32.8,41,0.2,17.7,954.6,75,16.6,275,35.8,0.134,0.392,702.0,,2.95
2023-08-15T16:00,32.6,41,0.2,17.6,954.1,30,18.8,277,35.1,0.133,0.391,471.0,,2.89
2023-08-15T17:00,31.4,46,0.3,18.3,955.0,59,15.7,290,33.4,0.141,0.396,303.0,,2.5
2023-08-15T18:00,29.9,54,0.0,19.6,955.2,18,13.1,279,31.9,0.141,0.396,112.0,,1.93
2023-08-15T19:00,28.0,59,0.0,19.3,956.2,33,18.7,304,30.3,0.14,0.396,4.0,,1.55
2023-08-15T20:00,27.4,62,0.0,19.6,957.2,76,17.9,295,29.1,0.14,0.395,0.0,,1.38
2023-08-15T21:00,25.5,75,0.4,20.8,958.2,79,10.4,270,28.2,0.146,0.395,0.0,,0.81
2023-08-15T22:00,24.7,78,0.1,20.6,958.4,42,11.0,221,27.4,0.148,0.395,0.0,,0.68
2023-08-15T23:00,24.6,80,0.0,21.0,958.2,35,7.7,233,26.7,0.149,0.395,0.0,,0.61
2023-08-16T00:00,24.5,82,0.0,21.3,957.9,33,8.7,246,26.2,0.149,0.395,0.0,,0.54
2023-08-16T01:00,24.2,83,0.0,21.1,957.4,20,11.3,253,25.9,0.15,0.395,0.0,,0.51
2023-08-16T02:00,23.7,83,0.0,20.6,956.7,9,12.8,259,25.5,0.151,0.394,0.0,,0.5
2023-08-16T03:00,23.3,85,0.0,20.5,956.7,5,11.6,263,25.1,0.151,0.394,0.0,,0.44
2023-08-16T04:00,22.9,87,0.0,20.6,956.8,3,10.8,266,24.7,0.152,0.394,0.0,,0.36
2023-08-16T05:00,23.4,86,0.0,20.9,957.4,1,10.5,262,27.6,0.144,0.387,0.0,,0.41
2023-08-16T06:00,23.7,85,0.0,21.0,957.5,1,10.5,262,26.7,0.145,0.387,4.0,,0.43
2023-08-16T07:00,24.6,81,0.0,21.2,958.4,0,12.3,267,26.6,0.145,0.387,111.0,,0.58
2023-08-16T08:00,26.0,74,0.0,21.1,958.8,10,14.8,283,27.6,0.143,0.386,325.0,,0.86
2023-08-16T09:00,27.4,67,0.1,20.8,959.1,26,17.7,297,29.1,0.142,0.386,522.0,,1.19
2023-08-16T10:00,28.7,61,0.0,20.4,959.1,42,18.0,299,30.8,0.139,0.386,677.0,,1.54
2023-08-16T11:00,30.0,55,0.0,19.9,958.5,41,17.2,296,32.6,0.134,0.386,842.0,,1.91
2023-08-16T12:00,30.9,50,0.0,19.2,957.4,39,16.0,293,34.1,0.129,0.386,853.0,,2.24
2023-08-16T13:00,31.8,46,0.1,18.7,956.2,93,15.8,287,35.4,0.124,0.386,883.0,,2.54
2023-08-16T14:00,32.2,44,0.1,18.4,955.2,85,15.7,281,35.9,0.121,0.386,738.0,,2.7
2023-08-16T15:00,32.7,43,0.1,18.5,954.5,56,16.9,281,36.0,0.119,0.385,634.0,,2.82
2023-08-16T16:00,32.6,42,0.1,18.2,954.2,58,18.7,281,35.6,0.117,0.385,520.0,,2.82
2023-08-16T17:00,31.7,47,0.0,18.9,954.8,83,17.8,306,34.8,0.112,0.384,288.0,,2.5
2023-08-16T18:00,29.5,56,0.1,19.7,955.7,57,21.7,291,33.1,0.113,0.384,98.0,,1.82
2023-08-16T19:00,28.5,60,0.0,20.0,956.7,79,17.8,291,31.4,0.112,0.384,3.0,,1.54
2023-08-16T20:00,26.5,71,0.1,20.8,957.4,100,14.8,267,30.1,0.113,0.384,0.0,,1.0
2023-08-16T21:00,25.9,76,0.1,21.4,958.0,96,13.6,281,29.1,0.115,0.384,0.0,,0.79
2023-08-16T22:00,25.2,79,0.1,21.2,958.1,100,9.1,277,28.1,0.117,0.384,0.0,,0.69
2023-08-16T23:00,25.1,81,0.0,21.5,958.0,100,5.8,270,27.5,0.118,0.384,0.0,,0.61
2023-08-17T00:00,25.0,81,0.0,21.4,957.5,100,12.5,282,26.9,0.118,0.384,0.0,,0.61
2023-08-17T01:00,24.3,81,0.0,20.8,957.0,86,15.5,292,26.4,0.119,0.384,0.0,,0.59
2023-08-17T02:00,23.7,84,0.0,20.8,956.5,23,14.5,297,25.9,0.119,0.383,0.0,,0.48
2023-08-17T03:00,23.3,86,0.0,20.8,956.3,96,14.0,296,25.5,0.12,0.383,0.0,,0.4
2023-08-17T04:00,23.0,87,0.0,20.8,956.4,96,13.7,293,25.1,0.12,0.383,0.0,,0.35
2023-08-17T05:00,23.4,87,0.0,21.1,956.9,98,12.4,292,27.6,0.164,0.376,0.0,,0.37
2023-08-17T06:00,23.6,87,0.0,21.2,957.4,100,12.3,291,26.8,0.165,0.376,4.0,,0.39
2023-08-17T07:00,24.5,82,0.0,21.1,958.1,100,18.7,295,26.6,0.164,0.376,105.0,,0.56
2023-08-17T08:00,25.7,75,0.0,20.9,958.9,100,20.7,305,27.3,0.163,0.376,288.0,,0.83
2023-08-17T09:00,27.1,68,0.1,20.7,959.0,100,22.3,304,28.6,0.161,0.376,475.0,,1.13
2023-08-17T10:00,28.5,61,0.0,20.3,959.0,100,21.9,306,30.2,0.157,0.376,681.0,,1.51
2023-08-17T11:00,30.0,54,0.0,19.6,958.3,100,23.3,302,31.9,0.151,0.376,840.0,,1.96
2023-08-17T12:00,31.1,48,0.0,18.8,957.6,100,22.7,303,33.1,0.145,0.376,823.0,,2.34
2023-08-17T13:00,31.7,45,0.0,18.4,956.4,79,24.7,301,34.0,0.14,0.376,786.0,,2.55
2023-08-17T14:00,32.0,44,0.0,18.3,955.3,55,24.4,301,34.3,0.134,0.376,664.0,,2.65
2023-08-17T15:00,32.3,42,0.0,17.9,954.7,80,24.4,301,34.6,0.13,0.376,633.0,,2.77
2023-08-17T16:00,32.3,42,0.0,17.9,954.3,68,23.2,298,34.3,0.127,0.376,479.0,,2.78
2023-08-17T17:00,31.1,47,0.0,18.3,954.8,100,24.3,295,33.2,0.129,0.382,328.0,,2.41
2023-08-17T18:00,29.5,53,0.0,19.0,955.2,100,22.9,296,31.8,0.128,0.382,111.0,,1.93
2023-08-17T19:00,28.2,59,0.0,19.5,956.1,100,21.2,288,30.4,0.127,0.382,3.0,,1.56
2023-08-17T20:00,27.0,67,0.0,20.3,956.8,88,21.1,278,29.3,0.127,0.382,0.0,,1.18
2023-08-17T21:00,26.6,68,0.0,20.3,957.1,100,20.4,279,28.3,0.127,0.382,0.0,,1.1
2023-08-17T22:00,25.7,70,0.0,19.8,957.3,100,23.4,284,27.6,0.127,0.382,0.0,,0.99
2023-08-17T23:00,24.9,73,0.0,19.7,957.2,100,22.7,290,26.9,0.127,0.382,0.0,,0.84
2023-08-18T00:00,24.2,77,0.0,19.9,956.8,100,20.0,293,26.3,0.127,0.381,0.0,,0.7
2023-08-18T01:00,23.7,80,0.0,20.0,956.1,100,18.9,294,25.8,0.127,0.381,0.0,,0.59
2023-08-18T02:00,23.3,83,0.0,20.2,955.7,100,17.6,293,25.4,0.127,0.381,0.0,,0.49
2023-08-18T03:00,22.9,85,0.0,20.3,955.2,100,16.9,290,25.0,0.128,0.381,0.0,,0.41
2023-08-18T04:00,22.6,87,0.0,20.3,955.0,100,15.5,288,24.7,0.128,0.381,0.0,,0.35
2023-08-18T05:00,23.3,86,0.0,20.8,955.6,100,14.6,303,26.4,0.128,0.378,0.0,,0.4
2023-08-18T06:00,23.3,86,0.0,20.9,955.8,100,15.0,297,25.8,0.128,0.378,3.0,,0.4
2023-08-18T07:00,24.5,80,0.0,20.8,956.6,100,19.0,297,25.9,0.129,0.378,93.0,,0.61
2023-08-18T08:00,25.7,74,0.1,20.7,957.0,99,25.7,304,26.6,0.13,0.378,228.0,,0.87
2023-08-18T09:00,27.3,66,0.1,20.4,957.1,100,25.9,305,28.1,0.129,0.378,460.0,,1.22
2023-08-18T10:00,28.6,60,0.1,20.1,956.9,100,25.4,308,29.6,0.127,0.378,588.0,,1.57
2023-08-18T11:00,29.7,56,0.1,19.9,956.5,100,23.6,308,31.2,0.124,0.378,681.0,,1.83
2023-08-18T12:00,30.3,55,0.1,20.2,955.8,100,21.5,308,32.7,0.121,0.378,774.0,,1.94
2023-08-18T13:00,30.8,52,0.0,19.9,954.7,100,20.6,303,33.6,0.118,0.378,659.0,,2.13
2023-08-18T14:00,30.9,51,0.0,19.6,954.0,100,21.4,297,34.0,0.115,0.378,579.0,,2.19
2023-08-18T15:00,31.2,49,0.0,19.3,953.4,100,23.3,297,34.2,0.111,0.377,547.0,,2.3
2023-08-18T16:00,30.1,51,0.1,19.0,952.9,100,22.6,301,33.0,0.11,0.377,193.0,,2.06
2023-08-18T17:00,28.5,60,0.2,19.9,953.8,100,19.1,324,30.2,0.116,0.376,89.0,,1.56
2023-08-18T18:00,27.3,65,0.2,20.2,954.5,100,17.4,326,29.3,0.118,0.376,46.0,,1.26
2023-08-18T19:00,26.1,72,0.0,20.6,954.6,100,13.4,340,28.3,0.117,0.376,1.0,,0.95
2023-08-18T20:00,25.7,76,0.0,21.0,955.1,100,8.9,317,27.6,0.118,0.375,0.0,,0.81
2023-08-18T21:00,25.8,75,0.0,21.1,955.9,100,10.2,288,27.0,0.118,0.375,0.0,,0.83
2023-08-18T22:00,25.5,75,0.0,20.6,956.2,100,18.7,289,26.6,0.118,0.375,0.0,,0.83
2023-08-18T23:00,24.9,78,0.0,20.9,956.1,100,17.3,291,26.2,0.118,0.375,0.0,,0.68
2023-08-19T00:00,24.7,79,0.0,20.8,955.3,100,19.0,285,25.9,0.118,0.375,0.0,,0.65
2023-08-19T01:00,24.3,80,0.0,20.6,954.8,100,17.4,288,25.6,0.118,0.375,0.0,,0.6
2023-08-19T02:00,24.0,82,0.0,20.6,954.4,100,17.8,288,25.4,0.118,0.375,0.0,,0.55
2023-08-19T03:00,23.8,83,0.0,20.6,954.2,100,16.7,289,25.2,0.119,0.375,0.0,,0.51
2023-08-19T04:00,23.6,83,0.0,20.6,954.0,100,16.4,289,25.0,0.119,0.375,0.0,,0.49
2023-08-19T05:00,23.8,85,0.0,21.1,954.2,100,12.1,287,26.0,0.122,0.374,0.0,,0.45
2023-08-19T06:00,23.9,85,0.0,21.2,954.0,100,14.6,286,25.6,0.123,0.374,2.0,,0.44
2023-08-19T07:00,24.8,80,0.0,21.1,954.5,100,19.8,299,25.6,0.123,0.374,51.0,,0.62
2023-08-19T08:00,25.6,77,0.0,21.2,955.3,100,22.4,296,26.1,0.123,0.374,154.0,,0.76
2023-08-19T09:00,26.3,74,0.1,21.2,955.8,100,23.7,298,27.0,0.122,0.374,250.0,,0.9
2023-08-19T10:00,26.9,70,0.0,21.0,955.6,100,24.0,298,27.8,0.121,0.373,310.0,,1.06
2023-08-19T11:00,27.9,65,0.0,20.7,955.7,100,23.5,299,28.9,0.12,0.373,413.0,,1.31
2023-08-19T12:00,28.8,61,0.0,20.4,955.1,100,25.1,297,30.2,0.117,0.373,534.0,,1.55
2023-08-19T13:00,29.8,55,0.0,19.7,954.1,100,26.1,300,31.4,0.114,0.373,614.0,,1.89
2023-08-19T14:00,30.0,53,0.0,19.3,953.1,100,25.8,297,31.7,0.111,0.373,447.0,,2.01
2023-08-19T15:00,30.5,50,0.0,18.9,952.6,100,26.4,294,32.3,0.109,0.373,506.0,,2.19
2023-08-19T16:00,29.9,52,0.1,18.9,952.5,100,28.2,295,32.2,0.107,0.373,377.0,,2.03
2023-08-19T17:00,27.3,65,0.0,20.2,953.3,100,16.8,317,28.4,0.117,0.371,185.0,,1.25
2023-08-19T18:00,26.9,69,0.0,20.7,953.4,100,11.9,267,27.8,0.117,0.371,39.0,,1.1
2023-08-19T19:00,26.0,78,0.1,21.8,954.0,100,12.0,254,27.2,0.118,0.371,1.0,,0.74
2023-08-19T20:00,26.1,73,0.1,20.8,954.5,100,13.7,288,26.7,0.119,0.371,0.0,,0.91
2023-08-19T21:00,25.8,72,0.0,20.4,955.3,100,18.1,305,26.3,0.119,0.371,0.0,,0.92
2023-08-19T22:00,25.2,76,0.0,20.6,955.3,100,16.3,295,26.0,0.119,0.371,0.0,,0.77
2023-08-19T23:00,24.6,79,0.0,20.7,955.5,91,14.8,283,25.6,0.119,0.371,0.0,,0.65
2023-08-20T00:00,24.2,80,0.0,20.5,954.8,99,18.5,278,25.3,0.119,0.371,0.0,,0.61
2023-08-20T01:00,23.9,81,0.0,20.5,954.3,100,16.7,277,25.0,0.12,0.371,0.0,,0.55
2023-08-20T02:00,23.6,83,0.0,20.6,953.9,90,13.8,277,24.7,0.12,0.371,0.0,,0.49
2023-08-20T03:00,23.1,86,0.0,20.6,954.0,99,12.3,285,24.4,0.12,0.371,0.0,,0.41
2023-08-20T04:00,22.9,87,0.0,20.6,954.0,100,13.0,275,24.2,0.12,0.371,0.0,,0.37
2023-08-20T05:00,23.4,85,0.0,20.8,954.1,85,10.1,276,26.0,0.118,0.367,0.0,,0.42
2023-08-20T06:00,23.7,85,0.0,21.0,954.8,63,8.8,279,25.5,0.118,0.367,2.0,,0.44
2023-08-20T07:00,25.0,78,0.2,20.9,955.3,78,18.3,280,25.6,0.12,0.367,90.0,,0.7
2023-08-20T08:00,26.1,74,0.3,21.1,955.7,58,25.4,291,26.2,0.124,0.367,185.0,,0.87
2023-08-20T09:00,27.5,68,0.0,21.0,956.2,55,22.3,293,27.3,0.123,0.367,330.0,,1.18
2023-08-20T10:00,29.1,60,0.0,20.6,956.3,97,21.3,298,29.0,0.12,0.367,527.0,,1.61
2023-08-20T11:00,30.6,53,0.0,20.1,956.0,100,21.6,296,31.1,0.116,0.367,716.0,,2.05
2023-08-20T12:00,30.9,51,0.0,19.6,955.4,100,22.1,292,32.0,0.113,0.367,555.0,,2.19
2023-08-20T13:00,31.2,49,0.0,19.2,954.6,18,23.7,294,32.9,0.109,0.367,603.0,,2.33
2023-08-20T14:00,31.7,47,0.0,19.2,953.7,34,23.6,289,34.0,0.105,0.367,717.0,,2.46
2023-08-20T15:00,31.7,47,0.0,19.2,952.8,31,23.3,279,34.5,0.101,0.367,636.0,,2.46
2023-08-20T16:00,31.7,48,0.0,19.5,952.5,30,23.5,281,34.6,0.098,0.367,527.0,,2.41
2023-08-20T17:00,29.5,56,0.0,19.8,953.4,28,24.2,311,32.4,0.103,0.371,281.0,,1.8
2023-08-20T18:00,28.4,61,0.0,20.2,953.5,25,18.1,311,31.1,0.103,0.37,97.0,,1.5
2023-08-20T19:00,27.6,65,0.0,20.5,953.9,21,14.7,298,29.7,0.102,0.37,3.0,,1.27
2023-08-20T20:00,26.9,69,0.0,20.7,954.4,19,13.9,295,28.6,0.102,0.37,0.0,,1.11
2023-08-20T21:00,26.3,71,0.0,20.6,955.2,14,14.0,305,27.8,0.102,0.37,0.0,,0.98
2023-08-20T22:00,25.6,74,0.0,20.6,955.7,7,15.0,300,27.0,0.102,0.37,0.0,,0.86
2023-08-20T23:00,24.9,75,0.0,20.3,955.7,4,17.3,293,26.4,0.103,0.37,0.0,,0.77
2023-08-21T00:00,24.3,78,0.0,20.3,955.4,10,16.4,289,25.9,0.103,0.37,0.0,,0.66
2023-08-21T01:00,23.9,81,0.0,20.5,955.1,10,14.9,285,25.4,0.103,0.37,0.0,,0.55
2023-08-21T02:00,23.5,84,0.0,20.5,954.9,21,13.7,284,25.0,0.103,0.37,0.0,,0.48
2023-08-21T03:00,23.2,86,0.0,20.6,954.7,21,13.6,282,24.7,0.104,0.37,0.0,,0.41
2023-08-21T04:00,22.8,87,0.0,20.6,954.8,7,12.8,280,24.4,0.104,0.37,0.0,,0.35
2023-08-21T05:00,22.9,89,0.0,21.1,955.0,1,10.7,284,26.3,0.104,0.367,0.0,,0.3
2023-08-21T06:00,23.2,89,0.0,21.3,955.5,68,10.1,276,25.7,0.104,0.367,3.0,,0.31
2023-08-21T07:00,24.4,82,0.0,21.2,956.2,62,14.3,280,25.8,0.104,0.367,108.0,,0.55
2023-08-21T08:00,26.1,74,0.0,21.1,956.6,87,20.6,286,27.0,0.104,0.367,316.0,,0.88
2023-08-21T09:00,27.5,67,0.1,20.7,956.9,81,21.0,292,28.4,0.103,0.367,433.0,,1.22
2023-08-21T10:00,29.3,58,0.0,20.3,956.7,53,21.9,295,30.6,0.1,0.367,682.0,,1.7
2023-08-21T11:00,30.3,54,0.0,19.8,956.3,49,20.5,301,32.4,0.097,0.366,728.0,,1.99
2023-08-21T12:00,31.6,47,0.1,19.1,955.8,72,20.3,300,34.3,0.093,0.366,846.0,,2.44
2023-08-21T13:00,32.6,44,0.1,18.6,954.9,52,20.9,297,35.9,0.09,0.366,865.0,,2.76
2023-08-21T14:00,33.3,41,0.1,18.2,953.7,60,20.3,293,37.0,0.087,0.366,823.0,,3.01
2023-08-21T15:00,33.5,40,0.1,17.9,952.9,65,19.6,287,37.1,0.085,0.366,605.0,,3.11
2023-08-21T16:00,33.5,39,0.0,17.8,952.5,94,21.5,288,36.8,0.082,0.366,481.0,,3.14
2023-08-21T17:00,32.0,44,0.0,18.2,953.4,98,20.4,311,35.7,0.08,0.369,280.0,,2.66
2023-08-21T18:00,29.9,52,0.1,19.0,954.0,82,26.3,310,33.9,0.081,0.369,95.0,,2.01
2023-08-21T19:00,28.2,60,0.0,19.8,954.7,46,25.1,321,32.2,0.081,0.369,2.0,,1.52
2023-08-21T20:00,27.5,66,0.0,20.5,955.4,71,20.1,333,30.7,0.081,0.369,0.0,,1.26
2023-08-21T21:00,26.9,69,0.0,20.8,956.0,93,15.5,335,29.6,0.081,0.369,0.0,,1.08
2023-08-21T22:00,26.4,72,0.0,21.0,956.5,73,12.7,335,28.7,0.081,0.368,0.0,,0.95
2023-08-21T23:00,25.8,76,0.0,21.2,956.4,98,11.5,328,27.9,0.081,0.368,0.0,,0.81
2023-08-22T00:00,25.4,78,0.0,21.2,955.9,100,11.9,305,27.2,0.081,0.368,0.0,,0.72
2023-08-22T01:00,24.9,78,0.0,20.7,955.2,100,12.8,292,26.7,0.082,0.368,0.0,,0.71
2023-08-22T02:00,24.2,80,0.0,20.6,954.7,99,10.7,290,26.2,0.082,0.368,0.0,,0.6
2023-08-22T03:00,23.7,83,0.0,20.6,954.3,100,9.5,281,25.7,0.082,0.368,0.0,,0.5
2023-08-22T04:00,23.3,84,0.0,20.5,954.6,100,10.2,278,25.3,0.083,0.368,0.0,,0.45
2023-08-22T05:00,23.6,84,0.0,20.7,955.4,96,11.3,297,27.8,0.078,0.361,0.0,,0.47
2023-08-22T06:00,23.9,83,0.0,20.7,955.6,70,12.1,297,27.0,0.078,0.361,3.0,,0.52
2023-08-22T07:00,24.9,77,0.0,20.6,956.1,75,15.1,298,27.0,0.078,0.361,106.0,,0.72
2023-08-22T08:00,26.3,70,0.0,20.5,956.3,99,15.9,295,28.2,0.078,0.361,317.0,,1.01
2023-08-22T09:00,28.1,63,0.0,20.3,956.6,100,16.8,298,30.1,0.076,0.361,523.0,,1.42
2023-08-22T10:00,29.8,55,0.0,19.7,956.8,99,17.4,300,32.5,0.074,0.361,695.0,,1.9
2023-08-22T11:00,31.3,48,0.0,19.1,956.2,99,16.3,295,34.8,0.071,0.361,822.0,,2.35
2023-08-22T12:00,32.7,43,0.0,18.4,955.5,100,15.5,282,37.3,0.067,0.361,916.0,,2.84
2023-08-22T13:00,33.9,38,0.0,17.7,954.6,100,17.3,265,39.2,0.064,0.361,928.0,,3.26
2023-08-22T14:00,34.2,36,0.0,17.2,953.4,100,18.8,258,40.2,0.061,0.361,783.0,,3.42
2023-08-22T15:00,33.9,36,0.0,16.8,952.7,100,19.9,253,40.2,0.059,0.361,601.0,,3.38
2023-08-22T16:00,34.2,34,0.0,16.0,952.2,100,17.4,240,39.6,0.058,0.361,461.0,,3.57
2023-08-22T17:00,33.9,36,0.0,16.9,953.1,100,15.0,259,38.4,0.061,0.364,275.0,,3.37
2023-08-22T18:00,32.9,39,0.0,17.1,953.5,100,16.7,289,36.5,0.06,0.364,78.0,,3.06
2023-08-22T19:00,29.2,56,0.0,19.6,955.0,100,31.8,315,34.5,0.06,0.364,2.0,,1.78
2023-08-22T20:00,28.1,64,0.0,20.6,955.8,100,25.2,316,32.8,0.06,0.363,0.0,,1.37
2023-08-22T21:00,27.3,69,0.0,21.0,956.8,100,23.4,314,31.4,0.06,0.363,0.0,,1.14
2023-08-22T22:00,26.9,73,0.0,21.5,957.4,98,20.7,310,30.3,0.06,0.363,0.0,,0.97
2023-08-22T23:00,26.6,73,0.0,21.4,957.1,82,18.2,304,29.4,0.061,0.363,0.0,,0.93
2023-08-23T00:00,26.0,75,0.0,21.2,956.3,96,16.2,302,28.6,0.061,0.363,0.0,,0.84
2023-08-23T01:00,25.5,77,0.0,21.2,955.9,94,12.7,295,28.0,0.061,0.363,0.0,,0.74
2023-08-23T02:00,25.0,79,0.0,21.2,955.4,97,10.2,288,27.4,0.061,0.363,0.0,,0.65
2023-08-23T03:00,24.6,81,0.0,21.1,955.2,100,11.2,291,26.9,0.062,0.363,0.0,,0.58
2023-08-23T04:00,24.3,82,0.0,21.0,955.0,100,12.1,287,26.5,0.062,0.363,0.0,,0.54
2023-08-23T05:00,24.9,80,0.0,21.2,955.0,100,13.5,295,28.5,0.062,0.362,0.0,,0.62
2023-08-23T06:00,24.9,80,0.0,21.2,955.6,100,11.7,288,27.8,0.062,0.362,3.0,,0.63
2023-08-23T07:00,25.7,76,0.0,21.2,956.5,100,13.7,288,27.9,0.063,0.362,98.0,,0.78
2023-08-23T08:00,27.0,69,0.0,20.9,957.0,100,16.4,289,29.0,0.062,0.362,284.0,,1.09
2023-08-23T09:00,28.7,61,0.0,20.5,957.2,100,15.3,289,31.2,0.061,0.362,517.0,,1.53
2023-08-23T10:00,30.3,54,0.0,19.9,956.9,100,16.1,290,33.6,0.06,0.362,668.0,,1.99
2023-08-23T11:00,31.9,47,0.0,19.1,956.3,100,15.3,279,36.4,0.058,0.362,847.0,,2.5
2023-08-23T12:00,32.9,43,0.0,18.7,955.8,100,15.1,269,38.8,0.056,0.362,873.0,,2.84
2023-08-23T13:00,33.2,42,0.1,18.6,954.8,100,15.9,266,40.7,0.055,0.362,878.0,,2.95
2023-08-23T14:00,33.7,40,0.0,18.3,953.8,100,16.2,269,41.9,0.053,0.362,825.0,,3.13
2023-08-23T15:00,33.9,39,0.0,17.8,953.1,100,17.7,274,42.3,0.052,0.362,691.0,,3.24
2023-08-23T16:00,33.7,38,0.0,17.4,952.6,100,18.2,278,41.7,0.051,0.362,519.0,,3.23
2023-08-23T17:00,32.7,41,0.1,17.6,953.4,100,20.2,267,40.2,0.054,0.365,259.0,,2.93
2023-08-23T18:00,31.9,42,0.0,17.2,953.8,100,19.4,271,37.9,0.053,0.365,88.0,,2.75
2023-08-23T19:00,31.3,44,0.0,17.4,954.3,100,18.6,280,35.8,0.053,0.365,2.0,,2.57
2023-08-23T20:00,30.5,47,0.0,18.0,955.1,100,21.6,273,34.2,0.053,0.365,0.0,,2.31
2023-08-23T21:00,29.3,53,0.0,18.8,955.9,100,23.4,270,33.0,0.053,0.365,0.0,,1.91
2023-08-23T22:00,28.0,59,0.0,19.2,956.1,100,21.6,272,31.8,0.054,0.365,0.0,,1.54
2023-08-23T23:00,27.0,62,0.0,19.2,956.0,100,19.6,277,30.7,0.054,0.365,0.0,,1.34
2023-08-24T00:00,26.4,65,0.0,19.2,955.3,100,17.7,283,29.8,0.054,0.364,0.0,,1.21
2023-08-24T01:00,25.7,68,0.0,19.4,954.7,100,13.7,284,28.9,0.054,0.364,0.0,,1.04
2023-08-24T02:00,25.1,72,0.0,19.6,954.3,100,10.9,279,28.1,0.055,0.364,0.0,,0.9
2023-08-24T03:00,24.5,75,0.0,19.7,954.3,100,9.4,272,27.4,0.055,0.364,0.0,,0.78
2023-08-24T04:00,24.0,77,0.0,19.8,954.5,100,8.7,263,26.8,0.056,0.364,0.0,,0.67
2023-08-24T05:00,24.1,79,0.0,20.2,954.7,100,8.7,265,28.3,0.053,0.358,0.0,,0.63
2023-08-24T06:00,24.2,78,0.0,20.2,955.3,100,8.7,253,27.6,0.053,0.358,3.0,,0.65
2023-08-24T07:00,25.0,74,0.0,20.1,956.2,95,10.2,260,27.7,0.053,0.358,104.0,,0.81
2023-08-24T08:00,26.5,68,0.0,20.2,956.7,100,12.0,263,29.2,0.053,0.358,321.0,,1.09
2023-08-24T09:00,28.6,59,0.0,19.8,956.9,99,16.2,274,31.6,0.053,0.358,530.0,,1.6
2023-08-24T10:00,29.6,54,0.1,19.4,956.7,100,16.6,275,33.5,0.053,0.357,572.0,,1.9
2023-08-24T11:00,31.2,48,0.0,19.0,956.1,68,15.1,271,36.4,0.052,0.357,812.0,,2.34
2023-08-24T12:00,32.4,43,0.0,18.3,955.2,100,16.2,269,39.0,0.051,0.357,884.0,,2.76
2023-08-24T13:00,33.6,40,0.1,18.0,954.0,92,18.0,272,41.2,0.05,0.357,917.0,,3.13
2023-08-24T14:00,34.5,38,0.0,18.0,953.1,99,18.4,273,42.4,0.049,0.357,802.0,,3.39
2023-08-24T15:00,34.5,37,0.0,17.8,952.4,100,18.8,267,42.4,0.048,0.357,581.0,,3.43
2023-08-24T16:00,33.9,39,0.0,17.8,952.0,100,20.5,272,41.4,0.047,0.357,381.0,,3.24
2023-08-24T17:00,30.8,51,0.4,19.5,953.2,100,23.1,274,37.9,0.053,0.361,174.0,,2.17
2023-08-24T18:00,30.5,51,0.0,19.2,953.6,100,20.3,282,36.1,0.053,0.361,58.0,,2.14
2023-08-24T19:00,28.5,59,0.2,19.7,954.6,100,21.7,282,34.4,0.056,0.361,2.0,,1.6
2023-08-24T20:00,27.7,64,0.3,20.2,955.1,100,12.8,310,32.9,0.06,0.36,0.0,,1.35
2023-08-24T21:00,26.5,69,0.0,20.3,956.1,100,15.0,201,31.6,0.06,0.36,0.0,,1.07
2023-08-24T22:00,25.5,76,0.1,21.1,956.1,99,8.5,216,30.5,0.062,0.36,0.0,,0.77
2023-08-24T23:00,26.2,75,0.0,21.4,955.7,90,12.1,247,29.7,0.062,0.36,0.0,,0.86
2023-08-25T00:00,25.9,75,0.0,21.0,955.0,80,15.1,252,28.9,0.063,0.36,0.0,,0.84
2023-08-25T01:00,25.2,78,0.0,21.1,954.7,53,13.6,248,28.3,0.063,0.36,0.0,,0.7
2023-08-25T02:00,24.7,81,0.0,21.2,954.1,54,12.9,243,27.6,0.063,0.36,0.0,,0.58
2023-08-25T03:00,24.2,84,0.0,21.3,953.9,75,12.9,243,27.1,0.063,0.36,0.0,,0.49
2023-08-25T04:00,23.9,85,0.0,21.3,954.0,73,12.2,236,26.7,0.064,0.36,0.0,,0.44
2023-08-25T05:00,24.4,84,0.0,21.5,954.6,8,10.5,229,28.6,0.058,0.358,0.0,,0.49
2023-08-25T06:00,24.9,81,0.0,21.5,955.3,100,11.5,238,27.9,0.059,0.358,3.0,,0.58
2023-08-25T07:00,25.8,77,0.0,21.4,955.8,97,15.8,243,28.1,0.059,0.357,102.0,,0.77
2023-08-25T08:00,27.3,69,0.1,21.2,956.3,65,18.5,249,29.3,0.059,0.357,300.0,,1.11
2023-08-25T09:00,28.8,62,0.1,20.8,956.4,63,18.4,253,31.4,0.059,0.357,514.0,,1.51
2023-08-25T10:00,30.2,56,0.1,20.4,956.3,54,18.9,252,33.7,0.06,0.357,644.0,,1.88
2023-08-25T11:00,31.7,51,0.3,20.4,955.9,100,18.9,252,36.0,0.062,0.357,755.0,,2.27
2023-08-25T12:00,33.1,47,0.0,20.3,955.1,100,18.0,250,38.1,0.06,0.357,817.0,,2.68
2023-08-25T13:00,34.0,43,0.0,19.5,953.8,100,18.3,254,39.2,0.058,0.357,663.0,,3.05
2023-08-25T14:00,30.4,53,0.9,19.7,953.2,91,20.7,290,37.9,0.07,0.357,229.0,,2.03
2023-08-25T15:00,29.0,63,0.9,21.2,953.6,95,30.9,262,37.7,0.081,0.357,478.0,,1.48
2023-08-25T16:00,29.2,63,0.7,21.3,953.4,96,13.8,277,36.3,0.09,0.357,316.0,,1.51
2023-08-25T17:00,29.9,60,0.8,21.4,954.0,95,16.1,260,33.7,0.148,0.354,223.0,,1.67
2023-08-25T18:00,27.8,70,0.1,21.8,954.7,87,17.3,247,32.3,0.148,0.354,85.0,,1.13
2023-08-25T19:00,24.3,88,6.6,22.2,955.9,100,13.8,277,30.5,0.238,0.354,1.0,,0.35
2023-08-25T20:00,24.4,86,2.6,22.0,956.7,99,9.2,296,28.9,0.273,0.354,0.0,,0.41
2023-08-25T21:00,24.1,88,2.9,22.0,957.1,100,4.4,261,27.9,0.313,0.354,0.0,,0.35
2023-08-25T22:00,24.3,89,0.4,22.4,957.3,100,2.3,288,27.4,0.318,0.354,0.0,,0.33
2023-08-25T23:00,24.3,90,0.1,22.5,957.1,100,2.5,188,27.0,0.32,0.354,0.0,,0.31
2023-08-26T00:00,24.2,90,0.0,22.5,956.1,100,5.0,210,26.8,0.32,0.354,0.0,,0.29
2023-08-26T01:00,24.1,92,0.0,22.7,955.6,95,4.8,222,26.5,0.32,0.355,0.0,,0.25
2023-08-26T02:00,24.0,93,0.0,22.8,955.2,66,5.1,231,26.3,0.32,0.355,0.0,,0.2
2023-08-26T03:00,23.9,93,0.0,22.7,955.0,30,7.4,241,26.1,0.321,0.355,0.0,,0.2
2023-08-26T04:00,23.7,94,0.0,22.7,955.2,43,9.4,247,25.9,0.321,0.355,0.0,,0.17
2023-08-26T05:00,24.0,91,0.0,22.4,955.4,59,8.6,255,27.5,0.237,0.352,0.0,,0.27
2023-08-26T06:00,24.2,90,0.0,22.5,956.4,94,5.5,247,26.9,0.237,0.352,3.0,,0.29
2023-08-26T07:00,24.9,87,0.0,22.5,957.1,97,7.2,252,27.1,0.237,0.352,97.0,,0.42
2023-08-26T08:00,26.1,81,0.0,22.6,957.6,95,13.0,265,28.0,0.235,0.352,298.0,,0.64
2023-08-26T09:00,27.5,74,0.0,22.5,957.8,91,13.7,265,29.4,0.231,0.352,520.0,,0.95
2023-08-26T10:00,28.8,69,0.0,22.5,957.6,94,14.5,264,31.0,0.226,0.352,697.0,,1.24
2023-08-26T11:00,29.7,65,0.1,22.5,957.0,100,16.2,271,32.6,0.22,0.352,832.0,,1.44
2023-08-26T12:00,30.6,61,0.1,22.2,956.4,90,16.6,272,33.8,0.213,0.352,874.0,,1.7
2023-08-26T13:00,31.1,58,0.0,22.0,955.6,96,16.4,279,34.5,0.206,0.352,816.0,,1.88
2023-08-26T14:00,31.6,56,0.0,21.8,954.7,100,16.1,280,34.9,0.199,0.352,743.0,,2.02
2023-08-26T15:00,32.3,52,0.0,21.3,954.1,100,17.2,281,35.0,0.193,0.352,653.0,,2.31
2023-08-26T16:00,30.7,54,1.0,20.5,953.9,82,18.9,279,34.1,0.202,0.352,378.0,,2.01
2023-08-26T17:00,31.7,48,0.0,19.3,954.3,98,19.1,281,33.0,0.191,0.354,239.0,,2.42
2023-08-26T18:00,30.0,56,0.0,20.4,954.8,21,14.5,284,31.6,0.189,0.354,97.0,,1.84
2023-08-26T19:00,28.4,63,0.0,20.8,955.7,52,12.3,275,30.2,0.188,0.354,2.0,,1.41
2023-08-26T20:00,27.8,64,0.0,20.3,956.9,100,13.7,270,29.2,0.187,0.354,0.0,,1.35
2023-08-26T21:00,27.2,66,0.0,20.4,957.7,100,17.0,275,28.4,0.187,0.354,0.0,,1.21
2023-08-26T22:00,26.1,71,0.0,20.5,958.1,100,18.2,278,27.7,0.186,0.354,0.0,,0.97
2023-08-26T23:00,25.3,75,0.0,20.6,957.7,100,15.6,278,27.0,0.185,0.355,0.0,,0.81
2023-08-27T00:00,24.7,78,0.0,20.6,957.3,100,14.3,282,26.5,0.185,0.355,0.0,,0.68
2023-08-27T01:00,24.1,82,0.0,20.7,957.0,97,12.1,280,26.1,0.185,0.355,0.0,,0.55
2023-08-27T02:00,23.6,84,0.0,20.8,956.6,8,10.1,276,25.7,0.185,0.355,0.0,,0.46
2023-08-27T03:00,23.3,86,0.0,20.8,956.4,38,9.7,272,25.3,0.185,0.355,0.0,,0.4
2023-08-27T04:00,22.9,88,0.0,20.7,956.5,52,9.0,270,25.0,0.185,0.355,0.0,,0.34
2023-08-27T05:00,23.1,87,0.0,20.9,956.6,27,9.4,274,27.2,0.183,0.351,0.0,,0.35
2023-08-27T06:00,23.6,86,0.0,21.1,957.2,40,6.9,264,26.5,0.183,0.351,3.0,,0.4
2023-08-27T07:00,24.6,81,0.0,21.1,958.1,42,9.8,264,26.6,0.182,0.351,104.0,,0.59
2023-08-27T08:00,26.3,75,0.0,21.5,958.8,100,16.6,272,27.5,0.181,0.351,317.0,,0.85
2023-08-27T09:00,27.0,71,0.0,21.3,958.8,43,16.9,272,28.2,0.179,0.351,278.0,,1.03
2023-08-27T10:00,29.2,62,0.1,21.1,958.4,40,19.1,274,30.2,0.175,0.351,683.0,,1.55
2023-08-27T11:00,30.4,57,0.1,20.9,958.0,92,20.5,281,31.9,0.17,0.351,808.0,,1.88
2023-08-27T12:00,31.1,57,0.0,21.5,957.3,97,20.5,285,33.2,0.164,0.351,815.0,,1.96
2023-08-27T13:00,32.2,53,0.0,21.3,956.2,100,21.1,290,34.6,0.157,0.351,921.0,,2.26
2023-08-27T14:00,30.8,55,0.0,20.7,955.3,100,18.2,295,33.9,0.153,0.351,386.0,,1.99
2023-08-27T15:00,32.1,49,0.0,20.2,954.5,86,18.3,286,34.0,0.148,0.351,500.0,,2.42
2023-08-27T16:00,29.0,62,1.1,21.1,954.9,83,25.9,279,33.4,0.16,0.351,423.0,,1.5
2023-08-27T17:00,30.0,58,0.0,20.7,955.2,71,14.3,288,32.2,0.162,0.344,239.0,,1.79
2023-08-27T18:00,28.8,63,0.0,21.0,955.8,100,17.1,316,31.0,0.161,0.344,95.0,,1.48
2023-08-27T19:00,27.4,71,0.0,21.7,956.5,100,12.6,323,29.7,0.16,0.344,1.0,,1.04
2023-08-27T20:00,27.2,71,0.0,21.5,956.9,100,13.3,308,28.7,0.159,0.344,0.0,,1.04
2023-08-27T21:00,26.3,71,0.0,20.7,957.7,87,18.2,300,27.9,0.159,0.344,0.0,,0.98
2023-08-27T22:00,25.3,75,0.0,20.5,957.8,39,17.2,296,27.1,0.158,0.344,0.0,,0.8
2023-08-27T23:00,24.6,79,0.0,20.7,957.4,87,15.4,291,26.5,0.158,0.344,0.0,,0.66
2023-08-28T00:00,24.1,82,0.0,20.8,956.7,30,12.8,281,26.0,0.158,0.344,0.0,,0.54
2023-08-28T01:00,23.6,84,0.0,20.8,956.2,59,11.2,268,25.5,0.158,0.344,0.0,,0.46
2023-08-28T02:00,23.2,86,0.0,20.7,955.7,50,10.1,264,25.1,0.158,0.344,0.0,,0.41
2023-08-28T03:00,22.9,87,0.0,20.6,955.3,33,10.5,264,24.8,0.158,0.344,0.0,,0.36
2023-08-28T04:00,22.5,89,0.0,20.6,955.5,2,10.4,268,24.5,0.158,0.344,0.0,,0.29
2023-08-28T05:00,22.7,90,0.0,21.0,955.9,100,8.4,263,26.6,0.159,0.345,0.0,,0.27
2023-08-28T06:00,23.1,89,0.0,21.2,956.5,2,7.6,262,25.9,0.159,0.345,3.0,,0.3
2023-08-28T07:00,24.3,84,0.0,21.5,957.5,14,11.6,265,26.1,0.158,0.345,107.0,,0.48
2023-08-28T08:00,26.0,76,0.0,21.4,958.4,65,17.8,277,27.2,0.157,0.345,317.0,,0.82
2023-08-28T09:00,27.3,72,0.0,21.9,958.3,63,15.4,281,28.7,0.154,0.345,478.0,,1.0
2023-08-28T10:00,28.5,68,0.0,22.1,958.3,84,14.9,278,30.6,0.151,0.345,668.0,,1.24
2023-08-28T11:00,29.8,62,0.1,21.7,957.8,100,18.0,282,32.4,0.146,0.345,793.0,,1.59
2023-08-28T12:00,30.6,56,0.0,20.8,957.0,100,18.7,289,33.1,0.141,0.345,630.0,,1.93
2023-08-28T13:00,31.0,52,0.0,20.1,955.7,40,18.7,298,33.6,0.136,0.345,574.0,,2.13
2023-08-28T14:00,30.9,55,0.1,20.8,954.8,98,19.5,300,34.3,0.133,0.345,659.0,,2.02
2023-08-28T15:00,27.8,70,0.7,21.8,954.2,93,16.3,225,34.0,0.139,0.345,511.0,,1.13
2023-08-28T16:00,29.0,63,0.0,21.1,954.3,99,10.2,212,33.6,0.136,0.345,417.0,,1.49
2023-08-28T17:00,28.1,66,0.1,21.2,955.1,96,10.4,304,31.6,0.174,0.345,269.0,,1.27
2023-08-28T18:00,27.5,69,0.0,21.4,955.6,97,8.9,256,30.4,0.173,0.345,83.0,,1.12
2023-08-28T19:00,25.7,78,0.2,21.6,956.2,99,13.5,224,29.1,0.174,0.345,1.0,,0.72
2023-08-28T20:00,25.2,80,0.0,21.5,956.5,100,8.2,229,28.1,0.174,0.345,0.0,,0.65
2023-08-28T21:00,25.1,80,0.0,21.3,956.9,95,9.7,243,27.3,0.174,0.345,0.0,,0.64
2023-08-28T22:00,24.9,78,0.0,20.9,957.2,98,11.2,266,26.7,0.174,0.345,0.0,,0.68
2023-08-28T23:00,24.6,80,0.0,20.9,956.9,78,9.6,257,26.2,0.175,0.345,0.0,,0.62
2023-08-29T00:00,24.0,84,0.0,21.1,956.2,8,11.5,256,25.8,0.174,0.345,0.0,,0.48
2023-08-29T01:00,23.5,86,0.0,21.0,955.5,9,12.8,260,25.4,0.174,0.345,0.0,,0.41
2023-08-29T02:00,23.1,87,0.0,20.7,955.0,25,12.6,265,25.0,0.174,0.345,0.0,,0.38
2023-08-29T03:00,22.7,88,0.0,20.6,955.0,22,11.5,268,24.7,0.174,0.345,0.0,,0.33
2023-08-29T04:00,22.4,89,0.0,20.5,955.3,23,10.4,272,24.4,0.174,0.345,0.0,,0.3
2023-08-29T05:00,22.7,88,0.0,20.6,955.7,17,9.2,296,26.3,0.179,0.338,0.0,,0.32
2023-08-29T06:00,23.0,88,0.0,20.9,956.2,8,7.1,311,25.6,0.179,0.338,3.0,,0.34
2023-08-29T07:00,24.2,82,0.0,21.0,957.1,23,12.5,303,25.8,0.178,0.338,106.0,,0.53
2023-08-29T08:00,25.6,76,0.1,21.1,958.2,58,16.0,306,26.8,0.178,0.338,305.0,,0.77
2023-08-29T09:00,26.8,71,0.2,21.1,958.4,48,16.8,312,28.2,0.178,0.338,464.0,,1.02
2023-08-29T10:00,28.2,65,0.2,21.0,958.2,36,16.3,313,29.9,0.175,0.338,678.0,,1.33
2023-08-29T11:00,29.2,60,0.0,20.7,957.7,30,15.6,308,31.5,0.17,0.338,758.0,,1.62
2023-08-29T12:00,30.3,56,0.0,20.6,956.9,27,15.6,304,33.3,0.163,0.338,917.0,,1.89
2023-08-29T13:00,31.0,54,0.0,20.5,955.7,16,15.6,308,34.4,0.156,0.338,874.0,,2.08
2023-08-29T14:00,31.5,52,0.0,20.5,955.0,15,15.0,314,35.2,0.15,0.338,802.0,,2.22
2023-08-29T15:00,31.3,52,0.0,20.2,954.2,35,15.5,314,35.4,0.144,0.338,678.0,,2.2
2023-08-29T16:00,31.2,50,0.0,19.6,953.7,15,14.3,317,34.8,0.14,0.339,473.0,,2.25
2023-08-29T17:00,31.2,49,0.0,19.1,954.2,17,17.1,312,33.5,0.14,0.338,289.0,,2.32
2023-08-29T18:00,29.7,57,0.0,20.3,954.7,25,11.5,302,31.9,0.138,0.338,80.0,,1.79
2023-08-29T19:00,28.3,66,0.0,21.3,955.4,36,9.2,291,30.4,0.138,0.338,1.0,,1.32
2023-08-29T20:00,27.4,72,0.0,21.9,956.2,38,7.1,311,29.3,0.138,0.338,0.0,,1.03
2023-08-29T21:00,26.8,76,0.0,22.3,956.9,25,5.8,263,28.5,0.137,0.338,0.0,,0.83
2023-08-29T22:00,26.0,77,0.0,21.7,957.1,22,7.9,254,27.7,0.137,0.338,0.0,,0.77
2023-08-29T23:00,25.6,76,0.0,20.9,956.9,20,9.0,286,27.1,0.137,0.338,0.0,,0.8
2023-08-30T00:00,25.0,77,0.0,20.7,956.6,31,11.2,285,26.5,0.137,0.339,0.0,,0.73
2023-08-30T01:00,24.5,79,0.0,20.7,955.8,0,12.5,282,26.1,0.137,0.339,0.0,,0.63
2023-08-30T02:00,23.9,83,0.0,20.9,955.5,4,13.4,294,25.6,0.137,0.339,0.0,,0.49
2023-08-30T03:00,23.4,87,0.0,21.1,955.5,0,13.8,303,25.2,0.136,0.339,0.0,,0.38
2023-08-30T04:00,23.1,89,0.0,21.2,956.0,0,13.2,315,24.9,0.136,0.339,0.0,,0.32
2023-08-30T05:00,23.3,89,0.0,21.4,956.4,0,12.5,321,27.8,0.134,0.331,0.0,,0.31
2023-08-30T06:00,23.7,88,0.0,21.5,956.8,0,14.2,324,26.9,0.134,0.331,3.0,,0.36
2023-08-30T07:00,24.7,84,0.0,21.8,957.8,1,15.2,324,26.8,0.133,0.331,109.0,,0.5
2023-08-30T08:00,26.3,77,0.0,22.0,958.9,1,15.1,332,27.8,0.131,0.331,326.0,,0.78
2023-08-30T09:00,28.0,69,0.0,21.8,958.9,10,14.1,341,29.6,0.129,0.331,549.0,,1.17
2023-08-30T10:00,29.3,62,0.0,21.2,958.7,14,12.7,353,31.6,0.125,0.331,708.0,,1.56
2023-08-30T11:00,30.4,57,0.0,20.9,958.2,17,10.5,352,33.7,0.12,0.331,819.0,,1.86
2023-08-30T12:00,31.4,52,0.0,20.3,957.3,23,9.5,335,35.6,0.114,0.331,886.0,,2.2
2023-08-30T13:00,31.9,49,0.0,20.0,956.4,21,10.4,326,37.0,0.108,0.331,883.0,,2.4
2023-08-30T14:00,32.5,46,0.0,19.3,955.6,19,11.2,327,37.9,0.102,0.331,799.0,,2.65
2023-08-30T15:00,32.8,44,0.0,18.9,955.0,11,13.1,328,38.0,0.097,0.331,655.0,,2.8
2023-08-30T16:00,32.6,43,0.0,18.5,954.8,10,15.0,333,37.5,0.094,0.331,521.0,,2.78
2023-08-30T17:00,32.4,43,0.0,18.4,954.7,12,13.2,349,36.0,0.092,0.333,295.0,,2.74
2023-08-30T18:00,31.1,48,0.0,18.9,955.1,28,12.0,7,34.1,0.091,0.333,89.0,,2.33
2023-08-30T19:00,29.8,55,0.0,19.9,955.7,29,13.6,22,32.4,0.09,0.333,1.0,,1.87
2023-08-30T20:00,28.8,62,0.0,20.9,956.3,52,11.8,20,31.0,0.09,0.333,0.0,,1.5
2023-08-30T21:00,28.4,66,0.0,21.5,956.9,33,9.8,28,30.0,0.089,0.333,0.0,,1.29
2023-08-30T22:00,27.6,69,0.0,21.3,957.0,19,10.4,44,29.1,0.089,0.333,0.0,,1.16
2023-08-30T23:00,26.7,69,0.0,20.5,956.7,20,11.7,43,28.3,0.089,0.333,0.0,,1.1
2023-08-31T00:00,25.9,75,0.0,21.1,956.3,36,6.4,27,27.6,0.089,0.333,0.0,,0.83
2023-08-31T01:00,25.4,77,0.0,21.1,955.7,64,5.4,274,27.1,0.089,0.333,0.0,,0.75
2023-08-31T02:00,24.7,82,0.0,21.4,955.2,53,10.4,268,26.6,0.089,0.333,0.0,,0.56
2023-08-31T03:00,24.5,80,0.0,20.8,955.2,64,10.1,305,26.1,0.089,0.333,0.0,,0.61
2023-08-31T04:00,24.0,83,0.0,20.9,955.5,80,9.4,320,25.7,0.089,0.333,0.0,,0.52
2023-08-31T05:00,24.7,81,0.0,21.2,956.9,77,9.2,309,29.0,0.084,0.321,0.0,,0.58
2023-08-31T06:00,25.2,80,0.1,21.5,957.3,32,7.8,326,28.2,0.085,0.321,2.0,,0.65
2023-08-31T07:00,26.1,77,0.0,21.7,958.2,23,12.6,336,28.1,0.084,0.321,98.0,,0.79
2023-08-31T08:00,27.7,65,0.0,20.5,958.7,25,13.5,9,29.2,0.083,0.321,312.0,,1.29
2023-08-31T09:00,29.2,58,0.0,20.2,958.8,40,11.9,25,31.2,0.081,0.321,528.0,,1.69
2023-08-31T10:00,30.6,53,0.0,20.1,958.4,3,11.0,19,33.7,0.078,0.321,712.0,,2.05
2023-08-31T11:00,31.7,49,0.0,19.6,958.0,16,12.5,12,36.2,0.074,0.321,868.0,,2.4
2023-08-31T12:00,32.5,45,0.0,19.1,957.3,17,12.0,7,38.3,0.07,0.321,889.0,,2.67
2023-08-31T13:00,33.4,41,0.0,18.5,956.1,15,10.4,358,40.2,0.066,0.321,906.0,,3.0
2023-08-31T14:00,34.2,38,0.0,17.7,955.2,19,10.1,343,41.5,0.062,0.321,831.0,,3.34
2023-08-31T15:00,34.2,35,0.0,16.4,954.8,25,12.5,342,41.8,0.059,0.321,649.0,,3.51
2023-08-31T16:00,33.9,33,0.0,15.4,954.4,3,9.4,342,41.3,0.057,0.321,494.0,,3.54
2023-08-31T17:00,33.7,35,0.0,16.1,954.3,2,13.0,358,40.1,0.055,0.321,293.0,,3.39
2023-08-31T18:00,32.8,38,0.0,16.5,954.9,14,16.6,13,37.9,0.055,0.321,78.0,,3.09
2023-08-31T19:00,31.5,44,0.0,17.7,955.5,9,18.2,27,35.8,0.054,0.321,1.0,,2.59
2023-08-31T20:00,30.4,50,0.0,18.7,956.3,6,16.9,29,34.0,0.054,0.321,0.0,,2.18
2023-08-31T21:00,29.6,54,0.0,19.3,957.0,4,13.3,41,32.6,0.054,0.321,0.0,,1.9
2023-08-31T22:00,28.6,58,0.0,19.5,957.2,2,15.3,47,31.3,0.054,0.321,0.0,,1.65
2023-08-31T23:00,27.7,62,0.0,19.7,957.0,2,11.1,54,30.3,0.053,0.321,0.0,,1.42
2023-09-01T00:00,26.9,66,0.0,20.0,956.5,3,9.7,48,29.3,0.053,0.321,0.0,,1.21
2023-09-01T01:00,26.0,71,0.0,20.2,956.1,3,7.4,209,28.5,0.053,0.321,0.0,,0.98
2023-09-01T02:00,25.9,69,0.0,19.8,955.9,12,11.2,272,27.8,0.053,0.321,0.0,,1.02
2023-09-01T03:00,25.6,70,0.0,19.8,955.5,89,12.8,320,27.3,0.053,0.321,0.0,,0.97
2023-09-01T04:00,25.0,74,0.0,20.1,955.7,67,10.6,332,26.8,0.053,0.321,0.0,,0.81
2023-09-01T05:00,25.6,74,0.0,20.6,956.5,0,10.7,312,30.1,0.048,0.31,0.0,,0.86
2023-09-01T06:00,26.1,72,0.0,20.7,957.1,13,9.1,326,29.2,0.048,0.31,2.0,,0.93
2023-09-01T07:00,27.3,67,0.0,20.6,957.9,5,10.1,354,29.2,0.048,0.31,102.0,,1.2
2023-09-01T08:00,29.6,57,0.0,20.1,958.6,8,11.2,356,30.8,0.047,0.31,315.0,,1.79
2023-09-01T09:00,31.1,49,0.0,19.1,958.3,38,10.9,17,33.5,0.047,0.31,537.0,,2.31
2023-09-01T10:00,32.3,44,0.0,18.3,958.2,15,8.0,5,36.5,0.046,0.31,682.0,,2.72
2023-09-01T11:00,33.4,41,0.0,18.2,957.9,68,6.6,9,40.0,0.045,0.31,830.0,,3.05
2023-09-01T12:00,34.1,39,0.0,18.1,957.0,83,8.0,10,43.0,0.044,0.31,883.0,,3.26
2023-09-01T13:00,34.4,38,0.3,18.0,955.8,45,7.7,11,45.2,0.047,0.31,868.0,,3.37
2023-09-01T14:00,34.3,39,0.2,18.2,955.0,46,7.4,346,46.0,0.049,0.31,715.0,,3.31
2023-09-01T15:00,34.7,38,0.1,18.1,954.2,17,8.0,350,46.3,0.049,0.31,674.0,,3.44
2023-09-01T16:00,34.9,35,0.1,17.3,953.9,17,8.5,12,45.7,0.049,0.31,523.0,,3.62
2023-09-01T17:00,34.4,37,0.0,17.5,954.1,24,13.8,15,44.2,0.044,0.312,282.0,,3.42
2023-09-01T18:00,33.4,39,0.0,17.5,954.8,20,12.7,25,41.5,0.044,0.312,82.0,,3.15
2023-09-01T19:00,32.9,41,0.0,17.7,955.7,34,13.2,55,39.1,0.044,0.312,1.0,,2.96
2023-09-01T20:00,32.1,45,0.0,18.5,956.5,21,12.8,74,37.1,0.044,0.312,0.0,,2.64
2023-09-01T21:00,31.3,50,0.0,19.5,957.1,57,14.0,72,35.5,0.044,0.312,0.0,,2.3
2023-09-01T22:00,30.3,54,0.0,20.1,957.1,78,12.2,90,34.2,0.044,0.312,0.0,,1.96
2023-09-01T23:00,29.8,57,0.0,20.4,956.9,53,8.3,85,33.1,0.044,0.313,0.0,,1.79
2023-09-02T00:00,29.1,60,0.2,20.6,956.6,86,3.6,186,32.1,0.047,0.313,0.0,,1.59
2023-09-02T01:00,27.8,63,0.3,20.1,956.6,100,10.8,244,31.3,0.051,0.313,0.0,,1.38
2023-09-02T02:00,27.8,63,0.0,20.1,955.7,100,7.2,264,30.6,0.051,0.313,0.0,,1.38
2023-09-02T03:00,27.4,66,0.0,20.5,955.5,100,4.6,108,30.0,0.051,0.313,0.0,,1.25
2023-09-02T04:00,26.8,71,0.0,21.2,955.3,100,3.3,139,29.4,0.051,0.313,0.0,,1.0
2023-09-02T05:00,26.2,75,0.0,21.4,955.9,100,9.1,304,31.0,0.046,0.31,0.0,,0.85
2023-09-02T06:00,26.8,73,0.0,21.6,956.7,100,8.0,297,30.2,0.046,0.31,2.0,,0.93
2023-09-02T07:00,27.8,71,0.0,22.0,957.2,100,10.5,301,30.2,0.046,0.31,83.0,,1.08
2023-09-02T08:00,29.4,64,0.0,22.0,957.9,99,11.0,319,31.8,0.045,0.31,308.0,,1.45
2023-09-02T09:00,30.6,55,0.0,20.5,958.3,100,12.7,313,34.2,0.046,0.31,505.0,,1.97
2023-09-02T10:00,31.9,50,0.0,20.1,958.3,100,9.7,309,37.2,0.045,0.31,682.0,,2.38
2023-09-02T11:00,32.7,47,0.1,19.8,957.7,100,7.4,284,40.4,0.046,0.31,809.0,,2.62
2023-09-02T12:00,33.6,43,0.1,19.3,956.5,100,8.6,292,43.1,0.046,0.31,855.0,,2.95
2023-09-02T13:00,34.3,41,0.0,19.0,955.2,100,9.8,287,45.1,0.045,0.31,831.0,,3.2
2023-09-02T14:00,34.6,40,0.1,18.9,954.5,100,10.0,283,46.3,0.044,0.31,754.0,,3.3
2023-09-02T15:00,34.9,39,0.0,18.8,953.3,100,10.3,282,46.7,0.044,0.31,661.0,,3.43
2023-09-02T16:00,34.7,39,0.0,18.5,953.0,100,12.5,311,45.5,0.043,0.31,384.0,,3.39
2023-09-02T17:00,31.2,53,0.2,20.5,953.6,100,26.7,280,41.9,0.05,0.315,206.0,,2.13
2023-09-02T18:00,29.9,60,0.3,21.2,954.7,100,14.4,273,39.1,0.054,0.315,39.0,,1.7
2023-09-02T19:00,29.4,61,0.0,21.0,955.4,100,19.7,288,36.8,0.054,0.315,0.0,,1.61
2023-09-02T20:00,28.0,66,0.0,21.1,956.2,100,23.3,292,34.9,0.054,0.315,0.0,,1.28
2023-09-02T21:00,25.4,81,1.6,22.0,956.7,100,18.6,285,33.0,0.076,0.315,0.0,,0.6
2023-09-02T22:00,25.9,79,0.1,22.1,956.8,100,16.7,277,31.6,0.078,0.315,0.0,,0.69
2023-09-02T23:00,25.8,81,0.0,22.3,956.5,100,13.4,284,30.6,0.078,0.315,0.0,,0.63
2023-09-03T00:00,26.1,83,0.0,22.9,956.1,100,12.6,294,29.9,0.078,0.315,0.0,,0.59
2023-09-03T01:00,25.9,81,0.0,22.3,955.6,100,11.5,311,29.2,0.078,0.315,0.0,,0.65
2023-09-03T02:00,25.6,82,0.0,22.2,954.8,100,10.8,307,28.8,0.077,0.315,0.0,,0.61
2023-09-03T03:00,25.3,84,0.0,22.3,954.8,100,9.6,283,28.3,0.077,0.315,0.0,,0.52
2023-09-03T04:00,24.6,86,1.6,22.1,955.1,100,11.4,288,27.9,0.099,0.315,0.0,,0.44
2023-09-03T05:00,24.9,88,0.0,22.7,955.3,100,8.4,295,28.8,0.177,0.309,0.0,,0.39
2023-09-03T06:00,24.8,89,0.0,22.8,955.7,100,10.6,280,28.3,0.177,0.309,1.0,,0.35
2023-09-03T07:00,25.3,86,0.0,22.9,956.3,100,10.8,272,28.2,0.177,0.309,58.0,,0.44
2023-09-03T08:00,26.5,81,0.0,23.0,956.9,100,10.7,282,28.9,0.176,0.309,197.0,,0.64
2023-09-03T09:00,28.1,76,0.1,23.4,956.8,100,13.1,286,30.5,0.174,0.309,479.0,,0.92
2023-09-03T10:00,29.4,71,0.1,23.6,956.6,100,13.2,299,32.4,0.171,0.309,672.0,,1.17
2023-09-03T11:00,30.3,67,0.0,23.5,955.8,100,13.9,307,34.1,0.165,0.309,784.0,,1.42
2023-09-03T12:00,31.1,63,0.0,23.3,955.1,100,12.8,320,35.6,0.159,0.309,849.0,,1.67
2023-09-03T13:00,31.6,60,0.0,22.8,954.0,100,12.5,321,36.4,0.153,0.309,742.0,,1.86
2023-09-03T14:00,32.0,56,0.0,22.2,953.1,100,9.5,335,36.5,0.148,0.309,560.0,,2.08
2023-09-03T15:00,30.6,61,0.2,22.1,951.9,100,17.4,336,36.4,0.146,0.309,510.0,,1.73
2023-09-03T16:00,30.1,64,0.0,22.5,951.6,100,10.5,301,35.4,0.143,0.31,308.0,,1.55
2023-09-03T17:00,29.1,67,0.0,22.2,952.9,100,11.2,318,32.5,0.165,0.324,138.0,,1.34
2023-09-03T18:00,28.3,73,0.0,23.0,953.5,100,12.6,301,31.4,0.164,0.324,43.0,,1.03
2023-09-03T19:00,25.3,82,4.1,22.0,954.5,100,10.2,309,29.9,0.218,0.324,0.0,,0.57
2023-09-03T20:00,25.1,85,0.3,22.4,955.0,100,11.5,316,28.8,0.222,0.324,0.0,,0.48
2023-09-03T21:00,24.6,86,1.0,22.1,955.1,100,9.0,286,28.0,0.235,0.325,0.0,,0.43
2023-09-03T22:00,24.6,90,0.4,22.9,955.4,100,6.4,286,27.5,0.24,0.325,0.0,,0.31
2023-09-03T23:00,24.7,91,0.3,23.1,955.3,100,6.8,288,27.2,0.244,0.325,0.0,,0.29
2023-09-04T00:00,24.6,90,0.3,22.8,954.7,100,10.5,311,26.9,0.249,0.325,0.0,,0.32
2023-09-04T01:00,24.5,90,0.5,22.8,954.2,100,7.9,313,26.6,0.256,0.325,0.0,,0.3
2023-09-04T02:00,24.3,90,0.8,22.5,953.3,100,13.1,291,26.4,0.266,0.325,0.0,,0.31
2023-09-04T03:00,24.0,91,0.9,22.5,953.2,100,11.4,294,26.2,0.278,0.325,0.0,,0.26
2023-09-04T04:00,23.9,92,0.4,22.4,953.3,100,13.5,279,26.0,0.284,0.325,0.0,,0.25
2023-09-04T05:00,24.2,91,0.1,22.6,953.0,100,15.0,291,26.6,0.459,0.326,0.0,,0.29
2023-09-04T06:00,24.4,89,0.5,22.5,954.1,100,12.2,315,26.2,0.462,0.328,1.0,,0.32
2023-09-04T07:00,24.6,88,0.1,22.5,954.7,100,12.7,305,26.1,0.46,0.329,28.0,,0.37
2023-09-04T08:00,25.2,86,0.0,22.7,955.2,100,14.7,301,26.4,0.457,0.33,107.0,,0.44
2023-09-04T09:00,26.2,80,0.0,22.6,955.3,100,21.1,313,27.0,0.453,0.33,246.0,,0.67
2023-09-04T10:00,27.2,76,0.0,22.5,955.4,100,19.9,318,27.9,0.447,0.331,390.0,,0.88
2023-09-04T11:00,27.2,73,0.2,22.0,954.9,100,18.9,318,28.2,0.445,0.332,282.0,,0.96
2023-09-04T12:00,28.3,67,0.2,21.6,954.2,100,15.5,318,28.7,0.442,0.332,353.0,,1.27
2023-09-04T13:00,29.5,61,0.1,21.1,953.1,100,12.8,322,29.4,0.436,0.333,454.0,,1.61
2023-09-04T14:00,30.6,56,0.0,20.9,951.9,100,14.0,325,30.6,0.428,0.333,670.0,,1.92
2023-09-04T15:00,30.7,55,0.0,20.6,951.0,100,15.8,317,30.7,0.421,0.334,452.0,,1.98
2023-09-04T16:00,30.1,58,0.0,21.0,950.6,100,11.6,334,30.1,0.418,0.334,207.0,,1.77
2023-09-04T17:00,28.7,68,0.0,22.2,951.4,100,12.6,246,28.8,0.419,0.333,116.0,,1.26
2023-09-04T18:00,25.7,77,0.2,21.3,952.4,99,17.4,276,28.0,0.419,0.333,66.0,,0.77
2023-09-04T19:00,25.5,81,0.0,21.9,953.1,100,12.8,281,27.2,0.418,0.333,0.0,,0.63
2023-09-04T20:00,25.4,81,0.0,21.9,953.5,96,12.0,279,26.7,0.417,0.334,0.0,,0.61
2023-09-04T21:00,25.3,80,0.0,21.5,954.2,100,12.0,286,26.3,0.416,0.334,0.0,,0.65
2023-09-04T22:00,25.3,81,0.0,21.8,954.4,100,14.1,289,26.0,0.415,0.334,0.0,,0.62
2023-09-04T23:00,25.0,82,0.0,21.8,954.4,100,16.2,291,25.8,0.414,0.335,0.0,,0.56
2023-09-05T00:00,24.6,84,0.1,21.7,953.7,100,18.0,290,25.6,0.414,0.335,0.0,,0.5
2023-09-05T01:00,24.1,87,0.3,21.7,953.1,100,19.2,296,25.4,0.417,0.335,0.0,,0.4
2023-09-05T02:00,23.8,88,0.6,21.7,952.7,100,19.8,297,25.2,0.424,0.335,0.0,,0.34
2023-09-05T03:00,23.7,89,0.1,21.7,952.5,100,19.6,302,25.0,0.424,0.336,0.0,,0.33
2023-09-05T04:00,23.5,89,0.0,21.5,952.8,100,20.4,306,24.9,0.423,0.336,0.0,,0.33
2023-09-05T05:00,22.9,90,0.0,21.1,952.8,100,19.4,310,25.7,0.443,0.338,0.0,,0.29
2023-09-05T06:00,23.1,89,0.0,21.2,953.3,97,20.3,303,25.1,0.442,0.339,1.0,,0.31
2023-09-05T07:00,24.0,83,0.0,20.9,954.2,100,23.7,316,25.1,0.44,0.339,75.0,,0.51
2023-09-05T08:00,25.0,79,0.1,21.2,954.9,100,22.0,308,25.5,0.437,0.34,212.0,,0.65
2023-09-05T09:00,25.4,80,0.0,21.6,955.3,100,19.6,319,25.7,0.435,0.34,143.0,,0.66
2023-09-05T10:00,26.3,76,0.2,21.7,955.2,100,17.1,311,26.1,0.434,0.34,174.0,,0.82
2023-09-05T11:00,26.9,73,0.1,21.6,954.6,100,17.3,313,26.5,0.431,0.341,200.0,,0.96
2023-09-05T12:00,27.6,69,0.0,21.4,953.8,100,18.7,308,27.0,0.427,0.341,289.0,,1.13
2023-09-05T13:00,28.6,65,0.0,21.4,952.7,100,17.6,301,28.0,0.422,0.342,455.0,,1.37
2023-09-05T14:00,28.9,64,0.0,21.3,951.6,100,17.5,289,28.2,0.417,0.342,301.0,,1.45
2023-09-05T15:00,29.3,62,0.0,21.2,950.7,100,18.4,282,28.3,0.413,0.342,293.0,,1.57
2023-09-05T16:00,30.0,59,0.0,21.1,950.3,100,18.9,279,28.6,0.408,0.342,359.0,,1.73
2023-09-05T17:00,28.7,67,0.0,22.0,950.3,100,16.0,261,27.3,0.414,0.344,209.0,,1.28
2023-09-05T18:00,27.2,71,0.0,21.4,950.9,100,14.3,280,26.8,0.412,0.344,35.0,,1.05
2023-09-05T19:00,26.4,77,0.0,21.9,951.6,87,10.3,282,26.3,0.411,0.344,0.0,,0.8
2023-09-05T20:00,25.5,80,0.0,21.8,952.1,100,9.8,262,25.8,0.41,0.344,0.0,,0.65
2023-09-05T21:00,25.4,79,0.0,21.6,953.0,100,10.1,270,25.5,0.41,0.345,0.0,,0.67
2023-09-05T22:00,25.4,77,0.0,21.1,953.1,98,15.0,291,25.3,0.409,0.345,0.0,,0.75
2023-09-05T23:00,25.1,77,0.0,20.7,953.2,94,20.0,293,25.0,0.408,0.345,0.0,,0.75
2023-09-06T00:00,24.7,79,0.0,20.9,952.8,85,20.8,296,24.8,0.406,0.345,0.0,,0.64
2023-09-06T01:00,24.1,83,0.0,21.0,952.6,95,21.9,297,24.6,0.406,0.345,0.0,,0.51
2023-09-06T02:00,23.7,85,0.0,21.1,952.1,55,20.8,298,24.4,0.405,0.345,0.0,,0.43
2023-09-06T03:00,23.3,88,0.0,21.2,952.0,18,19.9,292,24.2,0.404,0.346,0.0,,0.34
2023-09-06T04:00,23.1,89,0.0,21.3,952.1,48,18.8,290,24.1,0.403,0.346,0.0,,0.3
2023-09-06T05:00,23.5,89,0.0,21.7,952.7,100,17.2,296,26.0,0.402,0.345,0.0,,0.31
2023-09-06T06:00,23.6,89,0.0,21.7,953.3,99,16.8,293,25.4,0.402,0.345,2.0,,0.32
2023-09-06T07:00,24.4,85,0.0,21.8,954.2,100,15.8,291,25.4,0.401,0.345,86.0,,0.44
2023-09-06T08:00,25.4,80,0.0,21.6,954.7,100,19.0,285,25.9,0.398,0.346,229.0,,0.66
2023-09-06T09:00,26.9,72,0.0,21.5,955.1,100,19.8,286,26.9,0.394,0.346,455.0,,0.99
2023-09-06T10:00,28.2,66,0.0,21.3,955.2,95,20.9,291,27.9,0.388,0.346,530.0,,1.3
2023-09-06T11:00,29.6,60,0.0,21.1,954.8,91,21.1,300,29.2,0.381,0.346,742.0,,1.63
2023-09-06T12:00,30.5,56,0.1,20.9,953.9,42,20.9,299,30.3,0.373,0.346,817.0,,1.9
2023-09-06T13:00,31.3,53,0.0,20.7,952.6,74,20.8,293,31.3,0.363,0.346,894.0,,2.12
2023-09-06T14:00,31.5,52,0.0,20.6,951.7,91,20.2,292,31.8,0.355,0.346,778.0,,2.2
2023-09-06T15:00,31.6,51,0.0,20.2,950.6,85,20.0,288,31.7,0.347,0.346,595.0,,2.28
2023-09-06T16:00,31.6,50,0.0,20.0,950.2,34,20.0,288,31.3,0.341,0.346,486.0,,2.32
2023-09-06T17:00,30.8,57,0.0,21.2,950.5,91,17.3,266,30.3,0.343,0.345,270.0,,1.91
2023-09-06T18:00,28.2,70,0.0,22.2,951.1,48,14.7,242,29.1,0.341,0.346,69.0,,1.14
2023-09-06T19:00,27.3,71,0.0,21.7,952.2,97,15.0,253,28.0,0.34,0.346,0.0,,1.04
2023-09-06T20:00,26.9,70,0.0,21.0,952.9,100,17.3,270,27.2,0.339,0.346,0.0,,1.07
2023-09-06T21:00,26.6,72,0.0,21.1,954.0,100,18.4,293,26.6,0.338,0.346,0.0,,0.98
2023-09-06T22:00,25.6,78,0.1,21.6,954.2,100,15.7,286,26.2,0.338,0.346,0.0,,0.71
2023-09-06T23:00,25.5,81,0.3,21.9,954.0,100,16.7,277,25.9,0.342,0.346,0.0,,0.63
2023-09-07T00:00,25.0,81,0.0,21.5,953.5,100,18.9,279,25.6,0.341,0.346,0.0,,0.59
2023-09-07T01:00,24.4,83,0.0,21.3,952.8,100,19.2,276,25.3,0.341,0.346,0.0,,0.52
2023-09-07T02:00,24.0,85,0.0,21.3,952.5,100,17.7,274,25.1,0.34,0.346,0.0,,0.45
2023-09-07T03:00,23.7,86,0.0,21.2,952.5,100,16.6,269,24.9,0.34,0.346,0.0,,0.41
2023-09-07T04:00,23.5,86,0.0,21.0,952.5,99,15.1,269,24.7,0.339,0.346,0.0,,0.41
2023-09-07T05:00,23.4,86,0.0,20.9,952.6,100,13.7,268,25.7,0.339,0.344,0.0,,0.41
2023-09-07T06:00,23.5,86,0.0,21.0,952.9,100,13.7,268,25.2,0.338,0.344,2.0,,0.41
2023-09-07T07:00,24.2,82,0.1,21.0,953.9,100,15.9,274,25.1,0.339,0.344,53.0,,0.53
2023-09-07T08:00,25.3,79,0.2,21.3,954.7,100,14.4,269,25.7,0.339,0.344,198.0,,0.69
2023-09-07T09:00,26.3,74,0.2,21.4,955.0,100,19.5,275,26.7,0.338,0.344,369.0,,0.87
2023-09-07T10:00,27.8,69,0.2,21.6,954.8,100,21.7,275,28.2,0.335,0.344,633.0,,1.16
2023-09-07T11:00,29.3,64,0.0,21.8,954.4,100,20.0,277,29.5,0.328,0.344,733.0,,1.45
2023-09-07T12:00,29.8,60,0.0,21.1,953.7,100,24.1,279,30.0,0.322,0.344,574.0,,1.68
2023-09-07T13:00,30.5,59,0.0,21.5,952.1,100,23.8,271,30.7,0.315,0.344,686.0,,1.81
2023-09-07T14:00,31.1,55,0.0,21.1,951.1,100,24.1,273,31.3,0.307,0.344,683.0,,2.02
2023-09-07T15:00,30.7,56,0.0,21.0,950.6,97,23.2,282,30.8,0.302,0.344,354.0,,1.92
2023-09-07T16:00,28.2,68,0.5,21.7,950.5,100,25.1,262,30.3,0.305,0.344,341.0,,1.22
2023-09-07T17:00,27.1,75,2.8,22.3,952.1,100,16.7,277,27.9,0.318,0.347,140.0,,0.88
2023-09-07T18:00,26.6,73,0.0,21.3,952.5,100,18.7,289,27.2,0.317,0.347,27.0,,0.95
2023-09-07T19:00,25.9,75,0.0,21.2,953.4,100,18.2,284,26.6,0.316,0.347,0.0,,0.82
2023-09-07T20:00,25.4,78,0.1,21.2,954.2,100,15.5,288,26.1,0.316,0.347,0.0,,0.72
2023-09-07T21:00,25.0,79,0.0,21.2,954.8,100,14.3,280,25.7,0.315,0.347,0.0,,0.65
2023-09-07T22:00,24.7,81,0.0,21.3,954.9,100,13.3,270,25.5,0.315,0.347,0.0,,0.58
2023-09-07T23:00,24.2,83,0.0,21.1,954.6,100,14.5,251,25.2,0.314,0.347,0.0,,0.53
2023-09-08T00:00,23.9,84,0.0,21.0,954.1,100,15.2,248,24.9,0.314,0.347,0.0,,0.48
2023-09-08T01:00,23.8,84,0.0,21.0,953.7,100,15.0,249,24.8,0.313,0.347,0.0,,0.46
2023-09-08T02:00,23.7,85,0.0,21.0,953.0,100,14.5,247,24.6,0.313,0.347,0.0,,0.45
2023-09-08T03:00,23.6,85,0.0,20.9,952.6,100,14.8,247,24.5,0.312,0.347,0.0,,0.44
2023-09-08T04:00,23.4,86,0.0,20.9,952.4,100,14.8,257,24.3,0.312,0.347,0.0,,0.41
2023-09-08T05:00,23.6,88,0.0,21.4,953.3,100,13.0,246,25.2,0.317,0.347,0.0,,0.36
2023-09-08T06:00,23.7,88,0.0,21.5,953.7,100,12.1,243,24.9,0.316,0.347,1.0,,0.36
2023-09-08T07:00,24.1,86,0.3,21.7,954.5,100,10.9,261,24.9,0.321,0.347,22.0,,0.41
2023-09-08T08:00,25.0,81,2.0,21.5,955.1,100,12.1,243,25.1,0.347,0.347,76.0,,0.6
2023-09-08T09:00,24.9,85,0.7,22.2,955.2,100,17.8,249,25.3,0.356,0.347,97.0,,0.48
2023-09-08T10:00,26.1,79,0.4,22.3,955.2,100,26.4,246,26.1,0.358,0.347,293.0,,0.7
2023-09-08T11:00,26.3,82,0.8,23.0,954.6,100,20.7,247,26.4,0.367,0.347,201.0,,0.61
2023-09-08T12:00,27.4,75,0.2,22.6,953.9,100,20.3,253,26.9,0.367,0.347,227.0,,0.92
2023-09-08T13:00,28.0,73,0.5,22.7,952.7,100,26.7,268,28.0,0.369,0.347,538.0,,1.02
2023-09-08T14:00,27.9,75,0.9,23.0,952.3,100,26.0,266,28.5,0.377,0.347,502.0,,0.95
2023-09-08T15:00,27.7,75,0.2,22.8,951.8,100,24.9,268,28.5,0.376,0.347,323.0,,0.93
2023-09-08T16:00,26.1,81,2.0,22.6,952.2,100,21.0,282,28.0,0.4,0.348,209.0,,0.65
2023-09-08T17:00,25.2,84,0.5,22.4,952.2,100,15.9,257,27.3,0.505,0.386,36.0,,0.5
2023-09-08T18:00,25.3,86,0.8,22.8,953.0,100,17.9,300,26.6,0.502,0.39,32.0,,0.45
2023-09-08T19:00,24.6,87,0.4,22.4,953.4,100,14.8,288,25.9,0.497,0.394,0.0,,0.39
2023-09-08T20:00,24.8,87,0.3,22.4,954.1,95,19.8,282,25.5,0.493,0.397,0.0,,0.41
2023-09-08T21:00,24.6,88,0.0,22.5,954.7,98,19.8,282,25.2,0.487,0.399,0.0,,0.38
2023-09-08T22:00,24.3,88,0.0,22.2,955.3,63,16.6,275,25.0,0.483,0.4,0.0,,0.35
2023-09-08T23:00,24.1,89,0.0,22.1,955.1,89,14.8,273,24.8,0.48,0.401,0.0,,0.34
2023-09-09T00:00,23.9,90,0.1,22.1,954.5,100,14.1,267,24.6,0.478,0.402,0.0,,0.31
2023-09-09T01:00,23.9,89,0.2,22.0,953.5,63,15.2,263,24.6,0.478,0.403,0.0,,0.32
2023-09-09T02:00,23.6,90,0.0,21.9,953.1,82,14.8,264,24.5,0.475,0.404,0.0,,0.28
2023-09-09T03:00,23.3,90,0.0,21.6,952.3,76,16.8,280,24.3,0.473,0.405,0.0,,0.28
2023-09-09T04:00,23.2,90,0.0,21.5,952.4,78,15.9,288,24.1,0.47,0.406,0.0,,0.28
2023-09-09T05:00,23.7,89,0.0,21.9,953.0,95,14.1,264,25.0,0.478,0.411,0.0,,0.31
2023-09-09T06:00,23.9,90,0.0,22.1,953.6,100,11.3,261,24.7,0.475,0.412,2.0,,0.31
2023-09-09T07:00,24.9,86,0.0,22.4,954.0,96,13.0,267,24.8,0.473,0.412,46.0,,0.45
2023-09-09T08:00,26.7,79,0.0,22.7,954.9,100,18.8,275,25.8,0.469,0.413,287.0,,0.74
2023-09-09T09:00,27.6,75,0.0,22.7,955.4,96,22.9,283,26.7,0.464,0.413,394.0,,0.93
2023-09-09T10:00,28.9,71,0.0,23.0,955.3,99,26.1,293,28.2,0.456,0.414,710.0,,1.16
2023-09-09T11:00,29.6,69,0.0,23.3,955.0,99,27.7,295,29.4,0.446,0.414,836.0,,1.29
2023-09-09T12:00,29.9,65,0.0,22.7,954.1,100,30.3,295,30.0,0.438,0.414,751.0,,1.46
2023-09-09T13:00,29.0,68,0.7,22.6,953.0,100,26.1,298,29.9,0.442,0.414,530.0,,1.26
2023-09-09T14:00,29.9,68,0.3,23.2,951.9,100,26.8,303,30.1,0.438,0.414,607.0,,1.36
2023-09-09T15:00,28.4,70,0.9,22.5,951.9,100,27.6,285,30.1,0.444,0.414,566.0,,1.15
2023-09-09T16:00,27.4,75,1.8,22.6,951.5,100,19.2,264,29.3,0.464,0.414,248.0,,0.92
2023-09-09T17:00,27.8,72,1.5,22.4,952.3,100,19.8,289,28.8,0.436,0.415,112.0,,1.04
2023-09-09T18:00,25.2,85,2.3,22.5,952.9,90,10.9,279,27.7,0.465,0.416,46.0,,0.49
2023-09-09T19:00,24.2,90,2.5,22.5,953.8,100,12.8,344,26.8,0.496,0.416,0.0,,0.29
2023-09-09T20:00,23.9,92,1.6,22.6,954.5,100,2.6,254,26.1,0.504,0.421,0.0,,0.22
2023-09-09T21:00,24.0,91,0.0,22.5,955.0,96,6.4,232,25.6,0.496,0.423,0.0,,0.26
2023-09-09T22:00,24.0,93,0.0,22.8,955.1,98,10.2,225,25.3,0.491,0.425,0.0,,0.21
2023-09-09T23:00,23.4,95,0.0,22.6,954.7,100,9.9,224,25.0,0.487,0.427,0.0,,0.14
2023-09-10T00:00,23.4,94,0.0,22.4,954.0,100,9.6,250,24.7,0.484,0.428,0.0,,0.18
2023-09-10T01:00,23.4,94,0.0,22.4,953.6,100,9.6,257,24.5,0.481,0.428,0.0,,0.17
2023-09-10T02:00,23.1,94,0.0,22.1,953.1,98,10.2,260,24.3,0.479,0.429,0.0,,0.16
2023-09-10T03:00,22.9,94,0.0,21.9,952.8,100,10.2,260,24.2,0.477,0.43,0.0,,0.17
2023-09-10T04:00,22.6,95,0.0,21.7,952.7,100,8.3,268,24.0,0.475,0.43,0.0,,0.15
2023-09-10T05:00,23.5,91,0.0,22.0,952.9,100,11.7,281,25.8,0.463,0.422,0.0,,0.25
2023-09-10T06:00,23.8,90,0.0,22.1,953.4,100,12.3,275,25.2,0.462,0.423,2.0,,0.28
2023-09-10T07:00,25.0,85,0.1,22.4,954.1,100,19.9,283,25.3,0.462,0.423,88.0,,0.47
2023-09-10T08:00,25.7,84,1.6,22.8,954.9,100,17.2,281,25.8,0.481,0.423,180.0,,0.52
2023-09-10T09:00,27.1,79,0.0,23.1,955.1,97,20.1,285,27.0,0.475,0.424,481.0,,0.77
2023-09-10T10:00,28.3,73,0.0,22.9,955.0,96,19.0,285,28.1,0.469,0.425,554.0,,1.05
2023-09-10T11:00,29.6,67,0.0,22.9,954.7,99,17.8,284,29.5,0.46,0.425,772.0,,1.36
2023-09-10T12:00,30.5,64,0.0,22.8,954.0,99,22.8,286,30.6,0.45,0.425,865.0,,1.58
2023-09-10T13:00,30.8,60,0.0,22.1,952.9,99,26.0,289,31.1,0.441,0.425,805.0,,1.77
2023-09-10T14:00,30.9,58,0.1,21.6,951.9,100,26.7,291,31.0,0.433,0.425,637.0,,1.89
2023-09-10T15:00,31.0,57,0.0,21.4,951.1,99,28.6,293,30.8,0.427,0.425,544.0,,1.95
2023-09-10T16:00,29.6,63,0.1,21.7,951.0,99,23.8,273,29.9,0.424,0.425,270.0,,1.55
2023-09-10T17:00,28.4,72,0.0,22.8,952.5,100,16.2,271,28.8,0.411,0.423,193.0,,1.09
2023-09-10T18:00,27.2,76,0.0,22.6,952.6,100,14.0,271,27.9,0.409,0.423,43.0,,0.85
2023-09-10T19:00,26.3,80,0.0,22.6,953.0,100,9.7,274,27.1,0.409,0.423,0.0,,0.68
2023-09-10T20:00,25.4,83,0.0,22.3,954.1,100,9.7,321,26.5,0.409,0.423,0.0,,0.55
2023-09-10T21:00,25.1,86,0.3,22.5,955.1,100,6.8,335,26.1,0.413,0.423,0.0,,0.46
2023-09-10T22:00,25.1,82,0.0,21.9,955.6,100,13.4,301,25.8,0.412,0.423,0.0,,0.56
2023-09-10T23:00,24.4,84,0.0,21.5,955.0,100,13.0,289,25.4,0.412,0.423,0.0,,0.48
2023-09-11T00:00,23.8,87,0.0,21.5,954.5,100,11.9,295,25.0,0.412,0.423,0.0,,0.38
2023-09-11T01:00,23.3,89,0.0,21.4,954.3,99,10.2,293,24.7,0.411,0.423,0.0,,0.31
2023-09-11T02:00,22.8,91,0.0,21.2,953.9,100,9.0,275,24.4,0.411,0.423,0.0,,0.26
2023-09-11T03:00,22.5,91,0.0,21.0,953.6,99,10.1,266,24.1,0.411,0.423,0.0,,0.25
2023-09-11T04:00,22.2,92,0.0,20.8,953.6,99,11.2,264,23.8,0.411,0.423,0.0,,0.22
2023-09-11T05:00,22.4,92,0.0,21.1,953.7,99,9.4,272,25.5,0.472,0.432,0.0,,0.21
2023-09-11T06:00,22.6,93,0.0,21.4,954.1,3,9.4,270,24.9,0.471,0.432,2.0,,0.2
2023-09-11T07:00,24.0,88,0.0,21.8,954.9,73,14.7,287,25.0,0.469,0.433,105.0,,0.37
2023-09-11T08:00,25.4,82,0.1,22.0,955.5,100,23.2,294,25.7,0.467,0.433,297.0,,0.59
2023-09-11T09:00,26.5,76,0.1,21.9,956.1,85,22.9,292,26.4,0.464,0.433,333.0,,0.83
2023-09-11T10:00,27.9,70,0.2,21.9,956.3,53,21.3,292,27.6,0.459,0.434,571.0,,1.13
2023-09-11T11:00,29.2,64,0.0,21.7,955.7,76,20.4,296,28.9,0.451,0.434,784.0,,1.45
2023-09-11T12:00,30.2,62,0.1,22.2,954.9,100,19.1,302,30.2,0.443,0.434,905.0,,1.62
2023-09-11T13:00,30.8,61,0.0,22.4,953.9,100,18.4,296,30.9,0.434,0.434,795.0,,1.72
2023-09-11T14:00,31.1,59,0.0,22.2,952.9,100,20.6,286,31.5,0.425,0.434,819.0,,1.83
2023-09-11T15:00,31.1,58,0.0,21.8,952.3,100,20.3,290,31.4,0.418,0.433,616.0,,1.89
2023-09-11T16:00,30.7,59,0.0,21.8,951.9,75,18.1,291,31.0,0.413,0.433,450.0,,1.8
2023-09-11T17:00,30.2,61,0.0,21.9,952.5,100,17.9,285,30.1,0.41,0.433,233.0,,1.65
2023-09-11T18:00,27.4,72,0.0,21.9,953.3,68,15.8,282,28.8,0.409,0.433,61.0,,1.02
2023-09-11T19:00,26.1,78,0.0,21.9,953.9,100,16.6,272,27.7,0.408,0.433,0.0,,0.75
2023-09-11T20:00,25.8,80,0.0,22.1,954.9,100,19.3,297,26.9,0.408,0.433,0.0,,0.67
2023-09-11T21:00,24.9,83,0.0,21.8,955.9,100,22.4,294,26.3,0.408,0.432,0.0,,0.54
2023-09-11T22:00,24.3,84,0.0,21.5,956.3,100,17.1,300,25.8,0.408,0.432,0.0,,0.47
2023-09-11T23:00,24.3,85,0.0,21.6,955.9,100,16.6,288,25.5,0.408,0.432,0.0,,0.45
2023-09-12T00:00,24.0,86,0.0,21.5,955.2,100,18.2,284,25.2,0.407,0.432,0.0,,0.42
2023-09-12T01:00,23.4,88,0.0,21.2,954.5,97,17.7,283,24.9,0.407,0.432,0.0,,0.35
2023-09-12T02:00,23.0,89,0.0,21.1,954.0,100,15.4,286,24.6,0.407,0.432,0.0,,0.3
2023-09-12T03:00,22.6,91,0.0,21.0,953.9,100,13.4,290,24.3,0.407,0.432,0.0,,0.25
2023-09-12T04:00,22.2,92,0.0,20.9,954.1,99,11.1,295,24.0,0.407,0.432,0.0,,0.2
2023-09-12T05:00,22.5,92,0.0,21.0,954.6,97,13.4,306,26.0,0.407,0.432,0.0,,0.23
2023-09-12T06:00,22.6,91,0.0,21.0,955.0,99,12.9,297,25.3,0.407,0.432,2.0,,0.26
2023-09-12T07:00,23.4,88,0.0,21.3,955.6,48,12.2,294,25.2,0.406,0.431,97.0,,0.35
2023-09-12T08:00,25.0,79,0.0,21.1,956.8,87,17.8,302,25.9,0.404,0.431,317.0,,0.67
2023-09-12T09:00,26.4,72,0.0,21.0,957.2,74,20.1,297,27.0,0.4,0.431,526.0,,0.95
2023-09-12T10:00,27.5,70,0.0,21.5,957.2,99,16.5,293,28.4,0.393,0.431,695.0,,1.1
2023-09-12T11:00,28.8,65,0.0,21.5,957.0,100,17.8,291,29.8,0.386,0.431,865.0,,1.39
2023-09-12T12:00,29.7,59,0.0,20.9,956.0,100,18.6,292,30.8,0.377,0.431,882.0,,1.7
2023-09-12T13:00,30.4,54,0.0,20.2,954.9,100,18.1,291,31.3,0.369,0.43,784.0,,1.97
2023-09-12T14:00,30.7,53,0.0,19.9,953.9,100,17.7,297,31.4,0.362,0.43,679.0,,2.09
2023-09-12T15:00,31.0,51,0.0,19.6,953.2,100,17.7,303,31.3,0.356,0.43,561.0,,2.2
2023-09-12T16:00,30.5,53,0.0,19.7,952.8,100,17.8,302,30.6,0.352,0.43,347.0,,2.07
2023-09-12T17:00,29.7,57,0.0,20.2,953.0,100,18.5,294,29.7,0.349,0.429,238.0,,1.8
2023-09-12T18:00,27.8,64,0.0,20.4,953.2,79,16.1,297,28.5,0.348,0.429,63.0,,1.34
2023-09-12T19:00,26.9,67,0.0,20.3,953.9,100,17.1,309,27.4,0.347,0.428,0.0,,1.16
2023-09-12T20:00,26.1,72,0.0,20.5,955.3,100,22.4,312,26.6,0.347,0.428,0.0,,0.96
2023-09-12T21:00,25.4,77,0.0,21.1,956.5,100,18.9,312,26.0,0.347,0.428,0.0,,0.74
2023-09-12T22:00,25.0,79,0.0,21.2,956.8,100,17.4,297,25.6,0.347,0.428,0.0,,0.65
2023-09-12T23:00,24.3,80,0.0,20.7,956.4,100,17.7,290,25.2,0.347,0.427,0.0,,0.6
2023-09-13T00:00,23.7,83,0.0,20.6,956.1,100,15.8,291,24.9,0.347,0.427,0.0,,0.5
2023-09-13T01:00,23.3,85,0.0,20.7,955.6,100,12.4,287,24.6,0.347,0.427,0.0,,0.42
2023-09-13T02:00,22.8,89,0.0,20.8,955.3,18,8.3,288,24.3,0.347,0.427,0.0,,0.31
2023-09-13T03:00,22.3,91,0.0,20.8,954.9,9,8.4,280,24.0,0.348,0.426,0.0,,0.24
2023-09-13T04:00,22.0,92,0.0,20.7,954.2,93,9.8,278,23.7,0.349,0.426,0.0,,0.21
2023-09-13T05:00,22.3,92,0.0,20.9,954.6,97,7.9,313,25.8,0.349,0.426,0.0,,0.21
2023-09-13T06:00,22.6,92,0.0,21.2,955.1,100,6.6,299,25.1,0.35,0.426,2.0,,0.23
2023-09-13T07:00,23.6,88,0.0,21.5,955.6,96,7.9,294,25.2,0.35,0.425,92.0,,0.35
2023-09-13T08:00,25.3,80,0.0,21.6,956.4,100,19.0,297,26.1,0.348,0.425,311.0,,0.65
2023-09-13T09:00,26.9,71,0.0,21.3,956.8,100,21.3,300,27.2,0.345,0.425,496.0,,1.01
2023-09-13T10:00,28.0,66,0.0,20.9,956.5,99,20.1,299,28.5,0.339,0.425,686.0,,1.3
2023-09-13T11:00,29.2,60,0.1,20.5,956.0,100,20.2,301,29.8,0.333,0.424,827.0,,1.63
2023-09-13T12:00,29.9,56,0.1,20.2,955.1,100,19.3,299,30.6,0.327,0.424,787.0,,1.85
2023-09-13T13:00,30.4,54,0.0,20.0,954.0,100,17.9,298,31.3,0.32,0.424,755.0,,2.0
2023-09-13T14:00,30.9,52,0.0,20.0,953.2,100,17.8,302,31.7,0.313,0.423,736.0,,2.12
2023-09-13T15:00,31.1,51,0.0,19.9,952.6,100,15.8,300,31.7,0.307,0.423,612.0,,2.2
2023-09-13T16:00,30.6,54,0.0,20.1,952.0,100,15.8,297,31.0,0.304,0.423,335.0,,2.03
2023-09-13T17:00,30.0,57,0.0,20.7,952.5,100,12.6,294,30.0,0.302,0.422,213.0,,1.81
2023-09-13T18:00,27.9,67,0.0,21.2,953.1,88,11.7,281,28.8,0.302,0.422,58.0,,1.23
2023-09-13T19:00,26.6,71,0.0,20.9,953.5,100,14.0,258,27.7,0.302,0.422,0.0,,1.02
2023-09-13T20:00,25.9,74,0.0,20.8,954.2,100,10.5,262,26.9,0.302,0.421,0.0,,0.89
2023-09-13T21:00,25.6,74,0.0,20.6,954.9,52,10.9,278,26.3,0.302,0.421,0.0,,0.86
2023-09-13T22:00,25.2,76,0.0,20.6,955.5,95,13.5,286,25.8,0.303,0.421,0.0,,0.78
2023-09-13T23:00,24.6,79,0.0,20.7,955.7,29,12.8,286,25.3,0.303,0.421,0.0,,0.65
2023-09-14T00:00,24.0,82,0.0,20.7,955.4,98,12.0,277,25.0,0.303,0.42,0.0,,0.53
2023-09-14T01:00,23.7,84,0.0,20.8,955.0,100,11.9,275,24.7,0.304,0.42,0.0,,0.48
2023-09-14T02:00,23.4,85,0.0,20.7,954.6,100,11.6,277,24.5,0.304,0.42,0.0,,0.44
2023-09-14T03:00,22.9,87,0.0,20.7,954.6,100,11.1,283,24.3,0.305,0.419,0.0,,0.35
2023-09-14T04:00,22.8,88,0.0,20.8,954.5,85,10.5,286,24.1,0.305,0.419,0.0,,0.32
2023-09-14T05:00,22.7,90,0.0,20.9,954.5,100,9.4,293,25.5,0.306,0.419,0.0,,0.29
2023-09-14T06:00,22.8,90,0.0,21.1,955.3,99,7.1,294,24.9,0.307,0.418,2.0,,0.28
2023-09-14T07:00,23.6,87,0.0,21.4,955.7,94,7.9,286,25.0,0.307,0.418,58.0,,0.36
2023-09-14T08:00,25.4,80,0.0,21.6,956.6,91,15.8,294,26.0,0.306,0.418,304.0,,0.65
2023-09-14T09:00,26.8,73,0.1,21.5,957.0,90,18.9,301,27.2,0.303,0.418,476.0,,0.97
2023-09-14T10:00,27.9,67,0.1,21.1,956.8,88,17.6,305,28.3,0.3,0.417,552.0,,1.26
2023-09-14T11:00,29.4,61,0.1,21.0,956.4,87,17.1,305,30.0,0.295,0.417,817.0,,1.6
2023-09-14T12:00,30.0,58,0.1,20.9,955.6,93,18.0,299,31.0,0.289,0.417,784.0,,1.78
2023-09-14T13:00,30.7,58,0.0,21.4,954.3,85,18.8,299,32.0,0.282,0.416,854.0,,1.86
2023-09-14T14:00,30.9,56,0.0,21.2,953.5,81,18.0,296,32.4,0.275,0.416,761.0,,1.94
2023-09-14T15:00,30.9,55,0.0,20.7,952.4,95,17.2,296,32.3,0.269,0.416,572.0,,2.02
2023-09-14T16:00,31.0,54,0.1,20.6,951.8,86,16.0,301,31.9,0.266,0.415,456.0,,2.07
2023-09-14T17:00,29.3,62,0.2,21.1,952.9,92,9.9,350,30.6,0.263,0.414,229.0,,1.56
2023-09-14T18:00,27.7,68,0.0,21.2,953.0,97,13.0,304,29.3,0.263,0.413,53.0,,1.2
2023-09-14T19:00,26.8,68,0.0,20.4,953.5,100,14.7,295,28.1,0.263,0.413,0.0,,1.12
2023-09-14T20:00,26.4,71,0.0,20.6,954.2,100,15.9,309,27.2,0.263,0.413,0.0,,1.01
2023-09-14T21:00,25.7,74,0.0,20.7,955.2,38,15.0,316,26.5,0.263,0.413,0.0,,0.86
2023-09-14T22:00,25.2,76,0.0,20.7,955.2,71,14.2,297,25.9,0.263,0.412,0.0,,0.75
2023-09-14T23:00,24.7,79,0.0,20.8,954.9,100,15.5,288,25.5,0.264,0.412,0.0,,0.66
2023-09-15T00:00,24.2,81,0.0,20.7,954.5,100,13.4,297,25.1,0.264,0.412,0.0,,0.59
2023-09-15T01:00,23.7,82,0.0,20.4,954.0,100,13.1,291,24.8,0.264,0.411,0.0,,0.53
2023-09-15T02:00,23.3,84,0.0,20.4,953.6,100,11.5,284,24.5,0.265,0.411,0.0,,0.46
2023-09-15T03:00,22.9,86,0.0,20.4,953.5,100,11.2,270,24.2,0.265,0.411,0.0,,0.39
2023-09-15T04:00,22.7,87,0.0,20.4,953.7,100,11.9,256,24.0,0.266,0.41,0.0,,0.35
2023-09-15T05:00,22.8,89,0.0,20.9,954.1,100,9.0,241,25.5,0.278,0.408,0.0,,0.31
2023-09-15T06:00,22.8,89,0.0,21.0,954.7,100,11.0,247,24.9,0.278,0.408,2.0,,0.3
2023-09-15T07:00,23.7,86,0.0,21.2,955.6,100,12.0,254,25.0,0.278,0.408,89.0,,0.41
2023-09-15T08:00,25.1,81,0.0,21.5,956.5,100,13.0,268,26.0,0.277,0.407,297.0,,0.61
2023-09-15T09:00,26.7,73,0.0,21.4,956.7,99,16.6,274,27.5,0.274,0.407,547.0,,0.95
2023-09-15T10:00,28.1,65,0.0,20.9,956.7,100,17.1,288,29.1,0.269,0.407,713.0,,1.34
2023-09-15T11:00,29.5,58,0.0,20.3,956.4,100,17.1,292,30.5,0.262,0.407,825.0,,1.74
2023-09-15T12:00,30.5,53,0.0,19.8,955.7,100,16.1,297,31.7,0.255,0.406,858.0,,2.06
2023-09-15T13:00,31.6,48,0.0,19.2,954.3,100,16.9,290,32.6,0.247,0.406,850.0,,2.43
2023-09-15T14:00,32.5,43,0.0,18.5,953.2,100,15.0,281,33.2,0.24,0.406,793.0,,2.75
2023-09-15T15:00,32.3,44,0.0,18.4,951.9,100,19.6,287,32.7,0.235,0.405,519.0,,2.73
2023-09-15T16:00,31.6,48,0.0,19.2,951.5,100,17.7,290,31.7,0.231,0.405,253.0,,2.42
2023-09-15T17:00,29.9,53,0.0,19.2,952.4,100,17.8,288,30.8,0.229,0.405,124.0,,1.99
2023-09-15T18:00,28.5,60,0.0,20.0,952.8,100,12.3,267,29.4,0.228,0.405,44.0,,1.56
2023-09-15T19:00,28.2,61,0.0,19.8,953.5,100,14.1,267,28.3,0.228,0.405,0.0,,1.5
2023-09-15T20:00,27.9,60,0.0,19.6,954.3,100,17.6,285,27.6,0.227,0.405,0.0,,1.48
2023-09-15T21:00,27.0,70,0.0,21.0,955.4,100,12.5,309,27.1,0.227,0.404,0.0,,1.08
2023-09-15T22:00,26.2,72,0.0,20.7,955.9,100,14.4,271,26.6,0.227,0.404,0.0,,0.95
2023-09-15T23:00,25.4,76,0.0,20.8,955.5,100,17.9,260,26.1,0.227,0.404,0.0,,0.78
2023-09-16T00:00,24.7,79,0.0,20.8,955.0,100,17.9,261,25.6,0.228,0.403,0.0,,0.65
2023-09-16T01:00,24.1,82,0.0,20.8,954.9,100,15.9,257,25.2,0.228,0.403,0.0,,0.55
2023-09-16T02:00,23.7,84,0.0,20.9,954.7,100,14.4,257,24.9,0.228,0.403,0.0,,0.47
2023-09-16T03:00,23.5,85,0.0,20.9,954.1,100,14.2,249,24.7,0.229,0.403,0.0,,0.42
2023-09-16T04:00,23.3,86,0.0,20.9,953.8,100,14.1,255,24.4,0.229,0.402,0.0,,0.39
2023-09-16T05:00,23.7,86,0.0,21.1,953.9,100,13.9,249,26.0,0.228,0.401,0.0,,0.42
2023-09-16T06:00,23.9,86,0.0,21.3,954.6,100,13.4,246,25.5,0.228,0.4,2.0,,0.42
2023-09-16T07:00,25.1,80,0.0,21.4,955.2,100,18.1,247,25.6,0.228,0.4,86.0,,0.65
2023-09-16T08:00,26.5,74,0.0,21.6,956.0,100,24.2,255,26.4,0.227,0.4,291.0,,0.89
2023-09-16T09:00,27.8,68,0.0,21.3,956.3,100,24.0,261,27.6,0.224,0.4,464.0,,1.2
2023-09-16T10:00,29.0,62,0.0,21.0,956.3,100,24.5,269,29.0,0.22,0.399,613.0,,1.51
2023-09-16T11:00,30.3,56,0.0,20.6,955.7,100,25.6,274,30.2,0.215,0.399,706.0,,1.88
2023-09-16T12:00,30.9,53,0.1,20.2,955.0,100,24.8,271,31.1,0.21,0.399,700.0,,2.09
2023-09-16T13:00,32.0,48,0.0,19.6,954.1,100,24.2,275,32.0,0.204,0.398,747.0,,2.46
2023-09-16T14:00,32.3,46,0.0,19.1,953.1,100,25.3,276,32.4,0.199,0.398,650.0,,2.62
2023-09-16T15:00,32.6,43,0.0,18.3,952.4,100,25.7,276,32.4,0.193,0.398,572.0,,2.8
2023-09-16T16:00,31.5,46,0.0,18.5,952.3,100,28.7,277,31.8,0.189,0.397,342.0,,2.49
2023-09-16T17:00,27.8,65,0.0,20.6,952.8,100,20.9,255,30.3,0.195,0.397,179.0,,1.31
2023-09-16T18:00,26.9,70,0.0,21.0,952.8,100,12.4,244,29.0,0.195,0.397,47.0,,1.05
2023-09-16T19:00,27.2,69,0.0,21.0,954.1,100,13.7,256,28.0,0.195,0.397,0.0,,1.12
2023-09-16T20:00,27.1,63,0.0,19.5,955.2,100,20.5,259,27.2,0.195,0.396,0.0,,1.32
2023-09-16T21:00,26.0,69,0.0,19.9,956.1,100,18.7,254,26.5,0.194,0.396,0.0,,1.03
2023-09-16T22:00,25.1,76,0.0,20.5,956.1,100,14.7,245,25.9,0.195,0.396,0.0,,0.77
2023-09-16T23:00,24.4,80,0.0,20.8,955.3,100,16.9,241,25.4,0.195,0.396,0.0,,0.61
2023-09-17T00:00,23.8,84,0.0,20.9,955.1,100,15.0,249,25.0,0.195,0.395,0.0,,0.48
2023-09-17T01:00,23.5,86,0.0,21.0,954.7,100,15.1,245,24.7,0.196,0.395,0.0,,0.4
2023-09-17T02:00,23.2,88,0.0,21.1,954.1,100,14.2,249,24.4,0.196,0.395,0.0,,0.35
2023-09-17T03:00,23.1,88,0.0,21.1,953.9,100,13.0,231,24.2,0.197,0.395,0.0,,0.33
2023-09-17T04:00,23.2,88,0.0,21.0,954.1,100,15.1,230,24.1,0.198,0.394,0.0,,0.35
2023-09-17T05:00,23.3,88,0.0,21.2,954.1,99,10.0,240,25.6,0.198,0.392,0.0,,0.33
2023-09-17T06:00,23.5,89,0.0,21.5,954.6,99,10.7,237,25.1,0.198,0.392,2.0,,0.33
2023-09-17T07:00,25.1,81,0.0,21.7,955.2,100,16.5,247,25.3,0.198,0.392,99.0,,0.59
2023-09-17T08:00,26.8,73,0.0,21.6,956.2,100,23.1,252,26.3,0.197,0.392,308.0,,0.93
2023-09-17T09:00,27.9,68,0.1,21.4,956.3,100,23.3,253,27.6,0.196,0.391,437.0,,1.22
2023-09-17T10:00,29.7,59,0.0,20.9,956.1,100,23.7,253,29.3,0.191,0.391,678.0,,1.69
2023-09-17T11:00,31.3,51,0.0,20.1,955.6,100,23.8,260,31.0,0.185,0.391,829.0,,2.22
2023-09-17T12:00,32.7,47,0.0,19.8,954.8,100,25.2,261,32.4,0.178,0.39,879.0,,2.62
2023-09-17T13:00,33.6,43,0.0,19.1,953.6,100,26.0,264,33.5,0.171,0.39,874.0,,2.98
2023-09-17T14:00,33.9,41,0.0,18.7,952.6,96,27.1,266,34.1,0.164,0.39,801.0,,3.13
2023-09-17T15:00,33.9,40,0.0,18.3,952.0,92,24.8,270,34.1,0.159,0.39,632.0,,3.19
2023-09-17T16:00,33.1,40,0.0,17.9,951.8,22,29.3,265,33.7,0.154,0.389,479.0,,3.01
2023-09-17T17:00,31.4,45,0.0,18.2,951.8,13,26.3,267,32.2,0.152,0.386,238.0,,2.51
2023-09-17T18:00,29.6,51,0.0,18.4,951.8,9,22.0,260,30.6,0.151,0.385,53.0,,2.03
2023-09-17T19:00,28.6,56,0.0,19.0,953.2,98,19.2,262,29.3,0.15,0.385,0.0,,1.71
2023-09-17T20:00,27.4,62,0.0,19.4,954.2,94,19.6,256,28.2,0.15,0.385,0.0,,1.4
2023-09-17T21:00,26.5,68,0.0,20.0,955.2,97,17.1,255,27.3,0.15,0.385,0.0,,1.12
2023-09-17T22:00,25.5,74,0.0,20.5,955.8,68,14.0,252,26.6,0.15,0.384,0.0,,0.85
2023-09-17T23:00,24.8,78,0.0,20.7,955.7,95,12.3,249,26.0,0.15,0.384,0.0,,0.69
2023-09-18T00:00,24.3,81,0.0,20.8,955.3,96,11.6,244,25.5,0.15,0.384,0.0,,0.57
2023-09-18T01:00,23.9,83,0.0,20.9,954.8,99,10.8,240,25.2,0.151,0.384,0.0,,0.49
2023-09-18T02:00,23.6,85,0.0,20.9,954.0,96,10.8,240,24.8,0.151,0.384,0.0,,0.43
2023-09-18T03:00,23.3,87,0.0,21.0,953.8,95,10.4,236,24.5,0.152,0.383,0.0,,0.37
2023-09-18T04:00,23.0,89,0.0,21.1,953.8,86,9.7,231,24.3,0.152,0.383,0.0,,0.31
2023-09-18T05:00,23.1,91,0.0,21.5,953.5,53,7.7,221,26.0,0.154,0.383,0.0,,0.25
2023-09-18T06:00,23.6,90,0.0,21.9,954.0,100,8.1,201,25.5,0.155,0.383,1.0,,0.28
2023-09-18T07:00,25.1,84,0.0,22.3,954.9,98,15.5,228,25.7,0.155,0.383,100.0,,0.49
2023-09-18T08:00,26.7,76,0.0,22.1,955.8,95,18.3,234,26.7,0.155,0.383,283.0,,0.84
2023-09-18T09:00,28.8,63,0.0,20.9,956.2,98,21.4,245,28.5,0.152,0.382,550.0,,1.48
2023-09-18T10:00,29.9,58,0.1,20.7,956.1,95,25.2,251,30.1,0.149,0.382,654.0,,1.78
2023-09-18T11:00,31.4,51,0.0,20.0,955.4,98,21.8,257,31.5,0.145,0.382,676.0,,2.26
2023-09-18T12:00,33.2,45,0.0,19.5,954.6,90,22.9,263,33.3,0.139,0.382,907.0,,2.81
2023-09-18T13:00,34.0,41,0.0,18.7,953.5,19,21.4,263,34.6,0.133,0.381,850.0,,3.15
2023-09-18T14:00,34.1,39,0.2,18.3,952.7,41,21.3,259,35.4,0.13,0.381,797.0,,3.23
2023-09-18T15:00,31.9,47,1.0,19.2,952.3,89,21.2,288,35.1,0.139,0.381,581.0,,2.5
2023-09-18T16:00,31.6,48,0.2,19.4,952.0,97,14.8,225,34.4,0.138,0.381,392.0,,2.4
2023-09-18T17:00,27.6,62,1.6,19.7,953.4,94,26.6,245,32.0,0.132,0.381,182.0,,1.39
2023-09-18T18:00,26.7,70,0.4,20.7,953.2,84,10.6,242,30.3,0.137,0.381,44.0,,1.06
2023-09-18T19:00,27.4,69,0.0,21.2,954.2,29,17.9,232,29.1,0.137,0.381,0.0,,1.12
2023-09-18T20:00,27.2,68,0.0,20.9,955.4,94,20.7,247,28.2,0.137,0.381,0.0,,1.14
2023-09-18T21:00,26.4,70,0.0,20.4,956.2,57,17.9,251,27.4,0.137,0.38,0.0,,1.04
2023-09-18T22:00,25.7,74,0.0,20.7,956.7,7,16.7,256,26.8,0.137,0.38,0.0,,0.85
2023-09-18T23:00,25.0,78,0.0,21.0,956.6,6,14.7,253,26.2,0.137,0.38,0.0,,0.69
2023-09-19T00:00,24.5,81,0.0,21.0,956.2,3,14.9,250,25.8,0.137,0.38,0.0,,0.58
2023-09-19T01:00,24.1,83,0.0,21.0,955.8,1,14.2,243,25.4,0.138,0.38,0.0,,0.51
2023-09-19T02:00,23.7,85,0.0,21.1,955.4,6,12.4,244,25.0,0.138,0.379,0.0,,0.43
2023-09-19T03:00,23.4,87,0.0,21.1,954.9,13,10.5,248,24.7,0.139,0.379,0.0,,0.37
2023-09-19T04:00,23.1,89,0.0,21.2,954.9,5,9.3,242,24.4,0.139,0.379,0.0,,0.32
2023-09-19T05:00,23.2,90,0.0,21.4,955.0,98,7.3,237,26.5,0.133,0.378,0.0,,0.29
2023-09-19T06:00,24.0,86,0.0,21.6,955.8,98,8.7,232,25.9,0.133,0.377,2.0,,0.4
2023-09-19T07:00,25.3,80,0.0,21.7,956.5,32,16.5,250,26.1,0.133,0.377,87.0,,0.63
2023-09-19T08:00,26.7,74,0.0,21.6,957.0,21,19.0,255,27.0,0.132,0.377,281.0,,0.92
2023-09-19T09:00,28.5,65,0.0,21.4,957.6,17,19.1,250,28.7,0.13,0.377,504.0,,1.35
2023-09-19T10:00,30.2,59,0.0,21.2,957.7,18,18.7,251,30.8,0.126,0.377,694.0,,1.76
2023-09-19T11:00,31.6,54,0.0,21.0,957.4,94,18.4,253,32.7,0.122,0.376,798.0,,2.15
2023-09-19T12:00,32.3,51,0.0,20.9,956.4,100,17.6,259,34.2,0.117,0.376,770.0,,2.36
2023-09-19T13:00,33.1,47,0.0,20.4,955.3,100,16.7,264,35.1,0.112,0.376,686.0,,2.65
2023-09-19T14:00,32.9,45,0.0,19.5,954.1,26,11.5,250,34.7,0.109,0.376,376.0,,2.74
2023-09-19T15:00,31.3,52,0.7,20.3,953.8,66,27.3,283,35.0,0.115,0.375,502.0,,2.18
2023-09-19T16:00,30.9,53,0.3,20.2,953.5,20,20.5,271,34.2,0.117,0.375,350.0,,2.09
2023-09-19T17:00,30.2,56,0.9,20.5,954.9,80,15.7,261,32.6,0.121,0.367,218.0,,1.88
2023-09-19T18:00,29.1,63,0.0,21.4,955.1,49,13.3,272,31.1,0.12,0.367,44.0,,1.48
2023-09-19T19:00,28.4,64,0.0,21.0,955.7,65,15.4,254,29.9,0.12,0.367,0.0,,1.38
2023-09-19T20:00,27.5,68,0.0,21.1,956.8,97,13.7,267,28.8,0.119,0.367,0.0,,1.17
2023-09-19T21:00,26.7,72,0.0,21.2,957.4,100,14.7,253,28.0,0.119,0.366,0.0,,0.98
2023-09-19T22:00,26.0,77,0.0,21.6,957.8,100,15.6,251,27.3,0.119,0.366,0.0,,0.79
2023-09-19T23:00,25.5,79,0.0,21.6,957.7,100,15.5,252,26.8,0.119,0.366,0.0,,0.69
2023-09-20T00:00,24.9,81,0.0,21.5,957.3,100,14.1,251,26.3,0.119,0.366,0.0,,0.58
2023-09-20T01:00,24.4,84,0.0,21.5,957.0,92,13.4,246,25.9,0.12,0.366,0.0,,0.49
2023-09-20T02:00,24.0,85,0.0,21.4,956.6,73,12.7,245,25.5,0.12,0.366,0.0,,0.44
2023-09-20T03:00,23.7,87,0.0,21.4,956.2,20,10.8,244,25.2,0.12,0.366,0.0,,0.37
2023-09-20T04:00,23.4,89,0.0,21.4,956.2,23,9.8,242,24.9,0.121,0.366,0.0,,0.33
2023-09-20T05:00,23.7,89,0.0,21.7,956.2,19,7.6,239,26.4,0.159,0.364,0.0,,0.33
2023-09-20T06:00,24.0,88,0.0,21.9,956.9,46,8.2,229,25.9,0.159,0.364,2.0,,0.36
2023-09-20T07:00,25.4,82,0.0,22.2,957.4,49,14.5,243,26.1,0.158,0.364,94.0,,0.57
2023-09-20T08:00,27.0,75,0.0,22.2,958.0,59,16.9,258,27.2,0.158,0.364,303.0,,0.89
2023-09-20T09:00,28.3,69,0.1,22.0,958.4,63,15.8,258,28.7,0.156,0.364,476.0,,1.2
2023-09-20T10:00,29.6,65,0.2,22.2,958.4,95,15.0,259,30.7,0.154,0.364,669.0,,1.47
2023-09-20T11:00,30.9,60,0.0,22.1,957.5,100,13.4,264,32.4,0.149,0.364,723.0,,1.81
2023-09-20T12:00,32.6,51,0.0,21.2,956.2,100,11.3,263,33.9,0.143,0.364,741.0,,2.39
2023-09-20T13:00,28.0,69,0.8,21.7,955.0,75,12.4,278,32.8,0.151,0.364,254.0,,1.17
2023-09-20T14:00,30.5,59,0.6,21.6,953.8,55,10.1,305,33.8,0.155,0.363,592.0,,1.77
2023-09-20T15:00,31.1,57,0.3,21.5,953.4,93,13.3,257,34.1,0.155,0.363,555.0,,1.96
2023-09-20T16:00,28.5,68,1.1,21.9,954.3,100,15.7,286,33.4,0.167,0.363,382.0,,1.26
2023-09-20T17:00,29.8,60,0.1,21.2,954.4,100,13.6,259,31.5,0.169,0.359,129.0,,1.66
2023-09-20T18:00,27.9,72,0.0,22.3,954.9,100,12.8,232,30.2,0.168,0.359,41.0,,1.06
2023-09-20T19:00,27.2,76,0.0,22.7,955.7,100,8.9,238,29.1,0.168,0.359,0.0,,0.85
2023-09-20T20:00,26.8,77,0.0,22.5,956.3,100,9.7,255,28.2,0.168,0.359,0.0,,0.8
2023-09-20T21:00,26.4,78,0.0,22.4,957.2,100,11.7,252,27.6,0.167,0.359,0.0,,0.74
2023-09-20T22:00,26.0,81,0.0,22.4,957.8,76,15.0,249,27.0,0.167,0.359,0.0,,0.65
2023-09-20T23:00,25.4,83,0.0,22.2,957.3,89,15.4,249,26.6,0.167,0.359,0.0,,0.56
2023-09-21T00:00,24.9,84,0.0,22.1,956.7,100,15.1,252,26.2,0.167,0.359,0.0,,0.49
2023-09-21T01:00,24.5,87,0.0,22.1,955.8,92,13.5,245,25.9,0.167,0.359,0.0,,0.41
2023-09-21T02:00,24.1,88,0.0,22.1,955.4,100,14.2,254,25.6,0.167,0.359,0.0,,0.35
2023-09-21T03:00,23.8,89,0.0,22.0,955.2,93,13.7,256,25.3,0.167,0.358,0.0,,0.31
2023-09-21T04:00,23.6,90,0.0,21.8,955.4,100,12.1,258,25.1,0.167,0.358,0.0,,0.3
2023-09-21T05:00,24.1,89,0.0,22.2,955.7,100,10.6,260,26.7,0.18,0.356,0.0,,0.33
2023-09-21T06:00,24.4,89,0.0,22.5,956.4,99,6.4,243,26.2,0.18,0.356,1.0,,0.33
2023-09-21T07:00,25.3,85,0.0,22.7,957.4,100,6.7,254,26.4,0.18,0.356,86.0,,0.47
2023-09-21T08:00,26.6,80,0.0,22.9,958.0,39,9.4,263,27.3,0.179,0.356,239.0,,0.69
2023-09-21T09:00,28.0,73,0.1,22.6,958.3,100,10.8,270,28.9,0.176,0.356,479.0,,1.03
2023-09-21T10:00,29.5,65,0.1,22.3,958.4,100,11.2,266,31.0,0.173,0.356,700.0,,1.43
2023-09-21T11:00,30.4,62,0.1,22.4,957.9,100,10.4,270,32.7,0.168,0.356,756.0,,1.64
2023-09-21T12:00,30.8,61,0.0,22.3,956.9,100,9.8,253,33.5,0.163,0.356,630.0,,1.74
2023-09-21T13:00,31.6,59,0.0,22.6,955.1,100,7.3,237,35.2,0.156,0.355,873.0,,1.91
2023-09-21T14:00,32.1,57,0.0,22.5,953.9,85,10.2,219,36.1,0.15,0.355,783.0,,2.06
2023-09-21T15:00,32.3,54,0.0,21.7,953.4,100,13.6,220,36.0,0.145,0.355,592.0,,2.23
2023-09-21T16:00,28.2,68,0.7,21.8,953.8,100,33.0,252,34.7,0.151,0.355,330.0,,1.21
2023-09-21T17:00,28.9,63,0.2,21.2,955.0,100,15.1,288,32.7,0.147,0.355,87.0,,1.46
2023-09-21T18:00,26.9,74,0.5,21.9,955.8,100,13.5,318,30.9,0.153,0.355,18.0,,0.91
2023-09-21T19:00,26.1,79,0.0,22.2,956.6,100,12.1,333,29.6,0.153,0.355,0.0,,0.71
2023-09-21T20:00,25.5,82,0.0,22.2,957.2,100,12.1,330,28.5,0.153,0.355,0.0,,0.59
2023-09-21T21:00,25.3,84,0.0,22.4,957.3,100,8.2,345,27.8,0.152,0.355,0.0,,0.51
2023-09-21T22:00,24.9,87,0.0,22.6,957.2,100,7.1,319,27.1,0.153,0.355,0.0,,0.41
2023-09-21T23:00,24.7,89,0.0,22.8,956.9,100,5.9,281,26.7,0.153,0.355,0.0,,0.34
2023-09-22T00:00,24.6,90,0.0,22.8,956.5,100,7.2,264,26.3,0.153,0.355,0.0,,0.32
2023-09-22T01:00,24.2,89,0.9,22.3,956.2,100,9.0,254,26.0,0.166,0.355,0.0,,0.33
2023-09-22T02:00,24.3,89,0.0,22.5,955.6,100,6.7,286,25.8,0.166,0.355,0.0,,0.32
2023-09-22T03:00,24.3,91,0.1,22.7,955.4,100,7.6,295,25.6,0.168,0.354,0.0,,0.29
2023-09-22T04:00,24.2,92,0.0,22.8,955.6,100,7.7,311,25.4,0.169,0.354,0.0,,0.24
2023-09-22T05:00,24.3,92,0.0,22.8,955.9,100,4.8,297,26.7,0.161,0.353,0.0,,0.25
2023-09-22T06:00,23.7,88,0.5,21.6,956.5,100,5.1,315,26.2,0.168,0.353,1.0,,0.35
2023-09-22T07:00,24.1,85,0.3,21.5,957.1,100,2.7,293,26.2,0.171,0.353,31.0,,0.44
2023-09-22T08:00,25.6,82,0.0,22.4,958.2,100,5.1,274,27.2,0.171,0.353,233.0,,0.58
2023-09-22T09:00,26.9,79,0.0,22.9,958.8,100,6.9,276,28.6,0.17,0.353,376.0,,0.74
2023-09-22T10:00,27.8,74,0.0,22.8,958.5,100,8.7,308,29.9,0.167,0.353,443.0,,0.96
2023-09-22T11:00,28.6,69,0.0,22.5,957.7,100,13.3,311,30.7,0.165,0.353,397.0,,1.2
2023-09-22T12:00,26.7,75,0.4,21.9,956.9,100,18.2,309,30.8,0.168,0.353,374.0,,0.87
2023-09-22T13:00,28.3,70,0.1,22.4,955.6,98,11.5,309,32.2,0.165,0.353,706.0,,1.14
2023-09-22T14:00,29.4,67,0.0,22.5,954.7,100,14.2,300,33.4,0.159,0.353,777.0,,1.36
2023-09-22T15:00,29.1,65,0.0,21.9,954.1,100,14.5,312,33.6,0.155,0.353,566.0,,1.4
2023-09-22T16:00,28.6,65,0.2,21.5,954.3,100,14.3,319,32.9,0.156,0.353,348.0,,1.36
2023-09-22T17:00,27.7,72,0.2,22.2,954.7,100,10.8,270,29.9,0.165,0.352,123.0,,1.03
2023-09-22T18:00,26.5,80,0.1,22.8,955.3,100,9.4,288,28.9,0.166,0.352,35.0,,0.69
2023-09-22T19:00,25.8,86,0.1,23.2,956.4,85,8.9,328,28.0,0.167,0.352,0.0,,0.47
2023-09-22T20:00,24.8,90,0.1,23.0,957.1,100,6.8,302,27.3,0.168,0.352,0.0,,0.32
2023-09-22T21:00,24.2,90,2.3,22.4,957.8,100,8.3,304,26.8,0.198,0.352,0.0,,0.3
2023-09-22T22:00,24.5,88,0.5,22.4,957.5,100,12.7,317,26.3,0.205,0.352,0.0,,0.36
2023-09-22T23:00,23.7,91,0.0,22.1,957.2,100,11.8,293,25.8,0.206,0.352,0.0,,0.27
2023-09-23T00:00,23.2,92,0.0,21.8,956.4,100,9.0,275,25.3,0.206,0.352,0.0,,0.24
2023-09-23T01:00,23.1,92,0.0,21.8,955.8,100,9.8,276,25.0,0.206,0.352,0.0,,0.21
2023-09-23T02:00,23.1,94,0.0,22.0,955.3,100,9.1,263,24.8,0.206,0.352,0.0,,0.18
2023-09-23T03:00,23.2,94,0.0,22.1,955.1,100,6.8,273,24.7,0.207,0.352,0.0,,0.17
2023-09-23T04:00,23.0,95,0.0,22.1,955.4,100,6.8,288,24.5,0.207,0.352,0.0,,0.15
2023-09-23T05:00,23.8,94,0.0,22.8,955.8,100,4.1,308,26.3,0.178,0.351,0.0,,0.17
2023-09-23T06:00,24.0,93,0.0,22.9,956.5,100,7.2,273,25.9,0.178,0.351,1.0,,0.2
2023-09-23T07:00,24.7,89,0.1,22.7,957.4,100,9.0,275,25.8,0.179,0.351,53.0,,0.35
2023-09-23T08:00,25.4,85,0.2,22.7,958.3,100,10.2,288,26.4,0.181,0.351,154.0,,0.49
2023-09-23T09:00,26.8,77,0.4,22.5,958.7,100,13.4,301,27.8,0.184,0.351,378.0,,0.8
2023-09-23T10:00,27.8,74,0.3,22.8,958.5,100,15.2,306,29.3,0.185,0.351,524.0,,0.97
2023-09-23T11:00,28.5,71,0.1,22.7,958.2,100,14.6,310,30.8,0.182,0.351,654.0,,1.14
2023-09-23T12:00,29.3,66,0.1,22.4,957.2,100,12.8,308,32.3,0.178,0.351,767.0,,1.37
2023-09-23T13:00,29.7,63,0.0,21.8,955.8,100,12.5,303,32.9,0.173,0.351,596.0,,1.56
2023-09-23T14:00,29.4,63,0.3,21.7,954.6,100,12.0,303,33.1,0.172,0.351,494.0,,1.5
2023-09-23T15:00,29.5,62,0.2,21.3,954.5,100,15.5,301,33.1,0.171,0.35,499.0,,1.58
2023-09-23T16:00,28.5,68,1.5,22.0,954.5,100,13.1,291,32.1,0.188,0.35,275.0,,1.26
2023-09-23T17:00,28.4,70,0.0,22.5,955.6,100,15.3,311,30.8,0.193,0.35,140.0,,1.14
2023-09-23T18:00,27.1,78,0.0,22.9,956.1,100,17.3,315,29.6,0.193,0.35,28.0,,0.8
2023-09-23T19:00,25.2,85,4.6,22.4,957.2,100,15.5,316,28.4,0.255,0.35,0.0,,0.49
2023-09-23T20:00,24.7,86,0.0,22.3,957.8,100,17.1,321,27.3,0.255,0.35,0.0,,0.43
2023-09-23T21:00,24.3,89,0.0,22.3,958.6,100,16.0,324,26.5,0.255,0.35,0.0,,0.34
2023-09-23T22:00,24.2,90,0.0,22.5,958.4,100,13.8,321,26.0,0.255,0.35,0.0,,0.29
2023-09-23T23:00,24.0,91,0.0,22.4,957.7,100,11.5,316,25.7,0.255,0.35,0.0,,0.27
2023-09-24T00:00,23.6,92,0.0,22.3,957.1,100,8.4,313,25.4,0.255,0.35,0.0,,0.23
2023-09-24T01:00,23.5,93,0.0,22.3,956.5,100,8.7,312,25.2,0.255,0.35,0.0,,0.2
2023-09-24T02:00,23.3,93,0.0,22.2,956.2,100,8.5,282,25.0,0.255,0.35,0.0,,0.19
2023-09-24T03:00,23.2,93,0.1,22.0,956.3,100,8.5,282,24.8,0.256,0.35,0.0,,0.21
2023-09-24T04:00,23.3,93,0.1,22.1,956.1,100,7.6,275,24.7,0.257,0.35,0.0,,0.2
2023-09-24T05:00,23.8,94,0.0,22.7,956.4,100,10.8,323,26.9,0.255,0.35,0.0,,0.19
2023-09-24T06:00,24.0,90,0.2,22.3,957.2,100,11.8,310,26.3,0.258,0.35,1.0,,0.3
2023-09-24T07:00,24.3,89,0.2,22.3,958.3,100,11.6,277,26.0,0.26,0.35,32.0,,0.34
2023-09-24T08:00,25.0,86,0.1,22.5,958.9,100,11.9,284,26.3,0.259,0.35,126.0,,0.45
2023-09-24T09:00,26.6,80,0.1,22.9,959.2,100,13.1,307,27.6,0.258,0.35,386.0,,0.69
2023-09-24T10:00,27.9,75,0.1,22.9,958.9,100,15.4,307,29.1,0.254,0.35,581.0,,0.95
2023-09-24T11:00,29.0,67,0.0,22.3,958.2,100,16.8,312,30.3,0.249,0.35,614.0,,1.3
2023-09-24T12:00,28.9,66,0.0,21.9,956.9,100,15.8,311,30.6,0.245,0.35,430.0,,1.36
2023-09-24T13:00,29.3,65,0.0,22.0,955.5,100,14.3,313,31.0,0.241,0.35,489.0,,1.43
2023-09-24T14:00,29.4,64,0.0,22.0,954.5,100,17.0,306,31.5,0.236,0.35,518.0,,1.46
2023-09-24T15:00,29.1,67,0.8,22.3,954.4,100,11.0,302,31.4,0.244,0.35,410.0,,1.34
2023-09-24T16:00,27.9,70,1.1,21.9,954.6,100,16.8,315,30.8,0.255,0.35,255.0,,1.14
2023-09-24T17:00,28.8,67,1.7,22.1,954.8,100,15.8,305,29.7,0.236,0.35,123.0,,1.29
2023-09-24T18:00,27.3,75,0.0,22.4,955.6,100,15.3,311,28.7,0.235,0.35,26.0,,0.92
2023-09-24T19:00,25.4,84,1.2,22.4,956.6,100,17.7,287,27.7,0.251,0.35,0.0,,0.53
2023-09-24T20:00,25.0,83,0.0,21.9,957.1,100,18.7,308,26.9,0.251,0.35,0.0,,0.54
2023-09-24T21:00,24.5,86,0.0,22.0,957.5,100,15.1,308,26.3,0.251,0.35,0.0,,0.43
2023-09-24T22:00,24.3,88,0.0,22.1,957.5,100,14.0,305,25.8,0.25,0.35,0.0,,0.38
2023-09-24T23:00,24.1,88,0.0,21.9,957.0,100,14.4,307,25.5,0.25,0.35,0.0,,0.37
2023-09-25T00:00,23.8,88,0.0,21.7,956.6,100,13.7,305,25.2,0.25,0.35,0.0,,0.35
2023-09-25T01:00,23.5,90,0.0,21.8,956.4,100,11.1,295,24.9,0.25,0.35,0.0,,0.28
2023-09-25T02:00,23.4,92,0.0,21.9,956.0,100,11.3,292,24.8,0.25,0.35,0.0,,0.24
2023-09-25T03:00,23.1,93,0.0,21.9,955.8,100,11.3,279,24.6,0.25,0.35,0.0,,0.2
2023-09-25T04:00,22.9,94,0.0,21.8,956.0,100,13.7,288,24.4,0.25,0.35,0.0,,0.18
2023-09-25T05:00,23.2,94,0.3,22.1,955.5,99,10.0,283,25.7,0.244,0.349,0.0,,0.17
2023-09-25T06:00,23.2,93,0.0,22.0,956.7,100,9.4,272,25.2,0.244,0.349,1.0,,0.2
2023-09-25T07:00,23.9,89,0.0,22.1,957.6,100,8.6,272,25.3,0.244,0.349,74.0,,0.31
2023-09-25T08:00,25.1,84,0.0,22.3,957.8,100,11.8,282,26.1,0.243,0.349,235.0,,0.5
2023-09-25T09:00,27.0,73,0.0,21.8,957.7,93,13.1,302,27.8,0.24,0.349,508.0,,0.94
2023-09-25T10:00,28.2,67,0.1,21.6,957.6,98,12.5,309,29.5,0.235,0.349,676.0,,1.24
2023-09-25T11:00,29.1,66,0.0,22.1,957.1,100,13.5,312,31.1,0.229,0.349,767.0,,1.37
2023-09-25T12:00,29.8,64,0.0,22.1,956.1,99,13.3,308,32.1,0.223,0.349,750.0,,1.52
2023-09-25T13:00,30.3,63,0.0,22.4,955.1,100,13.3,311,33.3,0.216,0.349,836.0,,1.6
2023-09-25T14:00,30.6,61,0.0,22.3,953.7,100,12.5,309,33.9,0.209,0.349,751.0,,1.69
2023-09-25T15:00,30.5,61,0.0,22.1,952.7,100,13.0,314,33.9,0.204,0.349,605.0,,1.71
2023-09-25T16:00,30.3,60,0.0,21.7,952.5,96,13.1,328,33.3,0.2,0.349,442.0,,1.71
2023-09-25T17:00,26.2,78,0.0,22.0,954.1,100,5.6,345,31.1,0.205,0.348,198.0,,0.76
2023-09-25T18:00,25.6,80,0.3,22.0,954.5,100,10.5,266,29.6,0.209,0.348,18.0,,0.65
2023-09-25T19:00,24.8,86,0.7,22.3,954.8,100,7.8,304,28.3,0.219,0.348,0.0,,0.45
2023-09-25T20:00,23.4,91,7.6,21.9,956.1,100,10.8,266,27.2,0.324,0.348,0.0,,0.25
2023-09-25T21:00,23.7,91,1.9,22.2,956.3,100,8.3,236,26.4,0.35,0.348,0.0,,0.25
2023-09-25T22:00,23.3,91,0.7,21.7,956.8,100,18.4,268,25.7,0.359,0.348,0.0,,0.26
2023-09-25T23:00,23.3,91,0.4,21.7,956.9,100,12.0,319,25.3,0.364,0.348,0.0,,0.26
2023-09-26T00:00,22.5,92,0.7,21.2,956.2,100,12.6,301,24.8,0.373,0.348,0.0,,0.22
2023-09-26T01:00,22.4,92,0.1,21.0,955.1,100,11.0,308,24.5,0.374,0.348,0.0,,0.21
2023-09-26T02:00,22.3,93,0.0,21.1,954.3,96,9.1,304,24.2,0.374,0.348,0.0,,0.19
2023-09-26T03:00,22.3,95,0.0,21.4,953.9,89,9.2,296,24.1,0.374,0.348,0.0,,0.14
2023-09-26T04:00,22.2,95,0.0,21.4,954.2,87,9.4,310,23.9,0.374,0.348,0.0,,0.13
2023-09-26T05:00,22.7,96,0.0,21.9,954.5,21,7.9,313,25.8,0.387,0.349,0.0,,0.12
2023-09-26T06:00,23.0,95,0.1,22.1,955.5,89,8.9,310,25.2,0.389,0.349,1.0,,0.15
2023-09-26T07:00,23.8,90,0.2,22.1,956.4,96,11.9,331,25.3,0.39,0.349,89.0,,0.3
2023-09-26T08:00,24.8,85,0.1,22.1,957.1,82,6.8,328,25.9,0.39,0.349,176.0,,0.47
2023-09-26T09:00,26.3,79,0.0,22.4,957.4,100,8.3,360,27.2,0.387,0.349,362.0,,0.71
2023-09-26T10:00,27.3,76,0.0,22.7,957.3,37,4.7,360,28.7,0.383,0.349,521.0,,0.86
2023-09-26T11:00,28.4,74,0.0,23.2,956.6,16,3.7,349,30.8,0.376,0.349,774.0,,1.01
2023-09-26T12:00,29.2,70,0.1,23.2,955.3,26,5.0,300,32.4,0.369,0.349,856.0,,1.2
2023-09-26T13:00,29.9,64,0.1,22.4,953.9,64,12.2,270,33.1,0.362,0.349,795.0,,1.51
2023-09-26T14:00,30.1,61,0.0,21.7,953.1,100,17.0,287,32.9,0.355,0.349,650.0,,1.66
2023-09-26T15:00,24.9,86,9.6,22.5,953.4,100,22.1,28,30.9,0.483,0.35,210.0,,0.43
2023-09-26T16:00,24.6,86,4.0,22.1,953.5,100,16.7,6,28.9,0.52,0.353,45.0,,0.44
2023-09-26T17:00,25.9,81,2.6,22.4,953.9,100,16.5,340,29.8,0.479,0.364,56.0,,0.62
2023-09-26T18:00,24.7,86,0.0,22.2,954.6,99,14.8,360,28.5,0.474,0.366,22.0,,0.44
2023-09-26T19:00,24.4,87,0.0,22.1,955.1,99,12.0,7,27.4,0.47,0.367,0.0,,0.39
2023-09-26T20:00,24.3,88,0.0,22.2,955.9,100,9.4,356,26.7,0.466,0.368,0.0,,0.35
2023-09-26T21:00,24.4,89,0.0,22.5,956.3,100,8.2,345,26.3,0.464,0.369,0.0,,0.33
2023-09-26T22:00,23.8,92,0.8,22.4,956.6,97,6.6,331,25.9,0.472,0.369,0.0,,0.25
2023-09-26T23:00,23.7,92,0.8,22.4,955.9,95,5.9,223,25.6,0.479,0.371,0.0,,0.23
2023-09-27T00:00,23.2,94,0.8,22.2,955.8,99,8.9,249,25.3,0.485,0.372,0.0,,0.18
2023-09-27T01:00,23.4,92,0.3,22.1,955.1,100,8.9,284,25.1,0.483,0.374,0.0,,0.22
2023-09-27T02:00,23.0,94,0.1,21.9,954.6,100,11.0,302,24.9,0.48,0.376,0.0,,0.18
2023-09-27T03:00,22.8,93,0.0,21.6,954.6,100,14.8,326,24.7,0.476,0.377,0.0,,0.19
2023-09-27T04:00,22.7,93,0.0,21.4,954.7,100,15.0,339,24.5,0.473,0.378,0.0,,0.2
2023-09-27T05:00,23.0,94,0.0,22.1,955.1,100,8.0,352,26.0,0.493,0.399,0.0,,0.16
2023-09-27T06:00,23.4,92,0.0,22.1,955.6,91,4.9,343,25.4,0.488,0.401,1.0,,0.22
2023-09-27T07:00,24.2,90,0.0,22.4,956.7,98,10.5,22,25.5,0.483,0.402,92.0,,0.31
2023-09-27T08:00,25.4,85,0.0,22.6,956.8,100,9.8,36,26.3,0.479,0.403,253.0,,0.49
2023-09-27T09:00,26.4,81,0.1,22.9,957.2,99,10.2,42,27.4,0.473,0.404,398.0,,0.64
2023-09-27T10:00,27.3,78,0.0,23.1,956.6,99,7.7,41,28.9,0.466,0.405,585.0,,0.81
2023-09-27T11:00,27.9,76,0.1,23.2,955.4,99,4.4,55,30.3,0.459,0.405,675.0,,0.91
2023-09-27T12:00,28.5,74,0.1,23.4,954.7,98,4.6,45,31.7,0.452,0.405,774.0,,1.02
2023-09-27T13:00,29.3,72,0.1,23.7,953.5,100,4.3,42,33.0,0.444,0.406,865.0,,1.14
2023-09-27T14:00,29.6,70,0.1,23.6,952.4,100,2.8,50,33.6,0.437,0.406,740.0,,1.22
2023-09-27T15:00,29.9,68,0.1,23.4,952.0,64,4.3,85,33.5,0.432,0.406,541.0,,1.35
2023-09-27T16:00,30.4,65,0.0,23.2,951.5,91,4.5,61,33.0,0.428,0.406,382.0,,1.49
2023-09-27T17:00,27.7,76,6.6,23.0,953.1,95,10.0,21,30.6,0.491,0.419,189.0,,0.9
2023-09-27T18:00,26.3,86,0.1,23.7,953.7,66,7.9,24,29.2,0.486,0.421,24.0,,0.49
2023-09-27T19:00,25.6,88,1.2,23.6,954.5,94,8.2,49,28.2,0.498,0.422,0.0,,0.38
2023-09-27T20:00,25.5,89,0.0,23.5,955.1,95,5.1,39,27.4,0.492,0.424,0.0,,0.37
2023-09-27T21:00,25.2,90,0.0,23.4,956.0,90,7.2,198,26.9,0.488,0.426,0.0,,0.32
2023-09-27T22:00,24.6,94,0.0,23.5,956.2,100,10.2,212,26.5,0.485,0.427,0.0,,0.2
2023-09-27T23:00,24.3,95,0.0,23.4,955.8,100,7.3,189,26.2,0.482,0.428,0.0,,0.16
2023-09-28T00:00,23.9,96,0.0,23.2,955.6,100,4.7,171,25.8,0.48,0.428,0.0,,0.12
2023-09-28T01:00,23.6,96,0.0,23.0,954.5,100,4.4,189,25.6,0.477,0.429,0.0,,0.1
2023-09-28T02:00,23.3,97,0.0,22.8,954.1,100,5.1,188,25.3,0.475,0.43,0.0,,0.09
2023-09-28T03:00,23.1,98,0.0,22.7,954.0,100,2.4,243,25.1,0.474,0.43,0.0,,0.06
2023-09-28T04:00,23.0,98,0.0,22.7,953.8,92,2.6,286,24.9,0.472,0.431,0.0,,0.04
2023-09-28T05:00,23.9,98,0.0,23.5,954.6,93,6.4,333,27.0,0.483,0.47,0.0,,0.06
2023-09-28T06:00,24.3,98,0.0,23.9,954.9,98,5.3,28,26.4,0.482,0.47,1.0,,0.07
2023-09-28T07:00,24.9,94,0.0,23.8,955.6,99,2.4,153,26.5,0.481,0.47,86.0,,0.2
2023-09-28T08:00,26.3,86,0.0,23.7,956.5,100,2.6,344,27.6,0.479,0.47,257.0,,0.49
2023-09-28T09:00,27.4,81,0.0,23.8,956.6,100,2.5,8,28.9,0.476,0.47,402.0,,0.7
2023-09-28T10:00,28.1,78,0.1,24.0,956.5,100,1.3,146,30.4,0.471,0.47,566.0,,0.83
2023-09-28T11:00,28.9,77,0.1,24.4,955.9,100,3.2,180,31.7,0.466,0.47,666.0,,0.92
2023-09-28T12:00,29.7,74,0.1,24.6,954.8,99,5.0,159,33.1,0.459,0.469,870.0,,1.09
2023-09-28T13:00,30.1,71,0.2,24.2,953.4,99,3.2,180,34.0,0.454,0.469,848.0,,1.25
2023-09-28T14:00,30.4,68,0.2,23.7,951.9,100,4.3,204,34.1,0.45,0.469,641.0,,1.4
2023-09-28T15:00,28.3,75,0.5,23.4,951.3,100,17.8,144,32.8,0.452,0.468,316.0,,0.98
2023-09-28T16:00,27.4,77,6.6,23.1,952.2,85,9.0,119,31.5,0.52,0.468,253.0,,0.82
2023-09-28T17:00,25.8,84,10.5,22.8,952.9,98,6.6,338,30.0,0.505,0.483,127.0,,0.54
2023-09-28T18:00,24.4,90,8.7,22.7,954.1,97,13.1,21,28.5,0.52,0.506,25.0,,0.3
2023-09-28T19:00,24.6,87,8.6,22.2,954.9,100,0.8,63,27.4,0.515,0.52,0.0,,0.42
2023-09-28T20:00,24.9,89,1.5,22.9,954.8,100,7.9,24,26.8,0.513,0.515,0.0,,0.35
2023-09-28T21:00,24.5,92,0.0,23.0,954.9,100,7.5,35,26.3,0.509,0.512,0.0,,0.26
2023-09-28T22:00,23.8,94,0.0,22.9,955.4,100,4.5,76,26.0,0.507,0.51,0.0,,0.16
2023-09-28T23:00,23.5,96,0.0,22.9,955.3,100,5.2,106,25.7,0.504,0.509,0.0,,0.11
2023-09-29T00:00,23.7,95,0.1,22.8,955.2,98,8.3,175,25.5,0.504,0.507,0.0,,0.15
2023-09-29T01:00,23.5,95,0.0,22.7,954.2,100,8.9,137,25.3,0.502,0.506,0.0,,0.15
2023-09-29T02:00,23.3,94,1.4,22.3,953.9,99,7.5,107,25.1,0.517,0.505,0.0,,0.17
2023-09-29T03:00,23.2,95,0.2,22.3,953.6,96,1.8,191,25.0,0.512,0.506,0.0,,0.15
2023-09-29T04:00,22.9,97,0.0,22.4,953.0,99,3.6,186,24.8,0.508,0.506,0.0,,0.07
2023-09-29T05:00,23.5,97,0.0,23.1,954.0,100,5.5,191,26.7,0.493,0.497,0.0,,0.08
2023-09-29T06:00,23.8,96,0.0,23.1,954.6,93,5.9,223,26.2,0.492,0.496,1.0,,0.13
2023-09-29T07:00,24.5,91,0.0,23.0,955.7,69,8.7,240,26.2,0.491,0.496,86.0,,0.27
2023-09-29T08:00,25.6,85,0.1,23.0,956.5,36,8.1,238,27.0,0.49,0.495,259.0,,0.48
2023-09-29T09:00,26.8,80,0.0,23.2,956.9,16,5.2,196,28.4,0.486,0.494,453.0,,0.69
2023-09-29T10:00,28.0,77,0.0,23.5,957.1,8,4.5,166,30.0,0.481,0.493,654.0,,0.88
2023-09-29T11:00,28.8,73,0.0,23.5,956.4,9,4.7,148,31.7,0.474,0.493,808.0,,1.05
2023-09-29T12:00,29.4,72,0.0,23.9,954.8,6,4.4,125,32.9,0.467,0.492,863.0,,1.13
2023-09-29T13:00,29.8,72,0.1,24.1,953.5,9,5.1,141,33.8,0.46,0.491,850.0,,1.18
2023-09-29T14:00,30.0,70,0.1,24.0,952.5,49,9.4,180,34.0,0.454,0.489,756.0,,1.26
2023-09-29T15:00,29.5,69,0.1,23.3,951.1,74,11.7,191,33.5,0.451,0.488,556.0,,1.26
2023-09-29T16:00,27.6,76,0.3,22.9,952.2,98,5.6,165,32.4,0.452,0.487,337.0,,0.9
2023-09-29T17:00,28.4,72,1.1,22.9,952.6,95,10.1,176,31.1,0.497,0.492,82.0,,1.08
2023-09-29T18:00,25.7,85,1.6,23.0,953.6,100,16.0,216,29.6,0.512,0.493,29.0,,0.5
2023-09-29T19:00,25.0,84,2.0,22.2,954.6,100,1.5,104,28.3,0.52,0.494,0.0,,0.5
2023-09-29T20:00,24.0,91,13.9,22.3,956.1,100,15.6,61,27.2,0.491,0.518,0.0,,0.28
2023-09-29T21:00,24.2,90,0.3,22.5,956.4,100,7.9,90,26.6,0.496,0.513,0.0,,0.29
2023-09-29T22:00,23.8,92,2.0,22.5,957.0,100,7.7,118,26.1,0.52,0.511,0.0,,0.22
2023-09-29T23:00,23.6,94,1.5,22.5,956.4,100,8.0,95,25.8,0.515,0.515,0.0,,0.18
2023-09-30T00:00,23.2,96,0.0,22.5,955.4,74,9.9,134,25.4,0.511,0.512,0.0,,0.13
2023-09-30T01:00,22.9,96,0.0,22.1,954.7,81,9.9,147,25.1,0.508,0.511,0.0,,0.12
2023-09-30T02:00,22.6,97,0.0,22.0,954.6,37,9.0,143,24.8,0.505,0.509,0.0,,0.09
2023-09-30T03:00,22.5,97,0.0,22.0,953.8,52,8.6,165,24.6,0.503,0.508,0.0,,0.08
2023-09-30T04:00,22.3,97,0.0,21.8,953.6,99,8.0,162,24.4,0.502,0.506,0.0,,0.07
2023-09-30T05:00,23.0,96,0.0,22.4,954.1,100,9.8,152,26.4,0.5,0.504,0.0,,0.11
2023-09-30T06:00,23.4,95,0.0,22.6,955.1,97,8.8,171,25.7,0.499,0.503,1.0,,0.14
2023-09-30T07:00,24.3,90,0.0,22.5,955.2,100,9.2,129,25.8,0.497,0.502,93.0,,0.31
2023-09-30T08:00,25.8,81,0.0,22.4,956.0,100,14.5,166,26.6,0.494,0.501,299.0,,0.62
2023-09-30T09:00,26.9,76,0.2,22.3,956.6,40,15.5,181,27.7,0.492,0.501,463.0,,0.85
2023-09-30T10:00,28.1,71,0.3,22.3,956.8,100,12.6,182,28.8,0.49,0.5,565.0,,1.1
2023-09-30T11:00,29.0,70,0.1,22.9,956.2,82,13.4,194,30.1,0.484,0.499,744.0,,1.2
2023-09-30T12:00,29.6,68,0.0,23.0,955.3,100,8.7,197,31.5,0.476,0.498,863.0,,1.33
2023-09-30T13:00,29.9,65,0.0,22.5,954.0,100,8.4,190,31.5,0.472,0.496,459.0,,1.49
2023-09-30T14:00,29.3,68,0.1,22.7,952.9,100,8.4,205,31.0,0.469,0.495,304.0,,1.32
2023-09-30T15:00,29.8,64,0.0,22.2,951.7,85,4.8,222,30.6,0.467,0.494,242.0,,1.51
2023-09-30T16:00,27.9,74,2.8,22.9,952.4,95,10.3,155,30.7,0.501,0.494,380.0,,0.96
2023-09-30T17:00,29.6,66,3.0,22.5,953.2,99,6.0,147,29.4,0.516,0.506,132.0,,1.41
2023-09-30T18:00,24.4,91,1.7,22.8,954.1,99,19.5,205,28.2,0.511,0.512,28.0,,0.28
2023-09-30T19:00,24.2,90,0.2,22.5,954.1,99,8.4,211,27.2,0.511,0.511,0.0,,0.3
2023-09-30T20:00,24.5,89,0.6,22.5,954.7,93,5.4,70,26.6,0.513,0.51,0.0,,0.35
2023-09-30T21:00,24.1,91,5.2,22.5,955.9,100,10.8,111,26.1,0.52,0.52,0.0,,0.28
2023-09-30T22:00,23.7,92,3.8,22.3,955.8,100,10.5,86,25.6,0.511,0.516,0.0,,0.24
2023-09-30T23:00,23.8,93,0.0,22.6,955.2,100,10.8,92,25.3,0.508,0.514,0.0,,0.2
2023-10-01T00:00,23.5,94,0.0,22.5,954.8,100,12.5,139,25.1,0.505,0.512,0.0,,0.16
2023-10-01T01:00,23.2,94,0.0,22.1,953.7,99,13.2,137,24.8,0.503,0.51,0.0,,0.18
2023-10-01T02:00,23.1,93,0.0,22.0,953.1,83,13.4,153,24.6,0.501,0.509,0.0,,0.19
2023-10-01T03:00,23.0,94,0.0,22.0,953.0,88,13.4,166,24.4,0.5,0.507,0.0,,0.16
2023-10-01T04:00,22.7,96,0.0,21.9,952.5,99,10.0,159,24.3,0.499,0.506,0.0,,0.12
2023-10-01T05:00,23.5,94,0.0,22.4,953.7,100,6.4,117,25.9,0.5,0.503,0.0,,0.19
2023-10-01T06:00,23.5,94,0.0,22.4,954.7,100,6.5,96,25.4,0.498,0.502,1.0,,0.19
2023-10-01T07:00,24.3,90,0.0,22.5,955.3,98,7.7,101,25.5,0.497,0.502,75.0,,0.31
2023-10-01T08:00,25.8,83,0.0,22.6,955.6,98,11.2,130,26.4,0.494,0.501,281.0,,0.58
2023-10-01T09:00,26.7,80,0.0,23.0,955.9,100,12.5,123,27.5,0.49,0.5,444.0,,0.69
2023-10-01T10:00,27.7,78,0.3,23.5,955.9,100,12.0,136,29.0,0.487,0.5,647.0,,0.82
2023-10-01T11:00,28.6,74,0.0,23.4,955.3,100,10.9,146,30.2,0.481,0.499,727.0,,1.02
2023-10-01T12:00,28.7,71,0.1,23.0,954.0,100,10.4,136,31.0,0.476,0.498,689.0,,1.13
2023-10-01T13:00,29.4,70,0.1,23.4,952.7,98,12.7,125,31.8,0.47,0.497,776.0,,1.22
2023-10-01T14:00,28.7,70,4.1,22.6,951.3,100,15.5,132,31.9,0.518,0.496,682.0,,1.19
2023-10-01T15:00,27.2,79,0.1,23.1,950.8,100,10.7,140,30.7,0.509,0.498,299.0,,0.77
2023-10-01T16:00,28.0,76,0.0,23.4,951.2,100,12.0,111,30.3,0.503,0.498,309.0,,0.9
2023-10-01T17:00,26.7,82,3.6,23.3,952.4,100,10.8,180,28.1,0.516,0.504,89.0,,0.63
2023-10-01T18:00,25.5,90,0.1,23.8,952.8,100,4.1,218,27.4,0.511,0.505,20.0,,0.32
2023-10-01T19:00,24.2,94,12.1,23.1,954.1,100,8.0,342,26.7,0.52,0.52,0.0,,0.19
2023-10-01T20:00,24.3,90,1.3,22.5,954.8,100,7.3,57,26.2,0.514,0.516,0.0,,0.31
2023-10-01T21:00,23.6,94,8.8,22.6,955.6,100,12.3,21,25.7,0.517,0.52,0.0,,0.17
2023-10-01T22:00,23.6,93,0.2,22.4,955.5,100,13.5,61,25.3,0.502,0.515,0.0,,0.2
2023-10-01T23:00,23.1,94,1.7,22.1,955.4,100,9.2,51,25.0,0.52,0.514,0.0,,0.16
2023-10-02T00:00,23.4,93,0.6,22.2,954.8,100,4.5,76,24.9,0.507,0.516,0.0,,0.2
2023-10-02T01:00,23.1,94,0.8,22.1,954.4,100,6.8,122,24.7,0.514,0.514,0.0,,0.17
2023-10-02T02:00,23.3,91,0.5,21.7,954.0,100,3.3,354,24.6,0.514,0.514,0.0,,0.26
2023-10-02T03:00,23.2,94,0.0,22.1,953.6,100,9.7,312,24.5,0.51,0.513,0.0,,0.17
2023-10-02T04:00,23.1,95,0.0,22.3,953.8,99,11.7,315,24.4,0.507,0.512,0.0,,0.13
2023-10-02T05:00,23.7,90,0.0,21.9,954.1,100,17.2,290,25.1,0.509,0.514,0.0,,0.3
2023-10-02T06:00,23.8,86,0.0,21.3,954.7,100,17.2,307,24.7,0.506,0.513,1.0,,0.41
2023-10-02T07:00,24.2,85,0.0,21.6,955.7,100,13.0,304,24.7,0.503,0.511,63.0,,0.44
2023-10-02T08:00,25.4,81,0.0,21.8,956.6,100,14.6,303,25.3,0.5,0.51,170.0,,0.62
2023-10-02T09:00,26.6,77,0.0,22.2,957.4,100,22.0,308,26.1,0.496,0.509,313.0,,0.81
2023-10-02T10:00,27.3,77,0.0,22.9,957.5,100,21.3,304,26.9,0.492,0.508,374.0,,0.83
2023-10-02T11:00,28.6,69,0.0,22.2,957.3,100,26.8,312,27.9,0.486,0.506,522.0,,1.23
2023-10-02T12:00,27.9,70,0.0,22.0,956.5,100,23.8,309,27.7,0.483,0.505,264.0,,1.11
2023-10-02T13:00,28.1,70,0.0,22.1,955.5,100,25.2,307,27.7,0.48,0.504,259.0,,1.14
2023-10-02T14:00,27.6,71,0.0,21.8,954.7,100,24.1,308,27.4,0.478,0.503,187.0,,1.08
2023-10-02T15:00,28.0,69,0.0,21.9,954.4,100,24.3,305,27.5,0.476,0.502,246.0,,1.15
2023-10-02T16:00,27.8,72,0.0,22.2,954.5,100,22.4,312,27.2,0.474,0.501,157.0,,1.05
2023-10-02T17:00,27.4,76,0.0,22.8,955.1,100,20.1,299,26.7,0.474,0.5,103.0,,0.87
2023-10-02T18:00,26.4,79,0.0,22.6,955.6,100,17.6,296,26.3,0.474,0.499,17.0,,0.71
2023-10-02T19:00,25.4,83,0.0,22.4,956.1,100,15.5,292,25.7,0.474,0.498,0.0,,0.54
2023-10-02T20:00,25.0,84,0.0,22.2,956.7,99,14.0,288,25.3,0.474,0.497,0.0,,0.49
2023-10-02T21:00,24.6,84,0.0,21.8,957.2,97,13.9,291,25.0,0.474,0.497,0.0,,0.48
2023-10-02T22:00,24.2,85,0.0,21.6,957.5,100,13.9,291,24.7,0.475,0.496,0.0,,0.44
2023-10-02T23:00,24.2,85,0.0,21.5,957.4,100,14.8,293,24.5,0.475,0.495,0.0,,0.46
2023-10-03T00:00,24.0,84,0.0,21.2,957.0,100,15.5,295,24.4,0.475,0.495,0.0,,0.47
2023-10-03T01:00,23.7,85,0.0,21.0,956.7,100,15.1,295,24.3,0.475,0.494,0.0,,0.44
2023-10-03T02:00,23.4,86,0.0,20.9,956.2,31,14.3,295,24.1,0.474,0.494,0.0,,0.4
2023-10-03T03:00,22.9,88,0.0,20.8,955.9,99,14.0,305,23.9,0.474,0.493,0.0,,0.34
2023-10-03T04:00,22.8,89,0.0,20.9,955.9,99,13.0,312,23.7,0.474,0.493,0.0,,0.31
2023-10-03T05:00,23.3,89,0.0,21.4,956.7,95,14.6,303,25.7,0.473,0.492,0.0,,0.32
2023-10-03T06:00,23.5,89,0.0,21.6,957.2,42,14.6,308,25.2,0.473,0.492,1.0,,0.31
2023-10-03T07:00,24.1,89,0.0,22.1,958.2,98,12.4,306,25.1,0.473,0.491,76.0,,0.34
2023-10-03T08:00,25.4,85,0.0,22.6,959.1,99,16.1,310,25.7,0.471,0.491,241.0,,0.5
2023-10-03T09:00,26.7,79,0.0,22.7,959.5,100,18.1,314,26.6,0.468,0.49,398.0,,0.74
2023-10-03T10:00,27.9,72,0.0,22.3,959.5,100,18.3,313,27.5,0.464,0.49,475.0,,1.05
2023-10-03T11:00,29.5,63,0.0,21.8,958.7,53,19.0,323,28.8,0.457,0.489,738.0,,1.51
2023-10-03T12:00,30.2,59,0.1,21.3,957.5,100,19.7,351,30.0,0.45,0.488,854.0,,1.76
2023-10-03T13:00,31.0,50,0.0,19.5,956.4,100,15.5,4,30.4,0.443,0.487,707.0,,2.22
2023-10-03T14:00,31.5,45,0.0,18.2,955.6,100,12.2,358,30.5,0.438,0.487,548.0,,2.54
2023-10-03T15:00,31.6,45,0.0,18.1,955.4,59,11.9,355,30.3,0.434,0.486,453.0,,2.57
2023-10-03T16:00,31.5,47,0.0,18.9,955.2,41,12.2,358,30.0,0.431,0.485,376.0,,2.43
2023-10-03T17:00,29.5,61,0.0,21.3,955.5,97,13.5,34,29.0,0.432,0.483,171.0,,1.59
2023-10-03T18:00,27.3,69,0.0,21.1,955.6,13,13.0,24,27.8,0.433,0.483,23.0,,1.13
2023-10-03T19:00,26.5,72,0.0,20.9,956.2,20,10.7,12,26.9,0.434,0.482,0.0,,0.98
2023-10-03T20:00,26.2,72,0.0,20.9,957.0,85,10.1,358,26.2,0.435,0.481,0.0,,0.94
2023-10-03T21:00,25.6,76,0.0,21.1,957.9,90,10.8,4,25.6,0.436,0.481,0.0,,0.78
2023-10-03T22:00,24.6,82,0.0,21.4,958.1,100,9.7,360,25.2,0.437,0.48,0.0,,0.55
2023-10-03T23:00,24.3,84,0.0,21.3,957.8,100,9.0,358,24.9,0.438,0.48,0.0,,0.5
2023-10-04T00:00,23.9,84,0.0,21.0,957.6,34,10.3,335,24.6,0.439,0.479,0.0,,0.48
2023-10-04T01:00,23.0,87,0.0,20.8,956.9,92,10.2,315,24.3,0.439,0.479,0.0,,0.36
2023-10-04T02:00,22.5,89,0.0,20.6,956.4,100,9.5,295,23.9,0.44,0.478,0.0,,0.31
2023-10-04T03:00,22.4,89,0.0,20.6,956.7,100,11.9,305,23.7,0.441,0.478,0.0,,0.29
2023-10-04T04:00,22.3,90,0.0,20.6,956.7,100,11.9,305,23.5,0.442,0.477,0.0,,0.26
2023-10-04T05:00,22.2,91,0.0,20.6,957.0,100,12.1,307,26.2,0.445,0.479,0.0,,0.25
2023-10-04T06:00,22.6,91,0.0,21.1,957.7,100,12.0,321,25.2,0.446,0.478,1.0,,0.25
2023-10-04T07:00,23.6,89,0.0,21.7,958.6,99,12.5,321,25.1,0.446,0.478,94.0,,0.32
2023-10-04T08:00,25.3,83,0.0,22.2,959.3,93,15.0,325,25.9,0.444,0.478,309.0,,0.56
2023-10-04T09:00,27.3,74,0.0,22.1,959.7,96,14.8,331,27.1,0.441,0.477,533.0,,0.96
2023-10-04T10:00,29.1,65,0.0,21.8,959.8,59,14.0,337,28.6,0.435,0.477,722.0,,1.41
2023-10-04T11:00,30.8,53,0.0,20.2,959.2,100,16.2,343,30.0,0.427,0.476,852.0,,2.07
2023-10-04T12:00,31.9,43,0.0,17.6,958.6,99,17.0,355,30.8,0.419,0.475,875.0,,2.71
2023-10-04T13:00,31.9,42,0.0,17.2,957.5,98,18.4,356,31.1,0.411,0.475,790.0,,2.75
2023-10-04T14:00,31.9,39,0.0,16.4,956.8,100,16.5,350,31.2,0.404,0.474,706.0,,2.86
2023-10-04T15:00,31.9,38,0.0,15.8,956.6,99,13.6,343,31.0,0.398,0.473,603.0,,2.94
2023-10-04T16:00,31.3,44,0.0,17.7,956.6,100,11.2,345,30.3,0.395,0.472,343.0,,2.54
2023-10-04T17:00,29.8,55,0.0,19.7,956.4,99,10.4,340,29.2,0.397,0.472,193.0,,1.91
2023-10-04T18:00,27.0,67,0.0,20.5,956.7,99,12.2,19,27.9,0.398,0.471,24.0,,1.16
2023-10-04T19:00,25.7,74,0.0,20.7,957.3,100,10.5,27,26.8,0.399,0.471,0.0,,0.87
2023-10-04T20:00,24.8,77,0.0,20.5,958.2,99,11.7,34,26.0,0.4,0.47,0.0,,0.72
2023-10-04T21:00,24.2,79,0.0,20.3,958.7,77,10.6,28,25.3,0.402,0.469,0.0,,0.65
2023-10-04T22:00,23.6,77,0.0,19.3,958.8,100,10.1,4,24.7,0.403,0.469,0.0,,0.67
2023-10-04T23:00,22.9,76,0.0,18.4,958.5,63,11.5,340,24.2,0.404,0.468,0.0,,0.67
2023-10-05T00:00,22.2,77,0.0,18.1,958.2,94,9.8,352,23.7,0.405,0.468,0.0,,0.61
2023-10-05T01:00,21.6,81,0.0,18.2,957.6,78,7.2,27,23.3,0.406,0.467,0.0,,0.49
2023-10-05T02:00,21.5,78,0.0,17.6,957.1,9,9.9,57,22.9,0.407,0.467,0.0,,0.55
2023-10-05T03:00,21.1,80,0.0,17.6,957.3,19,11.2,266,22.6,0.408,0.466,0.0,,0.49
2023-10-05T04:00,20.5,86,0.0,18.0,957.1,0,7.9,300,22.3,0.409,0.466,0.0,,0.35
2023-10-05T05:00,20.0,88,0.0,18.0,957.1,0,7.6,315,25.3,0.413,0.467,0.0,,0.27
2023-10-05T06:00,20.7,86,0.0,18.3,958.2,10,7.6,315,24.2,0.414,0.467,1.0,,0.34
2023-10-05T07:00,22.0,83,0.0,19.0,959.0,0,6.1,332,24.0,0.414,0.467,101.0,,0.45
2023-10-05T08:00,24.2,77,0.0,20.0,959.7,0,6.6,331,25.0,0.413,0.466,326.0,,0.69
2023-10-05T09:00,26.8,70,0.0,20.8,960.1,0,8.4,335,26.7,0.41,0.466,558.0,,1.06
2023-10-05T10:00,29.2,56,0.0,19.7,959.7,6,10.8,334,28.5,0.405,0.465,751.0,,1.76
2023-10-05T11:00,31.0,38,0.0,15.1,959.1,93,11.7,349,29.9,0.397,0.465,881.0,,2.78
2023-10-05T12:00,31.4,37,0.0,14.9,958.2,100,10.5,344,31.0,0.389,0.464,935.0,,2.9
2023-10-05T13:00,31.6,37,0.0,15.3,957.4,99,9.9,327,31.8,0.38,0.463,908.0,,2.91
2023-10-05T14:00,31.8,37,0.0,15.4,956.4,98,9.8,324,32.1,0.373,0.463,811.0,,2.96
2023-10-05T15:00,31.9,37,0.0,15.3,956.1,90,9.2,329,31.9,0.368,0.462,634.0,,2.98
2023-10-05T16:00,31.4,40,0.0,16.3,956.1,97,11.6,338,31.2,0.364,0.461,431.0,,2.75
2023-10-05T17:00,29.3,54,0.0,19.0,956.1,7,12.6,357,29.8,0.365,0.461,186.0,,1.87
2023-10-05T18:00,27.0,58,0.0,17.9,956.2,20,13.0,355,28.1,0.366,0.46,25.0,,1.5
2023-10-05T19:00,26.0,64,0.0,18.7,956.7,13,9.7,356,26.7,0.367,0.459,0.0,,1.21
2023-10-05T20:00,25.1,70,0.0,19.2,957.5,12,12.1,12,25.8,0.368,0.459,0.0,,0.97
2023-10-05T21:00,24.0,77,0.0,19.6,957.8,2,11.6,22,25.1,0.369,0.458,0.0,,0.69
2023-10-05T22:00,23.3,77,0.0,19.0,957.8,0,10.7,40,24.4,0.371,0.458,0.0,,0.67
2023-10-05T23:00,22.5,79,0.0,18.8,957.4,0,7.8,22,23.9,0.372,0.457,0.0,,0.56
2023-10-06T00:00,21.4,84,0.0,18.6,957.0,0,7.6,315,23.3,0.373,0.456,0.0,,0.41
2023-10-06T01:00,20.5,89,0.0,18.6,956.4,0,6.1,315,22.8,0.375,0.456,0.0,,0.26
2023-10-06T02:00,20.3,89,0.0,18.4,956.2,0,8.1,328,22.4,0.376,0.455,0.0,,0.27
2023-10-06T03:00,20.1,89,0.0,18.2,956.0,0,10.0,322,22.0,0.377,0.455,0.0,,0.26
2023-10-06T04:00,19.7,88,0.0,17.6,956.0,0,11.3,329,21.7,0.379,0.455,0.0,,0.28
2023-10-06T05:00,20.4,86,0.0,18.0,956.4,0,12.0,339,25.0,0.385,0.461,0.0,,0.33
2023-10-06T06:00,20.8,87,0.0,18.5,957.3,0,10.4,326,24.0,0.386,0.46,1.0,,0.33
2023-10-06T07:00,22.2,86,0.0,19.8,958.2,0,8.2,322,23.9,0.386,0.46,100.0,,0.37
2023-10-06T08:00,24.1,82,0.0,20.9,959.1,17,12.5,327,24.9,0.386,0.459,323.0,,0.54
2023-10-06T09:00,26.3,74,0.0,21.2,959.5,0,13.6,328,26.4,0.383,0.459,551.0,,0.9
2023-10-06T10:00,28.5,62,0.0,20.5,959.3,0,14.5,333,28.0,0.378,0.458,742.0,,1.49
2023-10-06T11:00,30.2,48,0.0,17.9,958.6,0,13.6,343,29.5,0.371,0.458,872.0,,2.25
2023-10-06T12:00,31.2,40,0.0,16.2,957.5,0,10.5,344,30.8,0.363,0.457,930.0,,2.7
2023-10-06T13:00,31.6,39,0.0,15.9,956.3,0,8.0,342,31.8,0.355,0.456,909.0,,2.83
2023-10-06T14:00,31.7,39,0.0,15.9,955.7,0,7.1,330,32.3,0.348,0.456,813.0,,2.85
2023-10-06T15:00,31.8,38,0.0,15.7,955.4,3,6.6,319,32.3,0.343,0.455,648.0,,2.9
2023-10-06T16:00,31.6,39,0.0,16.1,955.6,52,7.1,315,31.6,0.34,0.454,433.0,,2.82
2023-10-06T17:00,30.3,57,0.0,20.9,955.7,53,5.5,293,30.4,0.338,0.448,182.0,,1.84
2023-10-06T18:00,27.5,73,0.0,22.3,955.7,37,6.1,298,29.0,0.339,0.448,23.0,,0.98
2023-10-06T19:00,26.7,77,0.0,22.2,956.5,43,5.9,349,28.0,0.34,0.447,0.0,,0.82
2023-10-06T20:00,25.7,80,0.0,22.1,957.0,61,5.6,27,27.1,0.341,0.447,0.0,,0.65
2023-10-06T21:00,25.1,82,0.0,21.9,957.5,1,4.7,32,26.5,0.343,0.446,0.0,,0.56
2023-10-06T22:00,24.2,78,0.0,20.2,957.2,63,4.7,23,25.6,0.344,0.446,0.0,,0.66
2023-10-06T23:00,24.1,75,0.0,19.3,956.9,5,3.5,294,24.9,0.345,0.445,0.0,,0.76
2023-10-07T00:00,22.8,84,0.0,19.9,956.4,2,10.2,318,24.3,0.347,0.445,0.0,,0.45
2023-10-07T01:00,22.0,86,0.0,19.5,955.8,0,7.9,344,23.8,0.348,0.444,0.0,,0.37
2023-10-07T02:00,21.4,88,0.0,19.3,955.4,0,7.3,9,23.3,0.349,0.444,0.0,,0.32
2023-10-07T03:00,21.2,87,0.0,19.0,955.1,1,8.7,5,22.9,0.35,0.444,0.0,,0.32
2023-10-07T04:00,20.9,88,0.0,18.7,955.5,39,10.2,350,22.6,0.351,0.443,0.0,,0.31
2023-10-07T05:00,20.9,89,0.0,19.0,956.5,91,7.9,330,25.8,0.35,0.437,0.0,,0.27
2023-10-07T06:00,21.4,89,0.0,19.4,957.5,87,9.4,313,24.8,0.35,0.437,1.0,,0.29
2023-10-07T07:00,23.0,83,0.0,19.9,958.2,84,7.9,360,24.6,0.351,0.437,97.0,,0.48
2023-10-07T08:00,25.3,75,0.0,20.5,959.2,93,10.3,348,25.5,0.349,0.437,318.0,,0.82
2023-10-07T09:00,27.8,66,0.0,20.9,959.5,28,11.9,346,27.1,0.346,0.436,544.0,,1.27
2023-10-07T10:00,29.7,57,0.0,20.3,959.4,81,13.2,349,28.8,0.34,0.436,733.0,,1.79
2023-10-07T11:00,31.0,46,0.0,18.1,958.7,56,11.5,356,30.3,0.333,0.436,858.0,,2.42
2023-10-07T12:00,31.7,42,0.0,17.4,957.8,26,9.2,26,31.6,0.325,0.435,890.0,,2.68
2023-10-07T13:00,32.1,40,0.0,16.7,957.0,43,8.2,41,32.3,0.318,0.435,786.0,,2.87
2023-10-07T14:00,32.4,38,0.0,16.3,956.3,77,8.9,47,32.5,0.311,0.434,673.0,,3.0
2023-10-07T15:00,32.2,39,0.0,16.3,955.9,89,12.3,50,32.2,0.306,0.434,533.0,,2.94
2023-10-07T16:00,30.6,49,0.0,18.8,956.0,96,13.5,56,31.0,0.303,0.433,251.0,,2.22
2023-10-07T17:00,29.5,52,0.0,18.8,956.5,96,11.8,59,29.9,0.299,0.425,171.0,,1.96
2023-10-07T18:00,27.3,61,0.0,19.2,956.8,91,10.9,44,28.3,0.299,0.425,23.0,,1.4
2023-10-07T19:00,26.3,68,0.0,19.8,957.5,94,12.6,37,27.1,0.299,0.424,0.0,,1.1
2023-10-07T20:00,25.3,69,0.0,19.3,958.1,92,13.5,44,26.2,0.299,0.424,0.0,,0.98
2023-10-07T21:00,24.4,71,0.0,18.7,958.2,25,12.7,47,25.4,0.3,0.424,0.0,,0.9
2023-10-07T22:00,23.8,72,0.0,18.5,958.2,15,11.5,46,24.7,0.3,0.424,0.0,,0.81
2023-10-07T23:00,23.1,76,0.0,18.5,958.2,10,10.7,42,24.1,0.301,0.423,0.0,,0.69
2023-10-08T00:00,23.0,75,0.0,18.2,957.6,4,12.2,47,23.6,0.301,0.423,0.0,,0.71
2023-10-08T01:00,22.9,75,0.0,18.2,957.3,5,11.8,50,23.3,0.302,0.423,0.0,,0.7
2023-10-08T02:00,22.4,79,0.0,18.6,956.8,4,10.9,46,23.1,0.303,0.423,0.0,,0.56
2023-10-08T03:00,22.1,80,0.0,18.5,956.8,7,13.0,46,22.9,0.303,0.422,0.0,,0.53
2023-10-08T04:00,21.8,81,0.0,18.3,957.1,10,12.7,45,22.7,0.304,0.422,0.0,,0.51
2023-10-08T05:00,22.9,83,0.0,19.8,957.7,0,5.9,11,26.0,0.306,0.421,0.0,,0.47
2023-10-08T06:00,23.6,80,0.0,19.9,958.2,95,6.7,36,25.3,0.307,0.421,1.0,,0.6
2023-10-08T07:00,24.7,77,0.0,20.4,959.0,91,4.3,66,25.3,0.307,0.42,74.0,,0.71
2023-10-08T08:00,26.3,73,0.0,21.2,960.0,65,3.1,126,26.3,0.306,0.42,244.0,,0.91
2023-10-08T09:00,28.3,68,0.0,21.9,960.4,4,2.1,149,28.1,0.304,0.42,488.0,,1.22
2023-10-08T10:00,30.5,55,0.0,20.5,960.4,46,3.6,96,30.3,0.299,0.42,723.0,,1.96
2023-10-08T11:00,32.1,36,0.0,15.0,959.8,24,6.8,90,31.5,0.292,0.419,752.0,,3.07
2023-10-08T12:00,32.6,33,0.0,14.4,959.1,7,7.2,87,32.6,0.284,0.419,849.0,,3.28
2023-10-08T13:00,32.8,34,0.0,14.9,958.2,1,8.2,75,33.3,0.276,0.419,865.0,,3.27
2023-10-08T14:00,32.7,35,0.0,15.1,957.8,2,9.5,65,33.6,0.269,0.418,795.0,,3.24
2023-10-08T15:00,32.6,34,0.0,14.6,957.6,1,8.0,63,33.4,0.263,0.418,635.0,,3.25
2023-10-08T16:00,32.3,32,0.0,13.6,957.7,5,3.8,73,32.6,0.259,0.418,420.0,,3.28
2023-10-08T17:00,32.2,36,0.0,15.1,957.5,48,2.5,188,31.3,0.257,0.413,186.0,,3.08
2023-10-08T18:00,30.4,45,0.0,17.0,958.1,51,0.8,63,30.2,0.257,0.413,14.0,,2.4
2023-10-08T19:00,27.8,68,0.0,21.4,958.7,45,4.5,76,29.0,0.258,0.412,0.0,,1.18
2023-10-08T20:00,27.0,70,0.0,20.9,959.7,36,6.9,81,28.1,0.259,0.412,0.0,,1.08
2023-10-08T21:00,25.9,70,0.0,20.0,960.1,28,9.4,18,27.2,0.259,0.412,0.0,,1.0
2023-10-08T22:00,25.1,73,0.0,19.9,959.9,23,11.9,357,26.4,0.259,0.412,0.0,,0.87
2023-10-08T23:00,24.3,75,0.0,19.5,959.3,19,10.5,22,25.7,0.26,0.412,0.0,,0.77
2023-10-09T00:00,23.4,79,0.0,19.5,958.9,1,10.5,49,25.1,0.26,0.411,0.0,,0.61
2023-10-09T01:00,22.7,81,0.0,19.3,958.3,3,8.9,47,24.5,0.261,0.411,0.0,,0.51
2023-10-09T02:00,21.8,86,0.0,19.3,958.0,0,6.4,47,24.0,0.262,0.411,0.0,,0.37
2023-10-09T03:00,21.3,86,0.0,18.8,958.0,2,6.9,43,23.5,0.262,0.411,0.0,,0.36
2023-10-09T04:00,21.1,84,0.0,18.3,958.2,0,9.1,18,23.1,0.263,0.411,0.0,,0.4
2023-10-09T05:00,21.9,90,0.0,20.1,958.9,0,7.5,17,27.1,0.263,0.407,0.0,,0.28
2023-10-09T06:00,22.6,86,0.0,20.2,959.6,28,7.0,12,26.0,0.264,0.407,1.0,,0.37
2023-10-09T07:00,24.2,79,0.0,20.4,960.7,18,5.2,16,25.9,0.264,0.407,93.0,,0.62
2023-10-09T08:00,26.5,71,0.0,20.8,961.9,33,3.7,349,26.9,0.262,0.407,304.0,,1.0
2023-10-09T09:00,28.6,64,0.0,21.1,962.6,26,5.6,297,28.6,0.259,0.407,496.0,,1.41
2023-10-09T10:00,30.1,60,0.0,21.6,962.5,12,7.9,294,30.4,0.254,0.406,681.0,,1.69
2023-10-09T11:00,31.6,46,0.0,18.4,961.8,68,5.9,284,31.9,0.248,0.406,759.0,,2.52
2023-10-09T12:00,32.1,42,0.0,17.5,960.9,51,9.8,276,32.6,0.242,0.406,662.0,,2.78
2023-10-09T13:00,32.6,40,0.0,17.2,959.6,23,15.2,274,33.1,0.236,0.406,683.0,,2.96
2023-10-09T14:00,32.6,38,0.0,16.6,958.9,54,16.6,283,33.0,0.23,0.406,622.0,,3.03
2023-10-09T15:00,32.6,37,0.0,16.0,958.3,66,13.0,294,32.5,0.225,0.405,434.0,,3.1
2023-10-09T16:00,32.4,40,0.0,17.1,958.3,49,7.9,330,31.7,0.222,0.405,271.0,,2.91
2023-10-09T17:00,30.9,51,0.0,19.4,958.3,25,12.7,313,31.6,0.216,0.402,130.0,,2.2
2023-10-09T18:00,28.3,60,0.0,19.9,958.5,36,12.0,316,29.9,0.215,0.402,18.0,,1.52
2023-10-09T19:00,27.0,67,0.0,20.3,959.2,29,9.2,21,28.6,0.215,0.402,0.0,,1.18
2023-10-09T20:00,26.0,73,0.0,20.7,959.9,28,8.1,21,27.5,0.216,0.402,0.0,,0.92
2023-10-09T21:00,25.4,75,0.0,20.7,960.0,24,9.8,36,26.7,0.216,0.401,0.0,,0.8
2023-10-09T22:00,24.6,73,0.0,19.4,959.8,0,10.4,46,26.0,0.217,0.401,0.0,,0.83
2023-10-09T23:00,23.5,76,0.0,19.0,959.4,0,10.3,36,25.2,0.217,0.401,0.0,,0.69
2023-10-10T00:00,22.7,79,0.0,18.9,959.1,1,8.9,50,24.6,0.218,0.401,0.0,,0.57
2023-10-10T01:00,22.0,83,0.0,19.1,958.4,0,6.4,52,24.1,0.218,0.401,0.0,,0.44
2023-10-10T02:00,21.6,85,0.0,18.9,958.0,2,5.9,47,23.7,0.219,0.401,0.0,,0.4
2023-10-10T03:00,21.4,85,0.0,18.7,958.1,2,4.5,104,23.3,0.22,0.4,0.0,,0.38
2023-10-10T04:00,21.3,84,0.0,18.6,958.8,5,9.8,278,23.0,0.221,0.4,0.0,,0.4
2023-10-10T05:00,22.5,86,0.0,20.1,959.2,10,8.7,353,26.6,0.224,0.404,0.0,,0.37
2023-10-10T06:00,23.6,84,0.0,20.6,960.0,42,8.2,337,25.9,0.224,0.403,1.0,,0.48
2023-10-10T07:00,24.6,81,0.0,21.2,960.9,52,7.0,348,25.8,0.224,0.403,74.0,,0.58
2023-10-10T08:00,26.6,71,0.0,21.0,962.0,53,9.3,16,26.6,0.224,0.403,215.0,,0.99
2023-10-10T09:00,28.4,61,0.0,20.1,962.4,82,9.7,15,27.7,0.221,0.403,355.0,,1.51
2023-10-10T10:00,29.6,56,0.0,19.9,962.3,66,4.8,27,29.2,0.218,0.403,505.0,,1.82
2023-10-10T11:00,30.7,51,0.0,19.3,961.6,23,8.5,62,31.2,0.213,0.402,724.0,,2.18
2023-10-10T12:00,31.6,46,0.0,18.4,960.5,17,6.3,13,32.6,0.207,0.402,770.0,,2.52
2023-10-10T13:00,32.3,42,0.0,17.9,959.3,70,5.4,4,33.8,0.2,0.402,778.0,,2.79
2023-10-10T14:00,32.8,40,0.0,17.3,958.4,96,8.9,27,34.1,0.195,0.402,631.0,,2.99
2023-10-10T15:00,32.7,39,0.0,16.8,958.0,85,10.7,33,33.7,0.19,0.401,499.0,,3.02
2023-10-10T16:00,32.6,38,0.0,16.5,957.9,84,11.2,21,32.8,0.187,0.401,336.0,,3.03
2023-10-10T17:00,31.0,57,0.0,21.5,957.9,24,6.0,25,31.7,0.183,0.398,173.0,,1.93
2023-10-10T18:00,28.9,60,0.0,20.2,958.1,37,12.5,51,30.2,0.183,0.398,16.0,,1.6
2023-10-10T19:00,27.4,61,0.0,19.2,958.6,7,15.3,47,28.8,0.183,0.398,0.0,,1.43
2023-10-10T20:00,26.3,65,0.0,19.3,959.1,5,17.8,48,27.6,0.183,0.398,0.0,,1.18
2023-10-10T21:00,25.4,69,0.0,19.2,959.4,2,15.8,45,26.7,0.183,0.398,0.0,,1.02
2023-10-10T22:00,24.5,73,0.0,19.4,959.2,1,12.7,45,25.9,0.183,0.398,0.0,,0.83
2023-10-10T23:00,23.9,75,0.0,19.3,959.3,0,11.6,64,25.3,0.184,0.397,0.0,,0.73
2023-10-11T00:00,23.5,77,0.0,19.2,958.9,0,10.7,70,24.7,0.184,0.397,0.0,,0.68
2023-10-11T01:00,23.0,80,0.0,19.3,958.2,0,8.7,66,24.3,0.185,0.397,0.0,,0.57
2023-10-11T02:00,22.6,82,0.0,19.5,957.8,1,5.1,86,23.9,0.185,0.397,0.0,,0.48
2023-10-11T03:00,22.4,82,0.0,19.2,958.0,0,7.6,175,23.6,0.186,0.397,0.0,,0.48
2023-10-11T04:00,21.7,87,0.0,19.5,958.0,1,4.9,216,23.3,0.187,0.397,0.0,,0.34
2023-10-11T05:00,23.4,77,0.0,19.2,958.9,14,1.8,349,26.3,0.186,0.395,0.0,,0.65
2023-10-11T06:00,23.1,84,0.0,20.2,959.7,91,5.1,4,25.5,0.186,0.395,1.0,,0.45
2023-10-11T07:00,24.3,81,0.0,20.8,961.0,77,8.7,336,25.5,0.187,0.395,86.0,,0.58
2023-10-11T08:00,26.3,71,0.0,20.5,962.0,72,11.2,339,26.5,0.186,0.395,269.0,,1.0
2023-10-11T09:00,28.1,64,0.0,20.6,962.1,0,9.3,344,28.0,0.183,0.395,438.0,,1.38
2023-10-11T10:00,30.0,57,0.0,20.6,961.7,5,7.9,357,30.2,0.179,0.395,708.0,,1.82
2023-10-11T11:00,31.1,48,0.0,18.9,961.2,11,11.3,68,32.1,0.173,0.394,810.0,,2.34
2023-10-11T12:00,31.7,44,0.0,18.1,960.0,5,10.7,70,33.5,0.166,0.394,850.0,,2.6
2023-10-11T13:00,32.3,42,0.0,17.7,958.9,11,9.2,48,34.6,0.16,0.394,820.0,,2.82
2023-10-11T14:00,32.9,39,0.0,17.1,958.0,19,8.4,31,35.2,0.154,0.394,734.0,,3.04
2023-10-11T15:00,32.9,39,0.0,17.0,957.6,25,10.7,14,35.0,0.149,0.393,558.0,,3.06
2023-10-11T16:00,32.7,39,0.0,16.8,957.8,13,12.4,8,34.1,0.146,0.393,368.0,,3.02
2023-10-11T17:00,31.3,50,0.0,19.7,958.3,22,10.7,33,32.7,0.145,0.389,165.0,,2.26
2023-10-11T18:00,29.0,60,0.0,20.5,958.3,20,11.5,20,30.9,0.145,0.389,18.0,,1.59
2023-10-11T19:00,27.8,68,0.0,21.4,958.5,19,7.4,23,29.5,0.145,0.388,0.0,,1.18
2023-10-11T20:00,27.5,69,0.0,21.2,959.1,19,7.9,39,28.4,0.146,0.388,0.0,,1.14
2023-10-11T21:00,26.5,69,0.0,20.3,959.6,22,10.9,44,27.5,0.146,0.388,0.0,,1.08
2023-10-11T22:00,25.5,71,0.0,19.8,959.7,41,11.6,64,26.7,0.146,0.388,0.0,,0.95
2023-10-11T23:00,25.0,73,0.0,19.8,959.3,37,11.6,54,26.1,0.147,0.388,0.0,,0.87
2023-10-12T00:00,24.3,74,0.0,19.4,958.8,4,12.3,52,25.5,0.147,0.388,0.0,,0.79
2023-10-12T01:00,24.0,74,0.0,19.0,958.5,30,14.7,65,25.0,0.147,0.388,0.0,,0.78
2023-10-12T02:00,23.8,73,0.0,18.7,958.2,38,14.0,67,24.6,0.148,0.388,0.0,,0.8
2023-10-12T03:00,23.4,74,0.0,18.5,958.4,49,13.9,73,24.3,0.148,0.387,0.0,,0.74
2023-10-12T04:00,23.5,72,0.0,18.2,958.6,89,13.8,84,24.0,0.148,0.387,0.0,,0.8
2023-10-12T05:00,23.5,77,0.0,19.2,959.3,27,11.2,84,26.9,0.153,0.389,0.0,,0.68
2023-10-12T06:00,24.2,75,0.0,19.4,960.2,56,10.5,86,26.1,0.153,0.389,1.0,,0.77
2023-10-12T07:00,25.4,71,0.0,19.9,960.9,76,7.7,101,26.0,0.153,0.389,89.0,,0.93
2023-10-12T08:00,27.6,65,0.0,20.4,961.9,99,9.5,115,27.1,0.152,0.388,299.0,,1.3
2023-10-12T09:00,29.6,59,0.0,20.8,962.5,96,11.3,121,28.9,0.149,0.388,506.0,,1.68
2023-10-12T10:00,31.2,50,0.0,19.7,962.5,23,14.2,126,30.9,0.145,0.388,694.0,,2.25
2023-10-12T11:00,32.3,41,0.0,17.2,961.8,48,15.8,111,32.5,0.14,0.388,761.0,,2.86
2023-10-12T12:00,33.2,36,0.0,16.2,960.9,82,14.8,103,34.1,0.133,0.388,846.0,,3.24
2023-10-12T13:00,33.9,32,0.0,14.8,959.9,78,15.1,87,35.1,0.127,0.387,825.0,,3.6
2023-10-12T14:00,34.0,31,0.0,14.6,959.2,45,16.0,76,35.8,0.122,0.387,777.0,,3.65
2023-10-12T15:00,33.8,31,0.0,14.4,958.9,10,15.5,68,35.7,0.117,0.387,619.0,,3.61
2023-10-12T16:00,33.4,31,0.0,14.0,958.9,0,13.7,60,34.9,0.114,0.387,409.0,,3.55
2023-10-12T17:00,31.2,38,0.0,15.0,958.8,0,19.6,47,33.2,0.108,0.383,181.0,,2.83
2023-10-12T18:00,28.8,44,0.0,15.2,959.0,2,15.6,71,31.2,0.107,0.383,18.0,,2.23
2023-10-12T19:00,27.4,50,0.0,16.1,959.6,8,13.7,88,29.4,0.107,0.383,0.0,,1.82
2023-10-12T20:00,26.0,59,0.0,17.4,960.6,8,10.8,75,28.1,0.107,0.383,0.0,,1.36
2023-10-12T21:00,25.2,67,0.0,18.5,960.7,9,9.0,90,27.0,0.108,0.383,0.0,,1.07
2023-10-12T22:00,24.6,69,0.0,18.5,960.6,6,12.8,50,26.2,0.108,0.383,0.0,,0.97
2023-10-12T23:00,24.5,65,0.0,17.4,960.3,1,13.3,57,25.5,0.108,0.383,0.0,,1.08
2023-10-13T00:00,24.1,67,0.0,17.7,960.2,9,13.5,61,24.9,0.109,0.382,0.0,,0.97
2023-10-13T01:00,24.0,68,0.0,17.6,959.5,11,14.9,58,24.5,0.109,0.382,0.0,,0.96
2023-10-13T02:00,23.5,69,0.0,17.4,959.3,94,14.0,67,24.1,0.109,0.382,0.0,,0.91
2023-10-13T03:00,23.2,68,0.0,17.0,959.4,59,13.1,82,23.8,0.11,0.382,0.0,,0.9
2023-10-13T04:00,22.7,68,0.0,16.6,959.4,0,12.6,87,23.4,0.11,0.382,0.0,,0.88
2023-10-13T05:00,22.7,72,0.0,17.3,960.3,1,15.7,99,25.7,0.111,0.376,0.0,,0.78
2023-10-13T06:00,23.2,71,0.0,17.6,961.2,0,14.0,102,24.9,0.111,0.376,1.0,,0.82
2023-10-13T07:00,24.7,68,0.0,18.4,962.1,0,11.5,110,24.9,0.111,0.376,92.0,,1.0
2023-10-13T08:00,27.3,62,0.0,19.4,963.1,0,11.9,115,26.3,0.11,0.376,308.0,,1.38
2023-10-13T09:00,29.8,55,0.0,19.9,963.6,0,13.9,115,28.5,0.108,0.376,533.0,,1.87
2023-10-13T10:00,32.0,41,0.0,17.0,963.6,12,14.7,101,31.0,0.104,0.376,723.0,,2.81
2023-10-13T11:00,32.9,34,0.0,15.0,962.9,22,15.1,87,33.1,0.099,0.375,805.0,,3.3
2023-10-13T12:00,33.7,32,0.0,14.7,961.8,20,14.7,79,34.9,0.095,0.375,822.0,,3.55
2023-10-13T13:00,33.9,31,0.0,14.5,960.8,16,14.5,67,36.3,0.09,0.375,819.0,,3.64
2023-10-13T14:00,33.8,30,0.0,13.6,959.8,14,13.9,53,36.8,0.086,0.375,650.0,,3.69
2023-10-13T15:00,33.9,28,0.0,13.0,959.5,81,13.0,56,36.8,0.083,0.375,546.0,,3.78
2023-10-13T16:00,33.7,28,0.0,12.6,959.6,88,10.5,74,36.1,0.081,0.375,384.0,,3.76
2023-10-13T17:00,31.9,37,0.0,15.6,959.2,73,12.0,57,34.6,0.077,0.369,130.0,,2.96
2023-10-13T18:00,29.9,49,0.0,17.9,959.3,97,9.5,79,32.7,0.076,0.369,12.0,,2.16
2023-10-13T19:00,28.2,58,0.0,19.1,960.1,100,7.6,82,31.1,0.076,0.369,0.0,,1.62
2023-10-13T20:00,27.5,61,0.0,19.3,961.1,100,8.2,61,29.8,0.077,0.369,0.0,,1.43
2023-10-13T21:00,27.2,60,0.0,18.7,961.4,37,10.6,55,28.8,0.077,0.369,0.0,,1.45
2023-10-13T22:00,26.0,62,0.0,18.1,961.2,6,13.6,50,27.8,0.077,0.369,0.0,,1.28
2023-10-13T23:00,25.2,61,0.0,17.3,960.9,3,16.2,58,26.9,0.077,0.369,0.0,,1.24
2023-10-14T00:00,24.6,63,0.0,17.1,960.5,3,16.5,70,26.1,0.077,0.369,0.0,,1.13
2023-10-14T01:00,23.9,67,0.0,17.4,960.0,0,15.1,91,25.4,0.077,0.369,0.0,,0.97
2023-10-14T02:00,23.5,69,0.0,17.4,959.5,12,15.1,91,24.8,0.078,0.369,0.0,,0.91
2023-10-14T03:00,23.1,71,0.0,17.4,959.3,10,13.8,83,24.3,0.078,0.369,0.0,,0.83
2023-10-14T04:00,22.8,71,0.0,17.4,959.3,5,13.0,90,23.9,0.078,0.369,0.0,,0.79
2023-10-14T05:00,23.1,75,0.0,18.4,960.2,0,11.6,97,26.2,0.076,0.367,0.0,,0.72
2023-10-14T06:00,23.5,74,0.0,18.7,961.1,59,10.4,90,25.4,0.077,0.367,1.0,,0.74
2023-10-14T07:00,25.2,69,0.0,19.2,961.8,17,8.4,97,25.5,0.077,0.367,90.0,,0.98
2023-10-14T08:00,27.6,63,0.0,19.8,963.0,1,8.7,150,27.1,0.076,0.367,304.0,,1.38
2023-10-14T09:00,29.4,56,0.0,19.8,963.5,2,11.7,162,29.5,0.075,0.367,524.0,,1.79
2023-10-14T10:00,30.9,46,0.0,18.0,963.7,35,9.5,101,32.4,0.073,0.367,701.0,,2.4
2023-10-14T11:00,31.3,43,0.0,17.2,963.1,72,10.5,82,34.4,0.07,0.367,671.0,,2.59
2023-10-14T12:00,32.0,40,0.0,16.8,961.8,99,9.0,85,36.4,0.067,0.367,721.0,,2.85
2023-10-14T13:00,32.8,38,0.0,16.4,960.6,87,8.6,90,38.4,0.064,0.367,818.0,,3.09
2023-10-14T14:00,33.1,35,0.0,15.7,959.8,52,7.9,93,39.4,0.062,0.367,678.0,,3.27
2023-10-14T15:00,32.8,35,0.0,15.5,959.3,55,7.9,74,39.5,0.06,0.367,517.0,,3.2
2023-10-14T16:00,32.4,36,0.0,15.3,959.5,93,8.0,82,38.6,0.059,0.367,352.0,,3.12
2023-10-14T17:00,31.8,37,0.0,15.4,959.6,98,12.4,68,36.6,0.056,0.363,134.0,,2.96
2023-10-14T18:00,30.2,46,0.1,17.3,959.6,92,7.2,84,34.5,0.057,0.363,16.0,,2.32
2023-10-14T19:00,29.1,54,0.0,18.8,960.0,84,5.8,120,32.7,0.057,0.363,0.0,,1.87
2023-10-14T20:00,28.2,59,0.0,19.3,960.5,27,6.9,129,31.2,0.057,0.363,0.0,,1.58
2023-10-14T21:00,27.2,65,0.0,20.2,960.7,25,5.6,117,29.9,0.058,0.363,0.0,,1.25
2023-10-14T22:00,26.4,64,0.0,19.1,960.9,14,12.6,59,28.9,0.058,0.363,0.0,,1.23
2023-10-14T23:00,26.0,59,0.0,17.5,960.5,7,13.6,78,28.0,0.058,0.363,0.0,,1.37
2023-10-15T00:00,25.4,62,0.0,17.5,959.7,31,12.6,70,27.2,0.058,0.363,0.0,,1.23
2023-10-15T01:00,25.2,63,0.0,17.6,959.0,100,12.2,66,26.7,0.059,0.363,0.0,,1.19
2023-10-15T02:00,25.1,64,0.0,17.7,958.5,100,11.9,61,26.3,0.059,0.363,0.0,,1.16
2023-10-15T03:00,24.6,66,0.0,17.7,958.3,63,10.5,74,25.9,0.059,0.363,0.0,,1.06
2023-10-15T04:00,24.1,68,0.0,17.7,958.6,52,9.0,90,25.5,0.059,0.363,0.0,,0.97
2023-10-15T05:00,25.3,65,0.0,18.2,959.9,20,1.3,34,27.5,0.058,0.363,0.0,,1.13
2023-10-15T06:00,25.0,69,0.0,19.0,960.1,71,4.5,76,27.0,0.058,0.363,0.0,,0.97
2023-10-15T07:00,26.0,65,0.0,18.9,960.9,71,5.8,90,27.1,0.059,0.363,64.0,,1.18
2023-10-15T08:00,28.0,56,0.0,18.5,962.0,96,7.3,110,28.4,0.059,0.363,237.0,,1.65
2023-10-15T09:00,29.2,52,0.0,18.3,962.3,92,9.2,154,30.3,0.058,0.363,373.0,,1.94
2023-10-15T10:00,30.7,45,0.0,17.6,962.0,37,8.7,128,33.0,0.057,0.363,594.0,,2.41
2023-10-15T11:00,31.3,40,0.2,16.2,961.2,29,7.6,109,35.5,0.058,0.362,658.0,,2.72
2023-10-15T12:00,32.1,37,0.0,15.4,959.8,22,6.5,87,37.9,0.056,0.362,757.0,,3.03
2023-10-15T13:00,32.7,35,0.0,15.0,958.6,15,7.2,72,39.8,0.055,0.362,751.0,,3.23
2023-10-15T14:00,33.2,33,0.0,14.7,957.6,11,8.2,67,40.9,0.053,0.362,678.0,,3.41
2023-10-15T15:00,33.5,31,0.0,14.2,957.0,6,8.4,59,41.2,0.052,0.362,565.0,,3.56
2023-10-15T16:00,33.7,30,0.0,14.0,957.0,32,7.0,35,40.5,0.051,0.362,377.0,,3.64
2023-10-15T17:00,32.7,33,0.0,14.3,957.9,46,13.6,32,38.9,0.047,0.363,137.0,,3.31
2023-10-15T18:00,31.7,37,0.0,15.1,957.8,18,8.4,40,36.5,0.047,0.363,14.0,,2.96
2023-10-15T19:00,30.7,41,0.0,15.8,958.5,19,11.2,33,34.6,0.048,0.363,0.0,,2.61
2023-10-15T20:00,29.5,45,0.0,16.4,959.3,20,10.1,27,32.9,0.048,0.363,0.0,,2.26
2023-10-15T21:00,28.4,50,0.0,16.9,959.5,39,12.2,62,31.5,0.048,0.363,0.0,,1.94
2023-10-15T22:00,27.2,52,0.0,16.6,959.5,24,13.7,72,30.3,0.048,0.363,0.0,,1.72
2023-10-15T23:00,26.7,52,0.0,15.9,958.9,25,15.8,60,29.3,0.049,0.363,0.0,,1.69
2023-10-16T00:00,26.2,54,0.0,16.0,958.6,2,14.7,68,28.5,0.049,0.363,0.0,,1.57
2023-10-16T01:00,25.4,57,0.0,16.3,957.9,7,12.2,76,27.7,0.049,0.363,0.0,,1.4
2023-10-16T02:00,24.9,60,0.0,16.6,957.5,15,11.2,69,27.0,0.05,0.363,0.0,,1.25
2023-10-16T03:00,24.6,62,0.0,16.7,957.3,37,11.2,69,26.4,0.05,0.363,0.0,,1.18
2023-10-16T04:00,24.5,62,0.0,16.8,957.6,100,10.4,88,26.0,0.051,0.363,0.0,,1.15
2023-10-16T05:00,24.2,68,0.0,17.9,958.6,95,12.0,99,28.0,0.053,0.363,0.0,,0.96
2023-10-16T06:00,24.4,67,0.0,18.0,959.2,8,10.5,82,27.1,0.053,0.363,0.0,,1.0
2023-10-16T07:00,25.8,63,0.0,18.3,960.2,28,8.0,85,27.2,0.054,0.363,83.0,,1.22
2023-10-16T08:00,28.0,56,0.0,18.4,961.5,22,8.7,120,28.7,0.054,0.363,271.0,,1.65
2023-10-16T09:00,30.0,51,0.0,18.6,961.8,30,10.9,134,31.2,0.053,0.362,467.0,,2.09
2023-10-16T10:00,31.5,43,0.0,17.3,961.4,33,12.2,124,34.0,0.052,0.362,639.0,,2.65
2023-10-16T11:00,32.5,38,0.0,16.5,960.7,97,12.2,109,37.0,0.051,0.362,785.0,,3.01
2023-10-16T12:00,33.0,36,0.0,16.1,959.7,84,11.3,99,39.2,0.049,0.362,762.0,,3.2
2023-10-16T13:00,33.5,34,0.0,15.5,958.5,91,11.5,90,41.2,0.048,0.362,806.0,,3.42
2023-10-16T14:00,34.0,32,0.0,15.1,957.7,93,11.6,83,42.4,0.047,0.362,733.0,,3.59
2023-10-16T15:00,34.2,31,0.0,14.9,957.2,52,11.7,72,42.6,0.046,0.362,585.0,,3.69
2023-10-16T16:00,33.7,32,0.0,14.8,957.2,78,14.5,63,41.4,0.046,0.362,342.0,,3.53
2023-10-16T17:00,32.9,34,0.0,15.0,957.7,79,14.6,70,39.6,0.04,0.359,160.0,,3.3
2023-10-16T18:00,31.8,37,0.0,15.2,958.2,12,13.3,71,37.3,0.041,0.359,14.0,,2.97
2023-10-16T19:00,31.0,41,0.0,16.0,958.9,43,12.8,74,35.3,0.041,0.359,0.0,,2.66
2023-10-16T20:00,29.9,45,0.0,16.6,959.7,92,12.7,61,33.7,0.042,0.359,0.0,,2.33
2023-10-16T21:00,29.1,47,0.0,16.8,960.0,93,11.6,64,32.4,0.042,0.359,0.0,,2.12
2023-10-16T22:00,28.5,49,0.0,16.7,960.0,83,12.6,63,31.3,0.042,0.359,0.0,,1.98
2023-10-16T23:00,27.7,51,0.0,16.7,959.9,97,14.2,66,30.4,0.043,0.359,0.0,,1.82
2023-10-17T00:00,26.9,54,0.0,16.9,959.5,98,14.6,74,29.6,0.043,0.359,0.0,,1.63
2023-10-17T01:00,26.2,57,0.0,17.0,959.1,53,14.2,74,28.8,0.043,0.359,0.0,,1.45
2023-10-17T02:00,25.6,60,0.0,17.2,958.8,29,12.8,79,28.1,0.044,0.359,0.0,,1.31
2023-10-17T03:00,25.1,63,0.0,17.5,958.7,21,12.8,74,27.5,0.044,0.359,0.0,,1.19
2023-10-17T04:00,24.7,65,0.0,17.6,959.0,30,11.8,78,26.9,0.045,0.359,0.0,,1.1
2023-10-17T05:00,24.9,67,0.0,18.4,960.0,47,8.5,62,29.3,0.045,0.354,0.0,,1.03
2023-10-17T06:00,25.0,68,0.0,18.7,961.1,34,8.4,65,28.2,0.045,0.354,0.0,,1.02
2023-10-17T07:00,26.0,65,0.0,18.9,962.2,28,7.4,119,28.2,0.046,0.354,75.0,,1.18
2023-10-17T08:00,27.5,60,0.0,19.1,962.9,34,7.8,103,29.7,0.047,0.354,269.0,,1.47
2023-10-17T09:00,29.3,54,0.0,18.9,963.3,2,11.8,128,32.1,0.046,0.354,465.0,,1.89
2023-10-17T10:00,30.9,46,0.0,17.8,962.8,9,12.8,140,35.0,0.046,0.354,679.0,,2.42
2023-10-17T11:00,31.9,41,0.0,17.1,962.0,10,8.4,121,38.0,0.045,0.354,775.0,,2.77
2023-10-17T12:00,32.8,37,0.0,16.2,960.8,54,7.2,93,40.9,0.044,0.354,835.0,,3.14
2023-10-17T13:00,33.6,34,0.0,15.6,959.8,33,7.9,74,42.9,0.044,0.354,774.0,,3.42
2023-10-17T14:00,34.2,32,0.0,15.2,958.9,17,10.6,62,44.0,0.043,0.354,702.0,,3.64
2023-10-17T15:00,34.3,31,0.0,15.0,958.6,9,14.4,53,43.8,0.043,0.354,547.0,,3.71
2023-10-17T16:00,33.8,32,0.0,14.6,958.6,14,16.8,48,42.5,0.042,0.354,359.0,,3.58
2023-10-17T17:00,32.8,33,0.0,14.7,959.2,12,14.6,50,40.1,0.04,0.353,148.0,,3.31
2023-10-17T18:00,31.8,36,0.0,15.0,959.5,18,16.5,54,37.7,0.04,0.353,13.0,,3.0
2023-10-17T19:00,31.1,39,0.0,15.5,960.2,9,11.0,52,35.8,0.041,0.353,0.0,,2.74
2023-10-17T20:00,30.4,42,0.0,16.1,961.0,7,7.3,57,34.1,0.041,0.353,0.0,,2.52
2023-10-17T21:00,29.3,46,0.0,16.4,961.4,5,13.9,37,32.7,0.041,0.353,0.0,,2.22
2023-10-17T22:00,28.0,49,0.0,16.2,961.6,3,15.3,43,31.5,0.042,0.353,0.0,,1.94
2023-10-17T23:00,27.1,52,0.0,16.5,961.3,1,15.3,51,30.4,0.042,0.353,0.0,,1.7
2023-10-18T00:00,26.4,55,0.0,16.7,960.7,0,14.7,54,29.4,0.042,0.353,0.0,,1.53
2023-10-18T01:00,25.7,58,0.0,16.8,960.2,0,14.7,54,28.6,0.043,0.353,0.0,,1.38
2023-10-18T02:00,25.2,60,0.0,17.0,959.8,0,15.2,54,27.9,0.043,0.353,0.0,,1.27
2023-10-18T03:00,24.8,62,0.0,17.2,960.0,0,14.3,56,27.2,0.043,0.353,0.0,,1.17
2023-10-18T04:00,24.5,64,0.0,17.3,960.2,0,13.5,56,26.7,0.044,0.353,0.0,,1.1
2023-10-18T05:00,24.8,66,0.0,18.0,961.1,0,13.8,62,29.1,0.047,0.354,0.0,,1.06
2023-10-18T06:00,25.0,65,0.0,18.0,961.0,5,14.2,69,28.2,0.047,0.354,0.0,,1.11
2023-10-18T07:00,26.0,62,0.0,18.1,962.2,5,10.8,69,28.1,0.047,0.354,83.0,,1.27
2023-10-18T08:00,28.4,53,0.0,18.0,963.1,1,11.8,70,29.5,0.047,0.354,288.0,,1.79
2023-10-18T09:00,31.1,39,0.0,15.3,963.6,17,16.9,79,32.0,0.047,0.354,512.0,,2.77
2023-10-18T10:00,32.2,34,0.0,14.3,963.4,9,15.3,81,34.8,0.046,0.354,648.0,,3.17
2023-10-18T11:00,33.1,31,0.0,13.9,962.7,6,13.7,76,37.6,0.045,0.354,776.0,,3.48
2023-10-18T12:00,34.1,29,0.0,13.6,961.7,32,13.2,68,40.3,0.044,0.354,841.0,,3.79
2023-10-18T13:00,34.5,28,0.0,13.5,960.7,10,13.4,63,42.1,0.044,0.354,770.0,,3.91
2023-10-18T14:00,34.8,27,0.0,13.2,959.9,26,13.4,66,43.2,0.043,0.354,698.0,,4.04
2023-10-18T15:00,34.8,26,0.0,12.7,959.0,62,14.5,76,42.9,0.043,0.354,494.0,,4.08
2023-10-18T16:00,34.4,27,0.0,12.5,958.9,100,16.6,68,41.7,0.043,0.354,321.0,,3.97
2023-10-18T17:00,33.4,30,0.0,13.6,959.5,100,17.7,61,39.6,0.043,0.353,85.0,,3.57
2023-10-18T18:00,32.1,35,0.0,14.8,960.1,98,22.2,58,37.6,0.043,0.353,8.0,,3.09
2023-10-18T19:00,31.1,39,0.0,15.4,960.7,96,20.1,47,35.7,0.043,0.353,0.0,,2.77
2023-10-18T20:00,30.0,43,0.0,16.0,961.5,100,19.9,55,34.1,0.044,0.353,0.0,,2.42
2023-10-18T21:00,28.8,47,0.0,16.3,961.8,99,16.9,70,32.7,0.044,0.353,0.0,,2.11
2023-10-18T22:00,27.8,51,0.0,16.6,961.9,94,14.8,77,31.5,0.044,0.353,0.0,,1.84
2023-10-18T23:00,26.8,54,0.0,16.9,961.5,67,14.3,72,30.3,0.044,0.353,0.0,,1.6
2023-10-19T00:00,26.2,58,0.0,17.2,961.0,2,13.0,62,29.4,0.045,0.353,0.0,,1.44
2023-10-19T01:00,25.5,61,0.0,17.3,960.1,2,12.2,56,28.5,0.045,0.353,0.0,,1.28
2023-10-19T02:00,24.9,63,0.0,17.5,959.7,1,11.0,52,27.7,0.045,0.353,0.0,,1.15
2023-10-19T03:00,24.3,66,0.0,17.6,959.7,1,9.8,62,27.0,0.046,0.353,0.0,,1.03
2023-10-19T04:00,23.9,68,0.0,17.6,959.9,1,9.4,67,26.4,0.046,0.353,0.0,,0.94
2023-10-19T05:00,23.7,75,0.0,19.1,960.5,0,7.6,59,29.0,0.045,0.351,0.0,,0.73
2023-10-19T06:00,24.6,71,0.0,19.1,961.2,0,9.2,59,28.1,0.045,0.351,0.0,,0.88
2023-10-19T07:00,26.0,66,0.0,19.1,961.8,1,6.0,73,28.1,0.046,0.351,84.0,,1.14
2023-10-19T08:00,28.6,56,0.0,19.1,962.8,1,7.9,93,29.8,0.046,0.351,292.0,,1.71
2023-10-19T09:00,31.3,41,0.0,16.4,963.4,24,14.1,94,32.4,0.045,0.351,508.0,,2.7
2023-10-19T10:00,32.1,37,0.0,15.6,963.2,39,12.8,101,35.0,0.045,0.351,586.0,,3.02
2023-10-19T11:00,33.2,34,0.0,15.4,962.7,39,11.3,97,37.9,0.044,0.351,719.0,,3.33
2023-10-19T12:00,33.7,33,0.0,15.0,961.8,27,10.1,90,40.2,0.044,0.351,720.0,,3.52
2023-10-19T13:00,34.2,31,0.0,14.6,960.8,54,10.0,69,42.2,0.043,0.351,735.0,,3.71
2023-10-19T14:00,34.2,31,0.0,14.4,959.7,32,10.4,56,42.8,0.042,0.351,572.0,,3.72
2023-10-19T15:00,34.0,31,0.1,14.3,958.9,28,12.5,44,42.8,0.043,0.351,484.0,,3.69
2023-10-19T16:00,33.5,32,0.2,14.4,959.0,6,14.0,42,41.7,0.046,0.351,335.0,,3.53
2023-10-19T17:00,32.0,36,0.0,15.1,959.7,10,14.7,65,39.3,0.047,0.35,149.0,,3.04
2023-10-19T18:00,31.2,39,0.0,15.7,960.0,20,11.8,59,36.9,0.047,0.35,12.0,,2.75
2023-10-19T19:00,30.5,42,0.0,16.3,960.7,15,10.5,49,35.0,0.047,0.35,0.0,,2.51
2023-10-19T20:00,29.9,45,0.0,16.7,961.5,21,13.7,35,33.4,0.047,0.35,0.0,,2.31
2023-10-19T21:00,28.4,53,0.0,18.0,961.9,17,15.8,45,32.1,0.047,0.35,0.0,,1.8
2023-10-19T22:00,27.4,56,0.0,17.9,961.8,23,15.6,64,31.0,0.048,0.35,0.0,,1.59
2023-10-19T23:00,26.8,58,0.0,18.0,961.6,22,14.7,65,30.0,0.048,0.35,0.0,,1.47
2023-10-20T00:00,26.1,61,0.0,18.1,961.1,29,13.7,63,29.1,0.048,0.35,0.0,,1.3
2023-10-20T01:00,25.6,63,0.0,18.1,960.5,16,13.2,55,28.4,0.048,0.35,0.0,,1.21
2023-10-20T02:00,25.1,64,0.0,17.8,960.0,1,13.3,57,27.7,0.048,0.35,0.0,,1.14
2023-10-20T03:00,24.7,65,0.0,17.8,959.7,3,13.3,57,27.1,0.049,0.35,0.0,,1.07
2023-10-20T04:00,24.4,67,0.0,17.9,960.0,29,13.4,63,26.5,0.049,0.35,0.0,,1.0
2023-10-20T05:00,24.2,68,0.0,18.0,960.6,4,13.0,88,28.8,0.046,0.351,0.0,,0.95
2023-10-20T06:00,24.5,67,0.0,18.0,961.4,9,14.2,97,27.9,0.046,0.351,0.0,,1.01
2023-10-20T07:00,25.8,63,0.0,18.2,962.5,0,12.6,93,27.9,0.046,0.351,82.0,,1.23
2023-10-20T08:00,28.5,55,0.0,18.5,963.3,0,17.3,90,29.3,0.046,0.351,289.0,,1.77
2023-10-20T09:00,30.8,45,0.0,17.4,963.5,24,19.4,105,31.7,0.046,0.351,498.0,,2.45
2023-10-20T10:00,31.8,40,0.0,16.5,963.1,28,14.5,104,34.3,0.046,0.351,607.0,,2.81
2023-10-20T11:00,32.9,36,0.0,15.8,962.2,18,11.5,94,37.2,0.045,0.351,717.0,,3.2
2023-10-20T12:00,33.9,32,0.0,14.9,961.1,23,10.5,74,40.0,0.044,0.351,788.0,,3.6
2023-10-20T13:00,34.4,30,0.0,14.3,960.1,28,11.3,63,42.0,0.043,0.351,761.0,,3.79
2023-10-20T14:00,34.5,29,0.0,13.9,959.2,27,13.5,61,43.0,0.043,0.351,656.0,,3.87
2023-10-20T15:00,34.1,28,0.0,13.2,958.6,15,14.3,65,42.7,0.042,0.351,495.0,,3.83
2023-10-20T16:00,33.9,28,0.0,13.0,958.8,17,14.8,72,41.7,0.042,0.351,351.0,,3.78
2023-10-20T17:00,33.5,28,0.0,12.6,959.3,17,16.9,79,39.0,0.043,0.35,146.0,,3.7
2023-10-20T18:00,32.3,32,0.0,13.4,959.7,25,14.6,74,36.9,0.043,0.35,10.0,,3.29
2023-10-20T19:00,31.0,36,0.0,14.3,960.3,18,8.3,88,35.0,0.043,0.35,0.0,,2.85
2023-10-20T20:00,29.7,41,0.0,15.2,961.0,19,8.6,75,33.4,0.044,0.35,0.0,,2.44
2023-10-20T21:00,28.7,43,0.0,15.0,961.4,6,14.6,52,32.0,0.044,0.35,0.0,,2.22
2023-10-20T22:00,27.7,46,0.0,15.0,961.5,1,17.6,62,30.9,0.044,0.35,0.0,,2.01
2023-10-20T23:00,27.1,49,0.0,15.4,961.3,0,20.0,60,29.9,0.044,0.35,0.0,,1.84
2023-10-21T00:00,26.4,52,0.0,15.8,961.1,0,20.0,64,29.0,0.044,0.35,0.0,,1.65
2023-10-21T01:00,25.7,56,0.0,16.1,960.5,0,18.5,69,28.3,0.045,0.35,0.0,,1.46
2023-10-21T02:00,25.0,58,0.0,16.3,960.2,0,16.1,74,27.6,0.045,0.35,0.0,,1.31
2023-10-21T03:00,24.4,61,0.0,16.3,960.0,0,15.3,75,26.9,0.045,0.35,0.0,,1.19
2023-10-21T04:00,23.9,63,0.0,16.5,960.2,0,14.5,71,26.4,0.045,0.35,0.0,,1.09
2023-10-21T05:00,23.8,69,0.0,17.8,961.0,6,9.8,107,28.6,0.048,0.351,0.0,,0.91
2023-10-21T06:00,24.1,69,0.0,18.1,961.8,5,7.9,106,27.7,0.048,0.351,0.0,,0.92
2023-10-21T07:00,25.1,66,0.0,18.3,962.6,3,6.9,84,27.7,0.049,0.351,80.0,,1.09
2023-10-21T08:00,27.3,59,0.0,18.6,963.5,1,7.6,85,29.2,0.049,0.351,285.0,,1.47
2023-10-21T09:00,29.8,51,0.0,18.5,963.9,6,10.8,94,31.9,0.048,0.351,502.0,,2.07
2023-10-21T10:00,31.7,40,0.0,16.4,963.6,8,11.9,90,34.8,0.047,0.351,655.0,,2.8
2023-10-21T11:00,32.8,35,0.0,15.6,962.8,22,12.0,69,37.8,0.047,0.351,768.0,,3.21
2023-10-21T12:00,33.6,32,0.0,14.5,961.7,13,13.6,50,40.2,0.046,0.351,797.0,,3.55
2023-10-21T13:00,34.2,29,0.0,13.6,960.4,18,15.5,46,41.9,0.046,0.351,789.0,,3.81
2023-10-21T14:00,34.5,27,0.0,12.9,959.4,15,14.0,42,42.8,0.045,0.351,709.0,,3.98
2023-10-21T15:00,34.8,26,0.0,12.7,958.8,17,15.5,48,42.8,0.044,0.351,551.0,,4.08
2023-10-21T16:00,34.4,27,0.0,12.7,959.1,33,19.6,54,41.6,0.044,0.351,352.0,,3.96
2023-10-21T17:00,33.2,30,0.0,13.4,960.2,43,20.9,42,39.0,0.044,0.349,135.0,,3.54
2023-10-21T18:00,31.7,35,0.0,14.5,960.6,86,20.9,42,36.8,0.044,0.349,10.0,,3.02
2023-10-21T19:00,30.8,39,0.0,15.2,961.4,19,16.0,36,34.9,0.044,0.349,0.0,,2.7
2023-10-21T20:00,29.8,43,0.0,15.8,962.3,20,20.1,43,33.5,0.044,0.349,0.0,,2.41
2023-10-21T21:00,28.7,46,0.0,15.8,962.4,20,16.9,63,32.2,0.045,0.349,0.0,,2.13
2023-10-21T22:00,27.7,49,0.0,15.9,962.1,13,16.1,61,31.0,0.045,0.349,0.0,,1.9
2023-10-21T23:00,26.9,50,0.0,15.7,961.7,20,14.8,61,30.0,0.045,0.349,0.0,,1.75
2023-10-22T00:00,26.1,52,0.0,15.6,961.4,28,13.1,58,29.0,0.045,0.349,0.0,,1.61
2023-10-22T01:00,25.3,55,0.0,15.5,960.9,40,11.9,65,28.2,0.045,0.349,0.0,,1.46
2023-10-22T02:00,24.6,57,0.0,15.5,960.5,50,10.0,69,27.4,0.046,0.349,0.0,,1.33
2023-10-22T03:00,23.9,60,0.0,15.6,960.4,58,9.6,56,26.6,0.046,0.348,0.0,,1.19
2023-10-22T04:00,23.2,63,0.0,15.8,960.4,1,8.5,62,25.9,0.046,0.348,0.0,,1.05
2023-10-22T05:00,23.0,67,0.0,16.6,961.8,0,9.6,70,28.4,0.047,0.346,0.0,,0.91
2023-10-22T06:00,23.3,66,0.0,16.5,962.6,31,8.2,67,27.3,0.047,0.346,0.0,,0.98
2023-10-22T07:00,24.5,60,0.0,16.3,963.3,30,7.0,78,27.1,0.047,0.346,85.0,,1.23
2023-10-22T08:00,27.1,51,0.0,15.9,964.1,10,9.1,97,28.6,0.047,0.346,297.0,,1.77
2023-10-22T09:00,30.1,39,0.0,14.7,964.4,57,12.3,97,31.3,0.047,0.346,517.0,,2.6
2023-10-22T10:00,32.7,24,0.0,9.6,964.2,62,18.7,89,34.3,0.046,0.346,698.0,,3.74
2023-10-22T11:00,33.5,23,0.0,9.5,963.2,88,19.1,78,37.2,0.045,0.346,823.0,,3.99
2023-10-22T12:00,34.0,22,0.0,9.2,962.0,94,18.3,68,39.8,0.044,0.345,876.0,,4.16
2023-10-22T13:00,34.4,21,0.0,8.9,961.0,99,15.8,63,41.7,0.043,0.345,853.0,,4.29
2023-10-22T14:00,35.2,19,0.0,8.4,959.9,100,14.8,43,43.0,0.043,0.345,758.0,,4.59
2023-10-22T15:00,34.3,21,0.0,8.5,959.4,99,17.4,34,41.6,0.042,0.345,291.0,,4.3
2023-10-22T16:00,34.2,20,0.0,8.3,959.4,100,16.9,24,40.2,0.042,0.345,194.0,,4.27
2023-10-22T17:00,33.5,21,0.0,8.4,959.9,100,24.0,33,39.3,0.041,0.343,112.0,,4.06
2023-10-22T18:00,32.0,25,0.0,9.5,960.2,98,25.0,44,37.0,0.041,0.343,10.0,,3.56
2023-10-22T19:00,30.7,29,0.0,10.7,961.0,91,24.3,40,35.1,0.041,0.343,0.0,,3.12
2023-10-22T20:00,29.3,34,0.0,11.8,961.8,100,24.1,51,33.4,0.041,0.343,0.0,,2.69
2023-10-22T21:00,28.5,36,0.0,11.8,961.9,100,21.5,59,31.9,0.041,0.343,0.0,,2.5
2023-10-22T22:00,27.7,37,0.0,11.8,961.6,100,17.4,60,30.7,0.042,0.343,0.0,,2.32
2023-10-22T23:00,26.8,39,0.0,11.8,961.3,99,21.8,68,29.6,0.042,0.343,0.0,,2.14
2023-10-23T00:00,26.0,41,0.0,11.6,961.1,98,20.4,73,28.7,0.042,0.343,0.0,,2.0
2023-10-23T01:00,25.0,43,0.0,11.7,960.3,97,15.2,76,27.8,0.042,0.343,0.0,,1.79
2023-10-23T02:00,24.1,46,0.0,11.8,959.8,58,10.3,78,27.0,0.042,0.343,0.0,,1.62
2023-10-23T03:00,23.2,49,0.0,12.0,959.7,90,8.8,109,26.1,0.043,0.343,0.0,,1.44
2023-10-23T04:00,22.1,55,0.0,12.7,959.7,81,6.8,155,25.3,0.043,0.343,0.0,,1.18
2023-10-23T05:00,21.7,63,0.0,14.3,961.2,86,6.6,241,26.8,0.043,0.343,0.0,,0.96
2023-10-23T06:00,22.1,62,0.0,14.5,961.1,78,4.8,283,25.8,0.043,0.343,0.0,,1.0
2023-10-23T07:00,23.8,55,0.0,14.1,962.2,89,2.9,330,25.9,0.044,0.343,83.0,,1.34
2023-10-23T08:00,26.1,45,0.0,13.2,963.2,79,2.8,310,27.8,0.044,0.343,295.0,,1.87
2023-10-23T09:00,28.1,40,0.0,13.0,963.5,94,1.6,333,31.0,0.043,0.343,514.0,,2.29
2023-10-23T10:00,30.1,34,0.0,12.6,963.1,75,2.3,39,34.8,0.043,0.343,699.0,,2.8
2023-10-23T11:00,31.9,28,0.0,10.9,961.9,86,7.0,35,38.5,0.042,0.343,825.0,,3.41
2023-10-23T12:00,33.7,24,0.0,10.1,960.6,88,15.3,27,41.2,0.042,0.343,876.0,,3.98
2023-10-23T13:00,34.2,23,0.0,9.9,959.5,2,18.8,26,42.1,0.041,0.343,695.0,,4.15
2023-10-23T14:00,34.7,21,0.0,9.2,958.4,12,19.5,30,42.9,0.041,0.343,709.0,,4.37
2023-10-23T15:00,34.3,22,0.0,9.2,958.0,10,25.8,33,42.6,0.041,0.343,584.0,,4.25
2023-10-23T16:00,33.3,23,0.0,9.1,958.3,10,20.5,31,41.2,0.041,0.343,358.0,,3.96
2023-10-23T17:00,32.7,24,0.0,9.6,958.7,18,20.3,27,38.3,0.041,0.343,156.0,,3.74
2023-10-23T18:00,31.4,29,0.0,11.4,959.3,55,23.4,34,36.3,0.041,0.343,7.0,,3.25
2023-10-23T19:00,30.5,33,0.0,12.4,960.0,42,19.4,35,34.7,0.041,0.343,0.0,,2.93
2023-10-23T20:00,29.3,37,0.0,13.0,960.6,12,19.6,44,33.1,0.041,0.343,0.0,,2.58
2023-10-23T21:00,28.3,40,0.0,13.5,960.9,6,21.0,59,31.7,0.042,0.343,0.0,,2.29
2023-10-23T22:00,27.2,43,0.0,13.7,960.5,0,20.0,62,30.5,0.042,0.343,0.0,,2.04
2023-10-23T23:00,26.3,45,0.0,13.5,960.5,2,18.1,67,29.4,0.042,0.343,0.0,,1.87
2023-10-24T00:00,25.3,48,0.0,13.4,960.0,0,16.1,70,28.4,0.042,0.343,0.0,,1.68
2023-10-24T01:00,24.2,52,0.0,13.7,959.4,0,14.8,76,27.4,0.042,0.343,0.0,,1.46
2023-10-24T02:00,23.3,56,0.0,13.9,958.8,0,14.8,77,26.5,0.043,0.343,0.0,,1.27
2023-10-24T03:00,22.6,58,0.0,13.8,958.7,0,14.5,76,25.7,0.043,0.343,0.0,,1.16
2023-10-24T04:00,22.1,59,0.0,13.7,958.8,1,12.8,79,25.0,0.043,0.343,0.0,,1.09
2023-10-24T05:00,21.4,68,0.0,15.3,959.5,7,6.4,106,25.8,0.04,0.342,0.0,,0.8
2023-10-24T06:00,21.5,68,0.0,15.4,960.5,2,5.2,102,25.0,0.04,0.342,0.0,,0.81
2023-10-24T07:00,23.0,61,0.0,15.1,961.5,0,0.5,315,25.2,0.041,0.342,83.0,,1.08
2023-10-24T08:00,25.2,54,0.0,15.1,962.5,0,4.9,287,27.2,0.041,0.342,294.0,,1.49
2023-10-24T09:00,27.6,46,0.0,14.8,962.9,0,1.0,315,30.5,0.041,0.342,513.0,,2.01
2023-10-24T10:00,30.2,37,0.0,13.9,962.6,0,5.9,79,34.4,0.041,0.342,697.0,,2.69
2023-10-24T11:00,32.1,29,0.0,11.7,961.4,0,9.0,61,38.1,0.04,0.342,820.0,,3.41
2023-10-24T12:00,33.4,24,0.0,10.2,960.3,0,13.0,48,41.0,0.04,0.342,873.0,,3.9
2023-10-24T13:00,34.0,22,0.0,9.5,959.3,4,16.8,47,42.8,0.04,0.342,847.0,,4.12
2023-10-24T14:00,34.1,22,0.0,9.3,958.5,80,16.6,41,43.6,0.04,0.342,743.0,,4.18
2023-10-24T15:00,34.3,21,0.0,8.9,958.2,82,14.0,42,43.4,0.04,0.342,575.0,,4.27
2023-10-24T16:00,34.1,20,0.0,8.2,958.3,100,17.7,39,42.2,0.04,0.342,362.0,,4.26
2023-10-24T17:00,32.3,25,0.0,9.7,959.0,97,25.4,35,39.8,0.04,0.342,101.0,,3.64
2023-10-24T18:00,31.7,28,0.0,11.0,959.3,86,25.0,40,37.1,0.044,0.343,6.0,,3.37
2023-10-24T19:00,30.5,32,0.0,12.1,960.1,95,22.2,47,35.2,0.044,0.343,0.0,,2.94
2023-10-24T20:00,28.9,37,0.0,12.9,961.0,94,18.7,56,33.4,0.044,0.343,0.0,,2.49
2023-10-24T21:00,28.1,41,0.0,13.4,961.1,25,17.2,61,32.0,0.044,0.343,0.0,,2.25
2023-10-24T22:00,27.2,43,0.0,13.7,961.0,1,17.1,65,30.8,0.044,0.343,0.0,,2.03
2023-10-24T23:00,26.2,46,0.0,13.7,961.1,0,16.1,74,29.6,0.044,0.343,0.0,,1.82
2023-10-25T00:00,25.2,49,0.0,13.8,960.8,1,13.8,84,28.6,0.044,0.343,0.0,,1.63
2023-10-25T01:00,24.5,52,0.0,13.9,960.3,4,10.4,90,27.7,0.044,0.343,0.0,,1.48
2023-10-25T02:00,23.7,55,0.0,14.0,959.8,0,9.0,92,26.8,0.045,0.343,0.0,,1.33
2023-10-25T03:00,23.0,57,0.0,14.2,959.7,0,8.6,92,25.9,0.045,0.343,0.0,,1.2
2023-10-25T04:00,22.4,60,0.0,14.2,960.1,15,9.1,81,25.2,0.045,0.343,0.0,,1.09
2023-10-25T05:00,21.8,62,0.0,14.3,960.8,48,8.9,63,24.6,0.045,0.343,0.0,,0.98
2023-10-25T06:00,21.7,68,0.0,15.5,962.0,40,7.6,65,24.8,0.055,0.348,0.0,,0.83
2023-10-25T07:00,23.1,62,0.0,15.5,963.2,40,6.1,45,24.9,0.056,0.348,81.0,,1.06
2023-10-25T08:00,25.7,51,0.0,14.9,964.2,4,7.3,57,26.6,0.055,0.348,290.0,,1.6
2023-10-25T09:00,28.3,42,0.0,14.3,964.9,5,8.6,75,29.5,0.054,0.348,508.0,,2.21
2023-10-25T10:00,30.5,33,0.0,12.2,964.7,0,12.3,85,32.7,0.053,0.348,690.0,,2.94
2023-10-25T11:00,31.7,29,0.0,11.3,963.4,12,10.2,67,35.9,0.051,0.348,814.0,,3.32
2023-10-25T12:00,33.1,25,0.0,10.6,962.4,14,12.1,30,38.7,0.049,0.348,868.0,,3.77
2023-10-25T13:00,34.0,22,0.0,9.6,961.2,39,15.3,27,40.5,0.048,0.348,796.0,,4.12
2023-10-25T14:00,34.4,21,0.0,8.9,960.3,44,19.8,25,41.3,0.047,0.348,691.0,,4.28
2023-10-25T15:00,33.9,21,0.0,8.8,959.7,9,16.5,20,41.1,0.046,0.348,529.0,,4.16
2023-10-25T16:00,33.9,20,0.0,7.6,959.6,100,17.0,17,40.0,0.046,0.348,331.0,,4.25
2023-10-25T17:00,32.0,24,0.0,8.9,960.1,71,25.0,23,38.0,0.045,0.348,84.0,,3.61
2023-10-25T18:00,31.2,27,0.0,9.8,960.6,94,26.5,34,36.3,0.049,0.345,6.0,,3.33
2023-10-25T19:00,29.9,30,0.0,10.6,961.5,0,24.2,43,34.5,0.049,0.345,0.0,,2.94
2023-10-25T20:00,28.3,34,0.0,10.9,962.1,0,22.4,57,32.7,0.049,0.345,0.0,,2.54
2023-10-25T21:00,27.4,35,0.0,10.8,962.3,0,19.1,58,31.1,0.049,0.345,0.0,,2.35
2023-10-25T22:00,26.4,38,0.0,11.1,962.4,5,16.5,54,29.8,0.049,0.345,0.0,,2.12
2023-10-25T23:00,25.6,41,0.0,11.3,962.1,7,15.9,62,28.7,0.049,0.345,0.0,,1.93
2023-10-26T00:00,24.6,44,0.0,11.5,962.0,9,16.1,70,27.7,0.049,0.345,0.0,,1.73
2023-10-26T01:00,23.8,47,0.0,11.8,961.4,0,14.5,76,26.8,0.049,0.345,0.0,,1.57
2023-10-26T02:00,23.1,50,0.0,12.1,960.9,0,11.4,79,25.9,0.049,0.345,0.0,,1.42
2023-10-26T03:00,22.2,55,0.0,12.6,960.7,0,8.3,88,25.1,0.049,0.345,0.0,,1.22
2023-10-26T04:00,21.4,60,0.0,13.4,960.6,0,6.9,81,24.4,0.049,0.345,0.0,,1.02
2023-10-26T05:00,20.9,63,0.0,13.5,960.9,0,7.1,66,23.7,0.05,0.345,0.0,,0.92
2023-10-26T06:00,21.0,65,0.0,14.2,962.5,0,6.0,65,24.3,0.046,0.345,0.0,,0.86
2023-10-26T07:00,22.6,58,0.0,13.8,963.3,0,5.0,60,24.5,0.046,0.345,81.0,,1.16
2023-10-26T08:00,25.1,49,0.0,13.5,964.4,0,6.4,74,26.3,0.046,0.345,292.0,,1.63
2023-10-26T09:00,28.0,40,0.0,13.0,964.9,0,8.3,92,29.4,0.045,0.345,512.0,,2.28
2023-10-26T10:00,30.6,29,0.0,10.6,964.7,0,14.1,71,32.8,0.045,0.345,696.0,,3.1
2023-10-26T11:00,31.9,24,0.0,8.6,963.9,0,15.4,57,36.0,0.044,0.345,820.0,,3.61
2023-10-26T12:00,32.6,21,0.0,7.7,962.5,0,16.4,52,38.7,0.043,0.344,873.0,,3.87
2023-10-26T13:00,33.1,20,0.0,7.4,961.2,0,15.5,48,40.7,0.043,0.344,850.0,,4.01
2023-10-26T14:00,33.3,20,0.0,7.3,960.0,40,15.3,43,41.8,0.042,0.344,752.0,,4.08
2023-10-26T15:00,33.2,20,0.0,7.3,959.4,62,16.9,38,41.8,0.042,0.344,587.0,,4.07
2023-10-26T16:00,32.6,21,0.0,7.4,959.6,77,18.4,40,40.5,0.042,0.344,374.0,,3.88
2023-10-26T17:00,31.5,23,0.0,7.8,960.1,39,19.1,44,38.3,0.042,0.344,150.0,,3.57
2023-10-26T18:00,30.6,27,0.0,9.4,960.8,43,18.6,49,36.1,0.042,0.344,9.0,,3.2
2023-10-26T19:00,29.4,31,0.0,10.3,961.6,1,18.1,41,34.1,0.042,0.344,0.0,,2.83
2023-10-26T20:00,28.0,34,0.0,10.7,962.0,0,19.3,37,32.4,0.042,0.344,0.0,,2.5
2023-10-26T21:00,27.1,36,0.0,10.7,962.2,0,18.8,43,30.9,0.042,0.344,0.0,,2.3
2023-10-26T22:00,26.2,38,0.0,10.9,962.3,0,17.4,56,29.6,0.042,0.344,0.0,,2.1
2023-10-26T23:00,25.4,40,0.0,11.0,962.0,0,16.9,70,28.5,0.043,0.344,0.0,,1.93
2023-10-27T00:00,24.7,43,0.0,11.1,961.4,0,16.6,68,27.6,0.043,0.344,0.0,,1.78
2023-10-27T01:00,24.4,42,0.0,10.7,960.6,0,17.5,71,26.8,0.043,0.344,0.0,,1.77
2023-10-27T02:00,24.0,42,0.0,10.3,959.9,0,17.0,77,26.1,0.043,0.344,0.0,,1.72
2023-10-27T03:00,23.4,43,0.0,10.2,959.7,0,16.1,70,25.4,0.043,0.344,0.0,,1.62
2023-10-27T04:00,22.8,45,0.0,10.2,959.6,0,14.6,70,24.8,0.044,0.344,0.0,,1.53
2023-10-27T05:00,22.1,47,0.0,10.3,960.1,0,13.1,74,24.2,0.044,0.344,0.0,,1.41
2023-10-27T06:00,21.8,54,0.0,12.0,960.9,0,12.1,80,24.7,0.044,0.344,0.0,,1.2
2023-10-27T07:00,23.2,50,0.0,12.2,961.8,0,9.5,81,24.7,0.044,0.344,82.0,,1.42
2023-10-27T08:00,26.3,42,0.0,12.5,963.0,0,9.5,79,26.5,0.044,0.344,296.0,,1.96
2023-10-27T09:00,29.2,31,0.0,10.2,963.6,0,13.5,81,29.4,0.044,0.344,518.0,,2.81
2023-10-27T10:00,30.8,26,0.0,9.1,963.3,31,17.3,69,32.7,0.044,0.344,700.0,,3.27
2023-10-27T11:00,31.8,24,0.0,8.8,962.0,60,17.6,67,35.8,0.043,0.344,823.0,,3.56
2023-10-27T12:00,32.5,23,0.0,8.6,960.7,53,17.1,65,38.5,0.043,0.344,874.0,,3.76
2023-10-27T13:00,32.9,22,0.0,8.4,959.5,33,16.3,62,40.5,0.042,0.344,849.0,,3.9
2023-10-27T14:00,33.1,21,0.0,8.2,958.5,52,15.8,63,41.6,0.042,0.344,749.0,,3.97
2023-10-27T15:00,33.0,22,0.0,8.2,958.1,26,15.8,60,41.6,0.041,0.344,585.0,,3.94
2023-10-27T16:00,32.5,23,0.0,8.5,958.1,40,17.3,59,40.5,0.041,0.344,374.0,,3.77
2023-10-27T17:00,31.5,24,0.0,8.7,958.5,0,18.5,57,38.3,0.041,0.344,148.0,,3.49
2023-10-27T18:00,30.7,28,0.0,10.0,959.2,9,17.2,53,36.0,0.041,0.344,8.0,,3.19
2023-10-27T19:00,29.9,30,0.0,10.6,959.9,20,17.3,47,34.1,0.042,0.344,0.0,,2.93
2023-10-27T20:00,28.6,33,0.0,11.0,960.8,20,17.8,48,32.5,0.042,0.344,0.0,,2.61
2023-10-27T21:00,27.3,36,0.0,10.9,961.0,7,17.4,63,31.0,0.042,0.344,0.0,,2.31
2023-10-27T22:00,26.3,39,0.0,11.2,961.0,0,15.9,52,29.8,0.042,0.344,0.0,,2.09
2023-10-27T23:00,25.4,42,0.0,11.4,960.7,0,15.1,52,28.6,0.042,0.344,0.0,,1.89
2023-10-28T00:00,24.5,44,0.0,11.5,960.2,0,14.5,63,27.6,0.043,0.344,0.0,,1.71
2023-10-28T01:00,23.5,47,0.0,11.5,959.9,0,15.2,76,26.7,0.043,0.344,0.0,,1.54
2023-10-28T02:00,22.9,48,0.0,11.4,959.3,0,15.0,66,25.8,0.043,0.344,0.0,,1.44
2023-10-28T03:00,22.3,49,0.0,11.2,958.9,0,13.7,67,25.1,0.043,0.344,0.0,,1.37
2023-10-28T04:00,21.7,50,0.0,11.0,958.7,0,12.8,68,24.4,0.043,0.344,0.0,,1.29
2023-10-28T05:00,21.2,52,0.0,10.9,959.2,0,12.2,71,23.7,0.044,0.344,0.0,,1.22
2023-10-28T06:00,21.3,53,0.0,11.4,960.4,0,10.7,78,24.5,0.044,0.344,0.0,,1.18
2023-10-28T07:00,22.7,49,0.0,11.5,961.6,0,6.6,112,24.5,0.044,0.344,81.0,,1.41
2023-10-28T08:00,25.3,42,0.0,11.6,962.7,0,8.4,137,26.3,0.044,0.344,294.0,,1.85
2023-10-28T09:00,28.1,36,0.0,11.5,963.0,0,9.9,136,29.2,0.044,0.344,515.0,,2.44
2023-10-28T10:00,30.5,27,0.0,9.4,962.9,0,10.5,117,32.8,0.044,0.344,697.0,,3.17
2023-10-28T11:00,31.5,25,0.0,8.9,961.8,0,7.9,120,36.4,0.043,0.344,821.0,,3.47
2023-10-28T12:00,32.3,23,0.0,8.5,960.8,0,6.7,126,39.7,0.042,0.343,873.0,,3.71
2023-10-28T13:00,32.8,22,0.0,8.4,959.5,0,6.5,124,42.2,0.042,0.343,848.0,,3.88
2023-10-28T14:00,33.1,22,0.0,8.3,958.3,0,6.0,123,43.6,0.041,0.343,748.0,,3.96
2023-10-28T15:00,33.2,21,0.0,8.2,958.0,0,6.9,118,43.7,0.041,0.343,583.0,,3.99
2023-10-28T16:00,32.9,22,0.0,8.2,958.0,0,5.5,113,42.5,0.041,0.343,371.0,,3.92
2023-10-28T17:00,32.4,22,0.0,8.1,958.4,0,2.2,99,40.2,0.041,0.343,146.0,,3.77
2023-10-28T18:00,31.6,26,0.0,9.7,959.5,24,14.0,67,37.4,0.041,0.343,8.0,,3.43
2023-10-28T19:00,30.4,27,0.0,9.2,960.1,79,17.7,52,35.2,0.041,0.343,0.0,,3.18
2023-10-28T20:00,29.4,30,0.0,10.0,960.7,58,19.6,54,33.5,0.041,0.343,0.0,,2.86
2023-10-28T21:00,28.0,34,0.0,10.6,961.2,1,22.1,44,32.0,0.041,0.343,0.0,,2.49
2023-10-28T22:00,27.0,36,0.0,10.8,961.0,0,23.4,44,30.7,0.042,0.343,0.0,,2.26
2023-10-28T23:00,26.2,38,0.0,10.8,960.6,0,19.3,53,29.5,0.042,0.343,0.0,,2.1
2023-10-29T00:00,25.3,40,0.0,10.8,960.0,0,18.7,56,28.5,0.042,0.343,0.0,,1.92
2023-10-29T01:00,24.6,42,0.0,11.0,959.5,0,17.1,62,27.6,0.042,0.343,0.0,,1.78
2023-10-29T02:00,24.0,44,0.0,11.0,959.1,4,16.4,71,26.8,0.042,0.343,0.0,,1.66
2023-10-29T03:00,23.0,46,0.0,10.9,959.2,0,13.6,122,26.0,0.043,0.343,0.0,,1.51
2023-10-29T04:00,22.5,46,0.0,10.5,959.0,0,11.9,92,25.3,0.043,0.343,0.0,,1.46
2023-10-29T05:00,22.0,48,0.0,10.4,959.3,0,11.3,81,24.6,0.043,0.343,0.0,,1.39
2023-10-29T06:00,22.6,54,0.0,12.7,960.4,0,11.9,87,25.5,0.047,0.344,0.0,,1.27
2023-10-29T07:00,23.7,51,0.0,13.1,961.3,0,9.5,99,25.5,0.047,0.344,77.0,,1.43
2023-10-29T08:00,26.1,47,0.0,13.9,962.1,0,13.1,99,27.0,0.047,0.344,284.0,,1.8
2023-10-29T09:00,28.6,42,0.0,14.6,962.6,0,16.3,104,29.6,0.047,0.344,502.0,,2.25
2023-10-29T10:00,30.6,34,0.0,13.1,962.5,0,15.7,101,32.7,0.046,0.344,683.0,,2.88
2023-10-29T11:00,31.9,30,0.0,12.1,961.5,0,13.3,87,35.9,0.045,0.344,805.0,,3.3
2023-10-29T12:00,32.7,28,0.0,11.6,960.5,0,11.2,69,38.9,0.044,0.344,856.0,,3.57
2023-10-29T13:00,33.3,26,0.0,11.2,959.3,0,10.5,52,41.2,0.043,0.344,831.0,,3.79
2023-10-29T14:00,33.6,25,0.0,10.7,958.4,0,11.0,41,42.5,0.043,0.344,734.0,,3.92
2023-10-29T15:00,33.7,24,0.0,10.2,958.0,0,11.8,40,42.6,0.042,0.344,571.0,,3.99
2023-10-29T16:00,33.4,23,0.0,9.7,957.9,2,12.5,39,41.5,0.042,0.344,362.0,,3.93
2023-10-29T17:00,32.6,24,0.0,9.6,958.2,0,16.1,42,39.3,0.042,0.344,141.0,,3.71
2023-10-29T18:00,31.3,29,0.0,11.0,958.6,3,17.6,41,37.0,0.042,0.343,7.0,,3.24
2023-10-29T19:00,30.3,32,0.0,11.6,959.7,3,20.6,44,34.9,0.042,0.343,0.0,,2.96
2023-10-29T20:00,28.9,35,0.0,12.0,960.4,6,20.6,44,33.2,0.042,0.343,0.0,,2.58
2023-10-29T21:00,27.7,37,0.0,11.7,960.8,0,22.0,38,31.7,0.042,0.342,0.0,,2.33
2023-10-29T22:00,26.7,39,0.0,11.6,960.8,0,21.4,48,30.4,0.042,0.342,0.0,,2.13
2023-10-29T23:00,25.7,43,0.0,12.1,960.6,0,18.6,58,29.3,0.042,0.342,0.0,,1.9
2023-10-30T00:00,24.9,46,0.0,12.5,960.0,3,16.6,68,28.3,0.043,0.342,0.0,,1.69
2023-10-30T01:00,24.3,48,0.0,12.5,959.5,5,17.1,72,27.4,0.043,0.342,0.0,,1.58
2023-10-30T02:00,23.7,49,0.0,12.2,959.3,4,14.4,94,26.6,0.043,0.342,0.0,,1.5
2023-10-30T03:00,22.9,50,0.0,12.0,959.1,7,10.8,90,25.9,0.043,0.342,0.0,,1.39
2023-10-30T04:00,22.3,52,0.0,12.0,959.1,4,10.2,80,25.2,0.043,0.342,0.0,,1.29
2023-10-30T05:00,21.7,54,0.0,12.1,959.4,11,10.1,88,24.5,0.044,0.342,0.0,,1.19
2023-10-30T06:00,22.4,53,0.0,12.3,960.8,79,10.2,82,25.6,0.044,0.342,0.0,,1.28
2023-10-30T07:00,23.6,50,0.0,12.6,961.7,100,8.6,68,25.6,0.044,0.342,76.0,,1.46
2023-10-30T08:00,26.3,43,0.0,12.8,962.6,31,11.6,74,27.2,0.044,0.342,283.0,,1.95
2023-10-30T09:00,29.0,36,0.0,12.3,962.9,17,14.9,83,29.9,0.044,0.342,503.0,,2.58
2023-10-30T10:00,30.6,28,0.0,10.2,962.6,27,14.2,81,33.1,0.043,0.342,685.0,,3.15
2023-10-30T11:00,31.8,24,0.0,8.6,961.8,29,13.4,76,36.3,0.043,0.342,808.0,,3.57
2023-10-30T12:00,32.5,22,0.0,8.2,960.6,2,12.6,66,39.2,0.042,0.342,860.0,,3.8
2023-10-30T13:00,33.1,22,0.0,8.6,959.2,50,11.3,53,41.4,0.042,0.342,836.0,,3.93
2023-10-30T14:00,33.4,22,0.0,8.8,958.1,48,11.5,44,42.7,0.041,0.342,737.0,,4.0
2023-10-30T15:00,33.4,22,0.0,9.0,957.4,12,13.4,36,42.7,0.041,0.342,573.0,,4.0
2023-10-30T16:00,33.0,23,0.0,9.3,957.7,0,15.4,33,41.4,0.041,0.342,363.0,,3.85
2023-10-30T17:00,31.9,25,0.0,9.5,958.4,0,17.3,36,39.1,0.041,0.342,141.0,,3.54
2023-10-30T18:00,31.5,29,0.0,11.6,959.1,2,20.8,37,37.0,0.041,0.342,7.0,,3.26
2023-10-30T19:00,30.2,32,0.0,11.5,959.9,1,25.3,40,35.0,0.041,0.342,0.0,,2.94
2023-10-30T20:00,28.8,35,0.0,11.6,960.7,31,25.3,57,33.3,0.041,0.342,0.0,,2.58
2023-10-30T21:00,27.7,39,0.0,12.5,961.1,30,22.9,62,31.8,0.042,0.342,0.0,,2.26
2023-10-30T22:00,26.7,43,0.0,13.0,961.0,1,20.1,61,30.5,0.042,0.342,0.0,,2.01
2023-10-30T23:00,26.0,44,0.0,12.9,960.7,6,18.4,59,29.4,0.042,0.342,0.0,,1.86
2023-10-31T00:00,25.1,47,0.0,13.0,960.3,12,15.5,62,28.4,0.042,0.342,0.0,,1.68
2023-10-31T01:00,24.3,49,0.0,13.0,959.7,25,14.2,69,27.5,0.042,0.342,0.0,,1.53
2023-10-31T02:00,23.5,53,0.0,13.3,959.3,2,10.5,68,26.7,0.043,0.342,0.0,,1.37
2023-10-31T03:00,22.8,56,0.0,13.6,959.3,31,7.9,93,25.9,0.043,0.342,0.0,,1.21
2023-10-31T04:00,22.0,60,0.0,13.9,959.3,51,7.1,114,25.2,0.043,0.342,0.0,,1.05
2023-10-31T05:00,21.3,63,0.0,13.9,960.0,74,6.6,131,24.5,0.043,0.342,0.0,,0.94
2023-10-31T06:00,22.1,62,0.0,14.6,961.5,5,8.0,80,25.5,0.043,0.342,0.0,,1.0
2023-10-31T07:00,23.2,58,0.0,14.4,962.5,11,7.6,85,25.5,0.044,0.342,74.0,,1.21
2023-10-31T08:00,25.6,49,0.0,14.1,963.1,12,10.6,80,27.1,0.044,0.342,278.0,,1.66
2023-10-31T09:00,27.9,48,0.0,15.8,963.3,95,12.3,97,29.8,0.044,0.342,492.0,,1.95
2023-10-31T10:00,29.7,41,0.0,15.2,962.7,83,12.2,104,33.1,0.043,0.342,670.0,,2.44
2023-10-31T11:00,31.0,35,0.0,13.8,961.7,79,9.7,90,36.5,0.043,0.342,792.0,,2.91
2023-10-31T12:00,31.9,31,0.0,12.8,960.5,95,8.0,63,39.6,0.042,0.342,844.0,,3.24
2023-10-31T13:00,32.6,28,0.0,11.9,959.4,97,8.4,40,42.0,0.041,0.342,821.0,,3.52
2023-10-31T14:00,33.1,26,0.0,10.9,958.7,98,7.4,23,43.3,0.041,0.342,724.0,,3.74
2023-10-31T15:00,33.5,24,0.0,9.9,958.2,86,7.6,3,43.5,0.041,0.341,562.0,,3.94
2023-10-31T16:00,33.4,23,0.0,9.6,958.1,30,12.2,358,42.3,0.041,0.341,357.0,,3.93
2023-10-31T17:00,32.5,25,0.0,10.0,958.7,18,15.1,18,39.9,0.041,0.341,138.0,,3.65
2023-10-31T18:00,31.5,28,0.0,10.9,959.5,25,17.2,29,37.4,0.041,0.341,7.0,,3.31
2023-10-31T19:00,30.1,31,0.0,11.0,960.6,91,23.2,28,35.3,0.041,0.341,0.0,,2.95
2023-10-31T20:00,28.2,36,0.0,11.6,961.5,59,22.7,36,33.4,0.041,0.341,0.0,,2.45
2023-10-31T21:00,27.1,41,0.0,12.6,961.7,53,20.7,40,31.8,0.041,0.341,0.0,,2.13
2023-10-31T22:00,26.3,45,0.0,13.4,961.6,3,16.6,39,30.5,0.042,0.341,0.0,,1.89
2023-10-31T23:00,25.4,48,0.0,13.8,961.5,1,13.5,44,29.3,0.042,0.341,0.0,,1.67
2023-11-01T00:00,24.8,50,0.0,13.8,961.1,1,12.5,46,28.2,0.042,0.341,0.0,,1.55
2023-11-01T01:00,24.1,53,0.0,13.8,960.6,16,12.8,38,27.3,0.042,0.341,0.0,,1.41
2023-11-01T02:00,23.3,56,0.0,14.0,959.8,69,12.1,37,26.5,0.042,0.341,0.0,,1.27
2023-11-01T03:00,22.7,58,0.0,14.1,959.5,81,10.9,44,25.8,0.043,0.341,0.0,,1.16
2023-11-01T04:00,22.2,60,0.0,14.1,959.5,82,10.0,52,25.1,0.043,0.341,0.0,,1.07
2023-11-01T05:00,21.7,62,0.0,14.1,960.1,11,8.8,81,24.5,0.043,0.341,0.0,,0.99
2023-11-01T06:00,22.2,67,0.0,15.8,961.5,40,9.3,77,25.2,0.043,0.341,0.0,,0.88
2023-11-01T07:00,23.4,64,0.0,16.2,962.5,0,7.2,84,25.4,0.043,0.341,72.0,,1.04
2023-11-01T08:00,25.8,59,0.0,17.2,963.4,0,10.0,103,27.2,0.044,0.341,273.0,,1.35
2023-11-01T09:00,27.9,56,0.0,18.5,963.7,9,11.5,129,29.9,0.043,0.341,486.0,,1.63
2023-11-01T10:00,29.7,50,0.0,18.1,963.1,6,8.8,145,33.4,0.043,0.341,665.0,,2.08
2023-11-01T11:00,30.8,43,0.0,17.0,962.2,8,4.7,148,37.0,0.043,0.341,776.0,,2.51
2023-11-01T12:00,31.7,39,0.0,16.1,960.9,8,2.1,149,40.3,0.042,0.341,809.0,,2.83
2023-11-01T13:00,32.4,36,0.0,15.5,960.0,5,1.1,342,43.0,0.041,0.341,788.0,,3.09
2023-11-01T14:00,32.9,33,0.0,14.6,959.0,82,3.6,6,44.4,0.041,0.341,687.0,,3.34
2023-11-01T15:00,33.3,31,0.0,13.9,958.7,86,5.2,25,44.3,0.041,0.341,508.0,,3.51
2023-11-01T16:00,33.3,30,0.0,13.5,958.7,99,10.0,41,43.2,0.041,0.341,343.0,,3.57
2023-11-01T17:00,32.6,32,0.0,13.6,959.2,97,13.0,42,40.8,0.041,0.341,116.0,,3.35
2023-11-01T18:00,30.9,40,0.0,15.7,960.2,25,10.1,94,37.2,0.042,0.341,6.0,,2.68
2023-11-01T19:00,30.6,41,0.0,15.9,961.1,41,8.5,102,35.3,0.042,0.341,0.0,,2.58
2023-11-01T20:00,29.7,41,0.0,15.1,961.8,46,18.3,54,33.8,0.042,0.341,0.0,,2.45
2023-11-01T21:00,28.3,43,0.0,14.5,961.9,86,20.8,62,32.4,0.042,0.341,0.0,,2.2
2023-11-01T22:00,27.2,46,0.0,14.6,961.7,86,16.5,80,31.1,0.043,0.341,0.0,,1.95
2023-11-01T23:00,26.4,48,0.0,14.6,961.4,53,16.4,81,30.0,0.043,0.341,0.0,,1.78
2023-11-02T00:00,25.6,51,0.0,14.9,960.8,52,14.9,75,29.0,0.043,0.341,0.0,,1.59
2023-11-02T01:00,24.8,56,0.0,15.3,959.9,88,13.6,73,28.1,0.043,0.341,0.0,,1.39
2023-11-02T02:00,24.1,59,0.0,15.7,959.3,76,11.6,74,27.3,0.043,0.341,0.0,,1.22
2023-11-02T03:00,23.5,63,0.0,16.0,959.0,82,11.0,71,26.6,0.043,0.341,0.0,,1.07
2023-11-02T04:00,22.9,66,0.0,16.3,959.2,21,9.6,77,25.9,0.044,0.341,0.0,,0.94
2023-11-02T05:00,22.4,70,0.0,16.6,959.6,0,8.2,67,25.3,0.044,0.341,0.0,,0.83
2023-11-02T06:00,22.6,72,0.0,17.3,961.3,87,8.5,78,25.5,0.044,0.341,0.0,,0.77
2023-11-02T07:00,23.8,68,0.0,17.4,961.7,92,7.0,55,25.7,0.044,0.341,70.0,,0.95
2023-11-02T08:00,26.3,59,0.0,17.6,962.5,98,9.0,67,27.4,0.044,0.341,272.0,,1.4
2023-11-02T09:00,28.7,52,0.0,17.8,963.3,96,9.5,99,30.3,0.044,0.341,485.0,,1.9
2023-11-02T10:00,30.3,45,0.0,17.2,963.0,47,8.0,108,33.7,0.044,0.341,648.0,,2.35
2023-11-02T11:00,31.2,41,0.0,16.3,961.9,16,6.1,90,36.9,0.043,0.341,689.0,,2.68
2023-11-02T12:00,32.2,37,0.0,15.6,960.9,24,5.8,68,39.9,0.042,0.34,776.0,,3.03
2023-11-02T13:00,32.8,34,0.0,14.8,959.6,25,5.6,45,42.4,0.042,0.34,780.0,,3.28
2023-11-02T14:00,33.4,32,0.0,14.3,958.4,67,7.1,45,43.7,0.041,0.34,705.0,,3.5
2023-11-02T15:00,33.7,30,0.0,13.8,957.7,100,8.7,42,43.9,0.041,0.34,557.0,,3.66
2023-11-02T16:00,33.6,28,0.0,12.6,957.8,96,13.1,21,42.6,0.041,0.34,351.0,,3.73
2023-11-02T17:00,32.6,27,0.0,11.2,958.1,96,14.8,14,40.2,0.041,0.34,131.0,,3.59
2023-11-02T18:00,32.7,32,0.0,13.7,958.7,100,15.3,56,38.0,0.041,0.34,5.0,,3.38
2023-11-02T19:00,32.0,33,0.0,14.0,959.1,100,15.8,60,36.3,0.041,0.34,0.0,,3.16
2023-11-02T20:00,29.4,39,0.0,13.9,960.2,97,23.6,38,34.6,0.041,0.34,0.0,,2.52
2023-11-02T21:00,28.4,40,0.0,13.7,960.5,90,17.7,39,33.0,0.041,0.34,0.0,,2.31
2023-11-02T22:00,27.8,41,0.0,13.3,960.3,41,16.0,46,31.7,0.042,0.34,0.0,,2.2
2023-11-02T23:00,27.0,43,0.0,13.4,960.1,23,15.8,49,30.6,0.042,0.34,0.0,,2.03
2023-11-03T00:00,26.4,45,0.0,13.6,959.6,34,13.5,65,29.6,0.042,0.34,0.0,,1.88
2023-11-03T01:00,25.7,48,0.0,13.8,959.1,36,14.4,91,28.7,0.042,0.34,0.0,,1.71
2023-11-03T02:00,25.0,51,0.0,14.2,958.7,84,13.7,85,27.9,0.042,0.34,0.0,,1.54
2023-11-03T03:00,24.5,55,0.0,14.9,958.5,92,13.6,79,27.3,0.042,0.34,0.0,,1.39
2023-11-03T04:00,24.1,59,0.0,15.6,958.6,99,11.9,76,26.7,0.043,0.34,0.0,,1.24
2023-11-03T05:00,23.7,62,0.0,16.1,959.2,98,10.8,86,26.2,0.043,0.34,0.0,,1.11
2023-11-03T06:00,23.8,67,0.0,17.3,959.7,91,10.2,80,26.2,0.043,0.34,0.0,,0.96
2023-11-03T07:00,24.8,64,0.0,17.6,960.5,96,10.8,88,26.4,0.043,0.34,68.0,,1.12
2023-11-03T08:00,26.7,64,0.0,19.3,961.3,100,14.6,100,28.0,0.043,0.34,259.0,,1.25
2023-11-03T09:00,28.4,59,0.0,19.7,961.6,100,14.2,99,30.5,0.044,0.34,465.0,,1.57
2023-11-03T10:00,30.4,49,0.0,18.4,961.2,28,14.1,87,33.6,0.043,0.34,645.0,,2.22
2023-11-03T11:00,31.9,42,0.0,17.4,960.1,13,12.6,77,36.8,0.043,0.34,760.0,,2.73
2023-11-03T12:00,32.8,38,0.0,16.7,959.0,23,11.3,73,39.7,0.042,0.34,805.0,,3.06
2023-11-03T13:00,33.4,35,0.0,16.1,957.7,34,9.8,66,41.8,0.042,0.34,758.0,,3.32
2023-11-03T14:00,33.5,35,0.0,15.8,956.8,61,10.5,52,42.7,0.041,0.34,611.0,,3.38
2023-11-03T15:00,33.5,34,0.0,15.3,956.2,19,8.4,47,42.6,0.041,0.34,471.0,,3.43
2023-11-03T16:00,33.4,33,0.0,14.9,956.2,27,8.8,71,41.7,0.041,0.34,320.0,,3.45
2023-11-03T17:00,32.8,34,0.0,14.9,956.2,17,12.4,80,39.7,0.041,0.34,120.0,,3.27
2023-11-03T18:00,31.9,37,0.0,15.6,956.7,97,10.9,84,37.4,0.042,0.34,5.0,,2.95
2023-11-03T19:00,31.1,40,0.0,15.9,957.5,100,11.2,94,35.5,0.042,0.34,0.0,,2.7
2023-11-03T20:00,30.5,42,0.0,16.1,958.0,100,7.9,90,34.0,0.042,0.34,0.0,,2.52
2023-11-03T21:00,29.3,44,0.0,15.8,958.8,100,15.8,49,32.7,0.042,0.34,0.0,,2.28
2023-11-03T22:00,28.7,43,0.0,15.1,958.8,100,18.0,61,31.7,0.042,0.34,0.0,,2.23
2023-11-03T23:00,27.6,47,0.0,15.3,959.0,99,15.0,73,30.7,0.043,0.34,0.0,,1.95
2023-11-04T00:00,26.8,51,0.0,15.8,958.8,99,13.4,96,29.8,0.043,0.34,0.0,,1.72
2023-11-04T01:00,26.3,53,0.0,16.1,958.3,100,10.7,102,29.2,0.043,0.34,0.0,,1.6
2023-11-04T02:00,25.5,57,0.0,16.4,958.0,100,9.2,116,28.4,0.043,0.34,0.0,,1.39
2023-11-04T03:00,25.0,63,0.0,17.4,957.7,100,7.1,120,27.7,0.043,0.34,0.0,,1.18
2023-11-04T04:00,24.4,69,0.0,18.3,957.7,100,5.6,105,27.2,0.043,0.34,0.0,,0.94
2023-11-04T05:00,23.9,73,0.0,18.7,958.2,100,6.4,63,26.6,0.044,0.34,0.0,,0.81
2023-11-04T06:00,24.2,76,0.0,19.7,959.3,100,6.1,62,27.6,0.044,0.34,0.0,,0.72
2023-11-04T07:00,24.9,72,0.0,19.6,960.1,99,7.9,66,27.6,0.044,0.34,66.0,,0.88
2023-11-04T08:00,26.4,68,0.0,20.0,960.7,100,9.5,79,29.0,0.044,0.339,255.0,,1.11
2023-11-04T09:00,28.3,60,0.0,19.7,961.3,99,12.3,93,31.4,0.044,0.339,463.0,,1.55
2023-11-04T10:00,30.0,51,0.0,18.8,961.0,100,13.7,93,34.0,0.044,0.339,579.0,,2.07
2023-11-04T11:00,31.6,44,0.0,17.9,959.9,100,13.4,95,37.1,0.043,0.339,749.0,,2.58
2023-11-04T12:00,32.5,40,0.0,17.2,959.0,99,12.3,95,39.5,0.043,0.339,751.0,,2.91
2023-11-04T13:00,33.2,37,0.0,16.6,958.0,100,11.3,99,41.4,0.042,0.339,718.0,,3.18
2023-11-04T14:00,33.4,36,0.0,16.3,956.9,100,9.7,90,42.2,0.042,0.339,603.0,,3.3
2023-11-04T15:00,33.8,34,0.0,15.6,956.3,100,10.2,67,42.5,0.041,0.339,506.0,,3.49
2023-11-04T16:00,33.5,33,0.0,15.2,956.4,100,16.7,57,41.5,0.041,0.339,319.0,,3.45
2023-11-04T17:00,32.2,36,0.0,15.1,957.0,98,19.2,64,39.3,0.041,0.339,104.0,,3.1
2023-11-04T18:00,31.0,38,0.0,15.2,957.8,100,15.8,45,37.0,0.041,0.339,5.0,,2.77
2023-11-04T19:00,30.6,39,0.0,15.1,958.4,100,16.1,51,35.2,0.041,0.339,0.0,,2.67
2023-11-04T20:00,29.7,41,0.0,15.0,959.2,93,16.5,46,33.7,0.042,0.339,0.0,,2.47
2023-11-04T21:00,28.6,43,0.0,14.8,959.6,58,17.9,38,32.3,0.042,0.339,0.0,,2.23
2023-11-04T22:00,27.8,45,0.0,14.8,959.9,8,15.1,52,31.1,0.042,0.339,0.0,,2.05
2023-11-04T23:00,27.0,48,0.0,15.0,959.8,100,12.9,72,30.1,0.042,0.339,0.0,,1.86
2023-11-05T00:00,26.3,50,0.0,15.0,959.7,100,12.2,76,29.2,0.042,0.339,0.0,,1.71
2023-11-05T01:00,25.7,51,0.0,14.9,959.4,54,12.1,78,28.4,0.042,0.339,0.0,,1.6
2023-11-05T02:00,25.0,54,0.0,15.0,958.9,100,13.0,87,27.7,0.043,0.339,0.0,,1.46
2023-11-05T03:00,24.6,56,0.0,15.3,958.7,100,12.6,90,27.1,0.043,0.339,0.0,,1.35
2023-11-05T04:00,24.1,59,0.0,15.6,958.7,100,11.2,88,26.5,0.043,0.339,0.0,,1.23
2023-11-05T05:00,23.5,61,0.0,15.7,959.0,100,11.2,94,26.0,0.043,0.339,0.0,,1.12
2023-11-05T06:00,23.8,67,0.0,17.2,960.5,100,10.6,100,27.5,0.043,0.339,0.0,,0.98
2023-11-05T07:00,24.6,64,0.0,17.3,961.5,100,9.4,88,27.4,0.043,0.339,64.0,,1.12
2023-11-05T08:00,26.4,62,0.0,18.6,962.0,99,12.8,100,28.6,0.044,0.339,255.0,,1.3
2023-11-05T09:00,28.5,57,0.0,19.2,962.3,100,14.5,104,31.0,0.043,0.339,466.0,,1.67
2023-11-05T10:00,30.5,45,0.0,17.1,962.0,82,14.5,96,33.8,0.043,0.339,636.0,,2.4
2023-11-05T11:00,32.0,37,0.0,15.5,960.8,100,13.4,82,37.0,0.043,0.339,773.0,,2.99
2023-11-05T12:00,33.0,33,0.0,14.6,959.9,99,13.6,73,39.8,0.042,0.339,821.0,,3.37
2023-11-05T13:00,33.9,30,0.0,14.0,958.7,99,13.4,66,41.7,0.042,0.339,781.0,,3.68
2023-11-05T14:00,34.5,27,0.0,12.8,957.9,100,14.0,61,42.8,0.041,0.339,681.0,,3.99
2023-11-05T15:00,34.5,25,0.0,11.7,957.5,99,16.3,49,42.6,0.041,0.339,507.0,,4.1
2023-11-05T16:00,34.0,25,0.0,11.3,957.5,100,20.0,38,41.4,0.041,0.339,326.0,,3.98
2023-11-05T17:00,33.0,26,0.0,11.0,958.2,100,21.5,40,39.3,0.041,0.339,120.0,,3.7
2023-11-05T18:00,31.9,30,0.0,12.3,959.4,100,23.3,38,36.8,0.041,0.339,4.0,,3.3
2023-11-05T19:00,30.6,31,0.0,11.6,960.0,94,24.8,36,35.1,0.041,0.339,0.0,,3.01
2023-11-05T20:00,29.4,37,0.0,13.1,960.8,100,21.6,37,33.5,0.041,0.339,0.0,,2.58
2023-11-05T21:00,28.7,40,0.0,13.8,960.8,100,21.2,42,32.2,0.041,0.339,0.0,,2.36
2023-11-05T22:00,27.9,38,0.0,12.2,961.2,100,20.9,49,31.1,0.042,0.338,0.0,,2.33
2023-11-05T23:00,27.2,39,0.0,12.0,961.1,100,19.2,56,30.1,0.042,0.338,0.0,,2.2
2023-11-06T00:00,26.5,43,0.0,13.1,960.9,100,18.0,57,29.3,0.042,0.338,0.0,,1.96
2023-11-06T01:00,26.0,47,0.0,13.9,960.4,78,16.3,62,28.6,0.042,0.338,0.0,,1.76
2023-11-06T02:00,25.2,51,0.0,14.3,960.3,41,13.0,95,27.9,0.042,0.338,0.0,,1.57
2023-11-06T03:00,24.6,54,0.0,14.6,960.0,88,11.9,90,27.2,0.042,0.338,0.0,,1.42
2023-11-06T04:00,24.0,58,0.0,15.1,960.1,99,12.6,92,26.6,0.043,0.338,0.0,,1.26
2023-11-06T05:00,23.5,61,0.0,15.5,960.7,99,10.9,99,26.1,0.043,0.338,0.0,,1.13
2023-11-06T06:00,23.0,70,0.0,17.2,961.3,37,9.7,92,25.3,0.043,0.338,0.0,,0.85
2023-11-06T07:00,24.0,67,0.0,17.5,962.3,100,7.7,79,25.6,0.043,0.338,65.0,,0.98
2023-11-06T08:00,25.9,62,0.0,18.0,963.0,100,10.5,82,27.0,0.043,0.338,218.0,,1.27
2023-11-06T09:00,27.6,61,0.0,19.4,963.6,100,12.0,97,29.3,0.043,0.338,382.0,,1.44
2023-11-06T10:00,29.4,52,0.0,18.5,963.4,100,14.2,97,32.0,0.043,0.338,522.0,,1.96
2023-11-06T11:00,31.2,42,0.0,16.9,962.4,100,13.8,99,35.2,0.043,0.338,708.0,,2.62
2023-11-06T12:00,32.4,36,0.0,15.6,961.2,99,11.9,85,38.1,0.042,0.338,766.0,,3.08
2023-11-06T13:00,33.3,32,0.0,14.4,960.0,58,11.4,72,40.4,0.042,0.338,743.0,,3.48
2023-11-06T14:00,33.9,29,0.0,13.6,959.0,22,12.1,60,41.8,0.041,0.338,672.0,,3.72
2023-11-06T15:00,33.8,29,0.0,13.3,958.5,11,12.0,57,42.0,0.041,0.338,527.0,,3.74
2023-11-06T16:00,33.7,29,0.0,13.4,958.7,18,10.5,74,41.1,0.041,0.338,324.0,,3.68
2023-11-06T17:00,33.3,30,0.0,13.2,959.0,34,11.7,108,39.2,0.041,0.338,118.0,,3.6
2023-11-06T18:00,32.1,31,0.0,12.9,959.9,97,13.8,20,36.7,0.041,0.338,5.0,,3.3
2023-11-06T19:00,31.0,35,0.0,13.7,960.5,100,21.7,27,35.0,0.041,0.338,0.0,,2.92
2023-11-06T20:00,29.8,41,0.0,15.1,961.3,100,21.4,44,33.6,0.041,0.338,0.0,,2.48
2023-11-06T21:00,29.0,45,0.0,15.8,962.0,100,16.3,72,32.4,0.041,0.338,0.0,,2.22
2023-11-06T22:00,28.6,45,0.0,15.4,961.9,95,13.7,92,31.4,0.042,0.338,0.0,,2.16
2023-11-06T23:00,27.8,48,0.0,15.8,961.8,96,10.9,96,30.5,0.042,0.338,0.0,,1.94
2023-11-07T00:00,26.8,57,0.0,17.6,961.5,100,9.8,114,29.7,0.042,0.338,0.0,,1.5
2023-11-07T01:00,25.9,67,0.0,19.4,961.1,99,10.3,126,28.9,0.042,0.338,0.0,,1.1
2023-11-07T02:00,25.4,71,0.0,19.8,960.8,97,12.3,130,28.3,0.042,0.338,0.0,,0.94
2023-11-07T03:00,24.9,75,0.0,20.1,960.4,100,12.7,135,27.7,0.043,0.338,0.0,,0.79
2023-11-07T04:00,24.5,77,0.0,20.3,960.8,100,10.7,135,27.3,0.043,0.338,0.0,,0.69
2023-11-07T05:00,24.0,80,0.0,20.3,960.9,100,8.3,124,26.8,0.043,0.338,0.0,,0.6
2023-11-07T06:00,24.5,81,0.0,21.0,961.8,92,7.7,118,28.0,0.048,0.338,0.0,,0.59
2023-11-07T07:00,25.0,78,0.0,20.9,962.6,95,9.9,109,27.9,0.048,0.338,60.0,,0.69
2023-11-07T08:00,26.2,71,0.0,20.6,963.2,43,10.4,104,29.1,0.048,0.338,248.0,,0.98
2023-11-07T09:00,28.1,61,0.0,19.9,963.6,40,12.7,98,31.3,0.048,0.338,456.0,,1.47
2023-11-07T10:00,29.7,54,0.0,19.3,963.4,18,13.0,96,33.9,0.047,0.338,593.0,,1.93
2023-11-07T11:00,31.0,48,0.0,18.7,962.2,33,10.8,86,36.7,0.047,0.338,703.0,,2.33
2023-11-07T12:00,31.8,45,0.0,18.6,961.2,45,10.7,76,39.0,0.046,0.338,719.0,,2.56
2023-11-07T13:00,32.5,44,0.0,18.6,960.1,100,12.9,63,40.7,0.045,0.338,694.0,,2.75
2023-11-07T14:00,31.8,44,0.0,18.1,959.0,99,10.7,70,40.3,0.045,0.338,357.0,,2.62
2023-11-07T15:00,29.8,53,0.1,19.3,958.7,64,21.6,60,39.3,0.046,0.338,281.0,,1.94
2023-11-07T16:00,29.7,53,0.0,19.0,958.5,95,15.1,57,37.8,0.046,0.338,197.0,,1.97
2023-11-07T17:00,29.6,53,0.0,18.9,958.6,79,14.5,60,36.2,0.046,0.338,91.0,,1.95
2023-11-07T18:00,27.5,70,0.0,21.6,959.4,100,12.5,108,31.7,0.163,0.338,4.0,,1.09
2023-11-07T19:00,26.8,73,0.0,21.6,960.4,93,10.5,94,30.4,0.162,0.338,0.0,,0.95
2023-11-07T20:00,26.3,73,0.0,21.1,961.1,100,11.8,121,29.4,0.161,0.338,0.0,,0.91
2023-11-07T21:00,24.7,77,0.0,20.5,961.5,93,19.8,147,28.6,0.161,0.338,0.0,,0.7
2023-11-07T22:00,24.1,81,0.0,20.7,961.2,93,15.1,130,27.9,0.16,0.338,0.0,,0.56
2023-11-07T23:00,23.8,83,0.0,20.8,961.1,92,12.7,133,27.2,0.16,0.338,0.0,,0.49
2023-11-08T00:00,23.5,85,0.1,20.9,960.9,79,8.9,159,26.8,0.161,0.338,0.0,,0.42
2023-11-08T01:00,23.3,87,0.2,21.0,960.3,95,5.6,105,26.5,0.163,0.338,0.0,,0.37
2023-11-08T02:00,23.2,88,0.1,21.1,960.1,67,3.1,216,26.2,0.165,0.338,0.0,,0.35
2023-11-08T03:00,23.3,88,0.0,21.2,959.6,40,1.9,202,26.1,0.165,0.338,0.0,,0.34
2023-11-08T04:00,23.2,89,0.0,21.3,959.6,35,2.6,196,25.8,0.165,0.338,0.0,,0.3
2023-11-08T05:00,22.6,92,0.0,21.3,960.5,100,6.8,205,25.6,0.166,0.338,0.0,,0.21
2023-11-08T06:00,23.7,88,0.0,21.7,960.9,86,8.4,137,27.2,0.17,0.338,0.0,,0.34
2023-11-08T07:00,24.2,85,0.0,21.5,962.3,100,4.7,122,27.1,0.17,0.338,58.0,,0.46
2023-11-08T08:00,24.8,82,0.0,21.5,963.1,100,9.6,77,27.7,0.169,0.338,191.0,,0.56
2023-11-08T09:00,24.4,81,3.6,20.9,963.8,100,9.1,83,27.8,0.217,0.338,175.0,,0.58
2023-11-08T10:00,25.8,75,0.0,21.0,963.7,100,8.3,108,28.1,0.216,0.338,204.0,,0.83
2023-11-08T11:00,27.1,69,0.1,21.0,962.4,100,9.4,133,29.4,0.215,0.338,398.0,,1.1
2023-11-08T12:00,28.3,65,0.2,21.0,961.3,99,9.0,143,30.9,0.213,0.338,592.0,,1.35
2023-11-08T13:00,29.1,63,0.1,21.4,960.2,100,5.9,137,32.4,0.209,0.338,679.0,,1.47
2023-11-08T14:00,29.4,61,0.0,21.1,958.9,100,4.9,126,33.0,0.204,0.338,489.0,,1.59
2023-11-08T15:00,29.3,59,0.0,20.5,958.2,100,5.1,86,32.5,0.201,0.338,251.0,,1.67
2023-11-08T16:00,29.2,59,0.0,20.3,958.0,95,4.6,51,31.8,0.2,0.338,155.0,,1.67
2023-11-08T17:00,28.5,65,0.0,21.3,958.8,78,7.4,47,30.8,0.198,0.338,98.0,,1.36
2023-11-08T18:00,25.4,80,0.0,21.7,959.7,100,10.8,30,29.4,0.179,0.339,3.0,,0.64
2023-11-08T19:00,25.5,79,0.0,21.6,960.4,100,12.1,30,28.4,0.179,0.339,0.0,,0.68
2023-11-08T20:00,25.0,80,0.0,21.4,961.2,64,12.2,28,27.6,0.178,0.339,0.0,,0.62
2023-11-08T21:00,24.5,83,0.0,21.5,961.5,49,12.3,38,27.0,0.178,0.339,0.0,,0.52
2023-11-08T22:00,24.2,83,0.1,21.2,961.2,86,13.7,72,26.5,0.179,0.339,0.0,,0.5
2023-11-08T23:00,23.0,87,1.8,20.8,961.7,98,16.8,118,26.0,0.202,0.339,0.0,,0.35
2023-11-09T00:00,23.1,88,0.5,21.1,961.2,100,12.6,153,25.6,0.21,0.339,0.0,,0.33
2023-11-09T01:00,22.9,90,0.7,21.2,960.4,100,6.6,171,25.3,0.219,0.339,0.0,,0.27
2023-11-09T02:00,23.0,90,0.5,21.3,960.3,99,9.7,135,25.1,0.225,0.339,0.0,,0.28
2023-11-09T03:00,22.6,91,0.3,21.1,960.4,83,9.0,143,24.8,0.229,0.339,0.0,,0.24
2023-11-09T04:00,22.3,92,0.1,21.0,960.2,76,6.9,152,24.6,0.23,0.339,0.0,,0.21
2023-11-09T05:00,22.2,93,0.0,21.0,960.5,95,5.8,158,24.4,0.23,0.339,0.0,,0.19
2023-11-09T06:00,22.4,90,0.0,20.6,961.6,52,8.9,111,25.3,0.25,0.335,0.0,,0.28
2023-11-09T07:00,22.8,89,0.0,20.9,962.2,100,9.4,94,25.1,0.25,0.335,46.0,,0.3
2023-11-09T08:00,23.9,84,0.0,21.1,963.3,100,9.8,107,25.9,0.249,0.335,216.0,,0.46
2023-11-09T09:00,25.4,76,0.0,21.0,963.7,76,10.4,110,27.4,0.247,0.335,428.0,,0.76
2023-11-09T10:00,27.2,67,0.0,20.5,963.5,40,13.0,114,29.0,0.242,0.335,601.0,,1.19
2023-11-09T11:00,28.4,62,0.0,20.3,962.5,87,16.7,123,30.4,0.236,0.335,705.0,,1.48
2023-11-09T12:00,29.1,59,0.0,20.3,961.8,99,16.4,130,31.4,0.23,0.335,703.0,,1.65
2023-11-09T13:00,29.4,60,0.0,20.9,960.6,97,13.2,125,32.1,0.224,0.335,654.0,,1.62
2023-11-09T14:00,29.9,58,0.1,20.9,959.6,100,12.9,120,32.7,0.219,0.335,635.0,,1.75
2023-11-09T15:00,26.8,72,2.3,21.4,959.2,100,14.7,149,31.9,0.246,0.335,340.0,,0.98
2023-11-09T16:00,27.2,70,0.0,21.2,959.5,100,7.4,151,30.8,0.244,0.335,177.0,,1.09
2023-11-09T17:00,27.0,73,0.0,21.7,960.0,100,5.6,153,29.8,0.243,0.335,88.0,,0.97
2023-11-09T18:00,24.8,82,0.1,21.5,960.2,66,8.6,123,28.2,0.242,0.335,4.0,,0.57
2023-11-09T19:00,24.7,83,0.0,21.7,961.4,88,10.5,128,27.3,0.242,0.335,0.0,,0.52
2023-11-09T20:00,24.4,86,0.0,22.0,962.5,100,12.7,115,26.6,0.241,0.335,0.0,,0.42
2023-11-09T21:00,23.8,84,0.0,21.0,962.8,100,14.5,96,26.1,0.241,0.335,0.0,,0.46
2023-11-09T22:00,23.4,84,0.0,20.5,962.5,99,10.9,107,25.6,0.241,0.335,0.0,,0.47
2023-11-09T23:00,23.1,85,0.0,20.4,962.0,100,10.9,117,25.2,0.24,0.335,0.0,,0.43
2023-11-10T00:00,23.1,86,0.0,20.5,961.7,96,11.3,127,24.9,0.24,0.335,0.0,,0.41
2023-11-10T01:00,23.0,86,0.0,20.6,961.5,100,8.7,120,24.7,0.24,0.335,0.0,,0.38
2023-11-10T02:00,23.0,86,0.0,20.5,961.3,100,7.9,137,24.6,0.24,0.335,0.0,,0.39
2023-11-10T03:00,23.0,85,0.0,20.2,961.3,100,7.3,147,24.6,0.239,0.335,0.0,,0.43
2023-11-10T04:00,22.8,84,0.0,19.9,961.3,89,5.5,157,24.4,0.239,0.335,0.0,,0.45
2023-11-10T05:00,22.5,86,0.0,19.9,961.6,52,4.0,170,24.3,0.239,0.336,0.0,,0.39
2023-11-10T06:00,22.8,88,0.0,20.7,962.2,99,7.2,93,26.5,0.247,0.335,0.0,,0.33
2023-11-10T07:00,23.6,85,0.0,21.0,963.2,100,6.6,77,26.1,0.246,0.335,42.0,,0.42
2023-11-10T08:00,24.9,79,0.0,21.0,964.1,100,5.9,79,26.6,0.245,0.335,189.0,,0.66
2023-11-10T09:00,26.4,71,0.0,20.8,965.0,100,5.0,120,27.8,0.243,0.335,341.0,,0.99
2023-11-10T10:00,27.7,64,0.0,20.3,964.9,100,8.4,133,29.2,0.239,0.335,482.0,,1.34
2023-11-10T11:00,29.0,57,0.0,19.6,964.2,86,10.7,135,30.6,0.233,0.335,666.0,,1.72
2023-11-10T12:00,30.0,53,0.0,19.5,963.0,98,10.7,135,32.0,0.226,0.335,774.0,,1.98
2023-11-10T13:00,30.4,51,0.0,19.1,961.8,100,10.6,125,32.9,0.219,0.335,722.0,,2.13
2023-11-10T14:00,30.6,49,0.0,18.8,960.7,99,9.7,121,33.0,0.214,0.335,549.0,,2.22
2023-11-10T15:00,30.2,50,0.0,18.7,960.3,100,12.6,110,32.4,0.21,0.335,362.0,,2.13
2023-11-10T16:00,29.8,51,0.0,18.5,960.3,100,10.2,98,31.5,0.207,0.335,260.0,,2.05
2023-11-10T17:00,28.7,64,0.0,21.1,960.7,100,6.2,83,30.4,0.205,0.335,91.0,,1.43
2023-11-10T18:00,27.4,69,0.0,21.3,961.2,100,7.1,114,29.5,0.204,0.332,3.0,,1.12
2023-11-10T19:00,26.8,71,0.0,21.0,962.2,100,8.4,133,28.5,0.204,0.332,0.0,,1.04
2023-11-10T20:00,26.3,73,0.0,21.1,963.0,99,8.1,148,27.6,0.203,0.332,0.0,,0.92
2023-11-10T21:00,26.7,65,0.0,19.6,963.6,100,1.8,11,27.1,0.203,0.332,0.0,,1.22
2023-11-10T22:00,24.7,82,0.0,21.5,963.4,96,5.4,323,26.6,0.203,0.332,0.0,,0.55
2023-11-10T23:00,24.3,86,0.0,21.8,963.2,99,5.5,337,26.2,0.203,0.332,0.0,,0.42
2023-11-11T00:00,23.8,86,0.0,21.4,962.5,77,7.6,31,25.7,0.203,0.332,0.0,,0.4
2023-11-11T01:00,23.4,81,0.0,19.9,962.0,98,7.4,67,25.3,0.203,0.332,0.0,,0.55
2023-11-11T02:00,22.9,79,0.0,19.0,961.5,100,8.0,82,24.9,0.203,0.332,0.0,,0.6
2023-11-11T03:00,23.1,77,0.0,18.7,961.4,100,9.0,90,24.6,0.202,0.333,0.0,,0.66
2023-11-11T04:00,23.1,77,0.0,18.8,961.5,100,9.5,99,24.5,0.202,0.333,0.0,,0.66
2023-11-11T05:00,23.0,78,0.0,18.9,961.9,97,8.7,107,24.3,0.202,0.333,0.0,,0.62
2023-11-11T06:00,23.1,81,0.0,19.7,963.0,7,8.0,98,25.6,0.202,0.331,0.0,,0.53
2023-11-11T07:00,23.9,78,0.0,19.9,964.1,6,7.3,99,25.4,0.201,0.331,59.0,,0.64
2023-11-11T08:00,25.7,70,0.0,19.8,965.0,2,9.4,113,26.3,0.2,0.331,246.0,,0.99
2023-11-11T09:00,27.2,64,0.0,19.9,965.5,35,9.7,129,27.8,0.197,0.331,453.0,,1.28
2023-11-11T10:00,28.5,60,0.0,19.9,965.2,86,8.9,122,29.7,0.192,0.331,629.0,,1.56
2023-11-11T11:00,29.7,54,0.0,19.4,964.1,86,8.5,102,31.5,0.186,0.331,746.0,,1.91
2023-11-11T12:00,30.7,48,0.0,18.5,962.8,95,10.1,73,33.0,0.179,0.331,793.0,,2.28
2023-11-11T13:00,31.2,45,0.0,18.0,961.8,100,11.8,67,33.9,0.172,0.331,770.0,,2.48
2023-11-11T14:00,31.8,42,0.0,17.5,960.8,99,9.4,86,34.3,0.166,0.331,677.0,,2.69
2023-11-11T15:00,32.2,40,0.0,16.9,960.4,100,10.7,102,34.2,0.161,0.332,514.0,,2.87
2023-11-11T16:00,31.5,42,0.0,17.2,960.3,100,13.6,112,33.1,0.158,0.332,289.0,,2.66
2023-11-11T17:00,29.4,53,0.0,18.7,960.7,100,12.5,134,31.6,0.156,0.332,110.0,,1.93
2023-11-11T18:00,27.9,58,0.0,18.8,961.0,100,14.3,139,30.1,0.153,0.328,4.0,,1.59
2023-11-11T19:00,26.9,63,0.0,19.2,961.7,95,11.8,128,28.7,0.153,0.328,0.0,,1.32
2023-11-11T20:00,25.8,71,0.0,20.1,962.8,59,7.2,90,27.7,0.152,0.328,0.0,,0.96
2023-11-11T21:00,25.2,74,0.0,20.3,963.5,61,7.4,23,26.9,0.152,0.328,0.0,,0.83
2023-11-11T22:00,24.3,79,0.0,20.4,963.5,100,8.6,22,26.2,0.152,0.328,0.0,,0.65
2023-11-11T23:00,23.8,76,0.0,19.4,963.3,90,10.0,60,25.6,0.152,0.328,0.0,,0.69
2023-11-12T00:00,23.4,74,0.0,18.5,962.6,34,9.7,94,25.1,0.151,0.328,0.0,,0.76
2023-11-12T01:00,22.9,75,0.0,18.1,962.2,69,9.5,101,24.5,0.151,0.328,0.0,,0.71
2023-11-12T02:00,22.3,77,0.0,18.0,961.9,13,8.9,122,24.1,0.151,0.328,0.0,,0.63
2023-11-12T03:00,21.7,79,0.0,18.0,961.5,94,8.0,100,23.7,0.151,0.328,0.0,,0.54
2023-11-12T04:00,21.2,81,0.0,17.8,961.2,95,7.6,90,23.3,0.151,0.328,0.0,,0.49
2023-11-12T05:00,20.8,83,0.0,17.8,961.4,94,6.5,84,22.9,0.151,0.328,0.0,,0.42
2023-11-12T06:00,21.6,79,0.0,17.9,962.9,62,8.4,110,24.1,0.153,0.335,0.0,,0.53
2023-11-12T07:00,22.8,75,0.0,18.2,963.9,99,6.2,100,24.1,0.153,0.335,59.0,,0.68
2023-11-12T08:00,24.8,68,0.0,18.4,964.8,13,8.6,105,25.2,0.152,0.335,251.0,,1.01
2023-11-12T09:00,27.0,60,0.0,18.6,965.1,57,9.7,117,27.0,0.149,0.335,460.0,,1.42
2023-11-12T10:00,28.9,53,0.0,18.3,965.1,91,9.9,123,29.2,0.145,0.335,636.0,,1.89
2023-11-12T11:00,30.4,46,0.0,17.3,964.3,93,10.8,111,31.3,0.14,0.335,752.0,,2.35
2023-11-12T12:00,31.5,40,0.0,16.2,963.1,95,13.0,95,33.0,0.133,0.335,799.0,,2.77
2023-11-12T13:00,32.0,38,0.0,15.8,962.0,86,13.3,88,34.1,0.127,0.335,778.0,,2.95
2023-11-12T14:00,32.2,37,0.0,15.8,961.1,27,11.9,92,34.7,0.122,0.335,683.0,,3.01
2023-11-12T15:00,32.5,36,0.0,15.5,960.5,12,11.3,99,34.7,0.118,0.335,518.0,,3.12
2023-11-12T16:00,31.9,38,0.0,15.6,960.6,19,13.9,111,33.8,0.115,0.335,317.0,,2.94
2023-11-12T17:00,29.8,48,0.0,17.7,960.6,36,14.1,142,32.1,0.113,0.335,104.0,,2.16
2023-11-12T18:00,28.2,54,0.0,18.1,961.1,88,14.8,139,30.5,0.11,0.33,4.0,,1.74
2023-11-12T19:00,27.2,59,0.0,18.5,962.0,23,10.6,118,29.1,0.11,0.33,0.0,,1.47
2023-11-12T20:00,26.2,66,0.0,19.3,962.8,82,6.8,87,28.0,0.109,0.33,0.0,,1.15
2023-11-12T21:00,26.4,68,0.0,19.9,963.3,61,4.2,110,27.5,0.109,0.33,0.0,,1.12
2023-11-12T22:00,25.8,66,0.0,19.0,963.5,55,6.0,115,26.9,0.109,0.33,0.0,,1.13
2023-11-12T23:00,25.0,63,0.0,17.5,963.4,27,8.8,55,26.3,0.109,0.33,0.0,,1.17
2023-11-13T00:00,24.1,63,0.0,16.6,962.7,11,9.9,80,25.6,0.108,0.33,0.0,,1.11
2023-11-13T01:00,23.7,61,0.0,15.8,962.1,3,11.6,106,24.9,0.108,0.33,0.0,,1.13
2023-11-13T02:00,22.8,66,0.0,16.0,961.7,2,10.8,105,24.3,0.108,0.33,0.0,,0.95
2023-11-13T03:00,21.9,71,0.0,16.4,961.1,20,9.0,92,23.7,0.108,0.33,0.0,,0.76
2023-11-13T04:00,21.2,75,0.0,16.5,960.9,1,8.0,82,23.2,0.108,0.33,0.0,,0.63
2023-11-13T05:00,20.6,77,0.0,16.5,961.3,0,8.1,45,22.7,0.107,0.33,0.0,,0.55
2023-11-13T06:00,21.2,77,0.0,17.0,962.1,32,8.6,88,23.8,0.108,0.331,0.0,,0.59
2023-11-13T07:00,22.3,72,0.0,17.1,963.2,73,7.0,78,23.7,0.108,0.331,58.0,,0.74
2023-11-13T08:00,24.4,64,0.0,17.3,964.1,6,6.5,84,25.0,0.107,0.331,251.0,,1.09
2023-11-13T09:00,26.6,57,0.0,17.5,964.9,24,7.2,117,27.1,0.105,0.331,462.0,,1.49
2023-11-13T10:00,28.5,52,0.0,17.7,964.8,34,11.5,134,29.6,0.102,0.331,637.0,,1.85
2023-11-13T11:00,30.0,46,0.0,17.0,964.0,37,13.3,123,31.8,0.098,0.331,754.0,,2.3
2023-11-13T12:00,30.8,41,0.0,16.2,962.7,19,12.1,102,33.5,0.093,0.331,729.0,,2.6
2023-11-13T13:00,31.5,38,0.0,15.3,961.5,33,10.8,92,35.0,0.089,0.331,740.0,,2.87
2023-11-13T14:00,31.6,36,0.0,14.6,960.4,99,8.7,85,35.7,0.085,0.331,631.0,,2.99
2023-11-13T15:00,31.6,35,0.0,14.1,959.9,100,8.0,95,35.8,0.082,0.331,490.0,,3.04
2023-11-13T16:00,31.3,35,0.0,14.1,960.1,93,9.2,121,35.0,0.08,0.331,315.0,,2.97
2023-11-13T17:00,29.8,43,0.0,15.9,959.9,7,10.3,151,33.2,0.079,0.331,112.0,,2.39
2023-11-13T18:00,27.9,51,0.0,16.9,960.4,8,11.0,157,31.4,0.074,0.325,4.0,,1.82
2023-11-13T19:00,26.7,57,0.0,17.5,961.1,18,8.7,156,29.7,0.074,0.325,0.0,,1.5
2023-11-13T20:00,25.7,71,0.0,20.1,962.2,41,4.0,80,28.5,0.074,0.325,0.0,,0.95
2023-11-13T21:00,25.1,65,0.0,18.1,962.9,73,7.7,37,27.4,0.074,0.325,0.0,,1.11
2023-11-13T22:00,24.2,71,0.0,18.5,962.7,59,6.4,47,26.5,0.074,0.325,0.0,,0.88
2023-11-13T23:00,23.6,71,0.0,17.9,962.4,100,7.0,55,25.8,0.074,0.325,0.0,,0.85
2023-11-14T00:00,23.0,66,0.0,16.4,961.8,99,10.1,63,25.0,0.074,0.325,0.0,,0.95
2023-11-14T01:00,22.5,63,0.0,15.0,961.2,100,10.6,72,24.4,0.074,0.325,0.0,,1.01
2023-11-14T02:00,21.7,65,0.0,14.9,960.6,90,10.5,68,23.7,0.073,0.325,0.0,,0.91
2023-11-14T03:00,21.0,67,0.0,14.7,960.1,91,10.9,56,23.1,0.073,0.325,0.0,,0.82
2023-11-14T04:00,20.5,68,0.0,14.5,960.2,99,10.3,65,22.6,0.073,0.325,0.0,,0.76
2023-11-14T05:00,20.1,68,0.0,14.1,960.5,55,9.1,81,22.1,0.073,0.325,0.0,,0.74
2023-11-14T06:00,21.5,68,0.0,15.5,962.0,100,9.0,92,23.8,0.074,0.327,0.0,,0.81
2023-11-14T07:00,22.4,67,0.0,16.1,962.9,100,6.6,112,23.7,0.074,0.327,46.0,,0.88
2023-11-14T08:00,24.2,63,0.0,16.7,963.9,99,6.9,129,24.9,0.073,0.327,225.0,,1.12
2023-11-14T09:00,26.1,59,0.0,17.4,964.4,100,7.9,141,27.2,0.072,0.327,425.0,,1.39
2023-11-14T10:00,27.5,54,0.0,17.5,964.1,100,7.8,146,29.4,0.07,0.327,503.0,,1.67
2023-11-14T11:00,28.4,49,0.0,16.6,962.9,100,5.0,120,31.4,0.068,0.327,523.0,,1.98
2023-11-14T12:00,29.8,42,0.0,15.5,961.9,100,4.0,85,34.1,0.065,0.327,714.0,,2.42
2023-11-14T13:00,30.5,39,0.0,15.0,960.8,100,3.1,36,36.3,0.062,0.327,719.0,,2.65
2023-11-14T14:00,31.0,35,0.0,13.9,959.7,100,4.3,355,37.6,0.06,0.327,630.0,,2.89
2023-11-14T15:00,31.1,33,0.0,13.0,959.3,39,1.1,360,37.7,0.058,0.327,474.0,,3.03
2023-11-14T16:00,31.3,32,0.0,12.4,959.1,25,3.1,144,36.9,0.057,0.327,303.0,,3.12
2023-11-14T17:00,30.7,35,0.0,13.5,959.4,99,4.4,171,35.1,0.056,0.327,115.0,,2.86
2023-11-14T18:00,28.4,50,0.0,16.9,960.2,98,9.4,182,32.9,0.055,0.327,3.0,,1.93
2023-11-14T19:00,27.4,55,0.0,17.5,960.9,99,6.6,189,31.2,0.055,0.327,0.0,,1.64
2023-11-14T20:00,26.3,60,0.0,17.9,961.8,72,10.1,35,29.8,0.055,0.327,0.0,,1.36
2023-11-14T21:00,25.8,62,0.0,17.8,962.3,100,9.0,344,28.8,0.055,0.327,0.0,,1.27
2023-11-14T22:00,25.2,69,0.0,19.0,962.2,99,2.9,360,27.9,0.055,0.327,0.0,,1.01
2023-11-14T23:00,24.3,72,0.0,19.0,961.6,100,6.1,62,27.0,0.055,0.327,0.0,,0.84
2023-11-15T00:00,23.7,73,0.0,18.6,961.4,26,9.1,34,26.1,0.055,0.327,0.0,,0.79
2023-11-15T01:00,23.4,62,0.0,15.8,960.9,33,10.4,46,25.4,0.055,0.327,0.0,,1.08
2023-11-15T02:00,22.9,58,0.0,14.2,960.4,0,10.5,63,24.7,0.055,0.327,0.0,,1.18
2023-11-15T03:00,22.2,60,0.0,14.1,960.1,6,10.8,86,24.1,0.055,0.327,0.0,,1.07
2023-11-15T04:00,21.7,63,0.0,14.3,960.0,0,10.1,86,23.5,0.055,0.327,0.0,,0.96
2023-11-15T05:00,21.2,66,0.0,14.6,960.3,2,9.7,86,23.0,0.055,0.327,0.0,,0.86
2023-11-15T06:00,20.6,71,0.0,15.2,961.5,92,10.1,92,22.9,0.056,0.329,0.0,,0.69
2023-11-15T07:00,21.7,69,0.0,15.7,962.3,64,7.7,101,22.9,0.056,0.329,56.0,,0.81
2023-11-15T08:00,24.0,62,0.0,16.2,963.4,49,7.7,101,24.4,0.056,0.329,253.0,,1.14
2023-11-15T09:00,26.5,52,0.0,15.7,963.9,36,8.6,112,27.1,0.055,0.329,466.0,,1.68
2023-11-15T10:00,28.5,38,0.0,12.9,963.8,73,8.3,88,30.3,0.054,0.329,645.0,,2.39
2023-11-15T11:00,29.8,30,0.0,10.4,963.0,2,8.4,50,33.6,0.052,0.329,767.0,,2.94
2023-11-15T12:00,30.6,28,0.0,9.9,961.9,87,7.7,28,36.4,0.05,0.329,821.0,,3.18
2023-11-15T13:00,31.3,25,0.0,9.1,960.5,99,6.4,16,38.6,0.049,0.329,791.0,,3.41
2023-11-15T14:00,31.9,23,0.0,8.0,959.4,48,6.2,21,40.0,0.047,0.329,697.0,,3.66
2023-11-15T15:00,32.2,21,0.0,7.1,958.8,4,6.3,31,40.2,0.046,0.329,542.0,,3.8
2023-11-15T16:00,32.1,21,0.0,6.7,958.9,26,8.6,57,39.1,0.046,0.329,338.0,,3.79
2023-11-15T17:00,31.2,23,0.0,7.7,959.4,93,11.4,77,36.9,0.045,0.329,122.0,,3.48
2023-11-15T18:00,30.3,32,0.0,11.5,959.5,46,9.8,107,34.7,0.043,0.326,4.0,,2.95
2023-11-15T19:00,28.7,40,0.0,13.8,960.6,46,5.4,132,32.8,0.043,0.326,0.0,,2.36
2023-11-15T20:00,28.3,41,0.0,13.7,961.7,56,6.2,80,31.4,0.043,0.326,0.0,,2.27
2023-11-15T21:00,27.9,42,0.0,13.7,962.2,77,8.9,63,30.3,0.044,0.326,0.0,,2.18
2023-11-15T22:00,27.2,43,0.0,13.6,962.0,4,14.0,55,29.5,0.044,0.326,0.0,,2.05
2023-11-15T23:00,26.2,47,0.0,13.9,961.6,0,15.6,56,28.6,0.044,0.326,0.0,,1.82
2023-11-16T00:00,24.9,51,0.0,14.1,961.1,9,13.1,58,27.6,0.044,0.326,0.0,,1.55
2023-11-16T01:00,24.0,54,0.0,14.2,960.5,9,10.4,88,26.7,0.044,0.326,0.0,,1.36
2023-11-16T02:00,23.2,57,0.0,14.3,959.7,2,10.9,99,25.9,0.044,0.326,0.0,,1.21
2023-11-16T03:00,22.5,60,0.0,14.3,959.3,16,11.6,83,25.1,0.044,0.326,0.0,,1.1
2023-11-16T04:00,22.1,62,0.0,14.4,959.4,91,12.0,69,24.5,0.044,0.326,0.0,,1.02
2023-11-16T05:00,21.5,65,0.0,14.6,959.6,65,11.3,63,23.9,0.044,0.326,0.0,,0.91
2023-11-16T06:00,20.7,69,0.0,14.8,960.6,88,10.3,65,23.3,0.05,0.333,0.0,,0.75
2023-11-16T07:00,21.7,66,0.0,15.0,962.0,99,6.3,66,23.2,0.05,0.333,55.0,,0.88
2023-11-16T08:00,23.7,59,0.0,15.3,963.1,89,4.0,85,24.8,0.05,0.333,246.0,,1.2
2023-11-16T09:00,26.4,51,0.0,15.4,963.8,85,5.8,90,27.6,0.049,0.333,462.0,,1.68
2023-11-16T10:00,28.7,38,0.0,13.0,963.7,96,8.0,82,30.9,0.049,0.333,630.0,,2.44
2023-11-16T11:00,30.1,32,0.0,11.4,962.9,67,6.9,62,34.3,0.047,0.333,753.0,,2.91
2023-11-16T12:00,31.0,28,0.0,10.5,961.7,78,6.4,43,37.3,0.046,0.333,815.0,,3.22
2023-11-16T13:00,31.8,26,0.0,9.7,960.5,10,6.3,31,39.7,0.045,0.333,793.0,,3.5
2023-11-16T14:00,32.4,24,0.0,9.1,959.7,0,5.7,35,41.1,0.044,0.333,698.0,,3.7
2023-11-16T15:00,32.6,23,0.0,8.6,959.1,0,5.0,30,41.3,0.043,0.333,539.0,,3.8
2023-11-16T16:00,32.6,23,0.0,8.6,959.1,0,6.0,25,40.3,0.043,0.333,335.0,,3.79
2023-11-16T17:00,31.9,26,0.0,9.8,959.6,2,9.4,40,38.0,0.043,0.333,120.0,,3.51
2023-11-16T18:00,30.7,33,0.0,12.6,960.5,82,10.5,59,35.6,0.042,0.333,3.0,,2.95
2023-11-16T19:00,29.9,36,0.0,13.2,961.5,53,12.7,61,34.0,0.042,0.333,0.0,,2.7
2023-11-16T20:00,28.8,39,0.0,13.7,962.7,92,12.1,78,32.6,0.042,0.333,0.0,,2.4
2023-11-16T21:00,27.8,44,0.0,14.4,963.0,23,11.3,107,31.3,0.042,0.333,0.0,,2.09
2023-11-16T22:00,26.8,48,0.0,14.9,963.0,18,10.0,103,30.1,0.043,0.333,0.0,,1.83
2023-11-16T23:00,25.9,51,0.0,14.8,962.5,0,11.0,71,29.0,0.043,0.333,0.0,,1.65
2023-11-17T00:00,24.8,55,0.0,15.1,962.0,0,12.2,66,28.0,0.043,0.333,0.0,,1.42
2023-11-17T01:00,23.8,59,0.0,15.2,961.4,0,11.3,68,27.0,0.043,0.333,0.0,,1.22
2023-11-17T02:00,23.1,62,0.0,15.3,960.6,2,11.6,64,26.1,0.043,0.333,0.0,,1.08
2023-11-17T03:00,22.5,64,0.0,15.3,960.2,6,11.4,66,25.4,0.043,0.333,0.0,,0.99
2023-11-17T04:00,22.0,65,0.0,15.2,959.9,0,11.1,65,24.7,0.043,0.333,0.0,,0.92
2023-11-17T05:00,21.6,67,0.0,15.1,960.3,0,11.1,65,24.0,0.044,0.333,0.0,,0.86
2023-11-17T06:00,21.1,69,0.0,15.3,961.3,0,11.5,76,23.9,0.047,0.336,0.0,,0.77
2023-11-17T07:00,22.1,66,0.0,15.4,962.2,0,8.5,78,23.8,0.047,0.336,55.0,,0.91
2023-11-17T08:00,24.4,57,0.0,15.4,963.2,9,9.2,79,25.2,0.047,0.336,249.0,,1.31
2023-11-17T09:00,27.2,46,0.0,14.6,963.6,24,11.3,83,27.9,0.046,0.336,461.0,,1.93
2023-11-17T10:00,28.9,38,0.0,13.4,963.4,37,8.6,90,31.2,0.046,0.336,639.0,,2.45
2023-11-17T11:00,30.0,34,0.0,12.7,962.5,79,6.1,90,34.7,0.045,0.336,758.0,,2.78
2023-11-17T12:00,30.9,32,0.0,12.1,961.4,99,3.8,73,37.9,0.044,0.336,809.0,,3.05
2023-11-17T13:00,31.6,29,0.0,11.6,960.1,96,2.3,72,40.5,0.043,0.336,786.0,,3.27
2023-11-17T14:00,32.0,28,0.0,11.3,959.6,98,1.4,90,42.0,0.042,0.336,691.0,,3.42
2023-11-17T15:00,32.2,28,0.0,11.1,959.1,100,0.7,90,42.3,0.042,0.336,531.0,,3.47
2023-11-17T16:00,32.1,27,0.0,10.9,959.3,95,0.5,135,41.3,0.042,0.336,326.0,,3.47
2023-11-17T17:00,31.6,28,0.0,10.9,959.7,90,1.8,169,39.0,0.042,0.336,118.0,,3.35
2023-11-17T18:00,30.8,33,0.0,12.8,960.1,100,5.4,217,36.4,0.041,0.334,4.0,,2.97
2023-11-17T19:00,29.1,40,0.0,14.1,960.7,94,11.2,222,34.3,0.041,0.334,0.0,,2.41
2023-11-17T20:00,27.6,46,0.0,14.9,961.3,7,9.4,247,32.5,0.041,0.334,0.0,,2.0
2023-11-17T21:00,27.0,47,0.0,14.8,961.8,7,6.9,317,31.0,0.041,0.334,0.0,,1.87
2023-11-17T22:00,26.3,49,0.0,14.6,961.8,39,6.9,6,29.7,0.041,0.334,0.0,,1.75
2023-11-17T23:00,25.7,50,0.0,14.4,961.4,40,10.1,55,28.6,0.041,0.334,0.0,,1.66
2023-11-18T00:00,25.0,52,0.0,14.4,960.8,43,12.9,72,27.7,0.041,0.334,0.0,,1.52
2023-11-18T01:00,24.1,56,0.0,14.8,960.3,81,13.1,69,26.9,0.042,0.334,0.0,,1.31
2023-11-18T02:00,23.5,60,0.0,15.3,959.7,93,13.6,73,26.2,0.042,0.334,0.0,,1.15
2023-11-18T03:00,23.1,63,0.0,15.7,959.3,89,12.8,74,25.6,0.042,0.334,0.0,,1.03
2023-11-18T04:00,22.7,66,0.0,16.1,959.3,2,12.2,71,25.0,0.042,0.334,0.0,,0.93
2023-11-18T05:00,22.3,69,0.0,16.4,959.7,0,10.6,80,24.6,0.042,0.334,0.0,,0.83
2023-11-18T06:00,22.1,73,0.0,16.9,960.8,0,13.0,92,24.7,0.043,0.334,0.0,,0.73
2023-11-18T07:00,22.9,70,0.0,17.2,961.7,0,10.7,104,24.7,0.043,0.334,52.0,,0.83
2023-11-18T08:00,25.0,63,0.0,17.4,962.5,0,14.7,118,26.0,0.043,0.334,240.0,,1.17
2023-11-18T09:00,27.3,54,0.0,17.2,963.3,0,16.3,137,28.5,0.043,0.334,449.0,,1.67
2023-11-18T10:00,29.2,47,0.0,16.8,963.1,0,14.8,141,31.5,0.043,0.334,624.0,,2.14
2023-11-18T11:00,30.7,41,0.0,15.8,962.4,0,11.0,139,34.8,0.043,0.334,743.0,,2.61
2023-11-18T12:00,31.6,37,0.0,15.3,961.2,0,7.4,137,37.9,0.042,0.334,794.0,,2.92
2023-11-18T13:00,32.2,35,0.0,14.9,959.9,1,4.6,141,40.6,0.041,0.334,771.0,,3.11
2023-11-18T14:00,32.9,33,0.0,14.6,959.2,19,3.0,166,42.2,0.041,0.334,671.0,,3.33
2023-11-18T15:00,32.8,33,0.0,14.4,958.9,94,3.0,166,42.5,0.041,0.334,481.0,,3.33
2023-11-18T16:00,32.6,33,0.0,14.1,958.9,43,4.2,149,41.5,0.041,0.333,307.0,,3.31
2023-11-18T17:00,32.3,32,0.0,13.7,959.1,17,4.3,156,39.3,0.041,0.333,109.0,,3.27
2023-11-18T18:00,32.0,36,0.0,15.0,959.5,35,5.6,243,37.0,0.041,0.335,3.0,,3.05
2023-11-18T19:00,30.8,41,0.0,16.1,960.4,41,7.6,225,35.2,0.041,0.335,0.0,,2.6
2023-11-18T20:00,29.7,46,0.0,16.8,960.9,11,7.5,197,33.6,0.042,0.335,0.0,,2.25
2023-11-18T21:00,28.8,49,0.0,17.0,961.2,6,6.2,170,32.2,0.042,0.335,0.0,,2.01
2023-11-18T22:00,27.9,52,0.0,17.0,961.4,13,8.9,140,31.0,0.042,0.335,0.0,,1.82
2023-11-18T23:00,27.0,55,0.0,17.2,961.4,21,11.5,76,29.9,0.042,0.335,0.0,,1.61
2023-11-19T00:00,26.5,55,0.0,16.9,960.9,48,12.7,61,29.1,0.042,0.335,0.0,,1.54
2023-11-19T01:00,26.6,54,0.0,16.5,960.3,91,10.1,73,28.6,0.042,0.335,0.0,,1.61
2023-11-19T02:00,26.5,55,0.0,16.6,960.1,93,13.4,66,28.2,0.042,0.335,0.0,,1.56
2023-11-19T03:00,25.5,58,0.0,16.5,960.0,96,13.0,90,27.7,0.042,0.335,0.0,,1.39
2023-11-19T04:00,24.6,60,0.0,16.2,960.0,96,13.0,114,27.1,0.043,0.335,0.0,,1.25
2023-11-19T05:00,23.8,63,0.0,16.3,960.4,80,10.5,121,26.5,0.043,0.335,0.0,,1.1
2023-11-19T06:00,23.6,69,0.0,17.6,961.3,13,10.5,112,26.9,0.044,0.336,0.0,,0.9
2023-11-19T07:00,24.1,70,0.0,18.3,962.2,1,10.2,113,26.6,0.044,0.336,49.0,,0.9
2023-11-19T08:00,25.7,66,0.0,18.9,963.0,14,13.6,122,27.8,0.044,0.336,233.0,,1.13
2023-11-19T09:00,27.7,59,0.0,19.1,963.5,46,16.8,133,29.9,0.044,0.335,440.0,,1.5
2023-11-19T10:00,29.5,52,0.0,18.5,963.3,79,17.3,133,32.6,0.044,0.335,614.0,,1.99
2023-11-19T11:00,31.2,44,0.0,17.6,962.5,94,16.4,128,35.4,0.043,0.335,734.0,,2.52
2023-11-19T12:00,32.2,40,0.0,16.8,961.4,97,14.5,120,37.9,0.043,0.335,749.0,,2.89
2023-11-19T13:00,32.9,37,0.0,16.1,960.4,99,13.9,111,39.9,0.042,0.335,732.0,,3.17
2023-11-19T14:00,33.3,34,0.0,15.5,959.5,99,13.5,106,40.9,0.042,0.335,618.0,,3.34
2023-11-19T15:00,33.1,34,0.0,15.0,959.3,100,13.3,103,40.6,0.042,0.335,420.0,,3.36
2023-11-19T16:00,32.8,33,0.0,14.4,959.2,99,13.2,101,39.6,0.041,0.335,284.0,,3.32
2023-11-19T17:00,32.0,34,0.0,14.0,959.6,98,13.1,98,37.7,0.041,0.335,94.0,,3.16
2023-11-19T18:00,30.5,42,0.0,16.2,960.0,61,10.2,122,35.2,0.047,0.341,3.0,,2.51
2023-11-19T19:00,29.4,47,0.0,16.8,960.9,83,8.2,119,33.5,0.047,0.341,0.0,,2.18
2023-11-19T20:00,28.6,50,0.0,17.1,961.4,65,7.8,112,32.1,0.047,0.341,0.0,,1.96
2023-11-19T21:00,28.0,51,0.0,17.1,961.7,42,10.2,113,31.0,0.047,0.341,0.0,,1.84
2023-11-19T22:00,27.0,55,0.0,17.2,961.7,83,10.2,67,29.9,0.047,0.341,0.0,,1.6
2023-11-19T23:00,26.9,55,0.0,17.2,961.3,81,10.2,51,29.2,0.047,0.341,0.0,,1.58
2023-11-20T00:00,26.9,53,0.0,16.5,960.7,29,9.8,73,28.7,0.047,0.341,0.0,,1.67
2023-11-20T01:00,25.7,56,0.0,16.2,960.2,98,12.2,76,27.9,0.047,0.341,0.0,,1.45
2023-11-20T02:00,24.8,58,0.0,16.1,959.6,96,13.0,84,27.3,0.048,0.341,0.0,,1.3
2023-11-20T03:00,24.0,62,0.0,16.2,959.6,100,12.6,95,26.6,0.048,0.341,0.0,,1.13
2023-11-20T04:00,23.6,64,0.0,16.4,959.7,100,12.6,103,26.0,0.048,0.341,0.0,,1.04
2023-11-20T05:00,23.5,65,0.0,16.6,960.4,100,12.0,97,25.7,0.048,0.341,0.0,,1.01
2023-11-20T06:00,23.0,73,0.0,17.9,961.5,99,10.8,88,26.1,0.052,0.345,0.0,,0.76
2023-11-20T07:00,23.6,70,0.0,17.9,962.6,100,9.0,90,25.8,0.052,0.344,47.0,,0.86
2023-11-20T08:00,25.7,61,0.0,17.5,963.7,100,11.3,99,27.0,0.052,0.344,231.0,,1.3
2023-11-20T09:00,27.9,49,0.0,16.1,964.3,99,13.8,110,29.2,0.052,0.344,429.0,,1.92
2023-11-20T10:00,29.4,39,0.0,14.1,964.2,100,14.1,105,31.6,0.051,0.344,554.0,,2.49
2023-11-20T11:00,30.8,35,0.0,13.5,963.5,50,13.3,90,34.5,0.05,0.344,719.0,,2.89
2023-11-20T12:00,31.9,31,0.0,12.9,962.4,22,13.1,74,37.1,0.048,0.344,784.0,,3.24
2023-11-20T13:00,32.7,28,0.0,12.0,961.0,6,9.9,80,39.1,0.047,0.344,729.0,,3.55
2023-11-20T14:00,33.6,25,0.0,10.6,959.9,12,10.5,68,40.4,0.046,0.344,659.0,,3.91
2023-11-20T15:00,33.7,23,0.0,9.9,959.2,7,13.8,49,40.4,0.045,0.344,504.0,,4.0
2023-11-20T16:00,33.3,24,0.0,9.8,959.1,10,13.8,57,39.4,0.045,0.344,306.0,,3.91
2023-11-20T17:00,32.3,27,0.0,10.8,959.3,11,17.8,76,37.4,0.045,0.344,108.0,,3.53
2023-11-20T18:00,30.2,37,0.0,13.9,960.0,47,13.8,75,34.9,0.047,0.346,3.0,,2.69
2023-11-20T19:00,29.2,40,0.0,14.2,961.2,19,18.4,50,33.1,0.047,0.346,0.0,,2.43
2023-11-20T20:00,27.9,44,0.0,14.4,961.9,17,20.7,50,31.6,0.047,0.346,0.0,,2.12
2023-11-20T21:00,27.0,46,0.0,14.6,961.9,43,20.9,58,30.3,0.047,0.346,0.0,,1.91
2023-11-20T22:00,26.3,49,0.0,14.6,962.0,8,19.3,63,29.2,0.047,0.346,0.0,,1.75
2023-11-20T23:00,25.7,50,0.0,14.3,961.7,0,19.2,64,28.3,0.047,0.346,0.0,,1.66
2023-11-21T00:00,24.9,52,0.0,14.4,961.1,1,18.5,61,27.4,0.047,0.346,0.0,,1.5
2023-11-21T01:00,24.2,55,0.0,14.6,960.5,0,16.0,67,26.6,0.048,0.346,0.0,,1.35
2023-11-21T02:00,23.5,59,0.0,15.0,960.1,0,14.0,67,25.9,0.048,0.346,0.0,,1.2
2023-11-21T03:00,23.0,61,0.0,15.1,959.9,0,14.1,58,25.3,0.048,0.346,0.0,,1.09
2023-11-21T04:00,22.5,64,0.0,15.3,959.9,0,13.3,49,24.7,0.048,0.346,0.0,,0.98
2023-11-21T05:00,21.9,66,0.0,15.4,960.3,0,12.0,69,24.1,0.048,0.345,0.0,,0.88
2023-11-21T06:00,21.8,68,0.0,15.7,960.8,6,12.9,67,24.4,0.046,0.344,0.0,,0.83
2023-11-21T07:00,22.8,65,0.0,15.9,961.8,11,9.5,61,24.3,0.046,0.344,49.0,,0.97
2023-11-21T08:00,25.4,56,0.0,16.1,963.2,3,11.6,60,25.7,0.046,0.344,240.0,,1.42
2023-11-21T09:00,28.2,45,0.0,15.1,963.9,22,17.7,61,28.2,0.046,0.344,451.0,,2.11
2023-11-21T10:00,29.7,37,0.0,13.6,963.3,41,13.7,60,31.2,0.046,0.344,628.0,,2.62
2023-11-21T11:00,30.7,33,0.0,12.4,962.1,77,10.0,60,34.5,0.045,0.344,750.0,,2.97
2023-11-21T12:00,31.6,29,0.0,11.3,960.9,73,9.3,54,37.5,0.044,0.343,804.0,,3.3
2023-11-21T13:00,32.4,25,0.0,9.9,959.7,0,9.3,54,39.8,0.043,0.343,784.0,,3.63
2023-11-21T14:00,32.7,25,0.0,9.9,958.7,0,9.5,65,41.0,0.043,0.343,691.0,,3.72
2023-11-21T15:00,32.7,25,0.0,10.2,958.3,0,9.0,74,41.1,0.042,0.343,534.0,,3.71
2023-11-21T16:00,32.3,27,0.0,11.1,958.1,0,8.8,81,40.1,0.042,0.343,330.0,,3.52
2023-11-21T17:00,31.7,30,0.0,12.1,958.4,0,8.5,102,37.9,0.042,0.343,117.0,,3.25
2023-11-21T18:00,30.6,34,0.0,13.2,959.0,5,9.2,132,35.7,0.042,0.343,3.0,,2.88
2023-11-21T19:00,29.5,40,0.0,14.3,959.7,23,6.3,114,33.7,0.042,0.343,0.0,,2.48
2023-11-21T20:00,28.7,42,0.0,14.7,960.4,11,9.3,74,32.1,0.042,0.342,0.0,,2.27
2023-11-21T21:00,27.6,47,0.0,15.4,961.3,93,11.3,63,30.8,0.042,0.342,0.0,,1.94
2023-11-21T22:00,27.3,48,0.0,15.4,961.6,37,12.5,57,29.9,0.042,0.342,0.0,,1.87
2023-11-21T23:00,26.6,50,0.0,15.3,960.9,23,11.9,65,29.1,0.043,0.342,0.0,,1.73
2023-11-22T00:00,25.7,53,0.0,15.4,960.2,2,11.9,65,28.3,0.043,0.342,0.0,,1.56
2023-11-22T01:00,25.1,55,0.0,15.4,959.6,13,13.5,61,27.5,0.043,0.342,0.0,,1.44
2023-11-22T02:00,24.4,59,0.0,15.8,959.4,31,11.4,103,26.9,0.043,0.342,0.0,,1.26
2023-11-22T03:00,23.6,63,0.0,16.1,959.0,0,9.7,94,26.2,0.043,0.342,0.0,,1.09
2023-11-22T04:00,23.1,66,0.0,16.3,959.1,3,10.9,99,25.6,0.044,0.342,0.0,,0.97
2023-11-22T05:00,22.8,69,0.0,16.8,959.5,1,10.7,102,25.1,0.044,0.342,0.0,,0.86
2023-11-22T06:00,22.5,74,0.0,17.7,960.5,12,9.1,97,25.3,0.042,0.341,0.0,,0.71
2023-11-22T07:00,23.2,74,0.0,18.3,961.3,0,8.0,98,25.2,0.042,0.341,45.0,,0.74
2023-11-22T08:00,25.0,70,0.0,19.2,962.5,3,11.3,99,26.6,0.042,0.34,227.0,,0.94
2023-11-22T09:00,26.8,65,0.0,19.6,962.8,18,11.1,103,29.0,0.042,0.34,433.0,,1.23
2023-11-22T10:00,28.8,55,0.0,18.9,962.7,15,12.1,102,32.1,0.042,0.34,609.0,,1.78
2023-11-22T11:00,30.3,46,0.0,17.6,961.7,18,10.4,90,35.2,0.042,0.34,707.0,,2.31
2023-11-22T12:00,31.5,40,0.0,16.4,960.1,64,8.8,81,38.1,0.042,0.34,758.0,,2.75
2023-11-22T13:00,32.4,36,0.0,15.5,958.8,87,8.6,75,40.5,0.041,0.34,749.0,,3.09
2023-11-22T14:00,32.9,34,0.0,14.8,958.0,67,9.2,64,41.7,0.041,0.34,651.0,,3.3
2023-11-22T15:00,32.8,33,0.0,14.3,957.4,23,10.5,49,41.8,0.041,0.34,485.0,,3.34
2023-11-22T16:00,32.5,32,0.0,13.7,957.4,15,11.5,41,40.5,0.041,0.34,283.0,,3.31
2023-11-22T17:00,31.9,32,0.0,13.2,957.7,16,12.0,41,38.4,0.041,0.34,94.0,,3.2
2023-11-22T18:00,31.5,38,0.0,15.4,958.6,80,9.6,77,36.7,0.042,0.34,2.0,,2.88
2023-11-22T19:00,31.1,39,0.0,15.4,959.6,44,10.3,102,35.0,0.042,0.34,0.0,,2.77
2023-11-22T20:00,30.0,43,0.0,16.2,960.0,59,7.8,124,33.6,0.042,0.34,0.0,,2.41
2023-11-22T21:00,29.1,48,0.0,17.1,960.5,50,2.2,99,32.3,0.042,0.34,0.0,,2.08
2023-11-22T22:00,28.2,50,0.0,16.8,960.6,67,8.6,22,31.2,0.042,0.34,0.0,,1.91
2023-11-22T23:00,27.5,51,0.0,16.5,960.1,46,8.7,60,30.3,0.042,0.34,0.0,,1.8
2023-11-23T00:00,26.7,53,0.0,16.4,959.6,35,10.8,69,29.5,0.042,0.34,0.0,,1.64
2023-11-23T01:00,25.7,58,0.0,16.8,958.9,51,12.2,88,28.6,0.043,0.34,0.0,,1.4
2023-11-23T02:00,24.9,63,0.0,17.4,958.4,60,12.9,108,28.0,0.043,0.34,0.0,,1.16
2023-11-23T03:00,24.1,70,0.0,18.3,958.2,89,11.0,113,27.3,0.043,0.34,0.0,,0.9
2023-11-23T04:00,23.5,75,0.0,18.8,958.4,32,9.5,115,26.6,0.043,0.34,0.0,,0.72
2023-11-23T05:00,23.0,78,0.0,19.0,958.6,50,10.1,117,26.0,0.043,0.34,0.0,,0.62
2023-11-23T06:00,23.0,85,0.4,20.2,959.1,100,6.7,344,26.4,0.049,0.34,0.0,,0.43
2023-11-23T07:00,23.4,84,0.0,20.5,960.0,89,5.6,27,26.2,0.05,0.34,40.0,,0.47
2023-11-23T08:00,25.0,76,0.0,20.4,960.8,83,7.5,107,27.3,0.05,0.34,190.0,,0.76
2023-11-23T09:00,26.9,68,0.1,20.4,961.2,25,11.2,130,29.5,0.051,0.34,390.0,,1.14
2023-11-23T10:00,28.8,58,0.1,19.6,961.0,23,14.1,128,32.0,0.052,0.34,547.0,,1.68
2023-11-23T11:00,30.1,51,0.0,18.8,960.2,28,13.0,129,34.4,0.051,0.34,639.0,,2.09
2023-11-23T12:00,31.2,44,0.0,17.4,958.8,56,10.4,136,36.9,0.05,0.339,708.0,,2.56
2023-11-23T13:00,31.9,39,0.0,16.4,957.5,100,8.6,147,38.8,0.048,0.339,683.0,,2.87
2023-11-23T14:00,32.6,36,0.0,15.5,956.5,80,7.3,160,40.2,0.047,0.339,658.0,,3.15
2023-11-23T15:00,32.7,34,0.0,14.8,956.0,95,6.1,183,40.5,0.046,0.339,487.0,,3.25
2023-11-23T16:00,32.3,34,0.0,14.3,956.0,82,4.9,197,39.6,0.046,0.339,292.0,,3.21
2023-11-23T17:00,31.6,34,0.0,14.0,956.4,91,5.4,184,37.6,0.046,0.339,105.0,,3.05
2023-11-23T18:00,30.7,44,0.0,17.0,956.9,38,15.9,118,36.1,0.042,0.339,3.0,,2.47
2023-11-23T19:00,29.7,50,0.0,18.2,957.9,20,16.5,113,34.3,0.042,0.339,0.0,,2.09
2023-11-23T20:00,28.9,55,0.0,19.0,958.5,38,18.4,118,32.9,0.043,0.339,0.0,,1.79
2023-11-23T21:00,27.1,62,0.1,19.3,959.4,78,10.5,41,31.7,0.044,0.339,0.0,,1.35
2023-11-23T22:00,25.4,68,0.0,19.0,959.7,98,15.5,1,30.5,0.044,0.339,0.0,,1.05
2023-11-23T23:00,25.6,68,0.0,19.1,959.2,35,11.5,51,29.7,0.045,0.339,0.0,,1.06
2023-11-24T00:00,25.1,72,0.0,19.8,958.9,30,13.0,92,28.8,0.045,0.339,0.0,,0.88
2023-11-24T01:00,24.6,75,0.0,20.0,958.4,21,12.9,108,28.1,0.046,0.339,0.0,,0.76
2023-11-24T02:00,24.0,78,0.0,20.0,957.8,31,13.2,107,27.4,0.046,0.339,0.0,,0.65
2023-11-24T03:00,23.6,81,0.0,20.1,957.4,35,13.4,110,26.8,0.047,0.339,0.0,,0.56
2023-11-24T04:00,23.0,84,0.0,20.2,957.3,18,13.0,109,26.2,0.047,0.339,0.0,,0.45
2023-11-24T05:00,22.7,86,0.0,20.2,957.9,100,12.3,111,25.7,0.047,0.339,0.0,,0.39
2023-11-24T06:00,22.7,88,0.0,20.7,958.5,78,12.7,105,25.8,0.045,0.338,0.0,,0.32
2023-11-24T07:00,23.6,84,0.0,20.8,959.8,99,18.4,118,25.8,0.045,0.338,35.0,,0.46
2023-11-24T08:00,25.0,77,0.0,20.6,960.9,100,17.8,122,26.7,0.045,0.338,154.0,,0.74
2023-11-24T09:00,26.0,71,0.1,20.4,961.7,37,15.6,124,28.0,0.047,0.338,221.0,,0.96
2023-11-24T10:00,27.3,65,0.2,20.2,961.5,37,15.6,124,30.5,0.05,0.338,487.0,,1.27
2023-11-24T11:00,28.4,60,0.4,20.0,960.7,40,13.9,121,33.1,0.055,0.338,621.0,,1.54
2023-11-24T12:00,29.5,55,0.1,19.6,959.6,25,11.4,114,35.3,0.055,0.338,653.0,,1.83
2023-11-24T13:00,30.3,51,0.0,19.2,958.3,20,9.6,110,37.2,0.054,0.338,666.0,,2.1
2023-11-24T14:00,31.0,48,0.0,18.6,957.5,11,8.2,105,38.4,0.053,0.338,598.0,,2.34
2023-11-24T15:00,31.1,46,0.0,18.2,957.2,13,8.5,102,38.7,0.051,0.338,468.0,,2.43
2023-11-24T16:00,30.9,46,0.0,17.9,957.1,17,10.1,107,37.8,0.051,0.338,287.0,,2.42
2023-11-24T17:00,30.3,48,0.0,18.1,957.6,14,10.7,110,36.1,0.05,0.338,102.0,,2.25
2023-11-24T18:00,28.9,54,0.0,18.5,958.8,19,8.3,56,33.6,0.052,0.343,3.0,,1.84
2023-11-24T19:00,28.2,57,0.0,18.9,959.6,22,11.4,66,32.1,0.052,0.343,0.0,,1.64
2023-11-24T20:00,27.5,60,0.0,19.0,960.2,16,13.5,74,30.8,0.052,0.342,0.0,,1.46
2023-11-24T21:00,26.7,63,0.0,19.1,960.6,22,14.6,74,29.8,0.052,0.342,0.0,,1.29
2023-11-24T22:00,25.5,68,0.0,19.2,960.8,26,19.5,87,28.8,0.052,0.342,0.0,,1.04
2023-11-24T23:00,24.6,75,0.1,19.8,960.7,57,16.0,99,28.0,0.053,0.342,0.0,,0.78
2023-11-25T00:00,24.3,77,0.1,19.9,960.3,69,14.5,104,27.3,0.055,0.342,0.0,,0.71
2023-11-25T01:00,23.7,79,0.0,19.9,959.8,84,15.0,114,26.7,0.055,0.342,0.0,,0.61
2023-11-25T02:00,23.4,80,0.0,19.8,959.7,90,13.9,127,26.3,0.056,0.342,0.0,,0.57
2023-11-25T03:00,22.8,84,0.0,19.9,959.6,100,10.5,121,25.7,0.056,0.342,0.0,,0.45
2023-11-25T04:00,22.5,85,0.0,19.9,959.9,100,8.4,110,25.3,0.057,0.342,0.0,,0.4
2023-11-25T05:00,22.8,84,0.0,19.9,960.4,88,10.2,113,25.1,0.058,0.342,0.0,,0.44
2023-11-25T06:00,23.1,84,0.0,20.3,961.2,98,14.3,118,26.6,0.054,0.339,0.0,,0.44
2023-11-25T07:00,23.6,82,0.0,20.3,962.1,99,14.5,117,26.4,0.054,0.339,35.0,,0.53
2023-11-25T08:00,24.8,76,0.0,20.2,962.8,63,18.2,124,27.0,0.055,0.339,150.0,,0.75
2023-11-25T09:00,26.5,66,0.0,19.7,963.4,38,17.7,128,28.6,0.055,0.339,338.0,,1.16
2023-11-25T10:00,28.1,58,0.0,19.1,963.2,56,17.2,127,30.7,0.055,0.339,512.0,,1.58
2023-11-25T11:00,29.4,53,0.0,18.8,962.1,36,15.2,121,33.2,0.054,0.339,641.0,,1.92
2023-11-25T12:00,30.2,49,0.1,18.3,960.8,60,13.7,117,35.4,0.054,0.339,682.0,,2.18
2023-11-25T13:00,30.8,46,0.1,17.9,959.9,27,12.9,117,37.2,0.053,0.339,663.0,,2.4
2023-11-25T14:00,31.3,44,0.1,17.6,959.0,24,13.2,112,38.2,0.053,0.339,594.0,,2.54
2023-11-25T15:00,31.5,43,0.0,17.4,958.8,6,14.0,108,38.2,0.052,0.339,466.0,,2.62
2023-11-25T16:00,31.1,44,0.0,17.3,958.8,17,14.9,105,37.4,0.051,0.339,300.0,,2.53
2023-11-25T17:00,30.1,47,0.0,17.6,959.2,14,15.6,105,35.7,0.051,0.339,104.0,,2.25
2023-11-25T18:00,29.2,50,0.0,17.8,959.9,50,13.4,104,33.4,0.052,0.341,3.0,,2.01
2023-11-25T19:00,28.3,56,0.0,18.6,961.0,79,13.1,111,31.9,0.052,0.341,0.0,,1.7
2023-11-25T20:00,27.5,59,0.0,18.8,961.6,84,11.5,104,30.7,0.052,0.341,0.0,,1.5
2023-11-25T21:00,26.8,61,0.0,18.7,962.1,62,12.9,120,29.6,0.052,0.341,0.0,,1.36
2023-11-25T22:00,26.0,64,0.0,18.6,962.3,78,11.3,117,28.7,0.052,0.341,0.0,,1.21
2023-11-25T23:00,25.4,65,0.0,18.4,961.9,53,9.4,122,27.9,0.052,0.341,0.0,,1.12
2023-11-26T00:00,24.8,66,0.0,18.1,961.5,32,11.4,114,27.2,0.052,0.341,0.0,,1.06
2023-11-26T01:00,24.3,68,0.0,18.0,961.2,50,12.6,117,26.6,0.052,0.341,0.0,,0.96
2023-11-26T02:00,23.7,71,0.0,18.1,961.0,91,11.5,131,26.0,0.052,0.341,0.0,,0.85
2023-11-26T03:00,23.3,73,0.0,18.2,960.7,49,10.7,130,25.6,0.052,0.341,0.0,,0.76
2023-11-26T04:00,23.0,75,0.0,18.3,960.8,73,10.2,129,25.1,0.053,0.34,0.0,,0.7
2023-11-26T05:00,22.7,76,0.0,18.3,961.2,39,10.7,130,24.8,0.053,0.34,0.0,,0.65
2023-11-26T06:00,23.1,77,0.3,18.9,962.1,48,0.0,270,26.3,0.054,0.333,0.0,,0.63
2023-11-26T07:00,24.0,75,0.0,19.3,962.9,89,8.1,122,26.0,0.055,0.333,36.0,,0.75
2023-11-26T08:00,25.5,69,0.0,19.4,963.7,75,17.3,135,26.9,0.055,0.333,186.0,,1.0
2023-11-26T09:00,27.1,65,0.0,19.8,964.1,41,19.7,140,28.7,0.055,0.333,402.0,,1.27
2023-11-26T10:00,28.8,57,0.0,19.4,963.7,34,19.2,140,31.1,0.054,0.333,566.0,,1.71
2023-11-26T11:00,30.1,51,0.0,19.0,962.8,90,17.3,135,33.6,0.053,0.333,682.0,,2.07
2023-11-26T12:00,31.1,47,0.0,18.5,961.6,19,16.5,136,36.0,0.051,0.332,742.0,,2.39
2023-11-26T13:00,31.6,44,0.0,18.0,960.2,20,17.1,138,37.5,0.05,0.332,671.0,,2.58
2023-11-26T14:00,32.1,42,0.0,17.6,959.0,18,18.3,137,38.4,0.049,0.332,609.0,,2.76
2023-11-26T15:00,32.0,42,0.0,17.3,958.5,50,20.4,135,38.4,0.048,0.332,465.0,,2.77
2023-11-26T16:00,31.3,43,0.0,17.3,958.4,10,19.1,134,37.4,0.048,0.332,290.0,,2.58
2023-11-26T17:00,30.4,45,0.0,17.3,958.5,18,17.4,140,35.7,0.047,0.332,103.0,,2.37
2023-11-26T18:00,29.6,46,0.0,16.7,959.5,25,15.9,123,34.0,0.047,0.333,3.0,,2.23
2023-11-26T19:00,28.7,50,0.0,17.2,959.9,24,15.6,109,32.5,0.047,0.333,0.0,,1.97
2023-11-26T20:00,27.9,53,0.0,17.6,960.6,11,16.4,109,31.2,0.047,0.333,0.0,,1.75
2023-11-26T21:00,27.1,57,0.0,17.8,960.7,63,14.6,110,30.1,0.047,0.333,0.0,,1.55
2023-11-26T22:00,26.5,59,0.0,18.0,960.8,90,13.5,124,29.2,0.047,0.333,0.0,,1.4
2023-11-26T23:00,25.8,63,0.0,18.2,960.9,100,14.7,118,28.4,0.048,0.333,0.0,,1.23
2023-11-27T00:00,21.6,88,5.4,19.6,961.0,79,19.5,337,27.4,0.121,0.333,0.0,,0.31
2023-11-27T01:00,22.0,83,0.8,19.0,960.4,91,11.3,107,26.1,0.132,0.333,0.0,,0.44
2023-11-27T02:00,22.0,81,0.2,18.6,959.8,89,9.3,144,25.4,0.135,0.333,0.0,,0.49
2023-11-27T03:00,21.9,85,0.0,19.3,959.5,97,13.5,132,24.9,0.136,0.333,0.0,,0.4
2023-11-27T04:00,22.0,87,0.0,19.7,959.3,83,11.5,136,24.6,0.136,0.333,0.0,,0.34
2023-11-27T05:00,21.6,89,0.0,19.8,959.4,45,10.4,146,24.3,0.136,0.333,0.0,,0.28
2023-11-27T06:00,22.5,87,0.0,20.3,960.4,24,8.1,122,25.3,0.275,0.33,0.0,,0.34
2023-11-27T07:00,22.8,87,0.0,20.5,961.1,5,11.7,137,25.1,0.274,0.33,37.0,,0.36
2023-11-27T08:00,23.8,82,0.0,20.5,962.1,8,15.7,143,25.7,0.273,0.33,208.0,,0.54
2023-11-27T09:00,25.0,77,0.0,20.6,962.6,9,17.7,147,26.8,0.27,0.33,398.0,,0.73
2023-11-27T10:00,26.5,70,0.0,20.5,962.4,14,17.1,152,28.2,0.265,0.33,573.0,,1.05
2023-11-27T11:00,27.9,61,0.0,19.6,961.5,38,16.1,156,29.6,0.259,0.33,688.0,,1.47
2023-11-27T12:00,29.0,52,0.0,18.3,960.3,6,14.8,166,30.9,0.253,0.33,747.0,,1.91
2023-11-27T13:00,29.7,48,0.0,17.6,958.8,3,15.2,173,31.7,0.245,0.33,728.0,,2.15
2023-11-27T14:00,29.9,47,0.0,17.4,957.8,3,13.3,177,32.0,0.239,0.33,642.0,,2.23
2023-11-27T15:00,29.8,47,0.0,17.4,957.5,7,13.3,183,31.9,0.234,0.33,490.0,,2.21
2023-11-27T16:00,29.4,49,0.0,17.6,957.5,12,11.5,182,31.1,0.23,0.33,296.0,,2.09
2023-11-27T17:00,28.0,66,0.0,21.1,957.5,18,4.8,167,30.0,0.229,0.331,102.0,,1.27
2023-11-27T18:00,26.3,70,0.1,20.4,958.3,59,7.9,137,28.6,0.235,0.333,3.0,,1.01
2023-11-27T19:00,25.8,70,0.0,19.9,959.2,14,12.2,137,27.7,0.235,0.333,0.0,,1.0
2023-11-27T20:00,25.0,71,0.0,19.4,959.8,34,13.0,136,26.8,0.234,0.333,0.0,,0.91
2023-11-27T21:00,24.7,74,0.0,19.7,959.8,38,11.0,128,26.1,0.233,0.333,0.0,,0.81
2023-11-27T22:00,24.1,78,0.0,20.1,959.9,50,6.8,155,25.7,0.233,0.333,0.0,,0.65
2023-11-27T23:00,23.9,78,1.0,19.8,960.0,84,6.4,218,25.4,0.246,0.333,0.0,,0.65
2023-11-28T00:00,22.7,84,1.3,19.9,959.9,61,6.3,239,25.0,0.263,0.333,0.0,,0.43
2023-11-28T01:00,22.5,84,0.2,19.7,959.1,26,9.7,141,24.6,0.265,0.333,0.0,,0.43
2023-11-28T02:00,22.1,85,0.1,19.5,958.7,45,10.9,134,24.1,0.266,0.333,0.0,,0.39
2023-11-28T03:00,21.5,88,0.3,19.4,958.5,94,12.2,166,23.8,0.27,0.333,0.0,,0.31
2023-11-28T04:00,21.1,88,0.4,19.1,958.6,71,14.8,180,23.6,0.276,0.333,0.0,,0.29
2023-11-28T05:00,20.3,90,0.8,18.5,958.9,99,15.0,190,23.3,0.286,0.333,0.0,,0.24
2023-11-28T06:00,20.6,93,0.6,19.3,959.5,100,10.7,315,25.0,0.265,0.332,0.0,,0.18
2023-11-28T07:00,20.9,88,2.7,18.9,960.0,100,5.8,338,24.6,0.302,0.332,15.0,,0.29
2023-11-28T08:00,21.2,88,11.6,19.0,961.0,84,5.7,325,24.4,0.462,0.332,87.0,,0.31
2023-11-28T09:00,22.1,83,0.3,19.1,961.6,100,8.7,322,25.2,0.462,0.333,230.0,,0.44
2023-11-28T10:00,22.3,83,1.8,19.2,961.2,87,5.6,75,25.5,0.48,0.335,191.0,,0.46
2023-11-28T11:00,23.4,79,3.2,19.6,961.1,97,5.5,11,27.4,0.512,0.337,598.0,,0.6
2023-11-28T12:00,22.9,83,4.0,19.8,959.8,34,10.9,46,27.7,0.502,0.356,399.0,,0.47
2023-11-28T13:00,24.3,80,0.0,20.7,958.7,20,7.4,61,28.9,0.487,0.36,675.0,,0.6
2023-11-28T14:00,25.5,76,0.0,21.0,957.7,56,6.9,141,29.6,0.477,0.361,569.0,,0.77
2023-11-28T15:00,25.9,73,0.0,20.8,956.9,29,7.3,160,29.4,0.469,0.363,359.0,,0.89
2023-11-28T16:00,26.1,72,0.0,20.6,957.0,72,4.2,149,29.0,0.464,0.364,253.0,,0.95
2023-11-28T17:00,25.7,76,0.0,21.3,957.4,66,7.2,90,28.1,0.46,0.364,84.0,,0.78
2023-11-28T18:00,24.9,84,0.0,21.9,957.4,29,4.3,312,27.2,0.392,0.333,3.0,,0.51
2023-11-28T19:00,23.9,88,0.0,21.7,958.0,11,5.9,349,26.4,0.392,0.333,0.0,,0.37
2023-11-28T20:00,23.4,92,0.0,22.1,958.5,15,3.2,27,25.8,0.392,0.333,0.0,,0.23
2023-11-28T21:00,23.0,93,0.0,21.9,959.0,15,4.5,29,25.4,0.391,0.333,0.0,,0.19
2023-11-28T22:00,20.8,95,1.2,20.0,960.1,100,22.8,38,24.8,0.407,0.333,0.0,,0.13
2023-11-28T23:00,21.2,89,0.8,19.3,959.9,60,13.0,71,24.3,0.417,0.333,0.0,,0.27
2023-11-29T00:00,21.3,89,0.1,19.5,959.6,25,8.8,99,23.8,0.417,0.334,0.0,,0.27
2023-11-29T01:00,21.1,91,0.0,19.6,959.0,41,10.2,122,23.5,0.416,0.334,0.0,,0.23
2023-11-29T02:00,20.6,93,0.0,19.4,958.8,49,15.3,120,23.2,0.416,0.334,0.0,,0.17
2023-11-29T03:00,20.6,93,0.0,19.4,958.4,17,12.5,131,23.0,0.415,0.334,0.0,,0.17
2023-11-29T04:00,20.4,94,0.1,19.4,958.7,53,10.3,119,22.8,0.416,0.335,0.0,,0.14
2023-11-29T05:00,20.4,95,0.1,19.5,958.9,40,9.8,118,22.7,0.416,0.335,0.0,,0.13
2023-11-29T06:00,20.9,91,0.0,19.3,959.6,11,11.8,110,23.7,0.399,0.333,0.0,,0.23
2023-11-29T07:00,21.4,89,0.0,19.6,960.3,24,10.0,111,23.4,0.399,0.334,34.0,,0.27
2023-11-29T08:00,22.6,85,0.0,20.0,961.3,92,12.0,111,24.0,0.397,0.334,196.0,,0.41
2023-11-29T09:00,24.1,81,0.0,20.5,962.0,55,14.1,122,25.3,0.394,0.334,400.0,,0.58
2023-11-29T10:00,25.4,76,0.0,21.0,961.9,20,11.6,144,26.8,0.389,0.334,567.0,,0.76
2023-11-29T11:00,26.5,72,0.0,21.0,961.1,85,11.1,151,28.2,0.384,0.334,674.0,,0.98
2023-11-29T12:00,27.3,68,0.0,20.9,960.2,96,10.1,153,29.4,0.377,0.334,700.0,,1.16
2023-11-29T13:00,27.5,66,0.0,20.6,959.0,91,9.5,151,30.0,0.371,0.334,614.0,,1.24
2023-11-29T14:00,28.1,63,0.0,20.4,958.2,94,8.4,140,30.5,0.366,0.334,584.0,,1.4
2023-11-29T15:00,28.3,60,0.0,19.9,958.0,94,9.7,138,30.3,0.361,0.335,458.0,,1.52
2023-11-29T16:00,27.6,62,0.4,19.8,957.9,96,9.9,136,29.6,0.363,0.335,278.0,,1.39
2023-11-29T17:00,26.7,76,0.0,22.0,958.2,100,2.1,149,28.5,0.362,0.335,85.0,,0.85
2023-11-29T18:00,25.7,78,0.0,21.6,958.3,12,6.2,80,27.6,0.36,0.334,3.0,,0.73
2023-11-29T19:00,25.1,79,0.0,21.3,959.0,9,8.1,69,26.7,0.359,0.334,0.0,,0.65
2023-11-29T20:00,24.3,82,0.0,21.0,959.8,10,10.2,80,25.9,0.359,0.334,0.0,,0.55
2023-11-29T21:00,24.0,79,0.0,20.2,959.8,59,13.8,96,25.2,0.358,0.334,0.0,,0.61
2023-11-29T22:00,23.4,80,0.0,19.7,959.8,77,12.6,92,24.7,0.358,0.334,0.0,,0.58
2023-11-29T23:00,23.1,80,0.0,19.5,959.8,83,9.6,103,24.3,0.357,0.334,0.0,,0.55
2023-11-30T00:00,23.0,80,0.3,19.3,960.1,97,5.4,233,24.1,0.361,0.334,0.0,,0.57
2023-11-30T01:00,22.3,87,0.4,20.0,960.1,94,7.4,227,23.9,0.367,0.334,0.0,,0.35
2023-11-30T02:00,21.9,92,0.1,20.5,959.6,91,8.1,291,23.7,0.368,0.334,0.0,,0.22
2023-11-30T03:00,21.3,96,0.0,20.7,959.0,78,3.3,264,23.5,0.368,0.335,0.0,,0.1
2023-11-30T04:00,21.4,95,0.1,20.6,959.4,95,5.7,288,23.4,0.369,0.335,0.0,,0.11
2023-11-30T05:00,20.5,97,1.6,19.9,959.7,83,6.5,19,23.2,0.39,0.335,0.0,,0.08
2023-11-30T06:00,21.6,90,0.0,19.9,959.9,93,6.5,71,24.3,0.363,0.334,0.0,,0.26
2023-11-30T07:00,22.2,90,0.0,20.5,961.0,72,6.5,71,24.0,0.363,0.334,32.0,,0.27
2023-11-30T08:00,24.1,83,0.0,20.9,961.8,92,18.3,137,24.6,0.362,0.334,177.0,,0.52
2023-11-30T09:00,25.1,78,0.0,20.9,962.2,87,20.0,142,25.4,0.36,0.334,288.0,,0.71
2023-11-30T10:00,25.9,74,0.0,20.9,962.0,80,20.1,147,26.1,0.357,0.334,325.0,,0.87
2023-11-30T11:00,26.8,72,0.0,21.3,961.4,95,18.4,149,27.3,0.353,0.334,526.0,,0.99
2023-11-30T12:00,27.3,71,0.0,21.5,960.6,85,16.8,152,28.3,0.348,0.334,570.0,,1.06
2023-11-30T13:00,27.6,70,0.0,21.5,959.5,92,15.9,155,29.2,0.342,0.334,586.0,,1.12
2023-11-30T14:00,27.5,68,0.0,21.1,958.6,19,15.1,152,29.3,0.338,0.334,452.0,,1.17
2023-11-30T15:00,27.6,67,0.0,21.0,958.3,10,14.3,146,29.4,0.334,0.334,424.0,,1.21
2023-11-30T16:00,27.5,67,0.0,20.9,958.2,10,11.0,139,28.9,0.331,0.334,267.0,,1.2
2023-11-30T17:00,26.5,77,0.0,22.1,958.6,15,6.0,115,28.0,0.329,0.334,102.0,,0.81
2023-11-30T18:00,25.3,78,0.0,21.1,959.2,16,9.4,94,27.0,0.33,0.335,3.0,,0.72
2023-11-30T19:00,24.5,79,0.0,20.7,959.8,18,11.2,86,26.1,0.329,0.335,0.0,,0.64
2023-11-30T20:00,24.1,79,0.0,20.2,960.2,21,11.2,90,25.4,0.329,0.335,0.0,,0.63
2023-11-30T21:00,23.8,80,0.0,20.1,960.9,41,10.5,98,24.9,0.329,0.335,0.0,,0.6
2023-11-30T22:00,23.5,80,0.0,19.9,960.9,22,12.8,101,24.4,0.328,0.335,0.0,,0.57
2023-11-30T23:00,23.3,80,0.0,19.7,960.3,4,14.6,106,24.1,0.328,0.335,0.0,,0.57
2023-12-01T00:00,22.8,82,0.0,19.5,960.2,47,12.8,164,23.8,0.328,0.335,0.0,,0.51
2023-12-01T01:00,21.8,90,0.1,20.0,960.5,16,5.2,205,23.6,0.329,0.335,0.0,,0.27
2023-12-01T02:00,21.3,92,0.4,19.9,960.4,95,7.0,168,23.3,0.334,0.335,0.0,,0.2
2023-12-01T03:00,21.1,89,0.4,19.2,959.7,71,12.8,106,23.1,0.339,0.335,0.0,,0.28
2023-12-01T04:00,20.6,92,4.2,19.3,960.0,82,11.0,67,22.8,0.396,0.335,0.0,,0.19
2023-12-01T05:00,20.5,92,9.0,19.2,960.2,91,5.4,82,22.6,0.518,0.337,0.0,,0.19
2023-12-01T06:00,22.3,92,0.0,20.9,960.4,100,0.8,297,24.7,0.396,0.336,0.0,,0.22
2023-12-01T07:00,22.6,89,0.0,20.7,961.3,90,1.6,117,24.5,0.396,0.336,14.0,,0.31
2023-12-01T08:00,23.1,83,0.1,20.1,962.0,92,1.8,180,24.8,0.396,0.336,85.0,,0.47
2023-12-01T09:00,24.0,81,0.0,20.6,962.4,28,2.7,113,25.7,0.394,0.336,228.0,,0.56
2023-12-01T10:00,25.2,77,0.1,20.9,962.5,100,3.6,186,27.3,0.391,0.336,466.0,,0.74
2023-12-01T11:00,25.5,74,0.0,20.6,961.7,100,5.4,172,27.7,0.389,0.337,289.0,,0.84
2023-12-01T12:00,25.5,74,0.0,20.4,960.5,100,3.2,180,27.5,0.387,0.337,182.0,,0.86
2023-12-01T13:00,25.6,72,0.0,20.3,959.3,100,3.3,193,27.7,0.385,0.337,207.0,,0.91
2023-12-01T14:00,26.2,69,0.0,20.1,958.3,86,4.1,142,28.0,0.382,0.337,264.0,,1.05
2023-12-01T15:00,26.7,67,0.0,20.0,957.7,73,3.3,131,28.2,0.379,0.337,285.0,,1.17
2023-12-01T16:00,26.9,66,0.0,19.9,957.6,36,3.7,79,28.2,0.377,0.337,227.0,,1.22
2023-12-01T17:00,26.0,77,0.0,21.6,957.9,2,4.1,45,27.5,0.376,0.337,90.0,,0.79
2023-12-01T18:00,25.5,79,0.0,21.5,958.2,19,6.9,62,27.7,0.37,0.337,3.0,,0.7
2023-12-01T19:00,24.7,82,0.0,21.4,958.8,16,6.9,47,26.6,0.37,0.337,0.0,,0.57
2023-12-01T20:00,24.0,83,0.0,21.0,959.5,11,9.1,9,25.8,0.37,0.337,0.0,,0.5
2023-12-01T21:00,23.2,86,0.0,20.7,959.8,8,9.4,7,25.1,0.369,0.337,0.0,,0.41
2023-12-01T22:00,22.6,87,0.0,20.3,959.9,25,9.0,23,24.5,0.369,0.337,0.0,,0.36
2023-12-01T23:00,22.2,87,0.0,20.0,959.7,3,10.4,46,24.1,0.369,0.337,0.0,,0.35
2023-12-02T00:00,21.9,85,0.0,19.3,959.1,10,12.7,61,23.7,0.368,0.337,0.0,,0.39
2023-12-02T01:00,21.8,84,0.0,19.0,958.9,49,14.9,75,23.3,0.368,0.338,0.0,,0.41
2023-12-02T02:00,21.7,85,0.0,19.0,958.5,31,13.7,87,23.1,0.368,0.338,0.0,,0.39
2023-12-02T03:00,21.1,86,0.0,18.7,958.0,29,13.0,92,22.8,0.367,0.338,0.0,,0.34
2023-12-02T04:00,20.6,87,0.0,18.4,957.9,63,10.7,102,22.4,0.367,0.338,0.0,,0.3
2023-12-02T05:00,20.1,88,0.0,18.1,958.2,46,8.9,104,22.1,0.367,0.338,0.0,,0.28
2023-12-02T06:00,20.9,88,0.0,18.8,959.6,81,7.2,108,23.7,0.367,0.337,0.0,,0.3
2023-12-02T07:00,21.5,84,0.0,18.6,960.3,74,7.3,101,23.4,0.366,0.337,33.0,,0.42
2023-12-02T08:00,23.1,76,0.0,18.6,961.2,98,9.1,108,24.0,0.365,0.337,202.0,,0.69
2023-12-02T09:00,24.8,68,0.0,18.6,961.5,89,11.8,117,25.1,0.362,0.337,397.0,,0.99
2023-12-02T10:00,26.3,61,0.0,18.3,961.2,98,12.5,123,26.6,0.357,0.337,578.0,,1.31
2023-12-02T11:00,27.4,57,0.0,18.1,960.7,95,10.7,130,28.0,0.351,0.338,697.0,,1.58
2023-12-02T12:00,28.4,51,0.0,17.4,959.5,79,8.0,126,29.4,0.343,0.338,757.0,,1.89
2023-12-02T13:00,29.1,47,0.0,16.6,958.4,65,6.1,118,30.4,0.336,0.338,740.0,,2.15
2023-12-02T14:00,29.6,44,0.0,16.0,957.5,15,6.9,99,30.9,0.33,0.338,652.0,,2.32
2023-12-02T15:00,29.9,41,0.0,15.4,956.9,6,8.3,92,30.7,0.325,0.338,504.0,,2.46
2023-12-02T16:00,29.5,44,0.0,16.0,956.7,2,9.1,83,29.9,0.321,0.338,311.0,,2.29
2023-12-02T17:00,27.2,63,0.0,19.6,956.8,1,8.4,59,28.6,0.319,0.338,111.0,,1.32
2023-12-02T18:00,25.5,69,0.0,19.5,957.6,1,10.2,58,27.1,0.321,0.339,3.0,,1.0
2023-12-02T19:00,24.3,73,0.0,19.1,958.1,0,9.8,82,25.9,0.32,0.339,0.0,,0.83
2023-12-02T20:00,23.8,73,0.0,18.7,958.8,2,11.8,102,25.1,0.32,0.339,0.0,,0.8
2023-12-02T21:00,23.0,77,0.0,18.6,959.1,11,12.4,64,24.4,0.319,0.339,0.0,,0.66
2023-12-02T22:00,22.5,77,0.0,18.2,959.3,0,13.6,58,23.8,0.319,0.339,0.0,,0.63
2023-12-02T23:00,22.4,76,0.0,18.0,959.4,0,15.4,79,23.3,0.318,0.339,0.0,,0.64
2023-12-03T00:00,22.2,79,0.0,18.3,959.1,5,15.7,79,23.0,0.318,0.34,0.0,,0.57
2023-12-03T01:00,21.9,80,0.0,18.3,958.6,25,14.1,84,22.7,0.318,0.34,0.0,,0.52
2023-12-03T02:00,21.4,82,0.0,18.2,958.2,35,12.7,83,22.4,0.317,0.34,0.0,,0.45
2023-12-03T03:00,21.0,83,0.0,18.1,957.8,14,11.7,81,22.2,0.317,0.34,0.0,,0.42
2023-12-03T04:00,20.6,85,0.0,18.0,958.0,0,10.0,77,21.9,0.317,0.34,0.0,,0.37
2023-12-03T05:00,20.1,87,0.0,17.9,958.2,83,8.3,85,21.6,0.317,0.34,0.0,,0.3
2023-12-03T06:00,21.1,85,0.0,18.4,959.6,96,10.2,113,23.2,0.316,0.34,0.0,,0.38
2023-12-03T07:00,21.7,82,0.0,18.5,960.7,87,9.2,111,22.9,0.316,0.34,32.0,,0.46
2023-12-03T08:00,23.3,76,0.0,18.9,961.8,90,8.9,104,23.6,0.314,0.34,197.0,,0.68
2023-12-03T09:00,24.9,73,0.0,19.7,962.2,77,10.6,108,25.0,0.311,0.34,398.0,,0.85
2023-12-03T10:00,26.2,70,0.0,20.3,962.1,91,11.4,103,26.7,0.307,0.34,573.0,,1.02
2023-12-03T11:00,27.6,63,0.0,20.0,961.3,100,12.7,97,28.2,0.301,0.34,694.0,,1.35
2023-12-03T12:00,28.7,56,0.0,19.1,960.2,100,12.6,88,29.5,0.294,0.34,749.0,,1.71
2023-12-03T13:00,29.4,53,0.0,18.8,958.9,98,11.6,83,30.4,0.287,0.34,732.0,,1.92
2023-12-03T14:00,29.7,51,0.0,18.4,958.1,100,13.4,84,30.8,0.281,0.34,630.0,,2.06
2023-12-03T15:00,29.6,51,0.0,18.3,957.5,100,13.2,79,30.5,0.276,0.34,461.0,,2.03
2023-12-03T16:00,29.2,52,0.0,18.5,957.3,100,10.7,76,29.7,0.273,0.34,289.0,,1.93
2023-12-03T17:00,27.6,70,0.0,21.6,957.3,100,5.9,47,28.7,0.271,0.34,104.0,,1.12
2023-12-03T18:00,26.2,73,0.0,20.9,957.7,38,7.4,51,27.6,0.272,0.34,3.0,,0.93
2023-12-03T19:00,24.9,75,0.0,20.1,958.5,93,10.3,61,26.4,0.272,0.34,0.0,,0.79
2023-12-03T20:00,23.9,76,0.0,19.4,959.2,15,11.2,57,25.5,0.271,0.34,0.0,,0.7
2023-12-03T21:00,23.4,74,0.0,18.5,959.4,8,13.8,47,24.7,0.271,0.34,0.0,,0.76
2023-12-03T22:00,23.0,74,0.0,18.1,959.4,84,16.1,50,24.0,0.27,0.34,0.0,,0.74
2023-12-03T23:00,22.6,73,0.0,17.6,959.3,9,16.4,61,23.5,0.27,0.34,0.0,,0.73
2023-12-04T00:00,22.2,75,0.0,17.5,958.9,25,15.3,63,23.0,0.269,0.34,0.0,,0.68
2023-12-04T01:00,21.8,77,0.0,17.6,958.6,22,13.7,67,22.7,0.269,0.34,0.0,,0.6
2023-12-04T02:00,21.5,79,0.0,17.8,957.7,39,12.7,65,22.4,0.269,0.34,0.0,,0.53
2023-12-04T03:00,21.1,82,0.0,17.9,957.2,70,11.9,55,22.1,0.268,0.34,0.0,,0.46
2023-12-04T04:00,20.7,84,0.0,17.9,956.8,99,11.2,45,21.9,0.268,0.34,0.0,,0.4
2023-12-04T05:00,20.4,85,0.0,17.8,957.2,100,10.9,46,21.6,0.268,0.34,0.0,,0.36
2023-12-04T06:00,21.0,85,0.0,18.3,958.0,99,11.7,45,22.6,0.267,0.34,0.0,,0.38
2023-12-04T07:00,21.6,83,0.0,18.5,958.9,100,12.7,35,22.4,0.266,0.34,30.0,,0.44
2023-12-04T08:00,23.4,78,0.0,19.4,959.9,100,12.5,41,23.2,0.265,0.34,186.0,,0.62
2023-12-04T09:00,25.3,71,0.0,19.7,960.8,100,15.6,40,24.5,0.263,0.34,361.0,,0.93
2023-12-04T10:00,27.1,64,0.0,19.7,960.7,100,17.1,44,26.1,0.259,0.34,536.0,,1.28
2023-12-04T11:00,28.3,57,0.0,19.1,959.9,100,17.4,60,27.7,0.253,0.34,648.0,,1.63
2023-12-04T12:00,28.8,53,0.0,18.2,958.9,100,15.5,65,28.8,0.248,0.34,637.0,,1.86
2023-12-04T13:00,29.1,51,0.0,18.0,957.6,100,12.6,53,29.5,0.242,0.34,582.0,,1.97
2023-12-04T14:00,29.3,51,0.0,18.0,956.5,100,11.8,40,29.8,0.238,0.34,490.0,,2.01
2023-12-04T15:00,29.4,50,0.0,18.0,956.0,100,14.1,38,29.8,0.233,0.34,455.0,,2.03
2023-12-04T16:00,28.9,53,0.0,18.3,956.1,100,12.8,40,29.2,0.23,0.34,273.0,,1.89
2023-12-04T17:00,27.1,65,0.0,19.9,956.4,100,10.2,32,28.1,0.229,0.34,93.0,,1.26
2023-12-04T18:00,25.4,75,0.0,20.6,957.2,100,8.2,61,26.8,0.233,0.342,3.0,,0.81
2023-12-04T19:00,24.9,78,0.0,20.8,957.8,100,7.9,39,26.0,0.233,0.342,0.0,,0.69
2023-12-04T20:00,24.1,80,0.0,20.3,958.2,100,10.3,36,25.3,0.233,0.342,0.0,,0.61
2023-12-04T21:00,23.5,80,0.0,19.9,958.3,100,8.8,35,24.7,0.233,0.342,0.0,,0.57
2023-12-04T22:00,23.1,81,0.0,19.7,958.1,100,9.8,28,24.2,0.233,0.342,0.0,,0.54
2023-12-04T23:00,22.4,83,0.0,19.4,957.8,93,9.9,33,23.8,0.232,0.342,0.0,,0.46
2023-12-05T00:00,22.0,84,0.0,19.1,957.5,100,10.8,53,23.3,0.232,0.342,0.0,,0.43
2023-12-05T01:00,21.9,83,0.0,19.0,957.3,100,11.0,49,23.1,0.232,0.342,0.0,,0.44
2023-12-05T02:00,21.4,86,0.0,18.9,956.4,89,9.4,23,22.7,0.232,0.342,0.0,,0.36
2023-12-05T03:00,20.9,87,0.0,18.7,955.6,100,9.9,350,22.4,0.232,0.342,0.0,,0.31
2023-12-05T04:00,20.7,87,0.0,18.5,955.7,100,12.3,15,22.1,0.232,0.342,0.0,,0.3
2023-12-05T05:00,20.6,87,0.0,18.5,955.8,96,13.4,5,21.9,0.232,0.342,0.0,,0.3
2023-12-05T06:00,20.6,87,0.0,18.4,956.7,100,12.6,24,22.2,0.231,0.342,0.0,,0.3
2023-12-05T07:00,21.2,85,0.0,18.6,957.1,100,12.6,20,22.1,0.231,0.342,25.0,,0.37
2023-12-05T08:00,22.8,79,0.0,19.0,958.3,100,12.8,38,22.8,0.23,0.342,149.0,,0.58
2023-12-05T09:00,24.6,73,0.0,19.4,958.7,100,16.5,20,24.1,0.228,0.342,341.0,,0.84
2023-12-05T10:00,26.3,69,0.0,20.1,958.6,100,17.3,23,25.9,0.224,0.342,535.0,,1.07
2023-12-05T11:00,27.7,61,0.0,19.6,957.9,100,22.9,44,27.5,0.22,0.342,640.0,,1.43
2023-12-05T12:00,28.0,59,0.0,19.2,956.6,100,20.0,39,28.2,0.216,0.342,528.0,,1.54
2023-12-05T13:00,29.0,56,0.0,19.2,955.4,100,18.7,30,29.1,0.211,0.342,560.0,,1.78
2023-12-05T14:00,29.3,53,0.0,18.8,954.8,100,18.2,34,29.5,0.207,0.342,497.0,,1.91
2023-12-05T15:00,29.0,54,0.1,18.7,954.8,100,17.4,34,29.4,0.204,0.342,384.0,,1.86
2023-12-05T16:00,28.2,57,0.0,18.9,955.0,100,16.3,35,28.8,0.201,0.342,221.0,,1.64
2023-12-05T17:00,26.9,66,0.0,20.0,955.5,100,13.5,25,27.8,0.2,0.342,51.0,,1.21
2023-12-05T18:00,24.7,75,0.0,20.0,956.4,100,14.6,33,26.3,0.204,0.35,3.0,,0.78
2023-12-05T19:00,24.2,78,0.0,20.0,957.3,100,15.0,30,25.5,0.203,0.35,0.0,,0.67
2023-12-05T20:00,23.4,81,0.0,19.9,958.0,100,15.0,30,24.8,0.203,0.35,0.0,,0.55
2023-12-05T21:00,22.8,83,0.2,19.8,958.5,100,14.2,27,24.3,0.206,0.35,0.0,,0.47
2023-12-05T22:00,22.4,86,0.1,19.9,958.4,100,12.0,7,23.8,0.206,0.35,0.0,,0.39
2023-12-05T23:00,22.5,86,0.0,20.0,958.2,100,11.3,9,23.5,0.206,0.35,0.0,,0.39
2023-12-06T00:00,22.4,87,0.0,20.1,958.0,100,9.0,358,23.3,0.206,0.35,0.0,,0.36
2023-12-06T01:00,22.0,88,0.0,19.9,957.7,100,8.6,358,23.1,0.206,0.35,0.0,,0.32
2023-12-06T02:00,21.6,89,0.0,19.8,957.3,100,10.5,8,22.8,0.206,0.35,0.0,,0.28
2023-12-06T03:00,21.4,90,0.0,19.6,957.0,100,9.8,17,22.6,0.207,0.35,0.0,,0.26
2023-12-06T04:00,20.8,92,0.0,19.4,957.0,100,8.7,5,22.3,0.207,0.35,0.0,,0.2
2023-12-06T05:00,20.5,92,0.0,19.2,957.2,100,9.7,358,22.1,0.207,0.35,0.0,,0.19
2023-12-06T06:00,21.5,89,0.0,19.5,957.5,99,11.4,18,23.2,0.203,0.351,0.0,,0.29
2023-12-06T07:00,21.8,86,0.0,19.4,958.1,100,10.9,9,23.0,0.203,0.351,26.0,,0.36
2023-12-06T08:00,22.9,80,0.0,19.2,959.0,73,14.5,19,23.6,0.202,0.351,176.0,,0.57
2023-12-06T09:00,24.2,73,0.0,19.0,959.8,58,14.5,19,24.7,0.2,0.351,333.0,,0.81
2023-12-06T10:00,25.4,69,0.0,19.2,959.8,99,12.5,18,26.2,0.197,0.351,483.0,,1.02
2023-12-06T11:00,26.0,66,0.1,19.2,958.9,92,12.5,12,27.3,0.195,0.351,419.0,,1.14
2023-12-06T12:00,26.7,63,0.0,19.0,958.0,91,12.6,358,28.3,0.192,0.35,510.0,,1.31
2023-12-06T13:00,27.0,60,0.0,18.7,956.9,74,10.2,352,28.8,0.188,0.35,415.0,,1.42
2023-12-06T14:00,27.3,59,0.0,18.6,956.3,28,9.8,354,29.6,0.185,0.35,517.0,,1.49
2023-12-06T15:00,27.4,58,0.0,18.4,956.3,47,9.4,360,29.8,0.182,0.35,442.0,,1.53
2023-12-06T16:00,27.1,59,0.1,18.3,956.4,78,7.8,347,29.3,0.18,0.35,251.0,,1.47
2023-12-06T17:00,26.0,69,0.0,19.8,957.0,100,7.0,325,28.1,0.18,0.35,85.0,,1.05
2023-12-06T18:00,23.4,82,0.1,20.2,958.2,81,6.5,357,26.3,0.185,0.36,3.0,,0.52
2023-12-06T19:00,23.6,82,0.0,20.3,958.8,99,6.2,21,25.5,0.185,0.36,0.0,,0.53
2023-12-06T20:00,22.8,84,0.0,20.0,959.1,87,9.2,26,24.7,0.185,0.36,0.0,,0.44
2023-12-06T21:00,22.1,86,0.0,19.6,959.4,79,9.0,23,24.0,0.185,0.36,0.0,,0.37
2023-12-06T22:00,21.5,88,0.0,19.5,959.7,62,9.2,21,23.4,0.185,0.36,0.0,,0.3
2023-12-06T23:00,21.0,89,0.0,19.2,959.4,10,11.3,31,23.0,0.185,0.36,0.0,,0.26
2023-12-07T00:00,20.5,91,0.0,19.0,958.6,90,10.3,36,22.5,0.185,0.36,0.0,,0.22
2023-12-07T01:00,20.1,93,0.0,18.9,958.2,9,8.7,45,22.1,0.186,0.36,0.0,,0.17
2023-12-07T02:00,19.7,95,0.0,18.8,957.7,0,6.6,41,21.7,0.186,0.36,0.0,,0.12
2023-12-07T03:00,19.3,96,0.0,18.6,957.6,2,5.6,27,21.4,0.186,0.36,0.0,,0.09
2023-12-07T04:00,19.1,97,0.0,18.5,957.6,49,5.8,30,21.1,0.187,0.36,0.0,,0.07
2023-12-07T05:00,18.9,97,0.0,18.4,957.9,79,6.6,29,20.8,0.187,0.36,0.0,,0.06
2023-12-07T06:00,19.5,97,0.0,18.9,959.2,92,4.7,58,22.1,0.186,0.36,0.0,,0.08
2023-12-07T07:00,20.0,95,0.0,19.1,960.3,89,3.8,17,21.9,0.186,0.36,27.0,,0.13
2023-12-07T08:00,21.5,88,0.0,19.5,961.4,95,7.9,43,22.8,0.186,0.36,176.0,,0.3
2023-12-07T09:00,22.9,81,0.0,19.6,961.8,100,6.4,74,24.3,0.184,0.36,327.0,,0.52
2023-12-07T10:00,24.2,75,0.0,19.5,961.4,64,2.9,83,26.1,0.183,0.36,433.0,,0.74
2023-12-07T11:00,24.9,74,0.0,19.8,960.7,39,1.0,315,27.9,0.18,0.36,527.0,,0.83
2023-12-07T12:00,25.7,69,0.0,19.6,959.6,10,3.2,297,29.6,0.177,0.36,622.0,,1.03
2023-12-07T13:00,26.6,63,0.1,19.1,958.3,28,5.8,266,30.9,0.173,0.36,687.0,,1.27
2023-12-07T14:00,27.1,60,0.0,18.6,957.4,7,8.0,265,31.4,0.169,0.36,596.0,,1.45
2023-12-07T15:00,27.3,57,0.0,17.9,957.2,20,8.2,285,31.2,0.165,0.36,471.0,,1.58
2023-12-07T16:00,27.1,57,0.0,18.0,957.5,25,8.6,303,30.3,0.163,0.36,289.0,,1.53
2023-12-07T17:00,26.0,67,0.0,19.5,958.0,8,7.1,315,28.8,0.162,0.36,104.0,,1.09
2023-12-07T18:00,24.1,81,0.0,20.7,958.5,55,6.1,332,26.9,0.171,0.367,4.0,,0.56
2023-12-07T19:00,23.3,85,0.0,20.7,959.3,83,6.2,21,25.7,0.171,0.367,0.0,,0.43
2023-12-07T20:00,22.6,87,0.0,20.4,959.6,84,7.3,57,24.8,0.171,0.367,0.0,,0.35
2023-12-07T21:00,21.9,90,0.0,20.2,959.9,87,7.1,75,24.0,0.172,0.367,0.0,,0.27
2023-12-07T22:00,21.3,92,0.0,19.9,959.9,93,6.3,59,23.4,0.172,0.367,0.0,,0.2
2023-12-07T23:00,20.8,94,0.0,19.7,959.6,97,7.7,41,22.8,0.172,0.367,0.0,,0.15
2023-12-08T00:00,20.4,91,0.0,19.0,959.3,100,11.4,55,22.4,0.173,0.367,0.0,,0.21
2023-12-08T01:00,20.1,90,0.0,18.5,959.0,99,12.6,63,22.0,0.173,0.367,0.0,,0.23
2023-12-08T02:00,19.8,91,0.0,18.4,958.4,89,11.9,61,21.7,0.173,0.367,0.0,,0.2
2023-12-08T03:00,19.6,92,0.0,18.3,958.3,99,11.8,59,21.4,0.174,0.367,0.0,,0.18
2023-12-08T04:00,19.5,92,0.0,18.2,958.3,100,11.3,59,21.1,0.174,0.367,0.0,,0.18
2023-12-08T05:00,19.3,93,0.0,18.1,958.7,98,10.5,68,20.9,0.174,0.367,0.0,,0.16
2023-12-08T06:00,19.2,93,0.0,18.1,959.3,85,9.4,72,21.1,0.175,0.367,0.0,,0.15
2023-12-08T07:00,19.7,92,0.0,18.3,960.4,78,8.3,92,21.0,0.175,0.367,27.0,,0.19
2023-12-08T08:00,21.3,86,0.0,18.8,961.8,89,8.9,111,22.0,0.175,0.367,186.0,,0.36
2023-12-08T09:00,23.1,80,0.0,19.4,962.5,89,8.4,121,23.7,0.174,0.367,384.0,,0.57
2023-12-08T10:00,24.9,70,0.1,18.9,962.4,66,9.8,118,25.8,0.172,0.366,556.0,,0.96
2023-12-08T11:00,25.8,65,0.0,18.6,961.8,76,7.1,114,27.4,0.168,0.366,552.0,,1.17
2023-12-08T12:00,26.7,60,0.0,18.3,960.7,63,4.8,103,29.1,0.164,0.366,633.0,,1.41
2023-12-08T13:00,27.2,57,0.0,18.0,959.6,50,2.9,83,30.3,0.16,0.366,594.0,,1.54
2023-12-08T14:00,27.7,54,0.0,17.6,958.8,19,0.4,360,31.2,0.157,0.366,583.0,,1.69
2023-12-08T15:00,27.9,52,0.0,17.0,958.7,24,2.9,270,31.4,0.153,0.366,452.0,,1.82
2023-12-08T16:00,27.7,52,0.0,17.0,958.6,43,4.7,293,30.6,0.152,0.366,265.0,,1.77
2023-12-08T17:00,26.6,63,0.0,19.1,958.8,20,4.2,301,29.1,0.151,0.366,103.0,,1.27
2023-12-08T18:00,25.1,76,0.0,20.6,959.0,24,4.8,48,27.7,0.152,0.368,4.0,,0.75
2023-12-08T19:00,25.6,65,0.0,18.4,959.9,14,2.1,59,26.6,0.152,0.368,0.0,,1.16
2023-12-08T20:00,25.0,67,0.0,18.5,960.2,15,1.1,270,25.6,0.152,0.368,0.0,,1.03
2023-12-08T21:00,24.3,71,0.0,18.6,960.6,15,1.3,304,24.7,0.153,0.368,0.0,,0.89
2023-12-08T22:00,22.5,83,0.0,19.5,960.7,18,6.3,24,24.0,0.153,0.368,0.0,,0.46
2023-12-08T23:00,21.8,81,0.0,18.3,960.7,26,14.3,43,23.4,0.153,0.368,0.0,,0.5
2023-12-09T00:00,21.3,80,0.0,17.7,960.4,8,13.5,56,22.9,0.153,0.368,0.0,,0.51
2023-12-09T01:00,20.8,82,0.0,17.5,960.3,2,12.3,69,22.4,0.154,0.368,0.0,,0.45
2023-12-09T02:00,20.4,83,0.0,17.4,959.8,15,13.2,68,22.0,0.154,0.368,0.0,,0.42
2023-12-09T03:00,20.1,84,0.0,17.4,959.6,17,13.0,66,21.6,0.154,0.367,0.0,,0.37
2023-12-09T04:00,19.9,86,0.0,17.4,959.8,25,13.0,71,21.3,0.154,0.367,0.0,,0.33
2023-12-09T05:00,19.6,87,0.0,17.5,960.3,89,14.1,84,21.1,0.155,0.367,0.0,,0.29
2023-12-09T06:00,19.5,88,0.0,17.4,961.2,98,13.7,85,21.9,0.154,0.366,0.0,,0.28
2023-12-09T07:00,20.0,86,0.0,17.6,962.3,100,14.2,83,21.7,0.154,0.366,26.0,,0.33
2023-12-09T08:00,21.8,80,0.0,18.3,963.5,99,14.4,87,22.4,0.154,0.366,183.0,,0.52
2023-12-09T09:00,24.0,71,0.0,18.5,964.1,100,15.1,91,23.9,0.152,0.366,381.0,,0.86
2023-12-09T10:00,26.0,62,0.0,18.2,964.0,95,15.6,98,25.9,0.149,0.366,556.0,,1.27
2023-12-09T11:00,27.3,56,0.0,17.7,963.5,91,13.8,99,27.9,0.145,0.366,678.0,,1.6
2023-12-09T12:00,28.2,52,0.0,17.4,962.2,91,8.3,88,29.8,0.141,0.366,742.0,,1.83
2023-12-09T13:00,28.5,50,0.0,17.0,961.0,38,6.6,68,31.0,0.137,0.366,639.0,,1.94
2023-12-09T14:00,28.8,48,0.0,16.8,960.1,31,6.5,56,31.9,0.132,0.365,627.0,,2.05
2023-12-09T15:00,28.9,47,0.0,16.4,959.8,35,7.0,55,32.0,0.129,0.365,484.0,,2.11
2023-12-09T16:00,28.6,46,0.0,16.0,959.4,22,7.7,53,31.1,0.127,0.365,299.0,,2.09
2023-12-09T17:00,27.0,60,0.0,18.5,959.5,27,6.9,51,29.6,0.126,0.365,109.0,,1.44
2023-12-09T18:00,25.5,71,0.0,20.0,959.5,9,6.3,59,28.1,0.127,0.366,4.0,,0.93
2023-12-09T19:00,25.0,74,0.0,20.0,960.0,3,5.6,27,26.8,0.127,0.366,0.0,,0.83
2023-12-09T20:00,24.2,72,0.0,18.8,960.3,7,11.0,23,25.7,0.127,0.365,0.0,,0.85
2023-12-09T21:00,23.0,76,0.0,18.4,960.6,8,15.0,48,24.8,0.127,0.365,0.0,,0.68
2023-12-09T22:00,22.2,73,0.0,17.2,960.9,2,15.3,51,24.0,0.127,0.365,0.0,,0.72
2023-12-09T23:00,21.7,73,0.0,16.7,960.7,1,15.3,49,23.3,0.127,0.365,0.0,,0.69
2023-12-10T00:00,21.2,75,0.0,16.5,960.2,0,15.3,56,22.7,0.127,0.365,0.0,,0.64
2023-12-10T01:00,20.8,76,0.0,16.4,959.8,2,13.9,65,22.2,0.128,0.365,0.0,,0.59
2023-12-10T02:00,20.4,77,0.0,16.2,959.3,6,13.1,74,21.8,0.128,0.365,0.0,,0.55
2023-12-10T03:00,20.0,77,0.0,15.9,958.9,15,13.2,79,21.4,0.128,0.365,0.0,,0.53
2023-12-10T04:00,19.7,78,0.0,15.7,958.8,12,12.9,77,21.1,0.128,0.365,0.0,,0.51
2023-12-10T05:00,19.2,80,0.0,15.7,959.6,20,11.1,126,20.7,0.128,0.365,0.0,,0.43
2023-12-10T06:00,19.3,80,0.0,15.9,960.4,3,11.2,90,21.4,0.128,0.364,0.0,,0.44
2023-12-10T07:00,19.8,79,0.0,16.0,961.1,6,11.2,86,21.2,0.128,0.364,25.0,,0.48
2023-12-10T08:00,21.7,73,0.0,16.5,962.3,0,10.8,92,22.0,0.128,0.363,180.0,,0.71
2023-12-10T09:00,23.8,65,0.0,16.8,962.9,0,12.7,98,23.7,0.127,0.363,383.0,,1.03
2023-12-10T10:00,25.7,57,0.0,16.5,962.8,0,13.8,105,25.9,0.124,0.363,561.0,,1.43
2023-12-10T11:00,27.0,51,0.0,16.1,962.2,1,13.1,106,28.0,0.12,0.363,686.0,,1.72
2023-12-10T12:00,27.9,49,0.0,16.1,961.1,33,8.9,104,30.0,0.116,0.363,743.0,,1.93
2023-12-10T13:00,28.3,46,0.0,15.6,959.9,54,3.9,68,31.3,0.113,0.363,612.0,,2.08
2023-12-10T14:00,28.6,44,0.0,15.2,959.2,35,3.8,41,32.0,0.109,0.363,509.0,,2.19
2023-12-10T15:00,28.9,42,0.0,14.8,958.6,62,5.3,28,32.2,0.107,0.363,453.0,,2.29
2023-12-10T16:00,28.6,42,0.0,14.4,958.4,54,8.0,27,31.5,0.105,0.363,287.0,,2.28
2023-12-10T17:00,27.0,51,0.0,16.1,958.8,31,10.3,29,29.8,0.104,0.363,106.0,,1.74
2023-12-10T18:00,25.7,69,0.0,19.6,958.9,48,5.0,30,28.5,0.102,0.36,4.0,,1.03
2023-12-10T19:00,26.4,55,0.0,16.5,959.7,3,1.8,349,27.2,0.102,0.36,0.0,,1.56
2023-12-10T20:00,24.2,73,0.0,19.0,960.0,5,6.0,253,25.9,0.103,0.36,0.0,,0.82
2023-12-10T21:00,24.7,66,0.0,17.9,960.6,8,3.8,287,24.8,0.103,0.36,0.0,,1.06
2023-12-10T22:00,22.6,74,0.0,17.7,960.9,21,12.7,43,24.0,0.104,0.36,0.0,,0.71
2023-12-10T23:00,21.7,71,0.0,16.3,960.5,32,15.0,55,23.3,0.104,0.36,0.0,,0.74
2023-12-11T00:00,21.2,72,0.0,16.0,960.1,69,15.2,68,22.7,0.104,0.36,0.0,,0.7
2023-12-11T01:00,20.7,73,0.0,15.7,959.6,34,15.0,73,22.1,0.104,0.36,0.0,,0.65
2023-12-11T02:00,20.3,73,0.0,15.4,958.9,54,15.7,58,21.7,0.104,0.36,0.0,,0.64
2023-12-11T03:00,19.8,74,0.0,15.1,958.9,10,12.1,80,21.2,0.104,0.36,0.0,,0.59
2023-12-11T04:00,19.4,75,0.0,14.8,959.0,16,12.2,88,20.8,0.104,0.36,0.0,,0.57
2023-12-11T05:00,19.1,76,0.0,14.8,959.5,31,12.9,117,20.5,0.104,0.359,0.0,,0.53
2023-12-11T06:00,19.2,77,0.0,15.1,960.7,32,13.6,112,21.1,0.105,0.361,0.0,,0.51
2023-12-11T07:00,19.8,75,0.0,15.1,961.5,84,14.0,113,20.9,0.106,0.361,24.0,,0.59
2023-12-11T08:00,21.8,68,0.0,15.5,962.3,92,13.5,115,21.7,0.105,0.361,177.0,,0.84
2023-12-11T09:00,23.8,60,0.0,15.6,963.0,16,16.1,124,23.5,0.104,0.361,388.0,,1.17
2023-12-11T10:00,25.6,54,0.0,15.5,962.8,63,17.3,132,25.7,0.102,0.361,563.0,,1.52
2023-12-11T11:00,27.0,48,0.0,15.2,962.5,100,14.0,136,28.0,0.099,0.36,691.0,,1.83
2023-12-11T12:00,27.9,45,0.0,15.0,961.5,99,11.5,141,30.1,0.095,0.36,745.0,,2.04
2023-12-11T13:00,28.4,43,0.0,14.8,960.4,100,8.3,146,31.8,0.092,0.36,731.0,,2.18
2023-12-11T14:00,28.7,42,0.0,14.5,959.6,90,5.2,155,33.0,0.089,0.36,655.0,,2.28
2023-12-11T15:00,28.7,41,0.0,14.3,959.2,41,2.8,220,33.3,0.086,0.36,507.0,,2.31
2023-12-11T16:00,28.5,41,0.0,14.2,958.9,36,3.5,204,32.5,0.085,0.36,286.0,,2.28
2023-12-11T17:00,27.6,53,0.0,17.1,959.3,47,4.7,180,30.8,0.084,0.36,112.0,,1.75
2023-12-11T18:00,26.1,65,0.0,18.9,959.6,84,4.8,117,29.3,0.083,0.358,4.0,,1.2
2023-12-11T19:00,24.8,68,0.0,18.6,960.2,24,6.2,83,27.7,0.084,0.358,0.0,,0.99
2023-12-11T20:00,25.0,59,0.0,16.4,960.8,40,3.2,90,26.4,0.084,0.358,0.0,,1.3
2023-12-11T21:00,24.0,65,0.0,17.0,960.8,18,5.9,52,25.4,0.084,0.358,0.0,,1.04
2023-12-11T22:00,22.4,66,0.0,15.9,960.6,1,8.4,43,24.3,0.084,0.358,0.0,,0.91
2023-12-11T23:00,20.9,74,0.0,16.0,959.9,2,10.5,49,23.3,0.085,0.358,0.0,,0.65
2023-12-12T00:00,20.5,75,0.0,16.0,959.4,43,15.5,68,22.6,0.085,0.358,0.0,,0.6
2023-12-12T01:00,20.5,70,0.0,14.8,958.8,32,15.2,85,22.0,0.085,0.358,0.0,,0.73
2023-12-12T02:00,20.4,68,0.0,14.4,958.3,27,14.5,84,21.5,0.085,0.358,0.0,,0.76
2023-12-12T03:00,20.3,68,0.0,14.2,958.0,7,14.8,91,21.2,0.085,0.357,0.0,,0.76
2023-12-12T04:00,19.5,71,0.0,14.1,957.9,0,13.1,106,20.8,0.085,0.357,0.0,,0.66
2023-12-12T05:00,18.8,74,0.0,14.1,958.3,0,11.1,119,20.3,0.086,0.357,0.0,,0.56
2023-12-12T06:00,18.9,75,0.0,14.3,959.3,90,10.9,98,21.0,0.083,0.353,0.0,,0.55
2023-12-12T07:00,19.3,73,0.0,14.2,960.4,91,11.3,112,20.7,0.083,0.353,23.0,,0.61
2023-12-12T08:00,21.0,67,0.0,14.6,961.6,43,12.8,122,21.6,0.083,0.353,172.0,,0.83
2023-12-12T09:00,23.1,61,0.0,15.1,962.1,0,15.7,127,23.4,0.082,0.353,387.0,,1.1
2023-12-12T10:00,25.1,55,0.0,15.3,961.9,0,17.1,134,25.8,0.081,0.353,564.0,,1.45
2023-12-12T11:00,26.8,48,0.0,14.9,961.1,3,15.8,137,28.2,0.078,0.353,691.0,,1.82
2023-12-12T12:00,27.8,44,0.0,14.6,960.1,77,12.5,136,30.6,0.076,0.353,750.0,,2.07
2023-12-12T13:00,28.4,42,0.0,14.2,958.9,47,8.4,130,32.5,0.073,0.353,738.0,,2.25
2023-12-12T14:00,28.8,40,0.0,13.9,958.2,12,5.5,122,33.9,0.07,0.353,656.0,,2.37
2023-12-12T15:00,28.9,39,0.0,13.6,957.9,29,5.4,132,34.2,0.068,0.353,505.0,,2.41
2023-12-12T16:00,28.7,39,0.0,13.4,957.9,93,6.5,124,33.4,0.067,0.353,308.0,,2.39
2023-12-12T17:00,27.5,44,0.0,14.2,958.3,31,7.2,117,31.6,0.067,0.352,115.0,,2.06
2023-12-12T18:00,25.7,64,0.0,18.3,958.5,45,3.6,143,29.7,0.066,0.352,4.0,,1.19
2023-12-12T19:00,24.6,62,0.0,16.9,959.1,10,7.2,243,28.0,0.066,0.352,0.0,,1.17
2023-12-12T20:00,23.2,74,0.0,18.4,959.7,26,4.4,235,26.5,0.066,0.352,0.0,,0.73
2023-12-12T21:00,23.3,67,0.0,16.8,959.9,37,8.2,119,25.5,0.066,0.351,0.0,,0.94
2023-12-12T22:00,23.2,66,0.0,16.4,959.9,2,10.0,150,24.6,0.066,0.351,0.0,,0.98
2023-12-12T23:00,23.1,62,0.0,15.5,959.4,2,13.6,202,23.8,0.067,0.351,0.0,,1.06
2023-12-13T00:00,21.3,72,0.0,16.0,958.8,2,7.5,125,23.0,0.067,0.351,0.0,,0.72
2023-12-13T01:00,20.2,75,0.0,15.7,958.5,1,15.0,69,22.3,0.067,0.351,0.0,,0.58
2023-12-13T02:00,20.1,73,0.0,15.0,958.1,13,12.3,97,21.6,0.067,0.351,0.0,,0.64
2023-12-13T03:00,19.7,73,0.0,14.7,957.6,55,13.7,104,21.1,0.067,0.351,0.0,,0.63
2023-12-13T04:00,19.5,70,0.0,13.9,957.9,90,14.8,108,20.7,0.068,0.351,0.0,,0.68
2023-12-13T05:00,19.2,69,0.0,13.3,958.6,78,13.7,113,20.3,0.068,0.351,0.0,,0.69
2023-12-13T06:00,18.9,71,0.0,13.5,959.8,94,14.8,104,20.3,0.071,0.354,0.0,,0.63
2023-12-13T07:00,19.0,71,0.0,13.7,960.7,29,12.0,111,20.1,0.071,0.354,24.0,,0.63
2023-12-13T08:00,21.0,66,0.0,14.3,962.2,22,11.0,113,21.1,0.071,0.354,182.0,,0.85
2023-12-13T09:00,23.1,60,0.0,15.0,963.0,2,15.3,120,23.1,0.071,0.354,387.0,,1.13
2023-12-13T10:00,25.2,54,0.0,15.3,962.8,16,15.1,130,25.7,0.069,0.354,566.0,,1.46
2023-12-13T11:00,27.0,46,0.0,14.4,962.1,37,14.5,134,28.5,0.068,0.354,692.0,,1.93
2023-12-13T12:00,28.1,38,0.0,12.7,960.9,46,10.9,124,31.0,0.065,0.354,753.0,,2.34
2023-12-13T13:00,28.6,37,0.0,12.4,959.6,48,9.0,113,33.1,0.063,0.353,743.0,,2.47
2023-12-13T14:00,28.8,36,0.0,12.4,958.8,2,8.1,103,34.4,0.061,0.353,660.0,,2.52
2023-12-13T15:00,28.9,35,0.0,12.1,958.7,5,9.2,69,34.7,0.06,0.353,515.0,,2.57
2023-12-13T16:00,28.5,35,0.0,11.8,958.8,5,12.6,53,33.8,0.059,0.353,319.0,,2.51
2023-12-13T17:00,27.3,40,0.0,12.3,959.2,2,11.5,44,32.0,0.058,0.353,115.0,,2.19
2023-12-13T18:00,26.0,47,0.0,13.9,959.6,39,10.5,49,29.9,0.059,0.354,4.0,,1.77
2023-12-13T19:00,25.3,49,0.0,13.9,960.3,29,9.1,99,28.3,0.059,0.354,0.0,,1.64
2023-12-13T20:00,24.0,56,0.0,14.5,960.8,29,11.7,146,26.8,0.059,0.354,0.0,,1.32
2023-12-13T21:00,22.9,62,0.0,15.2,961.3,84,8.7,128,25.7,0.059,0.354,0.0,,1.07
2023-12-13T22:00,22.8,63,0.0,15.4,961.8,92,10.9,73,25.0,0.059,0.354,0.0,,1.03
2023-12-13T23:00,23.2,60,0.0,15.0,961.8,100,10.1,88,24.4,0.059,0.354,0.0,,1.14
2023-12-14T00:00,23.1,59,0.0,14.6,961.6,100,13.4,98,24.1,0.059,0.353,0.0,,1.16
2023-12-14T01:00,22.9,55,0.0,13.3,961.4,97,16.2,87,23.8,0.059,0.353,0.0,,1.27
2023-12-14T02:00,22.0,57,0.0,13.0,960.9,64,17.7,78,23.4,0.059,0.353,0.0,,1.15
2023-12-14T03:00,20.8,62,0.0,13.2,960.6,31,15.2,104,22.9,0.059,0.353,0.0,,0.94
2023-12-14T04:00,19.6,67,0.0,13.4,960.4,11,12.6,117,22.2,0.06,0.353,0.0,,0.74
2023-12-14T05:00,18.8,71,0.0,13.5,960.7,1,12.1,120,21.4,0.06,0.353,0.0,,0.63
2023-12-14T06:00,18.8,74,0.0,14.0,961.5,0,14.8,124,21.5,0.063,0.357,0.0,,0.56
2023-12-14T07:00,18.8,74,0.0,14.2,962.5,1,12.2,118,21.0,0.063,0.357,23.0,,0.56
2023-12-14T08:00,20.5,68,0.0,14.4,963.8,0,12.1,120,21.8,0.063,0.357,179.0,,0.78
2023-12-14T09:00,22.5,61,0.0,14.6,964.5,0,13.1,127,23.7,0.063,0.356,383.0,,1.06
2023-12-14T10:00,24.6,53,0.0,14.4,964.4,0,14.8,131,26.2,0.062,0.356,563.0,,1.44
2023-12-14T11:00,26.2,45,0.0,13.2,963.7,0,15.3,120,28.8,0.061,0.356,691.0,,1.87
2023-12-14T12:00,27.2,41,0.0,12.6,962.6,6,13.8,105,31.3,0.059,0.356,752.0,,2.14
2023-12-14T13:00,27.7,38,0.0,12.2,961.7,1,13.1,98,33.2,0.058,0.356,731.0,,2.29
2023-12-14T14:00,28.0,37,0.0,12.0,960.6,0,13.3,88,34.3,0.056,0.356,659.0,,2.38
2023-12-14T15:00,28.0,38,0.0,12.3,960.1,0,14.0,89,34.4,0.055,0.356,517.0,,2.35
2023-12-14T16:00,27.7,39,0.0,12.4,959.9,0,13.8,96,33.5,0.055,0.356,326.0,,2.28
2023-12-14T17:00,26.9,41,0.0,12.4,960.2,0,12.0,106,31.8,0.054,0.356,123.0,,2.1
2023-12-14T18:00,25.1,51,0.0,14.1,960.5,0,10.2,108,29.6,0.054,0.356,5.0,,1.57
2023-12-14T19:00,23.9,56,0.0,14.6,961.5,4,11.1,115,27.8,0.054,0.355,0.0,,1.3
2023-12-14T20:00,22.7,60,0.0,14.5,962.3,10,12.1,120,26.3,0.055,0.355,0.0,,1.11
2023-12-14T21:00,22.0,61,0.0,14.1,962.7,13,11.4,108,25.1,0.055,0.355,0.0,,1.03
2023-12-14T22:00,21.2,63,0.0,13.9,963.5,10,11.5,92,24.0,0.055,0.355,0.0,,0.92
2023-12-14T23:00,20.4,66,0.0,13.7,963.3,8,11.2,86,23.1,0.055,0.355,0.0,,0.82
2023-12-15T00:00,19.9,66,0.0,13.3,962.7,0,11.7,79,22.2,0.056,0.355,0.0,,0.79
2023-12-15T01:00,19.4,67,0.0,13.1,962.0,1,12.2,76,21.5,0.056,0.355,0.0,,0.74
2023-12-15T02:00,18.5,72,0.0,13.3,961.6,1,10.1,90,20.8,0.056,0.355,0.0,,0.6
2023-12-15T03:00,17.7,77,0.0,13.5,961.2,0,8.3,95,20.2,0.057,0.355,0.0,,0.47
2023-12-15T04:00,17.5,78,0.0,13.6,960.8,0,9.7,75,19.6,0.057,0.355,0.0,,0.44
2023-12-15T05:00,16.9,81,0.0,13.6,961.4,2,9.7,132,19.1,0.057,0.355,0.0,,0.37
2023-12-15T06:00,16.6,82,0.0,13.5,962.4,0,9.6,103,19.0,0.059,0.356,0.0,,0.34
2023-12-15T07:00,17.5,77,0.0,13.4,963.4,0,11.7,99,18.8,0.059,0.356,22.0,,0.46
2023-12-15T08:00,19.8,68,0.0,13.8,964.5,0,11.3,97,19.9,0.06,0.356,180.0,,0.73
2023-12-15T09:00,22.5,57,0.0,13.6,965.2,0,13.4,98,22.2,0.059,0.356,385.0,,1.17
2023-12-15T10:00,24.8,43,0.0,11.5,965.2,0,14.8,108,25.1,0.059,0.356,567.0,,1.77
2023-12-15T11:00,25.8,39,0.0,10.7,964.6,0,12.0,106,28.0,0.057,0.356,697.0,,2.04
2023-12-15T12:00,26.6,37,0.0,10.6,963.5,0,10.4,104,30.8,0.056,0.355,757.0,,2.21
2023-12-15T13:00,27.1,36,0.0,10.7,962.3,0,9.3,106,33.0,0.055,0.355,748.0,,2.3
2023-12-15T14:00,27.4,35,0.0,10.8,961.2,0,8.3,108,34.4,0.053,0.355,666.0,,2.36
2023-12-15T15:00,27.5,35,0.0,10.7,960.5,0,7.4,104,34.7,0.052,0.355,521.0,,2.37
2023-12-15T16:00,27.2,35,0.0,10.5,960.5,0,7.7,101,33.9,0.052,0.355,329.0,,2.34
2023-12-15T17:00,26.5,36,0.0,10.4,960.7,0,6.9,96,32.0,0.052,0.355,124.0,,2.2
2023-12-15T18:00,25.0,51,0.0,14.1,960.9,0,6.6,81,29.7,0.055,0.358,5.0,,1.56
2023-12-15T19:00,24.0,53,0.0,13.9,961.6,0,9.0,95,27.8,0.055,0.358,0.0,,1.4
2023-12-15T20:00,23.4,54,0.0,13.6,962.1,0,10.2,98,26.3,0.055,0.358,0.0,,1.32
2023-12-15T21:00,22.1,60,0.0,14.0,962.6,0,9.8,62,25.0,0.055,0.358,0.0,,1.07
2023-12-15T22:00,20.7,69,0.0,14.9,962.7,0,10.7,45,23.9,0.056,0.358,0.0,,0.75
2023-12-15T23:00,19.8,72,0.0,14.6,962.4,1,12.5,44,22.9,0.056,0.358,0.0,,0.65
2023-12-16T00:00,19.3,73,0.0,14.3,961.6,0,12.2,43,22.1,0.056,0.357,0.0,,0.61
2023-12-16T01:00,18.9,73,0.0,13.9,960.9,0,12.5,46,21.4,0.057,0.357,0.0,,0.6
2023-12-16T02:00,18.7,73,0.0,13.7,960.3,2,13.2,55,20.9,0.057,0.357,0.0,,0.59
2023-12-16T03:00,18.5,74,0.0,13.7,960.0,25,13.4,70,20.4,0.057,0.357,0.0,,0.56
2023-12-16T04:00,18.2,75,0.0,13.7,960.3,5,11.5,92,20.0,0.058,0.357,0.0,,0.52
2023-12-16T05:00,18.0,76,0.0,13.7,960.4,3,10.7,70,19.6,0.058,0.357,0.0,,0.49
2023-12-16T06:00,17.9,81,0.0,14.5,961.7,38,10.1,73,20.2,0.061,0.36,0.0,,0.4
2023-12-16T07:00,18.3,80,0.0,14.7,962.6,30,8.8,81,20.0,0.061,0.36,20.0,,0.43
2023-12-16T08:00,20.4,71,0.0,15.0,963.6,13,8.6,90,21.0,0.061,0.36,167.0,,0.69
2023-12-16T09:00,22.7,66,0.0,16.1,964.2,6,10.4,104,23.2,0.061,0.36,362.0,,0.93
2023-12-16T10:00,24.3,64,0.0,17.1,964.2,18,9.8,118,26.0,0.061,0.36,537.0,,1.09
2023-12-16T11:00,26.0,57,0.0,16.8,963.7,25,8.5,118,29.0,0.059,0.359,664.0,,1.44
2023-12-16T12:00,27.0,52,0.0,16.2,962.5,31,5.0,111,31.5,0.058,0.359,661.0,,1.71
2023-12-16T13:00,27.6,48,0.0,15.7,961.3,44,3.6,127,33.3,0.057,0.359,581.0,,1.91
2023-12-16T14:00,28.1,45,0.0,15.1,960.4,70,4.1,135,34.3,0.056,0.359,482.0,,2.09
2023-12-16T15:00,28.3,43,0.0,14.7,959.9,36,5.4,143,34.3,0.055,0.359,332.0,,2.17
2023-12-16T16:00,28.3,42,0.0,14.3,959.9,39,5.0,150,33.5,0.054,0.359,225.0,,2.22
2023-12-16T17:00,27.9,43,0.0,14.3,960.0,45,4.0,170,32.0,0.054,0.359,96.0,,2.13
2023-12-16T18:00,25.6,64,0.0,18.2,960.7,51,3.6,143,29.8,0.061,0.365,5.0,,1.19
2023-12-16T19:00,24.8,74,0.0,19.8,961.4,35,3.3,103,28.2,0.062,0.365,0.0,,0.81
2023-12-16T20:00,24.0,73,0.0,18.8,962.1,9,5.4,53,26.9,0.062,0.365,0.0,,0.81
2023-12-16T21:00,23.0,77,0.0,18.8,962.1,2,7.7,62,25.9,0.063,0.364,0.0,,0.65
2023-12-16T22:00,22.2,79,0.0,18.3,961.9,75,9.0,61,24.9,0.063,0.364,0.0,,0.56
2023-12-16T23:00,21.9,79,0.0,18.0,961.4,98,8.3,72,24.1,0.064,0.364,0.0,,0.56
2023-12-17T00:00,21.4,78,0.0,17.5,960.9,100,12.2,66,23.5,0.064,0.364,0.0,,0.55
2023-12-17T01:00,21.2,77,0.0,16.9,960.4,99,12.4,73,22.9,0.064,0.364,0.0,,0.58
2023-12-17T02:00,20.7,79,0.0,16.8,960.1,41,12.5,78,22.5,0.065,0.364,0.0,,0.52
2023-12-17T03:00,20.3,80,0.0,16.7,959.8,84,12.3,87,22.0,0.065,0.364,0.0,,0.47
2023-12-17T04:00,20.0,81,0.0,16.6,959.8,82,12.3,87,21.7,0.066,0.364,0.0,,0.45
2023-12-17T05:00,19.7,82,0.0,16.6,960.3,78,12.0,83,21.3,0.066,0.364,0.0,,0.4
2023-12-17T06:00,19.9,84,0.0,17.1,961.4,54,11.2,86,22.2,0.068,0.364,0.0,,0.37
2023-12-17T07:00,20.1,82,0.0,16.9,962.0,12,10.8,94,21.9,0.069,0.364,18.0,,0.42
2023-12-17T08:00,21.8,73,0.0,16.6,962.8,5,13.0,95,22.6,0.069,0.364,156.0,,0.71
2023-12-17T09:00,23.7,67,0.0,17.3,963.3,0,15.3,109,24.4,0.068,0.364,355.0,,0.95
2023-12-17T10:00,25.5,60,0.0,17.3,963.3,2,15.9,115,26.8,0.067,0.364,533.0,,1.29
2023-12-17T11:00,27.3,52,0.0,16.5,962.6,45,14.6,106,29.3,0.066,0.364,650.0,,1.74
2023-12-17T12:00,28.1,47,0.0,15.8,961.4,71,11.8,102,31.0,0.065,0.363,560.0,,2.0
2023-12-17T13:00,28.5,45,0.0,15.4,960.4,80,11.9,104,31.9,0.063,0.363,447.0,,2.14
2023-12-17T14:00,29.1,42,0.0,15.1,959.6,72,11.7,108,32.9,0.062,0.363,484.0,,2.32
2023-12-17T15:00,29.3,41,0.0,14.7,959.2,64,9.4,94,33.1,0.061,0.363,378.0,,2.39
2023-12-17T16:00,29.2,40,0.0,14.4,959.0,68,9.2,69,32.5,0.06,0.363,210.0,,2.41
2023-12-17T17:00,28.6,43,0.0,14.9,959.5,95,7.5,55,31.3,0.06,0.363,86.0,,2.21
2023-12-17T18:00,26.2,61,0.0,18.1,960.4,98,7.5,73,28.5,0.071,0.368,3.0,,1.33
2023-12-17T19:00,25.5,65,0.0,18.4,961.1,100,9.5,81,27.5,0.071,0.368,0.0,,1.15
2023-12-17T20:00,25.2,64,0.0,18.0,961.7,100,9.8,98,26.7,0.071,0.368,0.0,,1.14
2023-12-17T21:00,24.8,66,0.0,17.9,962.4,100,9.0,74,26.1,0.072,0.368,0.0,,1.08
2023-12-17T22:00,24.2,66,0.0,17.3,962.5,100,10.5,82,25.6,0.072,0.368,0.0,,1.04
2023-12-17T23:00,23.8,66,0.0,17.0,962.3,100,8.5,102,25.1,0.072,0.368,0.0,,1.01
2023-12-18T00:00,23.7,65,0.0,16.8,961.8,100,7.9,90,24.7,0.072,0.367,0.0,,1.01
2023-12-18T01:00,23.0,64,0.0,15.9,961.5,100,12.1,60,24.3,0.072,0.367,0.0,,1.01
2023-12-18T02:00,22.2,61,0.0,14.3,960.8,36,17.0,69,23.8,0.073,0.367,0.0,,1.05
2023-12-18T03:00,21.2,61,0.0,13.4,960.2,29,16.3,76,23.2,0.073,0.367,0.0,,0.98
2023-12-18T04:00,20.6,62,0.0,13.0,960.2,100,15.8,78,22.5,0.073,0.367,0.0,,0.93
2023-12-18T05:00,20.2,63,0.0,12.8,960.6,99,15.9,77,22.0,0.073,0.367,0.0,,0.88
2023-12-18T06:00,21.0,64,0.0,13.9,962.5,94,16.9,78,22.8,0.075,0.368,0.0,,0.9
2023-12-18T07:00,20.7,65,0.0,13.8,963.0,100,16.6,77,22.4,0.075,0.368,16.0,,0.86
2023-12-18T08:00,21.9,60,0.0,13.8,963.9,24,17.2,79,22.9,0.075,0.368,143.0,,1.06
2023-12-18T09:00,23.7,54,0.0,13.8,964.7,76,19.2,85,24.3,0.075,0.368,336.0,,1.35
2023-12-18T10:00,25.5,48,0.0,13.7,964.5,92,20.2,86,26.3,0.074,0.368,506.0,,1.69
2023-12-18T11:00,26.7,45,0.0,13.8,963.8,100,19.4,89,28.4,0.072,0.368,625.0,,1.92
2023-12-18T12:00,27.6,43,0.0,14.0,962.7,100,18.0,87,30.4,0.07,0.367,685.0,,2.09
2023-12-18T13:00,28.3,42,0.0,14.2,961.7,100,16.9,78,32.0,0.068,0.367,671.0,,2.22
2023-12-18T14:00,28.5,42,0.0,14.2,960.8,94,15.5,72,33.0,0.066,0.367,607.0,,2.27
2023-12-18T15:00,28.2,41,0.0,13.9,960.6,99,15.1,72,33.0,0.065,0.367,433.0,,2.24
2023-12-18T16:00,27.9,42,0.0,13.8,960.6,66,14.9,82,32.3,0.064,0.367,284.0,,2.18
2023-12-18T17:00,26.9,46,0.0,14.2,961.0,98,13.7,85,30.8,0.064,0.367,114.0,,1.93
2023-12-18T18:00,25.6,56,0.0,16.0,961.7,99,12.6,70,29.0,0.068,0.368,5.0,,1.45
2023-12-18T19:00,24.6,60,0.0,16.3,962.8,99,14.0,61,27.7,0.068,0.368,0.0,,1.24
2023-12-18T20:00,24.2,58,0.0,15.4,963.7,96,17.1,62,26.7,0.068,0.368,0.0,,1.26
2023-12-18T21:00,23.5,58,0.0,14.7,963.9,98,18.5,63,25.9,0.068,0.368,0.0,,1.21
2023-12-18T22:00,22.7,59,0.0,14.3,963.9,97,17.6,67,25.0,0.068,0.368,0.0,,1.12
2023-12-18T23:00,21.9,61,0.0,14.2,963.4,100,17.2,61,24.2,0.068,0.368,0.0,,1.01
2023-12-19T00:00,21.2,64,0.0,14.1,962.9,99,16.7,65,23.5,0.069,0.368,0.0,,0.91
2023-12-19T01:00,20.6,65,0.0,13.8,962.5,100,18.2,65,22.9,0.069,0.368,0.0,,0.85
2023-12-19T02:00,20.4,64,0.0,13.3,961.7,100,19.6,70,22.5,0.069,0.368,0.0,,0.86
2023-12-19T03:00,20.1,63,0.0,12.9,961.4,100,18.7,71,22.1,0.07,0.367,0.0,,0.86
2023-12-19T04:00,19.6,64,0.0,12.7,961.4,100,17.3,73,21.7,0.07,0.367,0.0,,0.81
2023-12-19T05:00,19.2,65,0.0,12.5,961.7,100,15.7,81,21.3,0.07,0.367,0.0,,0.78
2023-12-19T06:00,18.9,67,0.0,12.7,963.1,100,15.2,83,21.0,0.074,0.369,0.0,,0.71
2023-12-19T07:00,19.0,66,0.0,12.6,963.8,100,15.2,83,20.8,0.074,0.369,12.0,,0.74
2023-12-19T08:00,20.3,61,0.0,12.5,964.8,100,15.3,82,21.3,0.074,0.368,119.0,,0.93
2023-12-19T09:00,22.2,54,0.0,12.5,965.3,99,16.8,81,22.7,0.074,0.368,275.0,,1.22
2023-12-19T10:00,24.2,48,0.0,12.5,965.5,100,18.0,78,24.7,0.073,0.368,449.0,,1.57
2023-12-19T11:00,25.5,44,0.0,12.4,964.7,100,18.2,72,26.9,0.072,0.368,550.0,,1.81
2023-12-19T12:00,26.3,42,0.0,12.4,963.4,98,17.4,66,28.8,0.07,0.368,619.0,,1.98
2023-12-19T13:00,26.8,41,0.0,12.3,962.5,94,16.2,69,30.2,0.069,0.368,577.0,,2.08
2023-12-19T14:00,27.3,39,0.0,12.3,961.7,95,15.3,75,31.4,0.067,0.368,582.0,,2.2
2023-12-19T15:00,27.4,39,0.0,12.2,961.4,98,14.5,76,31.6,0.066,0.368,427.0,,2.22
2023-12-19T16:00,26.8,40,0.0,12.0,961.3,98,14.2,74,30.7,0.065,0.367,209.0,,2.12
2023-12-19T17:00,26.0,42,0.0,12.2,961.8,100,13.7,67,29.4,0.065,0.367,93.0,,1.94
2023-12-19T18:00,24.6,51,0.0,13.8,961.9,0,13.8,47,28.3,0.062,0.366,6.0,,1.52
2023-12-19T19:00,23.3,54,0.0,13.5,962.7,17,15.3,47,26.7,0.062,0.366,0.0,,1.31
2023-12-19T20:00,22.2,56,0.0,13.0,963.6,4,16.1,50,25.4,0.063,0.366,0.0,,1.18
2023-12-19T21:00,21.2,58,0.0,12.5,964.0,18,16.4,50,24.2,0.063,0.366,0.0,,1.07
2023-12-19T22:00,20.4,59,0.0,12.0,964.1,80,16.4,52,23.2,0.063,0.366,0.0,,0.99
2023-12-19T23:00,19.8,59,0.0,11.7,963.7,97,16.5,54,22.5,0.064,0.366,0.0,,0.94
2023-12-20T00:00,19.2,61,0.0,11.5,963.4,53,15.5,54,21.8,0.064,0.366,0.0,,0.87
2023-12-20T01:00,18.6,63,0.0,11.4,962.9,35,15.8,55,21.1,0.064,0.365,0.0,,0.79
2023-12-20T02:00,18.2,64,0.0,11.2,962.3,100,15.6,56,20.5,0.064,0.365,0.0,,0.75
2023-12-20T03:00,17.8,65,0.0,11.0,962.0,11,14.1,58,20.0,0.065,0.365,0.0,,0.72
2023-12-20T04:00,17.3,66,0.0,11.0,961.8,89,13.3,71,19.6,0.065,0.365,0.0,,0.67
2023-12-20T05:00,17.0,67,0.0,10.9,962.0,98,12.5,72,19.1,0.066,0.365,0.0,,0.63
2023-12-20T06:00,17.2,70,0.0,11.6,962.9,41,11.0,71,19.9,0.063,0.364,0.0,,0.59
2023-12-20T07:00,17.5,68,0.0,11.6,963.5,95,12.1,78,19.5,0.064,0.364,18.0,,0.64
2023-12-20T08:00,19.2,62,0.0,11.7,964.7,96,8.8,81,20.3,0.064,0.364,115.0,,0.85
2023-12-20T09:00,21.3,55,0.0,11.8,965.7,98,10.4,88,22.0,0.064,0.363,269.0,,1.15
2023-12-20T10:00,23.5,48,0.0,11.8,965.5,63,14.4,91,24.1,0.063,0.363,420.0,,1.51
2023-12-20T11:00,25.5,44,0.0,12.2,964.8,94,14.5,96,27.1,0.062,0.363,663.0,,1.84
2023-12-20T12:00,26.6,41,0.0,12.4,963.6,99,11.9,95,29.7,0.06,0.363,720.0,,2.05
2023-12-20T13:00,27.5,39,0.0,12.5,962.5,99,10.8,86,31.8,0.059,0.363,692.0,,2.22
2023-12-20T14:00,28.0,38,0.0,12.5,961.4,93,10.6,80,33.1,0.058,0.363,615.0,,2.32
2023-12-20T15:00,28.3,38,0.0,12.5,960.9,92,11.8,70,33.5,0.057,0.363,491.0,,2.39
2023-12-20T16:00,28.0,38,0.0,12.4,961.0,95,11.9,61,32.8,0.056,0.363,292.0,,2.33
2023-12-20T17:00,27.1,41,0.0,12.6,961.3,99,10.5,59,31.1,0.056,0.363,123.0,,2.12
2023-12-20T18:00,25.5,49,0.0,14.1,961.0,66,11.5,70,29.4,0.056,0.363,6.0,,1.65
2023-12-20T19:00,24.1,54,0.0,14.3,962.1,87,11.6,60,27.7,0.056,0.363,0.0,,1.37
2023-12-20T20:00,22.8,55,0.0,13.3,962.8,97,14.6,52,26.2,0.057,0.363,0.0,,1.24
2023-12-20T21:00,21.6,55,0.0,12.1,963.3,9,15.6,52,24.9,0.057,0.363,0.0,,1.17
2023-12-20T22:00,20.8,56,0.0,11.7,963.6,0,14.6,52,23.8,0.057,0.363,0.0,,1.08
2023-12-20T23:00,20.1,58,0.0,11.5,963.4,35,14.0,55,22.8,0.057,0.362,0.0,,0.99
2023-12-21T00:00,19.5,59,0.0,11.3,962.7,44,14.0,64,22.0,0.058,0.362,0.0,,0.93
2023-12-21T01:00,18.9,61,0.0,11.1,961.8,45,14.2,63,21.3,0.058,0.362,0.0,,0.86
2023-12-21T02:00,18.4,62,0.0,10.9,961.1,81,14.2,66,20.6,0.058,0.362,0.0,,0.81
2023-12-21T03:00,17.9,63,0.0,10.7,960.4,97,13.8,70,20.1,0.059,0.362,0.0,,0.76
2023-12-21T04:00,17.5,64,0.0,10.7,960.4,93,12.1,73,19.6,0.059,0.362,0.0,,0.71
2023-12-21T05:00,17.0,67,0.0,10.7,960.7,97,10.0,75,19.1,0.059,0.362,0.0,,0.64
2023-12-21T06:00,18.9,63,0.0,11.7,962.2,97,9.9,80,20.6,0.059,0.362,0.0,,0.81
2023-12-21T07:00,19.0,62,0.0,11.6,962.9,96,9.2,79,20.4,0.06,0.362,12.0,,0.83
2023-12-21T08:00,20.5,56,0.0,11.5,963.7,97,9.5,101,21.2,0.06,0.362,143.0,,1.06
2023-12-21T09:00,22.7,50,0.0,11.6,964.4,90,10.0,105,23.1,0.06,0.362,360.0,,1.38
2023-12-21T10:00,25.0,43,0.0,11.6,964.3,27,10.9,107,25.8,0.059,0.362,541.0,,1.79
2023-12-21T11:00,26.6,40,0.0,11.8,964.0,91,8.4,110,28.8,0.058,0.362,670.0,,2.1
2023-12-21T12:00,27.7,38,0.0,12.0,962.8,73,6.9,99,31.6,0.056,0.362,729.0,,2.32
2023-12-21T13:00,28.7,36,0.0,12.0,961.4,93,7.6,87,33.9,0.055,0.361,729.0,,2.52
2023-12-21T14:00,29.2,35,0.0,12.1,960.6,85,7.8,77,35.3,0.053,0.361,653.0,,2.64
2023-12-21T15:00,29.4,34,0.0,12.1,959.9,92,8.3,72,35.6,0.053,0.361,516.0,,2.68
2023-12-21T16:00,29.2,34,0.0,11.9,959.8,85,9.5,65,34.8,0.052,0.361,324.0,,2.66
2023-12-21T17:00,28.4,37,0.0,12.2,960.3,39,8.7,52,32.9,0.052,0.361,129.0,,2.44
2023-12-21T18:00,26.7,45,0.0,14.0,960.8,80,10.8,30,30.8,0.052,0.361,7.0,,1.91
2023-12-21T19:00,25.5,51,0.0,14.7,961.7,100,11.1,29,28.9,0.052,0.361,0.0,,1.58
2023-12-21T20:00,24.0,57,0.0,15.1,962.3,57,11.2,42,27.3,0.053,0.361,0.0,,1.27
2023-12-21T21:00,22.6,59,0.0,14.1,963.0,75,14.1,52,26.0,0.053,0.361,0.0,,1.13
2023-12-21T22:00,21.4,59,0.0,13.1,963.0,95,14.2,63,24.7,0.053,0.361,0.0,,1.05
2023-12-21T23:00,20.7,59,0.0,12.3,962.5,100,14.5,71,23.7,0.054,0.361,0.0,,1.01
2023-12-22T00:00,20.0,59,0.0,11.8,961.9,99,13.3,77,22.7,0.054,0.361,0.0,,0.95
2023-12-22T01:00,19.3,61,0.0,11.5,961.1,93,13.2,79,21.9,0.054,0.361,0.0,,0.88
2023-12-22T02:00,18.8,62,0.0,11.3,960.4,51,12.5,72,21.2,0.055,0.36,0.0,,0.83
2023-12-22T03:00,18.1,64,0.0,11.2,959.9,100,11.3,63,20.5,0.055,0.36,0.0,,0.74
2023-12-22T04:00,17.6,66,0.0,11.2,960.0,100,9.4,67,19.9,0.055,0.36,0.0,,0.68
2023-12-22T05:00,17.2,68,0.0,11.2,960.3,98,8.6,75,19.4,0.056,0.36,0.0,,0.64
2023-12-22T06:00,17.1,75,0.0,12.7,962.0,90,7.4,129,19.6,0.056,0.36,0.0,,0.48
2023-12-22T07:00,17.2,74,0.0,12.5,962.6,99,6.6,131,19.2,0.057,0.36,17.0,,0.51
2023-12-22T08:00,19.2,64,0.0,12.3,963.6,100,6.9,129,20.1,0.057,0.36,148.0,,0.8
2023-12-22T09:00,21.4,56,0.0,12.3,964.3,100,5.9,137,22.0,0.057,0.36,298.0,,1.12
2023-12-22T10:00,23.6,49,0.0,12.2,964.2,100,3.5,114,24.6,0.057,0.36,439.0,,1.49
2023-12-22T11:00,25.8,41,0.0,11.6,963.6,100,3.5,114,27.7,0.056,0.36,576.0,,1.96
2023-12-22T12:00,27.5,37,0.0,11.5,962.3,100,4.7,113,30.7,0.055,0.36,656.0,,2.31
2023-12-22T13:00,28.4,35,0.0,11.4,961.1,100,3.5,66,32.8,0.053,0.36,608.0,,2.52
2023-12-22T14:00,28.9,33,0.0,11.0,960.5,96,4.2,31,33.9,0.052,0.36,499.0,,2.67
2023-12-22T15:00,29.5,30,0.0,10.1,960.4,5,7.4,23,34.6,0.052,0.36,497.0,,2.89
2023-12-22T16:00,29.4,29,0.0,9.5,960.5,11,8.9,43,34.1,0.051,0.36,337.0,,2.9
2023-12-22T17:00,28.2,34,0.0,11.0,960.8,96,7.5,55,32.3,0.051,0.359,133.0,,2.51
2023-12-22T18:00,26.8,41,0.0,12.5,961.4,100,9.0,37,30.8,0.05,0.359,6.0,,2.06
2023-12-22T19:00,25.3,44,0.0,12.3,961.9,86,9.7,51,28.9,0.051,0.359,0.0,,1.79
2023-12-22T20:00,23.9,43,0.0,10.5,961.9,93,11.2,57,27.1,0.051,0.359,0.0,,1.69
2023-12-22T21:00,22.7,44,0.0,9.7,962.3,98,14.7,59,25.7,0.051,0.359,0.0,,1.55
2023-12-22T22:00,21.7,45,0.0,9.4,962.3,79,15.8,66,24.5,0.051,0.359,0.0,,1.41
2023-12-22T23:00,20.7,48,0.0,9.4,962.0,100,13.8,81,23.4,0.052,0.359,0.0,,1.25
2023-12-23T00:00,19.8,51,0.0,9.5,961.5,99,12.2,76,22.4,0.052,0.359,0.0,,1.12
2023-12-23T01:00,19.1,54,0.0,9.5,960.8,66,11.3,81,21.6,0.052,0.359,0.0,,1.02
2023-12-23T02:00,18.1,57,0.0,9.5,960.4,91,9.0,90,20.7,0.053,0.359,0.0,,0.88
2023-12-23T03:00,16.9,66,0.0,10.5,960.2,99,6.8,58,19.9,0.053,0.359,0.0,,0.66
2023-12-23T04:00,16.6,67,0.0,10.5,960.7,100,6.9,9,19.2,0.053,0.359,0.0,,0.62
2023-12-23T05:00,17.2,72,0.0,12.0,961.4,100,2.3,51,19.1,0.054,0.359,0.0,,0.55
2023-12-23T06:00,17.4,77,0.0,13.3,962.5,100,2.7,67,19.3,0.054,0.359,0.0,,0.45
2023-12-23T07:00,17.2,69,0.0,11.5,962.8,100,5.9,76,18.9,0.055,0.359,16.0,,0.61
2023-12-23T08:00,19.7,57,0.0,10.9,963.8,100,6.1,90,19.8,0.055,0.359,138.0,,0.99
2023-12-23T09:00,22.6,46,0.0,10.4,964.8,86,7.6,95,22.0,0.055,0.359,340.0,,1.49
2023-12-23T10:00,25.1,40,0.0,10.5,964.9,73,8.1,103,25.2,0.054,0.358,544.0,,1.91
2023-12-23T11:00,26.9,37,0.0,10.8,964.4,96,7.4,113,28.5,0.053,0.358,681.0,,2.25
2023-12-23T12:00,28.3,32,0.0,10.2,963.2,26,7.1,105,31.6,0.052,0.358,746.0,,2.6
2023-12-23T13:00,29.5,28,0.0,9.1,961.9,19,7.6,82,34.1,0.051,0.358,745.0,,2.96
2023-12-23T14:00,30.1,26,0.0,8.5,961.1,41,8.9,76,35.6,0.05,0.358,671.0,,3.16
2023-12-23T15:00,30.4,26,0.0,8.8,960.8,2,10.6,72,36.0,0.049,0.358,528.0,,3.2
2023-12-23T16:00,30.2,27,0.0,9.4,960.9,0,11.1,77,35.2,0.049,0.358,341.0,,3.12
2023-12-23T17:00,29.2,31,0.0,10.4,961.3,1,9.4,90,33.3,0.049,0.358,135.0,,2.78
2023-12-23T18:00,26.7,38,0.0,11.2,961.9,11,10.6,125,31.1,0.049,0.358,8.0,,2.17
2023-12-23T19:00,25.4,42,0.0,11.6,962.6,1,10.5,139,29.1,0.049,0.358,0.0,,1.88
2023-12-23T20:00,24.0,47,0.0,11.9,963.3,33,10.0,111,27.3,0.049,0.358,0.0,,1.6
2023-12-23T21:00,22.6,52,0.0,12.3,963.6,93,11.0,79,25.8,0.05,0.358,0.0,,1.31
2023-12-23T22:00,21.3,55,0.0,11.9,964.0,38,12.1,67,24.5,0.05,0.358,0.0,,1.14
2023-12-23T23:00,20.3,52,0.0,10.1,963.7,14,12.4,73,23.4,0.05,0.358,0.0,,1.15
2023-12-24T00:00,19.6,52,0.0,9.5,963.5,2,12.4,68,22.3,0.051,0.357,0.0,,1.09
2023-12-24T01:00,18.9,54,0.0,9.4,963.1,2,11.9,92,21.4,0.051,0.357,0.0,,1.0
2023-12-24T02:00,18.2,57,0.0,9.6,962.9,26,11.5,104,20.6,0.051,0.357,0.0,,0.89
2023-12-24T03:00,17.9,60,0.0,10.1,962.9,1,12.6,95,20.0,0.052,0.357,0.0,,0.81
2023-12-24T04:00,17.5,65,0.0,10.7,962.9,0,12.6,93,19.4,0.052,0.357,0.0,,0.71
2023-12-24T05:00,17.0,70,0.0,11.4,963.0,71,12.0,99,18.9,0.052,0.357,0.0,,0.59
2023-12-24T06:00,17.0,80,0.0,13.6,963.9,47,10.4,104,19.6,0.053,0.357,0.0,,0.39
2023-12-24T07:00,17.2,82,0.0,14.1,964.6,56,10.1,107,19.2,0.053,0.357,16.0,,0.35
2023-12-24T08:00,19.5,74,0.0,14.8,966.0,95,8.9,111,20.1,0.053,0.357,162.0,,0.59
2023-12-24T09:00,22.4,65,0.0,15.5,966.7,89,11.9,125,22.3,0.053,0.357,365.0,,0.94
2023-12-24T10:00,24.8,57,0.0,15.8,966.8,51,12.5,134,25.3,0.053,0.357,551.0,,1.34
2023-12-24T11:00,26.8,46,0.0,14.3,966.1,92,11.5,129,28.5,0.052,0.357,684.0,,1.9
2023-12-24T12:00,28.2,40,0.0,13.2,965.0,100,10.9,117,31.4,0.051,0.357,743.0,,2.31
2023-12-24T13:00,29.3,35,0.0,12.3,963.6,100,10.8,111,33.7,0.05,0.357,727.0,,2.63
2023-12-24T14:00,30.0,32,0.0,11.7,962.7,100,10.6,100,35.1,0.049,0.357,647.0,,2.86
2023-12-24T15:00,30.3,30,0.0,10.6,962.1,100,12.3,87,35.4,0.049,0.357,486.0,,3.04
2023-12-24T16:00,30.0,28,0.0,9.3,962.0,100,13.5,81,34.5,0.048,0.357,278.0,,3.07
2023-12-24T17:00,28.9,31,0.0,10.0,962.4,100,10.9,81,32.7,0.048,0.356,109.0,,2.74
2023-12-24T18:00,26.7,44,0.0,13.3,962.8,99,10.2,98,30.5,0.049,0.356,8.0,,1.97
2023-12-24T19:00,25.5,47,0.0,13.4,963.3,53,11.4,108,28.7,0.049,0.356,0.0,,1.72
2023-12-24T20:00,24.0,53,0.0,13.9,963.8,9,11.2,84,27.1,0.049,0.356,0.0,,1.39
2023-12-24T21:00,22.8,59,0.0,14.3,964.2,93,12.1,78,25.7,0.049,0.356,0.0,,1.14
2023-12-24T22:00,21.8,56,0.0,12.7,964.5,94,11.3,73,24.5,0.05,0.356,0.0,,1.14
2023-12-24T23:00,20.9,57,0.0,12.0,964.2,96,11.3,73,23.5,0.05,0.356,0.0,,1.07
2023-12-25T00:00,20.1,61,0.0,12.4,963.7,100,12.4,73,22.5,0.05,0.356,0.0,,0.91
2023-12-25T01:00,19.5,66,0.0,13.1,963.4,94,12.3,75,21.7,0.051,0.356,0.0,,0.76
2023-12-25T02:00,18.8,72,0.0,13.6,962.9,100,12.1,73,21.0,0.051,0.356,0.0,,0.61
2023-12-25T03:00,18.2,75,0.0,13.7,962.7,97,10.5,86,20.4,0.051,0.356,0.0,,0.52
2023-12-25T04:00,17.4,78,0.0,13.6,962.8,78,8.8,99,19.8,0.052,0.356,0.0,,0.43
2023-12-25T05:00,16.8,81,0.0,13.5,963.1,38,8.7,85,19.2,0.052,0.356,0.0,,0.37
2023-12-25T06:00,16.4,81,0.0,13.2,963.7,17,9.1,97,18.7,0.053,0.356,0.0,,0.35
2023-12-25T07:00,16.7,80,0.0,13.3,964.5,24,8.4,100,18.4,0.053,0.356,16.0,,0.38
2023-12-25T08:00,19.2,71,0.0,13.8,965.8,53,6.5,93,19.4,0.053,0.356,163.0,,0.65
2023-12-25T09:00,22.1,62,0.0,14.6,966.8,87,8.4,110,21.9,0.053,0.356,367.0,,1.0
2023-12-25T10:00,24.1,59,0.0,15.6,966.7,91,9.4,133,24.9,0.053,0.356,539.0,,1.23
2023-12-25T11:00,25.7,53,0.0,15.5,966.0,41,8.7,135,28.0,0.052,0.356,624.0,,1.54
2023-12-25T12:00,27.4,45,0.0,14.6,964.7,3,7.9,129,31.2,0.051,0.355,747.0,,1.99
2023-12-25T13:00,28.7,41,0.0,14.1,963.3,26,8.4,130,33.7,0.05,0.355,748.0,,2.32
2023-12-25T14:00,29.6,38,0.0,13.6,962.3,25,7.7,127,35.3,0.049,0.355,670.0,,2.58
2023-12-25T15:00,30.0,36,0.0,13.4,961.7,7,7.4,113,35.9,0.049,0.355,524.0,,2.71
2023-12-25T16:00,30.0,35,0.0,13.1,961.6,65,7.3,99,35.3,0.048,0.355,342.0,,2.74
2023-12-25T17:00,29.4,37,0.0,13.2,961.7,94,8.3,85,33.5,0.048,0.355,133.0,,2.57
2023-12-25T18:00,27.0,47,0.0,14.7,962.1,2,7.9,90,31.3,0.048,0.355,8.0,,1.89
2023-12-25T19:00,25.4,51,0.0,14.5,962.7,23,9.4,83,29.3,0.049,0.355,0.0,,1.59
2023-12-25T20:00,24.1,54,0.0,14.2,963.1,0,8.9,104,27.5,0.049,0.355,0.0,,1.37
2023-12-25T21:00,23.2,57,0.0,14.2,963.4,0,9.4,108,26.0,0.049,0.355,0.0,,1.22
2023-12-25T22:00,22.0,61,0.0,14.2,963.5,0,11.0,71,24.8,0.049,0.355,0.0,,1.02
2023-12-25T23:00,21.0,64,0.0,13.9,963.2,0,11.4,66,23.7,0.05,0.355,0.0,,0.9
2023-12-26T00:00,20.4,66,0.0,13.8,962.7,0,11.3,68,22.8,0.05,0.355,0.0,,0.82
2023-12-26T01:00,19.8,69,0.0,14.0,962.3,0,11.3,73,22.0,0.05,0.355,0.0,,0.72
2023-12-26T02:00,19.1,73,0.0,14.1,961.9,0,9.7,94,21.3,0.051,0.355,0.0,,0.6
2023-12-26T03:00,18.4,76,0.0,14.1,961.6,0,9.5,119,20.6,0.051,0.355,0.0,,0.51
2023-12-26T04:00,17.7,79,0.0,14.1,961.8,0,8.0,108,20.0,0.051,0.355,0.0,,0.42
2023-12-26T05:00,17.3,82,0.0,14.2,962.2,0,7.9,93,19.5,0.052,0.355,0.0,,0.35
2023-12-26T06:00,17.1,81,0.0,13.8,963.1,0,8.7,97,19.4,0.052,0.355,0.0,,0.37
2023-12-26T07:00,17.5,80,0.0,14.0,964.1,1,8.2,105,19.1,0.053,0.355,15.0,,0.4
2023-12-26T08:00,20.1,70,0.0,14.5,965.5,2,6.4,117,20.1,0.053,0.354,159.0,,0.7
2023-12-26T09:00,22.8,62,0.0,15.1,966.5,5,9.2,132,22.5,0.053,0.354,362.0,,1.06
2023-12-26T10:00,25.0,55,0.0,15.4,966.3,7,9.2,138,25.6,0.052,0.354,545.0,,1.41
2023-12-26T11:00,26.9,48,0.0,15.0,965.8,0,8.4,137,29.0,0.052,0.354,679.0,,1.83
2023-12-26T12:00,28.3,42,0.0,14.3,964.5,0,7.1,120,32.1,0.051,0.354,749.0,,2.21
2023-12-26T13:00,29.4,37,0.0,13.1,963.5,0,6.2,100,34.7,0.049,0.354,746.0,,2.59
2023-12-26T14:00,30.2,33,0.0,12.0,962.6,0,6.2,80,36.4,0.048,0.354,672.0,,2.89
2023-12-26T15:00,30.7,29,0.0,10.8,962.3,0,7.2,63,36.9,0.048,0.354,532.0,,3.12
2023-12-26T16:00,30.7,28,0.0,9.9,962.1,0,9.7,59,36.1,0.047,0.354,344.0,,3.18
2023-12-26T17:00,29.8,29,0.0,9.9,962.4,0,11.1,54,34.2,0.047,0.354,140.0,,2.96
2023-12-26T18:00,27.7,37,0.0,11.8,962.7,0,9.3,54,31.8,0.047,0.354,9.0,,2.32
2023-12-26T19:00,26.0,49,0.0,14.4,963.1,0,6.8,72,29.7,0.048,0.354,0.0,,1.72
2023-12-26T20:00,24.6,56,0.0,15.1,963.6,0,6.3,66,27.9,0.048,0.354,0.0,,1.37
2023-12-26T21:00,23.5,56,0.0,14.2,964.0,0,8.2,52,26.4,0.048,0.354,0.0,,1.28
2023-12-26T22:00,22.6,58,0.0,14.1,964.0,0,11.3,83,25.2,0.048,0.354,0.0,,1.14
2023-12-26T23:00,21.8,58,0.0,13.2,963.6,0,14.2,69,24.2,0.049,0.354,0.0,,1.1
2023-12-27T00:00,21.2,55,0.0,11.7,963.2,0,14.5,71,23.3,0.049,0.354,0.0,,1.13
2023-12-27T01:00,20.3,57,0.0,11.5,962.7,0,14.1,71,22.5,0.049,0.354,0.0,,1.03
2023-12-27T02:00,19.4,60,0.0,11.4,962.4,0,13.6,73,21.7,0.05,0.354,0.0,,0.9
2023-12-27T03:00,19.0,60,0.0,10.9,962.0,0,15.3,82,21.0,0.05,0.353,0.0,,0.89
2023-12-27T04:00,18.4,59,0.0,10.3,962.4,0,12.1,107,20.4,0.05,0.353,0.0,,0.86
2023-12-27T05:00,17.4,63,0.0,10.3,962.9,0,10.9,124,19.7,0.051,0.353,0.0,,0.73
2023-12-27T06:00,17.5,61,0.0,9.9,964.4,89,11.0,122,20.1,0.051,0.353,0.0,,0.78
2023-12-27T07:00,17.7,63,0.0,10.6,965.6,9,10.0,128,19.7,0.051,0.353,15.0,,0.75
2023-12-27T08:00,19.9,59,0.0,11.6,966.7,11,8.8,125,20.5,0.051,0.353,159.0,,0.96
2023-12-27T09:00,22.6,55,0.0,13.2,967.4,10,11.5,134,22.7,0.051,0.353,363.0,,1.23
2023-12-27T10:00,25.1,51,0.0,14.4,967.4,0,12.5,141,25.7,0.051,0.353,549.0,,1.55
2023-12-27T11:00,27.3,43,0.0,13.5,966.7,0,12.5,136,28.9,0.05,0.353,685.0,,2.09
2023-12-27T12:00,28.8,36,0.0,12.0,965.3,0,10.5,121,31.9,0.049,0.353,755.0,,2.55
2023-12-27T13:00,29.9,30,0.0,10.5,963.8,0,10.2,98,34.4,0.048,0.353,753.0,,2.94
2023-12-27T14:00,30.6,26,0.0,9.1,962.7,0,10.8,75,36.0,0.047,0.353,680.0,,3.23
2023-12-27T15:00,30.7,26,0.0,8.8,962.0,0,13.0,66,36.4,0.047,0.353,541.0,,3.29
2023-12-27T16:00,30.4,27,0.0,9.1,961.8,0,14.2,66,35.6,0.046,0.353,352.0,,3.19
2023-12-27T17:00,29.4,30,0.0,9.8,962.0,0,11.2,69,33.7,0.046,0.353,144.0,,2.89
2023-12-27T18:00,27.7,43,0.0,14.1,961.7,0,8.4,83,31.8,0.047,0.353,9.0,,2.09
2023-12-27T19:00,26.0,52,0.0,15.4,962.2,0,7.1,75,29.8,0.047,0.353,0.0,,1.62
2023-12-27T20:00,24.9,55,0.0,15.3,963.0,0,9.2,59,28.1,0.047,0.353,0.0,,1.41
2023-12-27T21:00,23.8,57,0.0,14.8,963.3,54,11.2,69,26.7,0.047,0.353,0.0,,1.26
2023-12-27T22:00,22.9,56,0.0,13.6,963.5,11,12.5,78,25.5,0.048,0.353,0.0,,1.23
2023-12-27T23:00,22.0,58,0.0,13.3,963.0,30,13.0,84,24.5,0.048,0.352,0.0,,1.11
2023-12-28T00:00,21.4,60,0.0,13.3,962.5,97,13.4,82,23.6,0.048,0.352,0.0,,1.01
2023-12-28T01:00,21.0,60,0.0,13.0,962.3,96,14.4,86,22.9,0.048,0.352,0.0,,0.99
2023-12-28T02:00,20.2,62,0.0,12.6,962.0,96,13.9,100,22.2,0.049,0.352,0.0,,0.91
2023-12-28T03:00,19.4,65,0.0,12.5,961.8,87,11.9,104,21.5,0.049,0.352,0.0,,0.8
2023-12-28T04:00,18.8,67,0.0,12.6,962.0,94,11.0,113,21.0,0.049,0.352,0.0,,0.72
2023-12-28T05:00,18.2,71,0.0,12.9,962.3,84,10.3,119,20.4,0.05,0.352,0.0,,0.6
2023-12-28T06:00,17.9,82,0.0,14.7,963.2,62,9.9,123,20.2,0.05,0.352,0.0,,0.38
2023-12-28T07:00,18.1,83,0.0,15.2,963.8,73,10.1,125,19.8,0.05,0.352,14.0,,0.34
2023-12-28T08:00,20.2,76,0.0,15.9,964.6,6,10.0,128,20.8,0.051,0.352,155.0,,0.56
2023-12-28T09:00,22.6,70,0.0,16.8,965.1,33,13.8,139,22.9,0.051,0.352,359.0,,0.83
2023-12-28T10:00,24.8,62,0.0,16.9,964.8,63,14.7,144,25.8,0.05,0.352,544.0,,1.2
2023-12-28T11:00,26.6,52,0.0,16.1,964.2,22,13.2,135,28.8,0.05,0.352,678.0,,1.66
2023-12-28T12:00,27.9,47,0.0,15.5,962.9,74,10.8,120,31.8,0.049,0.352,749.0,,2.0
2023-12-28T13:00,29.1,42,0.0,14.8,961.6,85,10.2,108,34.3,0.048,0.352,745.0,,2.33
2023-12-28T14:00,29.8,38,0.0,14.0,960.8,93,10.8,111,35.8,0.047,0.352,671.0,,2.6
2023-12-28T15:00,30.2,36,0.0,13.3,960.3,92,12.1,113,36.3,0.047,0.352,533.0,,2.75
2023-12-28T16:00,30.0,35,0.0,12.9,960.2,11,12.6,110,35.6,0.046,0.352,347.0,,2.76
2023-12-28T17:00,29.2,37,0.0,13.0,960.6,0,12.4,107,33.8,0.046,0.352,144.0,,2.56
2023-12-28T18:00,27.3,43,0.0,13.7,961.1,0,10.7,130,31.7,0.046,0.352,10.0,,2.06
2023-12-28T19:00,26.0,47,0.0,13.7,961.8,0,11.1,115,29.7,0.047,0.352,0.0,,1.78
2023-12-28T20:00,25.0,47,0.0,12.9,962.3,0,12.3,105,28.0,0.047,0.352,0.0,,1.68
2023-12-28T21:00,24.0,47,0.0,12.0,962.7,3,12.4,107,26.6,0.047,0.351,0.0,,1.59
2023-12-28T22:00,22.8,50,0.0,11.8,962.8,0,11.9,115,25.3,0.047,0.351,0.0,,1.39
2023-12-28T23:00,21.8,54,0.0,12.1,962.5,4,10.9,117,24.2,0.048,0.351,0.0,,1.2
2023-12-29T00:00,21.1,57,0.0,12.3,962.2,12,11.0,109,23.2,0.048,0.351,0.0,,1.07
2023-12-29T01:00,20.4,60,0.0,12.3,961.7,36,13.0,93,22.4,0.048,0.351,0.0,,0.96
2023-12-29T02:00,20.0,64,0.0,13.0,961.5,16,15.1,108,21.8,0.048,0.351,0.0,,0.84
2023-12-29T03:00,19.3,71,0.0,14.0,961.2,12,13.8,110,21.2,0.049,0.351,0.0,,0.64
2023-12-29T04:00,18.6,77,0.0,14.5,961.5,10,12.1,117,20.6,0.049,0.351,0.0,,0.49
2023-12-29T05:00,18.0,81,0.0,14.7,961.7,45,11.0,122,20.1,0.05,0.351,0.0,,0.4
2023-12-29T06:00,17.5,86,0.0,15.2,962.5,100,11.7,124,19.5,0.05,0.351,0.0,,0.28
2023-12-29T07:00,17.8,86,0.0,15.4,963.1,99,10.6,118,19.2,0.05,0.351,14.0,,0.29
2023-12-29T08:00,19.9,77,0.0,15.7,964.3,96,9.9,123,20.2,0.051,0.351,152.0,,0.53
2023-12-29T09:00,22.4,67,0.0,16.1,965.1,95,14.3,135,22.4,0.051,0.351,359.0,,0.88
2023-12-29T10:00,24.8,58,0.0,15.9,965.0,94,15.4,143,25.3,0.05,0.351,542.0,,1.32
2023-12-29T11:00,26.7,50,0.0,15.5,964.2,85,13.8,141,28.4,0.05,0.351,677.0,,1.74
2023-12-29T12:00,28.1,44,0.0,14.6,963.0,89,10.9,134,31.5,0.049,0.351,751.0,,2.13
2023-12-29T13:00,29.1,40,0.0,14.1,962.0,89,10.4,134,34.0,0.048,0.351,748.0,,2.42
2023-12-29T14:00,29.8,37,0.0,13.5,961.0,44,10.0,128,35.6,0.047,0.351,674.0,,2.65
2023-12-29T15:00,30.2,35,0.0,13.0,960.6,0,10.3,126,36.2,0.047,0.351,537.0,,2.79
2023-12-29T16:00,30.0,35,0.0,12.9,960.6,1,10.5,121,35.6,0.046,0.351,350.0,,2.76
2023-12-29T17:00,29.3,37,0.0,13.0,960.9,0,10.9,117,33.9,0.046,0.351,145.0,,2.57
2023-12-29T18:00,27.4,47,0.0,14.9,961.1,17,8.7,132,31.7,0.048,0.352,10.0,,1.94
2023-12-29T19:00,26.1,51,0.0,15.2,961.9,0,10.0,120,29.8,0.048,0.352,0.0,,1.64
2023-12-29T20:00,25.1,54,0.0,15.1,962.6,0,11.4,125,28.1,0.049,0.352,0.0,,1.48
2023-12-29T21:00,24.4,55,0.0,14.8,963.0,0,12.0,134,26.8,0.049,0.352,0.0,,1.38
2023-12-29T22:00,23.3,59,0.0,14.8,963.1,1,11.2,140,25.7,0.049,0.352,0.0,,1.17
2023-12-29T23:00,22.3,63,0.0,14.8,962.5,1,10.2,135,24.7,0.049,0.352,0.0,,1.0
2023-12-30T00:00,21.4,66,0.0,14.7,961.8,0,9.0,127,23.8,0.05,0.352,0.0,,0.87
2023-12-30T01:00,20.4,68,0.0,14.4,961.6,0,10.9,107,22.9,0.05,0.352,0.0,,0.76
2023-12-30T02:00,19.8,69,0.0,13.9,961.0,0,12.6,110,22.1,0.05,0.352,0.0,,0.73
2023-12-30T03:00,19.2,69,0.0,13.4,960.7,0,12.6,117,21.4,0.051,0.352,0.0,,0.69
2023-12-30T04:00,18.4,73,0.0,13.5,960.6,0,11.6,120,20.7,0.051,0.352,0.0,,0.57
2023-12-30T05:00,17.7,78,0.0,13.7,960.7,0,10.9,124,20.1,0.051,0.352,0.0,,0.45
2023-12-30T06:00,17.7,85,0.0,15.2,962.1,0,10.8,120,20.2,0.05,0.35,0.0,,0.3
2023-12-30T07:00,18.0,85,0.0,15.5,962.7,0,10.8,120,19.8,0.05,0.35,13.0,,0.3
2023-12-30T08:00,20.2,77,0.0,16.1,963.8,0,10.9,124,20.7,0.05,0.35,154.0,,0.54
2023-12-30T09:00,22.8,69,0.0,16.8,964.6,0,14.5,136,22.9,0.05,0.35,357.0,,0.87
2023-12-30T10:00,25.2,61,0.0,17.1,964.5,0,14.2,144,25.8,0.05,0.35,543.0,,1.26
2023-12-30T11:00,27.1,52,0.0,16.3,963.9,0,11.9,151,29.0,0.05,0.35,679.0,,1.74
2023-12-30T12:00,28.3,44,0.0,14.8,962.9,0,8.1,148,32.1,0.049,0.35,750.0,,2.15
2023-12-30T13:00,29.1,41,0.0,14.3,961.6,0,5.9,142,34.8,0.048,0.35,749.0,,2.39
2023-12-30T14:00,29.6,38,0.0,13.8,960.6,0,4.3,132,36.6,0.047,0.35,676.0,,2.57
2023-12-30T15:00,30.0,36,0.0,13.4,960.1,0,3.3,103,37.3,0.046,0.35,538.0,,2.69
2023-12-30T16:00,30.0,36,0.0,13.2,960.0,0,5.2,65,36.8,0.046,0.35,350.0,,2.73
2023-12-30T17:00,29.5,36,0.0,13.0,960.4,0,9.6,56,34.9,0.046,0.35,146.0,,2.63
2023-12-30T18:00,28.5,43,0.0,14.8,960.4,0,8.3,72,32.9,0.046,0.35,11.0,,2.2
2023-12-30T19:00,27.1,46,0.0,14.6,961.3,1,10.6,80,30.9,0.046,0.349,0.0,,1.92
2023-12-30T20:00,26.1,51,0.0,15.1,961.8,13,8.6,105,29.2,0.046,0.349,0.0,,1.66
2023-12-30T21:00,25.0,57,0.0,15.9,961.8,11,8.1,111,27.8,0.046,0.349,0.0,,1.35
2023-12-30T22:00,23.8,62,0.0,16.1,961.9,0,10.5,84,26.5,0.047,0.349,0.0,,1.12
2023-12-30T23:00,22.9,66,0.0,16.3,961.6,3,11.9,76,25.5,0.047,0.349,0.0,,0.94
2023-12-31T00:00,22.5,66,0.0,15.9,961.0,9,12.4,73,24.6,0.047,0.349,0.0,,0.92
2023-12-31T01:00,22.2,68,0.0,15.9,960.8,9,13.4,70,23.9,0.047,0.349,0.0,,0.86
2023-12-31T02:00,21.7,69,0.0,15.8,960.6,2,13.3,93,23.2,0.048,0.349,0.0,,0.8
2023-12-31T03:00,21.1,68,0.0,15.1,960.4,45,15.0,100,22.7,0.048,0.349,0.0,,0.79
2023-12-31T04:00,20.4,69,0.0,14.4,960.4,83,14.6,106,22.1,0.048,0.349,0.0,,0.75
2023-12-31T05:00,19.6,72,0.0,14.4,960.6,35,13.9,115,21.6,0.049,0.349,0.0,,0.65
2023-12-31T06:00,19.0,78,0.0,15.0,961.6,88,14.2,117,21.4,0.049,0.349,0.0,,0.49
2023-12-31T07:00,18.9,79,0.0,15.2,962.4,85,13.0,118,20.9,0.049,0.349,13.0,,0.46
2023-12-31T08:00,20.8,72,0.0,15.5,963.4,59,13.0,118,21.7,0.05,0.349,152.0,,0.69
2023-12-31T09:00,23.2,64,0.0,15.9,964.1,9,16.0,126,23.6,0.05,0.349,356.0,,1.03
2023-12-31T10:00,25.7,55,0.0,16.0,964.1,0,16.8,135,26.3,0.049,0.349,541.0,,1.47
2023-12-31T11:00,27.6,46,0.0,15.1,963.2,0,15.8,137,29.3,0.049,0.349,677.0,,1.98
2023-12-31T12:00,28.8,40,0.0,14.0,962.0,0,12.2,133,32.2,0.048,0.349,749.0,,2.37
2023-12-31T13:00,29.6,37,0.0,13.4,960.8,41,10.0,128,34.7,0.047,0.349,750.0,,2.61
2023-12-31T14:00,30.3,33,0.0,12.4,959.5,0,9.0,119,36.4,0.046,0.349,678.0,,2.87
2023-12-31T15:00,30.6,31,0.0,11.5,959.0,0,10.0,111,37.0,0.046,0.349,541.0,,3.03
2023-12-31T16:00,30.5,31,0.0,11.3,958.8,5,10.8,105,36.3,0.045,0.349,355.0,,3.01
2023-12-31T17:00,29.7,33,0.0,11.7,959.2,72,11.3,107,34.5,0.045,0.349,149.0,,2.78
2023-12-31T18:00,27.9,42,0.0,13.8,959.5,12,9.4,133,32.3,0.045,0.349,11.0,,2.17
2023-12-31T19:00,26.4,47,0.0,14.2,960.2,0,9.2,129,30.3,0.046,0.349,0.0,,1.83
2023-12-31T20:00,25.3,51,0.0,14.3,960.8,0,9.0,119,28.6,0.046,0.348,0.0,,1.59
2023-12-31T21:00,24.4,53,0.0,14.2,961.1,58,10.5,117,27.2,0.046,0.348,0.0,,1.44
2023-12-31T22:00,23.7,54,0.0,13.9,961.2,0,11.0,139,26.0,0.046,0.348,0.0,,1.33
2023-12-31T23:00,22.6,58,0.0,14.0,960.9,0,9.2,129,24.9,0.047,0.348,0.0,,1.14
