"Timestamp,Region_State,Soil_Type,Soil_PH,Nitrogen_N,Phosphorus_P,Potassium_K,Soil_Moisture_Percent,Soil_Temperature_C,Dryness_Status,Hydrogel_Water_Release_Trigger"
"2026-01-01 00:00:00,Uttar Pradesh,Laterite,5.11,22.06,37.65,82.87,17.99,27.9,Moderate_Dry,0"
"2026-01-01 01:00:00,Gujarat,Alluvial,6.27,118.42,60.24,95.0,38.78,20.82,Normal,0"
"2026-01-01 02:00:00,Karnataka,Laterite,7.58,125.58,75.77,39.27,18.19,32.97,Moderate_Dry,0"
"2026-01-01 03:00:00,Gujarat,Laterite,5.56,122.86,55.58,116.46,32.38,22.22,Normal,0"
"2026-01-01 04:00:00,Gujarat,Laterite,4.52,65.01,38.94,80.34,22.21,34.1,Moderate_Dry,0"
"2026-01-01 05:00:00,Punjab,Alluvial,7.17,75.44,49.72,15.59,25.48,41.21,Normal,0"
"2026-01-01 06:00:00,Karnataka,Alluvial,8.39,21.49,48.04,58.64,15.82,24.15,Moderate_Dry,0"
"2026-01-01 07:00:00,Karnataka,Arid,6.93,67.93,50.94,60.87,32.03,21.41,Normal,0"
"2026-01-01 08:00:00,Karnataka,Black,4.98,75.25,20.28,99.96,16.36,18.58,Moderate_Dry,0"
"2026-01-01 09:00:00,Gujarat,Black,5.78,128.84,58.9,47.04,25.97,27.09,Normal,0"
"2026-01-01 10:00:00,Uttar Pradesh,Arid,7.97,127.28,20.15,49.78,20.15,23.15,Moderate_Dry,0"
"2026-01-01 11:00:00,Karnataka,Arid,5.43,135.93,11.02,22.4,43.65,29.8,Normal,0"
"2026-01-01 12:00:00,Tamil Nadu,Laterite,6.93,126.21,53.73,44.77,44.34,30.58,Normal,0"
"2026-01-01 13:00:00,Gujarat,Arid,6.11,20.98,18.18,90.28,35.88,26.38,Normal,0"
"2026-01-01 14:00:00,Punjab,Red,5.33,96.98,63.93,81.65,44.4,36.0,Normal,0"
"2026-01-01 15:00:00,Uttar Pradesh,Black,7.75,28.19,70.62,23.55,12.2,39.72,Critical_Dry,1"
"2026-01-01 16:00:00,Tamil Nadu,Arid,7.47,52.71,76.13,27.04,44.72,23.08,Normal,0"
"2026-01-01 17:00:00,Tamil Nadu,Red,7.15,89.4,56.51,54.58,11.83,38.07,Critical_Dry,1"
"2026-01-01 18:00:00,Punjab,Red,5.45,104.07,43.74,93.09,23.37,21.15,Normal,0"
"2026-01-01 19:00:00,Uttar Pradesh,Red,4.89,98.56,34.66,102.46,16.84,23.49,Moderate_Dry,0"
"2026-01-01 20:00:00,Gujarat,Red,6.8,25.89,44.36,16.54,43.29,31.47,Normal,0"
"2026-01-01 21:00:00,Maharashtra,Laterite,6.71,32.43,23.32,49.55,31.52,25.36,Normal,0"
"2026-01-01 22:00:00,Uttar Pradesh,Red,5.25,35.43,34.39,59.55,30.09,19.0,Normal,0"
"2026-01-01 23:00:00,Punjab,Laterite,4.72,30.97,60.26,110.67,44.91,25.08,Normal,0"
"2026-01-02 00:00:00,Tamil Nadu,Laterite,4.82,41.39,25.22,67.65,30.66,39.72,Normal,0"
"2026-01-02 01:00:00,Gujarat,Red,8.47,102.62,28.48,43.32,31.91,22.18,Normal,0"
"2026-01-02 02:00:00,Uttar Pradesh,Black,7.63,119.7,62.45,55.95,9.66,36.33,Critical_Dry,1"
"2026-01-02 03:00:00,Maharashtra,Red,8.19,69.06,22.45,60.83,39.78,35.33,Normal,0"
"2026-01-02 04:00:00,Maharashtra,Red,5.28,103.13,27.21,85.35,43.89,20.55,Normal,0"
"2026-01-02 05:00:00,Karnataka,Red,8.34,44.0,11.23,19.31,43.53,25.91,Normal,0"
"2026-01-02 06:00:00,Karnataka,Black,5.07,136.79,60.4,55.89,16.18,22.54,Moderate_Dry,0"
"2026-01-02 07:00:00,Punjab,Alluvial,6.54,62.0,53.25,82.89,16.36,18.56,Moderate_Dry,0"
"2026-01-02 08:00:00,Uttar Pradesh,Alluvial,7.82,121.5,58.61,44.75,21.54,22.15,Moderate_Dry,0"
"2026-01-02 09:00:00,Uttar Pradesh,Laterite,5.9,133.44,25.0,77.13,19.48,22.84,Moderate_Dry,0"
"2026-01-02 10:00:00,Tamil Nadu,Laterite,6.2,123.77,58.12,52.51,19.31,21.98,Moderate_Dry,0"
"2026-01-02 11:00:00,Tamil Nadu,Black,5.01,28.05,51.75,94.67,30.39,20.19,Normal,0"
"2026-01-02 12:00:00,Tamil Nadu,Arid,4.99,98.04,35.63,21.36,37.81,30.63,Normal,0"
"2026-01-02 13:00:00,Karnataka,Alluvial,6.98,34.41,40.65,111.39,42.66,25.74,Normal,0"
"2026-01-02 14:00:00,Uttar Pradesh,Laterite,7.2,20.68,49.75,33.02,10.51,39.8,Critical_Dry,1"
"2026-01-02 15:00:00,Uttar Pradesh,Alluvial,7.61,26.21,44.53,31.65,18.29,22.49,Moderate_Dry,0"
"2026-01-02 16:00:00,Maharashtra,Black,6.73,129.94,54.93,103.27,17.44,32.47,Moderate_Dry,0"
"2026-01-02 17:00:00,Karnataka,Black,7.08,129.02,22.67,106.27,21.23,39.61,Moderate_Dry,0"
"2026-01-02 18:00:00,Gujarat,Arid,4.55,47.1,47.85,24.76,23.7,19.13,Normal,0"
"2026-01-02 19:00:00,Karnataka,Arid,5.15,85.65,41.52,110.42,22.4,30.39,Moderate_Dry,0"
"2026-01-02 20:00:00,Gujarat,Black,8.44,134.6,42.27,43.7,43.23,28.82,Normal,0"
"2026-01-02 21:00:00,Maharashtra,Laterite,4.8,79.6,42.86,79.96,24.17,40.29,Normal,0"
"2026-01-02 22:00:00,Punjab,Alluvial,7.22,67.23,71.7,22.2,28.41,33.93,Normal,0"
"2026-01-02 23:00:00,Uttar Pradesh,Red,5.2,77.99,67.3,54.97,35.7,26.38,Normal,0"
"2026-01-03 00:00:00,Maharashtra,Arid,7.37,114.83,54.07,62.33,34.83,35.08,Normal,0"
"2026-01-03 01:00:00,Uttar Pradesh,Red,7.32,77.27,60.15,77.98,29.57,31.98,Normal,0"
"2026-01-03 02:00:00,Tamil Nadu,Laterite,5.44,113.99,13.0,70.15,39.85,26.33,Normal,0"
"2026-01-03 03:00:00,Punjab,Arid,5.58,71.8,62.08,63.46,31.09,36.85,Normal,0"
"2026-01-03 04:00:00,Punjab,Red,7.12,50.24,44.03,115.76,40.37,34.04,Normal,0"
"2026-01-03 05:00:00,Maharashtra,Laterite,6.06,59.18,32.24,34.43,19.2,18.13,Moderate_Dry,0"
"2026-01-03 06:00:00,Punjab,Alluvial,5.28,29.34,19.78,31.59,12.88,38.76,Critical_Dry,1"
"2026-01-03 07:00:00,Gujarat,Laterite,7.43,79.69,15.26,89.91,38.32,27.53,Normal,0"
"2026-01-03 08:00:00,Punjab,Arid,5.12,37.77,13.14,22.83,22.15,33.49,Moderate_Dry,0"
"2026-01-03 09:00:00,Uttar Pradesh,Black,7.92,117.39,21.33,65.7,32.09,27.52,Normal,0"
"2026-01-03 10:00:00,Uttar Pradesh,Alluvial,6.56,70.47,12.11,65.83,35.28,39.15,Normal,0"
"2026-01-03 11:00:00,Uttar Pradesh,Red,4.92,111.8,61.28,47.55,20.09,33.62,Moderate_Dry,0"
"2026-01-03 12:00:00,Uttar Pradesh,Arid,7.28,134.54,27.4,112.7,26.69,31.91,Normal,0"
"2026-01-03 13:00:00,Gujarat,Black,6.58,121.94,35.81,44.67,41.11,41.53,Normal,0"
"2026-01-03 14:00:00,Karnataka,Laterite,5.69,134.18,67.59,45.29,40.55,24.74,Normal,0"
"2026-01-03 15:00:00,Tamil Nadu,Black,6.19,88.15,18.03,39.6,35.73,19.57,Normal,0"
"2026-01-03 16:00:00,Maharashtra,Arid,5.69,39.84,68.49,30.31,36.22,30.38,Normal,0"
"2026-01-03 17:00:00,Uttar Pradesh,Arid,5.55,132.25,54.77,53.22,41.21,28.18,Normal,0"
"2026-01-03 18:00:00,Punjab,Black,5.15,124.22,33.94,86.49,35.24,28.9,Normal,0"
"2026-01-03 19:00:00,Uttar Pradesh,Laterite,5.95,123.73,18.25,92.93,20.56,32.88,Moderate_Dry,0"
"2026-01-03 20:00:00,Punjab,Black,5.5,103.19,16.4,100.41,12.47,32.76,Critical_Dry,1"
"2026-01-03 21:00:00,Tamil Nadu,Arid,7.23,94.99,33.49,35.74,23.61,27.41,Normal,0"
"2026-01-03 22:00:00,Tamil Nadu,Arid,7.24,21.77,19.82,18.74,11.23,38.71,Critical_Dry,1"
"2026-01-03 23:00:00,Tamil Nadu,Red,6.51,109.77,28.74,117.34,12.28,33.64,Critical_Dry,1"
"2026-01-04 00:00:00,Punjab,Red,7.61,30.98,13.71,16.5,43.16,39.36,Normal,0"
"2026-01-04 01:00:00,Uttar Pradesh,Alluvial,7.87,51.17,51.65,115.87,33.01,39.92,Normal,0"
"2026-01-04 02:00:00,Tamil Nadu,Arid,6.82,86.18,20.17,102.03,39.51,22.02,Normal,0"
"2026-01-04 03:00:00,Gujarat,Red,6.98,74.21,62.97,110.77,31.79,34.33,Normal,0"
"2026-01-04 04:00:00,Punjab,Black,5.63,21.89,25.27,55.65,23.49,25.62,Normal,0"
"2026-01-04 05:00:00,Punjab,Laterite,8.08,118.88,65.86,35.71,8.93,38.07,Critical_Dry,1"
"2026-01-04 06:00:00,Uttar Pradesh,Black,4.6,125.46,23.29,78.68,43.37,35.59,Normal,0"
"2026-01-04 07:00:00,Punjab,Laterite,5.89,101.82,60.5,92.83,10.62,22.77,Critical_Dry,1"
"2026-01-04 08:00:00,Punjab,Red,7.39,84.93,33.32,28.74,30.58,40.53,Normal,0"
"2026-01-04 09:00:00,Tamil Nadu,Alluvial,4.82,135.29,50.82,98.75,11.78,34.4,Critical_Dry,1"
"2026-01-04 10:00:00,Uttar Pradesh,Black,5.23,34.39,12.71,36.9,18.51,40.77,Moderate_Dry,0"
"2026-01-04 11:00:00,Tamil Nadu,Black,6.86,108.55,44.67,66.63,14.88,22.85,Critical_Dry,1"
"2026-01-04 12:00:00,Tamil Nadu,Black,6.74,35.4,20.41,104.93,28.49,38.87,Normal,0"
"2026-01-04 13:00:00,Uttar Pradesh,Laterite,7.46,65.82,44.04,35.31,40.82,34.03,Normal,0"
"2026-01-04 14:00:00,Maharashtra,Red,7.75,90.26,19.9,40.4,31.52,31.25,Normal,0"
"2026-01-04 15:00:00,Tamil Nadu,Black,5.01,108.45,40.6,21.59,32.57,37.69,Normal,0"
"2026-01-04 16:00:00,Gujarat,Black,4.57,20.45,17.74,30.39,41.63,33.19,Normal,0"
"2026-01-04 17:00:00,Gujarat,Alluvial,7.26,51.27,25.4,30.39,35.73,34.07,Normal,0"
"2026-01-04 18:00:00,Punjab,Alluvial,5.71,84.58,51.66,36.36,40.04,24.09,Normal,0"
"2026-01-04 19:00:00,Gujarat,Red,7.0,83.94,78.37,45.05,23.41,37.61,Normal,0"
"2026-01-04 20:00:00,Punjab,Red,5.1,96.52,41.44,100.57,40.02,33.61,Normal,0"
"2026-01-04 21:00:00,Maharashtra,Arid,6.38,56.46,58.1,111.16,31.9,38.27,Normal,0"
"2026-01-04 22:00:00,Uttar Pradesh,Alluvial,6.52,84.86,47.76,57.66,13.02,26.44,Critical_Dry,1"
"2026-01-04 23:00:00,Uttar Pradesh,Arid,6.84,42.77,44.89,28.46,9.43,25.96,Critical_Dry,1"
"2026-01-05 00:00:00,Uttar Pradesh,Laterite,6.55,42.42,14.53,38.5,17.03,18.57,Moderate_Dry,0"
"2026-01-05 01:00:00,Gujarat,Arid,6.48,89.19,20.1,92.3,22.0,36.45,Moderate_Dry,0"
"2026-01-05 02:00:00,Maharashtra,Black,5.83,102.26,71.81,86.13,38.99,25.93,Normal,0"
"2026-01-05 03:00:00,Gujarat,Arid,4.78,34.45,38.71,116.56,35.43,25.85,Normal,0"
"2026-01-05 04:00:00,Gujarat,Red,4.86,34.73,53.0,16.52,43.35,34.53,Normal,0"
"2026-01-05 05:00:00,Maharashtra,Laterite,6.24,87.84,46.98,93.83,28.69,24.07,Normal,0"
"2026-01-05 06:00:00,Maharashtra,Black,5.92,52.41,36.52,68.11,35.67,39.82,Normal,0"
"2026-01-05 07:00:00,Maharashtra,Arid,6.56,67.09,37.15,109.78,18.19,30.91,Moderate_Dry,0"
"2026-01-05 08:00:00,Maharashtra,Laterite,5.72,68.09,48.88,75.5,33.14,41.27,Normal,0"
"2026-01-05 09:00:00,Uttar Pradesh,Laterite,7.25,41.43,19.88,61.9,34.13,19.84,Normal,0"
"2026-01-05 10:00:00,Karnataka,Black,7.96,20.16,37.11,84.91,39.39,26.08,Normal,0"
"2026-01-05 11:00:00,Karnataka,Arid,5.7,122.38,41.29,102.52,27.85,27.16,Normal,0"
"2026-01-05 12:00:00,Maharashtra,Laterite,5.27,105.8,78.96,44.66,32.01,35.53,Normal,0"
"2026-01-05 13:00:00,Karnataka,Laterite,4.96,102.86,34.6,26.29,15.51,23.11,Moderate_Dry,0"
"2026-01-05 14:00:00,Karnataka,Alluvial,6.97,85.58,55.12,60.47,35.26,27.01,Normal,0"
"2026-01-05 15:00:00,Maharashtra,Laterite,6.28,104.12,19.62,37.52,39.02,39.86,Normal,0"
"2026-01-05 16:00:00,Karnataka,Alluvial,5.25,132.28,14.58,60.1,29.97,20.75,Normal,0"
"2026-01-05 17:00:00,Gujarat,Arid,7.11,99.88,71.01,119.06,12.28,35.89,Critical_Dry,1"
"2026-01-05 18:00:00,Punjab,Arid,5.09,51.81,61.15,75.28,19.58,34.86,Moderate_Dry,0"
"2026-01-05 19:00:00,Punjab,Arid,6.72,88.47,32.22,87.83,25.59,21.13,Normal,0"
"2026-01-05 20:00:00,Maharashtra,Red,6.61,73.08,45.32,86.18,33.06,34.52,Normal,0"
"2026-01-05 21:00:00,Uttar Pradesh,Arid,7.44,86.77,19.5,101.17,19.85,31.67,Moderate_Dry,0"
"2026-01-05 22:00:00,Maharashtra,Laterite,4.72,82.11,59.5,114.13,39.09,24.9,Normal,0"
"2026-01-05 23:00:00,Uttar Pradesh,Black,8.05,123.05,14.92,84.18,21.76,25.47,Moderate_Dry,0"
"2026-01-06 00:00:00,Punjab,Alluvial,7.31,98.22,62.99,64.99,9.58,37.99,Critical_Dry,1"
"2026-01-06 01:00:00,Maharashtra,Red,5.36,42.65,48.28,48.37,37.38,23.54,Normal,0"
"2026-01-06 02:00:00,Tamil Nadu,Arid,5.23,27.56,29.52,52.83,31.84,30.31,Normal,0"
"2026-01-06 03:00:00,Gujarat,Arid,6.23,70.92,70.38,50.12,37.67,34.35,Normal,0"
"2026-01-06 04:00:00,Karnataka,Black,7.77,21.87,79.03,49.07,20.91,21.12,Moderate_Dry,0"
"2026-01-06 05:00:00,Uttar Pradesh,Black,7.87,58.2,27.8,87.94,8.65,40.38,Critical_Dry,1"
"2026-01-06 06:00:00,Tamil Nadu,Red,6.58,64.16,66.44,76.71,10.73,24.26,Critical_Dry,1"
"2026-01-06 07:00:00,Karnataka,Alluvial,7.94,65.07,62.51,36.21,12.14,25.65,Critical_Dry,1"
"2026-01-06 08:00:00,Karnataka,Arid,4.52,137.52,62.3,116.81,37.79,33.99,Normal,0"
"2026-01-06 09:00:00,Maharashtra,Red,4.64,56.47,77.01,59.91,19.15,19.88,Moderate_Dry,0"
"2026-01-06 10:00:00,Karnataka,Laterite,8.15,51.83,44.06,74.44,44.92,33.06,Normal,0"
"2026-01-06 11:00:00,Gujarat,Laterite,7.6,35.53,57.19,88.77,36.06,39.98,Normal,0"
"2026-01-06 12:00:00,Tamil Nadu,Red,6.3,81.32,67.67,79.44,30.24,23.98,Normal,0"
"2026-01-06 13:00:00,Karnataka,Arid,7.51,38.44,43.57,47.66,44.39,26.69,Normal,0"
"2026-01-06 14:00:00,Maharashtra,Red,8.32,93.96,43.7,98.76,19.7,23.58,Moderate_Dry,0"
"2026-01-06 15:00:00,Gujarat,Arid,7.59,38.62,32.31,26.57,14.13,37.65,Critical_Dry,1"
"2026-01-06 16:00:00,Punjab,Black,7.87,89.2,64.66,74.74,35.28,22.02,Normal,0"
"2026-01-06 17:00:00,Tamil Nadu,Red,7.54,119.15,58.03,43.7,18.29,26.32,Moderate_Dry,0"
"2026-01-06 18:00:00,Karnataka,Arid,5.17,25.1,41.58,79.66,43.56,32.42,Normal,0"
"2026-01-06 19:00:00,Maharashtra,Red,7.83,70.37,39.35,37.89,44.56,27.71,Normal,0"
"2026-01-06 20:00:00,Punjab,Red,5.28,75.33,15.08,96.08,42.28,19.57,Normal,0"
"2026-01-06 21:00:00,Punjab,Arid,8.07,114.93,10.46,38.89,42.96,40.75,Normal,0"
"2026-01-06 22:00:00,Uttar Pradesh,Arid,6.33,76.15,47.02,108.49,30.78,26.11,Normal,0"
"2026-01-06 23:00:00,Gujarat,Alluvial,7.21,88.1,39.22,105.46,33.61,28.7,Normal,0"
"2026-01-07 00:00:00,Karnataka,Red,6.49,114.94,65.72,53.05,11.49,22.02,Critical_Dry,1"
"2026-01-07 01:00:00,Maharashtra,Laterite,4.88,87.17,47.99,55.51,36.23,38.77,Normal,0"
"2026-01-07 02:00:00,Uttar Pradesh,Red,5.66,63.0,75.57,88.66,15.48,24.99,Moderate_Dry,0"
"2026-01-07 03:00:00,Gujarat,Red,8.43,30.3,23.73,24.49,39.09,18.48,Normal,0"
"2026-01-07 04:00:00,Uttar Pradesh,Arid,8.34,107.59,79.31,23.5,43.58,25.59,Normal,0"
"2026-01-07 05:00:00,Tamil Nadu,Red,5.78,124.54,30.85,29.31,15.86,41.62,Moderate_Dry,0"
"2026-01-07 06:00:00,Gujarat,Red,8.49,136.41,54.97,74.06,10.89,21.52,Critical_Dry,1"
"2026-01-07 07:00:00,Gujarat,Laterite,7.88,131.19,45.13,30.65,25.9,18.75,Normal,0"
"2026-01-07 08:00:00,Karnataka,Arid,6.94,115.69,35.17,44.15,37.29,31.88,Normal,0"
"2026-01-07 09:00:00,Gujarat,Red,4.66,97.22,19.75,82.93,36.51,26.92,Normal,0"
"2026-01-07 10:00:00,Uttar Pradesh,Black,8.11,113.78,19.44,16.64,33.78,37.08,Normal,0"
"2026-01-07 11:00:00,Gujarat,Alluvial,6.73,71.85,59.81,33.92,38.37,35.57,Normal,0"
"2026-01-07 12:00:00,Karnataka,Laterite,7.97,91.37,36.43,112.64,14.47,22.45,Critical_Dry,1"
"2026-01-07 13:00:00,Karnataka,Red,7.84,61.84,77.29,84.68,32.12,31.55,Normal,0"
"2026-01-07 14:00:00,Tamil Nadu,Black,7.83,59.21,32.8,47.08,30.41,18.78,Normal,0"
"2026-01-07 15:00:00,Uttar Pradesh,Red,7.29,110.8,78.85,19.76,13.68,28.55,Critical_Dry,1"
"2026-01-07 16:00:00,Punjab,Red,5.67,74.47,24.38,76.54,23.33,35.14,Normal,0"
"2026-01-07 17:00:00,Punjab,Arid,5.84,45.46,17.2,38.4,39.54,27.96,Normal,0"
"2026-01-07 18:00:00,Gujarat,Arid,5.73,44.23,31.88,115.82,43.96,20.83,Normal,0"
"2026-01-07 19:00:00,Tamil Nadu,Arid,4.58,123.1,71.99,87.13,32.62,19.48,Normal,0"
"2026-01-07 20:00:00,Maharashtra,Black,6.83,101.33,46.53,117.28,42.11,38.49,Normal,0"
"2026-01-07 21:00:00,Gujarat,Red,7.3,85.53,19.5,104.13,12.89,39.39,Critical_Dry,1"
"2026-01-07 22:00:00,Tamil Nadu,Alluvial,7.92,68.11,24.17,65.72,44.08,26.23,Normal,0"
"2026-01-07 23:00:00,Uttar Pradesh,Laterite,5.06,71.7,31.79,85.3,9.24,21.94,Critical_Dry,1"
"2026-01-08 00:00:00,Uttar Pradesh,Arid,6.68,26.89,51.31,100.27,27.51,41.49,Normal,0"
"2026-01-08 01:00:00,Uttar Pradesh,Arid,4.53,74.59,33.27,75.71,18.77,31.1,Moderate_Dry,0"
"2026-01-08 02:00:00,Uttar Pradesh,Red,4.88,115.45,62.29,21.46,38.11,29.44,Normal,0"
"2026-01-08 03:00:00,Uttar Pradesh,Red,4.72,66.56,53.14,64.4,16.05,35.8,Moderate_Dry,0"
"2026-01-08 04:00:00,Tamil Nadu,Black,7.4,66.03,71.17,28.71,8.43,22.05,Critical_Dry,1"
"2026-01-08 05:00:00,Tamil Nadu,Black,4.82,21.89,45.07,90.06,23.34,31.92,Normal,0"
"2026-01-08 06:00:00,Karnataka,Arid,7.37,74.94,33.18,86.47,10.37,39.36,Critical_Dry,1"
"2026-01-08 07:00:00,Punjab,Red,5.5,23.04,79.74,119.26,18.73,18.55,Moderate_Dry,0"
"2026-01-08 08:00:00,Uttar Pradesh,Alluvial,8.01,88.44,34.89,81.03,31.82,34.15,Normal,0"
"2026-01-08 09:00:00,Maharashtra,Laterite,7.75,80.81,40.0,99.01,18.9,31.23,Moderate_Dry,0"
"2026-01-08 10:00:00,Tamil Nadu,Red,8.33,120.8,66.64,43.17,17.09,40.82,Moderate_Dry,0"
"2026-01-08 11:00:00,Maharashtra,Red,8.04,89.81,16.2,50.7,13.75,24.21,Critical_Dry,1"
"2026-01-08 12:00:00,Maharashtra,Black,8.23,58.81,37.05,111.29,13.0,38.61,Critical_Dry,1"
"2026-01-08 13:00:00,Maharashtra,Laterite,7.93,81.95,16.0,94.3,27.46,25.42,Normal,0"
"2026-01-08 14:00:00,Karnataka,Arid,7.27,103.96,19.75,83.8,33.22,28.32,Normal,0"
"2026-01-08 15:00:00,Tamil Nadu,Red,5.18,31.28,10.32,41.67,24.75,23.12,Normal,0"
"2026-01-08 16:00:00,Maharashtra,Arid,5.59,94.53,10.67,88.35,12.57,38.73,Critical_Dry,1"
"2026-01-08 17:00:00,Uttar Pradesh,Red,5.35,130.0,36.62,108.11,31.97,22.69,Normal,0"
"2026-01-08 18:00:00,Gujarat,Arid,6.91,55.9,66.64,39.23,28.61,38.62,Normal,0"
"2026-01-08 19:00:00,Maharashtra,Laterite,6.51,95.2,51.09,89.14,22.11,28.93,Moderate_Dry,0"
"2026-01-08 20:00:00,Karnataka,Black,7.97,118.56,54.44,56.34,20.21,38.04,Moderate_Dry,0"
"2026-01-08 21:00:00,Tamil Nadu,Laterite,8.31,81.42,46.35,27.47,14.78,24.35,Critical_Dry,1"
"2026-01-08 22:00:00,Karnataka,Alluvial,6.12,106.16,67.39,95.16,13.41,21.19,Critical_Dry,1"
"2026-01-08 23:00:00,Maharashtra,Black,6.53,57.32,71.63,32.55,20.53,31.32,Moderate_Dry,0"
"2026-01-09 00:00:00,Tamil Nadu,Laterite,8.39,56.73,69.48,41.55,9.54,30.23,Critical_Dry,1"
"2026-01-09 01:00:00,Gujarat,Alluvial,5.6,100.11,66.85,97.21,24.16,26.56,Normal,0"
"2026-01-09 02:00:00,Maharashtra,Red,7.67,104.65,22.79,92.92,30.26,33.91,Normal,0"
"2026-01-09 03:00:00,Karnataka,Red,5.4,132.44,51.57,41.69,42.84,20.28,Normal,0"
"2026-01-09 04:00:00,Punjab,Arid,7.23,46.98,50.75,113.8,31.16,32.93,Normal,0"
"2026-01-09 05:00:00,Uttar Pradesh,Black,5.51,76.19,46.96,37.6,31.09,23.08,Normal,0"
"2026-01-09 06:00:00,Karnataka,Red,8.03,50.06,43.66,119.33,21.85,21.09,Moderate_Dry,0"
"2026-01-09 07:00:00,Tamil Nadu,Black,6.75,29.61,16.24,92.48,12.93,39.83,Critical_Dry,1"
"2026-01-09 08:00:00,Maharashtra,Red,5.24,68.39,17.15,56.21,24.54,29.04,Normal,0"
"2026-01-09 09:00:00,Uttar Pradesh,Arid,5.4,64.89,73.16,28.69,30.15,36.32,Normal,0"
"2026-01-09 10:00:00,Maharashtra,Laterite,6.48,52.45,54.11,48.65,34.79,20.14,Normal,0"
"2026-01-09 11:00:00,Tamil Nadu,Arid,8.35,55.64,28.36,35.34,38.57,19.38,Normal,0"
"2026-01-09 12:00:00,Maharashtra,Alluvial,7.58,63.25,29.55,80.29,17.47,29.88,Moderate_Dry,0"
"2026-01-09 13:00:00,Punjab,Red,6.45,138.66,52.71,52.47,16.93,25.57,Moderate_Dry,0"
"2026-01-09 14:00:00,Uttar Pradesh,Alluvial,5.85,113.95,38.49,45.98,28.92,18.12,Normal,0"
"2026-01-09 15:00:00,Uttar Pradesh,Alluvial,6.7,28.57,40.89,94.5,28.94,22.4,Normal,0"
"2026-01-09 16:00:00,Tamil Nadu,Black,7.49,124.69,14.25,39.21,16.06,23.25,Moderate_Dry,0"
"2026-01-09 17:00:00,Punjab,Red,7.64,96.0,19.71,76.62,29.74,24.92,Normal,0"
"2026-01-09 18:00:00,Karnataka,Alluvial,5.8,126.87,37.53,35.43,20.8,39.06,Moderate_Dry,0"
"2026-01-09 19:00:00,Maharashtra,Laterite,7.38,61.01,58.98,90.05,31.65,28.09,Normal,0"
"2026-01-09 20:00:00,Gujarat,Alluvial,7.13,75.74,13.36,80.64,18.77,34.31,Moderate_Dry,0"
"2026-01-09 21:00:00,Maharashtra,Laterite,8.34,127.55,33.42,98.81,29.91,18.44,Normal,0"
"2026-01-09 22:00:00,Maharashtra,Black,8.22,52.71,58.66,22.19,36.43,37.53,Normal,0"
"2026-01-09 23:00:00,Karnataka,Alluvial,7.66,129.86,65.44,37.06,44.27,23.77,Normal,0"
"2026-01-10 00:00:00,Maharashtra,Arid,7.39,119.42,23.32,31.22,41.71,25.42,Normal,0"
"2026-01-10 01:00:00,Punjab,Black,5.6,137.67,61.2,35.01,26.63,19.09,Normal,0"
"2026-01-10 02:00:00,Punjab,Laterite,7.88,58.91,76.88,25.82,26.07,27.83,Normal,0"
"2026-01-10 03:00:00,Uttar Pradesh,Black,6.21,48.29,73.48,74.02,24.19,38.46,Normal,0"
"2026-01-10 04:00:00,Tamil Nadu,Alluvial,5.59,59.7,65.26,77.31,9.03,27.09,Critical_Dry,1"
"2026-01-10 05:00:00,Gujarat,Red,6.04,134.56,59.86,103.57,14.14,39.81,Critical_Dry,1"
"2026-01-10 06:00:00,Maharashtra,Red,7.84,59.97,26.46,58.86,10.19,38.82,Critical_Dry,1"
"2026-01-10 07:00:00,Maharashtra,Laterite,5.09,87.83,54.37,70.9,33.77,19.49,Normal,0"
"2026-01-10 08:00:00,Karnataka,Laterite,6.32,68.44,55.03,119.09,23.29,25.33,Normal,0"
"2026-01-10 09:00:00,Tamil Nadu,Red,6.47,67.55,38.48,70.84,10.36,39.85,Critical_Dry,1"
"2026-01-10 10:00:00,Punjab,Laterite,4.65,43.21,44.51,75.23,33.55,18.72,Normal,0"
"2026-01-10 11:00:00,Gujarat,Black,5.28,84.45,58.58,119.57,31.84,36.38,Normal,0"
"2026-01-10 12:00:00,Uttar Pradesh,Arid,7.81,121.93,76.65,119.38,34.64,39.75,Normal,0"
"2026-01-10 13:00:00,Punjab,Arid,7.82,25.94,30.67,59.52,30.19,36.49,Normal,0"
"2026-01-10 14:00:00,Tamil Nadu,Black,5.67,126.71,27.25,81.67,13.98,35.85,Critical_Dry,1"
"2026-01-10 15:00:00,Uttar Pradesh,Arid,8.0,99.86,52.13,65.48,10.27,38.24,Critical_Dry,1"
"2026-01-10 16:00:00,Karnataka,Alluvial,7.59,94.01,19.16,90.68,38.23,33.98,Normal,0"
"2026-01-10 17:00:00,Karnataka,Black,6.17,95.11,50.78,113.53,15.98,28.15,Moderate_Dry,0"
"2026-01-10 18:00:00,Maharashtra,Laterite,7.49,55.55,16.22,47.51,28.07,19.51,Normal,0"
"2026-01-10 19:00:00,Tamil Nadu,Black,8.35,69.82,44.34,100.98,25.95,36.91,Normal,0"
"2026-01-10 20:00:00,Gujarat,Red,6.34,115.91,53.43,83.76,42.08,39.73,Normal,0"
"2026-01-10 21:00:00,Uttar Pradesh,Laterite,5.45,56.77,14.91,44.42,28.44,30.28,Normal,0"
"2026-01-10 22:00:00,Punjab,Red,8.27,76.4,24.49,98.72,29.46,30.78,Normal,0"
"2026-01-10 23:00:00,Tamil Nadu,Laterite,6.91,22.36,33.48,59.85,19.82,27.68,Moderate_Dry,0"
"2026-01-11 00:00:00,Tamil Nadu,Arid,4.92,108.03,35.8,27.64,43.47,38.57,Normal,0"
"2026-01-11 01:00:00,Karnataka,Black,6.79,70.12,57.33,119.31,30.66,18.36,Normal,0"
"2026-01-11 02:00:00,Maharashtra,Alluvial,6.5,83.04,47.03,59.69,8.18,32.99,Critical_Dry,1"
"2026-01-11 03:00:00,Maharashtra,Laterite,7.92,33.76,36.75,71.86,28.58,39.78,Normal,0"
"2026-01-11 04:00:00,Uttar Pradesh,Laterite,6.62,139.01,41.55,99.84,21.46,20.48,Moderate_Dry,0"
"2026-01-11 05:00:00,Karnataka,Red,5.52,56.3,10.91,115.89,9.19,41.02,Critical_Dry,1"
"2026-01-11 06:00:00,Tamil Nadu,Arid,7.2,96.2,63.94,106.65,23.97,41.22,Normal,0"
"2026-01-11 07:00:00,Gujarat,Red,6.67,89.75,12.87,70.13,36.62,40.31,Normal,0"
"2026-01-11 08:00:00,Karnataka,Red,5.43,114.21,68.05,72.3,26.64,29.1,Normal,0"
"2026-01-11 09:00:00,Uttar Pradesh,Arid,6.79,55.26,47.87,44.49,31.66,27.19,Normal,0"
"2026-01-11 10:00:00,Uttar Pradesh,Alluvial,7.79,110.71,46.95,63.59,31.67,34.94,Normal,0"
"2026-01-11 11:00:00,Karnataka,Red,4.61,65.9,59.32,114.42,32.83,25.65,Normal,0"
"2026-01-11 12:00:00,Uttar Pradesh,Red,7.02,69.34,70.17,91.33,22.34,19.64,Moderate_Dry,0"
"2026-01-11 13:00:00,Karnataka,Laterite,5.9,100.73,75.99,16.25,21.69,39.63,Moderate_Dry,0"
"2026-01-11 14:00:00,Punjab,Arid,5.67,114.11,48.04,27.23,8.17,33.24,Critical_Dry,1"
"2026-01-11 15:00:00,Karnataka,Black,6.07,100.02,20.55,112.0,13.71,22.97,Critical_Dry,1"
"2026-01-11 16:00:00,Karnataka,Alluvial,5.87,127.99,71.5,104.12,43.18,18.44,Normal,0"
"2026-01-11 17:00:00,Uttar Pradesh,Alluvial,7.83,54.22,12.85,66.05,39.17,35.36,Normal,0"
"2026-01-11 18:00:00,Uttar Pradesh,Arid,5.6,128.07,66.51,79.78,18.18,38.47,Moderate_Dry,0"
"2026-01-11 19:00:00,Maharashtra,Laterite,7.43,35.7,57.63,45.41,22.84,27.74,Moderate_Dry,0"
"2026-01-11 20:00:00,Maharashtra,Laterite,4.88,99.14,73.33,98.25,42.78,19.94,Normal,0"
"2026-01-11 21:00:00,Punjab,Arid,8.31,85.72,72.82,78.35,17.27,33.57,Moderate_Dry,0"
"2026-01-11 22:00:00,Maharashtra,Laterite,6.99,79.36,13.72,87.96,27.7,25.13,Normal,0"
"2026-01-11 23:00:00,Karnataka,Alluvial,7.33,57.31,52.66,54.37,8.82,21.45,Critical_Dry,1"
"2026-01-12 00:00:00,Uttar Pradesh,Alluvial,5.69,80.45,18.73,60.2,30.93,30.25,Normal,0"
"2026-01-12 01:00:00,Maharashtra,Black,6.15,39.41,15.49,36.81,42.41,29.56,Normal,0"
"2026-01-12 02:00:00,Maharashtra,Arid,5.4,64.32,41.38,114.55,40.74,30.4,Normal,0"
"2026-01-12 03:00:00,Punjab,Red,8.23,31.84,16.83,114.39,26.57,37.77,Normal,0"
"2026-01-12 04:00:00,Tamil Nadu,Red,6.45,88.62,60.95,100.86,32.04,29.63,Normal,0"
"2026-01-12 05:00:00,Punjab,Black,7.02,31.49,77.83,113.23,29.08,39.61,Normal,0"
"2026-01-12 06:00:00,Karnataka,Black,7.44,39.24,49.87,84.86,10.48,38.2,Critical_Dry,1"
"2026-01-12 07:00:00,Uttar Pradesh,Laterite,5.98,30.26,26.46,39.64,13.87,33.63,Critical_Dry,1"
"2026-01-12 08:00:00,Punjab,Black,7.38,65.76,69.02,94.82,43.66,19.36,Normal,0"
"2026-01-12 09:00:00,Maharashtra,Black,7.2,121.04,69.72,49.15,17.47,38.76,Moderate_Dry,0"
"2026-01-12 10:00:00,Uttar Pradesh,Red,7.32,128.83,61.3,61.25,22.22,39.73,Moderate_Dry,0"
"2026-01-12 11:00:00,Uttar Pradesh,Laterite,6.46,28.63,53.06,43.81,26.83,27.0,Normal,0"
"2026-01-12 12:00:00,Maharashtra,Black,6.03,96.15,70.75,59.48,44.23,30.63,Normal,0"
"2026-01-12 13:00:00,Punjab,Black,5.39,102.13,21.43,86.33,33.53,24.74,Normal,0"
"2026-01-12 14:00:00,Maharashtra,Laterite,7.8,84.05,75.21,26.61,31.3,18.35,Normal,0"
"2026-01-12 15:00:00,Tamil Nadu,Arid,6.93,100.04,76.3,26.05,27.4,29.51,Normal,0"
"2026-01-12 16:00:00,Uttar Pradesh,Laterite,6.28,48.04,71.04,86.8,33.92,21.1,Normal,0"
"2026-01-12 17:00:00,Gujarat,Red,8.28,78.76,27.55,96.86,32.57,22.4,Normal,0"
"2026-01-12 18:00:00,Gujarat,Arid,4.69,66.91,70.07,72.9,41.41,29.54,Normal,0"
"2026-01-12 19:00:00,Karnataka,Alluvial,7.9,30.76,44.83,34.07,28.05,38.81,Normal,0"
"2026-01-12 20:00:00,Maharashtra,Laterite,8.49,95.07,51.65,60.23,23.6,38.27,Normal,0"
"2026-01-12 21:00:00,Maharashtra,Red,8.05,79.43,68.84,94.61,37.86,41.16,Normal,0"
"2026-01-12 22:00:00,Karnataka,Arid,7.74,53.02,12.07,87.0,37.59,29.58,Normal,0"
"2026-01-12 23:00:00,Karnataka,Laterite,6.0,76.84,35.41,26.54,14.28,31.25,Critical_Dry,1"
"2026-01-13 00:00:00,Karnataka,Black,5.43,113.04,67.1,116.76,16.76,37.73,Moderate_Dry,0"
"2026-01-13 01:00:00,Uttar Pradesh,Laterite,7.44,116.2,66.98,38.45,43.47,34.79,Normal,0"
"2026-01-13 02:00:00,Tamil Nadu,Alluvial,5.72,97.94,69.41,38.14,24.43,22.39,Normal,0"
"2026-01-13 03:00:00,Maharashtra,Laterite,5.2,76.13,21.85,63.29,27.23,27.56,Normal,0"
"2026-01-13 04:00:00,Uttar Pradesh,Arid,7.65,89.09,59.41,49.36,19.48,40.3,Moderate_Dry,0"
"2026-01-13 05:00:00,Karnataka,Arid,5.75,66.2,20.26,118.32,25.8,21.51,Normal,0"
"2026-01-13 06:00:00,Maharashtra,Laterite,8.16,35.19,64.96,23.03,35.5,23.02,Normal,0"
"2026-01-13 07:00:00,Uttar Pradesh,Arid,7.86,66.27,27.16,47.18,25.85,27.62,Normal,0"
"2026-01-13 08:00:00,Tamil Nadu,Black,7.89,83.64,61.65,55.19,19.65,40.56,Moderate_Dry,0"
"2026-01-13 09:00:00,Uttar Pradesh,Laterite,7.59,91.86,41.85,66.81,11.55,20.73,Critical_Dry,1"
"2026-01-13 10:00:00,Tamil Nadu,Black,8.02,132.3,79.04,16.72,42.35,34.15,Normal,0"
"2026-01-13 11:00:00,Karnataka,Black,7.72,113.28,50.59,23.65,40.25,21.17,Normal,0"
"2026-01-13 12:00:00,Tamil Nadu,Red,6.91,38.24,54.28,42.07,37.28,30.59,Normal,0"
"2026-01-13 13:00:00,Maharashtra,Laterite,5.68,40.9,35.77,73.17,33.68,30.88,Normal,0"
"2026-01-13 14:00:00,Karnataka,Arid,8.05,32.06,61.42,95.62,27.07,19.02,Normal,0"
"2026-01-13 15:00:00,Maharashtra,Black,7.86,108.58,44.64,87.08,41.2,40.9,Normal,0"
"2026-01-13 16:00:00,Gujarat,Red,6.39,104.73,11.26,74.54,37.29,37.36,Normal,0"
"2026-01-13 17:00:00,Punjab,Laterite,4.66,138.36,52.6,56.71,38.19,25.27,Normal,0"
"2026-01-13 18:00:00,Tamil Nadu,Laterite,7.05,82.64,68.13,106.42,19.45,21.13,Moderate_Dry,0"
"2026-01-13 19:00:00,Punjab,Alluvial,4.7,119.17,26.58,63.28,23.67,26.3,Normal,0"
"2026-01-13 20:00:00,Punjab,Alluvial,8.21,89.17,25.47,46.42,34.15,39.46,Normal,0"
"2026-01-13 21:00:00,Tamil Nadu,Black,8.35,124.89,52.62,81.08,21.73,21.18,Moderate_Dry,0"
"2026-01-13 22:00:00,Karnataka,Alluvial,5.26,106.52,67.26,87.67,26.28,26.38,Normal,0"
"2026-01-13 23:00:00,Gujarat,Black,7.21,97.15,27.47,56.84,31.92,29.86,Normal,0"
"2026-01-14 00:00:00,Maharashtra,Arid,4.87,87.81,75.26,17.96,24.2,18.79,Normal,0"
"2026-01-14 01:00:00,Uttar Pradesh,Black,7.42,106.76,74.92,24.88,37.34,24.43,Normal,0"
"2026-01-14 02:00:00,Maharashtra,Alluvial,5.89,70.36,24.04,103.79,12.3,32.3,Critical_Dry,1"
"2026-01-14 03:00:00,Uttar Pradesh,Arid,7.22,31.59,28.46,20.94,34.57,25.78,Normal,0"
"2026-01-14 04:00:00,Maharashtra,Alluvial,5.99,24.8,59.04,77.16,13.37,38.89,Critical_Dry,1"
"2026-01-14 05:00:00,Tamil Nadu,Black,5.08,77.48,76.62,34.29,42.7,40.48,Normal,0"
"2026-01-14 06:00:00,Gujarat,Red,6.12,91.91,59.69,39.04,19.62,28.6,Moderate_Dry,0"
"2026-01-14 07:00:00,Uttar Pradesh,Laterite,4.95,29.46,41.14,43.7,37.43,30.77,Normal,0"
"2026-01-14 08:00:00,Karnataka,Alluvial,6.81,54.43,21.83,19.02,27.29,33.14,Normal,0"
"2026-01-14 09:00:00,Maharashtra,Black,4.66,58.64,42.27,33.61,11.37,33.95,Critical_Dry,1"
"2026-01-14 10:00:00,Maharashtra,Arid,6.61,87.54,52.47,83.3,29.56,19.52,Normal,0"
"2026-01-14 11:00:00,Uttar Pradesh,Alluvial,8.05,53.42,33.17,67.37,41.75,19.29,Normal,0"
"2026-01-14 12:00:00,Karnataka,Alluvial,7.85,31.48,45.72,98.72,13.82,38.77,Critical_Dry,1"
"2026-01-14 13:00:00,Karnataka,Laterite,8.03,39.78,19.11,21.43,19.89,23.28,Moderate_Dry,0"
"2026-01-14 14:00:00,Tamil Nadu,Black,8.19,40.87,41.65,108.33,24.25,32.02,Normal,0"
"2026-01-14 15:00:00,Tamil Nadu,Red,4.92,121.12,16.35,119.62,18.18,32.99,Moderate_Dry,0"
"2026-01-14 16:00:00,Tamil Nadu,Arid,5.01,54.12,13.44,16.65,42.92,21.95,Normal,0"
"2026-01-14 17:00:00,Tamil Nadu,Black,6.73,105.76,70.01,116.6,21.97,36.28,Moderate_Dry,0"
"2026-01-14 18:00:00,Tamil Nadu,Arid,8.08,88.14,24.36,39.77,32.35,38.78,Normal,0"
"2026-01-14 19:00:00,Tamil Nadu,Alluvial,8.4,137.24,50.26,87.72,16.28,24.85,Moderate_Dry,0"
"2026-01-14 20:00:00,Gujarat,Laterite,4.69,52.74,20.43,45.71,16.13,39.07,Moderate_Dry,0"
"2026-01-14 21:00:00,Karnataka,Laterite,5.92,39.0,28.38,69.79,14.51,19.94,Critical_Dry,1"
"2026-01-14 22:00:00,Tamil Nadu,Red,5.35,26.24,35.29,68.59,24.09,37.21,Normal,0"
"2026-01-14 23:00:00,Karnataka,Laterite,7.52,48.92,20.06,52.92,27.72,33.36,Normal,0"
"2026-01-15 00:00:00,Karnataka,Alluvial,7.06,102.09,13.22,90.34,8.4,31.99,Critical_Dry,1"
"2026-01-15 01:00:00,Punjab,Red,4.98,30.23,71.4,77.96,38.82,23.52,Normal,0"
"2026-01-15 02:00:00,Gujarat,Black,6.43,49.36,10.83,68.37,26.97,26.68,Normal,0"
"2026-01-15 03:00:00,Tamil Nadu,Laterite,7.24,122.64,14.29,118.2,13.82,39.85,Critical_Dry,1"
"2026-01-15 04:00:00,Maharashtra,Red,7.62,89.95,66.36,113.7,10.49,29.18,Critical_Dry,1"
"2026-01-15 05:00:00,Uttar Pradesh,Alluvial,4.58,28.34,29.74,115.32,10.34,32.27,Critical_Dry,1"
"2026-01-15 06:00:00,Maharashtra,Arid,8.06,25.72,60.6,107.54,17.53,40.46,Moderate_Dry,0"
"2026-01-15 07:00:00,Gujarat,Arid,6.78,27.33,20.24,41.79,26.47,29.2,Normal,0"
"2026-01-15 08:00:00,Uttar Pradesh,Alluvial,7.75,133.03,26.61,51.75,39.83,27.32,Normal,0"
"2026-01-15 09:00:00,Gujarat,Alluvial,7.73,121.98,50.09,39.26,41.41,39.44,Normal,0"
"2026-01-15 10:00:00,Karnataka,Arid,5.26,121.39,79.2,118.55,38.8,39.86,Normal,0"
"2026-01-15 11:00:00,Uttar Pradesh,Red,4.94,130.91,15.14,31.03,20.16,26.51,Moderate_Dry,0"
"2026-01-15 12:00:00,Karnataka,Arid,7.39,80.63,38.04,53.48,19.34,32.21,Moderate_Dry,0"
"2026-01-15 13:00:00,Maharashtra,Alluvial,5.13,49.68,13.02,35.9,44.54,41.13,Normal,0"
"2026-01-15 14:00:00,Maharashtra,Laterite,7.9,68.16,23.95,38.46,33.21,19.33,Normal,0"
"2026-01-15 15:00:00,Uttar Pradesh,Black,7.4,106.26,73.52,40.94,19.28,18.96,Moderate_Dry,0"
"2026-01-15 16:00:00,Uttar Pradesh,Laterite,7.87,125.12,16.75,82.17,20.18,30.4,Moderate_Dry,0"
"2026-01-15 17:00:00,Tamil Nadu,Laterite,5.7,72.21,69.98,22.99,24.08,24.99,Normal,0"
"2026-01-15 18:00:00,Gujarat,Alluvial,5.77,84.25,22.45,75.12,31.01,31.96,Normal,0"
"2026-01-15 19:00:00,Tamil Nadu,Arid,7.18,131.81,70.32,101.03,41.23,35.38,Normal,0"
"2026-01-15 20:00:00,Gujarat,Red,4.63,32.9,47.66,95.48,15.34,19.66,Moderate_Dry,0"
"2026-01-15 21:00:00,Tamil Nadu,Laterite,7.41,123.48,71.47,30.87,11.12,39.18,Critical_Dry,1"
"2026-01-15 22:00:00,Karnataka,Arid,7.84,39.12,20.62,111.05,23.01,24.65,Normal,0"
"2026-01-15 23:00:00,Uttar Pradesh,Red,6.16,78.06,63.34,95.86,17.08,27.15,Moderate_Dry,0"
"2026-01-16 00:00:00,Maharashtra,Laterite,7.56,46.21,57.65,15.56,29.31,26.09,Normal,0"
"2026-01-16 01:00:00,Gujarat,Red,5.2,92.35,48.01,92.42,33.87,38.16,Normal,0"
"2026-01-16 02:00:00,Gujarat,Arid,5.79,87.03,66.74,92.43,19.5,22.1,Moderate_Dry,0"
"2026-01-16 03:00:00,Maharashtra,Black,8.4,65.6,55.38,67.17,33.36,18.69,Normal,0"
"2026-01-16 04:00:00,Tamil Nadu,Arid,8.45,123.6,71.39,19.83,20.7,41.32,Moderate_Dry,0"
"2026-01-16 05:00:00,Gujarat,Alluvial,6.55,99.18,36.67,75.89,31.49,41.54,Normal,0"
"2026-01-16 06:00:00,Karnataka,Red,8.24,106.54,51.29,95.4,31.42,24.18,Normal,0"
"2026-01-16 07:00:00,Uttar Pradesh,Black,6.59,38.08,70.94,43.44,18.29,18.22,Moderate_Dry,0"
"2026-01-16 08:00:00,Maharashtra,Red,5.67,125.98,25.04,85.04,31.52,33.5,Normal,0"
"2026-01-16 09:00:00,Uttar Pradesh,Red,5.57,40.04,44.0,52.16,22.1,33.56,Moderate_Dry,0"
"2026-01-16 10:00:00,Gujarat,Laterite,8.22,46.73,77.25,75.25,20.45,40.57,Moderate_Dry,0"
"2026-01-16 11:00:00,Gujarat,Alluvial,5.19,35.37,43.15,55.38,18.7,25.16,Moderate_Dry,0"
"2026-01-16 12:00:00,Maharashtra,Red,6.82,72.84,27.7,46.89,20.79,22.55,Moderate_Dry,0"
"2026-01-16 13:00:00,Karnataka,Arid,6.72,126.53,34.58,104.87,37.11,32.79,Normal,0"
"2026-01-16 14:00:00,Punjab,Arid,7.46,50.29,71.96,94.15,17.07,31.53,Moderate_Dry,0"
"2026-01-16 15:00:00,Maharashtra,Laterite,6.5,64.85,76.84,51.27,33.23,35.23,Normal,0"
"2026-01-16 16:00:00,Punjab,Alluvial,5.59,121.53,76.51,60.64,41.32,39.24,Normal,0"
"2026-01-16 17:00:00,Tamil Nadu,Alluvial,5.18,94.14,58.93,87.63,20.97,31.43,Moderate_Dry,0"
"2026-01-16 18:00:00,Punjab,Arid,6.98,110.19,45.67,100.16,9.09,21.6,Critical_Dry,1"
"2026-01-16 19:00:00,Karnataka,Black,7.38,45.68,22.79,86.86,8.91,32.36,Critical_Dry,1"
"2026-01-16 20:00:00,Tamil Nadu,Laterite,6.78,105.98,18.63,71.8,13.16,26.98,Critical_Dry,1"
"2026-01-16 21:00:00,Punjab,Laterite,7.45,47.31,14.18,115.21,12.07,28.87,Critical_Dry,1"
"2026-01-16 22:00:00,Tamil Nadu,Arid,5.07,138.48,11.24,96.29,35.68,41.03,Normal,0"
"2026-01-16 23:00:00,Punjab,Arid,8.03,87.19,71.47,27.14,18.91,31.32,Moderate_Dry,0"
"2026-01-17 00:00:00,Karnataka,Black,6.83,103.48,66.64,73.6,32.14,21.59,Normal,0"
"2026-01-17 01:00:00,Punjab,Black,5.01,34.21,49.75,58.0,9.57,28.64,Critical_Dry,1"
"2026-01-17 02:00:00,Punjab,Alluvial,6.35,50.08,79.91,98.47,18.94,23.48,Moderate_Dry,0"
"2026-01-17 03:00:00,Punjab,Laterite,7.88,36.77,76.71,19.69,16.66,21.25,Moderate_Dry,0"
"2026-01-17 04:00:00,Maharashtra,Laterite,8.09,66.82,55.86,58.13,18.24,35.09,Moderate_Dry,0"
"2026-01-17 05:00:00,Maharashtra,Arid,5.56,54.1,42.52,48.42,15.06,33.09,Moderate_Dry,0"
"2026-01-17 06:00:00,Maharashtra,Alluvial,7.35,107.95,20.65,29.82,30.86,29.95,Normal,0"
"2026-01-17 07:00:00,Karnataka,Laterite,4.9,33.05,46.09,54.77,32.52,28.16,Normal,0"
"2026-01-17 08:00:00,Tamil Nadu,Alluvial,4.63,110.25,21.04,85.64,13.49,25.73,Critical_Dry,1"
"2026-01-17 09:00:00,Gujarat,Alluvial,6.74,25.48,37.89,52.98,35.42,20.11,Normal,0"
"2026-01-17 10:00:00,Punjab,Arid,7.28,44.24,75.99,75.9,17.25,25.18,Moderate_Dry,0"
"2026-01-17 11:00:00,Punjab,Alluvial,7.68,115.04,33.94,77.25,18.47,38.12,Moderate_Dry,0"
"2026-01-17 12:00:00,Karnataka,Black,5.86,109.13,20.7,76.65,38.67,36.81,Normal,0"
"2026-01-17 13:00:00,Punjab,Black,4.53,77.16,50.77,70.6,41.34,41.34,Normal,0"
"2026-01-17 14:00:00,Maharashtra,Red,6.42,26.0,52.17,27.28,38.52,33.75,Normal,0"
"2026-01-17 15:00:00,Gujarat,Arid,4.56,93.19,23.57,37.94,13.47,31.29,Critical_Dry,1"
"2026-01-17 16:00:00,Uttar Pradesh,Red,4.87,68.81,23.76,99.01,44.97,25.11,Normal,0"
"2026-01-17 17:00:00,Punjab,Black,5.81,57.98,79.27,67.75,32.87,19.84,Normal,0"
"2026-01-17 18:00:00,Maharashtra,Red,6.25,96.85,27.03,89.14,26.89,32.83,Normal,0"
"2026-01-17 19:00:00,Uttar Pradesh,Arid,5.62,72.39,68.67,74.84,43.33,29.72,Normal,0"
"2026-01-17 20:00:00,Gujarat,Arid,6.83,31.09,42.92,19.06,38.24,36.22,Normal,0"
"2026-01-17 21:00:00,Uttar Pradesh,Alluvial,4.72,129.91,40.45,98.6,33.59,27.88,Normal,0"
"2026-01-17 22:00:00,Maharashtra,Laterite,5.08,113.42,30.65,21.75,39.02,41.65,Normal,0"
"2026-01-17 23:00:00,Tamil Nadu,Alluvial,7.28,26.77,64.17,114.03,22.26,27.54,Moderate_Dry,0"
"2026-01-18 00:00:00,Tamil Nadu,Arid,5.07,83.01,71.65,37.61,33.32,25.99,Normal,0"
"2026-01-18 01:00:00,Uttar Pradesh,Black,7.06,30.01,28.28,68.8,15.05,38.9,Moderate_Dry,0"
"2026-01-18 02:00:00,Karnataka,Black,4.72,120.47,16.66,21.68,44.56,27.49,Normal,0"
"2026-01-18 03:00:00,Uttar Pradesh,Alluvial,6.13,93.56,19.58,108.97,29.79,38.9,Normal,0"
"2026-01-18 04:00:00,Punjab,Arid,5.21,40.69,65.5,117.89,38.13,18.66,Normal,0"
"2026-01-18 05:00:00,Punjab,Black,4.94,22.49,40.51,30.36,23.07,34.62,Normal,0"
"2026-01-18 06:00:00,Tamil Nadu,Arid,6.77,23.79,19.23,46.06,36.07,19.72,Normal,0"
"2026-01-18 07:00:00,Karnataka,Black,8.21,80.88,33.82,16.67,22.33,21.56,Moderate_Dry,0"
"2026-01-18 08:00:00,Maharashtra,Arid,4.72,108.12,46.0,97.63,29.83,34.8,Normal,0"
"2026-01-18 09:00:00,Punjab,Red,6.19,34.5,69.64,47.7,36.79,24.95,Normal,0"
"2026-01-18 10:00:00,Tamil Nadu,Arid,7.33,46.55,54.92,76.83,12.31,23.05,Critical_Dry,1"
"2026-01-18 11:00:00,Gujarat,Arid,6.35,59.27,22.32,19.12,21.2,37.24,Moderate_Dry,0"
"2026-01-18 12:00:00,Tamil Nadu,Alluvial,7.73,46.17,21.11,90.12,28.16,40.71,Normal,0"
"2026-01-18 13:00:00,Punjab,Red,5.22,66.96,38.86,70.59,20.36,23.58,Moderate_Dry,0"
"2026-01-18 14:00:00,Punjab,Laterite,8.34,87.15,15.26,91.12,19.44,25.61,Moderate_Dry,0"
"2026-01-18 15:00:00,Tamil Nadu,Alluvial,6.04,102.19,62.89,97.9,18.42,35.14,Moderate_Dry,0"
"2026-01-18 16:00:00,Maharashtra,Laterite,5.87,135.65,38.1,24.37,16.43,37.57,Moderate_Dry,0"
"2026-01-18 17:00:00,Uttar Pradesh,Black,8.0,131.7,34.01,75.7,39.41,41.98,Normal,0"
"2026-01-18 18:00:00,Punjab,Laterite,6.76,88.42,45.64,83.24,42.18,24.56,Normal,0"
"2026-01-18 19:00:00,Tamil Nadu,Arid,6.57,108.1,59.63,69.26,33.91,31.36,Normal,0"
"2026-01-18 20:00:00,Tamil Nadu,Laterite,7.41,134.1,49.85,34.15,9.11,21.22,Critical_Dry,1"
"2026-01-18 21:00:00,Karnataka,Alluvial,6.82,30.02,66.17,98.54,37.09,25.94,Normal,0"
"2026-01-18 22:00:00,Uttar Pradesh,Alluvial,5.15,20.68,54.06,119.73,27.68,19.08,Normal,0"
"2026-01-18 23:00:00,Gujarat,Laterite,7.2,23.58,65.16,116.77,36.05,23.06,Normal,0"
"2026-01-19 00:00:00,Maharashtra,Alluvial,5.03,87.6,58.77,96.64,24.18,30.16,Normal,0"
"2026-01-19 01:00:00,Gujarat,Alluvial,7.72,111.54,23.52,58.9,9.53,21.93,Critical_Dry,1"
"2026-01-19 02:00:00,Uttar Pradesh,Laterite,8.46,64.05,13.66,50.42,33.22,39.35,Normal,0"
"2026-01-19 03:00:00,Uttar Pradesh,Red,6.01,85.43,73.24,22.2,24.43,35.05,Normal,0"
"2026-01-19 04:00:00,Uttar Pradesh,Red,6.28,81.96,76.2,58.71,40.34,18.67,Normal,0"
"2026-01-19 05:00:00,Gujarat,Black,4.69,31.37,60.89,31.39,35.31,39.04,Normal,0"
"2026-01-19 06:00:00,Uttar Pradesh,Alluvial,4.55,58.59,60.69,41.71,21.3,41.46,Moderate_Dry,0"
"2026-01-19 07:00:00,Tamil Nadu,Laterite,8.19,22.33,28.91,108.65,34.79,30.04,Normal,0"
"2026-01-19 08:00:00,Gujarat,Alluvial,5.01,33.28,47.97,116.7,26.32,25.55,Normal,0"
"2026-01-19 09:00:00,Uttar Pradesh,Arid,6.28,117.42,79.46,114.6,15.38,24.32,Moderate_Dry,0"
"2026-01-19 10:00:00,Tamil Nadu,Alluvial,7.76,119.53,69.93,35.3,23.54,20.1,Normal,0"
"2026-01-19 11:00:00,Karnataka,Alluvial,8.06,116.23,31.31,109.59,16.23,29.8,Moderate_Dry,0"
"2026-01-19 12:00:00,Uttar Pradesh,Red,6.58,107.22,31.07,29.86,8.18,19.2,Critical_Dry,1"
"2026-01-19 13:00:00,Gujarat,Laterite,6.76,115.2,43.85,68.3,17.13,30.09,Moderate_Dry,0"
"2026-01-19 14:00:00,Punjab,Alluvial,7.18,100.52,38.32,82.58,15.75,24.06,Moderate_Dry,0"
"2026-01-19 15:00:00,Uttar Pradesh,Red,8.35,100.38,35.98,63.56,8.16,29.43,Critical_Dry,1"
"2026-01-19 16:00:00,Punjab,Black,6.91,100.08,53.89,114.94,37.01,28.04,Normal,0"
"2026-01-19 17:00:00,Tamil Nadu,Red,6.74,81.69,10.8,49.99,10.85,25.32,Critical_Dry,1"
"2026-01-19 18:00:00,Karnataka,Red,4.56,63.6,63.43,70.37,24.62,28.77,Normal,0"
"2026-01-19 19:00:00,Maharashtra,Red,4.82,107.62,61.8,22.92,23.46,29.38,Normal,0"
"2026-01-19 20:00:00,Karnataka,Alluvial,6.81,55.84,68.12,104.48,14.71,38.01,Critical_Dry,1"
"2026-01-19 21:00:00,Uttar Pradesh,Alluvial,8.24,85.15,68.9,58.4,43.77,33.98,Normal,0"
"2026-01-19 22:00:00,Punjab,Black,7.97,72.0,49.65,88.56,30.34,28.4,Normal,0"
"2026-01-19 23:00:00,Punjab,Arid,8.43,53.19,64.61,86.64,38.1,39.73,Normal,0"
"2026-01-20 00:00:00,Gujarat,Arid,6.61,136.96,44.47,86.01,26.36,36.14,Normal,0"
"2026-01-20 01:00:00,Punjab,Arid,7.65,51.05,76.61,68.23,34.74,19.82,Normal,0"
"2026-01-20 02:00:00,Gujarat,Black,7.86,57.12,23.35,44.14,43.88,21.69,Normal,0"
"2026-01-20 03:00:00,Tamil Nadu,Arid,7.09,39.39,74.09,80.63,20.89,19.96,Moderate_Dry,0"
"2026-01-20 04:00:00,Maharashtra,Arid,5.85,118.76,28.1,115.99,26.66,25.65,Normal,0"
"2026-01-20 05:00:00,Uttar Pradesh,Red,6.38,90.39,17.19,102.56,27.04,28.46,Normal,0"
"2026-01-20 06:00:00,Gujarat,Alluvial,7.93,93.56,40.74,26.42,44.7,30.1,Normal,0"
"2026-01-20 07:00:00,Maharashtra,Alluvial,5.69,118.47,53.04,17.43,16.62,38.43,Moderate_Dry,0"
"2026-01-20 08:00:00,Punjab,Red,8.19,61.15,26.17,67.39,32.99,18.43,Normal,0"
"2026-01-20 09:00:00,Punjab,Red,5.42,43.24,48.91,96.46,13.11,28.28,Critical_Dry,1"
"2026-01-20 10:00:00,Maharashtra,Red,7.5,43.81,66.55,47.96,42.3,27.86,Normal,0"
"2026-01-20 11:00:00,Punjab,Alluvial,7.02,107.91,28.0,88.63,29.84,40.74,Normal,0"
"2026-01-20 12:00:00,Tamil Nadu,Arid,7.5,93.69,50.62,112.85,39.8,23.78,Normal,0"
"2026-01-20 13:00:00,Tamil Nadu,Red,6.25,44.76,33.75,63.19,41.12,20.94,Normal,0"
"2026-01-20 14:00:00,Maharashtra,Black,8.23,37.41,47.08,40.64,28.61,21.41,Normal,0"
"2026-01-20 15:00:00,Gujarat,Red,7.03,34.48,56.68,111.36,33.23,30.48,Normal,0"
"2026-01-20 16:00:00,Gujarat,Laterite,5.65,95.34,34.53,64.59,33.85,27.38,Normal,0"
"2026-01-20 17:00:00,Maharashtra,Red,7.05,20.01,79.61,57.82,25.04,36.1,Normal,0"
"2026-01-20 18:00:00,Gujarat,Alluvial,5.65,22.2,49.46,52.1,24.09,25.76,Normal,0"
"2026-01-20 19:00:00,Gujarat,Red,5.67,66.75,67.71,59.42,14.89,21.07,Critical_Dry,1"
"2026-01-20 20:00:00,Tamil Nadu,Laterite,6.1,102.96,60.76,85.73,22.2,27.29,Moderate_Dry,0"
"2026-01-20 21:00:00,Gujarat,Black,7.91,103.4,69.7,60.54,44.66,39.19,Normal,0"
"2026-01-20 22:00:00,Karnataka,Arid,6.5,71.61,22.17,49.04,17.98,27.73,Moderate_Dry,0"
"2026-01-20 23:00:00,Uttar Pradesh,Red,7.22,102.93,25.58,93.08,36.21,38.01,Normal,0"
"2026-01-21 00:00:00,Punjab,Laterite,6.07,82.53,44.12,36.31,10.2,26.92,Critical_Dry,1"
"2026-01-21 01:00:00,Karnataka,Laterite,5.55,137.23,69.66,36.2,25.3,24.75,Normal,0"
"2026-01-21 02:00:00,Gujarat,Black,8.32,39.5,23.83,88.13,10.16,36.6,Critical_Dry,1"
"2026-01-21 03:00:00,Tamil Nadu,Alluvial,6.91,92.08,77.97,106.0,25.6,23.02,Normal,0"
"2026-01-21 04:00:00,Maharashtra,Red,8.24,78.95,18.93,40.33,9.02,23.56,Critical_Dry,1"
"2026-01-21 05:00:00,Gujarat,Laterite,5.31,43.34,22.26,35.07,30.69,19.2,Normal,0"
"2026-01-21 06:00:00,Tamil Nadu,Black,5.09,110.0,21.71,85.38,29.7,22.51,Normal,0"
"2026-01-21 07:00:00,Uttar Pradesh,Arid,7.92,53.06,51.02,80.18,37.52,27.09,Normal,0"
"2026-01-21 08:00:00,Gujarat,Laterite,7.22,65.81,74.23,61.96,29.58,27.59,Normal,0"
"2026-01-21 09:00:00,Maharashtra,Black,5.25,64.98,27.86,25.07,42.26,28.1,Normal,0"
"2026-01-21 10:00:00,Tamil Nadu,Alluvial,5.58,49.3,48.71,24.64,36.97,29.51,Normal,0"
"2026-01-21 11:00:00,Tamil Nadu,Alluvial,7.7,71.68,22.3,96.62,12.91,31.73,Critical_Dry,1"
"2026-01-21 12:00:00,Tamil Nadu,Laterite,6.32,76.8,54.18,62.44,17.82,22.55,Moderate_Dry,0"
"2026-01-21 13:00:00,Uttar Pradesh,Laterite,7.18,109.31,18.63,105.09,8.97,32.73,Critical_Dry,1"
"2026-01-21 14:00:00,Gujarat,Red,5.77,111.81,44.39,75.35,22.29,26.08,Moderate_Dry,0"
"2026-01-21 15:00:00,Uttar Pradesh,Black,6.02,39.03,55.86,79.97,26.85,35.62,Normal,0"
"2026-01-21 16:00:00,Punjab,Laterite,8.46,91.13,50.54,113.09,43.0,31.37,Normal,0"
"2026-01-21 17:00:00,Punjab,Red,5.49,127.54,19.8,32.28,27.32,31.3,Normal,0"
"2026-01-21 18:00:00,Gujarat,Red,6.53,33.05,21.3,72.02,36.9,34.45,Normal,0"
"2026-01-21 19:00:00,Uttar Pradesh,Laterite,7.88,76.75,57.0,21.1,17.92,25.99,Moderate_Dry,0"
"2026-01-21 20:00:00,Maharashtra,Alluvial,5.46,110.04,66.62,52.69,13.67,28.3,Critical_Dry,1"
"2026-01-21 21:00:00,Tamil Nadu,Black,6.16,93.38,73.57,30.55,38.0,31.99,Normal,0"
"2026-01-21 22:00:00,Tamil Nadu,Black,6.96,32.07,66.95,34.72,17.15,28.12,Moderate_Dry,0"
"2026-01-21 23:00:00,Gujarat,Alluvial,6.42,67.59,78.17,113.15,40.24,28.66,Normal,0"
"2026-01-22 00:00:00,Punjab,Laterite,6.34,80.87,38.58,79.12,14.28,24.54,Critical_Dry,1"
"2026-01-22 01:00:00,Punjab,Black,5.95,139.5,33.18,108.68,39.51,24.9,Normal,0"
"2026-01-22 02:00:00,Tamil Nadu,Laterite,6.85,41.43,11.97,61.57,36.6,34.77,Normal,0"
"2026-01-22 03:00:00,Gujarat,Laterite,7.0,137.89,41.49,77.75,30.62,18.1,Normal,0"
"2026-01-22 04:00:00,Uttar Pradesh,Red,7.11,65.14,55.6,18.37,39.46,20.29,Normal,0"
"2026-01-22 05:00:00,Punjab,Alluvial,4.78,44.04,67.08,64.3,20.24,40.77,Moderate_Dry,0"
"2026-01-22 06:00:00,Uttar Pradesh,Laterite,7.02,69.69,28.72,74.23,14.14,22.49,Critical_Dry,1"
"2026-01-22 07:00:00,Punjab,Arid,8.31,93.68,45.95,16.76,13.81,28.03,Critical_Dry,1"
"2026-01-22 08:00:00,Punjab,Alluvial,6.66,45.62,56.34,97.9,18.0,38.39,Moderate_Dry,0"
"2026-01-22 09:00:00,Karnataka,Black,7.36,54.97,48.61,46.02,24.51,18.0,Normal,0"
"2026-01-22 10:00:00,Punjab,Red,6.73,122.55,29.18,62.51,40.41,40.2,Normal,0"
"2026-01-22 11:00:00,Maharashtra,Black,7.92,139.88,65.74,71.24,11.31,19.28,Critical_Dry,1"
"2026-01-22 12:00:00,Gujarat,Black,8.22,58.18,22.14,119.18,41.86,22.1,Normal,0"
"2026-01-22 13:00:00,Gujarat,Alluvial,5.24,37.86,73.35,25.41,42.24,18.7,Normal,0"
"2026-01-22 14:00:00,Uttar Pradesh,Black,6.25,115.18,76.68,73.3,34.91,30.47,Normal,0"
"2026-01-22 15:00:00,Punjab,Laterite,6.07,92.05,35.59,70.71,41.31,40.63,Normal,0"
"2026-01-22 16:00:00,Maharashtra,Black,6.12,32.05,36.33,22.24,36.49,38.14,Normal,0"
"2026-01-22 17:00:00,Uttar Pradesh,Red,5.0,133.61,62.03,81.56,27.55,33.35,Normal,0"
"2026-01-22 18:00:00,Karnataka,Red,7.75,29.37,41.94,45.12,30.23,22.45,Normal,0"
"2026-01-22 19:00:00,Uttar Pradesh,Arid,4.64,95.04,12.0,25.9,31.24,38.87,Normal,0"
"2026-01-22 20:00:00,Uttar Pradesh,Red,6.61,70.87,74.39,33.76,12.7,36.11,Critical_Dry,1"
"2026-01-22 21:00:00,Punjab,Black,7.15,86.79,40.15,101.48,15.14,24.4,Moderate_Dry,0"
"2026-01-22 22:00:00,Karnataka,Red,5.33,45.59,24.24,25.93,27.36,37.32,Normal,0"
"2026-01-22 23:00:00,Uttar Pradesh,Alluvial,8.12,102.57,48.9,64.03,12.26,39.05,Critical_Dry,1"
"2026-01-23 00:00:00,Maharashtra,Red,7.85,135.17,25.32,35.5,43.7,34.76,Normal,0"
"2026-01-23 01:00:00,Maharashtra,Laterite,6.38,75.01,24.42,32.04,26.76,20.41,Normal,0"
"2026-01-23 02:00:00,Gujarat,Alluvial,6.14,82.75,48.2,36.6,22.06,41.62,Moderate_Dry,0"
"2026-01-23 03:00:00,Karnataka,Arid,5.45,48.78,37.37,66.74,13.83,19.82,Critical_Dry,1"
"2026-01-23 04:00:00,Karnataka,Laterite,7.42,127.02,50.11,39.97,23.41,33.71,Normal,0"
"2026-01-23 05:00:00,Gujarat,Black,5.03,136.54,79.78,25.16,19.19,20.65,Moderate_Dry,0"
"2026-01-23 06:00:00,Uttar Pradesh,Black,7.22,114.36,70.13,99.15,11.25,39.73,Critical_Dry,1"
"2026-01-23 07:00:00,Karnataka,Black,7.87,85.13,10.54,71.68,43.78,26.4,Normal,0"
"2026-01-23 08:00:00,Maharashtra,Laterite,5.41,134.82,13.54,31.47,17.8,30.28,Moderate_Dry,0"
"2026-01-23 09:00:00,Maharashtra,Laterite,7.97,38.46,52.71,64.5,33.55,22.29,Normal,0"
"2026-01-23 10:00:00,Punjab,Laterite,4.63,77.42,53.84,22.18,11.38,31.12,Critical_Dry,1"
"2026-01-23 11:00:00,Karnataka,Alluvial,8.15,84.51,71.47,75.95,41.79,40.53,Normal,0"
"2026-01-23 12:00:00,Uttar Pradesh,Alluvial,4.97,79.03,54.03,50.73,29.86,39.64,Normal,0"
"2026-01-23 13:00:00,Gujarat,Black,7.08,116.29,25.94,25.87,32.3,19.53,Normal,0"
"2026-01-23 14:00:00,Gujarat,Red,5.5,100.45,42.8,34.28,36.93,27.08,Normal,0"
"2026-01-23 15:00:00,Uttar Pradesh,Black,7.85,35.2,66.63,51.3,30.42,24.42,Normal,0"
"2026-01-23 16:00:00,Tamil Nadu,Arid,6.55,61.57,74.6,99.67,10.62,29.55,Critical_Dry,1"
"2026-01-23 17:00:00,Punjab,Alluvial,5.04,60.69,26.58,33.24,23.89,38.01,Normal,0"
"2026-01-23 18:00:00,Gujarat,Laterite,6.78,87.88,47.77,26.51,17.7,35.73,Moderate_Dry,0"
"2026-01-23 19:00:00,Karnataka,Alluvial,6.13,54.98,21.12,69.17,26.01,26.26,Normal,0"
"2026-01-23 20:00:00,Punjab,Laterite,7.15,34.07,44.79,73.66,22.96,27.18,Moderate_Dry,0"
"2026-01-23 21:00:00,Karnataka,Arid,8.03,98.44,16.31,24.48,38.58,33.7,Normal,0"
"2026-01-23 22:00:00,Maharashtra,Arid,6.14,122.12,75.92,44.87,17.14,22.66,Moderate_Dry,0"
"2026-01-23 23:00:00,Punjab,Alluvial,5.66,131.79,54.66,42.59,15.45,20.47,Moderate_Dry,0"
"2026-01-24 00:00:00,Gujarat,Laterite,4.56,136.71,69.8,34.55,43.45,23.82,Normal,0"
"2026-01-24 01:00:00,Punjab,Arid,6.8,113.73,79.88,48.14,43.13,20.98,Normal,0"
"2026-01-24 02:00:00,Punjab,Black,6.11,36.76,22.79,18.9,44.76,26.45,Normal,0"
"2026-01-24 03:00:00,Punjab,Black,6.0,122.37,58.59,83.41,29.03,40.5,Normal,0"
"2026-01-24 04:00:00,Tamil Nadu,Laterite,5.23,68.0,72.09,118.79,12.19,20.89,Critical_Dry,1"
"2026-01-24 05:00:00,Punjab,Alluvial,6.22,107.59,50.32,81.57,40.57,37.64,Normal,0"
"2026-01-24 06:00:00,Karnataka,Arid,8.44,83.75,54.78,52.91,13.37,30.83,Critical_Dry,1"
"2026-01-24 07:00:00,Maharashtra,Alluvial,5.69,119.43,38.54,85.13,13.76,33.19,Critical_Dry,1"
"2026-01-24 08:00:00,Uttar Pradesh,Black,6.9,71.06,57.23,75.01,15.16,22.08,Moderate_Dry,0"
"2026-01-24 09:00:00,Punjab,Arid,7.61,27.42,37.69,103.91,32.18,21.63,Normal,0"
"2026-01-24 10:00:00,Gujarat,Alluvial,7.5,86.82,43.36,80.3,11.97,21.91,Critical_Dry,1"
"2026-01-24 11:00:00,Punjab,Red,5.82,40.55,17.2,81.58,36.8,34.01,Normal,0"
"2026-01-24 12:00:00,Gujarat,Laterite,6.94,135.86,10.55,38.27,10.16,35.95,Critical_Dry,1"
"2026-01-24 13:00:00,Karnataka,Laterite,7.99,83.24,13.86,58.64,12.09,40.09,Critical_Dry,1"
"2026-01-24 14:00:00,Gujarat,Red,4.56,86.43,23.48,51.16,24.08,27.56,Normal,0"
"2026-01-24 15:00:00,Uttar Pradesh,Black,6.24,128.87,41.96,16.2,22.03,29.09,Moderate_Dry,0"
"2026-01-24 16:00:00,Maharashtra,Arid,5.4,94.95,11.47,47.89,44.62,29.27,Normal,0"
"2026-01-24 17:00:00,Gujarat,Laterite,6.05,56.33,20.92,66.04,43.77,24.48,Normal,0"
"2026-01-24 18:00:00,Gujarat,Red,6.16,55.53,64.7,77.98,15.02,25.88,Moderate_Dry,0"
"2026-01-24 19:00:00,Maharashtra,Red,7.49,80.19,63.35,113.13,43.03,38.32,Normal,0"
"2026-01-24 20:00:00,Uttar Pradesh,Black,4.88,123.99,65.28,40.11,33.61,26.25,Normal,0"
"2026-01-24 21:00:00,Punjab,Black,6.55,115.37,74.51,31.01,23.13,38.86,Normal,0"
"2026-01-24 22:00:00,Gujarat,Alluvial,6.76,135.53,18.33,106.29,35.37,25.33,Normal,0"
"2026-01-24 23:00:00,Maharashtra,Laterite,6.48,28.63,21.42,113.89,41.31,26.16,Normal,0"
"2026-01-25 00:00:00,Karnataka,Alluvial,7.43,52.2,33.35,66.24,14.67,31.45,Critical_Dry,1"
"2026-01-25 01:00:00,Maharashtra,Red,6.04,29.62,74.06,27.1,15.25,20.48,Moderate_Dry,0"
"2026-01-25 02:00:00,Karnataka,Arid,8.28,110.13,64.28,65.97,23.12,40.13,Normal,0"
"2026-01-25 03:00:00,Uttar Pradesh,Arid,6.43,36.9,32.69,26.49,14.26,37.69,Critical_Dry,1"
"2026-01-25 04:00:00,Punjab,Black,6.78,31.99,16.13,107.73,21.33,34.09,Moderate_Dry,0"
"2026-01-25 05:00:00,Maharashtra,Arid,7.8,87.4,53.15,89.36,31.89,41.72,Normal,0"
"2026-01-25 06:00:00,Tamil Nadu,Arid,5.6,69.38,27.98,40.32,38.07,18.38,Normal,0"
"2026-01-25 07:00:00,Gujarat,Arid,4.8,105.81,47.18,108.1,19.17,27.87,Moderate_Dry,0"
"2026-01-25 08:00:00,Uttar Pradesh,Red,7.33,78.44,75.93,81.98,18.42,38.6,Moderate_Dry,0"
"2026-01-25 09:00:00,Maharashtra,Arid,6.43,71.04,50.08,115.09,36.85,28.39,Normal,0"
"2026-01-25 10:00:00,Gujarat,Arid,8.09,71.06,74.67,117.95,22.1,18.13,Moderate_Dry,0"
"2026-01-25 11:00:00,Maharashtra,Arid,8.43,124.63,37.51,15.34,38.28,21.79,Normal,0"
"2026-01-25 12:00:00,Karnataka,Alluvial,6.1,67.43,54.33,27.62,44.76,28.42,Normal,0"
"2026-01-25 13:00:00,Maharashtra,Red,6.16,60.01,72.57,72.43,44.25,34.03,Normal,0"
"2026-01-25 14:00:00,Tamil Nadu,Black,6.13,60.62,51.16,115.36,32.52,21.9,Normal,0"
"2026-01-25 15:00:00,Maharashtra,Alluvial,5.8,43.59,53.04,119.39,21.88,28.75,Moderate_Dry,0"
"2026-01-25 16:00:00,Maharashtra,Laterite,7.63,123.28,60.14,74.58,10.42,18.31,Critical_Dry,1"
"2026-01-25 17:00:00,Tamil Nadu,Red,7.54,37.6,71.75,33.25,35.31,29.46,Normal,0"
"2026-01-25 18:00:00,Uttar Pradesh,Red,6.41,129.03,16.17,32.12,44.18,39.5,Normal,0"
"2026-01-25 19:00:00,Maharashtra,Laterite,4.68,54.02,33.58,95.21,10.52,32.32,Critical_Dry,1"
"2026-01-25 20:00:00,Tamil Nadu,Laterite,5.74,127.93,37.84,77.15,8.23,28.58,Critical_Dry,1"
"2026-01-25 21:00:00,Gujarat,Laterite,5.67,114.9,73.68,72.62,38.78,21.89,Normal,0"
"2026-01-25 22:00:00,Karnataka,Black,7.74,89.84,76.92,63.91,11.78,22.86,Critical_Dry,1"
"2026-01-25 23:00:00,Karnataka,Arid,4.85,100.34,18.43,91.14,11.02,19.84,Critical_Dry,1"
"2026-01-26 00:00:00,Maharashtra,Red,7.72,59.1,18.34,105.1,41.68,35.82,Normal,0"
"2026-01-26 01:00:00,Uttar Pradesh,Arid,7.18,88.91,75.44,46.81,10.94,19.85,Critical_Dry,1"
"2026-01-26 02:00:00,Uttar Pradesh,Arid,7.43,55.09,30.7,38.2,12.22,27.21,Critical_Dry,1"
"2026-01-26 03:00:00,Gujarat,Laterite,6.23,68.27,26.93,85.37,29.07,36.0,Normal,0"
"2026-01-26 04:00:00,Maharashtra,Black,7.22,111.76,12.49,111.05,36.0,35.11,Normal,0"
"2026-01-26 05:00:00,Karnataka,Alluvial,6.94,49.27,29.29,51.56,22.78,31.86,Moderate_Dry,0"
"2026-01-26 06:00:00,Uttar Pradesh,Black,7.58,120.66,58.55,43.61,23.56,31.71,Normal,0"
"2026-01-26 07:00:00,Maharashtra,Arid,6.29,65.11,39.82,38.74,31.41,20.17,Normal,0"
"2026-01-26 08:00:00,Uttar Pradesh,Black,6.39,83.86,46.18,41.72,26.7,22.2,Normal,0"
"2026-01-26 09:00:00,Tamil Nadu,Laterite,7.07,133.04,74.21,29.17,8.69,30.83,Critical_Dry,1"
"2026-01-26 10:00:00,Uttar Pradesh,Alluvial,4.93,101.75,18.03,77.66,12.2,26.35,Critical_Dry,1"
"2026-01-26 11:00:00,Karnataka,Laterite,6.24,97.47,14.99,44.49,29.52,18.45,Normal,0"
"2026-01-26 12:00:00,Punjab,Alluvial,8.39,105.39,69.64,79.57,37.37,37.16,Normal,0"
"2026-01-26 13:00:00,Gujarat,Arid,4.65,130.17,64.24,23.72,36.23,33.69,Normal,0"
"2026-01-26 14:00:00,Gujarat,Alluvial,5.76,49.82,28.46,27.12,35.38,25.82,Normal,0"
"2026-01-26 15:00:00,Karnataka,Alluvial,5.76,93.59,32.7,71.29,36.54,20.36,Normal,0"
"2026-01-26 16:00:00,Uttar Pradesh,Alluvial,7.03,68.05,31.72,68.71,9.64,32.19,Critical_Dry,1"
"2026-01-26 17:00:00,Maharashtra,Black,4.92,21.42,55.35,43.51,41.12,26.37,Normal,0"
"2026-01-26 18:00:00,Uttar Pradesh,Black,7.01,35.04,14.28,101.85,40.9,24.13,Normal,0"
"2026-01-26 19:00:00,Karnataka,Arid,4.88,59.0,44.26,34.64,27.68,35.32,Normal,0"
"2026-01-26 20:00:00,Gujarat,Alluvial,4.88,87.8,19.37,52.87,17.2,25.88,Moderate_Dry,0"
"2026-01-26 21:00:00,Uttar Pradesh,Red,7.41,125.78,67.38,73.33,29.91,21.27,Normal,0"
"2026-01-26 22:00:00,Gujarat,Arid,5.8,114.93,36.65,106.06,28.64,29.56,Normal,0"
"2026-01-26 23:00:00,Maharashtra,Alluvial,8.41,86.4,46.93,58.95,16.25,37.88,Moderate_Dry,0"
"2026-01-27 00:00:00,Gujarat,Alluvial,4.65,28.86,12.05,56.85,30.32,38.39,Normal,0"
"2026-01-27 01:00:00,Gujarat,Black,6.28,54.31,14.08,75.85,37.5,38.38,Normal,0"
"2026-01-27 02:00:00,Punjab,Arid,4.95,64.01,57.25,48.25,37.83,28.1,Normal,0"
"2026-01-27 03:00:00,Punjab,Alluvial,5.91,94.61,63.67,89.46,10.21,36.98,Critical_Dry,1"
"2026-01-27 04:00:00,Tamil Nadu,Alluvial,8.49,27.79,59.7,41.11,15.3,38.41,Moderate_Dry,0"
"2026-01-27 05:00:00,Punjab,Arid,8.06,83.62,61.59,101.44,32.72,29.03,Normal,0"
"2026-01-27 06:00:00,Gujarat,Red,4.69,128.18,17.32,43.6,39.81,25.65,Normal,0"
"2026-01-27 07:00:00,Karnataka,Arid,6.75,104.65,58.54,119.23,27.29,34.85,Normal,0"
"2026-01-27 08:00:00,Gujarat,Arid,7.09,115.65,22.72,48.23,34.18,39.71,Normal,0"
"2026-01-27 09:00:00,Karnataka,Red,5.34,101.8,16.86,107.28,8.78,41.33,Critical_Dry,1"
"2026-01-27 10:00:00,Karnataka,Arid,5.08,44.79,63.0,56.72,30.51,24.97,Normal,0"
"2026-01-27 11:00:00,Punjab,Alluvial,8.12,33.26,72.26,40.84,43.59,40.95,Normal,0"
"2026-01-27 12:00:00,Uttar Pradesh,Arid,8.38,119.54,60.17,38.75,32.46,29.98,Normal,0"
"2026-01-27 13:00:00,Maharashtra,Red,8.47,103.46,66.39,104.27,42.12,25.34,Normal,0"
"2026-01-27 14:00:00,Punjab,Laterite,7.66,89.01,79.38,47.42,28.94,41.72,Normal,0"
"2026-01-27 15:00:00,Punjab,Arid,7.15,42.71,19.43,50.55,39.21,39.07,Normal,0"
"2026-01-27 16:00:00,Uttar Pradesh,Black,5.88,92.4,77.56,35.68,12.59,34.62,Critical_Dry,1"
"2026-01-27 17:00:00,Maharashtra,Alluvial,5.19,23.76,52.08,115.94,12.57,39.48,Critical_Dry,1"
"2026-01-27 18:00:00,Gujarat,Alluvial,4.82,34.26,66.93,40.7,12.45,34.36,Critical_Dry,1"
"2026-01-27 19:00:00,Tamil Nadu,Black,7.27,57.43,55.51,40.98,26.09,28.57,Normal,0"
"2026-01-27 20:00:00,Tamil Nadu,Black,7.64,73.25,49.9,114.11,20.22,40.75,Moderate_Dry,0"
"2026-01-27 21:00:00,Gujarat,Arid,7.81,34.47,59.25,109.59,34.61,41.12,Normal,0"
"2026-01-27 22:00:00,Punjab,Black,8.16,34.39,32.42,41.14,41.4,25.54,Normal,0"
"2026-01-27 23:00:00,Maharashtra,Laterite,8.02,107.11,74.7,105.8,30.92,26.51,Normal,0"
"2026-01-28 00:00:00,Punjab,Red,8.5,88.37,18.07,41.23,15.89,27.19,Moderate_Dry,0"
"2026-01-28 01:00:00,Karnataka,Black,5.48,84.05,32.26,23.87,42.44,37.73,Normal,0"
"2026-01-28 02:00:00,Punjab,Black,7.55,74.29,12.18,101.14,27.53,36.99,Normal,0"
"2026-01-28 03:00:00,Punjab,Laterite,6.85,137.19,28.99,96.01,34.64,41.59,Normal,0"
"2026-01-28 04:00:00,Gujarat,Alluvial,5.54,25.98,25.27,45.94,40.95,29.17,Normal,0"
"2026-01-28 05:00:00,Gujarat,Alluvial,8.43,41.68,13.47,24.46,44.62,35.68,Normal,0"
"2026-01-28 06:00:00,Gujarat,Arid,8.09,97.7,44.42,36.68,26.72,38.56,Normal,0"
"2026-01-28 07:00:00,Tamil Nadu,Laterite,5.01,36.36,42.8,95.96,37.9,23.31,Normal,0"
"2026-01-28 08:00:00,Karnataka,Red,4.6,90.73,15.44,116.3,28.97,32.89,Normal,0"
"2026-01-28 09:00:00,Gujarat,Red,7.25,88.13,28.33,42.2,26.0,31.14,Normal,0"
"2026-01-28 10:00:00,Maharashtra,Laterite,6.92,136.52,76.73,100.92,27.9,35.83,Normal,0"
"2026-01-28 11:00:00,Tamil Nadu,Red,8.24,126.01,17.75,38.93,25.92,34.69,Normal,0"
"2026-01-28 12:00:00,Uttar Pradesh,Alluvial,5.44,133.47,31.35,86.36,23.58,37.51,Normal,0"
"2026-01-28 13:00:00,Maharashtra,Red,4.84,33.63,12.51,23.78,34.78,25.47,Normal,0"
"2026-01-28 14:00:00,Maharashtra,Red,5.54,124.18,20.42,76.46,17.24,23.19,Moderate_Dry,0"
"2026-01-28 15:00:00,Gujarat,Laterite,4.58,35.49,58.96,43.26,30.81,37.32,Normal,0"
"2026-01-28 16:00:00,Uttar Pradesh,Laterite,4.64,95.95,35.67,112.21,34.38,26.65,Normal,0"
"2026-01-28 17:00:00,Uttar Pradesh,Red,8.16,106.41,41.65,45.42,41.01,24.9,Normal,0"
"2026-01-28 18:00:00,Tamil Nadu,Black,5.91,39.3,20.99,56.84,20.28,26.08,Moderate_Dry,0"
"2026-01-28 19:00:00,Uttar Pradesh,Laterite,6.14,95.92,57.75,103.27,39.84,19.59,Normal,0"
"2026-01-28 20:00:00,Karnataka,Arid,4.57,26.3,62.61,61.02,42.98,36.56,Normal,0"
"2026-01-28 21:00:00,Gujarat,Arid,5.58,55.19,22.68,40.03,32.0,35.16,Normal,0"
"2026-01-28 22:00:00,Uttar Pradesh,Alluvial,7.72,130.54,13.15,72.49,36.54,31.26,Normal,0"
"2026-01-28 23:00:00,Tamil Nadu,Red,6.96,40.61,15.67,103.2,23.01,35.19,Normal,0"
"2026-01-29 00:00:00,Karnataka,Black,7.52,27.83,55.99,60.48,43.23,26.96,Normal,0"
"2026-01-29 01:00:00,Punjab,Alluvial,6.29,73.24,19.49,28.95,32.82,25.09,Normal,0"
"2026-01-29 02:00:00,Punjab,Red,5.74,122.07,44.57,55.22,19.48,38.7,Moderate_Dry,0"
"2026-01-29 03:00:00,Karnataka,Laterite,6.43,29.2,20.68,115.22,22.96,28.14,Moderate_Dry,0"
"2026-01-29 04:00:00,Tamil Nadu,Arid,5.79,62.66,21.91,22.56,30.86,22.7,Normal,0"
"2026-01-29 05:00:00,Karnataka,Black,7.86,127.97,10.31,57.89,16.66,35.98,Moderate_Dry,0"
"2026-01-29 06:00:00,Gujarat,Arid,5.69,34.18,32.46,83.04,35.89,26.06,Normal,0"
"2026-01-29 07:00:00,Gujarat,Laterite,7.14,57.28,16.29,23.24,16.31,23.08,Moderate_Dry,0"
"2026-01-29 08:00:00,Punjab,Red,5.05,113.41,37.58,51.22,29.9,18.65,Normal,0"
"2026-01-29 09:00:00,Uttar Pradesh,Laterite,7.25,85.19,51.84,113.76,33.79,41.29,Normal,0"
"2026-01-29 10:00:00,Tamil Nadu,Laterite,8.15,119.88,35.73,18.22,39.81,29.21,Normal,0"
"2026-01-29 11:00:00,Punjab,Arid,6.93,33.39,59.36,93.93,35.15,21.88,Normal,0"
"2026-01-29 12:00:00,Uttar Pradesh,Black,6.74,130.47,61.9,103.34,37.56,36.19,Normal,0"
"2026-01-29 13:00:00,Uttar Pradesh,Laterite,8.34,132.19,58.76,44.09,41.78,39.3,Normal,0"
"2026-01-29 14:00:00,Gujarat,Arid,7.01,38.64,75.57,37.55,30.12,30.67,Normal,0"
"2026-01-29 15:00:00,Maharashtra,Black,5.54,24.07,26.61,111.06,39.31,18.68,Normal,0"
"2026-01-29 16:00:00,Maharashtra,Red,5.67,138.78,23.26,95.22,16.58,26.76,Moderate_Dry,0"
"2026-01-29 17:00:00,Karnataka,Red,7.32,77.87,52.68,26.9,38.15,23.83,Normal,0"
"2026-01-29 18:00:00,Gujarat,Alluvial,7.44,88.65,51.64,37.28,16.2,33.27,Moderate_Dry,0"
"2026-01-29 19:00:00,Uttar Pradesh,Arid,5.71,93.91,45.71,80.24,42.58,30.45,Normal,0"
"2026-01-29 20:00:00,Tamil Nadu,Black,5.88,114.76,10.3,59.04,20.21,26.54,Moderate_Dry,0"
"2026-01-29 21:00:00,Maharashtra,Laterite,8.46,117.44,48.87,67.94,14.36,33.56,Critical_Dry,1"
"2026-01-29 22:00:00,Uttar Pradesh,Red,4.91,43.27,75.3,114.91,13.48,32.03,Critical_Dry,1"
"2026-01-29 23:00:00,Maharashtra,Black,6.12,48.4,33.42,59.12,14.93,39.76,Critical_Dry,1"
"2026-01-30 00:00:00,Maharashtra,Arid,4.75,125.22,77.73,107.58,24.56,32.32,Normal,0"
"2026-01-30 01:00:00,Maharashtra,Alluvial,7.78,118.34,34.97,84.38,27.32,30.19,Normal,0"
"2026-01-30 02:00:00,Tamil Nadu,Red,4.87,94.11,19.79,27.77,41.81,37.77,Normal,0"
"2026-01-30 03:00:00,Gujarat,Black,7.2,139.36,37.89,93.17,22.1,22.86,Moderate_Dry,0"
"2026-01-30 04:00:00,Tamil Nadu,Black,4.73,108.22,44.62,69.62,16.05,23.85,Moderate_Dry,0"
"2026-01-30 05:00:00,Punjab,Black,7.19,45.9,54.06,38.64,35.52,36.81,Normal,0"
"2026-01-30 06:00:00,Uttar Pradesh,Arid,7.87,121.6,45.34,45.4,12.98,28.62,Critical_Dry,1"
"2026-01-30 07:00:00,Gujarat,Arid,6.1,69.77,47.57,73.52,41.01,27.82,Normal,0"
"2026-01-30 08:00:00,Gujarat,Arid,6.59,24.34,11.68,78.18,23.15,39.29,Normal,0"
"2026-01-30 09:00:00,Gujarat,Laterite,6.11,58.57,27.75,116.66,30.71,32.64,Normal,0"
"2026-01-30 10:00:00,Gujarat,Black,5.7,111.63,31.75,104.75,14.89,37.27,Critical_Dry,1"
"2026-01-30 11:00:00,Tamil Nadu,Red,7.71,135.22,79.1,36.61,13.38,37.44,Critical_Dry,1"
"2026-01-30 12:00:00,Gujarat,Arid,5.59,53.14,30.69,96.27,37.56,20.88,Normal,0"
"2026-01-30 13:00:00,Karnataka,Arid,7.39,49.58,72.76,15.87,23.9,33.69,Normal,0"
"2026-01-30 14:00:00,Uttar Pradesh,Black,5.32,87.63,31.33,28.63,44.51,40.86,Normal,0"
"2026-01-30 15:00:00,Gujarat,Arid,5.5,117.4,16.73,35.97,27.4,29.52,Normal,0"
"2026-01-30 16:00:00,Uttar Pradesh,Laterite,5.85,109.58,27.33,77.71,39.29,35.57,Normal,0"
"2026-01-30 17:00:00,Karnataka,Laterite,6.86,87.2,29.1,35.44,44.26,31.6,Normal,0"
"2026-01-30 18:00:00,Karnataka,Arid,6.32,95.77,78.48,53.35,18.4,22.92,Moderate_Dry,0"
"2026-01-30 19:00:00,Uttar Pradesh,Black,7.48,49.05,57.2,40.49,37.63,22.68,Normal,0"
"2026-01-30 20:00:00,Maharashtra,Black,5.35,71.91,75.22,50.43,8.81,28.41,Critical_Dry,1"
"2026-01-30 21:00:00,Punjab,Black,4.54,50.64,68.45,113.96,33.15,29.59,Normal,0"
"2026-01-30 22:00:00,Maharashtra,Alluvial,7.61,126.13,50.5,119.72,35.57,30.08,Normal,0"
"2026-01-30 23:00:00,Maharashtra,Arid,7.79,33.51,57.28,87.0,25.66,40.92,Normal,0"
"2026-01-31 00:00:00,Tamil Nadu,Black,4.74,101.57,53.74,75.09,14.0,20.41,Critical_Dry,1"
"2026-01-31 01:00:00,Maharashtra,Laterite,6.94,51.23,56.64,89.39,30.82,27.13,Normal,0"
"2026-01-31 02:00:00,Gujarat,Red,6.01,77.07,28.53,96.02,41.21,30.35,Normal,0"
"2026-01-31 03:00:00,Tamil Nadu,Red,7.68,55.93,38.57,92.6,42.46,41.11,Normal,0"
"2026-01-31 04:00:00,Tamil Nadu,Black,8.0,58.79,51.48,23.6,35.61,30.1,Normal,0"
"2026-01-31 05:00:00,Karnataka,Red,7.9,51.25,12.51,47.58,17.76,36.61,Moderate_Dry,0"
"2026-01-31 06:00:00,Maharashtra,Red,7.61,110.34,43.8,51.06,40.2,35.98,Normal,0"
"2026-01-31 07:00:00,Karnataka,Alluvial,5.58,63.89,70.18,53.77,40.89,31.59,Normal,0"
"2026-01-31 08:00:00,Uttar Pradesh,Laterite,7.75,107.16,44.47,51.15,21.59,21.14,Moderate_Dry,0"
"2026-01-31 09:00:00,Punjab,Laterite,6.63,74.73,48.66,97.64,14.77,23.25,Critical_Dry,1"
"2026-01-31 10:00:00,Tamil Nadu,Alluvial,4.71,85.67,24.13,93.5,40.36,23.76,Normal,0"
"2026-01-31 11:00:00,Uttar Pradesh,Alluvial,6.33,85.19,65.6,15.48,40.75,18.93,Normal,0"
"2026-01-31 12:00:00,Uttar Pradesh,Red,8.27,137.1,35.12,46.12,11.73,27.1,Critical_Dry,1"
"2026-01-31 13:00:00,Gujarat,Arid,8.05,64.05,76.96,80.48,43.78,32.65,Normal,0"
"2026-01-31 14:00:00,Punjab,Red,4.91,44.92,79.56,27.63,27.72,21.46,Normal,0"
"2026-01-31 15:00:00,Uttar Pradesh,Alluvial,7.48,129.42,74.12,22.48,44.77,22.2,Normal,0"
"2026-01-31 16:00:00,Uttar Pradesh,Laterite,7.72,40.98,15.94,101.98,24.47,34.97,Normal,0"
"2026-01-31 17:00:00,Punjab,Red,5.59,120.13,33.32,62.53,27.73,22.06,Normal,0"
"2026-01-31 18:00:00,Punjab,Arid,6.39,38.03,76.16,104.85,17.85,21.25,Moderate_Dry,0"
"2026-01-31 19:00:00,Uttar Pradesh,Red,7.34,99.05,66.32,101.47,41.26,41.47,Normal,0"
"2026-01-31 20:00:00,Punjab,Black,6.26,38.06,73.78,108.8,24.42,18.35,Normal,0"
"2026-01-31 21:00:00,Uttar Pradesh,Red,4.95,130.77,50.08,20.07,38.14,25.81,Normal,0"
"2026-01-31 22:00:00,Uttar Pradesh,Alluvial,7.32,87.8,43.63,34.54,10.95,18.84,Critical_Dry,1"
"2026-01-31 23:00:00,Gujarat,Laterite,8.15,59.51,17.45,46.1,37.17,38.11,Normal,0"
"2026-02-01 00:00:00,Maharashtra,Laterite,7.11,36.84,68.76,29.3,26.14,32.0,Normal,0"
"2026-02-01 01:00:00,Uttar Pradesh,Alluvial,7.6,64.54,62.16,65.97,8.2,19.15,Critical_Dry,1"
"2026-02-01 02:00:00,Karnataka,Black,5.93,104.6,14.12,98.89,16.37,32.77,Moderate_Dry,0"
"2026-02-01 03:00:00,Tamil Nadu,Alluvial,5.23,66.19,24.66,114.87,15.17,20.95,Moderate_Dry,0"
"2026-02-01 04:00:00,Maharashtra,Red,7.07,49.53,49.01,108.41,35.82,29.9,Normal,0"
"2026-02-01 05:00:00,Maharashtra,Alluvial,5.81,89.29,57.91,63.02,25.66,34.07,Normal,0"
"2026-02-01 06:00:00,Maharashtra,Alluvial,7.94,70.14,19.64,81.83,13.91,21.56,Critical_Dry,1"
"2026-02-01 07:00:00,Gujarat,Black,4.99,39.9,27.14,39.22,17.5,29.93,Moderate_Dry,0"
"2026-02-01 08:00:00,Uttar Pradesh,Red,6.23,38.48,23.52,57.32,26.65,28.98,Normal,0"
"2026-02-01 09:00:00,Gujarat,Arid,6.09,104.9,25.4,106.47,8.73,39.98,Critical_Dry,1"
"2026-02-01 10:00:00,Uttar Pradesh,Arid,8.25,136.96,74.45,18.07,23.69,41.9,Normal,0"
"2026-02-01 11:00:00,Gujarat,Laterite,5.11,47.97,60.11,70.94,33.09,33.71,Normal,0"
"2026-02-01 12:00:00,Gujarat,Alluvial,4.54,112.78,61.6,106.64,27.16,38.52,Normal,0"
"2026-02-01 13:00:00,Tamil Nadu,Laterite,5.45,30.51,65.58,27.81,30.13,33.53,Normal,0"
"2026-02-01 14:00:00,Karnataka,Black,7.78,65.79,34.96,118.17,20.08,39.03,Moderate_Dry,0"
"2026-02-01 15:00:00,Gujarat,Arid,5.34,80.8,63.7,16.3,14.77,28.4,Critical_Dry,1"
"2026-02-01 16:00:00,Tamil Nadu,Alluvial,5.46,52.25,78.49,108.04,37.96,32.59,Normal,0"
"2026-02-01 17:00:00,Punjab,Black,5.02,83.55,58.89,52.14,41.51,38.28,Normal,0"
"2026-02-01 18:00:00,Karnataka,Black,7.36,125.91,39.17,28.93,26.9,40.03,Normal,0"
"2026-02-01 19:00:00,Gujarat,Alluvial,4.78,133.33,60.15,31.52,19.29,18.59,Moderate_Dry,0"
"2026-02-01 20:00:00,Maharashtra,Black,5.82,32.07,73.06,88.62,26.91,20.49,Normal,0"
"2026-02-01 21:00:00,Punjab,Alluvial,5.63,52.62,19.01,106.43,40.52,40.35,Normal,0"
"2026-02-01 22:00:00,Punjab,Alluvial,6.72,137.5,28.57,82.31,33.58,31.64,Normal,0"
"2026-02-01 23:00:00,Tamil Nadu,Red,7.42,52.45,74.35,112.52,39.77,41.76,Normal,0"
"2026-02-02 00:00:00,Punjab,Laterite,6.63,103.12,76.24,103.46,20.15,37.02,Moderate_Dry,0"
"2026-02-02 01:00:00,Karnataka,Black,8.22,50.41,43.89,15.95,34.34,37.64,Normal,0"
"2026-02-02 02:00:00,Gujarat,Black,8.31,62.76,36.22,85.29,32.16,27.27,Normal,0"
"2026-02-02 03:00:00,Gujarat,Red,5.95,42.95,29.79,46.99,29.15,24.18,Normal,0"
"2026-02-02 04:00:00,Maharashtra,Red,7.61,122.76,44.91,62.72,27.54,32.36,Normal,0"
"2026-02-02 05:00:00,Tamil Nadu,Red,7.46,125.92,75.42,24.87,28.39,39.1,Normal,0"
"2026-02-02 06:00:00,Maharashtra,Arid,8.07,55.63,20.49,44.62,39.44,35.42,Normal,0"
"2026-02-02 07:00:00,Punjab,Arid,6.29,118.83,39.39,81.43,41.89,29.33,Normal,0"
"2026-02-02 08:00:00,Maharashtra,Arid,6.62,62.99,73.81,37.93,12.18,36.08,Critical_Dry,1"
"2026-02-02 09:00:00,Karnataka,Alluvial,6.16,31.88,34.44,82.99,29.04,34.57,Normal,0"
"2026-02-02 10:00:00,Gujarat,Black,7.9,110.97,63.77,111.92,41.98,39.91,Normal,0"
"2026-02-02 11:00:00,Punjab,Laterite,5.42,91.57,37.25,15.52,12.99,24.33,Critical_Dry,1"
"2026-02-02 12:00:00,Maharashtra,Alluvial,5.46,52.93,66.34,97.51,23.28,20.86,Normal,0"
"2026-02-02 13:00:00,Tamil Nadu,Black,5.99,50.36,78.67,82.34,11.3,29.28,Critical_Dry,1"
"2026-02-02 14:00:00,Karnataka,Black,5.42,137.07,37.15,19.9,12.2,26.67,Critical_Dry,1"
"2026-02-02 15:00:00,Karnataka,Red,6.74,123.5,69.16,97.97,41.45,41.4,Normal,0"
"2026-02-02 16:00:00,Maharashtra,Red,5.04,117.18,79.19,38.57,24.51,18.18,Normal,0"
"2026-02-02 17:00:00,Gujarat,Alluvial,5.78,35.36,78.87,42.91,33.48,40.4,Normal,0"
"2026-02-02 18:00:00,Maharashtra,Red,8.15,110.62,40.36,24.82,13.14,40.92,Critical_Dry,1"
"2026-02-02 19:00:00,Punjab,Black,6.14,45.74,44.0,71.11,8.81,19.22,Critical_Dry,1"
"2026-02-02 20:00:00,Maharashtra,Red,7.49,137.29,31.24,67.31,40.95,39.35,Normal,0"
"2026-02-02 21:00:00,Karnataka,Arid,4.95,26.25,31.98,51.45,29.26,29.3,Normal,0"
"2026-02-02 22:00:00,Maharashtra,Red,5.49,62.26,44.47,32.72,8.74,36.39,Critical_Dry,1"
"2026-02-02 23:00:00,Gujarat,Black,7.73,71.44,24.04,102.99,44.72,19.9,Normal,0"
"2026-02-03 00:00:00,Tamil Nadu,Alluvial,7.55,118.9,59.78,107.02,26.21,40.92,Normal,0"
"2026-02-03 01:00:00,Uttar Pradesh,Laterite,6.04,111.95,47.54,71.76,25.61,32.58,Normal,0"
"2026-02-03 02:00:00,Maharashtra,Red,8.32,65.0,72.86,40.64,30.97,39.57,Normal,0"
"2026-02-03 03:00:00,Gujarat,Black,8.14,87.87,66.74,25.09,8.29,34.15,Critical_Dry,1"
"2026-02-03 04:00:00,Gujarat,Laterite,8.35,120.27,32.57,106.2,29.06,30.88,Normal,0"
"2026-02-03 05:00:00,Tamil Nadu,Laterite,6.21,22.18,45.41,25.09,31.29,22.14,Normal,0"
"2026-02-03 06:00:00,Karnataka,Arid,5.29,116.26,62.54,16.38,18.99,22.27,Moderate_Dry,0"
"2026-02-03 07:00:00,Gujarat,Laterite,7.01,133.63,23.52,64.29,34.89,29.34,Normal,0"
"2026-02-03 08:00:00,Gujarat,Black,7.24,23.85,12.21,91.78,21.96,38.89,Moderate_Dry,0"
"2026-02-03 09:00:00,Gujarat,Black,5.0,25.47,69.66,63.04,34.56,20.77,Normal,0"
"2026-02-03 10:00:00,Gujarat,Red,7.65,61.34,19.63,20.4,13.32,41.96,Critical_Dry,1"
"2026-02-03 11:00:00,Punjab,Red,4.57,30.53,72.26,87.45,41.81,39.02,Normal,0"
"2026-02-03 12:00:00,Punjab,Red,6.43,77.51,73.95,82.44,40.54,27.42,Normal,0"
"2026-02-03 13:00:00,Karnataka,Laterite,5.82,107.45,42.25,86.56,13.57,24.07,Critical_Dry,1"
"2026-02-03 14:00:00,Maharashtra,Laterite,7.46,88.03,66.47,37.18,42.72,40.13,Normal,0"
"2026-02-03 15:00:00,Gujarat,Arid,5.75,43.57,35.42,98.55,28.64,20.96,Normal,0"
"2026-02-03 16:00:00,Tamil Nadu,Red,7.81,98.58,70.08,65.31,33.96,26.33,Normal,0"
"2026-02-03 17:00:00,Maharashtra,Alluvial,6.88,102.18,67.73,71.32,39.09,20.01,Normal,0"
"2026-02-03 18:00:00,Tamil Nadu,Arid,7.68,131.89,15.5,72.31,11.09,40.88,Critical_Dry,1"
"2026-02-03 19:00:00,Maharashtra,Alluvial,8.46,37.62,50.78,45.11,14.26,32.82,Critical_Dry,1"
"2026-02-03 20:00:00,Karnataka,Laterite,7.22,103.08,54.8,41.26,18.74,26.07,Moderate_Dry,0"
"2026-02-03 21:00:00,Gujarat,Arid,8.44,129.37,10.06,15.5,25.66,24.61,Normal,0"
"2026-02-03 22:00:00,Gujarat,Arid,4.62,80.19,78.59,56.64,20.8,28.66,Moderate_Dry,0"
"2026-02-03 23:00:00,Uttar Pradesh,Black,5.85,63.42,38.46,65.94,26.72,20.19,Normal,0"
"2026-02-04 00:00:00,Tamil Nadu,Laterite,4.93,40.49,46.21,92.99,14.88,39.34,Critical_Dry,1"
"2026-02-04 01:00:00,Maharashtra,Laterite,5.55,124.01,23.64,22.0,33.24,30.26,Normal,0"
"2026-02-04 02:00:00,Maharashtra,Arid,7.86,67.31,52.76,112.02,10.06,35.4,Critical_Dry,1"
"2026-02-04 03:00:00,Punjab,Laterite,4.63,130.99,66.74,42.72,21.37,23.61,Moderate_Dry,0"
"2026-02-04 04:00:00,Uttar Pradesh,Arid,6.58,121.73,51.01,53.51,14.62,30.09,Critical_Dry,1"
"2026-02-04 05:00:00,Punjab,Black,6.77,65.2,65.16,20.08,35.01,23.07,Normal,0"
"2026-02-04 06:00:00,Punjab,Arid,6.74,88.87,61.18,83.58,40.7,37.59,Normal,0"
"2026-02-04 07:00:00,Punjab,Laterite,6.4,23.26,26.64,89.44,10.92,36.61,Critical_Dry,1"
"2026-02-04 08:00:00,Tamil Nadu,Laterite,7.66,51.59,40.51,112.52,37.05,21.56,Normal,0"
"2026-02-04 09:00:00,Tamil Nadu,Arid,5.03,105.23,20.4,50.37,41.14,19.79,Normal,0"
"2026-02-04 10:00:00,Karnataka,Arid,5.74,101.35,12.94,42.02,44.04,37.78,Normal,0"
"2026-02-04 11:00:00,Karnataka,Arid,6.96,62.4,14.41,91.24,29.44,20.63,Normal,0"
"2026-02-04 12:00:00,Punjab,Red,7.26,117.03,75.97,89.21,20.11,31.16,Moderate_Dry,0"
"2026-02-04 13:00:00,Uttar Pradesh,Laterite,6.12,48.3,78.92,113.4,19.91,30.83,Moderate_Dry,0"
"2026-02-04 14:00:00,Maharashtra,Laterite,8.0,75.35,16.65,36.56,22.02,22.87,Moderate_Dry,0"
"2026-02-04 15:00:00,Tamil Nadu,Red,6.16,76.7,33.46,89.06,30.67,32.19,Normal,0"
"2026-02-04 16:00:00,Uttar Pradesh,Arid,6.11,60.9,18.01,22.02,26.14,30.07,Normal,0"
"2026-02-04 17:00:00,Gujarat,Black,4.64,134.56,68.4,65.44,32.18,30.22,Normal,0"
"2026-02-04 18:00:00,Tamil Nadu,Arid,6.7,103.6,44.74,27.54,9.45,26.63,Critical_Dry,1"
"2026-02-04 19:00:00,Tamil Nadu,Arid,7.33,84.7,53.49,83.58,11.92,38.12,Critical_Dry,1"
"2026-02-04 20:00:00,Karnataka,Red,4.96,81.26,47.79,78.15,44.13,20.02,Normal,0"
"2026-02-04 21:00:00,Maharashtra,Laterite,5.72,39.12,59.72,20.13,44.83,28.53,Normal,0"
"2026-02-04 22:00:00,Maharashtra,Arid,7.63,64.66,32.34,48.56,35.63,24.24,Normal,0"
"2026-02-04 23:00:00,Gujarat,Laterite,5.96,100.73,19.62,56.48,17.49,38.36,Moderate_Dry,0"
"2026-02-05 00:00:00,Gujarat,Alluvial,5.47,130.95,11.23,41.05,43.28,23.4,Normal,0"
"2026-02-05 01:00:00,Tamil Nadu,Laterite,7.19,117.98,41.2,19.06,15.91,36.41,Moderate_Dry,0"
"2026-02-05 02:00:00,Punjab,Black,5.29,56.05,73.55,48.48,35.06,32.68,Normal,0"
"2026-02-05 03:00:00,Karnataka,Black,8.08,72.07,31.37,98.23,12.26,38.99,Critical_Dry,1"
"2026-02-05 04:00:00,Karnataka,Arid,4.92,29.95,23.72,52.81,32.01,32.25,Normal,0"
"2026-02-05 05:00:00,Tamil Nadu,Laterite,7.33,32.26,74.82,48.95,36.1,31.36,Normal,0"
"2026-02-05 06:00:00,Uttar Pradesh,Arid,6.5,76.43,17.38,113.88,39.81,37.23,Normal,0"
"2026-02-05 07:00:00,Punjab,Red,7.98,83.63,13.63,19.37,35.17,31.5,Normal,0"
"2026-02-05 08:00:00,Tamil Nadu,Black,5.0,51.68,71.56,95.57,42.17,38.27,Normal,0"
"2026-02-05 09:00:00,Punjab,Arid,7.21,97.13,59.06,65.72,27.27,19.18,Normal,0"
"2026-02-05 10:00:00,Punjab,Red,6.79,104.41,39.54,114.17,33.06,29.88,Normal,0"
"2026-02-05 11:00:00,Punjab,Arid,6.42,55.89,62.66,56.31,21.67,37.5,Moderate_Dry,0"
"2026-02-05 12:00:00,Tamil Nadu,Laterite,6.47,111.01,61.9,89.34,8.38,38.36,Critical_Dry,1"
"2026-02-05 13:00:00,Karnataka,Laterite,7.39,44.67,12.8,22.34,36.0,38.02,Normal,0"
"2026-02-05 14:00:00,Karnataka,Laterite,8.25,85.31,57.34,112.52,40.18,32.51,Normal,0"
"2026-02-05 15:00:00,Punjab,Laterite,4.87,116.51,54.86,51.18,14.44,41.86,Critical_Dry,1"
"2026-02-05 16:00:00,Uttar Pradesh,Alluvial,4.58,84.44,77.46,70.02,9.06,22.35,Critical_Dry,1"
"2026-02-05 17:00:00,Maharashtra,Red,7.72,128.96,77.66,29.54,14.09,22.19,Critical_Dry,1"
"2026-02-05 18:00:00,Tamil Nadu,Red,4.93,27.02,36.45,114.28,41.13,18.79,Normal,0"
"2026-02-05 19:00:00,Maharashtra,Laterite,8.45,90.6,51.29,85.66,18.93,41.74,Moderate_Dry,0"
"2026-02-05 20:00:00,Uttar Pradesh,Alluvial,6.98,87.41,19.9,20.66,16.65,26.35,Moderate_Dry,0"
"2026-02-05 21:00:00,Tamil Nadu,Laterite,7.1,99.24,14.65,31.3,8.54,36.29,Critical_Dry,1"
"2026-02-05 22:00:00,Punjab,Alluvial,5.3,120.01,40.29,56.98,18.99,19.43,Moderate_Dry,0"
"2026-02-05 23:00:00,Karnataka,Laterite,5.46,107.1,58.29,37.76,34.48,25.17,Normal,0"
"2026-02-06 00:00:00,Maharashtra,Black,7.14,114.83,49.74,46.99,43.49,32.97,Normal,0"
"2026-02-06 01:00:00,Gujarat,Black,8.14,54.66,40.08,119.74,19.57,30.59,Moderate_Dry,0"
"2026-02-06 02:00:00,Gujarat,Arid,8.43,66.5,67.27,84.16,16.91,22.99,Moderate_Dry,0"
"2026-02-06 03:00:00,Uttar Pradesh,Laterite,5.29,95.21,65.61,111.83,40.86,29.08,Normal,0"
"2026-02-06 04:00:00,Punjab,Red,5.04,86.42,61.24,60.76,39.54,20.61,Normal,0"
"2026-02-06 05:00:00,Maharashtra,Arid,4.73,135.33,15.39,89.58,20.14,31.02,Moderate_Dry,0"
"2026-02-06 06:00:00,Punjab,Black,7.97,42.42,65.75,63.27,10.55,20.33,Critical_Dry,1"
"2026-02-06 07:00:00,Maharashtra,Laterite,5.68,62.15,74.36,49.46,44.7,33.26,Normal,0"
"2026-02-06 08:00:00,Uttar Pradesh,Arid,4.51,88.73,14.16,69.51,33.19,21.73,Normal,0"
"2026-02-06 09:00:00,Uttar Pradesh,Laterite,5.4,124.16,38.12,59.87,42.28,31.13,Normal,0"
"2026-02-06 10:00:00,Gujarat,Black,5.86,131.52,79.18,117.96,20.65,21.1,Moderate_Dry,0"
"2026-02-06 11:00:00,Punjab,Arid,8.46,60.32,51.95,67.1,31.96,27.62,Normal,0"
"2026-02-06 12:00:00,Tamil Nadu,Black,6.59,28.05,45.95,100.17,32.96,26.44,Normal,0"
"2026-02-06 13:00:00,Gujarat,Alluvial,5.32,70.59,22.42,85.02,40.3,36.15,Normal,0"
"2026-02-06 14:00:00,Punjab,Black,5.84,67.32,49.58,65.36,44.74,33.39,Normal,0"
"2026-02-06 15:00:00,Gujarat,Laterite,5.82,138.38,40.73,64.79,12.02,40.49,Critical_Dry,1"
"2026-02-06 16:00:00,Tamil Nadu,Red,4.58,71.73,18.92,50.9,31.35,40.13,Normal,0"
"2026-02-06 17:00:00,Karnataka,Black,5.04,56.69,42.5,26.23,20.45,35.4,Moderate_Dry,0"
"2026-02-06 18:00:00,Karnataka,Red,7.28,63.85,21.51,94.95,38.03,36.49,Normal,0"
"2026-02-06 19:00:00,Karnataka,Alluvial,4.98,67.63,61.15,111.4,35.9,33.0,Normal,0"
"2026-02-06 20:00:00,Karnataka,Arid,5.42,118.58,78.16,37.89,41.02,34.6,Normal,0"
"2026-02-06 21:00:00,Maharashtra,Arid,5.9,29.72,42.87,112.2,20.72,32.81,Moderate_Dry,0"
"2026-02-06 22:00:00,Karnataka,Red,7.53,57.98,54.27,39.39,14.83,25.48,Critical_Dry,1"
"2026-02-06 23:00:00,Tamil Nadu,Arid,6.83,135.96,40.17,70.66,8.81,26.42,Critical_Dry,1"
"2026-02-07 00:00:00,Uttar Pradesh,Black,7.26,38.37,19.69,51.08,17.45,31.79,Moderate_Dry,0"
"2026-02-07 01:00:00,Uttar Pradesh,Red,6.77,109.11,77.94,27.02,21.59,35.28,Moderate_Dry,0"
"2026-02-07 02:00:00,Maharashtra,Laterite,7.23,62.77,19.07,20.55,43.0,27.75,Normal,0"
"2026-02-07 03:00:00,Karnataka,Black,4.51,89.81,17.81,53.36,26.18,21.42,Normal,0"
"2026-02-07 04:00:00,Karnataka,Black,8.22,31.95,42.14,19.97,28.59,29.03,Normal,0"
"2026-02-07 05:00:00,Karnataka,Black,4.94,56.77,56.12,25.94,40.56,41.12,Normal,0"
"2026-02-07 06:00:00,Gujarat,Laterite,6.12,80.1,34.84,29.94,40.75,23.14,Normal,0"
"2026-02-07 07:00:00,Punjab,Alluvial,7.58,47.8,23.48,15.2,27.53,33.58,Normal,0"
"2026-02-07 08:00:00,Gujarat,Arid,6.24,85.02,67.33,31.09,12.21,41.58,Critical_Dry,1"
"2026-02-07 09:00:00,Punjab,Red,8.29,46.37,35.42,75.61,18.01,27.03,Moderate_Dry,0"
"2026-02-07 10:00:00,Karnataka,Alluvial,6.37,98.01,23.6,101.05,24.9,39.31,Normal,0"
"2026-02-07 11:00:00,Karnataka,Red,8.0,128.52,35.56,35.31,35.79,38.74,Normal,0"
"2026-02-07 12:00:00,Gujarat,Arid,7.74,30.26,25.02,23.49,34.33,26.14,Normal,0"
"2026-02-07 13:00:00,Gujarat,Laterite,8.42,45.99,46.36,91.6,31.78,20.36,Normal,0"
"2026-02-07 14:00:00,Punjab,Black,8.21,121.33,56.78,15.86,40.57,22.28,Normal,0"
"2026-02-07 15:00:00,Uttar Pradesh,Black,8.09,95.79,65.97,92.09,37.7,26.78,Normal,0"
"2026-02-07 16:00:00,Punjab,Laterite,7.43,29.45,25.93,28.77,44.34,41.02,Normal,0"
"2026-02-07 17:00:00,Gujarat,Alluvial,5.97,78.36,21.69,38.97,40.9,24.59,Normal,0"
"2026-02-07 18:00:00,Tamil Nadu,Alluvial,4.92,45.17,11.37,27.61,15.24,40.24,Moderate_Dry,0"
"2026-02-07 19:00:00,Gujarat,Red,7.25,43.89,25.97,40.97,10.13,22.35,Critical_Dry,1"
"2026-02-07 20:00:00,Tamil Nadu,Laterite,8.41,132.88,11.67,98.81,23.34,41.28,Normal,0"
"2026-02-07 21:00:00,Maharashtra,Alluvial,7.41,111.38,34.18,28.92,30.85,25.05,Normal,0"
"2026-02-07 22:00:00,Gujarat,Laterite,8.21,103.55,20.2,119.39,31.79,33.19,Normal,0"
"2026-02-07 23:00:00,Maharashtra,Arid,7.72,48.67,50.59,49.35,17.9,19.67,Moderate_Dry,0"
"2026-02-08 00:00:00,Uttar Pradesh,Black,5.15,34.23,36.86,111.81,39.82,25.19,Normal,0"
"2026-02-08 01:00:00,Punjab,Black,5.5,124.5,16.55,34.95,20.18,23.06,Moderate_Dry,0"
"2026-02-08 02:00:00,Tamil Nadu,Black,5.87,20.71,37.99,34.73,42.01,18.08,Normal,0"
"2026-02-08 03:00:00,Punjab,Laterite,5.17,66.57,24.65,74.36,25.45,21.76,Normal,0"
"2026-02-08 04:00:00,Maharashtra,Laterite,6.83,53.31,57.61,20.31,8.38,32.23,Critical_Dry,1"
"2026-02-08 05:00:00,Tamil Nadu,Red,8.4,88.45,35.51,99.11,14.0,27.36,Critical_Dry,1"
"2026-02-08 06:00:00,Punjab,Black,7.55,50.06,20.29,61.16,11.79,35.34,Critical_Dry,1"
"2026-02-08 07:00:00,Gujarat,Red,6.19,57.34,34.47,88.42,9.63,34.11,Critical_Dry,1"
"2026-02-08 08:00:00,Karnataka,Black,4.52,122.0,25.71,33.34,34.42,37.18,Normal,0"
"2026-02-08 09:00:00,Maharashtra,Red,5.75,92.38,65.7,82.45,15.12,38.81,Moderate_Dry,0"
"2026-02-08 10:00:00,Punjab,Red,6.61,37.48,78.84,77.38,39.03,37.68,Normal,0"
"2026-02-08 11:00:00,Maharashtra,Arid,5.8,107.18,11.78,94.34,17.79,28.75,Moderate_Dry,0"
"2026-02-08 12:00:00,Maharashtra,Red,4.94,44.9,58.3,46.23,9.2,25.41,Critical_Dry,1"
"2026-02-08 13:00:00,Tamil Nadu,Laterite,6.27,71.96,28.48,112.98,38.36,30.06,Normal,0"
"2026-02-08 14:00:00,Tamil Nadu,Red,5.51,97.59,14.65,115.94,25.25,30.84,Normal,0"
"2026-02-08 15:00:00,Karnataka,Black,8.14,52.63,11.0,106.15,30.18,25.52,Normal,0"
"2026-02-08 16:00:00,Gujarat,Red,4.91,66.09,71.67,75.06,20.44,30.96,Moderate_Dry,0"
"2026-02-08 17:00:00,Maharashtra,Alluvial,4.7,108.1,34.75,59.13,9.7,20.54,Critical_Dry,1"
"2026-02-08 18:00:00,Punjab,Black,4.52,132.55,79.62,21.09,21.7,23.55,Moderate_Dry,0"
"2026-02-08 19:00:00,Uttar Pradesh,Alluvial,5.81,83.51,40.97,114.46,27.18,35.91,Normal,0"
"2026-02-08 20:00:00,Maharashtra,Black,7.14,21.2,23.13,114.94,8.43,22.39,Critical_Dry,1"
"2026-02-08 21:00:00,Maharashtra,Laterite,7.42,60.62,64.4,16.96,29.25,21.34,Normal,0"
"2026-02-08 22:00:00,Karnataka,Laterite,6.31,67.84,74.85,52.47,41.04,24.9,Normal,0"
"2026-02-08 23:00:00,Gujarat,Laterite,7.24,60.7,67.09,107.4,16.06,26.91,Moderate_Dry,0"
"2026-02-09 00:00:00,Uttar Pradesh,Alluvial,5.94,72.35,62.16,23.49,42.29,25.89,Normal,0"
"2026-02-09 01:00:00,Tamil Nadu,Arid,7.17,95.92,33.43,35.64,11.61,26.99,Critical_Dry,1"
"2026-02-09 02:00:00,Tamil Nadu,Black,4.66,34.54,14.51,117.76,38.54,21.36,Normal,0"
"2026-02-09 03:00:00,Punjab,Laterite,6.06,52.72,24.09,103.97,39.09,21.97,Normal,0"
"2026-02-09 04:00:00,Uttar Pradesh,Black,7.66,80.92,41.28,110.77,17.54,23.66,Moderate_Dry,0"
"2026-02-09 05:00:00,Tamil Nadu,Alluvial,7.71,57.87,76.93,29.93,43.44,27.65,Normal,0"
"2026-02-09 06:00:00,Punjab,Arid,7.36,138.93,60.6,37.19,23.41,26.06,Normal,0"
"2026-02-09 07:00:00,Gujarat,Alluvial,5.32,71.77,67.98,78.57,13.23,36.99,Critical_Dry,1"
"2026-02-09 08:00:00,Punjab,Black,5.49,124.38,29.41,67.68,29.89,30.61,Normal,0"
"2026-02-09 09:00:00,Tamil Nadu,Arid,8.48,127.58,57.87,46.34,44.87,31.82,Normal,0"
"2026-02-09 10:00:00,Karnataka,Arid,4.91,120.32,70.37,107.8,41.27,31.45,Normal,0"
"2026-02-09 11:00:00,Karnataka,Alluvial,5.22,25.63,43.56,109.65,18.31,27.57,Moderate_Dry,0"
"2026-02-09 12:00:00,Karnataka,Laterite,5.02,133.73,40.09,45.63,29.35,41.53,Normal,0"
"2026-02-09 13:00:00,Tamil Nadu,Black,5.81,35.45,60.36,31.35,12.27,18.9,Critical_Dry,1"
"2026-02-09 14:00:00,Karnataka,Red,5.34,24.13,49.19,30.65,25.09,23.18,Normal,0"
"2026-02-09 15:00:00,Uttar Pradesh,Red,6.49,69.72,79.52,65.86,27.35,24.83,Normal,0"
"2026-02-09 16:00:00,Gujarat,Alluvial,6.4,43.36,39.76,28.96,19.67,39.15,Moderate_Dry,0"
"2026-02-09 17:00:00,Punjab,Black,8.11,42.1,22.32,64.7,25.91,40.05,Normal,0"
"2026-02-09 18:00:00,Punjab,Black,4.64,54.54,43.04,63.5,42.04,38.31,Normal,0"
"2026-02-09 19:00:00,Tamil Nadu,Alluvial,5.78,49.81,26.46,107.83,26.51,28.01,Normal,0"
"2026-02-09 20:00:00,Karnataka,Black,6.89,102.18,49.29,46.1,38.75,39.95,Normal,0"
"2026-02-09 21:00:00,Karnataka,Laterite,6.92,42.41,18.81,73.87,19.74,20.36,Moderate_Dry,0"
"2026-02-09 22:00:00,Maharashtra,Alluvial,6.42,85.17,76.5,93.07,43.94,33.66,Normal,0"
"2026-02-09 23:00:00,Gujarat,Laterite,7.76,138.37,70.19,77.57,11.46,40.49,Critical_Dry,1"
"2026-02-10 00:00:00,Uttar Pradesh,Black,4.75,71.89,20.89,115.18,29.67,36.12,Normal,0"
"2026-02-10 01:00:00,Punjab,Alluvial,7.76,97.02,22.07,78.24,37.23,24.67,Normal,0"
"2026-02-10 02:00:00,Maharashtra,Black,6.48,136.32,45.87,109.7,38.12,35.22,Normal,0"
"2026-02-10 03:00:00,Maharashtra,Alluvial,5.04,36.52,64.1,40.73,15.34,25.07,Moderate_Dry,0"
"2026-02-10 04:00:00,Tamil Nadu,Black,8.04,70.23,25.34,73.88,22.86,20.68,Moderate_Dry,0"
"2026-02-10 05:00:00,Punjab,Laterite,7.1,122.02,14.27,72.05,31.1,35.21,Normal,0"
"2026-02-10 06:00:00,Tamil Nadu,Laterite,5.15,131.88,48.19,118.89,19.69,22.3,Moderate_Dry,0"
"2026-02-10 07:00:00,Uttar Pradesh,Black,4.63,92.15,58.41,36.47,32.36,20.67,Normal,0"
"2026-02-10 08:00:00,Maharashtra,Alluvial,5.06,37.21,27.11,29.8,22.01,31.24,Moderate_Dry,0"
"2026-02-10 09:00:00,Maharashtra,Red,6.94,128.18,61.78,79.23,20.98,32.9,Moderate_Dry,0"
"2026-02-10 10:00:00,Gujarat,Laterite,5.22,40.93,76.55,38.49,12.0,19.23,Critical_Dry,1"
"2026-02-10 11:00:00,Uttar Pradesh,Laterite,5.4,62.35,19.6,82.11,9.45,18.11,Critical_Dry,1"
"2026-02-10 12:00:00,Maharashtra,Red,4.6,65.06,45.77,117.11,38.91,39.17,Normal,0"
"2026-02-10 13:00:00,Uttar Pradesh,Black,7.39,73.67,13.98,114.38,26.11,20.77,Normal,0"
"2026-02-10 14:00:00,Punjab,Alluvial,7.74,114.82,24.47,39.27,28.83,32.01,Normal,0"
"2026-02-10 15:00:00,Karnataka,Black,7.69,116.26,16.29,32.94,21.77,40.89,Moderate_Dry,0"
"2026-02-10 16:00:00,Maharashtra,Arid,5.01,106.36,38.28,73.88,13.06,30.29,Critical_Dry,1"
"2026-02-10 17:00:00,Gujarat,Laterite,8.11,22.66,67.46,76.61,24.63,21.36,Normal,0"
"2026-02-10 18:00:00,Punjab,Arid,7.19,87.78,50.4,84.54,16.47,27.44,Moderate_Dry,0"
"2026-02-10 19:00:00,Uttar Pradesh,Laterite,8.09,109.7,25.58,92.86,38.99,32.98,Normal,0"
"2026-02-10 20:00:00,Tamil Nadu,Laterite,6.29,73.36,12.81,78.1,44.51,36.31,Normal,0"
"2026-02-10 21:00:00,Punjab,Arid,6.25,133.39,48.74,26.73,40.9,32.57,Normal,0"
"2026-02-10 22:00:00,Maharashtra,Arid,7.64,118.86,19.3,97.97,27.55,18.82,Normal,0"
"2026-02-10 23:00:00,Uttar Pradesh,Black,4.87,96.58,33.99,23.35,31.24,21.43,Normal,0"
"2026-02-11 00:00:00,Karnataka,Arid,6.58,27.49,45.71,17.1,43.08,26.92,Normal,0"
"2026-02-11 01:00:00,Punjab,Black,7.85,98.28,73.26,95.81,27.93,34.94,Normal,0"
"2026-02-11 02:00:00,Maharashtra,Black,7.82,129.39,15.73,72.58,31.63,32.02,Normal,0"
"2026-02-11 03:00:00,Gujarat,Black,8.32,65.53,56.8,88.35,31.28,19.07,Normal,0"
"2026-02-11 04:00:00,Tamil Nadu,Laterite,7.29,120.58,10.99,55.19,34.2,37.13,Normal,0"
"2026-02-11 05:00:00,Uttar Pradesh,Laterite,5.33,57.58,54.09,16.16,31.69,32.52,Normal,0"
"2026-02-11 06:00:00,Punjab,Arid,4.58,88.41,48.61,49.76,32.82,39.29,Normal,0"
"2026-02-11 07:00:00,Punjab,Laterite,6.42,97.81,66.83,78.85,34.86,28.02,Normal,0"
"2026-02-11 08:00:00,Karnataka,Arid,6.55,101.36,47.22,38.7,37.94,29.76,Normal,0"
"2026-02-11 09:00:00,Karnataka,Laterite,5.46,125.91,34.68,87.22,22.91,27.73,Moderate_Dry,0"
"2026-02-11 10:00:00,Gujarat,Alluvial,5.0,48.15,26.99,98.41,35.6,35.34,Normal,0"
"2026-02-11 11:00:00,Tamil Nadu,Alluvial,6.84,51.48,15.97,62.7,11.71,36.05,Critical_Dry,1"
"2026-02-11 12:00:00,Gujarat,Arid,7.56,104.48,47.42,106.95,40.42,35.36,Normal,0"
"2026-02-11 13:00:00,Maharashtra,Laterite,8.47,41.26,72.18,104.76,18.73,25.0,Moderate_Dry,0"
"2026-02-11 14:00:00,Maharashtra,Laterite,7.53,75.71,46.03,107.2,22.93,33.26,Moderate_Dry,0"
"2026-02-11 15:00:00,Gujarat,Black,7.67,22.4,61.74,84.41,37.73,26.12,Normal,0"
"2026-02-11 16:00:00,Tamil Nadu,Red,6.97,36.92,30.89,47.0,31.57,38.02,Normal,0"
"2026-02-11 17:00:00,Gujarat,Arid,8.44,101.46,41.37,65.53,19.42,19.32,Moderate_Dry,0"
"2026-02-11 18:00:00,Tamil Nadu,Red,7.06,109.7,32.72,89.6,16.34,18.91,Moderate_Dry,0"
"2026-02-11 19:00:00,Tamil Nadu,Red,7.94,33.84,17.65,37.11,43.44,20.44,Normal,0"
"2026-02-11 20:00:00,Uttar Pradesh,Arid,8.28,47.33,39.19,92.58,11.25,22.86,Critical_Dry,1"
"2026-02-11 21:00:00,Tamil Nadu,Laterite,8.22,31.87,63.5,72.55,8.16,18.9,Critical_Dry,1"
"2026-02-11 22:00:00,Karnataka,Arid,6.03,72.01,37.65,25.08,32.9,19.72,Normal,0"
"2026-02-11 23:00:00,Tamil Nadu,Red,4.81,35.13,55.51,73.52,30.74,25.35,Normal,0"
"2026-02-12 00:00:00,Tamil Nadu,Laterite,5.19,72.48,63.1,22.01,35.29,20.39,Normal,0"
"2026-02-12 01:00:00,Tamil Nadu,Alluvial,4.74,107.85,32.59,16.5,35.07,37.25,Normal,0"
"2026-02-12 02:00:00,Maharashtra,Arid,4.92,102.01,65.83,108.41,39.94,19.29,Normal,0"
"2026-02-12 03:00:00,Karnataka,Arid,5.24,53.66,33.72,66.44,42.12,39.79,Normal,0"
"2026-02-12 04:00:00,Karnataka,Laterite,5.86,100.85,27.93,72.05,36.68,38.9,Normal,0"
"2026-02-12 05:00:00,Gujarat,Alluvial,6.67,131.33,25.57,44.39,16.59,23.0,Moderate_Dry,0"
"2026-02-12 06:00:00,Uttar Pradesh,Alluvial,7.35,61.7,23.99,71.99,25.15,19.72,Normal,0"
"2026-02-12 07:00:00,Tamil Nadu,Laterite,5.34,59.49,61.6,32.73,31.74,20.53,Normal,0"
"2026-02-12 08:00:00,Punjab,Black,7.19,88.57,72.13,93.29,27.96,31.42,Normal,0"
"2026-02-12 09:00:00,Uttar Pradesh,Arid,7.32,49.46,26.15,101.45,13.88,32.42,Critical_Dry,1"
"2026-02-12 10:00:00,Uttar Pradesh,Arid,6.73,98.19,15.97,104.87,29.8,25.57,Normal,0"
"2026-02-12 11:00:00,Karnataka,Red,8.11,119.87,31.96,26.2,40.8,25.12,Normal,0"
"2026-02-12 12:00:00,Uttar Pradesh,Laterite,4.94,75.12,56.05,73.56,23.49,30.76,Normal,0"
"2026-02-12 13:00:00,Tamil Nadu,Red,5.21,101.54,35.8,99.92,32.75,25.34,Normal,0"
"2026-02-12 14:00:00,Tamil Nadu,Red,6.21,98.23,48.44,28.46,30.79,40.42,Normal,0"
"2026-02-12 15:00:00,Maharashtra,Alluvial,5.01,24.64,62.1,25.45,21.95,27.18,Moderate_Dry,0"
"2026-02-12 16:00:00,Tamil Nadu,Arid,6.77,42.01,38.59,100.78,28.92,23.28,Normal,0"
"2026-02-12 17:00:00,Tamil Nadu,Red,6.09,127.22,79.98,98.66,15.78,21.5,Moderate_Dry,0"
"2026-02-12 18:00:00,Karnataka,Alluvial,5.64,132.67,30.86,62.11,28.21,33.16,Normal,0"
"2026-02-12 19:00:00,Tamil Nadu,Laterite,5.18,113.65,78.48,26.52,37.56,25.84,Normal,0"
"2026-02-12 20:00:00,Maharashtra,Red,5.84,130.55,24.21,69.19,36.08,22.53,Normal,0"
"2026-02-12 21:00:00,Punjab,Arid,6.93,56.74,17.77,56.45,21.24,24.62,Moderate_Dry,0"
"2026-02-12 22:00:00,Karnataka,Red,6.8,49.73,62.56,69.45,12.15,25.39,Critical_Dry,1"
"2026-02-12 23:00:00,Punjab,Laterite,5.15,66.12,59.16,61.19,37.6,33.02,Normal,0"
"2026-02-13 00:00:00,Karnataka,Red,5.0,26.64,66.78,74.69,17.81,22.19,Moderate_Dry,0"
"2026-02-13 01:00:00,Gujarat,Arid,4.61,117.18,34.05,91.35,9.96,35.59,Critical_Dry,1"
"2026-02-13 02:00:00,Uttar Pradesh,Alluvial,4.55,138.1,75.16,96.36,24.47,25.32,Normal,0"
"2026-02-13 03:00:00,Gujarat,Arid,8.02,118.88,18.36,83.14,35.36,29.72,Normal,0"
"2026-02-13 04:00:00,Tamil Nadu,Alluvial,4.68,86.6,12.12,35.89,37.91,33.72,Normal,0"
"2026-02-13 05:00:00,Punjab,Black,7.42,55.43,31.04,56.7,44.34,31.05,Normal,0"
"2026-02-13 06:00:00,Tamil Nadu,Arid,7.99,43.72,65.81,22.48,15.01,33.89,Moderate_Dry,0"
"2026-02-13 07:00:00,Uttar Pradesh,Arid,4.89,63.69,57.11,62.43,18.87,25.74,Moderate_Dry,0"
"2026-02-13 08:00:00,Karnataka,Laterite,6.25,100.04,40.53,116.89,30.55,41.12,Normal,0"
"2026-02-13 09:00:00,Uttar Pradesh,Red,8.35,73.65,27.94,82.38,38.02,29.02,Normal,0"
"2026-02-13 10:00:00,Maharashtra,Alluvial,7.84,132.09,14.15,31.23,16.66,25.73,Moderate_Dry,0"
"2026-02-13 11:00:00,Uttar Pradesh,Alluvial,6.46,122.51,33.63,43.2,23.17,25.11,Normal,0"
"2026-02-13 12:00:00,Maharashtra,Laterite,7.55,32.29,42.2,21.78,23.11,19.02,Normal,0"
"2026-02-13 13:00:00,Uttar Pradesh,Laterite,7.83,35.78,58.09,34.15,36.6,34.44,Normal,0"
"2026-02-13 14:00:00,Maharashtra,Red,5.89,101.15,55.22,66.22,16.91,24.3,Moderate_Dry,0"
"2026-02-13 15:00:00,Punjab,Red,8.07,47.69,76.31,51.21,43.84,41.01,Normal,0"
"2026-02-13 16:00:00,Tamil Nadu,Arid,6.38,114.92,17.03,36.42,26.89,23.05,Normal,0"
"2026-02-13 17:00:00,Tamil Nadu,Black,6.61,90.96,33.54,30.39,18.44,30.71,Moderate_Dry,0"
"2026-02-13 18:00:00,Gujarat,Red,8.5,47.58,43.71,83.89,18.52,35.65,Moderate_Dry,0"
"2026-02-13 19:00:00,Tamil Nadu,Laterite,7.87,77.44,56.95,73.6,8.68,38.88,Critical_Dry,1"
"2026-02-13 20:00:00,Karnataka,Red,5.95,68.73,44.68,103.48,33.62,21.76,Normal,0"
"2026-02-13 21:00:00,Uttar Pradesh,Alluvial,4.54,124.78,73.89,34.24,36.71,41.65,Normal,0"
"2026-02-13 22:00:00,Gujarat,Black,7.0,23.86,52.61,104.04,9.2,39.76,Critical_Dry,1"
"2026-02-13 23:00:00,Karnataka,Arid,7.32,127.5,12.78,75.68,29.68,41.11,Normal,0"
"2026-02-14 00:00:00,Karnataka,Alluvial,7.1,98.25,17.96,42.95,36.92,38.46,Normal,0"
"2026-02-14 01:00:00,Maharashtra,Alluvial,8.37,108.5,62.74,43.72,21.92,39.06,Moderate_Dry,0"
"2026-02-14 02:00:00,Tamil Nadu,Black,7.95,20.31,60.11,55.99,24.01,32.37,Normal,0"
"2026-02-14 03:00:00,Punjab,Arid,6.3,95.39,20.74,63.31,21.38,38.29,Moderate_Dry,0"
"2026-02-14 04:00:00,Punjab,Laterite,4.75,90.62,14.12,23.66,19.68,30.82,Moderate_Dry,0"
"2026-02-14 05:00:00,Gujarat,Arid,6.4,84.46,50.51,103.41,26.17,30.92,Normal,0"
"2026-02-14 06:00:00,Punjab,Red,7.26,114.3,54.5,27.76,14.15,31.5,Critical_Dry,1"
"2026-02-14 07:00:00,Uttar Pradesh,Alluvial,6.93,86.7,19.47,65.76,24.31,41.91,Normal,0"
"2026-02-14 08:00:00,Punjab,Red,6.65,122.85,43.15,55.21,42.85,20.51,Normal,0"
"2026-02-14 09:00:00,Gujarat,Laterite,6.38,47.92,31.41,68.79,9.01,37.33,Critical_Dry,1"
"2026-02-14 10:00:00,Punjab,Red,5.68,116.72,75.19,108.19,14.1,24.56,Critical_Dry,1"
"2026-02-14 11:00:00,Uttar Pradesh,Arid,5.61,41.52,25.34,118.85,36.77,26.67,Normal,0"
"2026-02-14 12:00:00,Maharashtra,Red,6.5,117.57,61.33,17.13,12.89,19.93,Critical_Dry,1"
"2026-02-14 13:00:00,Gujarat,Laterite,5.14,132.86,46.27,56.29,18.04,26.44,Moderate_Dry,0"
"2026-02-14 14:00:00,Maharashtra,Laterite,5.86,60.28,10.81,100.85,24.83,41.78,Normal,0"
"2026-02-14 15:00:00,Maharashtra,Laterite,5.8,83.59,46.19,49.29,42.9,27.53,Normal,0"
"2026-02-14 16:00:00,Maharashtra,Arid,6.85,99.0,16.96,83.15,14.79,34.07,Critical_Dry,1"
"2026-02-14 17:00:00,Karnataka,Laterite,4.77,29.54,56.13,119.19,42.15,20.9,Normal,0"
"2026-02-14 18:00:00,Tamil Nadu,Alluvial,7.82,79.29,49.59,82.91,34.59,40.14,Normal,0"
"2026-02-14 19:00:00,Karnataka,Laterite,6.75,63.27,10.73,26.68,32.83,37.87,Normal,0"
"2026-02-14 20:00:00,Tamil Nadu,Red,7.18,124.69,24.33,103.51,34.77,27.27,Normal,0"
"2026-02-14 21:00:00,Maharashtra,Red,7.31,125.2,64.34,116.5,9.16,26.36,Critical_Dry,1"
"2026-02-14 22:00:00,Gujarat,Red,5.67,104.09,29.3,89.81,11.66,28.37,Critical_Dry,1"
"2026-02-14 23:00:00,Tamil Nadu,Arid,6.38,98.69,44.95,59.0,20.39,27.63,Moderate_Dry,0"
"2026-02-15 00:00:00,Uttar Pradesh,Red,8.32,108.04,31.84,114.58,10.74,24.19,Critical_Dry,1"
"2026-02-15 01:00:00,Uttar Pradesh,Arid,7.57,63.92,74.51,116.7,44.54,41.78,Normal,0"
"2026-02-15 02:00:00,Punjab,Arid,8.38,68.54,47.56,113.19,29.48,37.45,Normal,0"
"2026-02-15 03:00:00,Tamil Nadu,Laterite,7.49,86.44,58.73,58.24,26.03,24.43,Normal,0"
"2026-02-15 04:00:00,Gujarat,Alluvial,5.2,132.56,15.84,97.92,37.06,41.56,Normal,0"
"2026-02-15 05:00:00,Karnataka,Laterite,4.76,106.88,12.82,83.69,44.15,18.37,Normal,0"
"2026-02-15 06:00:00,Maharashtra,Laterite,6.81,86.12,28.15,33.87,43.34,28.51,Normal,0"
"2026-02-15 07:00:00,Punjab,Arid,5.93,112.45,31.64,71.23,37.34,31.67,Normal,0"
"2026-02-15 08:00:00,Uttar Pradesh,Arid,5.6,64.51,58.14,93.51,21.96,18.9,Moderate_Dry,0"
"2026-02-15 09:00:00,Karnataka,Red,7.73,107.66,49.84,109.07,10.44,21.86,Critical_Dry,1"
"2026-02-15 10:00:00,Karnataka,Red,5.97,69.28,36.22,105.57,11.64,24.2,Critical_Dry,1"
"2026-02-15 11:00:00,Maharashtra,Laterite,5.77,53.56,55.79,31.24,8.04,35.29,Critical_Dry,1"
"2026-02-15 12:00:00,Tamil Nadu,Black,7.9,93.17,21.45,66.24,8.07,40.55,Critical_Dry,1"
"2026-02-15 13:00:00,Uttar Pradesh,Black,7.89,102.43,14.44,65.22,42.65,32.99,Normal,0"
"2026-02-15 14:00:00,Gujarat,Red,5.93,75.12,69.82,109.37,42.3,31.5,Normal,0"
"2026-02-15 15:00:00,Karnataka,Black,7.83,87.86,49.48,15.2,32.7,30.88,Normal,0"
"2026-02-15 16:00:00,Maharashtra,Red,7.9,103.29,55.44,92.56,34.89,26.42,Normal,0"
"2026-02-15 17:00:00,Gujarat,Arid,6.2,112.13,31.51,79.96,26.99,37.87,Normal,0"
"2026-02-15 18:00:00,Tamil Nadu,Laterite,4.77,127.47,36.04,111.77,16.8,30.98,Moderate_Dry,0"
"2026-02-15 19:00:00,Uttar Pradesh,Alluvial,4.51,62.55,15.77,62.98,41.83,23.52,Normal,0"
"2026-02-15 20:00:00,Tamil Nadu,Laterite,6.59,134.18,69.99,84.06,18.27,21.28,Moderate_Dry,0"
"2026-02-15 21:00:00,Karnataka,Red,5.88,96.47,51.47,117.14,35.37,41.65,Normal,0"
"2026-02-15 22:00:00,Gujarat,Red,8.49,114.52,15.85,93.11,17.08,18.42,Moderate_Dry,0"
"2026-02-15 23:00:00,Gujarat,Laterite,7.59,103.97,66.32,22.08,40.2,40.4,Normal,0"
"2026-02-16 00:00:00,Gujarat,Red,7.55,44.67,41.09,32.59,32.1,23.24,Normal,0"
"2026-02-16 01:00:00,Karnataka,Black,8.32,28.57,63.56,101.25,31.78,33.78,Normal,0"
"2026-02-16 02:00:00,Karnataka,Black,8.05,107.15,10.88,50.15,11.6,25.24,Critical_Dry,1"
"2026-02-16 03:00:00,Tamil Nadu,Red,5.77,81.33,12.01,89.12,23.52,38.64,Normal,0"
"2026-02-16 04:00:00,Punjab,Red,5.16,104.27,21.95,88.48,27.42,31.04,Normal,0"
"2026-02-16 05:00:00,Tamil Nadu,Black,7.48,77.22,24.76,119.34,18.88,21.39,Moderate_Dry,0"
"2026-02-16 06:00:00,Uttar Pradesh,Red,6.01,57.47,63.48,64.34,40.6,24.48,Normal,0"
"2026-02-16 07:00:00,Maharashtra,Red,6.39,54.2,59.47,92.47,38.99,25.69,Normal,0"
"2026-02-16 08:00:00,Gujarat,Laterite,7.02,107.66,53.13,20.12,26.26,39.26,Normal,0"
"2026-02-16 09:00:00,Punjab,Alluvial,8.13,53.21,71.94,63.57,20.58,36.4,Moderate_Dry,0"
"2026-02-16 10:00:00,Maharashtra,Black,6.18,105.76,27.3,34.6,37.66,37.91,Normal,0"
"2026-02-16 11:00:00,Punjab,Laterite,7.63,66.08,73.31,103.26,15.28,19.25,Moderate_Dry,0"
"2026-02-16 12:00:00,Tamil Nadu,Alluvial,5.57,112.51,73.66,103.19,10.65,31.89,Critical_Dry,1"
"2026-02-16 13:00:00,Karnataka,Red,7.29,37.14,40.4,39.82,9.69,41.98,Critical_Dry,1"
"2026-02-16 14:00:00,Gujarat,Red,4.51,44.6,16.61,48.42,9.43,36.84,Critical_Dry,1"
"2026-02-16 15:00:00,Tamil Nadu,Laterite,7.99,102.31,60.86,88.76,26.09,20.9,Normal,0"
"2026-02-16 16:00:00,Maharashtra,Red,4.62,87.23,33.59,92.52,17.45,34.29,Moderate_Dry,0"
"2026-02-16 17:00:00,Maharashtra,Arid,7.35,44.47,65.65,84.05,33.54,35.89,Normal,0"
"2026-02-16 18:00:00,Maharashtra,Laterite,4.69,128.34,21.46,119.65,32.19,30.34,Normal,0"
"2026-02-16 19:00:00,Maharashtra,Alluvial,5.56,53.11,47.77,106.21,28.05,19.89,Normal,0"
"2026-02-16 20:00:00,Maharashtra,Laterite,6.49,70.53,45.57,58.79,21.06,18.83,Moderate_Dry,0"
"2026-02-16 21:00:00,Punjab,Black,6.18,44.27,17.02,49.33,39.47,40.51,Normal,0"
"2026-02-16 22:00:00,Tamil Nadu,Laterite,5.27,66.56,35.43,77.67,34.26,24.18,Normal,0"
"2026-02-16 23:00:00,Gujarat,Red,5.84,79.0,15.93,100.85,18.05,27.1,Moderate_Dry,0"
"2026-02-17 00:00:00,Karnataka,Red,7.41,55.43,42.53,64.91,26.56,37.09,Normal,0"
"2026-02-17 01:00:00,Karnataka,Arid,7.18,112.29,69.0,92.46,13.78,34.54,Critical_Dry,1"
"2026-02-17 02:00:00,Tamil Nadu,Arid,4.79,67.27,28.91,17.01,20.16,41.25,Moderate_Dry,0"
"2026-02-17 03:00:00,Tamil Nadu,Arid,7.49,107.54,63.54,112.21,44.89,20.23,Normal,0"
"2026-02-17 04:00:00,Karnataka,Alluvial,4.71,44.85,22.84,96.25,16.28,34.97,Moderate_Dry,0"
"2026-02-17 05:00:00,Karnataka,Arid,6.67,65.24,57.16,56.39,33.84,19.97,Normal,0"
"2026-02-17 06:00:00,Punjab,Alluvial,5.54,20.97,74.09,55.32,16.82,18.0,Moderate_Dry,0"
"2026-02-17 07:00:00,Uttar Pradesh,Arid,6.85,111.04,32.67,25.8,42.71,20.89,Normal,0"
"2026-02-17 08:00:00,Gujarat,Alluvial,5.55,95.11,73.03,100.7,19.47,32.8,Moderate_Dry,0"
"2026-02-17 09:00:00,Maharashtra,Laterite,8.44,118.14,45.38,95.71,20.83,34.23,Moderate_Dry,0"
"2026-02-17 10:00:00,Uttar Pradesh,Laterite,5.74,74.67,32.18,81.18,29.97,28.52,Normal,0"
"2026-02-17 11:00:00,Tamil Nadu,Red,5.47,115.97,72.76,25.65,29.76,19.11,Normal,0"
"2026-02-17 12:00:00,Karnataka,Alluvial,5.61,97.71,12.24,42.55,29.43,33.22,Normal,0"
"2026-02-17 13:00:00,Uttar Pradesh,Black,8.09,20.43,11.96,63.19,29.21,20.06,Normal,0"
"2026-02-17 14:00:00,Gujarat,Red,7.04,50.44,51.99,42.93,19.55,21.4,Moderate_Dry,0"
"2026-02-17 15:00:00,Tamil Nadu,Laterite,7.42,79.27,65.77,60.57,24.07,30.3,Normal,0"
"2026-02-17 16:00:00,Maharashtra,Alluvial,8.17,94.24,62.61,38.73,29.96,26.17,Normal,0"
"2026-02-17 17:00:00,Maharashtra,Arid,8.15,27.87,15.56,51.71,32.84,29.15,Normal,0"
"2026-02-17 18:00:00,Gujarat,Black,7.46,104.61,76.52,83.49,17.37,33.24,Moderate_Dry,0"
"2026-02-17 19:00:00,Gujarat,Laterite,5.29,85.22,59.21,108.7,33.95,21.84,Normal,0"
"2026-02-17 20:00:00,Karnataka,Red,7.87,83.09,76.44,55.43,42.16,39.43,Normal,0"
"2026-02-17 21:00:00,Maharashtra,Alluvial,5.32,55.05,33.04,87.65,36.04,31.43,Normal,0"
"2026-02-17 22:00:00,Tamil Nadu,Black,7.47,91.38,58.58,29.15,11.12,18.53,Critical_Dry,1"
"2026-02-17 23:00:00,Uttar Pradesh,Alluvial,7.24,23.3,70.2,71.79,25.36,33.08,Normal,0"
"2026-02-18 00:00:00,Tamil Nadu,Arid,7.54,27.76,36.63,111.78,24.1,29.12,Normal,0"
"2026-02-18 01:00:00,Punjab,Red,6.63,108.06,77.54,17.93,20.45,34.84,Moderate_Dry,0"
"2026-02-18 02:00:00,Punjab,Alluvial,7.05,58.63,28.55,43.09,26.18,36.82,Normal,0"
"2026-02-18 03:00:00,Gujarat,Laterite,8.31,61.64,32.09,28.91,24.27,40.53,Normal,0"
"2026-02-18 04:00:00,Karnataka,Red,4.9,45.01,74.42,70.98,8.23,41.96,Critical_Dry,1"
"2026-02-18 05:00:00,Punjab,Laterite,5.74,73.47,77.88,86.36,16.75,31.19,Moderate_Dry,0"
"2026-02-18 06:00:00,Maharashtra,Alluvial,6.95,26.24,29.96,21.07,15.91,31.48,Moderate_Dry,0"
"2026-02-18 07:00:00,Tamil Nadu,Red,8.36,56.04,19.55,22.38,20.92,18.54,Moderate_Dry,0"
"2026-02-18 08:00:00,Tamil Nadu,Laterite,4.88,83.25,63.13,106.31,14.45,38.76,Critical_Dry,1"
"2026-02-18 09:00:00,Gujarat,Arid,4.59,75.88,75.08,62.9,10.51,18.69,Critical_Dry,1"
"2026-02-18 10:00:00,Uttar Pradesh,Arid,4.72,139.96,52.05,63.61,15.27,33.18,Moderate_Dry,0"
"2026-02-18 11:00:00,Gujarat,Alluvial,4.71,66.65,54.42,114.18,39.6,20.37,Normal,0"
"2026-02-18 12:00:00,Uttar Pradesh,Red,8.13,66.44,63.41,48.62,37.49,24.86,Normal,0"
"2026-02-18 13:00:00,Gujarat,Black,7.39,80.43,20.72,109.19,24.36,21.37,Normal,0"
"2026-02-18 14:00:00,Gujarat,Red,7.21,42.84,78.14,117.3,40.48,21.3,Normal,0"
"2026-02-18 15:00:00,Gujarat,Arid,6.59,125.16,35.5,40.38,16.61,19.79,Moderate_Dry,0"
"2026-02-18 16:00:00,Uttar Pradesh,Laterite,7.63,88.67,53.98,68.97,29.62,25.63,Normal,0"
"2026-02-18 17:00:00,Uttar Pradesh,Black,5.12,43.05,42.8,71.11,13.29,28.17,Critical_Dry,1"
"2026-02-18 18:00:00,Gujarat,Alluvial,6.07,115.21,42.77,105.95,38.84,29.15,Normal,0"
"2026-02-18 19:00:00,Punjab,Black,6.46,24.12,59.19,46.91,12.83,28.55,Critical_Dry,1"
"2026-02-18 20:00:00,Karnataka,Alluvial,4.94,137.91,79.63,98.79,9.18,30.57,Critical_Dry,1"
"2026-02-18 21:00:00,Karnataka,Black,6.18,123.82,56.13,116.96,18.12,38.63,Moderate_Dry,0"
"2026-02-18 22:00:00,Karnataka,Alluvial,5.77,89.56,65.58,103.24,41.33,33.16,Normal,0"
"2026-02-18 23:00:00,Uttar Pradesh,Alluvial,4.64,33.36,11.93,110.46,12.79,18.41,Critical_Dry,1"
"2026-02-19 00:00:00,Uttar Pradesh,Black,5.05,45.83,66.73,89.38,20.23,22.15,Moderate_Dry,0"
"2026-02-19 01:00:00,Punjab,Black,7.56,53.53,31.0,109.92,19.71,26.37,Moderate_Dry,0"
"2026-02-19 02:00:00,Karnataka,Alluvial,4.57,48.92,18.87,32.31,37.66,40.78,Normal,0"
"2026-02-19 03:00:00,Karnataka,Arid,8.24,79.7,17.93,89.8,23.6,19.87,Normal,0"
"2026-02-19 04:00:00,Gujarat,Black,4.85,133.35,57.59,91.85,30.63,35.04,Normal,0"
"2026-02-19 05:00:00,Uttar Pradesh,Red,7.7,73.3,79.83,61.11,22.96,18.79,Moderate_Dry,0"
"2026-02-19 06:00:00,Karnataka,Laterite,8.09,99.39,56.63,23.37,28.4,26.7,Normal,0"
"2026-02-19 07:00:00,Tamil Nadu,Alluvial,8.26,102.63,28.36,80.36,10.31,36.48,Critical_Dry,1"
"2026-02-19 08:00:00,Punjab,Alluvial,7.97,124.59,24.23,20.45,21.84,26.25,Moderate_Dry,0"
"2026-02-19 09:00:00,Tamil Nadu,Laterite,5.65,24.06,46.82,55.15,39.64,28.33,Normal,0"
"2026-02-19 10:00:00,Tamil Nadu,Arid,5.83,68.52,14.55,56.34,33.57,39.73,Normal,0"
"2026-02-19 11:00:00,Punjab,Laterite,6.21,114.17,37.95,119.89,44.33,19.59,Normal,0"
"2026-02-19 12:00:00,Tamil Nadu,Black,5.06,117.78,56.64,46.48,37.15,30.66,Normal,0"
"2026-02-19 13:00:00,Karnataka,Laterite,4.59,131.28,77.74,101.15,24.71,26.79,Normal,0"
"2026-02-19 14:00:00,Uttar Pradesh,Alluvial,7.98,104.34,39.8,20.58,33.02,41.13,Normal,0"
"2026-02-19 15:00:00,Punjab,Laterite,6.72,49.42,24.02,70.63,36.71,37.05,Normal,0"
"2026-02-19 16:00:00,Gujarat,Red,6.93,80.68,67.22,71.35,17.98,20.93,Moderate_Dry,0"
"2026-02-19 17:00:00,Tamil Nadu,Black,8.21,23.88,62.09,81.02,10.22,40.26,Critical_Dry,1"
"2026-02-19 18:00:00,Punjab,Laterite,7.16,97.63,70.18,100.05,23.02,23.07,Normal,0"
"2026-02-19 19:00:00,Maharashtra,Alluvial,7.26,86.52,25.03,95.0,13.35,20.04,Critical_Dry,1"
"2026-02-19 20:00:00,Maharashtra,Black,7.65,100.02,38.34,94.91,18.26,31.0,Moderate_Dry,0"
"2026-02-19 21:00:00,Uttar Pradesh,Alluvial,4.97,131.62,78.71,60.39,43.03,35.68,Normal,0"
"2026-02-19 22:00:00,Karnataka,Arid,5.94,102.47,21.06,91.38,39.34,35.19,Normal,0"
"2026-02-19 23:00:00,Uttar Pradesh,Red,8.37,58.45,57.0,66.59,29.92,30.82,Normal,0"
"2026-02-20 00:00:00,Uttar Pradesh,Arid,8.19,43.85,26.6,22.03,22.85,29.83,Moderate_Dry,0"
"2026-02-20 01:00:00,Uttar Pradesh,Red,8.04,122.56,45.01,108.47,17.78,41.27,Moderate_Dry,0"
"2026-02-20 02:00:00,Uttar Pradesh,Laterite,6.31,43.32,66.04,108.47,29.14,37.69,Normal,0"
"2026-02-20 03:00:00,Gujarat,Black,7.93,39.39,44.2,48.9,27.73,34.77,Normal,0"
"2026-02-20 04:00:00,Gujarat,Laterite,4.69,44.79,66.38,110.96,36.89,22.69,Normal,0"
"2026-02-20 05:00:00,Punjab,Red,5.09,81.06,39.84,94.59,42.34,37.67,Normal,0"
"2026-02-20 06:00:00,Maharashtra,Red,6.16,34.9,79.95,57.08,20.17,35.99,Moderate_Dry,0"
"2026-02-20 07:00:00,Uttar Pradesh,Red,6.43,132.57,40.51,49.81,15.63,41.81,Moderate_Dry,0"
"2026-02-20 08:00:00,Punjab,Alluvial,5.55,135.95,20.46,117.39,22.9,21.19,Moderate_Dry,0"
"2026-02-20 09:00:00,Maharashtra,Black,5.93,136.86,38.13,89.83,24.19,35.17,Normal,0"
"2026-02-20 10:00:00,Tamil Nadu,Laterite,5.15,24.69,61.98,54.78,9.48,41.5,Critical_Dry,1"
"2026-02-20 11:00:00,Karnataka,Laterite,6.46,133.54,69.36,82.41,39.88,29.1,Normal,0"
"2026-02-20 12:00:00,Gujarat,Arid,7.68,139.69,42.21,75.01,44.84,35.6,Normal,0"
"2026-02-20 13:00:00,Tamil Nadu,Red,7.15,133.09,51.61,70.08,42.16,41.41,Normal,0"
"2026-02-20 14:00:00,Maharashtra,Red,4.93,100.51,69.14,82.69,39.84,31.14,Normal,0"
"2026-02-20 15:00:00,Tamil Nadu,Red,6.45,104.15,66.95,71.45,44.73,34.78,Normal,0"
"2026-02-20 16:00:00,Karnataka,Laterite,7.29,34.67,56.04,83.75,41.59,18.48,Normal,0"
"2026-02-20 17:00:00,Maharashtra,Arid,6.62,124.92,67.05,110.29,33.47,30.47,Normal,0"
"2026-02-20 18:00:00,Tamil Nadu,Alluvial,6.07,27.16,50.31,119.29,14.17,24.14,Critical_Dry,1"
"2026-02-20 19:00:00,Gujarat,Black,6.99,58.13,10.33,89.48,13.78,21.15,Critical_Dry,1"
"2026-02-20 20:00:00,Gujarat,Alluvial,8.37,138.94,12.89,112.42,9.8,35.01,Critical_Dry,1"
"2026-02-20 21:00:00,Punjab,Laterite,4.88,70.68,78.59,105.13,23.24,18.94,Normal,0"
"2026-02-20 22:00:00,Tamil Nadu,Red,6.06,35.74,20.15,45.98,37.93,39.72,Normal,0"
"2026-02-20 23:00:00,Uttar Pradesh,Black,6.13,136.32,38.32,112.96,26.14,30.43,Normal,0"
"2026-02-21 00:00:00,Tamil Nadu,Laterite,6.81,138.1,75.37,22.43,21.55,33.56,Moderate_Dry,0"
"2026-02-21 01:00:00,Maharashtra,Laterite,5.11,42.45,23.65,49.64,12.04,24.08,Critical_Dry,1"
"2026-02-21 02:00:00,Maharashtra,Laterite,5.21,123.78,69.07,82.19,9.91,22.37,Critical_Dry,1"
"2026-02-21 03:00:00,Tamil Nadu,Black,5.64,66.85,67.28,70.33,22.77,23.85,Moderate_Dry,0"
"2026-02-21 04:00:00,Karnataka,Black,8.32,65.76,79.04,71.95,11.7,23.58,Critical_Dry,1"
"2026-02-21 05:00:00,Gujarat,Arid,7.44,51.52,29.72,98.46,11.83,38.75,Critical_Dry,1"
"2026-02-21 06:00:00,Maharashtra,Arid,7.15,25.37,32.07,35.44,22.63,36.9,Moderate_Dry,0"
"2026-02-21 07:00:00,Gujarat,Alluvial,7.77,52.16,73.2,118.12,26.61,38.47,Normal,0"
"2026-02-21 08:00:00,Maharashtra,Black,5.01,26.45,26.39,60.93,14.91,35.64,Critical_Dry,1"
"2026-02-21 09:00:00,Punjab,Black,7.94,130.92,48.35,114.73,33.33,33.45,Normal,0"
"2026-02-21 10:00:00,Uttar Pradesh,Black,6.88,99.41,59.51,55.23,23.49,30.67,Normal,0"
"2026-02-21 11:00:00,Maharashtra,Arid,5.84,126.39,29.03,78.19,11.4,24.37,Critical_Dry,1"
"2026-02-21 12:00:00,Gujarat,Laterite,7.76,106.07,75.69,62.28,31.57,34.93,Normal,0"
"2026-02-21 13:00:00,Punjab,Red,7.71,35.75,56.6,85.97,21.21,21.28,Moderate_Dry,0"
"2026-02-21 14:00:00,Maharashtra,Arid,7.88,132.87,13.3,34.28,9.94,30.27,Critical_Dry,1"
"2026-02-21 15:00:00,Karnataka,Black,4.96,127.99,19.5,57.07,43.08,22.69,Normal,0"
"2026-02-21 16:00:00,Uttar Pradesh,Arid,8.38,61.77,23.35,22.18,29.13,30.11,Normal,0"
"2026-02-21 17:00:00,Maharashtra,Alluvial,8.34,33.38,27.15,77.8,25.68,25.05,Normal,0"
"2026-02-21 18:00:00,Punjab,Black,5.93,104.5,61.15,116.08,39.79,19.28,Normal,0"
"2026-02-21 19:00:00,Karnataka,Alluvial,4.76,107.4,16.23,19.82,42.66,30.09,Normal,0"
"2026-02-21 20:00:00,Tamil Nadu,Black,5.17,127.62,34.54,84.26,16.15,22.36,Moderate_Dry,0"
"2026-02-21 21:00:00,Punjab,Arid,8.47,26.32,73.8,96.39,37.98,21.87,Normal,0"
"2026-02-21 22:00:00,Punjab,Laterite,6.75,37.0,48.97,37.38,38.75,27.22,Normal,0"
"2026-02-21 23:00:00,Karnataka,Red,5.93,91.79,28.58,43.67,10.01,26.68,Critical_Dry,1"
"2026-02-22 00:00:00,Punjab,Alluvial,5.65,94.3,76.99,36.17,34.34,38.81,Normal,0"
"2026-02-22 01:00:00,Karnataka,Arid,5.53,24.03,27.1,46.23,10.33,31.55,Critical_Dry,1"
"2026-02-22 02:00:00,Maharashtra,Laterite,7.16,67.63,73.36,26.56,30.0,38.51,Normal,0"
"2026-02-22 03:00:00,Karnataka,Arid,6.18,90.1,60.8,53.89,32.76,21.52,Normal,0"
"2026-02-22 04:00:00,Karnataka,Alluvial,8.36,108.55,61.84,53.74,21.58,26.58,Moderate_Dry,0"
"2026-02-22 05:00:00,Uttar Pradesh,Red,7.24,57.94,63.55,99.76,40.59,31.33,Normal,0"
"2026-02-22 06:00:00,Karnataka,Arid,7.67,78.07,45.46,99.1,37.62,21.68,Normal,0"
"2026-02-22 07:00:00,Karnataka,Black,5.67,117.69,67.02,98.66,42.26,21.07,Normal,0"
"2026-02-22 08:00:00,Tamil Nadu,Laterite,4.82,134.47,68.53,74.54,19.65,33.87,Moderate_Dry,0"
"2026-02-22 09:00:00,Maharashtra,Arid,6.45,47.64,35.23,49.22,8.8,33.69,Critical_Dry,1"
"2026-02-22 10:00:00,Uttar Pradesh,Laterite,5.76,50.37,38.02,58.15,38.02,23.62,Normal,0"
"2026-02-22 11:00:00,Tamil Nadu,Black,5.31,132.78,72.21,48.36,16.25,23.45,Moderate_Dry,0"
"2026-02-22 12:00:00,Gujarat,Red,8.31,67.51,46.73,76.1,25.28,35.89,Normal,0"
"2026-02-22 13:00:00,Maharashtra,Red,6.28,106.2,70.69,113.49,38.24,20.81,Normal,0"
"2026-02-22 14:00:00,Maharashtra,Black,5.2,93.47,53.87,44.87,16.0,40.16,Moderate_Dry,0"
"2026-02-22 15:00:00,Gujarat,Laterite,5.29,54.27,51.55,63.18,19.54,40.65,Moderate_Dry,0"
"2026-02-22 16:00:00,Karnataka,Arid,5.62,98.43,12.17,83.79,24.25,38.9,Normal,0"
"2026-02-22 17:00:00,Tamil Nadu,Black,8.5,98.67,29.45,103.69,18.06,23.06,Moderate_Dry,0"
"2026-02-22 18:00:00,Punjab,Alluvial,5.57,91.09,45.14,41.6,25.07,18.4,Normal,0"
"2026-02-22 19:00:00,Uttar Pradesh,Laterite,5.82,31.96,51.11,44.43,8.36,40.48,Critical_Dry,1"
"2026-02-22 20:00:00,Punjab,Red,7.14,139.42,54.13,107.94,15.85,26.26,Moderate_Dry,0"
"2026-02-22 21:00:00,Gujarat,Black,5.68,68.05,60.14,23.43,38.8,25.45,Normal,0"
"2026-02-22 22:00:00,Maharashtra,Red,5.36,96.59,55.94,78.57,23.3,24.28,Normal,0"
"2026-02-22 23:00:00,Maharashtra,Laterite,5.13,126.29,69.4,105.35,31.55,23.87,Normal,0"
"2026-02-23 00:00:00,Uttar Pradesh,Red,5.75,70.79,30.68,111.78,16.59,35.63,Moderate_Dry,0"
"2026-02-23 01:00:00,Maharashtra,Black,4.92,112.87,54.91,16.33,32.05,39.79,Normal,0"
"2026-02-23 02:00:00,Maharashtra,Laterite,4.57,136.62,13.58,53.81,45.0,36.87,Normal,0"
"2026-02-23 03:00:00,Uttar Pradesh,Alluvial,7.72,63.07,43.61,42.01,30.03,34.18,Normal,0"
"2026-02-23 04:00:00,Tamil Nadu,Black,5.05,68.63,28.76,74.64,31.25,24.91,Normal,0"
"2026-02-23 05:00:00,Tamil Nadu,Arid,7.6,128.67,36.66,81.45,12.13,31.13,Critical_Dry,1"
"2026-02-23 06:00:00,Uttar Pradesh,Black,7.69,39.16,34.83,119.98,22.93,23.69,Moderate_Dry,0"
"2026-02-23 07:00:00,Gujarat,Laterite,6.65,23.43,14.23,68.84,39.85,20.68,Normal,0"
"2026-02-23 08:00:00,Maharashtra,Black,5.74,129.07,42.67,72.9,38.87,20.89,Normal,0"
"2026-02-23 09:00:00,Maharashtra,Alluvial,5.08,118.59,79.62,58.5,27.33,32.49,Normal,0"
"2026-02-23 10:00:00,Gujarat,Alluvial,7.45,136.71,30.93,30.51,41.43,18.92,Normal,0"
"2026-02-23 11:00:00,Tamil Nadu,Arid,6.91,26.99,61.53,46.85,13.29,41.36,Critical_Dry,1"
"2026-02-23 12:00:00,Karnataka,Red,7.12,38.74,48.35,40.93,32.35,41.89,Normal,0"
"2026-02-23 13:00:00,Karnataka,Laterite,4.53,32.64,32.77,99.13,17.21,21.59,Moderate_Dry,0"
"2026-02-23 14:00:00,Karnataka,Laterite,8.21,102.01,16.27,72.31,31.89,28.26,Normal,0"
"2026-02-23 15:00:00,Tamil Nadu,Red,4.77,92.72,25.11,46.1,11.23,36.43,Critical_Dry,1"
"2026-02-23 16:00:00,Tamil Nadu,Alluvial,5.97,63.12,64.73,66.35,42.91,40.92,Normal,0"
"2026-02-23 17:00:00,Gujarat,Alluvial,6.11,26.89,29.53,37.98,37.09,39.39,Normal,0"
"2026-02-23 18:00:00,Maharashtra,Black,4.51,96.76,20.1,34.44,15.44,24.11,Moderate_Dry,0"
"2026-02-23 19:00:00,Gujarat,Arid,6.49,88.41,33.19,105.29,31.58,20.04,Normal,0"
"2026-02-23 20:00:00,Gujarat,Arid,7.51,33.55,50.88,114.21,36.09,24.93,Normal,0"
"2026-02-23 21:00:00,Tamil Nadu,Arid,7.79,129.07,59.24,23.4,15.75,28.49,Moderate_Dry,0"
"2026-02-23 22:00:00,Karnataka,Black,8.02,43.87,37.12,95.31,11.45,26.64,Critical_Dry,1"
"2026-02-23 23:00:00,Punjab,Arid,6.45,109.22,44.87,62.6,21.02,36.57,Moderate_Dry,0"
"2026-02-24 00:00:00,Maharashtra,Red,7.02,126.21,41.84,55.84,13.02,24.19,Critical_Dry,1"
"2026-02-24 01:00:00,Tamil Nadu,Black,4.82,89.54,10.63,87.39,28.93,38.61,Normal,0"
"2026-02-24 02:00:00,Karnataka,Red,6.45,49.62,37.69,42.96,23.69,23.42,Normal,0"
"2026-02-24 03:00:00,Punjab,Black,5.12,57.11,51.11,17.16,25.11,26.67,Normal,0"
"2026-02-24 04:00:00,Punjab,Arid,5.98,126.29,49.9,37.47,28.09,28.75,Normal,0"
"2026-02-24 05:00:00,Tamil Nadu,Red,5.82,55.79,62.48,34.42,44.34,24.99,Normal,0"
"2026-02-24 06:00:00,Uttar Pradesh,Red,6.19,109.54,56.93,18.58,37.33,36.39,Normal,0"
"2026-02-24 07:00:00,Maharashtra,Red,6.79,138.82,29.38,48.74,31.29,27.83,Normal,0"
"2026-02-24 08:00:00,Punjab,Black,8.11,139.98,27.9,64.82,21.46,39.29,Moderate_Dry,0"
"2026-02-24 09:00:00,Tamil Nadu,Laterite,6.08,84.02,42.49,92.26,9.0,41.13,Critical_Dry,1"
"2026-02-24 10:00:00,Tamil Nadu,Arid,8.42,119.19,61.31,49.19,12.31,38.64,Critical_Dry,1"
"2026-02-24 11:00:00,Karnataka,Red,7.54,138.83,16.57,35.43,35.04,30.54,Normal,0"
"2026-02-24 12:00:00,Uttar Pradesh,Laterite,6.55,64.96,76.38,39.22,21.66,30.24,Moderate_Dry,0"
"2026-02-24 13:00:00,Maharashtra,Arid,7.08,50.29,48.02,108.57,20.37,23.18,Moderate_Dry,0"
"2026-02-24 14:00:00,Gujarat,Arid,4.91,33.71,31.45,36.5,40.89,32.21,Normal,0"
"2026-02-24 15:00:00,Karnataka,Red,7.88,36.91,58.54,107.32,25.93,40.87,Normal,0"
"2026-02-24 16:00:00,Punjab,Red,6.83,122.43,13.13,61.95,41.28,19.93,Normal,0"
"2026-02-24 17:00:00,Punjab,Black,8.44,90.65,43.91,113.11,40.81,36.06,Normal,0"
"2026-02-24 18:00:00,Karnataka,Laterite,7.05,124.85,44.02,57.85,10.97,38.87,Critical_Dry,1"
"2026-02-24 19:00:00,Tamil Nadu,Laterite,7.84,114.73,21.34,33.66,42.98,41.68,Normal,0"
"2026-02-24 20:00:00,Punjab,Red,7.7,100.85,68.62,72.65,10.85,26.03,Critical_Dry,1"
"2026-02-24 21:00:00,Uttar Pradesh,Arid,5.88,93.12,65.78,76.71,43.65,26.53,Normal,0"
"2026-02-24 22:00:00,Maharashtra,Red,5.54,25.8,20.69,81.73,24.75,23.51,Normal,0"
"2026-02-24 23:00:00,Uttar Pradesh,Arid,6.22,124.67,35.47,58.21,36.15,36.94,Normal,0"
"2026-02-25 00:00:00,Punjab,Arid,6.37,70.14,17.03,20.1,34.13,21.36,Normal,0"
"2026-02-25 01:00:00,Gujarat,Red,5.46,87.17,69.4,80.81,27.18,24.43,Normal,0"
"2026-02-25 02:00:00,Maharashtra,Alluvial,8.08,22.63,32.63,112.97,30.92,25.09,Normal,0"
"2026-02-25 03:00:00,Maharashtra,Laterite,6.67,132.33,40.75,115.54,43.15,27.0,Normal,0"
"2026-02-25 04:00:00,Karnataka,Arid,8.41,128.33,32.67,77.67,42.31,28.12,Normal,0"
"2026-02-25 05:00:00,Karnataka,Arid,7.74,85.19,31.7,17.09,32.21,31.42,Normal,0"
"2026-02-25 06:00:00,Gujarat,Alluvial,6.72,89.28,62.31,26.13,32.34,40.76,Normal,0"
"2026-02-25 07:00:00,Tamil Nadu,Black,8.29,104.6,62.33,102.57,17.14,23.93,Moderate_Dry,0"
"2026-02-25 08:00:00,Maharashtra,Alluvial,6.52,51.76,46.25,102.12,38.66,36.7,Normal,0"
"2026-02-25 09:00:00,Gujarat,Alluvial,8.05,46.63,56.03,114.33,31.41,34.23,Normal,0"
"2026-02-25 10:00:00,Karnataka,Arid,5.93,100.88,45.82,74.2,38.57,20.79,Normal,0"
"2026-02-25 11:00:00,Karnataka,Laterite,6.01,32.53,12.0,105.7,32.34,37.45,Normal,0"
"2026-02-25 12:00:00,Maharashtra,Alluvial,6.17,74.49,14.62,101.61,19.07,20.17,Moderate_Dry,0"
"2026-02-25 13:00:00,Uttar Pradesh,Black,6.69,79.13,36.86,76.89,15.01,35.73,Moderate_Dry,0"
"2026-02-25 14:00:00,Punjab,Red,6.71,65.76,62.48,97.28,10.85,35.18,Critical_Dry,1"
"2026-02-25 15:00:00,Karnataka,Alluvial,6.49,42.23,73.93,28.2,29.68,34.55,Normal,0"
"2026-02-25 16:00:00,Tamil Nadu,Alluvial,5.72,62.64,12.08,82.12,18.51,24.64,Moderate_Dry,0"
"2026-02-25 17:00:00,Tamil Nadu,Black,8.21,60.51,35.76,115.11,31.33,31.76,Normal,0"
"2026-02-25 18:00:00,Karnataka,Laterite,6.85,79.91,25.66,32.01,10.17,36.28,Critical_Dry,1"
"2026-02-25 19:00:00,Uttar Pradesh,Alluvial,6.13,100.96,67.06,93.12,21.9,33.3,Moderate_Dry,0"
"2026-02-25 20:00:00,Uttar Pradesh,Alluvial,7.1,136.19,69.22,48.68,17.64,37.3,Moderate_Dry,0"
"2026-02-25 21:00:00,Gujarat,Laterite,7.57,37.3,24.45,100.8,21.7,34.51,Moderate_Dry,0"
"2026-02-25 22:00:00,Tamil Nadu,Black,8.34,124.76,59.76,88.21,10.01,24.59,Critical_Dry,1"
"2026-02-25 23:00:00,Gujarat,Alluvial,6.5,54.1,61.22,112.25,34.79,21.67,Normal,0"
"2026-02-26 00:00:00,Tamil Nadu,Laterite,4.95,90.96,22.39,89.75,12.32,33.17,Critical_Dry,1"
"2026-02-26 01:00:00,Punjab,Alluvial,6.26,85.61,40.36,58.08,8.53,36.23,Critical_Dry,1"
"2026-02-26 02:00:00,Punjab,Red,6.42,86.83,53.42,16.14,43.01,21.42,Normal,0"
"2026-02-26 03:00:00,Maharashtra,Arid,8.09,106.8,11.82,98.26,15.14,22.2,Moderate_Dry,0"
"2026-02-26 04:00:00,Gujarat,Red,6.08,65.8,38.32,57.89,38.64,18.29,Normal,0"
"2026-02-26 05:00:00,Karnataka,Alluvial,8.31,58.29,20.85,85.42,43.69,30.76,Normal,0"
"2026-02-26 06:00:00,Gujarat,Black,6.44,122.34,47.93,26.03,27.76,31.01,Normal,0"
"2026-02-26 07:00:00,Karnataka,Arid,8.4,46.41,69.0,108.55,27.47,30.0,Normal,0"
"2026-02-26 08:00:00,Uttar Pradesh,Red,4.53,41.63,46.73,60.74,21.59,25.58,Moderate_Dry,0"
"2026-02-26 09:00:00,Gujarat,Laterite,8.1,21.87,12.52,111.57,23.75,28.27,Normal,0"
"2026-02-26 10:00:00,Uttar Pradesh,Black,8.22,45.27,12.08,89.24,25.84,36.39,Normal,0"
"2026-02-26 11:00:00,Punjab,Red,8.34,82.22,52.39,27.75,13.63,22.36,Critical_Dry,1"
"2026-02-26 12:00:00,Punjab,Laterite,4.55,84.62,32.96,75.82,21.5,22.84,Moderate_Dry,0"
"2026-02-26 13:00:00,Maharashtra,Alluvial,5.19,50.53,50.09,110.54,38.2,34.01,Normal,0"
"2026-02-26 14:00:00,Gujarat,Laterite,7.12,28.67,21.45,99.0,14.75,38.81,Critical_Dry,1"
"2026-02-26 15:00:00,Uttar Pradesh,Red,4.6,109.36,64.38,58.89,35.0,26.17,Normal,0"
"2026-02-26 16:00:00,Karnataka,Red,4.75,110.96,70.25,115.28,32.11,40.39,Normal,0"
"2026-02-26 17:00:00,Punjab,Alluvial,5.38,139.74,72.25,43.2,10.12,19.38,Critical_Dry,1"
"2026-02-26 18:00:00,Punjab,Laterite,6.55,128.0,31.29,54.39,8.83,20.84,Critical_Dry,1"
"2026-02-26 19:00:00,Karnataka,Laterite,6.68,131.13,56.25,93.72,21.04,29.04,Moderate_Dry,0"
"2026-02-26 20:00:00,Uttar Pradesh,Alluvial,4.64,115.78,29.53,39.45,33.61,35.36,Normal,0"
"2026-02-26 21:00:00,Uttar Pradesh,Laterite,5.18,93.86,63.39,69.11,20.23,26.9,Moderate_Dry,0"
"2026-02-26 22:00:00,Gujarat,Alluvial,6.5,35.43,18.44,91.52,32.71,31.31,Normal,0"
"2026-02-26 23:00:00,Gujarat,Black,6.88,94.68,63.39,82.62,32.62,18.69,Normal,0"
"2026-02-27 00:00:00,Tamil Nadu,Red,5.09,26.71,40.78,31.31,37.84,29.08,Normal,0"
"2026-02-27 01:00:00,Tamil Nadu,Black,6.1,126.24,69.89,81.11,11.68,23.82,Critical_Dry,1"
"2026-02-27 02:00:00,Maharashtra,Arid,8.12,77.82,61.73,75.13,29.35,30.39,Normal,0"
"2026-02-27 03:00:00,Punjab,Arid,8.5,103.7,36.36,73.57,10.31,30.62,Critical_Dry,1"
"2026-02-27 04:00:00,Gujarat,Arid,8.45,26.27,73.25,101.73,14.51,36.08,Critical_Dry,1"
"2026-02-27 05:00:00,Uttar Pradesh,Alluvial,8.03,84.11,29.83,34.31,20.04,30.96,Moderate_Dry,0"
"2026-02-27 06:00:00,Karnataka,Laterite,6.08,56.15,77.69,93.91,34.17,32.74,Normal,0"
"2026-02-27 07:00:00,Uttar Pradesh,Black,7.25,54.2,63.7,94.9,44.03,30.71,Normal,0"
"2026-02-27 08:00:00,Punjab,Black,6.17,66.76,79.35,90.88,20.67,41.77,Moderate_Dry,0"
"2026-02-27 09:00:00,Tamil Nadu,Black,7.09,20.08,13.77,68.13,27.28,37.0,Normal,0"
"2026-02-27 10:00:00,Uttar Pradesh,Black,5.74,76.0,29.18,56.53,17.59,36.14,Moderate_Dry,0"
"2026-02-27 11:00:00,Maharashtra,Arid,6.92,78.39,61.89,56.44,32.99,33.05,Normal,0"
"2026-02-27 12:00:00,Punjab,Black,6.6,123.58,74.56,92.05,21.56,30.68,Moderate_Dry,0"
"2026-02-27 13:00:00,Tamil Nadu,Laterite,4.6,73.82,12.01,67.28,25.82,26.27,Normal,0"
"2026-02-27 14:00:00,Karnataka,Arid,7.66,63.63,10.0,50.54,29.01,36.82,Normal,0"
"2026-02-27 15:00:00,Tamil Nadu,Black,4.55,139.37,27.94,80.67,33.39,22.55,Normal,0"
"2026-02-27 16:00:00,Maharashtra,Alluvial,5.67,88.55,69.69,102.89,10.22,18.88,Critical_Dry,1"
"2026-02-27 17:00:00,Punjab,Red,4.52,76.71,63.7,21.46,28.53,34.76,Normal,0"
"2026-02-27 18:00:00,Karnataka,Red,6.0,79.51,33.82,117.07,23.95,21.48,Normal,0"
"2026-02-27 19:00:00,Maharashtra,Red,4.75,117.1,10.14,25.15,12.95,39.69,Critical_Dry,1"
"2026-02-27 20:00:00,Tamil Nadu,Arid,8.15,60.88,48.83,68.73,15.7,36.5,Moderate_Dry,0"
"2026-02-27 21:00:00,Maharashtra,Black,6.16,66.7,26.66,73.82,40.7,32.45,Normal,0"
"2026-02-27 22:00:00,Punjab,Arid,6.34,110.7,62.19,29.51,40.26,25.53,Normal,0"
"2026-02-27 23:00:00,Gujarat,Laterite,5.9,28.76,41.24,111.14,9.23,33.31,Critical_Dry,1"
"2026-02-28 00:00:00,Maharashtra,Alluvial,7.01,123.82,57.5,64.5,33.51,29.44,Normal,0"
"2026-02-28 01:00:00,Maharashtra,Alluvial,7.64,71.62,69.66,30.03,28.5,24.99,Normal,0"
"2026-02-28 02:00:00,Tamil Nadu,Red,7.09,89.76,47.5,89.72,42.77,40.68,Normal,0"
"2026-02-28 03:00:00,Tamil Nadu,Red,7.49,110.9,33.52,84.66,41.6,21.89,Normal,0"
"2026-02-28 04:00:00,Karnataka,Red,8.12,51.93,63.87,116.1,29.44,36.08,Normal,0"
"2026-02-28 05:00:00,Tamil Nadu,Black,7.95,126.84,28.56,61.36,13.14,37.2,Critical_Dry,1"
"2026-02-28 06:00:00,Uttar Pradesh,Laterite,7.2,137.51,72.41,43.12,25.01,40.84,Normal,0"
"2026-02-28 07:00:00,Punjab,Laterite,5.36,79.31,15.0,21.3,34.83,31.19,Normal,0"
"2026-02-28 08:00:00,Punjab,Laterite,7.05,132.43,68.48,91.98,43.21,30.84,Normal,0"
"2026-02-28 09:00:00,Gujarat,Laterite,6.52,20.14,16.41,79.81,21.46,40.09,Moderate_Dry,0"
"2026-02-28 10:00:00,Gujarat,Red,7.37,127.31,13.93,117.12,37.03,37.23,Normal,0"
"2026-02-28 11:00:00,Punjab,Alluvial,7.83,57.33,35.43,89.78,33.28,36.33,Normal,0"
"2026-02-28 12:00:00,Gujarat,Red,7.47,57.38,76.96,112.98,10.9,36.94,Critical_Dry,1"
"2026-02-28 13:00:00,Karnataka,Laterite,7.89,47.37,78.84,119.12,28.65,29.84,Normal,0"
"2026-02-28 14:00:00,Tamil Nadu,Red,4.76,58.04,24.14,59.99,14.79,18.99,Critical_Dry,1"
"2026-02-28 15:00:00,Punjab,Laterite,4.63,45.62,20.4,30.78,33.29,22.76,Normal,0"
"2026-02-28 16:00:00,Gujarat,Arid,5.53,128.7,34.71,35.56,30.57,33.43,Normal,0"
"2026-02-28 17:00:00,Punjab,Alluvial,8.1,127.88,33.6,48.43,44.0,27.51,Normal,0"
"2026-02-28 18:00:00,Uttar Pradesh,Arid,7.79,32.27,63.17,68.43,42.61,32.56,Normal,0"
"2026-02-28 19:00:00,Maharashtra,Black,7.23,37.14,41.08,27.85,8.35,31.24,Critical_Dry,1"
"2026-02-28 20:00:00,Tamil Nadu,Red,7.3,123.44,64.59,46.68,10.96,28.53,Critical_Dry,1"
"2026-02-28 21:00:00,Punjab,Black,7.41,67.87,62.41,47.32,36.46,23.63,Normal,0"
"2026-02-28 22:00:00,Maharashtra,Red,8.27,40.31,50.48,15.43,33.37,35.26,Normal,0"
"2026-02-28 23:00:00,Gujarat,Arid,7.83,81.28,68.35,52.19,37.63,39.82,Normal,0"
"2026-03-01 00:00:00,Maharashtra,Laterite,6.99,70.0,23.7,27.2,17.87,36.48,Moderate_Dry,0"
"2026-03-01 01:00:00,Tamil Nadu,Laterite,7.16,46.3,21.33,60.12,39.42,20.88,Normal,0"
"2026-03-01 02:00:00,Punjab,Red,5.35,106.49,62.55,35.64,24.37,30.91,Normal,0"
"2026-03-01 03:00:00,Uttar Pradesh,Laterite,7.13,95.75,27.14,101.32,17.69,38.05,Moderate_Dry,0"
"2026-03-01 04:00:00,Gujarat,Arid,6.2,31.96,10.2,23.46,8.39,32.18,Critical_Dry,1"
"2026-03-01 05:00:00,Punjab,Laterite,5.11,131.05,73.84,105.89,40.24,28.55,Normal,0"
"2026-03-01 06:00:00,Tamil Nadu,Arid,7.73,87.02,53.61,75.96,27.81,24.83,Normal,0"
"2026-03-01 07:00:00,Gujarat,Black,6.54,50.02,41.15,63.16,44.09,25.93,Normal,0"
"2026-03-01 08:00:00,Karnataka,Arid,8.41,44.76,60.8,72.72,34.44,23.81,Normal,0"
"2026-03-01 09:00:00,Maharashtra,Alluvial,5.63,36.31,33.33,54.49,10.98,22.7,Critical_Dry,1"
"2026-03-01 10:00:00,Tamil Nadu,Alluvial,6.42,70.96,76.76,28.4,29.76,32.13,Normal,0"
"2026-03-01 11:00:00,Karnataka,Alluvial,6.29,36.26,14.8,95.42,8.63,30.23,Critical_Dry,1"
"2026-03-01 12:00:00,Punjab,Red,4.98,69.9,54.87,112.43,28.64,35.64,Normal,0"
"2026-03-01 13:00:00,Uttar Pradesh,Red,6.2,37.85,64.41,114.76,20.96,25.39,Moderate_Dry,0"
"2026-03-01 14:00:00,Gujarat,Red,5.65,98.82,42.84,85.42,31.8,29.06,Normal,0"
"2026-03-01 15:00:00,Maharashtra,Arid,5.14,114.23,62.85,58.09,28.04,34.33,Normal,0"
"2026-03-01 16:00:00,Gujarat,Red,5.63,85.94,74.88,65.23,17.67,41.12,Moderate_Dry,0"
"2026-03-01 17:00:00,Punjab,Black,5.43,101.61,62.08,83.98,14.01,26.37,Critical_Dry,1"
"2026-03-01 18:00:00,Gujarat,Alluvial,7.44,132.61,31.66,101.42,22.97,25.16,Moderate_Dry,0"
"2026-03-01 19:00:00,Maharashtra,Arid,4.62,96.6,49.33,54.33,44.51,28.78,Normal,0"
"2026-03-01 20:00:00,Punjab,Alluvial,6.97,63.7,73.81,111.26,24.12,35.37,Normal,0"
"2026-03-01 21:00:00,Gujarat,Red,7.54,73.94,41.44,49.05,35.71,41.08,Normal,0"
"2026-03-01 22:00:00,Uttar Pradesh,Arid,6.42,123.26,57.72,70.74,10.11,30.88,Critical_Dry,1"
"2026-03-01 23:00:00,Tamil Nadu,Laterite,8.23,35.69,42.59,115.94,22.02,37.5,Moderate_Dry,0"
"2026-03-02 00:00:00,Punjab,Black,7.33,59.09,18.49,113.51,29.47,29.15,Normal,0"
"2026-03-02 01:00:00,Tamil Nadu,Red,7.49,89.27,14.1,88.05,35.79,18.96,Normal,0"
"2026-03-02 02:00:00,Punjab,Red,5.29,101.17,76.66,49.08,27.55,39.46,Normal,0"
"2026-03-02 03:00:00,Uttar Pradesh,Black,7.61,111.62,52.88,38.0,27.07,24.96,Normal,0"
"2026-03-02 04:00:00,Tamil Nadu,Black,7.83,58.18,17.27,23.42,36.26,21.33,Normal,0"
"2026-03-02 05:00:00,Karnataka,Laterite,5.95,37.5,70.02,89.41,19.59,41.91,Moderate_Dry,0"
"2026-03-02 06:00:00,Maharashtra,Red,5.35,134.58,46.59,67.86,11.35,26.34,Critical_Dry,1"
"2026-03-02 07:00:00,Karnataka,Red,6.04,29.17,64.04,75.09,20.84,21.28,Moderate_Dry,0"
"2026-03-02 08:00:00,Gujarat,Alluvial,7.46,31.5,18.87,64.6,13.88,25.48,Critical_Dry,1"
"2026-03-02 09:00:00,Uttar Pradesh,Arid,6.17,79.39,73.48,65.71,43.74,30.33,Normal,0"
"2026-03-02 10:00:00,Karnataka,Arid,7.45,118.31,51.34,74.98,29.37,20.11,Normal,0"
"2026-03-02 11:00:00,Punjab,Alluvial,4.95,112.94,61.68,111.0,24.52,26.46,Normal,0"
"2026-03-02 12:00:00,Gujarat,Arid,7.72,132.52,12.2,18.08,41.75,34.05,Normal,0"
"2026-03-02 13:00:00,Gujarat,Black,5.51,36.99,32.07,99.17,41.31,39.98,Normal,0"
"2026-03-02 14:00:00,Karnataka,Arid,5.5,65.09,28.72,56.0,23.38,27.54,Normal,0"
"2026-03-02 15:00:00,Karnataka,Arid,6.86,53.86,76.47,93.22,40.36,31.55,Normal,0"
"2026-03-02 16:00:00,Uttar Pradesh,Alluvial,4.78,123.3,22.97,114.6,10.37,33.27,Critical_Dry,1"
"2026-03-02 17:00:00,Maharashtra,Laterite,4.61,78.6,59.49,47.16,40.77,19.7,Normal,0"
"2026-03-02 18:00:00,Karnataka,Arid,5.54,23.22,12.99,24.4,19.49,26.21,Moderate_Dry,0"
"2026-03-02 19:00:00,Karnataka,Arid,6.65,104.96,23.84,39.39,28.91,34.42,Normal,0"
"2026-03-02 20:00:00,Tamil Nadu,Laterite,8.13,66.64,33.7,38.32,17.98,35.66,Moderate_Dry,0"
"2026-03-02 21:00:00,Punjab,Alluvial,7.89,83.74,65.62,92.89,44.44,26.54,Normal,0"
"2026-03-02 22:00:00,Tamil Nadu,Laterite,6.46,127.25,65.3,21.5,10.66,18.16,Critical_Dry,1"
"2026-03-02 23:00:00,Tamil Nadu,Alluvial,4.65,50.81,76.68,20.35,24.54,18.16,Normal,0"
"2026-03-03 00:00:00,Gujarat,Black,6.64,48.83,74.17,87.83,30.98,30.91,Normal,0"
"2026-03-03 01:00:00,Maharashtra,Alluvial,7.32,51.58,15.71,73.46,30.78,31.24,Normal,0"
"2026-03-03 02:00:00,Punjab,Black,5.86,60.57,68.09,58.87,35.33,31.34,Normal,0"
"2026-03-03 03:00:00,Uttar Pradesh,Black,4.94,32.88,41.58,75.41,34.8,35.32,Normal,0"
"2026-03-03 04:00:00,Uttar Pradesh,Alluvial,5.61,103.67,70.61,92.2,37.35,40.11,Normal,0"
"2026-03-03 05:00:00,Karnataka,Red,7.59,44.89,16.25,25.86,16.67,41.76,Moderate_Dry,0"
"2026-03-03 06:00:00,Karnataka,Alluvial,5.9,131.14,67.59,73.1,21.71,34.83,Moderate_Dry,0"
"2026-03-03 07:00:00,Uttar Pradesh,Arid,7.75,45.88,21.17,101.56,22.14,30.34,Moderate_Dry,0"
"2026-03-03 08:00:00,Karnataka,Arid,5.78,50.68,33.37,53.06,43.37,21.38,Normal,0"
"2026-03-03 09:00:00,Maharashtra,Red,5.15,55.64,12.02,95.12,23.14,27.22,Normal,0"
"2026-03-03 10:00:00,Tamil Nadu,Black,6.24,112.22,18.66,103.77,16.21,31.74,Moderate_Dry,0"
"2026-03-03 11:00:00,Karnataka,Red,6.31,71.31,41.2,101.2,31.4,42.0,Normal,0"
"2026-03-03 12:00:00,Gujarat,Arid,4.56,118.32,67.28,83.29,23.81,21.05,Normal,0"
"2026-03-03 13:00:00,Karnataka,Red,4.97,114.18,64.16,90.32,17.25,37.03,Moderate_Dry,0"
"2026-03-03 14:00:00,Punjab,Alluvial,5.24,131.54,26.47,97.71,34.46,41.97,Normal,0"
"2026-03-03 15:00:00,Maharashtra,Red,4.95,110.79,20.62,92.04,15.1,37.33,Moderate_Dry,0"
"2026-03-03 16:00:00,Punjab,Black,5.87,26.23,37.25,62.43,31.43,36.41,Normal,0"
"2026-03-03 17:00:00,Punjab,Alluvial,8.36,120.47,71.83,31.71,23.93,24.21,Normal,0"
"2026-03-03 18:00:00,Gujarat,Laterite,6.54,132.57,16.4,47.52,19.81,18.08,Moderate_Dry,0"
"2026-03-03 19:00:00,Maharashtra,Arid,7.01,139.24,48.0,36.76,43.0,23.42,Normal,0"
"2026-03-03 20:00:00,Maharashtra,Arid,5.93,35.03,16.22,52.95,20.0,36.96,Moderate_Dry,0"
"2026-03-03 21:00:00,Maharashtra,Red,5.79,93.59,42.91,66.38,20.86,20.57,Moderate_Dry,0"
"2026-03-03 22:00:00,Maharashtra,Alluvial,4.59,43.94,18.88,115.7,40.21,25.11,Normal,0"
"2026-03-03 23:00:00,Maharashtra,Laterite,6.5,51.5,15.62,115.74,12.77,31.5,Critical_Dry,1"
"2026-03-04 00:00:00,Gujarat,Alluvial,6.43,109.47,23.36,95.81,12.0,31.92,Critical_Dry,1"
"2026-03-04 01:00:00,Karnataka,Arid,5.13,137.32,27.87,117.91,18.46,31.03,Moderate_Dry,0"
"2026-03-04 02:00:00,Punjab,Alluvial,7.56,91.38,29.34,119.79,29.89,41.54,Normal,0"
"2026-03-04 03:00:00,Maharashtra,Laterite,6.47,122.07,55.17,107.95,22.22,18.29,Moderate_Dry,0"
"2026-03-04 04:00:00,Karnataka,Red,5.86,21.07,13.85,23.35,30.52,29.7,Normal,0"
"2026-03-04 05:00:00,Karnataka,Black,5.09,24.4,15.66,59.73,13.91,30.11,Critical_Dry,1"
"2026-03-04 06:00:00,Punjab,Alluvial,6.71,91.61,23.21,71.08,17.67,25.04,Moderate_Dry,0"
"2026-03-04 07:00:00,Gujarat,Black,7.51,66.68,71.04,28.03,28.91,30.6,Normal,0"
"2026-03-04 08:00:00,Uttar Pradesh,Arid,5.63,126.77,54.0,99.91,16.03,34.16,Moderate_Dry,0"
"2026-03-04 09:00:00,Uttar Pradesh,Red,5.38,56.24,61.13,30.61,23.64,34.15,Normal,0"
"2026-03-04 10:00:00,Karnataka,Red,6.59,71.85,35.93,55.25,29.19,20.11,Normal,0"
"2026-03-04 11:00:00,Tamil Nadu,Alluvial,5.12,83.35,24.93,22.24,44.03,37.26,Normal,0"
"2026-03-04 12:00:00,Tamil Nadu,Red,7.17,52.76,12.66,70.08,10.96,40.34,Critical_Dry,1"
"2026-03-04 13:00:00,Punjab,Alluvial,6.92,129.02,44.2,77.69,25.04,20.97,Normal,0"
"2026-03-04 14:00:00,Uttar Pradesh,Alluvial,4.85,75.74,50.2,92.19,22.66,28.0,Moderate_Dry,0"
"2026-03-04 15:00:00,Karnataka,Black,4.65,70.9,72.79,50.64,38.5,30.28,Normal,0"
"2026-03-04 16:00:00,Gujarat,Red,6.98,121.97,71.75,77.01,41.31,21.24,Normal,0"
"2026-03-04 17:00:00,Uttar Pradesh,Alluvial,5.68,57.44,39.73,92.09,41.56,30.08,Normal,0"
"2026-03-04 18:00:00,Karnataka,Black,4.85,118.1,39.65,95.01,21.88,22.96,Moderate_Dry,0"
"2026-03-04 19:00:00,Karnataka,Laterite,7.54,34.67,21.28,46.67,19.27,40.45,Moderate_Dry,0"
"2026-03-04 20:00:00,Maharashtra,Black,5.76,41.93,28.02,22.11,24.62,28.76,Normal,0"
"2026-03-04 21:00:00,Gujarat,Black,6.34,134.1,74.8,18.95,20.73,41.88,Moderate_Dry,0"
"2026-03-04 22:00:00,Maharashtra,Alluvial,5.45,121.09,19.87,95.65,34.6,19.12,Normal,0"
"2026-03-04 23:00:00,Punjab,Arid,7.01,66.55,77.81,55.47,15.9,21.06,Moderate_Dry,0"
"2026-03-05 00:00:00,Maharashtra,Arid,5.71,96.61,45.33,29.06,32.37,28.64,Normal,0"
"2026-03-05 01:00:00,Maharashtra,Arid,8.37,133.16,41.96,34.37,42.3,38.98,Normal,0"
"2026-03-05 02:00:00,Uttar Pradesh,Black,7.31,45.42,22.22,95.45,18.36,31.33,Moderate_Dry,0"
"2026-03-05 03:00:00,Tamil Nadu,Alluvial,5.05,27.08,56.31,77.88,33.04,35.58,Normal,0"
"2026-03-05 04:00:00,Karnataka,Red,6.17,84.5,42.19,67.65,13.31,28.17,Critical_Dry,1"
"2026-03-05 05:00:00,Gujarat,Black,6.04,37.11,35.95,80.42,12.49,18.97,Critical_Dry,1"
"2026-03-05 06:00:00,Maharashtra,Black,6.64,42.48,28.52,29.44,12.28,33.55,Critical_Dry,1"
"2026-03-05 07:00:00,Gujarat,Alluvial,7.87,126.98,14.65,48.5,13.13,33.22,Critical_Dry,1"
"2026-03-05 08:00:00,Tamil Nadu,Laterite,6.83,20.89,46.35,54.28,16.0,19.71,Moderate_Dry,0"
"2026-03-05 09:00:00,Tamil Nadu,Black,4.75,118.02,31.9,48.02,28.82,22.1,Normal,0"
"2026-03-05 10:00:00,Maharashtra,Laterite,7.12,82.03,59.55,105.76,36.38,29.43,Normal,0"
"2026-03-05 11:00:00,Punjab,Laterite,4.53,87.12,60.65,76.05,12.69,28.72,Critical_Dry,1"
"2026-03-05 12:00:00,Maharashtra,Arid,7.62,100.61,33.25,91.58,40.19,36.06,Normal,0"
"2026-03-05 13:00:00,Uttar Pradesh,Alluvial,7.17,71.77,56.84,39.85,39.18,27.3,Normal,0"
"2026-03-05 14:00:00,Karnataka,Laterite,5.74,33.87,28.11,42.73,34.91,33.92,Normal,0"
"2026-03-05 15:00:00,Punjab,Alluvial,5.67,32.34,60.9,38.66,23.76,34.91,Normal,0"
"2026-03-05 16:00:00,Maharashtra,Arid,7.69,110.52,11.13,87.24,8.06,33.48,Critical_Dry,1"
"2026-03-05 17:00:00,Gujarat,Alluvial,7.63,46.52,20.61,51.65,35.19,32.31,Normal,0"
"2026-03-05 18:00:00,Punjab,Black,5.91,23.37,27.15,57.53,40.52,37.34,Normal,0"
"2026-03-05 19:00:00,Punjab,Laterite,5.7,137.55,64.11,89.46,20.41,33.77,Moderate_Dry,0"
"2026-03-05 20:00:00,Maharashtra,Alluvial,6.74,137.65,14.65,117.04,34.57,38.02,Normal,0"
"2026-03-05 21:00:00,Punjab,Red,4.53,65.38,23.16,32.0,10.3,33.28,Critical_Dry,1"
"2026-03-05 22:00:00,Gujarat,Alluvial,4.83,23.06,35.1,21.58,34.25,21.82,Normal,0"
"2026-03-05 23:00:00,Tamil Nadu,Laterite,5.0,107.27,10.64,35.46,10.53,25.43,Critical_Dry,1"
"2026-03-06 00:00:00,Punjab,Arid,5.24,119.72,63.35,92.17,29.73,25.93,Normal,0"
"2026-03-06 01:00:00,Tamil Nadu,Arid,6.55,35.0,49.21,35.44,30.11,20.25,Normal,0"
"2026-03-06 02:00:00,Gujarat,Laterite,8.47,36.26,73.05,76.36,19.18,34.62,Moderate_Dry,0"
"2026-03-06 03:00:00,Maharashtra,Black,7.11,118.67,12.17,76.98,10.93,32.28,Critical_Dry,1"
"2026-03-06 04:00:00,Karnataka,Black,4.75,130.63,29.0,45.91,43.13,32.15,Normal,0"
"2026-03-06 05:00:00,Punjab,Arid,6.6,114.89,61.19,22.22,27.82,29.48,Normal,0"
"2026-03-06 06:00:00,Karnataka,Arid,6.49,44.09,57.26,56.92,29.45,31.03,Normal,0"
"2026-03-06 07:00:00,Gujarat,Laterite,5.08,69.38,27.01,34.61,30.76,18.19,Normal,0"
"2026-03-06 08:00:00,Punjab,Black,8.18,92.1,51.7,34.37,40.97,20.31,Normal,0"
"2026-03-06 09:00:00,Tamil Nadu,Arid,6.26,39.24,65.56,69.87,10.23,34.4,Critical_Dry,1"
"2026-03-06 10:00:00,Uttar Pradesh,Black,8.48,45.27,12.34,85.68,41.05,24.28,Normal,0"
"2026-03-06 11:00:00,Karnataka,Arid,6.18,53.95,60.23,22.92,16.87,20.59,Moderate_Dry,0"
"2026-03-06 12:00:00,Punjab,Alluvial,6.93,81.14,27.65,75.72,10.88,25.89,Critical_Dry,1"
"2026-03-06 13:00:00,Karnataka,Red,4.92,81.3,76.35,40.85,32.32,24.11,Normal,0"
"2026-03-06 14:00:00,Punjab,Alluvial,6.32,117.72,47.68,85.7,44.15,18.7,Normal,0"
"2026-03-06 15:00:00,Maharashtra,Arid,5.46,110.36,12.34,100.07,10.12,27.85,Critical_Dry,1"
"2026-03-06 16:00:00,Tamil Nadu,Red,7.84,129.65,38.24,99.74,23.77,18.65,Normal,0"
"2026-03-06 17:00:00,Karnataka,Red,7.64,119.95,77.64,53.84,27.6,18.01,Normal,0"
"2026-03-06 18:00:00,Uttar Pradesh,Arid,7.8,50.47,61.13,74.56,17.33,37.02,Moderate_Dry,0"
"2026-03-06 19:00:00,Uttar Pradesh,Arid,7.39,59.76,31.03,98.34,44.37,25.56,Normal,0"
"2026-03-06 20:00:00,Gujarat,Black,7.83,80.05,50.27,21.39,31.72,31.62,Normal,0"
"2026-03-06 21:00:00,Punjab,Arid,5.3,21.71,51.94,78.59,39.24,25.15,Normal,0"
"2026-03-06 22:00:00,Karnataka,Laterite,6.31,128.47,11.63,102.83,23.38,40.32,Normal,0"
"2026-03-06 23:00:00,Gujarat,Arid,7.27,25.32,22.52,54.1,21.1,35.5,Moderate_Dry,0"
"2026-03-07 00:00:00,Karnataka,Laterite,7.05,58.69,48.62,62.82,28.47,26.86,Normal,0"
"2026-03-07 01:00:00,Punjab,Arid,7.37,88.3,38.19,88.37,24.11,23.06,Normal,0"
"2026-03-07 02:00:00,Uttar Pradesh,Black,5.4,82.14,23.3,22.13,34.45,21.31,Normal,0"
"2026-03-07 03:00:00,Maharashtra,Laterite,4.89,98.54,64.09,55.49,17.84,36.3,Moderate_Dry,0"
"2026-03-07 04:00:00,Uttar Pradesh,Alluvial,8.17,83.3,44.23,46.05,24.63,28.87,Normal,0"
"2026-03-07 05:00:00,Gujarat,Laterite,6.74,47.48,31.7,16.78,41.12,23.57,Normal,0"
"2026-03-07 06:00:00,Tamil Nadu,Black,5.12,44.13,21.32,35.58,35.98,40.07,Normal,0"
"2026-03-07 07:00:00,Maharashtra,Laterite,7.67,128.87,52.78,56.57,14.22,27.36,Critical_Dry,1"
"2026-03-07 08:00:00,Gujarat,Arid,8.16,51.68,56.64,35.73,40.81,31.04,Normal,0"
"2026-03-07 09:00:00,Punjab,Arid,5.18,53.72,56.87,78.25,29.79,38.59,Normal,0"
"2026-03-07 10:00:00,Maharashtra,Black,7.77,69.55,25.42,62.11,33.13,38.0,Normal,0"
"2026-03-07 11:00:00,Gujarat,Red,8.23,36.73,51.67,19.15,18.89,33.31,Moderate_Dry,0"
"2026-03-07 12:00:00,Punjab,Arid,8.25,80.87,73.38,43.88,24.34,39.33,Normal,0"
"2026-03-07 13:00:00,Uttar Pradesh,Alluvial,8.16,99.8,34.72,17.05,37.85,40.85,Normal,0"
"2026-03-07 14:00:00,Tamil Nadu,Black,6.69,114.32,24.75,52.6,20.24,40.44,Moderate_Dry,0"
"2026-03-07 15:00:00,Punjab,Laterite,5.92,105.37,64.05,42.21,14.11,26.38,Critical_Dry,1"
"2026-03-07 16:00:00,Karnataka,Laterite,4.53,37.72,22.38,87.26,22.0,27.53,Moderate_Dry,0"
"2026-03-07 17:00:00,Punjab,Alluvial,4.74,74.73,27.76,47.28,10.56,23.77,Critical_Dry,1"
"2026-03-07 18:00:00,Punjab,Arid,6.22,24.63,17.05,54.39,34.56,38.08,Normal,0"
"2026-03-07 19:00:00,Tamil Nadu,Black,6.1,22.14,28.75,91.16,13.47,20.92,Critical_Dry,1"
"2026-03-07 20:00:00,Karnataka,Alluvial,5.24,72.82,38.72,65.5,18.55,26.52,Moderate_Dry,0"
"2026-03-07 21:00:00,Gujarat,Arid,6.08,50.36,14.49,73.43,40.6,18.23,Normal,0"
"2026-03-07 22:00:00,Gujarat,Black,5.2,102.0,71.02,103.34,28.0,32.27,Normal,0"
"2026-03-07 23:00:00,Punjab,Laterite,7.9,106.91,45.96,36.72,19.89,33.8,Moderate_Dry,0"
"2026-03-08 00:00:00,Karnataka,Black,5.69,127.45,51.17,118.86,28.26,23.98,Normal,0"
"2026-03-08 01:00:00,Karnataka,Red,6.89,111.28,35.99,109.51,16.08,35.68,Moderate_Dry,0"
"2026-03-08 02:00:00,Tamil Nadu,Black,6.51,25.79,56.89,45.09,8.93,27.16,Critical_Dry,1"
"2026-03-08 03:00:00,Uttar Pradesh,Red,4.71,64.59,40.22,108.76,30.34,25.48,Normal,0"
"2026-03-08 04:00:00,Gujarat,Black,8.27,52.76,63.29,94.17,34.42,40.95,Normal,0"
"2026-03-08 05:00:00,Tamil Nadu,Red,6.61,66.34,67.5,112.73,40.55,32.13,Normal,0"
"2026-03-08 06:00:00,Maharashtra,Laterite,5.8,39.21,57.03,87.57,36.56,24.06,Normal,0"
"2026-03-08 07:00:00,Gujarat,Arid,5.13,31.72,44.39,85.82,42.29,41.6,Normal,0"
"2026-03-08 08:00:00,Tamil Nadu,Red,5.85,82.52,64.76,15.36,44.48,27.3,Normal,0"
"2026-03-08 09:00:00,Gujarat,Red,4.58,106.45,44.6,64.83,35.56,33.55,Normal,0"
"2026-03-08 10:00:00,Uttar Pradesh,Laterite,5.95,104.23,17.81,36.03,40.11,35.37,Normal,0"
"2026-03-08 11:00:00,Maharashtra,Red,6.63,74.11,18.14,49.03,32.93,28.14,Normal,0"
"2026-03-08 12:00:00,Uttar Pradesh,Alluvial,7.99,82.67,76.4,117.78,14.32,30.86,Critical_Dry,1"
"2026-03-08 13:00:00,Maharashtra,Laterite,7.25,81.96,24.95,23.98,14.72,23.75,Critical_Dry,1"
"2026-03-08 14:00:00,Punjab,Alluvial,4.95,102.99,67.11,90.86,12.08,29.18,Critical_Dry,1"
"2026-03-08 15:00:00,Tamil Nadu,Laterite,5.09,25.75,27.27,33.16,42.89,25.46,Normal,0"
"2026-03-08 16:00:00,Maharashtra,Red,6.21,105.19,40.15,15.78,32.89,31.14,Normal,0"
"2026-03-08 17:00:00,Uttar Pradesh,Alluvial,5.28,89.86,55.85,67.65,37.23,34.08,Normal,0"
"2026-03-08 18:00:00,Gujarat,Red,4.61,43.77,21.12,31.93,20.25,32.74,Moderate_Dry,0"
"2026-03-08 19:00:00,Maharashtra,Laterite,7.72,25.89,61.61,116.37,25.04,36.64,Normal,0"
"2026-03-08 20:00:00,Tamil Nadu,Red,4.58,33.02,58.29,36.39,9.47,19.0,Critical_Dry,1"
"2026-03-08 21:00:00,Maharashtra,Alluvial,7.82,82.96,48.02,35.16,40.89,19.89,Normal,0"
"2026-03-08 22:00:00,Karnataka,Alluvial,5.08,111.01,49.61,18.38,39.56,22.93,Normal,0"
"2026-03-08 23:00:00,Gujarat,Red,8.4,60.16,17.4,49.63,37.04,41.66,Normal,0"
"2026-03-09 00:00:00,Tamil Nadu,Black,6.92,65.49,40.52,17.53,10.16,37.21,Critical_Dry,1"
"2026-03-09 01:00:00,Tamil Nadu,Laterite,7.44,132.1,16.06,67.38,14.45,40.18,Critical_Dry,1"
"2026-03-09 02:00:00,Punjab,Laterite,4.94,45.56,31.55,68.09,20.36,24.53,Moderate_Dry,0"
"2026-03-09 03:00:00,Uttar Pradesh,Red,7.95,32.45,73.02,20.59,17.73,31.77,Moderate_Dry,0"
"2026-03-09 04:00:00,Punjab,Black,7.86,61.21,50.22,40.21,39.02,31.32,Normal,0"
"2026-03-09 05:00:00,Tamil Nadu,Alluvial,7.11,109.51,61.99,102.37,15.21,31.67,Moderate_Dry,0"
"2026-03-09 06:00:00,Gujarat,Arid,6.51,95.13,50.17,63.57,27.69,35.22,Normal,0"
"2026-03-09 07:00:00,Maharashtra,Arid,7.39,69.9,23.6,60.63,29.14,27.46,Normal,0"
"2026-03-09 08:00:00,Maharashtra,Red,4.52,135.77,51.64,88.37,23.73,34.25,Normal,0"
"2026-03-09 09:00:00,Gujarat,Black,6.87,108.2,62.88,90.06,16.91,36.92,Moderate_Dry,0"
"2026-03-09 10:00:00,Tamil Nadu,Black,7.89,27.42,19.69,95.01,43.53,24.94,Normal,0"
"2026-03-09 11:00:00,Maharashtra,Laterite,5.93,109.36,67.18,102.2,23.3,40.7,Normal,0"
"2026-03-09 12:00:00,Maharashtra,Alluvial,4.93,22.88,48.88,39.39,34.91,30.43,Normal,0"
"2026-03-09 13:00:00,Maharashtra,Black,6.18,98.04,10.3,21.97,14.81,35.59,Critical_Dry,1"
"2026-03-09 14:00:00,Uttar Pradesh,Arid,7.41,45.26,46.38,54.93,38.44,35.49,Normal,0"
"2026-03-09 15:00:00,Uttar Pradesh,Alluvial,4.93,103.57,37.7,104.79,15.99,31.57,Moderate_Dry,0"
"2026-03-09 16:00:00,Karnataka,Alluvial,5.32,57.17,30.75,23.19,32.99,25.74,Normal,0"
"2026-03-09 17:00:00,Punjab,Red,5.09,124.76,63.99,75.48,26.74,34.01,Normal,0"
"2026-03-09 18:00:00,Gujarat,Black,7.69,60.43,72.96,88.61,13.42,20.09,Critical_Dry,1"
"2026-03-09 19:00:00,Gujarat,Red,4.75,94.36,63.39,65.55,8.92,41.55,Critical_Dry,1"
"2026-03-09 20:00:00,Gujarat,Black,7.25,54.31,69.27,41.79,42.44,22.42,Normal,0"
"2026-03-09 21:00:00,Karnataka,Laterite,5.97,130.07,73.61,49.26,12.65,24.61,Critical_Dry,1"
"2026-03-09 22:00:00,Uttar Pradesh,Red,7.52,113.72,73.88,22.52,34.08,40.91,Normal,0"
"2026-03-09 23:00:00,Tamil Nadu,Red,8.36,49.2,18.02,45.72,32.15,22.48,Normal,0"
"2026-03-10 00:00:00,Tamil Nadu,Arid,4.96,133.86,41.95,19.66,20.64,22.08,Moderate_Dry,0"
"2026-03-10 01:00:00,Karnataka,Red,5.76,62.86,10.02,91.26,14.86,37.31,Critical_Dry,1"
"2026-03-10 02:00:00,Tamil Nadu,Black,7.74,98.22,45.45,109.29,14.6,24.03,Critical_Dry,1"
"2026-03-10 03:00:00,Gujarat,Arid,5.56,109.14,74.7,81.52,29.66,20.27,Normal,0"
"2026-03-10 04:00:00,Punjab,Red,5.36,22.75,23.94,83.95,28.24,23.44,Normal,0"
"2026-03-10 05:00:00,Maharashtra,Red,7.8,135.08,54.79,64.57,40.41,39.32,Normal,0"
"2026-03-10 06:00:00,Uttar Pradesh,Laterite,8.45,61.33,55.11,31.38,31.68,24.73,Normal,0"
"2026-03-10 07:00:00,Uttar Pradesh,Red,6.73,42.77,21.22,15.81,38.31,34.68,Normal,0"
"2026-03-10 08:00:00,Karnataka,Alluvial,5.61,122.08,26.7,51.12,9.2,27.48,Critical_Dry,1"
"2026-03-10 09:00:00,Uttar Pradesh,Arid,6.09,104.35,42.34,93.91,32.83,24.29,Normal,0"
"2026-03-10 10:00:00,Gujarat,Alluvial,5.18,30.41,23.17,115.85,16.65,21.46,Moderate_Dry,0"
"2026-03-10 11:00:00,Tamil Nadu,Arid,7.55,34.05,50.95,60.26,17.36,41.33,Moderate_Dry,0"
"2026-03-10 12:00:00,Gujarat,Laterite,7.59,105.82,43.92,53.37,34.66,30.51,Normal,0"
"2026-03-10 13:00:00,Karnataka,Red,8.0,28.97,46.34,61.83,37.36,20.75,Normal,0"
"2026-03-10 14:00:00,Gujarat,Red,4.61,130.06,19.41,59.92,21.75,22.77,Moderate_Dry,0"
"2026-03-10 15:00:00,Tamil Nadu,Red,6.75,108.98,46.21,80.72,37.23,27.78,Normal,0"
"2026-03-10 16:00:00,Punjab,Arid,5.36,60.26,13.46,92.09,24.42,31.06,Normal,0"
"2026-03-10 17:00:00,Karnataka,Red,5.86,63.55,71.71,97.42,39.73,22.36,Normal,0"
"2026-03-10 18:00:00,Punjab,Alluvial,7.64,80.78,34.03,83.21,8.92,24.67,Critical_Dry,1"
"2026-03-10 19:00:00,Maharashtra,Red,5.27,63.32,69.94,60.96,11.09,36.81,Critical_Dry,1"
"2026-03-10 20:00:00,Punjab,Laterite,7.05,114.02,59.12,114.76,36.73,28.02,Normal,0"
"2026-03-10 21:00:00,Maharashtra,Alluvial,7.12,136.97,63.63,89.66,31.09,18.03,Normal,0"
"2026-03-10 22:00:00,Maharashtra,Red,8.32,90.14,32.02,59.8,28.68,19.29,Normal,0"
"2026-03-10 23:00:00,Punjab,Red,7.6,73.52,25.94,61.89,30.72,28.54,Normal,0"
"2026-03-11 00:00:00,Karnataka,Black,7.71,46.73,38.47,100.89,42.42,19.44,Normal,0"
"2026-03-11 01:00:00,Tamil Nadu,Arid,6.63,98.41,11.7,61.26,32.25,22.17,Normal,0"
"2026-03-11 02:00:00,Gujarat,Alluvial,5.25,102.27,74.31,69.21,31.96,35.47,Normal,0"
"2026-03-11 03:00:00,Gujarat,Black,6.2,102.22,37.09,45.61,36.1,29.53,Normal,0"
"2026-03-11 04:00:00,Tamil Nadu,Laterite,6.7,23.24,79.2,103.09,40.06,29.58,Normal,0"
"2026-03-11 05:00:00,Maharashtra,Arid,7.21,127.89,63.3,69.84,17.69,32.36,Moderate_Dry,0"
"2026-03-11 06:00:00,Maharashtra,Alluvial,6.93,60.57,15.64,73.02,30.82,36.92,Normal,0"
"2026-03-11 07:00:00,Karnataka,Red,6.08,109.3,56.21,107.47,29.61,21.81,Normal,0"
"2026-03-11 08:00:00,Uttar Pradesh,Alluvial,5.56,111.18,28.96,111.65,12.99,22.15,Critical_Dry,1"
"2026-03-11 09:00:00,Punjab,Red,5.17,98.07,27.06,101.54,27.25,20.91,Normal,0"
"2026-03-11 10:00:00,Maharashtra,Arid,7.28,67.38,27.96,21.86,10.57,40.48,Critical_Dry,1"
"2026-03-11 11:00:00,Gujarat,Red,7.08,93.01,74.13,61.57,14.84,31.85,Critical_Dry,1"
"2026-03-11 12:00:00,Karnataka,Laterite,7.25,24.82,45.0,51.05,41.78,20.22,Normal,0"
"2026-03-11 13:00:00,Punjab,Red,5.99,111.43,56.86,37.42,12.41,23.3,Critical_Dry,1"
"2026-03-11 14:00:00,Karnataka,Laterite,5.55,31.95,29.67,110.44,29.42,35.41,Normal,0"
"2026-03-11 15:00:00,Punjab,Arid,7.54,67.61,46.61,108.46,19.97,18.7,Moderate_Dry,0"
"2026-03-11 16:00:00,Punjab,Arid,7.59,32.43,34.51,63.86,28.55,35.42,Normal,0"
"2026-03-11 17:00:00,Tamil Nadu,Alluvial,6.32,120.45,32.48,29.13,16.69,39.88,Moderate_Dry,0"
"2026-03-11 18:00:00,Maharashtra,Laterite,6.95,86.04,27.29,16.4,24.44,19.35,Normal,0"
"2026-03-11 19:00:00,Karnataka,Laterite,5.99,102.91,38.63,61.04,40.09,22.47,Normal,0"
"2026-03-11 20:00:00,Karnataka,Black,7.31,101.91,56.2,19.2,21.92,18.06,Moderate_Dry,0"
"2026-03-11 21:00:00,Tamil Nadu,Black,7.84,120.99,25.54,79.0,21.06,20.62,Moderate_Dry,0"
"2026-03-11 22:00:00,Gujarat,Black,7.25,35.91,77.58,78.88,24.51,32.81,Normal,0"
"2026-03-11 23:00:00,Gujarat,Red,6.55,99.17,18.72,109.39,11.72,19.08,Critical_Dry,1"
"2026-03-12 00:00:00,Maharashtra,Black,6.33,89.02,43.61,34.96,22.33,28.22,Moderate_Dry,0"
"2026-03-12 01:00:00,Maharashtra,Laterite,7.07,23.71,15.95,54.0,8.26,30.08,Critical_Dry,1"
"2026-03-12 02:00:00,Uttar Pradesh,Red,7.22,44.17,11.59,105.25,26.63,39.76,Normal,0"
"2026-03-12 03:00:00,Tamil Nadu,Arid,6.73,52.11,74.59,64.8,39.37,29.38,Normal,0"
"2026-03-12 04:00:00,Gujarat,Alluvial,7.0,28.71,66.73,21.27,28.43,21.42,Normal,0"
"2026-03-12 05:00:00,Punjab,Black,4.89,62.57,58.59,26.63,30.49,24.94,Normal,0"
"2026-03-12 06:00:00,Karnataka,Arid,8.31,23.26,70.56,100.41,9.13,34.13,Critical_Dry,1"
"2026-03-12 07:00:00,Maharashtra,Laterite,7.66,86.38,66.2,93.09,39.8,20.69,Normal,0"
"2026-03-12 08:00:00,Karnataka,Alluvial,6.0,45.38,55.31,106.97,22.25,23.56,Moderate_Dry,0"
"2026-03-12 09:00:00,Karnataka,Arid,6.75,54.44,69.31,27.48,44.07,41.9,Normal,0"
"2026-03-12 10:00:00,Uttar Pradesh,Alluvial,4.69,129.26,37.36,94.84,12.46,18.13,Critical_Dry,1"
"2026-03-12 11:00:00,Gujarat,Black,4.66,80.34,48.69,83.79,42.95,21.65,Normal,0"
"2026-03-12 12:00:00,Maharashtra,Laterite,5.5,52.28,64.34,39.39,31.47,38.25,Normal,0"
"2026-03-12 13:00:00,Karnataka,Alluvial,7.26,91.82,15.94,117.26,9.94,20.43,Critical_Dry,1"
"2026-03-12 14:00:00,Maharashtra,Arid,7.91,44.2,70.11,74.89,43.95,18.81,Normal,0"
"2026-03-12 15:00:00,Punjab,Black,6.74,28.93,20.98,110.22,8.51,20.91,Critical_Dry,1"
"2026-03-12 16:00:00,Uttar Pradesh,Black,6.63,22.51,70.52,105.2,35.04,34.65,Normal,0"
"2026-03-12 17:00:00,Punjab,Arid,6.11,134.18,31.79,49.98,40.91,41.83,Normal,0"
"2026-03-12 18:00:00,Maharashtra,Arid,5.15,106.95,32.87,71.28,14.51,32.18,Critical_Dry,1"
"2026-03-12 19:00:00,Maharashtra,Alluvial,4.97,115.99,15.18,60.29,20.7,20.98,Moderate_Dry,0"
"2026-03-12 20:00:00,Gujarat,Red,7.54,137.71,72.01,89.45,28.77,22.41,Normal,0"
"2026-03-12 21:00:00,Karnataka,Black,8.21,131.8,22.22,76.74,33.15,30.9,Normal,0"
"2026-03-12 22:00:00,Karnataka,Alluvial,6.33,108.43,54.1,97.41,40.26,35.18,Normal,0"
"2026-03-12 23:00:00,Punjab,Arid,7.14,103.28,55.08,16.23,36.16,33.91,Normal,0"
"2026-03-13 00:00:00,Uttar Pradesh,Alluvial,8.16,60.42,29.68,87.22,21.44,31.79,Moderate_Dry,0"
"2026-03-13 01:00:00,Tamil Nadu,Arid,4.86,32.48,79.0,48.5,38.4,41.67,Normal,0"
"2026-03-13 02:00:00,Karnataka,Laterite,7.58,88.85,14.49,38.54,43.74,22.75,Normal,0"
"2026-03-13 03:00:00,Gujarat,Arid,6.97,89.15,52.55,99.13,16.4,22.15,Moderate_Dry,0"
"2026-03-13 04:00:00,Punjab,Arid,6.89,134.27,43.57,24.37,10.74,38.62,Critical_Dry,1"
"2026-03-13 05:00:00,Punjab,Arid,5.67,73.11,27.18,38.99,23.78,24.98,Normal,0"
"2026-03-13 06:00:00,Tamil Nadu,Red,7.24,102.9,21.45,36.39,40.61,25.98,Normal,0"
"2026-03-13 07:00:00,Gujarat,Arid,7.68,89.0,61.6,59.08,13.56,31.17,Critical_Dry,1"
"2026-03-13 08:00:00,Uttar Pradesh,Black,4.95,41.21,74.14,48.85,40.77,27.15,Normal,0"
"2026-03-13 09:00:00,Gujarat,Black,6.63,91.05,17.53,90.65,44.71,24.9,Normal,0"
"2026-03-13 10:00:00,Uttar Pradesh,Alluvial,4.91,84.81,23.58,88.43,10.0,40.01,Critical_Dry,1"
"2026-03-13 11:00:00,Gujarat,Red,7.99,79.27,79.04,49.17,26.32,21.1,Normal,0"
"2026-03-13 12:00:00,Gujarat,Alluvial,6.53,81.61,11.05,60.88,20.17,27.7,Moderate_Dry,0"
"2026-03-13 13:00:00,Maharashtra,Black,7.73,39.68,45.58,36.83,22.57,18.07,Moderate_Dry,0"
"2026-03-13 14:00:00,Punjab,Black,5.97,75.62,46.13,85.44,24.71,37.38,Normal,0"
"2026-03-13 15:00:00,Gujarat,Laterite,5.0,92.68,28.42,56.6,35.37,22.04,Normal,0"
"2026-03-13 16:00:00,Tamil Nadu,Arid,4.67,78.73,56.41,28.95,29.88,36.55,Normal,0"
"2026-03-13 17:00:00,Gujarat,Black,5.63,78.64,76.15,28.36,43.56,21.57,Normal,0"
"2026-03-13 18:00:00,Karnataka,Alluvial,5.48,29.3,41.51,48.84,20.31,28.0,Moderate_Dry,0"
"2026-03-13 19:00:00,Punjab,Alluvial,6.74,42.89,62.46,93.47,28.04,35.48,Normal,0"
"2026-03-13 20:00:00,Karnataka,Arid,4.59,58.52,55.22,17.68,38.09,24.5,Normal,0"
"2026-03-13 21:00:00,Punjab,Arid,6.58,70.32,43.11,42.07,21.8,25.53,Moderate_Dry,0"
"2026-03-13 22:00:00,Karnataka,Laterite,6.07,91.27,13.49,32.06,25.22,34.02,Normal,0"
"2026-03-13 23:00:00,Gujarat,Red,6.81,123.6,61.92,115.43,33.34,22.5,Normal,0"
"2026-03-14 00:00:00,Gujarat,Alluvial,7.31,39.1,35.43,89.05,39.85,40.84,Normal,0"
"2026-03-14 01:00:00,Maharashtra,Arid,7.04,21.81,25.71,39.49,23.38,22.53,Normal,0"
"2026-03-14 02:00:00,Tamil Nadu,Alluvial,8.44,73.91,76.38,36.78,27.68,36.0,Normal,0"
"2026-03-14 03:00:00,Karnataka,Arid,5.05,71.85,64.15,105.09,44.08,37.26,Normal,0"
"2026-03-14 04:00:00,Uttar Pradesh,Black,6.22,86.23,77.36,34.97,9.57,26.98,Critical_Dry,1"
"2026-03-14 05:00:00,Maharashtra,Alluvial,6.2,119.99,27.94,119.69,24.58,21.75,Normal,0"
"2026-03-14 06:00:00,Karnataka,Black,6.17,116.28,68.51,44.64,31.53,21.98,Normal,0"
"2026-03-14 07:00:00,Karnataka,Alluvial,7.16,32.01,52.54,23.85,8.31,41.65,Critical_Dry,1"
"2026-03-14 08:00:00,Maharashtra,Red,6.46,132.08,78.71,87.55,30.08,35.41,Normal,0"
"2026-03-14 09:00:00,Gujarat,Laterite,6.57,33.25,76.24,79.01,10.08,28.8,Critical_Dry,1"
"2026-03-14 10:00:00,Karnataka,Black,6.23,96.15,78.11,119.98,39.73,24.18,Normal,0"
"2026-03-14 11:00:00,Gujarat,Arid,8.47,100.69,76.62,99.22,37.86,18.45,Normal,0"
"2026-03-14 12:00:00,Maharashtra,Red,8.21,101.59,10.54,60.03,9.19,34.09,Critical_Dry,1"
"2026-03-14 13:00:00,Gujarat,Alluvial,5.73,51.84,61.88,86.04,9.81,40.97,Critical_Dry,1"
"2026-03-14 14:00:00,Punjab,Black,4.95,59.64,29.04,100.87,35.88,20.56,Normal,0"
"2026-03-14 15:00:00,Uttar Pradesh,Alluvial,7.86,85.84,59.35,68.94,21.67,36.11,Moderate_Dry,0"
"2026-03-14 16:00:00,Karnataka,Alluvial,8.49,43.95,78.64,43.65,29.28,21.68,Normal,0"
"2026-03-14 17:00:00,Tamil Nadu,Alluvial,5.67,22.44,12.76,37.06,18.0,37.01,Moderate_Dry,0"
"2026-03-14 18:00:00,Uttar Pradesh,Laterite,5.93,87.46,49.69,46.0,14.4,26.89,Critical_Dry,1"
"2026-03-14 19:00:00,Gujarat,Laterite,8.27,75.83,61.45,104.05,18.95,35.09,Moderate_Dry,0"
"2026-03-14 20:00:00,Karnataka,Arid,7.34,98.81,27.74,54.95,17.13,40.23,Moderate_Dry,0"
"2026-03-14 21:00:00,Gujarat,Black,5.68,37.6,25.76,45.1,24.59,32.88,Normal,0"
"2026-03-14 22:00:00,Punjab,Red,6.82,120.91,14.22,99.62,35.63,40.1,Normal,0"
"2026-03-14 23:00:00,Maharashtra,Red,8.28,37.55,16.57,18.35,28.5,23.64,Normal,0"
"2026-03-15 00:00:00,Karnataka,Red,7.75,126.96,55.97,77.37,30.54,41.48,Normal,0"
"2026-03-15 01:00:00,Punjab,Alluvial,7.47,73.94,45.36,106.73,25.39,38.95,Normal,0"
"2026-03-15 02:00:00,Punjab,Laterite,7.45,85.98,12.11,58.06,20.02,20.58,Moderate_Dry,0"
"2026-03-15 03:00:00,Karnataka,Black,5.21,127.59,77.88,43.28,13.31,27.92,Critical_Dry,1"
"2026-03-15 04:00:00,Gujarat,Alluvial,7.8,55.99,55.92,66.63,21.12,40.25,Moderate_Dry,0"
"2026-03-15 05:00:00,Tamil Nadu,Laterite,5.6,41.82,46.08,90.34,32.61,19.87,Normal,0"
"2026-03-15 06:00:00,Punjab,Laterite,8.22,73.49,29.09,69.24,35.15,28.89,Normal,0"
"2026-03-15 07:00:00,Uttar Pradesh,Black,5.96,49.32,56.07,15.8,25.36,35.37,Normal,0"
"2026-03-15 08:00:00,Punjab,Black,7.93,83.34,35.49,23.22,31.86,18.8,Normal,0"
"2026-03-15 09:00:00,Tamil Nadu,Black,5.56,53.03,59.17,90.74,15.79,36.07,Moderate_Dry,0"
"2026-03-15 10:00:00,Gujarat,Alluvial,6.56,123.74,57.78,56.99,39.82,26.67,Normal,0"
"2026-03-15 11:00:00,Gujarat,Arid,4.93,92.88,16.49,97.4,40.04,23.98,Normal,0"
"2026-03-15 12:00:00,Uttar Pradesh,Black,7.14,20.03,73.65,83.2,19.85,31.82,Moderate_Dry,0"
"2026-03-15 13:00:00,Punjab,Arid,7.84,116.66,44.09,76.06,28.27,31.06,Normal,0"
"2026-03-15 14:00:00,Gujarat,Alluvial,7.37,59.63,37.51,109.64,30.45,38.97,Normal,0"
"2026-03-15 15:00:00,Tamil Nadu,Arid,6.59,58.42,76.88,17.24,25.48,34.22,Normal,0"
"2026-03-15 16:00:00,Karnataka,Red,4.68,65.97,40.67,31.28,41.71,28.12,Normal,0"
"2026-03-15 17:00:00,Maharashtra,Arid,8.23,95.63,60.49,80.56,35.37,33.6,Normal,0"
"2026-03-15 18:00:00,Maharashtra,Black,7.32,73.05,55.86,21.91,32.88,36.0,Normal,0"
"2026-03-15 19:00:00,Maharashtra,Alluvial,7.48,95.44,21.56,82.72,27.24,40.5,Normal,0"
"2026-03-15 20:00:00,Punjab,Black,7.68,37.61,79.38,118.33,11.14,34.9,Critical_Dry,1"
"2026-03-15 21:00:00,Uttar Pradesh,Red,7.49,136.42,42.45,107.27,11.99,31.05,Critical_Dry,1"
"2026-03-15 22:00:00,Gujarat,Black,6.26,107.55,37.63,77.05,19.06,26.95,Moderate_Dry,0"
"2026-03-15 23:00:00,Karnataka,Black,7.43,50.02,74.37,108.87,15.83,39.4,Moderate_Dry,0"
"2026-03-16 00:00:00,Tamil Nadu,Black,7.0,106.9,47.05,27.21,43.24,37.02,Normal,0"
"2026-03-16 01:00:00,Karnataka,Laterite,7.92,89.0,59.36,62.74,23.16,19.85,Normal,0"
"2026-03-16 02:00:00,Tamil Nadu,Red,7.71,33.1,69.24,60.01,40.43,34.79,Normal,0"
"2026-03-16 03:00:00,Punjab,Black,4.67,41.38,26.48,50.33,38.27,30.93,Normal,0"
"2026-03-16 04:00:00,Maharashtra,Black,6.02,24.96,21.86,15.02,38.07,20.49,Normal,0"
"2026-03-16 05:00:00,Punjab,Black,4.64,117.11,14.8,108.56,15.98,31.56,Moderate_Dry,0"
"2026-03-16 06:00:00,Uttar Pradesh,Alluvial,4.91,86.2,72.8,96.66,24.55,22.62,Normal,0"
"2026-03-16 07:00:00,Uttar Pradesh,Laterite,6.91,58.01,24.03,83.55,19.76,35.0,Moderate_Dry,0"
"2026-03-16 08:00:00,Tamil Nadu,Alluvial,8.0,35.16,31.54,28.54,43.91,24.68,Normal,0"
"2026-03-16 09:00:00,Gujarat,Laterite,4.98,78.09,30.01,54.71,40.44,21.61,Normal,0"
"2026-03-16 10:00:00,Gujarat,Black,6.3,83.03,31.32,112.05,17.25,19.97,Moderate_Dry,0"
"2026-03-16 11:00:00,Tamil Nadu,Red,8.14,104.23,56.76,79.78,19.6,29.78,Moderate_Dry,0"
"2026-03-16 12:00:00,Uttar Pradesh,Arid,7.76,136.39,76.79,78.36,27.57,22.79,Normal,0"
"2026-03-16 13:00:00,Uttar Pradesh,Arid,6.58,72.19,33.06,110.88,18.31,38.52,Moderate_Dry,0"
"2026-03-16 14:00:00,Uttar Pradesh,Black,7.59,68.72,38.54,73.78,38.51,18.07,Normal,0"
"2026-03-16 15:00:00,Punjab,Alluvial,6.59,64.39,63.98,77.75,38.31,38.25,Normal,0"
"2026-03-16 16:00:00,Uttar Pradesh,Red,5.13,119.23,40.26,51.3,34.8,30.51,Normal,0"
"2026-03-16 17:00:00,Karnataka,Laterite,5.0,38.76,74.82,54.0,33.5,40.13,Normal,0"
"2026-03-16 18:00:00,Maharashtra,Black,5.25,61.26,45.23,86.99,28.25,22.91,Normal,0"
"2026-03-16 19:00:00,Uttar Pradesh,Red,5.9,107.0,34.34,48.65,20.84,20.45,Moderate_Dry,0"
"2026-03-16 20:00:00,Tamil Nadu,Red,8.22,21.88,78.01,73.71,38.97,33.0,Normal,0"
"2026-03-16 21:00:00,Maharashtra,Laterite,7.7,54.73,39.8,44.32,39.78,34.96,Normal,0"
"2026-03-16 22:00:00,Punjab,Red,6.23,96.97,26.18,32.44,9.83,26.94,Critical_Dry,1"
"2026-03-16 23:00:00,Tamil Nadu,Alluvial,6.47,42.31,22.44,62.71,22.75,18.33,Moderate_Dry,0"
"2026-03-17 00:00:00,Maharashtra,Alluvial,5.56,56.33,79.66,37.83,8.99,27.77,Critical_Dry,1"
"2026-03-17 01:00:00,Tamil Nadu,Alluvial,7.32,78.33,62.71,109.34,39.06,23.61,Normal,0"
"2026-03-17 02:00:00,Punjab,Red,7.71,70.64,38.61,46.88,14.55,26.34,Critical_Dry,1"
"2026-03-17 03:00:00,Karnataka,Alluvial,5.46,32.72,67.85,77.73,32.93,30.16,Normal,0"
"2026-03-17 04:00:00,Punjab,Laterite,4.67,132.59,48.28,42.66,21.22,34.86,Moderate_Dry,0"
"2026-03-17 05:00:00,Punjab,Red,7.0,25.32,32.22,42.09,38.19,41.12,Normal,0"
"2026-03-17 06:00:00,Tamil Nadu,Arid,6.75,109.97,62.04,51.82,26.86,21.46,Normal,0"
"2026-03-17 07:00:00,Gujarat,Red,6.11,28.57,62.21,111.17,20.0,34.32,Moderate_Dry,0"
"2026-03-17 08:00:00,Uttar Pradesh,Laterite,7.08,76.08,45.01,56.11,19.98,23.6,Moderate_Dry,0"
"2026-03-17 09:00:00,Uttar Pradesh,Arid,6.7,41.05,13.16,101.23,20.1,23.3,Moderate_Dry,0"
"2026-03-17 10:00:00,Karnataka,Red,5.5,36.93,15.39,35.72,37.18,33.21,Normal,0"
"2026-03-17 11:00:00,Karnataka,Alluvial,6.09,35.11,65.21,20.06,34.31,36.62,Normal,0"
"2026-03-17 12:00:00,Uttar Pradesh,Black,6.21,74.33,67.64,97.08,19.81,41.47,Moderate_Dry,0"
"2026-03-17 13:00:00,Gujarat,Black,8.02,81.86,57.48,71.9,26.14,36.45,Normal,0"
"2026-03-17 14:00:00,Uttar Pradesh,Alluvial,8.34,36.01,68.73,67.89,10.82,21.78,Critical_Dry,1"
"2026-03-17 15:00:00,Gujarat,Black,8.07,137.53,60.36,43.58,38.62,23.41,Normal,0"
"2026-03-17 16:00:00,Karnataka,Black,7.38,50.93,72.79,22.59,17.84,36.27,Moderate_Dry,0"
"2026-03-17 17:00:00,Maharashtra,Alluvial,6.84,75.06,20.53,65.7,40.9,30.65,Normal,0"
"2026-03-17 18:00:00,Tamil Nadu,Alluvial,7.26,45.95,37.14,106.06,30.08,25.09,Normal,0"
"2026-03-17 19:00:00,Karnataka,Red,8.26,79.27,42.49,27.6,29.01,29.32,Normal,0"
"2026-03-17 20:00:00,Karnataka,Red,5.5,110.72,30.84,112.56,14.02,39.96,Critical_Dry,1"
"2026-03-17 21:00:00,Punjab,Alluvial,6.64,82.53,60.78,43.85,10.57,36.13,Critical_Dry,1"
"2026-03-17 22:00:00,Punjab,Laterite,7.26,54.28,73.87,70.88,28.45,28.82,Normal,0"
"2026-03-17 23:00:00,Punjab,Black,7.22,49.81,38.87,21.98,25.32,41.53,Normal,0"
"2026-03-18 00:00:00,Tamil Nadu,Red,5.51,111.07,75.91,59.63,12.43,37.08,Critical_Dry,1"
"2026-03-18 01:00:00,Punjab,Black,6.85,34.19,46.17,28.22,38.92,18.14,Normal,0"
"2026-03-18 02:00:00,Gujarat,Arid,7.68,64.4,46.58,20.04,23.44,20.7,Normal,0"
"2026-03-18 03:00:00,Uttar Pradesh,Alluvial,6.4,38.18,52.02,116.49,17.64,31.3,Moderate_Dry,0"
"2026-03-18 04:00:00,Maharashtra,Laterite,7.67,50.96,28.78,91.66,37.17,26.4,Normal,0"
"2026-03-18 05:00:00,Karnataka,Arid,5.94,38.32,36.84,90.5,41.78,37.5,Normal,0"
"2026-03-18 06:00:00,Gujarat,Arid,8.26,126.41,48.73,24.51,19.32,39.5,Moderate_Dry,0"
"2026-03-18 07:00:00,Maharashtra,Arid,6.64,107.83,75.94,112.58,36.71,23.78,Normal,0"
"2026-03-18 08:00:00,Gujarat,Alluvial,6.88,87.31,54.99,64.29,32.14,36.32,Normal,0"
"2026-03-18 09:00:00,Gujarat,Red,4.63,46.93,33.32,104.49,44.62,30.85,Normal,0"
"2026-03-18 10:00:00,Karnataka,Alluvial,5.18,81.23,10.73,16.32,15.55,27.41,Moderate_Dry,0"
"2026-03-18 11:00:00,Uttar Pradesh,Red,7.03,82.5,78.72,46.31,43.55,36.88,Normal,0"
"2026-03-18 12:00:00,Punjab,Arid,6.18,90.85,44.51,119.58,19.67,31.56,Moderate_Dry,0"
"2026-03-18 13:00:00,Tamil Nadu,Arid,6.53,27.21,75.69,59.92,23.24,33.25,Normal,0"
"2026-03-18 14:00:00,Uttar Pradesh,Laterite,4.75,136.75,48.45,108.29,21.28,19.49,Moderate_Dry,0"
"2026-03-18 15:00:00,Tamil Nadu,Red,7.84,75.85,52.38,49.44,17.93,32.06,Moderate_Dry,0"
"2026-03-18 16:00:00,Karnataka,Arid,7.64,131.18,59.83,70.16,33.65,25.22,Normal,0"
"2026-03-18 17:00:00,Karnataka,Black,5.24,21.18,32.47,104.69,29.8,29.84,Normal,0"
"2026-03-18 18:00:00,Karnataka,Laterite,7.04,49.71,58.93,78.61,19.31,23.33,Moderate_Dry,0"
"2026-03-18 19:00:00,Maharashtra,Alluvial,7.77,32.48,46.88,91.15,12.89,32.75,Critical_Dry,1"
"2026-03-18 20:00:00,Tamil Nadu,Laterite,7.06,112.35,57.07,39.03,19.74,21.54,Moderate_Dry,0"
"2026-03-18 21:00:00,Uttar Pradesh,Black,5.74,58.42,68.51,31.37,22.11,20.95,Moderate_Dry,0"
"2026-03-18 22:00:00,Uttar Pradesh,Red,7.12,120.86,22.9,39.18,22.08,22.52,Moderate_Dry,0"
"2026-03-18 23:00:00,Gujarat,Alluvial,5.34,119.89,52.95,66.77,21.22,37.62,Moderate_Dry,0"
"2026-03-19 00:00:00,Gujarat,Alluvial,5.77,100.14,13.65,99.1,9.8,18.8,Critical_Dry,1"
"2026-03-19 01:00:00,Gujarat,Red,5.46,99.89,17.15,52.17,25.17,35.51,Normal,0"
"2026-03-19 02:00:00,Karnataka,Laterite,6.73,104.02,57.22,74.31,38.94,19.36,Normal,0"
"2026-03-19 03:00:00,Uttar Pradesh,Arid,4.93,100.85,14.97,99.51,14.67,32.2,Critical_Dry,1"
"2026-03-19 04:00:00,Tamil Nadu,Laterite,8.23,66.43,51.68,40.07,13.39,36.57,Critical_Dry,1"
"2026-03-19 05:00:00,Karnataka,Black,5.83,101.94,25.4,107.71,25.46,23.55,Normal,0"
"2026-03-19 06:00:00,Maharashtra,Arid,5.38,127.69,31.29,115.07,21.71,22.7,Moderate_Dry,0"
"2026-03-19 07:00:00,Gujarat,Laterite,6.49,59.91,19.07,19.09,28.77,24.94,Normal,0"
"2026-03-19 08:00:00,Karnataka,Red,5.61,133.39,27.41,21.21,43.04,34.79,Normal,0"
"2026-03-19 09:00:00,Karnataka,Black,6.64,21.63,67.49,24.55,36.15,24.12,Normal,0"
"2026-03-19 10:00:00,Maharashtra,Black,5.89,61.89,54.72,96.56,33.42,30.04,Normal,0"
"2026-03-19 11:00:00,Punjab,Black,5.03,35.85,76.48,34.88,23.39,21.23,Normal,0"
"2026-03-19 12:00:00,Uttar Pradesh,Arid,5.56,35.19,13.41,91.2,18.63,29.07,Moderate_Dry,0"
"2026-03-19 13:00:00,Tamil Nadu,Alluvial,6.25,117.85,65.47,61.33,27.99,32.99,Normal,0"
"2026-03-19 14:00:00,Punjab,Arid,4.62,130.2,58.94,102.81,40.76,19.72,Normal,0"
"2026-03-19 15:00:00,Gujarat,Laterite,7.58,113.33,28.26,99.9,40.44,37.57,Normal,0"
"2026-03-19 16:00:00,Karnataka,Alluvial,6.99,137.19,61.04,115.76,24.48,40.5,Normal,0"
"2026-03-19 17:00:00,Maharashtra,Laterite,6.91,45.96,60.16,41.36,17.11,22.65,Moderate_Dry,0"
"2026-03-19 18:00:00,Maharashtra,Alluvial,6.68,36.9,42.15,39.07,16.34,36.23,Moderate_Dry,0"
"2026-03-19 19:00:00,Uttar Pradesh,Arid,6.86,82.48,58.2,18.31,9.26,25.52,Critical_Dry,1"
"2026-03-19 20:00:00,Punjab,Black,8.24,119.48,41.12,58.09,39.18,34.24,Normal,0"
"2026-03-19 21:00:00,Uttar Pradesh,Red,4.53,24.78,33.49,63.2,17.8,25.36,Moderate_Dry,0"
"2026-03-19 22:00:00,Karnataka,Black,4.69,139.47,42.65,116.27,21.28,38.7,Moderate_Dry,0"
"2026-03-19 23:00:00,Uttar Pradesh,Arid,5.27,92.27,72.66,102.23,37.94,26.33,Normal,0"
"2026-03-20 00:00:00,Tamil Nadu,Alluvial,5.17,137.47,36.92,32.51,12.44,38.37,Critical_Dry,1"
"2026-03-20 01:00:00,Maharashtra,Black,5.22,63.81,38.26,98.84,25.07,36.39,Normal,0"
"2026-03-20 02:00:00,Maharashtra,Arid,7.19,74.96,52.59,33.72,12.53,22.71,Critical_Dry,1"
"2026-03-20 03:00:00,Gujarat,Laterite,6.34,110.28,62.71,23.17,24.35,21.77,Normal,0"
"2026-03-20 04:00:00,Gujarat,Red,8.47,115.12,61.42,102.89,9.74,36.71,Critical_Dry,1"
"2026-03-20 05:00:00,Karnataka,Black,5.41,47.96,11.39,117.48,27.15,27.37,Normal,0"
"2026-03-20 06:00:00,Tamil Nadu,Alluvial,5.74,131.58,58.12,24.25,37.44,40.79,Normal,0"
"2026-03-20 07:00:00,Punjab,Laterite,8.44,124.09,41.54,100.46,33.02,40.63,Normal,0"
"2026-03-20 08:00:00,Uttar Pradesh,Arid,7.83,22.18,46.69,105.22,26.84,34.64,Normal,0"
"2026-03-20 09:00:00,Karnataka,Red,6.38,35.43,49.32,27.47,38.66,30.01,Normal,0"
"2026-03-20 10:00:00,Gujarat,Alluvial,6.72,79.53,61.22,44.74,16.43,22.68,Moderate_Dry,0"
"2026-03-20 11:00:00,Uttar Pradesh,Arid,7.87,75.31,68.19,92.03,38.74,39.18,Normal,0"
"2026-03-20 12:00:00,Gujarat,Arid,6.42,105.01,55.24,99.81,18.23,19.97,Moderate_Dry,0"
"2026-03-20 13:00:00,Uttar Pradesh,Black,5.32,30.77,49.47,52.17,21.41,26.89,Moderate_Dry,0"
"2026-03-20 14:00:00,Punjab,Black,7.81,97.38,36.16,31.79,12.75,25.66,Critical_Dry,1"
"2026-03-20 15:00:00,Karnataka,Alluvial,6.65,93.96,19.65,83.08,11.76,41.0,Critical_Dry,1"
"2026-03-20 16:00:00,Uttar Pradesh,Arid,5.11,48.03,77.1,88.71,42.49,20.83,Normal,0"
"2026-03-20 17:00:00,Tamil Nadu,Black,6.52,85.09,42.33,67.88,15.03,39.36,Moderate_Dry,0"
"2026-03-20 18:00:00,Maharashtra,Red,6.15,46.66,49.63,30.22,20.33,28.95,Moderate_Dry,0"
"2026-03-20 19:00:00,Tamil Nadu,Red,8.01,37.63,62.58,103.67,27.58,19.14,Normal,0"
"2026-03-20 20:00:00,Tamil Nadu,Arid,5.0,88.78,14.79,82.75,20.87,35.49,Moderate_Dry,0"
"2026-03-20 21:00:00,Maharashtra,Black,8.0,137.3,69.85,106.26,40.19,20.42,Normal,0"
"2026-03-20 22:00:00,Tamil Nadu,Alluvial,6.55,48.43,65.79,112.96,41.33,23.69,Normal,0"
"2026-03-20 23:00:00,Uttar Pradesh,Alluvial,6.12,62.64,64.21,99.6,20.06,37.19,Moderate_Dry,0"
"2026-03-21 00:00:00,Uttar Pradesh,Alluvial,5.15,50.79,11.54,115.66,11.41,21.71,Critical_Dry,1"
"2026-03-21 01:00:00,Uttar Pradesh,Red,7.3,51.98,46.86,115.2,15.78,25.81,Moderate_Dry,0"
"2026-03-21 02:00:00,Maharashtra,Black,8.21,68.5,13.8,80.03,25.55,26.66,Normal,0"
"2026-03-21 03:00:00,Tamil Nadu,Black,6.0,104.22,48.56,91.46,18.67,32.13,Moderate_Dry,0"
"2026-03-21 04:00:00,Maharashtra,Red,5.47,24.66,60.29,88.44,24.78,36.96,Normal,0"
"2026-03-21 05:00:00,Uttar Pradesh,Alluvial,6.72,134.85,18.53,80.22,36.07,23.54,Normal,0"
"2026-03-21 06:00:00,Tamil Nadu,Alluvial,7.68,25.55,58.64,17.03,23.56,22.94,Normal,0"
"2026-03-21 07:00:00,Tamil Nadu,Arid,4.52,125.75,41.47,52.37,15.29,23.33,Moderate_Dry,0"
"2026-03-21 08:00:00,Gujarat,Laterite,7.03,127.33,66.81,25.51,21.24,27.16,Moderate_Dry,0"
"2026-03-21 09:00:00,Gujarat,Black,6.89,82.94,47.35,46.53,35.49,30.84,Normal,0"
"2026-03-21 10:00:00,Punjab,Black,5.77,36.44,33.53,22.2,23.69,18.32,Normal,0"
"2026-03-21 11:00:00,Karnataka,Black,6.31,87.82,33.24,111.6,17.23,36.73,Moderate_Dry,0"
"2026-03-21 12:00:00,Gujarat,Laterite,5.49,95.44,72.82,62.39,23.81,40.24,Normal,0"
"2026-03-21 13:00:00,Maharashtra,Arid,7.66,122.93,41.7,34.88,24.83,38.24,Normal,0"
"2026-03-21 14:00:00,Gujarat,Laterite,7.04,86.11,38.4,76.4,18.97,18.89,Moderate_Dry,0"
"2026-03-21 15:00:00,Punjab,Alluvial,6.63,69.29,12.79,35.63,44.84,30.59,Normal,0"
"2026-03-21 16:00:00,Tamil Nadu,Alluvial,6.07,120.59,35.5,99.47,36.4,37.54,Normal,0"
"2026-03-21 17:00:00,Punjab,Black,5.67,137.71,69.47,47.12,33.62,26.26,Normal,0"
"2026-03-21 18:00:00,Tamil Nadu,Red,7.79,97.41,63.27,48.06,39.63,39.53,Normal,0"
"2026-03-21 19:00:00,Tamil Nadu,Black,6.31,124.93,25.46,106.34,32.66,39.29,Normal,0"
"2026-03-21 20:00:00,Karnataka,Red,6.51,91.85,38.91,73.72,37.27,21.4,Normal,0"
"2026-03-21 21:00:00,Gujarat,Laterite,6.58,102.77,23.76,108.17,23.26,29.85,Normal,0"
"2026-03-21 22:00:00,Maharashtra,Alluvial,6.29,102.58,76.8,58.35,26.51,18.62,Normal,0"
"2026-03-21 23:00:00,Maharashtra,Red,5.52,104.57,51.87,51.11,9.74,24.76,Critical_Dry,1"
"2026-03-22 00:00:00,Uttar Pradesh,Laterite,4.98,58.52,62.8,68.15,18.38,37.48,Moderate_Dry,0"
"2026-03-22 01:00:00,Tamil Nadu,Alluvial,4.89,89.08,59.97,21.46,21.62,41.4,Moderate_Dry,0"
"2026-03-22 02:00:00,Maharashtra,Red,7.53,91.3,71.16,31.19,31.14,39.92,Normal,0"
"2026-03-22 03:00:00,Karnataka,Black,5.39,57.81,76.45,38.05,25.18,19.02,Normal,0"
"2026-03-22 04:00:00,Tamil Nadu,Black,4.72,61.98,12.27,100.75,30.49,40.24,Normal,0"
"2026-03-22 05:00:00,Karnataka,Black,7.69,111.47,78.27,92.05,34.39,37.74,Normal,0"
"2026-03-22 06:00:00,Maharashtra,Laterite,5.12,89.93,70.94,35.3,9.58,38.82,Critical_Dry,1"
"2026-03-22 07:00:00,Maharashtra,Black,7.0,37.91,36.81,44.06,17.56,39.96,Moderate_Dry,0"
"2026-03-22 08:00:00,Uttar Pradesh,Arid,5.85,120.52,68.59,114.15,14.32,29.72,Critical_Dry,1"
"2026-03-22 09:00:00,Maharashtra,Alluvial,5.01,125.97,61.56,24.01,14.94,23.07,Critical_Dry,1"
"2026-03-22 10:00:00,Tamil Nadu,Laterite,6.16,75.94,65.52,72.48,26.62,18.5,Normal,0"
"2026-03-22 11:00:00,Tamil Nadu,Black,4.56,45.07,25.45,69.81,35.38,18.57,Normal,0"
"2026-03-22 12:00:00,Tamil Nadu,Alluvial,7.86,133.71,55.4,91.2,18.09,33.42,Moderate_Dry,0"
"2026-03-22 13:00:00,Uttar Pradesh,Red,6.55,125.87,11.81,42.45,38.5,26.09,Normal,0"
"2026-03-22 14:00:00,Uttar Pradesh,Black,5.06,49.33,69.38,113.15,41.02,29.9,Normal,0"
"2026-03-22 15:00:00,Maharashtra,Alluvial,5.45,31.47,76.57,58.11,20.97,21.15,Moderate_Dry,0"
"2026-03-22 16:00:00,Punjab,Arid,6.29,72.88,56.35,45.0,33.21,41.41,Normal,0"
"2026-03-22 17:00:00,Punjab,Red,5.26,101.17,45.89,50.37,12.33,21.12,Critical_Dry,1"
"2026-03-22 18:00:00,Uttar Pradesh,Arid,5.57,41.05,60.8,51.62,35.53,28.68,Normal,0"
"2026-03-22 19:00:00,Maharashtra,Alluvial,6.64,81.59,32.85,35.89,14.11,28.64,Critical_Dry,1"
"2026-03-22 20:00:00,Punjab,Arid,7.83,71.05,53.85,112.45,33.43,18.21,Normal,0"
"2026-03-22 21:00:00,Maharashtra,Alluvial,6.11,126.87,60.33,33.36,23.61,34.03,Normal,0"
"2026-03-22 22:00:00,Maharashtra,Alluvial,7.37,71.55,19.99,107.7,42.35,30.92,Normal,0"
"2026-03-22 23:00:00,Maharashtra,Arid,8.01,84.05,19.8,57.52,25.19,29.94,Normal,0"
"2026-03-23 00:00:00,Gujarat,Alluvial,5.37,134.63,60.13,43.27,9.14,37.63,Critical_Dry,1"
"2026-03-23 01:00:00,Tamil Nadu,Black,7.73,55.96,40.22,35.84,25.78,23.79,Normal,0"
"2026-03-23 02:00:00,Maharashtra,Alluvial,7.53,54.68,72.24,67.96,37.43,38.67,Normal,0"
"2026-03-23 03:00:00,Gujarat,Laterite,5.93,115.95,31.84,85.27,31.94,38.75,Normal,0"
"2026-03-23 04:00:00,Uttar Pradesh,Alluvial,8.46,53.3,12.97,109.31,43.75,37.84,Normal,0"
"2026-03-23 05:00:00,Punjab,Laterite,5.55,119.82,55.49,83.51,39.2,26.19,Normal,0"
"2026-03-23 06:00:00,Tamil Nadu,Alluvial,5.52,31.46,57.9,65.78,27.48,21.9,Normal,0"
"2026-03-23 07:00:00,Punjab,Alluvial,7.59,33.35,48.75,18.51,15.64,29.4,Moderate_Dry,0"
"2026-03-23 08:00:00,Tamil Nadu,Arid,6.24,128.16,57.83,111.12,8.14,24.24,Critical_Dry,1"
"2026-03-23 09:00:00,Punjab,Black,5.82,84.9,46.66,109.75,44.28,19.25,Normal,0"
"2026-03-23 10:00:00,Tamil Nadu,Black,5.21,106.26,58.48,54.77,42.72,24.71,Normal,0"
"2026-03-23 11:00:00,Punjab,Red,7.56,47.03,13.08,18.05,18.14,29.26,Moderate_Dry,0"
"2026-03-23 12:00:00,Punjab,Arid,7.65,39.95,35.79,92.0,31.61,20.71,Normal,0"
"2026-03-23 13:00:00,Punjab,Arid,6.77,120.19,24.76,98.13,34.98,40.66,Normal,0"
"2026-03-23 14:00:00,Punjab,Black,8.33,63.03,16.95,71.96,29.39,33.75,Normal,0"
"2026-03-23 15:00:00,Uttar Pradesh,Arid,5.77,74.6,26.39,57.3,39.19,21.27,Normal,0"
"2026-03-23 16:00:00,Maharashtra,Black,5.38,23.36,23.39,104.37,10.88,37.49,Critical_Dry,1"
"2026-03-23 17:00:00,Karnataka,Arid,7.21,66.31,78.12,35.21,41.17,40.27,Normal,0"
"2026-03-23 18:00:00,Gujarat,Alluvial,7.53,112.45,30.06,61.15,22.5,24.31,Moderate_Dry,0"
"2026-03-23 19:00:00,Karnataka,Black,5.4,118.55,26.17,17.57,25.79,21.44,Normal,0"
"2026-03-23 20:00:00,Karnataka,Black,4.81,103.85,68.44,32.22,24.46,25.74,Normal,0"
"2026-03-23 21:00:00,Tamil Nadu,Laterite,7.74,103.06,39.34,113.79,27.66,37.97,Normal,0"
"2026-03-23 22:00:00,Maharashtra,Arid,8.41,80.75,39.5,75.7,30.13,22.2,Normal,0"
"2026-03-23 23:00:00,Tamil Nadu,Arid,7.08,84.6,41.05,99.59,34.28,36.7,Normal,0"
"2026-03-24 00:00:00,Maharashtra,Black,5.61,109.12,39.16,66.08,27.42,35.19,Normal,0"
"2026-03-24 01:00:00,Maharashtra,Alluvial,8.49,49.68,32.86,102.66,33.34,33.63,Normal,0"
"2026-03-24 02:00:00,Punjab,Alluvial,8.07,47.78,30.04,71.59,20.52,28.4,Moderate_Dry,0"
"2026-03-24 03:00:00,Uttar Pradesh,Alluvial,6.55,133.99,71.74,15.48,42.66,26.8,Normal,0"
"2026-03-24 04:00:00,Punjab,Arid,7.8,23.32,21.32,109.47,10.39,20.05,Critical_Dry,1"
"2026-03-24 05:00:00,Uttar Pradesh,Laterite,7.76,36.74,22.67,30.6,28.19,26.58,Normal,0"
"2026-03-24 06:00:00,Tamil Nadu,Black,8.24,88.44,50.02,62.31,11.23,32.44,Critical_Dry,1"
"2026-03-24 07:00:00,Uttar Pradesh,Red,7.86,108.54,34.06,65.05,24.38,39.56,Normal,0"
"2026-03-24 08:00:00,Tamil Nadu,Laterite,7.07,84.55,39.51,19.96,17.53,37.99,Moderate_Dry,0"
"2026-03-24 09:00:00,Karnataka,Red,6.94,62.61,66.46,20.57,42.67,18.77,Normal,0"
"2026-03-24 10:00:00,Karnataka,Laterite,6.37,137.36,73.25,95.07,8.48,21.33,Critical_Dry,1"
"2026-03-24 11:00:00,Uttar Pradesh,Alluvial,7.01,104.46,65.34,46.55,22.47,38.36,Moderate_Dry,0"
"2026-03-24 12:00:00,Uttar Pradesh,Arid,7.68,119.77,26.44,58.01,36.94,40.54,Normal,0"
"2026-03-24 13:00:00,Tamil Nadu,Red,8.38,24.83,78.6,74.23,14.97,19.34,Critical_Dry,1"
"2026-03-24 14:00:00,Punjab,Laterite,6.37,48.31,35.42,54.21,38.18,34.83,Normal,0"
"2026-03-24 15:00:00,Tamil Nadu,Arid,6.79,64.9,21.83,96.38,39.81,26.78,Normal,0"
"2026-03-24 16:00:00,Punjab,Red,6.28,41.91,44.96,107.87,34.2,26.74,Normal,0"
"2026-03-24 17:00:00,Karnataka,Black,7.17,28.75,60.77,21.27,15.74,33.42,Moderate_Dry,0"
"2026-03-24 18:00:00,Maharashtra,Laterite,7.02,47.01,15.83,81.72,18.07,37.45,Moderate_Dry,0"
"2026-03-24 19:00:00,Uttar Pradesh,Black,4.57,84.04,54.4,48.35,14.18,24.6,Critical_Dry,1"
"2026-03-24 20:00:00,Punjab,Alluvial,6.66,103.49,70.07,76.24,14.81,34.93,Critical_Dry,1"
"2026-03-24 21:00:00,Tamil Nadu,Black,4.85,112.88,28.32,65.81,9.35,33.26,Critical_Dry,1"
"2026-03-24 22:00:00,Karnataka,Black,4.61,25.15,58.52,50.04,39.72,30.42,Normal,0"
"2026-03-24 23:00:00,Punjab,Laterite,7.66,71.36,37.99,24.96,27.55,32.46,Normal,0"
"2026-03-25 00:00:00,Tamil Nadu,Alluvial,5.53,34.67,38.99,73.74,20.13,18.43,Moderate_Dry,0"
"2026-03-25 01:00:00,Uttar Pradesh,Black,5.86,71.74,29.66,26.84,18.71,18.1,Moderate_Dry,0"
"2026-03-25 02:00:00,Uttar Pradesh,Arid,4.76,72.08,53.71,31.39,28.15,31.21,Normal,0"
"2026-03-25 03:00:00,Gujarat,Red,5.22,79.79,35.27,118.13,20.09,30.58,Moderate_Dry,0"
"2026-03-25 04:00:00,Maharashtra,Black,7.56,127.14,68.16,48.25,39.96,19.71,Normal,0"
"2026-03-25 05:00:00,Gujarat,Alluvial,6.47,116.61,77.4,76.37,15.81,29.81,Moderate_Dry,0"
"2026-03-25 06:00:00,Karnataka,Black,8.02,96.41,75.46,43.58,40.65,36.18,Normal,0"
"2026-03-25 07:00:00,Punjab,Red,6.09,126.25,21.42,105.88,32.57,30.99,Normal,0"
"2026-03-25 08:00:00,Karnataka,Alluvial,5.57,101.42,10.99,44.75,43.4,30.42,Normal,0"
"2026-03-25 09:00:00,Tamil Nadu,Laterite,5.89,118.26,40.69,53.52,8.56,35.23,Critical_Dry,1"
"2026-03-25 10:00:00,Uttar Pradesh,Alluvial,7.35,87.65,61.02,78.88,10.19,22.12,Critical_Dry,1"
"2026-03-25 11:00:00,Gujarat,Laterite,6.72,83.03,78.42,106.35,26.53,28.98,Normal,0"
"2026-03-25 12:00:00,Gujarat,Alluvial,8.12,106.89,64.84,100.7,41.76,21.55,Normal,0"
"2026-03-25 13:00:00,Gujarat,Red,6.91,22.36,50.64,42.71,35.04,30.57,Normal,0"
"2026-03-25 14:00:00,Karnataka,Red,6.47,102.85,11.84,102.1,31.02,32.21,Normal,0"
"2026-03-25 15:00:00,Uttar Pradesh,Alluvial,7.64,132.14,67.79,88.63,9.17,20.92,Critical_Dry,1"
"2026-03-25 16:00:00,Punjab,Black,8.29,105.67,22.4,118.93,21.1,19.81,Moderate_Dry,0"
"2026-03-25 17:00:00,Tamil Nadu,Red,5.92,24.42,13.89,113.22,20.8,22.0,Moderate_Dry,0"
"2026-03-25 18:00:00,Punjab,Laterite,5.5,65.35,69.53,70.98,28.06,32.07,Normal,0"
"2026-03-25 19:00:00,Karnataka,Laterite,6.96,117.15,49.64,93.74,17.54,22.55,Moderate_Dry,0"
"2026-03-25 20:00:00,Tamil Nadu,Arid,6.5,135.03,19.0,74.87,17.88,24.61,Moderate_Dry,0"
"2026-03-25 21:00:00,Gujarat,Laterite,8.46,64.42,37.06,77.47,30.97,34.86,Normal,0"
"2026-03-25 22:00:00,Maharashtra,Arid,6.35,120.94,15.99,25.66,42.95,23.96,Normal,0"
"2026-03-25 23:00:00,Karnataka,Alluvial,4.8,123.66,54.66,15.24,32.43,27.54,Normal,0"
"2026-03-26 00:00:00,Karnataka,Alluvial,8.41,34.79,29.77,20.06,32.72,40.29,Normal,0"
"2026-03-26 01:00:00,Uttar Pradesh,Alluvial,7.87,121.49,70.63,116.5,44.49,37.8,Normal,0"
"2026-03-26 02:00:00,Punjab,Black,5.21,58.91,35.05,28.26,13.68,24.13,Critical_Dry,1"
"2026-03-26 03:00:00,Karnataka,Black,8.12,91.19,44.62,19.66,9.25,32.34,Critical_Dry,1"
"2026-03-26 04:00:00,Karnataka,Arid,5.86,84.68,14.45,47.51,35.58,33.98,Normal,0"
"2026-03-26 05:00:00,Gujarat,Laterite,6.01,99.57,29.29,76.76,24.24,39.61,Normal,0"
"2026-03-26 06:00:00,Gujarat,Laterite,8.13,108.86,57.37,114.59,23.87,31.14,Normal,0"
"2026-03-26 07:00:00,Tamil Nadu,Alluvial,6.62,72.91,61.54,88.49,16.34,31.47,Moderate_Dry,0"
"2026-03-26 08:00:00,Maharashtra,Red,5.05,126.6,27.0,44.02,26.75,39.32,Normal,0"
"2026-03-26 09:00:00,Uttar Pradesh,Black,5.98,117.14,45.27,113.6,24.36,19.31,Normal,0"
"2026-03-26 10:00:00,Maharashtra,Black,7.39,114.25,67.23,18.78,20.78,33.08,Moderate_Dry,0"
"2026-03-26 11:00:00,Tamil Nadu,Alluvial,5.2,74.99,36.59,117.8,24.38,28.0,Normal,0"
"2026-03-26 12:00:00,Gujarat,Black,6.86,24.51,19.36,21.16,22.2,39.83,Moderate_Dry,0"
"2026-03-26 13:00:00,Punjab,Alluvial,7.28,79.07,40.23,94.15,42.78,41.05,Normal,0"
"2026-03-26 14:00:00,Gujarat,Arid,5.88,127.81,52.04,19.76,44.27,22.09,Normal,0"
"2026-03-26 15:00:00,Uttar Pradesh,Laterite,7.28,42.85,10.52,112.81,39.08,24.76,Normal,0"
"2026-03-26 16:00:00,Gujarat,Red,8.04,137.91,34.4,26.41,44.65,24.56,Normal,0"
"2026-03-26 17:00:00,Uttar Pradesh,Laterite,6.39,116.92,52.52,20.3,17.83,20.42,Moderate_Dry,0"
"2026-03-26 18:00:00,Uttar Pradesh,Laterite,6.03,105.18,76.63,108.37,39.19,29.59,Normal,0"
"2026-03-26 19:00:00,Uttar Pradesh,Arid,5.5,101.26,38.6,25.06,23.05,30.31,Normal,0"
"2026-03-26 20:00:00,Tamil Nadu,Black,6.92,90.44,21.41,98.78,35.61,31.75,Normal,0"
"2026-03-26 21:00:00,Uttar Pradesh,Red,8.02,106.48,47.4,93.44,15.45,33.91,Moderate_Dry,0"
"2026-03-26 22:00:00,Uttar Pradesh,Black,5.8,70.63,30.0,77.88,38.04,19.51,Normal,0"
"2026-03-26 23:00:00,Punjab,Laterite,6.08,121.43,25.03,54.69,11.09,32.94,Critical_Dry,1"
"2026-03-27 00:00:00,Maharashtra,Alluvial,6.13,103.56,51.33,111.14,18.01,39.93,Moderate_Dry,0"
"2026-03-27 01:00:00,Karnataka,Laterite,6.74,112.55,74.11,106.46,38.41,28.92,Normal,0"
"2026-03-27 02:00:00,Maharashtra,Black,5.41,115.1,68.47,59.76,35.64,20.56,Normal,0"
"2026-03-27 03:00:00,Uttar Pradesh,Laterite,7.79,31.05,22.76,39.33,26.55,20.06,Normal,0"
"2026-03-27 04:00:00,Punjab,Alluvial,5.68,26.68,63.61,43.62,32.89,24.76,Normal,0"
"2026-03-27 05:00:00,Gujarat,Arid,7.32,116.12,26.09,38.13,14.87,36.06,Critical_Dry,1"
"2026-03-27 06:00:00,Punjab,Black,6.55,51.13,30.35,71.83,32.71,24.26,Normal,0"
"2026-03-27 07:00:00,Uttar Pradesh,Laterite,6.84,89.84,74.4,106.2,8.3,37.54,Critical_Dry,1"
"2026-03-27 08:00:00,Punjab,Black,5.22,73.25,73.77,96.23,38.83,37.67,Normal,0"
"2026-03-27 09:00:00,Punjab,Arid,7.44,22.64,21.8,98.53,27.1,28.97,Normal,0"
"2026-03-27 10:00:00,Uttar Pradesh,Laterite,5.25,24.83,14.49,62.07,42.92,25.22,Normal,0"
"2026-03-27 11:00:00,Tamil Nadu,Laterite,4.95,119.26,30.52,48.86,25.69,32.34,Normal,0"
"2026-03-27 12:00:00,Punjab,Black,6.69,92.92,50.72,94.52,24.02,37.45,Normal,0"
"2026-03-27 13:00:00,Karnataka,Black,7.34,82.86,71.38,98.3,24.65,19.55,Normal,0"
"2026-03-27 14:00:00,Karnataka,Alluvial,4.7,133.32,18.32,88.01,21.31,40.88,Moderate_Dry,0"
"2026-03-27 15:00:00,Punjab,Arid,4.78,40.77,39.05,18.37,14.17,33.5,Critical_Dry,1"
"2026-03-27 16:00:00,Tamil Nadu,Alluvial,7.71,50.96,29.02,76.92,39.16,27.56,Normal,0"
"2026-03-27 17:00:00,Gujarat,Laterite,7.74,110.81,11.05,51.44,22.4,30.14,Moderate_Dry,0"
"2026-03-27 18:00:00,Uttar Pradesh,Black,5.48,113.03,65.19,35.6,27.58,27.25,Normal,0"
"2026-03-27 19:00:00,Karnataka,Laterite,6.96,68.59,66.93,87.91,8.74,27.9,Critical_Dry,1"
"2026-03-27 20:00:00,Gujarat,Laterite,6.27,134.12,25.49,43.2,10.23,32.29,Critical_Dry,1"
"2026-03-27 21:00:00,Punjab,Red,7.03,132.59,20.59,110.85,30.1,19.45,Normal,0"
"2026-03-27 22:00:00,Gujarat,Red,7.95,21.49,20.12,46.3,40.53,22.21,Normal,0"
"2026-03-27 23:00:00,Maharashtra,Laterite,4.82,40.68,42.48,73.29,26.26,23.45,Normal,0"
"2026-03-28 00:00:00,Karnataka,Black,7.61,118.43,27.25,101.92,14.1,27.78,Critical_Dry,1"
"2026-03-28 01:00:00,Punjab,Laterite,6.47,60.23,45.79,57.22,12.3,26.91,Critical_Dry,1"
"2026-03-28 02:00:00,Uttar Pradesh,Red,6.76,31.46,36.94,102.01,41.29,35.33,Normal,0"
"2026-03-28 03:00:00,Tamil Nadu,Black,7.12,114.2,24.76,90.99,33.96,24.22,Normal,0"
"2026-03-28 04:00:00,Punjab,Laterite,8.19,74.55,62.58,111.69,43.75,19.37,Normal,0"
"2026-03-28 05:00:00,Uttar Pradesh,Arid,4.73,79.09,20.53,49.21,11.05,19.33,Critical_Dry,1"
"2026-03-28 06:00:00,Tamil Nadu,Arid,4.62,42.36,65.92,26.03,41.4,18.27,Normal,0"
"2026-03-28 07:00:00,Tamil Nadu,Laterite,5.21,99.31,49.3,60.19,39.29,18.91,Normal,0"
"2026-03-28 08:00:00,Punjab,Black,8.45,86.15,68.24,97.51,41.05,38.61,Normal,0"
"2026-03-28 09:00:00,Gujarat,Laterite,7.36,44.8,10.33,62.3,8.21,34.73,Critical_Dry,1"
"2026-03-28 10:00:00,Gujarat,Laterite,6.96,60.84,62.44,42.51,35.45,41.9,Normal,0"
"2026-03-28 11:00:00,Tamil Nadu,Red,4.69,91.63,13.61,17.9,28.31,18.49,Normal,0"
"2026-03-28 12:00:00,Gujarat,Arid,8.02,130.98,76.51,47.87,29.21,38.38,Normal,0"
"2026-03-28 13:00:00,Maharashtra,Red,7.75,130.45,59.19,89.91,25.36,34.71,Normal,0"
"2026-03-28 14:00:00,Tamil Nadu,Red,7.16,54.55,32.41,30.5,35.48,33.37,Normal,0"
"2026-03-28 15:00:00,Tamil Nadu,Laterite,5.86,108.27,32.39,50.79,44.99,26.56,Normal,0"
"2026-03-28 16:00:00,Uttar Pradesh,Red,4.78,113.06,70.3,17.12,34.29,27.04,Normal,0"
"2026-03-28 17:00:00,Gujarat,Arid,6.82,117.06,73.2,90.78,33.09,38.29,Normal,0"
"2026-03-28 18:00:00,Tamil Nadu,Red,7.38,88.49,72.41,107.47,32.21,35.12,Normal,0"
"2026-03-28 19:00:00,Maharashtra,Arid,4.88,21.26,66.61,74.7,33.72,34.09,Normal,0"
"2026-03-28 20:00:00,Uttar Pradesh,Red,7.04,111.4,67.33,17.72,20.66,18.74,Moderate_Dry,0"
"2026-03-28 21:00:00,Punjab,Arid,5.65,32.79,50.09,37.85,19.85,22.42,Moderate_Dry,0"
"2026-03-28 22:00:00,Tamil Nadu,Red,7.56,34.02,11.98,61.04,37.02,41.1,Normal,0"
"2026-03-28 23:00:00,Maharashtra,Red,6.66,92.67,16.07,76.7,9.96,28.9,Critical_Dry,1"
"2026-03-29 00:00:00,Karnataka,Black,5.02,138.02,55.47,67.11,36.09,36.75,Normal,0"
"2026-03-29 01:00:00,Maharashtra,Arid,6.61,49.1,38.08,111.17,38.11,27.34,Normal,0"
"2026-03-29 02:00:00,Maharashtra,Arid,6.08,97.5,49.71,113.56,27.3,36.34,Normal,0"
"2026-03-29 03:00:00,Uttar Pradesh,Arid,5.22,56.44,26.18,26.25,41.68,20.86,Normal,0"
"2026-03-29 04:00:00,Punjab,Alluvial,7.87,127.85,55.46,29.53,25.5,19.01,Normal,0"
"2026-03-29 05:00:00,Karnataka,Red,4.54,91.22,27.0,52.6,14.59,29.19,Critical_Dry,1"
"2026-03-29 06:00:00,Gujarat,Arid,5.75,44.9,42.26,59.23,21.37,32.2,Moderate_Dry,0"
"2026-03-29 07:00:00,Gujarat,Alluvial,4.55,51.46,43.51,76.54,41.52,25.77,Normal,0"
"2026-03-29 08:00:00,Maharashtra,Black,4.88,71.9,22.44,96.18,44.77,35.18,Normal,0"
"2026-03-29 09:00:00,Uttar Pradesh,Arid,5.69,34.65,71.33,29.26,23.61,29.9,Normal,0"
"2026-03-29 10:00:00,Uttar Pradesh,Arid,4.72,29.45,46.81,99.28,14.17,40.28,Critical_Dry,1"
"2026-03-29 11:00:00,Gujarat,Alluvial,6.89,101.61,70.67,79.05,18.59,20.04,Moderate_Dry,0"
"2026-03-29 12:00:00,Karnataka,Red,4.85,68.86,28.38,117.99,28.47,19.6,Normal,0"
"2026-03-29 13:00:00,Punjab,Black,7.31,107.15,22.06,83.37,29.17,39.72,Normal,0"
"2026-03-29 14:00:00,Karnataka,Arid,4.71,33.21,11.26,90.19,31.31,34.06,Normal,0"
"2026-03-29 15:00:00,Tamil Nadu,Red,4.74,93.18,16.57,35.5,38.91,34.11,Normal,0"
"2026-03-29 16:00:00,Tamil Nadu,Black,5.72,73.2,20.32,95.73,34.31,18.66,Normal,0"
"2026-03-29 17:00:00,Punjab,Laterite,8.09,26.96,15.52,23.32,17.65,40.5,Moderate_Dry,0"
"2026-03-29 18:00:00,Gujarat,Laterite,7.07,85.38,72.78,83.94,22.62,36.52,Moderate_Dry,0"
"2026-03-29 19:00:00,Punjab,Black,7.58,29.94,73.8,20.84,39.07,36.34,Normal,0"
"2026-03-29 20:00:00,Uttar Pradesh,Alluvial,5.07,119.33,75.62,27.1,31.44,39.89,Normal,0"
"2026-03-29 21:00:00,Tamil Nadu,Black,7.84,95.83,77.19,26.33,14.16,31.88,Critical_Dry,1"
"2026-03-29 22:00:00,Maharashtra,Black,4.53,86.84,44.43,20.51,20.04,27.47,Moderate_Dry,0"
"2026-03-29 23:00:00,Maharashtra,Alluvial,5.35,36.02,47.1,48.72,37.27,29.54,Normal,0"
"2026-03-30 00:00:00,Gujarat,Alluvial,6.96,54.49,19.16,119.41,14.37,36.65,Critical_Dry,1"
"2026-03-30 01:00:00,Uttar Pradesh,Red,6.0,79.15,19.59,51.56,33.57,36.45,Normal,0"
"2026-03-30 02:00:00,Karnataka,Red,8.44,95.99,64.09,94.88,28.85,32.63,Normal,0"
"2026-03-30 03:00:00,Uttar Pradesh,Alluvial,4.62,41.99,69.9,28.89,13.46,23.23,Critical_Dry,1"
"2026-03-30 04:00:00,Maharashtra,Laterite,8.49,21.06,64.93,62.72,33.49,37.65,Normal,0"
"2026-03-30 05:00:00,Maharashtra,Laterite,6.99,61.37,68.42,34.44,13.27,33.53,Critical_Dry,1"
"2026-03-30 06:00:00,Tamil Nadu,Black,6.73,77.94,29.36,35.17,22.74,23.31,Moderate_Dry,0"
"2026-03-30 07:00:00,Uttar Pradesh,Arid,4.74,42.13,42.62,25.47,19.42,29.54,Moderate_Dry,0"
"2026-03-30 08:00:00,Uttar Pradesh,Black,5.59,79.06,42.14,60.36,33.53,41.93,Normal,0"
"2026-03-30 09:00:00,Maharashtra,Black,8.2,60.62,79.67,22.93,36.95,25.88,Normal,0"
"2026-03-30 10:00:00,Karnataka,Arid,5.92,74.61,76.44,110.53,14.23,20.8,Critical_Dry,1"
"2026-03-30 11:00:00,Gujarat,Alluvial,7.15,61.69,51.89,62.03,38.04,18.52,Normal,0"
"2026-03-30 12:00:00,Gujarat,Laterite,8.5,95.42,19.66,103.05,8.27,22.43,Critical_Dry,1"
"2026-03-30 13:00:00,Uttar Pradesh,Black,5.55,25.15,28.1,117.84,27.61,22.49,Normal,0"
"2026-03-30 14:00:00,Gujarat,Arid,6.8,40.51,35.46,86.17,27.12,38.59,Normal,0"
"2026-03-30 15:00:00,Maharashtra,Red,7.29,71.93,71.12,109.66,31.08,21.75,Normal,0"
"2026-03-30 16:00:00,Maharashtra,Black,5.16,62.76,21.94,29.21,16.87,38.7,Moderate_Dry,0"
"2026-03-30 17:00:00,Uttar Pradesh,Laterite,5.09,67.0,25.38,102.15,8.36,20.08,Critical_Dry,1"
"2026-03-30 18:00:00,Uttar Pradesh,Alluvial,6.33,116.45,34.46,43.48,24.83,39.76,Normal,0"
"2026-03-30 19:00:00,Tamil Nadu,Black,6.04,126.36,74.88,64.62,10.64,24.15,Critical_Dry,1"
"2026-03-30 20:00:00,Uttar Pradesh,Black,7.36,49.84,45.27,82.89,41.01,32.68,Normal,0"
"2026-03-30 21:00:00,Karnataka,Arid,4.78,120.37,55.28,109.87,14.43,21.83,Critical_Dry,1"
"2026-03-30 22:00:00,Gujarat,Red,8.39,75.05,37.11,110.65,23.73,27.36,Normal,0"
"2026-03-30 23:00:00,Uttar Pradesh,Red,4.56,52.86,23.2,24.67,24.06,20.06,Normal,0"
"2026-03-31 00:00:00,Punjab,Alluvial,6.91,138.25,25.6,53.28,28.46,31.91,Normal,0"
"2026-03-31 01:00:00,Tamil Nadu,Laterite,6.75,118.98,66.19,98.28,36.95,26.3,Normal,0"
"2026-03-31 02:00:00,Punjab,Alluvial,5.04,139.31,72.54,88.83,25.47,38.45,Normal,0"
"2026-03-31 03:00:00,Maharashtra,Black,5.1,40.18,44.52,17.77,8.95,22.36,Critical_Dry,1"
"2026-03-31 04:00:00,Gujarat,Black,7.67,37.26,34.99,62.24,36.53,24.72,Normal,0"
"2026-03-31 05:00:00,Uttar Pradesh,Red,8.05,80.41,66.55,102.07,11.04,22.25,Critical_Dry,1"
"2026-03-31 06:00:00,Punjab,Laterite,5.63,96.64,57.12,92.46,31.74,31.53,Normal,0"
"2026-03-31 07:00:00,Gujarat,Arid,6.25,40.53,12.86,58.24,37.73,20.68,Normal,0"
"2026-03-31 08:00:00,Maharashtra,Laterite,5.92,123.25,34.55,92.19,18.46,22.54,Moderate_Dry,0"
"2026-03-31 09:00:00,Karnataka,Black,4.79,83.84,57.75,72.88,24.62,34.28,Normal,0"
"2026-03-31 10:00:00,Tamil Nadu,Arid,7.19,69.31,50.16,110.83,8.53,19.79,Critical_Dry,1"
"2026-03-31 11:00:00,Gujarat,Laterite,7.8,92.25,78.46,76.65,37.74,35.84,Normal,0"
"2026-03-31 12:00:00,Gujarat,Laterite,5.72,96.19,70.63,57.08,34.02,20.5,Normal,0"
"2026-03-31 13:00:00,Karnataka,Arid,8.46,25.13,14.18,105.61,16.56,32.05,Moderate_Dry,0"
"2026-03-31 14:00:00,Gujarat,Black,4.8,139.99,60.8,20.24,22.44,41.95,Moderate_Dry,0"
"2026-03-31 15:00:00,Maharashtra,Laterite,7.15,63.67,33.54,109.55,33.73,22.17,Normal,0"
"2026-03-31 16:00:00,Maharashtra,Arid,6.29,27.39,57.75,88.12,21.25,24.27,Moderate_Dry,0"
"2026-03-31 17:00:00,Karnataka,Black,6.29,122.28,53.21,113.76,14.01,39.56,Critical_Dry,1"
"2026-03-31 18:00:00,Tamil Nadu,Arid,6.33,139.16,45.21,41.3,27.18,33.03,Normal,0"
"2026-03-31 19:00:00,Uttar Pradesh,Arid,5.53,117.96,69.71,87.97,34.77,29.82,Normal,0"
"2026-03-31 20:00:00,Punjab,Laterite,7.36,122.23,59.61,99.99,19.87,31.5,Moderate_Dry,0"
"2026-03-31 21:00:00,Uttar Pradesh,Black,7.39,95.11,72.27,88.72,12.51,25.09,Critical_Dry,1"
"2026-03-31 22:00:00,Gujarat,Laterite,5.63,130.68,29.71,37.09,38.69,38.53,Normal,0"
"2026-03-31 23:00:00,Punjab,Alluvial,7.84,24.29,34.37,43.94,17.35,35.89,Moderate_Dry,0"
"2026-04-01 00:00:00,Karnataka,Alluvial,5.77,112.01,53.54,74.51,26.97,33.42,Normal,0"
"2026-04-01 01:00:00,Karnataka,Black,7.4,100.49,77.65,61.91,33.58,40.36,Normal,0"
"2026-04-01 02:00:00,Tamil Nadu,Arid,4.98,25.95,36.01,92.19,19.73,31.87,Moderate_Dry,0"
"2026-04-01 03:00:00,Punjab,Laterite,5.17,85.28,12.26,54.76,32.0,30.29,Normal,0"
"2026-04-01 04:00:00,Maharashtra,Laterite,5.76,81.81,41.21,105.25,25.01,41.42,Normal,0"
"2026-04-01 05:00:00,Punjab,Black,6.88,102.98,48.08,60.35,29.11,22.94,Normal,0"
"2026-04-01 06:00:00,Gujarat,Black,7.08,29.3,66.07,19.2,29.85,21.41,Normal,0"
"2026-04-01 07:00:00,Maharashtra,Alluvial,6.09,116.63,61.0,16.82,38.49,21.89,Normal,0"
"2026-04-01 08:00:00,Karnataka,Red,4.81,36.73,77.53,82.91,32.28,41.75,Normal,0"
"2026-04-01 09:00:00,Punjab,Black,5.99,70.24,64.79,71.76,17.78,33.65,Moderate_Dry,0"
"2026-04-01 10:00:00,Uttar Pradesh,Red,7.26,125.75,30.9,71.99,10.21,25.34,Critical_Dry,1"
"2026-04-01 11:00:00,Tamil Nadu,Black,7.18,87.26,54.9,97.95,8.07,23.98,Critical_Dry,1"
"2026-04-01 12:00:00,Uttar Pradesh,Arid,5.14,65.55,57.06,54.45,41.46,19.36,Normal,0"
"2026-04-01 13:00:00,Tamil Nadu,Arid,4.53,25.78,79.86,119.52,42.86,21.17,Normal,0"
"2026-04-01 14:00:00,Gujarat,Alluvial,7.51,100.67,19.71,114.28,11.48,39.8,Critical_Dry,1"
"2026-04-01 15:00:00,Uttar Pradesh,Alluvial,4.93,138.39,23.39,16.36,26.02,35.94,Normal,0"
"2026-04-01 16:00:00,Punjab,Red,4.83,129.42,20.89,109.05,13.61,40.6,Critical_Dry,1"
"2026-04-01 17:00:00,Punjab,Black,4.51,106.08,51.23,86.46,43.1,28.17,Normal,0"
"2026-04-01 18:00:00,Uttar Pradesh,Laterite,6.23,32.64,19.47,67.72,17.13,32.43,Moderate_Dry,0"
"2026-04-01 19:00:00,Punjab,Alluvial,6.51,48.73,55.92,76.19,26.56,29.61,Normal,0"
"2026-04-01 20:00:00,Gujarat,Laterite,7.05,42.42,66.26,103.4,14.13,39.15,Critical_Dry,1"
"2026-04-01 21:00:00,Maharashtra,Laterite,5.68,62.66,40.3,114.86,20.31,41.79,Moderate_Dry,0"
"2026-04-01 22:00:00,Gujarat,Black,7.34,48.26,49.25,73.84,17.87,40.39,Moderate_Dry,0"
"2026-04-01 23:00:00,Tamil Nadu,Red,5.18,49.33,73.89,34.04,25.59,32.35,Normal,0"
"2026-04-02 00:00:00,Gujarat,Black,7.83,94.01,49.87,82.17,23.53,19.48,Normal,0"
"2026-04-02 01:00:00,Tamil Nadu,Alluvial,6.79,58.24,24.6,23.0,20.24,32.82,Moderate_Dry,0"
"2026-04-02 02:00:00,Punjab,Laterite,6.84,101.26,34.02,81.69,11.92,20.33,Critical_Dry,1"
"2026-04-02 03:00:00,Maharashtra,Black,5.34,133.75,47.09,99.9,25.93,21.33,Normal,0"
"2026-04-02 04:00:00,Punjab,Black,4.8,96.62,20.84,52.1,39.46,22.59,Normal,0"
"2026-04-02 05:00:00,Karnataka,Black,6.36,110.2,52.88,22.47,35.02,26.72,Normal,0"
"2026-04-02 06:00:00,Punjab,Alluvial,6.96,110.19,79.95,87.68,34.66,32.2,Normal,0"
"2026-04-02 07:00:00,Tamil Nadu,Red,4.88,59.68,55.68,50.63,21.55,26.01,Moderate_Dry,0"
"2026-04-02 08:00:00,Punjab,Black,8.3,21.79,36.07,41.16,34.21,28.85,Normal,0"
"2026-04-02 09:00:00,Punjab,Alluvial,8.42,26.61,33.22,87.36,25.22,19.13,Normal,0"
"2026-04-02 10:00:00,Maharashtra,Laterite,6.68,53.85,75.21,116.81,13.56,32.87,Critical_Dry,1"
"2026-04-02 11:00:00,Punjab,Arid,8.3,102.75,71.01,93.26,23.5,33.77,Normal,0"
"2026-04-02 12:00:00,Maharashtra,Alluvial,5.22,128.8,43.07,66.59,12.91,20.39,Critical_Dry,1"
"2026-04-02 13:00:00,Uttar Pradesh,Arid,4.6,135.06,34.74,78.05,12.24,36.84,Critical_Dry,1"
"2026-04-02 14:00:00,Karnataka,Black,4.66,23.1,59.73,29.94,8.85,33.54,Critical_Dry,1"
"2026-04-02 15:00:00,Maharashtra,Black,6.85,138.81,32.02,100.39,18.47,29.75,Moderate_Dry,0"
"2026-04-02 16:00:00,Tamil Nadu,Alluvial,4.75,58.7,18.36,78.45,20.24,31.27,Moderate_Dry,0"
"2026-04-02 17:00:00,Uttar Pradesh,Arid,8.33,121.15,31.71,116.41,33.88,30.07,Normal,0"
"2026-04-02 18:00:00,Maharashtra,Black,5.07,41.64,40.4,117.85,27.91,19.29,Normal,0"
"2026-04-02 19:00:00,Maharashtra,Laterite,5.72,27.55,27.88,52.23,39.76,35.64,Normal,0"
"2026-04-02 20:00:00,Karnataka,Red,7.79,65.4,25.18,118.8,14.53,30.28,Critical_Dry,1"
"2026-04-02 21:00:00,Tamil Nadu,Red,5.37,123.07,10.43,115.47,17.84,22.15,Moderate_Dry,0"
"2026-04-02 22:00:00,Gujarat,Black,5.47,46.5,54.16,82.18,42.82,34.34,Normal,0"
"2026-04-02 23:00:00,Gujarat,Arid,7.07,38.47,53.01,50.01,24.43,34.68,Normal,0"
"2026-04-03 00:00:00,Maharashtra,Black,5.6,129.18,23.16,94.1,37.19,23.12,Normal,0"
"2026-04-03 01:00:00,Punjab,Arid,5.37,132.6,76.06,43.48,26.21,37.12,Normal,0"
"2026-04-03 02:00:00,Tamil Nadu,Laterite,5.52,21.51,38.67,81.13,25.43,28.96,Normal,0"
"2026-04-03 03:00:00,Uttar Pradesh,Arid,6.46,107.29,11.78,17.58,13.48,22.33,Critical_Dry,1"
"2026-04-03 04:00:00,Punjab,Black,8.36,57.1,25.38,81.0,39.49,33.78,Normal,0"
"2026-04-03 05:00:00,Punjab,Laterite,7.83,64.96,58.44,114.92,10.9,32.32,Critical_Dry,1"
"2026-04-03 06:00:00,Tamil Nadu,Alluvial,5.64,76.29,24.11,39.69,19.48,22.09,Moderate_Dry,0"
"2026-04-03 07:00:00,Maharashtra,Red,5.95,71.21,13.77,96.71,32.92,38.94,Normal,0"
"2026-04-03 08:00:00,Maharashtra,Black,6.36,81.8,53.24,45.81,26.77,38.51,Normal,0"
"2026-04-03 09:00:00,Maharashtra,Black,8.42,89.88,46.28,89.32,40.61,38.07,Normal,0"
"2026-04-03 10:00:00,Maharashtra,Black,5.19,75.87,63.29,88.5,9.45,27.58,Critical_Dry,1"
"2026-04-03 11:00:00,Gujarat,Laterite,5.93,104.19,64.08,34.4,32.03,37.79,Normal,0"
"2026-04-03 12:00:00,Maharashtra,Alluvial,7.42,106.23,77.2,77.7,25.67,38.28,Normal,0"
"2026-04-03 13:00:00,Gujarat,Arid,8.36,72.84,13.99,105.21,13.71,41.92,Critical_Dry,1"
"2026-04-03 14:00:00,Gujarat,Alluvial,5.12,37.1,12.73,55.17,35.5,40.98,Normal,0"
"2026-04-03 15:00:00,Maharashtra,Laterite,5.41,96.88,79.1,89.58,23.22,27.19,Normal,0"
"2026-04-03 16:00:00,Karnataka,Black,5.4,112.75,55.14,85.82,27.67,22.76,Normal,0"
"2026-04-03 17:00:00,Uttar Pradesh,Red,4.58,96.57,60.08,42.04,43.79,25.02,Normal,0"
"2026-04-03 18:00:00,Punjab,Black,6.92,90.57,16.75,111.46,25.99,29.87,Normal,0"
"2026-04-03 19:00:00,Gujarat,Arid,7.18,47.53,14.89,74.17,38.46,37.33,Normal,0"
"2026-04-03 20:00:00,Tamil Nadu,Red,6.91,97.42,21.22,52.31,36.47,35.35,Normal,0"
"2026-04-03 21:00:00,Tamil Nadu,Black,4.79,60.18,39.9,32.26,32.52,36.91,Normal,0"
"2026-04-03 22:00:00,Uttar Pradesh,Red,4.78,130.35,17.71,64.71,41.18,27.12,Normal,0"
"2026-04-03 23:00:00,Tamil Nadu,Alluvial,5.34,98.45,41.24,91.66,17.31,23.93,Moderate_Dry,0"
"2026-04-04 00:00:00,Karnataka,Laterite,5.66,53.38,49.31,80.48,38.37,18.58,Normal,0"
"2026-04-04 01:00:00,Tamil Nadu,Black,7.65,76.75,10.02,91.34,21.98,33.03,Moderate_Dry,0"
"2026-04-04 02:00:00,Punjab,Arid,5.14,121.59,18.0,98.13,38.06,37.08,Normal,0"
"2026-04-04 03:00:00,Punjab,Alluvial,4.68,60.26,36.26,61.31,26.27,39.34,Normal,0"
"2026-04-04 04:00:00,Gujarat,Black,6.08,83.05,13.73,69.62,39.74,29.43,Normal,0"
"2026-04-04 05:00:00,Maharashtra,Alluvial,6.17,101.56,19.35,118.57,41.11,40.26,Normal,0"
"2026-04-04 06:00:00,Karnataka,Arid,6.3,110.54,26.23,116.65,30.11,22.86,Normal,0"
"2026-04-04 07:00:00,Gujarat,Black,7.81,40.87,40.07,58.56,26.78,30.35,Normal,0"
"2026-04-04 08:00:00,Karnataka,Arid,4.89,87.82,60.04,86.94,36.98,23.13,Normal,0"
"2026-04-04 09:00:00,Maharashtra,Red,7.32,129.46,19.29,43.1,17.88,22.51,Moderate_Dry,0"
"2026-04-04 10:00:00,Tamil Nadu,Arid,5.85,136.2,61.66,31.03,8.57,40.88,Critical_Dry,1"
"2026-04-04 11:00:00,Tamil Nadu,Red,5.74,98.74,69.85,95.68,23.06,37.63,Normal,0"
"2026-04-04 12:00:00,Maharashtra,Black,8.23,138.04,55.6,60.8,26.79,18.28,Normal,0"
"2026-04-04 13:00:00,Gujarat,Red,5.49,88.49,13.06,33.59,19.0,24.44,Moderate_Dry,0"
"2026-04-04 14:00:00,Maharashtra,Black,7.07,73.11,40.85,94.68,22.18,22.92,Moderate_Dry,0"
"2026-04-04 15:00:00,Uttar Pradesh,Black,5.6,86.19,56.2,111.09,12.92,21.53,Critical_Dry,1"
"2026-04-04 16:00:00,Punjab,Laterite,6.53,33.89,78.5,112.99,18.26,34.74,Moderate_Dry,0"
"2026-04-04 17:00:00,Gujarat,Black,7.65,68.21,76.63,77.62,16.88,31.6,Moderate_Dry,0"
"2026-04-04 18:00:00,Karnataka,Red,8.03,75.01,37.7,65.36,19.14,28.89,Moderate_Dry,0"
"2026-04-04 19:00:00,Uttar Pradesh,Laterite,7.85,121.84,53.12,29.9,19.07,22.55,Moderate_Dry,0"
"2026-04-04 20:00:00,Gujarat,Laterite,6.83,111.04,72.36,98.24,28.68,24.66,Normal,0"
"2026-04-04 21:00:00,Maharashtra,Black,5.5,92.17,68.17,114.26,17.27,26.55,Moderate_Dry,0"
"2026-04-04 22:00:00,Maharashtra,Arid,7.14,61.67,43.56,108.39,42.82,36.85,Normal,0"
"2026-04-04 23:00:00,Maharashtra,Arid,7.34,42.44,28.29,93.94,26.92,41.74,Normal,0"
"2026-04-05 00:00:00,Maharashtra,Laterite,4.54,61.73,19.6,15.48,12.77,22.42,Critical_Dry,1"
"2026-04-05 01:00:00,Karnataka,Black,6.26,101.58,44.16,57.81,18.35,26.2,Moderate_Dry,0"
"2026-04-05 02:00:00,Uttar Pradesh,Arid,7.87,51.56,60.6,58.12,35.0,24.72,Normal,0"
"2026-04-05 03:00:00,Tamil Nadu,Black,6.46,71.23,77.88,108.91,8.51,19.06,Critical_Dry,1"
"2026-04-05 04:00:00,Punjab,Black,5.75,66.41,70.33,21.89,42.7,23.26,Normal,0"
"2026-04-05 05:00:00,Karnataka,Laterite,7.99,111.87,24.3,70.78,24.47,39.64,Normal,0"
"2026-04-05 06:00:00,Karnataka,Laterite,5.12,126.05,60.38,29.29,27.28,38.23,Normal,0"
"2026-04-05 07:00:00,Tamil Nadu,Alluvial,5.33,103.92,30.24,84.54,44.57,22.02,Normal,0"
"2026-04-05 08:00:00,Tamil Nadu,Arid,7.25,60.99,57.84,98.19,26.63,26.79,Normal,0"
"2026-04-05 09:00:00,Punjab,Arid,5.91,71.98,56.61,82.41,43.07,25.46,Normal,0"
"2026-04-05 10:00:00,Punjab,Arid,7.35,37.2,29.07,98.43,41.86,21.55,Normal,0"
"2026-04-05 11:00:00,Tamil Nadu,Red,5.13,40.17,26.41,78.79,42.83,32.93,Normal,0"
"2026-04-05 12:00:00,Maharashtra,Black,5.51,39.72,17.28,34.93,38.06,31.38,Normal,0"
"2026-04-05 13:00:00,Karnataka,Laterite,5.13,35.67,13.54,55.18,18.97,28.25,Moderate_Dry,0"
"2026-04-05 14:00:00,Gujarat,Arid,8.31,41.55,70.09,115.47,20.82,38.53,Moderate_Dry,0"
"2026-04-05 15:00:00,Punjab,Alluvial,6.12,44.32,13.49,45.26,21.5,32.87,Moderate_Dry,0"
"2026-04-05 16:00:00,Punjab,Arid,5.85,33.42,16.21,21.6,44.23,24.22,Normal,0"
"2026-04-05 17:00:00,Tamil Nadu,Black,4.56,96.83,26.72,55.41,21.35,26.97,Moderate_Dry,0"
"2026-04-05 18:00:00,Uttar Pradesh,Black,5.11,138.85,72.14,53.46,12.02,21.6,Critical_Dry,1"
"2026-04-05 19:00:00,Gujarat,Laterite,6.18,125.5,33.31,64.38,36.8,32.19,Normal,0"
"2026-04-05 20:00:00,Gujarat,Red,4.77,25.47,23.43,73.83,21.54,32.08,Moderate_Dry,0"
"2026-04-05 21:00:00,Punjab,Laterite,6.54,70.77,60.09,119.2,30.97,38.88,Normal,0"
"2026-04-05 22:00:00,Maharashtra,Arid,6.32,123.12,32.33,94.4,42.2,38.54,Normal,0"
"2026-04-05 23:00:00,Uttar Pradesh,Alluvial,7.57,36.16,33.34,18.77,29.29,38.09,Normal,0"
"2026-04-06 00:00:00,Gujarat,Laterite,7.14,121.72,61.73,89.83,31.59,31.17,Normal,0"
"2026-04-06 01:00:00,Punjab,Red,6.28,91.12,27.62,101.54,31.79,33.65,Normal,0"
"2026-04-06 02:00:00,Gujarat,Laterite,5.4,131.76,72.77,109.04,30.66,36.61,Normal,0"
"2026-04-06 03:00:00,Uttar Pradesh,Black,7.41,125.12,49.3,59.52,13.91,20.2,Critical_Dry,1"
"2026-04-06 04:00:00,Uttar Pradesh,Arid,7.33,101.24,47.65,47.93,24.89,25.21,Normal,0"
"2026-04-06 05:00:00,Karnataka,Arid,5.11,98.94,28.53,103.13,8.28,22.06,Critical_Dry,1"
"2026-04-06 06:00:00,Tamil Nadu,Arid,8.16,45.58,68.46,96.65,31.17,30.28,Normal,0"
"2026-04-06 07:00:00,Tamil Nadu,Arid,4.76,34.01,50.09,71.28,29.29,38.1,Normal,0"
"2026-04-06 08:00:00,Punjab,Arid,4.72,69.85,20.89,27.38,19.77,23.54,Moderate_Dry,0"
"2026-04-06 09:00:00,Uttar Pradesh,Arid,5.25,42.39,24.44,83.43,27.38,35.54,Normal,0"
"2026-04-06 10:00:00,Karnataka,Alluvial,8.14,32.29,42.78,21.9,26.24,27.74,Normal,0"
"2026-04-06 11:00:00,Karnataka,Red,6.58,56.28,64.57,25.54,17.28,39.67,Moderate_Dry,0"
"2026-04-06 12:00:00,Gujarat,Arid,7.65,123.26,75.75,49.77,18.85,33.04,Moderate_Dry,0"
"2026-04-06 13:00:00,Gujarat,Red,5.41,22.06,56.44,53.97,36.21,41.44,Normal,0"
"2026-04-06 14:00:00,Karnataka,Arid,6.46,55.12,45.43,63.51,35.96,23.9,Normal,0"
"2026-04-06 15:00:00,Gujarat,Laterite,5.93,70.89,27.55,50.61,25.38,40.18,Normal,0"
"2026-04-06 16:00:00,Uttar Pradesh,Arid,7.81,81.27,57.1,18.55,34.55,26.57,Normal,0"
"2026-04-06 17:00:00,Maharashtra,Black,4.59,41.79,78.76,31.53,24.68,32.93,Normal,0"
"2026-04-06 18:00:00,Uttar Pradesh,Alluvial,5.48,135.71,43.34,27.09,39.5,22.19,Normal,0"
"2026-04-06 19:00:00,Karnataka,Laterite,5.11,89.46,21.35,60.27,20.31,36.23,Moderate_Dry,0"
"2026-04-06 20:00:00,Karnataka,Laterite,7.94,82.65,17.23,37.27,42.31,41.48,Normal,0"
"2026-04-06 21:00:00,Uttar Pradesh,Black,6.37,21.06,28.85,45.82,28.06,36.9,Normal,0"
"2026-04-06 22:00:00,Gujarat,Arid,6.12,78.29,49.86,64.51,27.82,32.78,Normal,0"
"2026-04-06 23:00:00,Gujarat,Alluvial,6.3,120.52,76.28,39.73,32.82,28.76,Normal,0"
"2026-04-07 00:00:00,Tamil Nadu,Laterite,8.39,46.36,30.94,40.82,20.61,26.29,Moderate_Dry,0"
"2026-04-07 01:00:00,Karnataka,Alluvial,7.9,62.14,31.38,102.48,34.8,28.06,Normal,0"
"2026-04-07 02:00:00,Punjab,Laterite,7.33,22.47,43.68,72.55,19.86,25.88,Moderate_Dry,0"
"2026-04-07 03:00:00,Tamil Nadu,Arid,5.66,137.23,74.3,104.96,22.71,37.99,Moderate_Dry,0"
"2026-04-07 04:00:00,Gujarat,Laterite,5.16,28.0,39.33,69.03,32.96,39.43,Normal,0"
"2026-04-07 05:00:00,Uttar Pradesh,Laterite,8.19,127.79,25.63,110.47,22.0,40.79,Moderate_Dry,0"
"2026-04-07 06:00:00,Gujarat,Red,6.19,57.56,21.42,41.75,15.4,28.04,Moderate_Dry,0"
"2026-04-07 07:00:00,Uttar Pradesh,Arid,5.62,90.51,41.99,79.75,40.26,31.11,Normal,0"
"2026-04-07 08:00:00,Tamil Nadu,Black,6.38,101.52,66.05,67.84,42.12,31.85,Normal,0"
"2026-04-07 09:00:00,Karnataka,Black,8.17,36.9,30.39,111.46,31.19,33.63,Normal,0"
"2026-04-07 10:00:00,Gujarat,Arid,6.05,73.25,45.88,58.94,38.01,18.06,Normal,0"
"2026-04-07 11:00:00,Uttar Pradesh,Black,6.75,59.06,52.21,104.76,44.51,38.22,Normal,0"
"2026-04-07 12:00:00,Karnataka,Arid,7.71,26.79,41.53,74.21,30.75,24.44,Normal,0"
"2026-04-07 13:00:00,Punjab,Black,6.21,119.98,23.42,89.4,41.63,29.33,Normal,0"
"2026-04-07 14:00:00,Uttar Pradesh,Red,5.43,25.42,74.52,108.12,21.29,38.2,Moderate_Dry,0"
"2026-04-07 15:00:00,Tamil Nadu,Black,8.48,98.39,49.58,119.68,33.92,41.92,Normal,0"
"2026-04-07 16:00:00,Punjab,Laterite,8.33,57.69,61.04,91.77,10.06,37.08,Critical_Dry,1"
"2026-04-07 17:00:00,Punjab,Arid,7.87,43.06,54.52,48.02,37.19,18.6,Normal,0"
"2026-04-07 18:00:00,Maharashtra,Alluvial,7.25,100.05,79.86,46.4,38.7,26.85,Normal,0"
"2026-04-07 19:00:00,Gujarat,Alluvial,5.68,88.94,41.94,47.46,22.84,23.93,Moderate_Dry,0"
"2026-04-07 20:00:00,Uttar Pradesh,Arid,8.15,57.83,39.75,25.28,31.64,41.14,Normal,0"
"2026-04-07 21:00:00,Punjab,Red,5.6,81.56,35.21,20.63,39.76,24.34,Normal,0"
"2026-04-07 22:00:00,Maharashtra,Black,7.7,49.55,35.31,75.99,40.69,40.64,Normal,0"
"2026-04-07 23:00:00,Tamil Nadu,Red,8.17,123.64,29.3,100.11,11.94,40.5,Critical_Dry,1"
"2026-04-08 00:00:00,Karnataka,Alluvial,6.91,57.66,78.64,18.79,38.62,38.15,Normal,0"
"2026-04-08 01:00:00,Uttar Pradesh,Arid,7.71,49.42,70.95,74.5,18.15,20.35,Moderate_Dry,0"
"2026-04-08 02:00:00,Punjab,Arid,7.67,110.22,32.17,54.03,34.91,18.05,Normal,0"
"2026-04-08 03:00:00,Gujarat,Red,5.27,22.11,31.37,108.71,20.03,37.05,Moderate_Dry,0"
"2026-04-08 04:00:00,Maharashtra,Red,7.17,52.16,17.25,30.27,10.08,38.24,Critical_Dry,1"
"2026-04-08 05:00:00,Punjab,Black,4.87,65.05,71.39,74.16,15.77,41.09,Moderate_Dry,0"
"2026-04-08 06:00:00,Gujarat,Laterite,6.53,125.87,36.02,116.95,23.12,23.24,Normal,0"
"2026-04-08 07:00:00,Punjab,Laterite,5.15,134.05,50.08,51.23,35.43,35.6,Normal,0"
"2026-04-08 08:00:00,Uttar Pradesh,Black,6.17,105.98,73.03,92.89,11.73,30.46,Critical_Dry,1"
"2026-04-08 09:00:00,Uttar Pradesh,Laterite,7.83,79.1,38.57,107.66,38.08,25.88,Normal,0"
"2026-04-08 10:00:00,Uttar Pradesh,Alluvial,8.45,96.87,66.48,34.55,44.89,32.55,Normal,0"
"2026-04-08 11:00:00,Tamil Nadu,Laterite,5.77,69.68,40.12,119.22,37.17,31.16,Normal,0"
"2026-04-08 12:00:00,Tamil Nadu,Black,6.63,55.86,59.07,99.99,25.53,25.02,Normal,0"
"2026-04-08 13:00:00,Maharashtra,Laterite,6.55,134.08,40.18,29.44,29.02,24.44,Normal,0"
"2026-04-08 14:00:00,Uttar Pradesh,Arid,8.32,33.85,37.49,47.64,8.23,29.68,Critical_Dry,1"
"2026-04-08 15:00:00,Gujarat,Red,6.41,61.57,79.35,80.62,15.74,29.38,Moderate_Dry,0"
"2026-04-08 16:00:00,Punjab,Alluvial,7.3,127.89,52.86,107.92,41.26,25.25,Normal,0"
"2026-04-08 17:00:00,Karnataka,Arid,8.19,106.78,35.72,35.46,8.8,24.33,Critical_Dry,1"
"2026-04-08 18:00:00,Gujarat,Arid,5.99,23.49,28.05,91.78,41.48,40.9,Normal,0"
"2026-04-08 19:00:00,Tamil Nadu,Black,8.11,22.77,12.78,43.42,12.19,38.7,Critical_Dry,1"
"2026-04-08 20:00:00,Tamil Nadu,Red,8.17,81.98,59.46,99.57,12.92,37.6,Critical_Dry,1"
"2026-04-08 21:00:00,Gujarat,Red,8.22,78.11,36.05,86.76,14.49,23.14,Critical_Dry,1"
"2026-04-08 22:00:00,Tamil Nadu,Alluvial,5.58,73.16,67.49,69.91,37.58,22.54,Normal,0"
"2026-04-08 23:00:00,Uttar Pradesh,Black,6.1,56.28,35.47,83.24,25.69,37.42,Normal,0"
"2026-04-09 00:00:00,Maharashtra,Alluvial,7.98,138.4,36.13,107.03,13.37,22.43,Critical_Dry,1"
"2026-04-09 01:00:00,Punjab,Laterite,5.94,52.64,64.54,55.57,33.41,30.08,Normal,0"
"2026-04-09 02:00:00,Maharashtra,Arid,6.9,78.8,44.26,95.77,42.81,23.31,Normal,0"
"2026-04-09 03:00:00,Punjab,Alluvial,4.97,68.59,71.94,31.69,29.18,27.07,Normal,0"
"2026-04-09 04:00:00,Punjab,Arid,4.73,40.43,51.31,88.62,11.65,38.48,Critical_Dry,1"
"2026-04-09 05:00:00,Maharashtra,Black,6.15,44.31,26.85,93.82,10.03,39.39,Critical_Dry,1"
"2026-04-09 06:00:00,Gujarat,Laterite,6.82,130.2,49.78,61.51,37.45,41.92,Normal,0"
"2026-04-09 07:00:00,Punjab,Black,6.07,122.99,10.28,98.33,31.17,40.65,Normal,0"
"2026-04-09 08:00:00,Maharashtra,Laterite,6.81,43.89,31.87,73.5,42.14,34.11,Normal,0"
"2026-04-09 09:00:00,Punjab,Laterite,6.56,125.08,24.56,113.31,28.25,28.36,Normal,0"
"2026-04-09 10:00:00,Karnataka,Arid,7.24,45.1,55.79,26.81,10.31,19.38,Critical_Dry,1"
"2026-04-09 11:00:00,Gujarat,Black,7.1,95.19,19.52,28.74,22.94,32.6,Moderate_Dry,0"
"2026-04-09 12:00:00,Uttar Pradesh,Black,6.2,29.75,30.31,103.45,32.35,23.06,Normal,0"
"2026-04-09 13:00:00,Punjab,Alluvial,6.2,125.64,33.19,103.45,22.24,38.4,Moderate_Dry,0"
"2026-04-09 14:00:00,Karnataka,Black,5.06,26.18,10.23,64.48,44.98,31.17,Normal,0"
"2026-04-09 15:00:00,Uttar Pradesh,Alluvial,6.55,86.59,13.27,116.22,23.0,35.6,Normal,0"
"2026-04-09 16:00:00,Uttar Pradesh,Red,6.85,113.57,31.78,86.34,28.21,34.16,Normal,0"
"2026-04-09 17:00:00,Punjab,Red,6.41,34.02,25.56,118.2,16.34,26.34,Moderate_Dry,0"
"2026-04-09 18:00:00,Maharashtra,Red,5.8,68.54,18.18,70.9,13.63,36.22,Critical_Dry,1"
"2026-04-09 19:00:00,Punjab,Black,7.39,25.03,20.79,36.17,31.88,38.24,Normal,0"
"2026-04-09 20:00:00,Karnataka,Black,4.8,101.93,68.49,61.66,29.78,35.86,Normal,0"
"2026-04-09 21:00:00,Uttar Pradesh,Alluvial,8.16,56.89,57.83,117.95,8.16,36.64,Critical_Dry,1"
"2026-04-09 22:00:00,Punjab,Laterite,4.58,87.13,43.89,53.89,18.54,26.64,Moderate_Dry,0"
"2026-04-09 23:00:00,Maharashtra,Alluvial,8.35,131.93,73.62,115.49,31.81,40.65,Normal,0"
"2026-04-10 00:00:00,Punjab,Red,6.35,56.7,12.07,98.69,38.05,28.19,Normal,0"
"2026-04-10 01:00:00,Gujarat,Alluvial,6.15,25.84,34.15,61.42,19.56,39.53,Moderate_Dry,0"
"2026-04-10 02:00:00,Maharashtra,Laterite,5.53,101.08,67.64,71.9,31.96,38.59,Normal,0"
"2026-04-10 03:00:00,Karnataka,Black,4.54,114.42,53.98,78.78,17.81,20.98,Moderate_Dry,0"
"2026-04-10 04:00:00,Uttar Pradesh,Alluvial,5.6,134.94,78.72,84.91,33.54,41.19,Normal,0"
"2026-04-10 05:00:00,Punjab,Red,4.94,38.94,76.12,23.05,33.82,41.91,Normal,0"
"2026-04-10 06:00:00,Maharashtra,Red,7.14,67.06,21.9,113.03,12.82,32.55,Critical_Dry,1"
"2026-04-10 07:00:00,Gujarat,Black,5.78,121.3,78.04,77.68,32.61,36.79,Normal,0"
"2026-04-10 08:00:00,Maharashtra,Alluvial,7.57,116.82,76.19,112.77,20.34,40.41,Moderate_Dry,0"
"2026-04-10 09:00:00,Tamil Nadu,Laterite,5.33,94.98,36.15,81.35,14.39,18.48,Critical_Dry,1"
"2026-04-10 10:00:00,Gujarat,Black,8.1,52.32,78.8,60.26,26.51,40.32,Normal,0"
"2026-04-10 11:00:00,Karnataka,Alluvial,6.59,54.08,12.51,74.53,24.73,33.06,Normal,0"
"2026-04-10 12:00:00,Uttar Pradesh,Arid,4.96,34.88,56.25,102.1,36.63,37.88,Normal,0"
"2026-04-10 13:00:00,Karnataka,Red,6.1,130.62,28.63,49.24,11.13,30.98,Critical_Dry,1"
"2026-04-10 14:00:00,Punjab,Laterite,5.33,40.75,19.06,115.43,37.22,30.73,Normal,0"
"2026-04-10 15:00:00,Maharashtra,Laterite,5.3,88.75,50.43,63.93,11.93,39.54,Critical_Dry,1"
"2026-04-10 16:00:00,Tamil Nadu,Laterite,6.53,90.12,31.44,115.4,15.68,30.18,Moderate_Dry,0"
"2026-04-10 17:00:00,Gujarat,Red,7.19,64.35,56.68,107.48,27.09,29.32,Normal,0"
"2026-04-10 18:00:00,Gujarat,Alluvial,8.15,62.3,47.8,95.6,25.14,32.6,Normal,0"
"2026-04-10 19:00:00,Maharashtra,Black,6.51,100.23,37.48,64.08,44.59,30.45,Normal,0"
"2026-04-10 20:00:00,Tamil Nadu,Alluvial,8.36,66.6,22.73,76.63,29.81,28.71,Normal,0"
"2026-04-10 21:00:00,Maharashtra,Black,8.27,50.61,52.09,102.99,20.12,22.33,Moderate_Dry,0"
"2026-04-10 22:00:00,Punjab,Laterite,7.96,67.9,68.05,72.13,41.31,27.54,Normal,0"
"2026-04-10 23:00:00,Karnataka,Alluvial,6.5,116.92,52.0,92.51,19.55,24.77,Moderate_Dry,0"
"2026-04-11 00:00:00,Gujarat,Laterite,5.06,135.98,52.74,98.02,18.13,27.61,Moderate_Dry,0"
"2026-04-11 01:00:00,Punjab,Arid,5.37,96.31,45.83,68.88,26.29,32.24,Normal,0"
"2026-04-11 02:00:00,Karnataka,Laterite,7.09,113.85,37.18,71.31,41.79,32.61,Normal,0"
"2026-04-11 03:00:00,Punjab,Laterite,6.19,83.94,42.02,35.77,34.22,23.73,Normal,0"
"2026-04-11 04:00:00,Tamil Nadu,Black,5.09,94.98,79.27,40.7,33.07,20.03,Normal,0"
"2026-04-11 05:00:00,Gujarat,Arid,6.42,138.57,62.48,110.02,34.86,35.87,Normal,0"
"2026-04-11 06:00:00,Maharashtra,Laterite,4.57,72.61,40.14,103.23,32.41,30.69,Normal,0"
"2026-04-11 07:00:00,Maharashtra,Laterite,7.44,27.95,42.01,16.06,36.11,28.61,Normal,0"
"2026-04-11 08:00:00,Karnataka,Arid,4.79,134.84,44.97,106.29,15.13,21.11,Moderate_Dry,0"
"2026-04-11 09:00:00,Uttar Pradesh,Arid,7.02,115.17,56.15,17.65,14.56,27.95,Critical_Dry,1"
"2026-04-11 10:00:00,Tamil Nadu,Alluvial,7.67,67.8,42.62,63.12,21.4,37.64,Moderate_Dry,0"
"2026-04-11 11:00:00,Karnataka,Black,5.03,137.89,58.03,22.08,39.49,31.95,Normal,0"
"2026-04-11 12:00:00,Uttar Pradesh,Arid,6.57,61.46,33.04,116.73,34.43,20.18,Normal,0"
"2026-04-11 13:00:00,Punjab,Arid,7.62,64.65,38.74,117.09,28.96,25.97,Normal,0"
"2026-04-11 14:00:00,Tamil Nadu,Red,5.54,93.17,70.48,79.14,8.72,41.52,Critical_Dry,1"
"2026-04-11 15:00:00,Punjab,Arid,5.15,52.92,33.02,56.18,16.72,31.07,Moderate_Dry,0"
"2026-04-11 16:00:00,Gujarat,Black,5.85,103.83,77.51,68.76,37.73,24.87,Normal,0"
"2026-04-11 17:00:00,Tamil Nadu,Laterite,6.72,38.34,22.08,95.04,16.97,39.92,Moderate_Dry,0"
"2026-04-11 18:00:00,Uttar Pradesh,Laterite,6.8,32.96,26.92,38.44,35.02,26.06,Normal,0"
"2026-04-11 19:00:00,Gujarat,Laterite,5.02,84.19,42.46,61.38,14.83,35.52,Critical_Dry,1"
"2026-04-11 20:00:00,Maharashtra,Laterite,6.33,86.66,65.82,92.41,30.44,21.53,Normal,0"
"2026-04-11 21:00:00,Uttar Pradesh,Red,5.57,32.8,61.21,56.52,31.24,21.76,Normal,0"
"2026-04-11 22:00:00,Karnataka,Arid,7.87,135.7,22.21,18.36,35.82,31.47,Normal,0"
"2026-04-11 23:00:00,Maharashtra,Laterite,5.75,88.79,26.57,68.28,24.22,23.76,Normal,0"
"2026-04-12 00:00:00,Maharashtra,Alluvial,7.85,38.12,50.27,92.43,31.41,19.18,Normal,0"
"2026-04-12 01:00:00,Karnataka,Laterite,6.21,57.37,30.66,117.57,26.02,40.24,Normal,0"
"2026-04-12 02:00:00,Tamil Nadu,Arid,7.41,116.03,39.56,18.89,43.05,19.34,Normal,0"
"2026-04-12 03:00:00,Maharashtra,Laterite,6.54,82.79,44.06,71.69,27.31,35.22,Normal,0"
"2026-04-12 04:00:00,Uttar Pradesh,Red,6.99,42.58,51.6,62.24,15.76,25.99,Moderate_Dry,0"
"2026-04-12 05:00:00,Gujarat,Black,6.08,32.34,27.57,40.46,32.71,40.4,Normal,0"
"2026-04-12 06:00:00,Maharashtra,Black,7.57,71.69,21.42,81.97,28.29,41.67,Normal,0"
"2026-04-12 07:00:00,Uttar Pradesh,Arid,6.2,60.49,37.9,32.18,37.74,26.05,Normal,0"
"2026-04-12 08:00:00,Punjab,Black,6.33,98.71,15.74,44.81,14.55,32.19,Critical_Dry,1"
"2026-04-12 09:00:00,Uttar Pradesh,Black,6.57,131.03,46.87,97.08,17.65,36.55,Moderate_Dry,0"
"2026-04-12 10:00:00,Gujarat,Alluvial,7.83,49.73,68.77,63.34,42.1,20.96,Normal,0"
"2026-04-12 11:00:00,Uttar Pradesh,Arid,7.14,122.63,18.33,119.34,42.41,35.03,Normal,0"
"2026-04-12 12:00:00,Karnataka,Arid,5.9,130.46,17.89,55.58,24.36,39.75,Normal,0"
"2026-04-12 13:00:00,Gujarat,Black,7.18,128.24,15.62,63.64,9.77,22.28,Critical_Dry,1"
"2026-04-12 14:00:00,Tamil Nadu,Black,7.07,134.25,69.35,46.53,19.34,38.13,Moderate_Dry,0"
"2026-04-12 15:00:00,Punjab,Black,8.22,121.05,15.65,39.81,17.14,20.77,Moderate_Dry,0"
"2026-04-12 16:00:00,Karnataka,Red,7.87,91.22,78.84,111.84,23.34,31.64,Normal,0"
"2026-04-12 17:00:00,Tamil Nadu,Laterite,7.09,69.18,35.08,93.63,19.76,26.14,Moderate_Dry,0"
"2026-04-12 18:00:00,Uttar Pradesh,Red,5.87,79.0,33.01,50.01,38.67,29.32,Normal,0"
"2026-04-12 19:00:00,Gujarat,Arid,7.62,124.71,16.41,88.52,8.11,25.22,Critical_Dry,1"
"2026-04-12 20:00:00,Punjab,Alluvial,6.8,56.17,50.99,116.41,31.85,24.25,Normal,0"
"2026-04-12 21:00:00,Karnataka,Laterite,8.44,39.11,51.01,22.78,32.58,35.84,Normal,0"
"2026-04-12 22:00:00,Tamil Nadu,Alluvial,5.49,36.9,44.57,42.77,32.44,23.35,Normal,0"
"2026-04-12 23:00:00,Tamil Nadu,Arid,4.82,119.24,31.77,36.06,27.26,27.8,Normal,0"
"2026-04-13 00:00:00,Punjab,Arid,4.78,111.38,35.8,106.33,30.61,24.59,Normal,0"
"2026-04-13 01:00:00,Uttar Pradesh,Alluvial,7.06,79.72,32.44,33.81,37.99,23.73,Normal,0"
"2026-04-13 02:00:00,Punjab,Alluvial,8.26,52.98,39.83,47.35,37.02,33.05,Normal,0"
"2026-04-13 03:00:00,Tamil Nadu,Alluvial,4.51,101.31,33.93,72.11,9.28,19.09,Critical_Dry,1"
"2026-04-13 04:00:00,Maharashtra,Arid,7.4,24.61,57.29,80.21,9.13,36.93,Critical_Dry,1"
"2026-04-13 05:00:00,Karnataka,Black,7.13,88.19,30.71,99.86,39.04,31.11,Normal,0"
"2026-04-13 06:00:00,Punjab,Alluvial,7.43,67.81,34.56,57.77,29.26,37.88,Normal,0"
"2026-04-13 07:00:00,Tamil Nadu,Laterite,5.92,137.34,40.48,71.1,43.42,23.11,Normal,0"
"2026-04-13 08:00:00,Uttar Pradesh,Arid,7.78,80.91,10.28,116.37,23.97,35.03,Normal,0"
"2026-04-13 09:00:00,Tamil Nadu,Red,4.68,86.27,44.45,46.22,14.54,28.09,Critical_Dry,1"
"2026-04-13 10:00:00,Uttar Pradesh,Red,7.52,105.48,27.91,41.05,25.51,19.84,Normal,0"
"2026-04-13 11:00:00,Punjab,Laterite,5.57,78.14,13.93,89.61,24.15,36.06,Normal,0"
"2026-04-13 12:00:00,Uttar Pradesh,Black,6.41,46.95,73.77,95.97,27.14,36.29,Normal,0"
"2026-04-13 13:00:00,Gujarat,Alluvial,7.79,84.47,32.57,58.55,37.89,24.5,Normal,0"
"2026-04-13 14:00:00,Gujarat,Arid,5.59,133.31,39.83,37.36,32.26,39.99,Normal,0"
"2026-04-13 15:00:00,Gujarat,Alluvial,5.24,69.19,67.91,96.79,14.86,36.34,Critical_Dry,1"
"2026-04-13 16:00:00,Maharashtra,Arid,7.23,101.56,21.68,85.4,35.18,25.36,Normal,0"
"2026-04-13 17:00:00,Punjab,Red,6.63,137.36,69.52,107.0,29.9,23.74,Normal,0"
"2026-04-13 18:00:00,Tamil Nadu,Alluvial,6.56,119.59,26.91,103.65,29.4,28.56,Normal,0"
"2026-04-13 19:00:00,Tamil Nadu,Laterite,5.53,99.08,51.23,36.55,33.1,25.03,Normal,0"
"2026-04-13 20:00:00,Maharashtra,Black,4.64,108.32,58.0,102.4,28.87,23.21,Normal,0"
"2026-04-13 21:00:00,Uttar Pradesh,Laterite,6.14,132.38,73.35,33.39,24.93,27.58,Normal,0"
"2026-04-13 22:00:00,Maharashtra,Black,4.93,135.17,52.53,105.69,31.69,18.62,Normal,0"
"2026-04-13 23:00:00,Uttar Pradesh,Alluvial,8.12,136.28,41.73,95.88,34.78,27.63,Normal,0"
"2026-04-14 00:00:00,Uttar Pradesh,Alluvial,4.67,95.08,50.06,74.84,16.35,23.32,Moderate_Dry,0"
"2026-04-14 01:00:00,Karnataka,Black,6.23,66.17,24.15,82.43,26.39,24.34,Normal,0"
"2026-04-14 02:00:00,Tamil Nadu,Red,4.71,35.98,58.24,25.93,24.95,19.98,Normal,0"
"2026-04-14 03:00:00,Gujarat,Arid,4.88,66.27,23.08,19.19,9.48,32.13,Critical_Dry,1"
"2026-04-14 04:00:00,Uttar Pradesh,Laterite,7.14,133.15,49.01,49.72,38.87,29.33,Normal,0"
"2026-04-14 05:00:00,Karnataka,Laterite,7.09,126.78,55.33,101.25,21.96,36.02,Moderate_Dry,0"
"2026-04-14 06:00:00,Tamil Nadu,Laterite,4.63,82.84,72.9,63.91,10.69,41.69,Critical_Dry,1"
"2026-04-14 07:00:00,Gujarat,Alluvial,4.5,84.44,41.51,38.46,24.94,20.87,Normal,0"
"2026-04-14 08:00:00,Uttar Pradesh,Laterite,4.82,57.07,64.27,102.63,13.97,24.54,Critical_Dry,1"
"2026-04-14 09:00:00,Uttar Pradesh,Arid,7.55,74.54,21.73,39.01,34.06,34.38,Normal,0"
"2026-04-14 10:00:00,Maharashtra,Arid,6.84,105.73,20.93,100.63,29.16,23.7,Normal,0"
"2026-04-14 11:00:00,Maharashtra,Black,4.65,68.29,46.74,62.56,17.99,18.72,Moderate_Dry,0"
"2026-04-14 12:00:00,Tamil Nadu,Alluvial,6.45,42.56,51.74,63.67,43.17,20.64,Normal,0"
"2026-04-14 13:00:00,Gujarat,Arid,7.35,84.9,54.26,43.64,18.79,28.41,Moderate_Dry,0"
"2026-04-14 14:00:00,Uttar Pradesh,Red,7.98,47.04,62.2,109.52,28.53,28.34,Normal,0"
"2026-04-14 15:00:00,Tamil Nadu,Alluvial,8.24,136.91,30.65,24.32,37.66,41.34,Normal,0"
"2026-04-14 16:00:00,Tamil Nadu,Alluvial,5.81,66.84,53.58,30.16,27.01,29.18,Normal,0"
"2026-04-14 17:00:00,Punjab,Arid,5.04,129.16,23.17,81.77,43.55,34.27,Normal,0"
"2026-04-14 18:00:00,Maharashtra,Red,5.45,47.07,25.33,104.26,39.22,29.81,Normal,0"
"2026-04-14 19:00:00,Gujarat,Black,7.6,42.71,14.71,25.02,42.08,24.48,Normal,0"
"2026-04-14 20:00:00,Uttar Pradesh,Arid,8.39,94.03,62.29,92.04,21.79,20.53,Moderate_Dry,0"
"2026-04-14 21:00:00,Tamil Nadu,Red,6.37,113.53,45.49,92.96,28.29,38.62,Normal,0"
"2026-04-14 22:00:00,Uttar Pradesh,Alluvial,5.72,88.01,26.67,76.06,39.09,21.66,Normal,0"
"2026-04-14 23:00:00,Punjab,Red,6.22,47.58,48.94,66.11,41.43,20.33,Normal,0"
"2026-04-15 00:00:00,Gujarat,Alluvial,5.72,24.55,34.8,48.71,42.94,23.13,Normal,0"
"2026-04-15 01:00:00,Tamil Nadu,Arid,5.53,94.19,68.6,51.9,40.53,18.06,Normal,0"
"2026-04-15 02:00:00,Uttar Pradesh,Arid,6.88,35.72,46.97,85.82,35.04,19.73,Normal,0"
"2026-04-15 03:00:00,Maharashtra,Laterite,4.56,61.18,12.09,21.86,8.9,33.24,Critical_Dry,1"
"2026-04-15 04:00:00,Punjab,Laterite,5.54,101.09,78.96,76.42,19.65,23.85,Moderate_Dry,0"
"2026-04-15 05:00:00,Gujarat,Laterite,7.15,31.76,15.2,44.27,12.77,26.12,Critical_Dry,1"
"2026-04-15 06:00:00,Punjab,Arid,4.63,35.27,58.72,63.99,13.73,38.05,Critical_Dry,1"
"2026-04-15 07:00:00,Maharashtra,Black,4.83,27.4,40.61,73.69,18.76,36.55,Moderate_Dry,0"
"2026-04-15 08:00:00,Gujarat,Arid,5.67,139.53,27.45,107.99,10.77,29.81,Critical_Dry,1"
"2026-04-15 09:00:00,Punjab,Red,8.01,66.45,57.35,75.8,16.99,32.71,Moderate_Dry,0"
"2026-04-15 10:00:00,Karnataka,Arid,7.56,128.7,18.81,38.85,43.41,20.06,Normal,0"
"2026-04-15 11:00:00,Maharashtra,Arid,4.59,55.23,70.08,23.34,19.54,36.28,Moderate_Dry,0"
"2026-04-15 12:00:00,Maharashtra,Alluvial,6.51,110.38,27.54,80.83,13.91,30.39,Critical_Dry,1"
"2026-04-15 13:00:00,Maharashtra,Alluvial,5.6,46.29,35.3,72.23,34.58,31.7,Normal,0"
"2026-04-15 14:00:00,Karnataka,Alluvial,7.09,79.8,54.29,85.54,38.65,33.97,Normal,0"
"2026-04-15 15:00:00,Karnataka,Arid,7.39,118.95,10.07,63.24,19.62,30.0,Moderate_Dry,0"
"2026-04-15 16:00:00,Uttar Pradesh,Black,7.95,117.96,43.09,101.64,18.3,30.52,Moderate_Dry,0"
"2026-04-15 17:00:00,Tamil Nadu,Red,6.4,115.31,72.6,111.62,16.95,29.99,Moderate_Dry,0"
"2026-04-15 18:00:00,Punjab,Red,8.48,118.85,57.63,19.2,22.55,29.92,Moderate_Dry,0"
"2026-04-15 19:00:00,Uttar Pradesh,Black,8.42,45.38,37.15,93.13,11.23,36.0,Critical_Dry,1"
"2026-04-15 20:00:00,Punjab,Black,8.03,77.87,56.23,18.69,32.76,28.25,Normal,0"
"2026-04-15 21:00:00,Tamil Nadu,Red,6.8,78.18,75.56,61.74,38.42,18.07,Normal,0"
"2026-04-15 22:00:00,Karnataka,Laterite,6.09,126.86,23.15,63.47,32.56,32.69,Normal,0"
"2026-04-15 23:00:00,Tamil Nadu,Alluvial,5.96,55.63,47.23,88.1,23.58,40.86,Normal,0"
"2026-04-16 00:00:00,Karnataka,Alluvial,4.55,131.78,26.43,52.0,18.69,24.17,Moderate_Dry,0"
"2026-04-16 01:00:00,Tamil Nadu,Red,5.5,74.1,69.8,101.19,23.15,37.59,Normal,0"
"2026-04-16 02:00:00,Uttar Pradesh,Black,7.38,100.37,60.47,51.0,23.68,28.93,Normal,0"
"2026-04-16 03:00:00,Gujarat,Laterite,6.91,52.27,66.08,50.96,32.64,33.43,Normal,0"
"2026-04-16 04:00:00,Uttar Pradesh,Red,8.17,69.24,76.01,38.39,42.34,39.38,Normal,0"
"2026-04-16 05:00:00,Punjab,Alluvial,4.7,105.18,26.26,86.81,10.61,36.5,Critical_Dry,1"
"2026-04-16 06:00:00,Uttar Pradesh,Arid,5.12,81.53,13.41,23.04,43.27,39.23,Normal,0"
"2026-04-16 07:00:00,Maharashtra,Black,7.66,131.68,30.36,53.12,41.68,18.23,Normal,0"
"2026-04-16 08:00:00,Punjab,Arid,5.93,108.45,37.94,43.02,12.36,22.5,Critical_Dry,1"
"2026-04-16 09:00:00,Tamil Nadu,Red,4.97,87.73,53.76,39.08,14.79,28.16,Critical_Dry,1"
"2026-04-16 10:00:00,Punjab,Alluvial,8.49,126.4,65.84,21.4,19.53,38.35,Moderate_Dry,0"
"2026-04-16 11:00:00,Gujarat,Laterite,7.65,99.87,34.49,34.99,28.71,38.12,Normal,0"
"2026-04-16 12:00:00,Karnataka,Arid,6.13,97.68,43.14,61.86,12.98,22.44,Critical_Dry,1"
"2026-04-16 13:00:00,Tamil Nadu,Laterite,7.79,49.56,64.98,67.89,15.41,21.41,Moderate_Dry,0"
"2026-04-16 14:00:00,Punjab,Alluvial,7.22,67.38,25.77,43.3,41.4,38.03,Normal,0"
"2026-04-16 15:00:00,Tamil Nadu,Arid,7.66,102.0,25.2,83.28,12.04,30.99,Critical_Dry,1"
"2026-04-16 16:00:00,Tamil Nadu,Laterite,7.76,127.02,51.25,50.26,22.76,33.04,Moderate_Dry,0"
"2026-04-16 17:00:00,Tamil Nadu,Laterite,4.84,57.87,40.52,53.56,36.23,37.42,Normal,0"
"2026-04-16 18:00:00,Karnataka,Arid,6.99,45.86,76.42,97.18,40.88,23.08,Normal,0"
"2026-04-16 19:00:00,Uttar Pradesh,Alluvial,4.53,91.24,34.99,72.96,20.43,21.28,Moderate_Dry,0"
"2026-04-16 20:00:00,Tamil Nadu,Laterite,4.67,28.06,63.17,115.08,14.08,38.62,Critical_Dry,1"
"2026-04-16 21:00:00,Maharashtra,Red,8.12,105.75,50.82,52.73,35.27,20.68,Normal,0"
"2026-04-16 22:00:00,Gujarat,Arid,6.61,104.38,13.82,101.92,36.58,20.12,Normal,0"
"2026-04-16 23:00:00,Karnataka,Black,7.44,62.6,15.91,92.53,44.26,24.65,Normal,0"
"2026-04-17 00:00:00,Punjab,Black,7.85,127.12,24.22,108.47,13.16,25.6,Critical_Dry,1"
"2026-04-17 01:00:00,Karnataka,Alluvial,8.3,80.26,20.02,115.46,34.25,23.79,Normal,0"
"2026-04-17 02:00:00,Punjab,Red,7.98,97.49,33.06,15.81,23.44,35.8,Normal,0"
"2026-04-17 03:00:00,Karnataka,Laterite,6.43,45.15,50.53,24.27,41.84,41.36,Normal,0"
"2026-04-17 04:00:00,Punjab,Black,5.84,70.08,52.17,85.81,23.09,22.79,Normal,0"
"2026-04-17 05:00:00,Tamil Nadu,Alluvial,5.12,123.49,51.14,55.97,24.5,36.76,Normal,0"
"2026-04-17 06:00:00,Uttar Pradesh,Red,6.1,45.55,18.23,101.01,12.69,19.06,Critical_Dry,1"
"2026-04-17 07:00:00,Punjab,Red,5.97,66.87,52.02,16.26,19.87,20.85,Moderate_Dry,0"
"2026-04-17 08:00:00,Punjab,Alluvial,6.74,58.17,38.68,99.73,22.83,30.36,Moderate_Dry,0"
"2026-04-17 09:00:00,Maharashtra,Alluvial,7.16,38.13,73.21,29.2,8.65,41.99,Critical_Dry,1"
"2026-04-17 10:00:00,Punjab,Laterite,8.41,54.77,73.84,45.48,24.19,40.78,Normal,0"
"2026-04-17 11:00:00,Maharashtra,Alluvial,7.41,47.93,63.77,116.75,20.44,20.69,Moderate_Dry,0"
"2026-04-17 12:00:00,Gujarat,Laterite,7.07,130.83,59.22,20.42,37.74,23.75,Normal,0"
"2026-04-17 13:00:00,Tamil Nadu,Laterite,5.84,108.93,18.05,51.65,11.96,40.7,Critical_Dry,1"
"2026-04-17 14:00:00,Maharashtra,Arid,4.64,57.93,15.93,23.88,36.13,21.62,Normal,0"
"2026-04-17 15:00:00,Uttar Pradesh,Red,5.65,111.6,68.86,104.63,34.42,35.83,Normal,0"
"2026-04-17 16:00:00,Tamil Nadu,Red,7.57,22.66,39.89,88.82,16.95,18.03,Moderate_Dry,0"
"2026-04-17 17:00:00,Maharashtra,Red,5.32,83.18,41.6,99.04,11.08,33.16,Critical_Dry,1"
"2026-04-17 18:00:00,Tamil Nadu,Arid,7.35,50.04,69.35,70.36,39.15,29.87,Normal,0"
"2026-04-17 19:00:00,Tamil Nadu,Laterite,6.82,33.72,53.5,52.56,17.23,29.3,Moderate_Dry,0"
"2026-04-17 20:00:00,Tamil Nadu,Laterite,5.19,126.05,22.56,15.24,13.39,37.9,Critical_Dry,1"
"2026-04-17 21:00:00,Gujarat,Alluvial,5.55,43.92,24.77,44.18,21.28,19.94,Moderate_Dry,0"
"2026-04-17 22:00:00,Uttar Pradesh,Arid,6.49,118.69,10.45,69.03,22.83,27.06,Moderate_Dry,0"
"2026-04-17 23:00:00,Karnataka,Alluvial,6.17,69.59,59.75,84.76,20.07,28.7,Moderate_Dry,0"
"2026-04-18 00:00:00,Karnataka,Arid,7.61,21.71,43.99,39.04,44.13,20.97,Normal,0"
"2026-04-18 01:00:00,Maharashtra,Alluvial,7.44,107.9,76.5,29.58,40.59,20.06,Normal,0"
"2026-04-18 02:00:00,Tamil Nadu,Black,6.8,91.56,59.98,36.17,40.3,22.31,Normal,0"
"2026-04-18 03:00:00,Maharashtra,Red,7.79,61.3,17.22,52.18,22.75,23.79,Moderate_Dry,0"
"2026-04-18 04:00:00,Gujarat,Red,6.75,53.79,21.31,30.58,43.63,41.19,Normal,0"
"2026-04-18 05:00:00,Gujarat,Laterite,8.36,28.84,45.12,31.47,33.31,29.41,Normal,0"
"2026-04-18 06:00:00,Punjab,Black,5.37,132.97,74.74,19.59,38.78,30.25,Normal,0"
"2026-04-18 07:00:00,Gujarat,Red,7.36,79.28,27.31,104.96,26.53,34.97,Normal,0"
"2026-04-18 08:00:00,Punjab,Laterite,5.98,30.26,67.79,38.07,13.94,34.42,Critical_Dry,1"
"2026-04-18 09:00:00,Uttar Pradesh,Black,5.62,124.24,31.86,101.3,40.81,30.07,Normal,0"
"2026-04-18 10:00:00,Maharashtra,Red,5.22,53.46,28.89,61.02,26.0,26.16,Normal,0"
"2026-04-18 11:00:00,Uttar Pradesh,Alluvial,6.71,44.43,73.1,81.41,43.84,25.95,Normal,0"
"2026-04-18 12:00:00,Gujarat,Arid,5.36,53.71,13.31,22.95,17.43,19.39,Moderate_Dry,0"
"2026-04-18 13:00:00,Uttar Pradesh,Black,5.3,87.75,56.25,76.28,44.72,39.59,Normal,0"
"2026-04-18 14:00:00,Uttar Pradesh,Laterite,8.46,28.89,13.02,45.45,16.23,36.47,Moderate_Dry,0"
"2026-04-18 15:00:00,Uttar Pradesh,Black,7.71,77.81,66.05,25.0,21.62,32.96,Moderate_Dry,0"
"2026-04-18 16:00:00,Gujarat,Laterite,7.49,127.49,68.06,110.36,29.98,27.51,Normal,0"
"2026-04-18 17:00:00,Tamil Nadu,Black,7.68,42.58,72.53,78.38,33.65,31.98,Normal,0"
"2026-04-18 18:00:00,Uttar Pradesh,Laterite,8.38,59.74,23.03,40.38,34.65,29.64,Normal,0"
"2026-04-18 19:00:00,Punjab,Red,6.79,67.53,18.71,59.06,25.62,24.57,Normal,0"
"2026-04-18 20:00:00,Gujarat,Alluvial,5.38,90.35,45.25,52.47,10.84,25.17,Critical_Dry,1"
"2026-04-18 21:00:00,Uttar Pradesh,Red,7.95,130.31,29.01,88.56,26.35,38.99,Normal,0"
"2026-04-18 22:00:00,Tamil Nadu,Alluvial,7.47,67.34,52.44,78.78,20.38,33.24,Moderate_Dry,0"
"2026-04-18 23:00:00,Gujarat,Red,6.16,28.3,45.96,17.08,32.33,18.03,Normal,0"
"2026-04-19 00:00:00,Karnataka,Red,6.39,61.75,20.14,35.77,14.74,25.84,Critical_Dry,1"
"2026-04-19 01:00:00,Tamil Nadu,Black,6.15,42.81,61.75,65.2,22.57,26.16,Moderate_Dry,0"
"2026-04-19 02:00:00,Punjab,Arid,8.22,98.21,66.26,61.78,43.75,34.95,Normal,0"
"2026-04-19 03:00:00,Uttar Pradesh,Laterite,5.87,23.51,77.41,69.25,11.29,34.81,Critical_Dry,1"
"2026-04-19 04:00:00,Karnataka,Laterite,8.35,55.03,37.69,90.06,30.29,29.14,Normal,0"
"2026-04-19 05:00:00,Karnataka,Laterite,8.14,85.42,33.64,86.61,11.35,40.82,Critical_Dry,1"
"2026-04-19 06:00:00,Gujarat,Alluvial,7.02,53.28,23.46,54.15,13.81,38.93,Critical_Dry,1"
"2026-04-19 07:00:00,Karnataka,Laterite,6.82,86.12,22.66,107.15,30.38,38.79,Normal,0"
"2026-04-19 08:00:00,Punjab,Laterite,5.98,33.77,32.47,21.61,24.43,26.36,Normal,0"
"2026-04-19 09:00:00,Punjab,Black,4.57,133.14,78.73,76.37,28.29,28.34,Normal,0"
"2026-04-19 10:00:00,Maharashtra,Red,5.01,54.91,16.46,114.72,40.56,28.06,Normal,0"
"2026-04-19 11:00:00,Punjab,Laterite,7.52,130.76,28.16,72.65,38.24,28.57,Normal,0"
"2026-04-19 12:00:00,Tamil Nadu,Arid,6.39,59.1,16.02,62.79,40.86,39.34,Normal,0"
"2026-04-19 13:00:00,Karnataka,Laterite,5.1,113.82,29.15,29.06,30.8,23.98,Normal,0"
"2026-04-19 14:00:00,Punjab,Alluvial,5.56,49.54,16.47,100.07,26.12,37.25,Normal,0"
"2026-04-19 15:00:00,Gujarat,Alluvial,8.29,100.37,45.58,54.25,24.99,30.34,Normal,0"
"2026-04-19 16:00:00,Maharashtra,Alluvial,5.97,58.85,40.68,88.63,35.37,23.98,Normal,0"
"2026-04-19 17:00:00,Karnataka,Laterite,8.13,81.1,22.18,35.74,27.29,30.66,Normal,0"
"2026-04-19 18:00:00,Maharashtra,Black,5.72,100.86,22.24,19.4,11.91,22.69,Critical_Dry,1"
"2026-04-19 19:00:00,Karnataka,Arid,6.67,90.67,53.83,47.07,13.25,20.6,Critical_Dry,1"
"2026-04-19 20:00:00,Gujarat,Laterite,4.58,89.15,37.1,44.55,21.21,38.12,Moderate_Dry,0"
"2026-04-19 21:00:00,Maharashtra,Black,6.59,27.88,13.93,106.71,10.51,34.78,Critical_Dry,1"
"2026-04-19 22:00:00,Uttar Pradesh,Black,7.05,49.89,74.41,105.79,16.85,22.92,Moderate_Dry,0"
"2026-04-19 23:00:00,Tamil Nadu,Laterite,5.44,88.62,38.35,71.06,32.29,40.62,Normal,0"
"2026-04-20 00:00:00,Tamil Nadu,Laterite,6.82,22.2,51.37,16.99,8.46,18.59,Critical_Dry,1"
"2026-04-20 01:00:00,Karnataka,Black,7.09,50.08,71.98,38.97,30.35,26.0,Normal,0"
"2026-04-20 02:00:00,Uttar Pradesh,Black,7.25,47.5,38.15,82.1,36.58,18.52,Normal,0"
"2026-04-20 03:00:00,Maharashtra,Black,7.61,49.98,67.45,25.65,14.3,21.42,Critical_Dry,1"
"2026-04-20 04:00:00,Uttar Pradesh,Laterite,5.75,84.27,74.03,88.57,14.7,22.32,Critical_Dry,1"
"2026-04-20 05:00:00,Uttar Pradesh,Black,6.77,89.84,22.18,16.26,9.07,37.45,Critical_Dry,1"
"2026-04-20 06:00:00,Maharashtra,Alluvial,8.43,129.08,72.47,86.67,26.96,41.83,Normal,0"
"2026-04-20 07:00:00,Gujarat,Laterite,8.09,66.32,18.39,103.68,32.22,38.82,Normal,0"
"2026-04-20 08:00:00,Uttar Pradesh,Alluvial,8.31,131.19,29.26,64.27,24.91,33.24,Normal,0"
"2026-04-20 09:00:00,Uttar Pradesh,Red,6.04,98.23,66.57,102.05,22.41,35.35,Moderate_Dry,0"
"2026-04-20 10:00:00,Gujarat,Laterite,7.65,129.52,73.05,97.06,24.81,30.55,Normal,0"
"2026-04-20 11:00:00,Uttar Pradesh,Red,6.98,120.02,57.89,85.5,36.92,28.14,Normal,0"
"2026-04-20 12:00:00,Uttar Pradesh,Black,4.83,102.51,17.34,61.74,9.24,34.61,Critical_Dry,1"
"2026-04-20 13:00:00,Uttar Pradesh,Black,7.8,62.73,46.61,43.55,37.0,41.35,Normal,0"
"2026-04-20 14:00:00,Tamil Nadu,Arid,7.21,48.93,50.08,105.39,32.65,18.69,Normal,0"
"2026-04-20 15:00:00,Punjab,Black,5.3,46.69,29.73,83.1,16.93,25.54,Moderate_Dry,0"
"2026-04-20 16:00:00,Gujarat,Red,4.82,134.26,79.39,98.79,27.42,25.92,Normal,0"
"2026-04-20 17:00:00,Uttar Pradesh,Black,7.85,135.03,33.49,72.96,9.82,27.94,Critical_Dry,1"
"2026-04-20 18:00:00,Tamil Nadu,Laterite,4.82,106.98,24.72,33.05,22.04,33.05,Moderate_Dry,0"
"2026-04-20 19:00:00,Gujarat,Black,4.87,126.06,17.71,117.84,14.44,30.33,Critical_Dry,1"
"2026-04-20 20:00:00,Karnataka,Arid,6.21,130.28,36.5,34.19,8.83,18.45,Critical_Dry,1"
"2026-04-20 21:00:00,Karnataka,Black,5.04,81.39,58.48,110.68,21.21,27.88,Moderate_Dry,0"
"2026-04-20 22:00:00,Uttar Pradesh,Red,8.15,95.49,26.2,36.85,34.87,32.87,Normal,0"
"2026-04-20 23:00:00,Tamil Nadu,Red,6.38,70.25,63.87,54.24,42.08,30.12,Normal,0"
"2026-04-21 00:00:00,Tamil Nadu,Black,6.78,70.22,19.48,61.21,32.5,38.93,Normal,0"
"2026-04-21 01:00:00,Gujarat,Red,8.21,24.61,40.83,111.74,22.87,27.57,Moderate_Dry,0"
"2026-04-21 02:00:00,Gujarat,Red,6.62,72.06,59.17,108.26,44.98,18.3,Normal,0"
"2026-04-21 03:00:00,Tamil Nadu,Arid,5.91,100.82,19.47,101.44,18.47,24.84,Moderate_Dry,0"
"2026-04-21 04:00:00,Gujarat,Laterite,7.69,70.64,51.85,54.55,14.92,21.26,Critical_Dry,1"
"2026-04-21 05:00:00,Tamil Nadu,Arid,6.27,124.69,65.93,15.47,25.16,24.01,Normal,0"
"2026-04-21 06:00:00,Punjab,Alluvial,5.77,59.91,51.69,86.57,26.68,26.69,Normal,0"
"2026-04-21 07:00:00,Tamil Nadu,Arid,7.39,35.92,45.8,58.15,21.13,34.24,Moderate_Dry,0"
"2026-04-21 08:00:00,Karnataka,Black,7.71,117.39,68.68,94.49,33.73,25.78,Normal,0"
"2026-04-21 09:00:00,Gujarat,Laterite,7.67,100.87,78.98,98.46,14.8,39.22,Critical_Dry,1"
"2026-04-21 10:00:00,Tamil Nadu,Black,8.41,49.02,22.69,61.17,26.88,25.19,Normal,0"
"2026-04-21 11:00:00,Tamil Nadu,Alluvial,7.65,84.37,58.39,93.55,26.5,21.29,Normal,0"
"2026-04-21 12:00:00,Gujarat,Laterite,7.58,68.22,15.65,103.19,38.48,22.05,Normal,0"
"2026-04-21 13:00:00,Punjab,Red,7.93,132.66,13.0,112.49,42.3,40.43,Normal,0"
"2026-04-21 14:00:00,Punjab,Arid,4.5,92.88,29.66,76.16,32.54,28.92,Normal,0"
"2026-04-21 15:00:00,Gujarat,Black,5.95,39.01,77.96,96.74,19.3,27.68,Moderate_Dry,0"
"2026-04-21 16:00:00,Maharashtra,Alluvial,7.45,80.26,48.65,66.93,33.52,19.65,Normal,0"
"2026-04-21 17:00:00,Gujarat,Red,6.9,123.51,28.78,19.37,17.3,35.6,Moderate_Dry,0"
"2026-04-21 18:00:00,Gujarat,Arid,5.21,100.58,19.28,31.3,43.76,34.67,Normal,0"
"2026-04-21 19:00:00,Punjab,Red,5.71,121.09,74.41,28.46,38.43,27.02,Normal,0"
"2026-04-21 20:00:00,Punjab,Arid,5.85,50.05,35.37,33.04,23.95,34.6,Normal,0"
"2026-04-21 21:00:00,Gujarat,Laterite,6.77,126.6,31.47,16.07,37.02,26.82,Normal,0"
"2026-04-21 22:00:00,Gujarat,Red,7.83,110.67,70.06,105.16,23.12,19.76,Normal,0"
"2026-04-21 23:00:00,Gujarat,Red,8.23,107.47,52.31,73.82,10.76,35.71,Critical_Dry,1"
"2026-04-22 00:00:00,Punjab,Red,7.5,61.58,21.8,55.23,34.15,41.16,Normal,0"
"2026-04-22 01:00:00,Gujarat,Laterite,7.87,126.52,39.51,58.03,22.97,33.56,Moderate_Dry,0"
"2026-04-22 02:00:00,Gujarat,Alluvial,6.38,96.56,74.98,63.65,42.42,24.64,Normal,0"
"2026-04-22 03:00:00,Uttar Pradesh,Arid,6.06,122.22,73.08,22.76,19.34,24.48,Moderate_Dry,0"
"2026-04-22 04:00:00,Maharashtra,Red,6.07,63.32,14.91,43.84,39.2,40.3,Normal,0"
"2026-04-22 05:00:00,Karnataka,Laterite,6.96,37.48,28.8,104.42,33.18,25.28,Normal,0"
"2026-04-22 06:00:00,Maharashtra,Alluvial,5.0,59.88,20.82,93.09,39.57,36.44,Normal,0"
"2026-04-22 07:00:00,Uttar Pradesh,Arid,6.82,74.63,47.37,74.16,18.8,33.43,Moderate_Dry,0"
"2026-04-22 08:00:00,Karnataka,Laterite,7.16,84.01,62.5,65.47,25.07,32.22,Normal,0"
"2026-04-22 09:00:00,Gujarat,Arid,6.26,81.3,30.69,42.19,38.46,22.35,Normal,0"
"2026-04-22 10:00:00,Uttar Pradesh,Red,8.31,85.53,63.06,64.48,31.82,18.83,Normal,0"
"2026-04-22 11:00:00,Gujarat,Alluvial,6.93,121.0,56.81,77.77,21.32,29.73,Moderate_Dry,0"
"2026-04-22 12:00:00,Punjab,Laterite,5.38,40.41,60.98,89.83,26.94,41.72,Normal,0"
"2026-04-22 13:00:00,Tamil Nadu,Alluvial,6.42,57.93,76.38,32.5,44.86,22.7,Normal,0"
"2026-04-22 14:00:00,Uttar Pradesh,Red,7.2,126.63,39.72,100.38,35.45,30.88,Normal,0"
"2026-04-22 15:00:00,Punjab,Alluvial,5.79,87.25,33.98,51.31,30.74,34.1,Normal,0"
"2026-04-22 16:00:00,Uttar Pradesh,Alluvial,4.82,90.01,57.87,67.84,38.63,29.61,Normal,0"
"2026-04-22 17:00:00,Uttar Pradesh,Black,6.83,77.37,66.53,78.83,24.36,30.17,Normal,0"
"2026-04-22 18:00:00,Punjab,Alluvial,8.29,85.88,23.4,66.25,43.15,33.87,Normal,0"
"2026-04-22 19:00:00,Karnataka,Arid,6.44,43.77,69.28,75.06,28.42,37.56,Normal,0"
"2026-04-22 20:00:00,Maharashtra,Laterite,8.12,85.62,14.05,26.71,20.09,26.0,Moderate_Dry,0"
"2026-04-22 21:00:00,Gujarat,Black,7.84,139.66,10.45,60.38,11.18,39.58,Critical_Dry,1"
"2026-04-22 22:00:00,Uttar Pradesh,Laterite,5.09,87.93,21.09,44.45,21.9,29.64,Moderate_Dry,0"
"2026-04-22 23:00:00,Gujarat,Laterite,7.33,25.33,78.51,24.03,29.04,33.89,Normal,0"
"2026-04-23 00:00:00,Tamil Nadu,Red,6.24,115.57,46.65,35.12,34.02,20.56,Normal,0"
"2026-04-23 01:00:00,Punjab,Red,5.5,67.58,13.26,78.26,40.38,29.82,Normal,0"
"2026-04-23 02:00:00,Gujarat,Black,7.25,38.44,79.8,35.65,42.93,18.39,Normal,0"
"2026-04-23 03:00:00,Punjab,Red,7.47,123.5,62.14,34.01,11.79,27.38,Critical_Dry,1"
"2026-04-23 04:00:00,Gujarat,Red,5.22,43.76,68.66,73.05,30.23,19.31,Normal,0"
"2026-04-23 05:00:00,Maharashtra,Red,8.16,130.49,24.91,109.99,32.66,39.53,Normal,0"
"2026-04-23 06:00:00,Maharashtra,Laterite,7.5,73.02,17.38,97.81,14.37,34.15,Critical_Dry,1"
"2026-04-23 07:00:00,Maharashtra,Black,8.23,109.13,46.06,110.03,28.19,37.01,Normal,0"
"2026-04-23 08:00:00,Maharashtra,Laterite,5.77,85.64,64.05,76.21,20.39,29.22,Moderate_Dry,0"
"2026-04-23 09:00:00,Maharashtra,Arid,8.26,50.8,54.64,58.04,10.86,38.45,Critical_Dry,1"
"2026-04-23 10:00:00,Maharashtra,Laterite,5.97,100.53,54.17,91.61,10.44,38.95,Critical_Dry,1"
"2026-04-23 11:00:00,Punjab,Arid,4.72,134.95,63.0,42.44,36.09,26.56,Normal,0"
"2026-04-23 12:00:00,Uttar Pradesh,Alluvial,7.55,112.36,25.89,23.2,30.77,27.04,Normal,0"
"2026-04-23 13:00:00,Gujarat,Alluvial,7.31,92.48,56.31,51.18,34.46,30.2,Normal,0"
"2026-04-23 14:00:00,Maharashtra,Arid,6.89,138.88,37.45,46.42,33.36,19.01,Normal,0"
"2026-04-23 15:00:00,Punjab,Arid,6.46,51.84,14.88,85.93,12.97,41.9,Critical_Dry,1"
"2026-04-23 16:00:00,Punjab,Laterite,4.63,27.48,24.15,72.89,13.61,26.62,Critical_Dry,1"
"2026-04-23 17:00:00,Punjab,Arid,7.0,23.86,65.58,29.52,17.34,29.3,Moderate_Dry,0"
"2026-04-23 18:00:00,Uttar Pradesh,Black,6.17,105.28,72.72,110.39,22.77,36.11,Moderate_Dry,0"
"2026-04-23 19:00:00,Gujarat,Alluvial,6.74,119.63,29.8,77.3,42.75,25.14,Normal,0"
"2026-04-23 20:00:00,Uttar Pradesh,Alluvial,6.22,96.21,23.33,63.06,32.93,22.84,Normal,0"
"2026-04-23 21:00:00,Karnataka,Arid,8.36,128.6,11.87,113.41,17.44,21.06,Moderate_Dry,0"
"2026-04-23 22:00:00,Punjab,Red,6.92,103.76,76.34,25.22,10.07,30.67,Critical_Dry,1"
"2026-04-23 23:00:00,Karnataka,Red,7.5,64.51,57.87,97.91,33.32,18.13,Normal,0"
"2026-04-24 00:00:00,Tamil Nadu,Arid,8.25,41.75,76.99,53.29,31.14,35.03,Normal,0"
"2026-04-24 01:00:00,Maharashtra,Black,6.87,130.96,70.47,88.02,33.0,29.07,Normal,0"
"2026-04-24 02:00:00,Maharashtra,Red,4.55,32.43,33.83,112.73,17.66,30.76,Moderate_Dry,0"
"2026-04-24 03:00:00,Uttar Pradesh,Arid,4.64,85.16,17.89,69.36,27.13,24.32,Normal,0"
"2026-04-24 04:00:00,Gujarat,Black,7.31,57.68,44.93,17.38,21.38,22.28,Moderate_Dry,0"
"2026-04-24 05:00:00,Karnataka,Black,5.62,52.57,11.88,18.03,38.25,34.8,Normal,0"
"2026-04-24 06:00:00,Gujarat,Laterite,6.82,97.5,20.49,49.71,10.57,23.05,Critical_Dry,1"
"2026-04-24 07:00:00,Uttar Pradesh,Black,5.31,47.75,26.34,97.07,18.19,36.72,Moderate_Dry,0"
"2026-04-24 08:00:00,Maharashtra,Red,5.58,129.96,56.6,45.27,30.31,22.89,Normal,0"
"2026-04-24 09:00:00,Gujarat,Red,6.52,68.73,45.69,50.12,15.59,32.7,Moderate_Dry,0"
"2026-04-24 10:00:00,Gujarat,Arid,8.4,101.29,31.17,97.37,32.89,33.45,Normal,0"
"2026-04-24 11:00:00,Maharashtra,Arid,6.97,107.33,49.53,27.2,13.06,30.14,Critical_Dry,1"
"2026-04-24 12:00:00,Karnataka,Black,8.24,101.95,18.76,103.92,8.84,41.92,Critical_Dry,1"
"2026-04-24 13:00:00,Maharashtra,Alluvial,8.34,128.41,62.9,42.91,39.95,27.02,Normal,0"
"2026-04-24 14:00:00,Gujarat,Laterite,5.33,47.74,59.84,20.38,20.34,39.2,Moderate_Dry,0"
"2026-04-24 15:00:00,Karnataka,Alluvial,5.74,30.33,25.16,27.32,13.8,22.06,Critical_Dry,1"
"2026-04-24 16:00:00,Karnataka,Black,7.58,26.66,52.45,115.02,14.39,26.09,Critical_Dry,1"
"2026-04-24 17:00:00,Maharashtra,Black,7.97,125.34,45.23,62.39,40.78,21.49,Normal,0"
"2026-04-24 18:00:00,Gujarat,Alluvial,6.58,136.79,14.26,41.93,32.21,32.49,Normal,0"
"2026-04-24 19:00:00,Uttar Pradesh,Laterite,8.47,56.3,29.47,69.73,43.38,33.32,Normal,0"
"2026-04-24 20:00:00,Gujarat,Alluvial,4.55,103.22,79.96,86.65,37.6,28.88,Normal,0"
"2026-04-24 21:00:00,Punjab,Arid,5.7,21.07,16.97,48.47,36.4,35.28,Normal,0"
"2026-04-24 22:00:00,Tamil Nadu,Red,6.99,42.64,45.45,91.15,26.49,38.82,Normal,0"
"2026-04-24 23:00:00,Uttar Pradesh,Arid,6.38,102.71,69.45,41.49,38.37,36.64,Normal,0"
"2026-04-25 00:00:00,Karnataka,Red,4.97,27.91,31.05,26.8,23.27,23.8,Normal,0"
"2026-04-25 01:00:00,Uttar Pradesh,Black,5.97,76.22,28.25,72.72,38.6,25.69,Normal,0"
"2026-04-25 02:00:00,Karnataka,Laterite,4.6,99.51,72.36,30.87,36.04,27.13,Normal,0"
"2026-04-25 03:00:00,Karnataka,Alluvial,7.07,111.91,31.34,113.75,33.1,22.89,Normal,0"
"2026-04-25 04:00:00,Uttar Pradesh,Laterite,8.07,74.46,55.6,15.05,20.2,26.67,Moderate_Dry,0"
"2026-04-25 05:00:00,Karnataka,Alluvial,8.04,95.63,61.82,94.35,31.34,23.71,Normal,0"
"2026-04-25 06:00:00,Karnataka,Arid,7.3,84.75,65.2,44.34,26.75,41.9,Normal,0"
"2026-04-25 07:00:00,Punjab,Arid,6.36,26.28,79.63,103.84,25.08,36.8,Normal,0"
"2026-04-25 08:00:00,Gujarat,Alluvial,6.55,109.14,66.22,21.32,44.64,38.64,Normal,0"
"2026-04-25 09:00:00,Gujarat,Laterite,5.05,40.68,55.99,115.07,26.66,40.13,Normal,0"
"2026-04-25 10:00:00,Tamil Nadu,Alluvial,5.86,23.82,72.68,25.65,9.18,33.96,Critical_Dry,1"
"2026-04-25 11:00:00,Tamil Nadu,Black,5.25,74.14,73.4,97.73,31.18,22.22,Normal,0"
"2026-04-25 12:00:00,Punjab,Arid,7.78,123.88,78.12,69.32,34.94,36.2,Normal,0"
"2026-04-25 13:00:00,Tamil Nadu,Black,8.16,38.1,64.35,60.19,40.75,18.37,Normal,0"
"2026-04-25 14:00:00,Uttar Pradesh,Arid,6.65,21.54,23.64,44.42,31.41,20.72,Normal,0"
"2026-04-25 15:00:00,Maharashtra,Arid,7.41,33.2,59.69,103.34,8.72,18.71,Critical_Dry,1"
"2026-04-25 16:00:00,Maharashtra,Red,4.99,63.64,15.26,35.97,12.43,21.25,Critical_Dry,1"
"2026-04-25 17:00:00,Maharashtra,Black,6.93,89.62,32.26,90.73,13.97,36.05,Critical_Dry,1"
"2026-04-25 18:00:00,Punjab,Black,7.31,43.16,18.11,61.81,15.82,39.25,Moderate_Dry,0"
"2026-04-25 19:00:00,Punjab,Red,6.31,116.24,76.5,119.84,37.59,24.69,Normal,0"
"2026-04-25 20:00:00,Karnataka,Laterite,5.47,110.4,33.71,79.2,19.46,20.86,Moderate_Dry,0"
"2026-04-25 21:00:00,Maharashtra,Black,8.01,103.5,59.93,25.94,19.56,24.55,Moderate_Dry,0"
"2026-04-25 22:00:00,Uttar Pradesh,Alluvial,7.47,78.5,49.99,59.05,35.96,33.53,Normal,0"
"2026-04-25 23:00:00,Tamil Nadu,Red,8.1,63.83,17.53,21.96,23.26,26.4,Normal,0"
"2026-04-26 00:00:00,Uttar Pradesh,Black,7.77,65.07,49.29,44.99,10.39,41.07,Critical_Dry,1"
"2026-04-26 01:00:00,Tamil Nadu,Laterite,8.46,80.37,56.27,51.05,29.65,21.14,Normal,0"
"2026-04-26 02:00:00,Maharashtra,Black,5.27,29.28,71.71,104.58,12.81,41.77,Critical_Dry,1"
"2026-04-26 03:00:00,Maharashtra,Arid,4.85,101.88,14.91,102.99,29.15,18.3,Normal,0"
"2026-04-26 04:00:00,Maharashtra,Alluvial,5.85,62.18,30.69,16.21,36.85,28.84,Normal,0"
"2026-04-26 05:00:00,Punjab,Red,5.02,46.97,58.46,70.89,42.39,24.04,Normal,0"
"2026-04-26 06:00:00,Tamil Nadu,Arid,6.59,53.4,12.4,38.47,10.48,31.59,Critical_Dry,1"
"2026-04-26 07:00:00,Punjab,Laterite,7.03,41.64,24.25,48.61,19.25,20.32,Moderate_Dry,0"
"2026-04-26 08:00:00,Punjab,Arid,6.81,128.19,25.31,17.27,32.14,39.02,Normal,0"
"2026-04-26 09:00:00,Gujarat,Arid,5.54,40.28,56.85,93.72,19.67,21.28,Moderate_Dry,0"
"2026-04-26 10:00:00,Uttar Pradesh,Laterite,8.14,125.95,30.02,114.81,24.69,32.1,Normal,0"
"2026-04-26 11:00:00,Uttar Pradesh,Arid,4.58,88.67,51.97,38.02,8.74,18.8,Critical_Dry,1"
"2026-04-26 12:00:00,Karnataka,Red,5.89,124.09,77.57,50.89,33.66,25.46,Normal,0"
"2026-04-26 13:00:00,Punjab,Black,7.38,76.89,65.53,36.68,40.68,21.59,Normal,0"
"2026-04-26 14:00:00,Tamil Nadu,Arid,7.57,131.32,33.3,112.66,44.14,41.47,Normal,0"
"2026-04-26 15:00:00,Gujarat,Red,6.16,45.38,43.07,15.98,38.73,18.29,Normal,0"
"2026-04-26 16:00:00,Gujarat,Black,4.57,86.56,24.05,76.31,9.18,26.46,Critical_Dry,1"
"2026-04-26 17:00:00,Uttar Pradesh,Black,6.97,35.1,11.1,106.43,32.12,25.27,Normal,0"
"2026-04-26 18:00:00,Punjab,Arid,4.75,73.67,30.28,34.56,26.34,33.78,Normal,0"
"2026-04-26 19:00:00,Karnataka,Red,4.93,88.39,35.86,76.95,42.7,19.35,Normal,0"
"2026-04-26 20:00:00,Punjab,Arid,7.1,92.68,49.51,20.32,41.38,37.45,Normal,0"
"2026-04-26 21:00:00,Maharashtra,Laterite,5.75,63.86,76.08,100.53,44.56,29.2,Normal,0"
"2026-04-26 22:00:00,Punjab,Black,5.89,29.16,76.35,43.82,39.89,28.87,Normal,0"
"2026-04-26 23:00:00,Maharashtra,Arid,6.45,98.64,14.91,118.82,28.24,23.44,Normal,0"
"2026-04-27 00:00:00,Maharashtra,Black,8.41,78.61,53.03,111.81,34.45,29.76,Normal,0"
"2026-04-27 01:00:00,Karnataka,Red,8.36,36.43,12.96,91.91,43.69,26.73,Normal,0"
"2026-04-27 02:00:00,Tamil Nadu,Alluvial,6.17,132.31,55.37,67.17,29.39,23.88,Normal,0"
"2026-04-27 03:00:00,Uttar Pradesh,Arid,5.56,134.68,18.24,95.49,39.08,22.05,Normal,0"
"2026-04-27 04:00:00,Punjab,Arid,5.71,122.79,76.25,28.71,42.86,35.48,Normal,0"
"2026-04-27 05:00:00,Maharashtra,Black,5.58,121.26,70.5,47.57,29.11,21.41,Normal,0"
"2026-04-27 06:00:00,Punjab,Red,6.63,31.84,11.56,17.82,13.89,22.03,Critical_Dry,1"
"2026-04-27 07:00:00,Tamil Nadu,Laterite,6.93,139.21,64.75,82.73,13.76,31.85,Critical_Dry,1"
"2026-04-27 08:00:00,Uttar Pradesh,Red,6.46,68.05,54.51,99.58,12.27,23.43,Critical_Dry,1"
"2026-04-27 09:00:00,Tamil Nadu,Arid,6.13,39.57,44.68,114.36,25.62,29.03,Normal,0"
"2026-04-27 10:00:00,Uttar Pradesh,Laterite,5.35,117.45,52.18,87.08,25.77,31.27,Normal,0"
"2026-04-27 11:00:00,Gujarat,Red,6.43,47.09,57.48,91.87,30.84,24.59,Normal,0"
"2026-04-27 12:00:00,Uttar Pradesh,Alluvial,5.86,83.14,71.91,109.02,25.87,26.25,Normal,0"
"2026-04-27 13:00:00,Karnataka,Black,6.67,35.36,63.72,113.32,44.0,23.04,Normal,0"
"2026-04-27 14:00:00,Tamil Nadu,Red,7.2,76.96,50.28,66.59,18.78,29.05,Moderate_Dry,0"
"2026-04-27 15:00:00,Maharashtra,Red,7.03,86.98,67.72,26.53,40.33,41.82,Normal,0"
"2026-04-27 16:00:00,Gujarat,Alluvial,6.35,73.51,79.08,63.97,11.71,26.71,Critical_Dry,1"
"2026-04-27 17:00:00,Karnataka,Arid,6.72,28.34,31.01,73.39,30.27,33.68,Normal,0"
"2026-04-27 18:00:00,Punjab,Black,5.64,78.19,18.29,81.31,31.99,33.26,Normal,0"
"2026-04-27 19:00:00,Tamil Nadu,Red,4.6,76.27,61.2,118.87,36.57,36.88,Normal,0"
"2026-04-27 20:00:00,Maharashtra,Laterite,7.0,51.39,78.5,111.34,26.61,35.09,Normal,0"
"2026-04-27 21:00:00,Uttar Pradesh,Red,5.51,130.59,18.17,56.62,15.3,18.28,Moderate_Dry,0"
"2026-04-27 22:00:00,Maharashtra,Black,7.18,70.14,40.22,26.91,21.65,25.42,Moderate_Dry,0"
"2026-04-27 23:00:00,Punjab,Red,7.49,123.69,14.36,37.55,18.07,38.89,Moderate_Dry,0"
"2026-04-28 00:00:00,Gujarat,Alluvial,8.16,33.16,64.36,33.25,23.51,30.95,Normal,0"
"2026-04-28 01:00:00,Gujarat,Red,8.33,58.27,76.41,52.38,27.61,20.5,Normal,0"
"2026-04-28 02:00:00,Tamil Nadu,Red,4.54,41.16,44.93,107.03,31.13,24.63,Normal,0"
"2026-04-28 03:00:00,Gujarat,Laterite,8.46,69.01,38.67,60.99,39.27,24.8,Normal,0"
"2026-04-28 04:00:00,Tamil Nadu,Alluvial,7.23,33.4,73.54,74.56,41.67,38.96,Normal,0"
"2026-04-28 05:00:00,Tamil Nadu,Alluvial,7.07,72.92,19.34,33.81,25.12,31.28,Normal,0"
"2026-04-28 06:00:00,Tamil Nadu,Red,4.56,62.46,72.41,66.75,11.28,32.6,Critical_Dry,1"
"2026-04-28 07:00:00,Uttar Pradesh,Laterite,7.94,46.8,37.45,106.73,37.49,26.81,Normal,0"
"2026-04-28 08:00:00,Karnataka,Red,5.08,97.06,49.16,96.21,25.65,19.45,Normal,0"
"2026-04-28 09:00:00,Tamil Nadu,Red,7.85,134.11,46.98,23.53,28.22,19.81,Normal,0"
"2026-04-28 10:00:00,Tamil Nadu,Black,4.56,44.85,53.12,105.52,30.04,28.09,Normal,0"
"2026-04-28 11:00:00,Karnataka,Black,7.08,105.41,75.95,43.75,32.71,22.26,Normal,0"
"2026-04-28 12:00:00,Maharashtra,Laterite,6.24,109.09,76.58,84.9,40.93,20.5,Normal,0"
"2026-04-28 13:00:00,Tamil Nadu,Arid,5.3,79.77,68.18,30.37,43.23,24.29,Normal,0"
"2026-04-28 14:00:00,Uttar Pradesh,Black,4.93,127.72,23.41,85.84,42.79,35.81,Normal,0"
"2026-04-28 15:00:00,Gujarat,Arid,6.26,135.97,33.35,18.75,37.95,19.75,Normal,0"
"2026-04-28 16:00:00,Gujarat,Alluvial,4.99,63.47,44.15,78.07,40.9,28.76,Normal,0"
"2026-04-28 17:00:00,Punjab,Black,6.45,98.12,73.38,82.82,9.84,37.83,Critical_Dry,1"
"2026-04-28 18:00:00,Punjab,Black,7.0,99.47,46.46,40.67,39.42,24.43,Normal,0"
"2026-04-28 19:00:00,Gujarat,Laterite,7.81,68.44,78.42,113.38,10.67,25.24,Critical_Dry,1"
"2026-04-28 20:00:00,Gujarat,Arid,7.21,58.01,78.87,19.83,35.61,39.22,Normal,0"
"2026-04-28 21:00:00,Uttar Pradesh,Black,4.76,132.05,51.9,108.63,14.27,33.6,Critical_Dry,1"
"2026-04-28 22:00:00,Karnataka,Black,5.73,114.8,71.42,55.1,21.32,37.15,Moderate_Dry,0"
"2026-04-28 23:00:00,Punjab,Laterite,5.65,33.74,79.95,89.96,14.81,24.94,Critical_Dry,1"
"2026-04-29 00:00:00,Karnataka,Laterite,8.16,34.39,69.48,83.41,24.41,41.92,Normal,0"
"2026-04-29 01:00:00,Uttar Pradesh,Arid,7.97,130.71,55.98,32.67,23.23,21.38,Normal,0"
"2026-04-29 02:00:00,Gujarat,Alluvial,5.98,29.77,69.16,48.49,9.78,41.09,Critical_Dry,1"
"2026-04-29 03:00:00,Tamil Nadu,Alluvial,4.78,102.61,15.79,70.62,38.73,39.65,Normal,0"
"2026-04-29 04:00:00,Karnataka,Red,8.08,47.21,54.44,103.88,39.6,31.25,Normal,0"
"2026-04-29 05:00:00,Gujarat,Black,8.05,24.22,25.16,115.26,37.14,32.05,Normal,0"
"2026-04-29 06:00:00,Gujarat,Arid,7.92,27.16,18.12,17.16,39.36,36.6,Normal,0"
"2026-04-29 07:00:00,Maharashtra,Black,7.88,64.82,72.5,52.02,35.78,25.36,Normal,0"
"2026-04-29 08:00:00,Karnataka,Arid,6.42,29.31,54.78,85.16,42.69,30.66,Normal,0"
"2026-04-29 09:00:00,Tamil Nadu,Arid,5.21,91.6,27.05,70.41,29.33,39.66,Normal,0"
"2026-04-29 10:00:00,Karnataka,Arid,6.41,97.67,37.07,114.02,29.56,19.64,Normal,0"
"2026-04-29 11:00:00,Gujarat,Black,6.48,64.82,78.13,16.78,39.82,39.73,Normal,0"
"2026-04-29 12:00:00,Tamil Nadu,Laterite,6.46,109.15,70.35,60.96,20.93,35.49,Moderate_Dry,0"
"2026-04-29 13:00:00,Uttar Pradesh,Black,6.66,78.81,11.09,85.22,9.85,36.48,Critical_Dry,1"
"2026-04-29 14:00:00,Maharashtra,Arid,5.53,71.63,78.59,37.85,35.74,19.55,Normal,0"
"2026-04-29 15:00:00,Gujarat,Red,5.96,68.84,35.8,91.22,17.42,22.51,Moderate_Dry,0"
"2026-04-29 16:00:00,Punjab,Alluvial,6.24,71.73,58.68,23.53,25.55,40.21,Normal,0"
"2026-04-29 17:00:00,Punjab,Arid,5.02,136.15,59.89,62.36,16.9,20.98,Moderate_Dry,0"
"2026-04-29 18:00:00,Maharashtra,Red,6.32,101.77,73.82,86.0,38.6,33.15,Normal,0"
"2026-04-29 19:00:00,Uttar Pradesh,Laterite,7.74,57.83,71.95,43.01,43.46,36.78,Normal,0"
"2026-04-29 20:00:00,Gujarat,Arid,7.81,108.06,29.72,22.75,10.04,23.55,Critical_Dry,1"
"2026-04-29 21:00:00,Karnataka,Red,6.15,59.63,55.05,115.49,16.63,34.77,Moderate_Dry,0"
"2026-04-29 22:00:00,Maharashtra,Arid,6.58,35.09,37.56,110.95,15.01,19.57,Moderate_Dry,0"
"2026-04-29 23:00:00,Uttar Pradesh,Black,4.63,77.04,46.79,112.27,32.91,29.97,Normal,0"
"2026-04-30 00:00:00,Karnataka,Red,7.2,110.12,48.83,117.74,23.86,26.03,Normal,0"
"2026-04-30 01:00:00,Punjab,Black,6.12,65.32,37.74,34.39,24.88,33.5,Normal,0"
"2026-04-30 02:00:00,Punjab,Black,6.28,124.3,42.47,31.57,13.81,39.34,Critical_Dry,1"
"2026-04-30 03:00:00,Karnataka,Red,7.99,66.43,24.58,18.59,23.35,21.01,Normal,0"
"2026-04-30 04:00:00,Maharashtra,Alluvial,6.35,61.98,52.54,108.64,19.22,28.81,Moderate_Dry,0"
"2026-04-30 05:00:00,Punjab,Red,4.58,139.79,63.13,94.04,30.61,28.16,Normal,0"
"2026-04-30 06:00:00,Gujarat,Alluvial,5.41,77.9,40.08,81.49,16.04,25.77,Moderate_Dry,0"
"2026-04-30 07:00:00,Tamil Nadu,Arid,6.4,116.63,78.44,112.41,30.75,29.52,Normal,0"
"2026-04-30 08:00:00,Karnataka,Arid,6.2,116.6,14.01,75.38,21.98,39.14,Moderate_Dry,0"
"2026-04-30 09:00:00,Karnataka,Red,7.94,131.16,51.24,28.62,20.81,41.37,Moderate_Dry,0"
"2026-04-30 10:00:00,Punjab,Arid,6.67,30.19,50.85,33.57,19.31,18.07,Moderate_Dry,0"
"2026-04-30 11:00:00,Maharashtra,Laterite,7.26,52.55,12.54,28.88,32.93,35.74,Normal,0"
"2026-04-30 12:00:00,Gujarat,Black,6.38,112.13,25.72,47.3,28.81,32.76,Normal,0"
"2026-04-30 13:00:00,Maharashtra,Black,6.26,87.51,73.39,54.85,39.51,41.87,Normal,0"
"2026-04-30 14:00:00,Uttar Pradesh,Alluvial,6.29,87.15,48.12,98.67,16.94,20.16,Moderate_Dry,0"
"2026-04-30 15:00:00,Uttar Pradesh,Arid,6.14,39.95,40.55,35.08,9.48,37.47,Critical_Dry,1"
"2026-04-30 16:00:00,Tamil Nadu,Alluvial,6.65,53.74,39.08,91.16,14.73,40.41,Critical_Dry,1"
"2026-04-30 17:00:00,Punjab,Black,5.5,82.56,72.17,66.58,20.7,39.89,Moderate_Dry,0"
"2026-04-30 18:00:00,Punjab,Black,8.06,53.26,35.69,119.96,14.65,31.45,Critical_Dry,1"
"2026-04-30 19:00:00,Punjab,Arid,5.83,45.23,70.14,96.54,11.09,25.86,Critical_Dry,1"
"2026-04-30 20:00:00,Tamil Nadu,Laterite,5.09,30.53,31.64,116.74,24.48,33.36,Normal,0"
"2026-04-30 21:00:00,Uttar Pradesh,Laterite,4.89,38.69,47.21,50.95,33.05,25.35,Normal,0"
"2026-04-30 22:00:00,Maharashtra,Arid,4.55,112.26,20.07,27.92,35.81,27.89,Normal,0"
"2026-04-30 23:00:00,Tamil Nadu,Arid,6.19,106.25,67.75,68.12,22.75,28.7,Moderate_Dry,0"
"2026-05-01 00:00:00,Tamil Nadu,Alluvial,5.25,25.5,61.52,28.05,25.69,25.25,Normal,0"
"2026-05-01 01:00:00,Maharashtra,Arid,4.59,44.39,47.11,66.71,35.95,26.2,Normal,0"
"2026-05-01 02:00:00,Punjab,Laterite,6.58,87.25,11.81,43.34,21.05,18.18,Moderate_Dry,0"
"2026-05-01 03:00:00,Gujarat,Arid,7.22,58.72,43.69,66.56,37.04,25.13,Normal,0"
"2026-05-01 04:00:00,Maharashtra,Alluvial,4.84,118.79,25.76,114.71,43.79,29.34,Normal,0"
"2026-05-01 05:00:00,Uttar Pradesh,Alluvial,6.34,114.2,38.94,45.35,40.58,22.15,Normal,0"
"2026-05-01 06:00:00,Karnataka,Alluvial,7.47,126.99,69.95,119.31,24.78,37.33,Normal,0"
"2026-05-01 07:00:00,Karnataka,Alluvial,8.44,87.55,63.87,39.08,29.44,30.9,Normal,0"
"2026-05-01 08:00:00,Tamil Nadu,Red,7.17,62.25,26.94,36.85,34.51,37.05,Normal,0"
"2026-05-01 09:00:00,Karnataka,Arid,5.48,92.73,78.95,72.2,20.92,21.07,Moderate_Dry,0"
"2026-05-01 10:00:00,Gujarat,Black,7.37,30.7,73.22,103.41,37.57,37.69,Normal,0"
"2026-05-01 11:00:00,Punjab,Arid,6.89,21.15,47.01,93.7,24.17,41.0,Normal,0"
"2026-05-01 12:00:00,Uttar Pradesh,Red,5.35,22.05,47.11,90.97,39.33,26.46,Normal,0"
"2026-05-01 13:00:00,Gujarat,Alluvial,7.9,68.91,73.09,44.68,17.43,24.81,Moderate_Dry,0"
"2026-05-01 14:00:00,Uttar Pradesh,Red,6.21,47.37,54.53,17.36,8.42,33.52,Critical_Dry,1"
"2026-05-01 15:00:00,Uttar Pradesh,Laterite,8.35,38.88,47.57,31.98,31.41,33.26,Normal,0"
"2026-05-01 16:00:00,Punjab,Laterite,7.39,93.84,62.44,51.69,24.72,20.7,Normal,0"
"2026-05-01 17:00:00,Tamil Nadu,Arid,7.08,139.41,26.46,117.03,10.21,40.24,Critical_Dry,1"
"2026-05-01 18:00:00,Karnataka,Arid,7.41,41.33,71.49,111.58,26.04,29.5,Normal,0"
"2026-05-01 19:00:00,Punjab,Black,6.41,85.57,47.2,36.07,14.24,36.35,Critical_Dry,1"
"2026-05-01 20:00:00,Gujarat,Black,6.52,34.37,52.24,91.19,31.3,26.62,Normal,0"
"2026-05-01 21:00:00,Tamil Nadu,Laterite,7.9,132.11,16.3,75.8,24.47,24.28,Normal,0"
"2026-05-01 22:00:00,Gujarat,Alluvial,7.22,55.01,31.67,20.23,14.33,20.67,Critical_Dry,1"
"2026-05-01 23:00:00,Tamil Nadu,Red,8.09,125.4,39.87,54.03,23.24,24.59,Normal,0"
"2026-05-02 00:00:00,Gujarat,Black,8.06,53.97,38.97,66.04,16.61,41.84,Moderate_Dry,0"
"2026-05-02 01:00:00,Punjab,Black,8.41,116.73,64.48,85.1,32.16,33.79,Normal,0"
"2026-05-02 02:00:00,Tamil Nadu,Alluvial,7.3,45.13,29.76,45.97,18.92,37.27,Moderate_Dry,0"
"2026-05-02 03:00:00,Tamil Nadu,Alluvial,6.51,55.13,22.75,113.05,38.41,41.0,Normal,0"
"2026-05-02 04:00:00,Uttar Pradesh,Arid,5.17,43.1,50.78,62.45,8.52,19.9,Critical_Dry,1"
"2026-05-02 05:00:00,Uttar Pradesh,Red,7.32,51.71,53.05,41.1,22.93,21.95,Moderate_Dry,0"
"2026-05-02 06:00:00,Maharashtra,Alluvial,5.67,120.18,18.51,48.22,30.83,40.27,Normal,0"
"2026-05-02 07:00:00,Gujarat,Black,5.63,96.68,10.17,93.95,8.84,31.55,Critical_Dry,1"
"2026-05-02 08:00:00,Uttar Pradesh,Black,5.45,68.71,74.24,82.23,15.99,33.24,Moderate_Dry,0"
"2026-05-02 09:00:00,Maharashtra,Laterite,8.0,136.58,15.57,92.93,20.11,28.26,Moderate_Dry,0"
"2026-05-02 10:00:00,Uttar Pradesh,Alluvial,7.97,75.78,72.85,45.7,8.81,37.55,Critical_Dry,1"
"2026-05-02 11:00:00,Gujarat,Arid,7.02,136.37,37.95,49.32,28.23,30.41,Normal,0"
"2026-05-02 12:00:00,Tamil Nadu,Red,6.39,43.59,55.71,56.66,31.34,37.83,Normal,0"
"2026-05-02 13:00:00,Karnataka,Arid,7.19,128.56,22.99,34.8,16.42,41.81,Moderate_Dry,0"
"2026-05-02 14:00:00,Gujarat,Black,6.93,21.66,67.67,87.56,28.11,33.52,Normal,0"
"2026-05-02 15:00:00,Punjab,Arid,6.16,85.44,22.61,49.58,44.97,30.69,Normal,0"
"2026-05-02 16:00:00,Uttar Pradesh,Black,6.02,70.77,37.06,49.25,40.82,26.76,Normal,0"
"2026-05-02 17:00:00,Uttar Pradesh,Black,6.03,83.01,26.66,43.28,10.17,22.67,Critical_Dry,1"
"2026-05-02 18:00:00,Tamil Nadu,Black,6.86,86.41,68.63,62.55,12.73,33.76,Critical_Dry,1"
"2026-05-02 19:00:00,Punjab,Black,7.09,66.68,70.08,96.06,26.29,19.5,Normal,0"
"2026-05-02 20:00:00,Tamil Nadu,Black,6.31,139.78,36.04,102.74,17.07,40.95,Moderate_Dry,0"
"2026-05-02 21:00:00,Punjab,Laterite,8.37,137.18,31.52,99.47,11.0,33.54,Critical_Dry,1"
"2026-05-02 22:00:00,Karnataka,Arid,4.84,135.41,64.15,80.23,17.42,41.02,Moderate_Dry,0"
"2026-05-02 23:00:00,Uttar Pradesh,Laterite,5.89,137.49,71.5,44.44,10.26,24.53,Critical_Dry,1"
"2026-05-03 00:00:00,Uttar Pradesh,Laterite,6.18,115.16,53.68,92.16,27.61,40.72,Normal,0"
"2026-05-03 01:00:00,Karnataka,Alluvial,4.57,138.63,74.92,19.13,26.14,32.69,Normal,0"
"2026-05-03 02:00:00,Maharashtra,Alluvial,5.96,127.08,36.81,98.81,8.23,37.45,Critical_Dry,1"
"2026-05-03 03:00:00,Tamil Nadu,Alluvial,5.59,69.91,20.63,96.92,25.85,22.29,Normal,0"
"2026-05-03 04:00:00,Karnataka,Red,6.52,114.17,22.58,85.35,27.23,30.0,Normal,0"
"2026-05-03 05:00:00,Tamil Nadu,Alluvial,5.85,129.45,56.89,25.28,30.41,31.66,Normal,0"
"2026-05-03 06:00:00,Gujarat,Arid,7.4,105.51,38.53,119.72,43.89,27.43,Normal,0"
"2026-05-03 07:00:00,Uttar Pradesh,Laterite,6.54,70.73,20.94,94.42,44.36,24.08,Normal,0"
"2026-05-03 08:00:00,Tamil Nadu,Arid,5.02,27.89,30.46,92.15,27.5,39.71,Normal,0"
"2026-05-03 09:00:00,Punjab,Alluvial,7.5,117.16,47.14,21.72,39.27,20.04,Normal,0"
"2026-05-03 10:00:00,Tamil Nadu,Red,4.9,134.33,18.5,56.86,11.15,21.7,Critical_Dry,1"
"2026-05-03 11:00:00,Gujarat,Red,7.86,63.5,10.24,24.05,27.65,25.69,Normal,0"
"2026-05-03 12:00:00,Uttar Pradesh,Laterite,8.23,38.23,74.21,52.91,33.12,40.07,Normal,0"
"2026-05-03 13:00:00,Karnataka,Arid,5.79,59.18,31.34,74.9,28.89,31.54,Normal,0"
"2026-05-03 14:00:00,Gujarat,Black,8.2,89.91,25.5,107.28,16.54,26.96,Moderate_Dry,0"
"2026-05-03 15:00:00,Uttar Pradesh,Arid,7.67,58.03,58.89,44.71,10.32,27.66,Critical_Dry,1"
"2026-05-03 16:00:00,Tamil Nadu,Alluvial,8.19,93.27,69.74,80.46,22.31,38.11,Moderate_Dry,0"
"2026-05-03 17:00:00,Maharashtra,Black,7.17,136.02,54.26,32.29,31.96,18.64,Normal,0"
"2026-05-03 18:00:00,Maharashtra,Red,5.44,100.49,27.81,52.17,44.69,18.27,Normal,0"
"2026-05-03 19:00:00,Punjab,Laterite,8.08,63.52,70.31,114.46,16.75,19.11,Moderate_Dry,0"
"2026-05-03 20:00:00,Uttar Pradesh,Laterite,5.24,132.29,45.73,93.5,41.96,29.26,Normal,0"
"2026-05-03 21:00:00,Maharashtra,Red,5.35,87.88,36.68,72.31,10.53,31.95,Critical_Dry,1"
"2026-05-03 22:00:00,Karnataka,Alluvial,5.58,35.4,52.33,41.43,42.45,32.99,Normal,0"
"2026-05-03 23:00:00,Uttar Pradesh,Red,5.72,79.88,59.04,54.87,38.8,35.55,Normal,0"
"2026-05-04 00:00:00,Karnataka,Alluvial,6.56,98.44,51.57,31.45,8.77,22.55,Critical_Dry,1"
"2026-05-04 01:00:00,Karnataka,Black,7.35,120.59,74.42,52.11,19.03,24.29,Moderate_Dry,0"
"2026-05-04 02:00:00,Maharashtra,Red,8.2,132.38,53.96,30.82,9.89,23.84,Critical_Dry,1"
"2026-05-04 03:00:00,Uttar Pradesh,Alluvial,4.85,58.09,71.5,98.51,44.83,21.58,Normal,0"
"2026-05-04 04:00:00,Tamil Nadu,Black,8.32,38.66,51.09,23.48,23.83,23.87,Normal,0"
"2026-05-04 05:00:00,Gujarat,Red,8.19,28.86,33.08,34.89,32.5,32.73,Normal,0"
"2026-05-04 06:00:00,Maharashtra,Laterite,4.72,108.6,47.26,87.57,16.67,26.79,Moderate_Dry,0"
"2026-05-04 07:00:00,Maharashtra,Red,5.94,115.42,16.04,109.76,42.55,36.43,Normal,0"
"2026-05-04 08:00:00,Tamil Nadu,Arid,7.75,69.12,26.11,116.28,18.14,30.87,Moderate_Dry,0"
"2026-05-04 09:00:00,Uttar Pradesh,Red,6.95,67.51,63.64,102.78,17.63,23.09,Moderate_Dry,0"
"2026-05-04 10:00:00,Uttar Pradesh,Arid,7.62,134.51,56.3,37.2,19.64,29.22,Moderate_Dry,0"
"2026-05-04 11:00:00,Karnataka,Black,7.38,130.0,21.66,45.0,25.11,32.24,Normal,0"
"2026-05-04 12:00:00,Tamil Nadu,Red,6.49,47.99,40.66,106.43,8.69,38.79,Critical_Dry,1"
"2026-05-04 13:00:00,Tamil Nadu,Black,4.66,113.7,19.94,108.38,30.12,38.01,Normal,0"
"2026-05-04 14:00:00,Uttar Pradesh,Black,6.84,94.72,69.91,82.27,9.17,28.24,Critical_Dry,1"
"2026-05-04 15:00:00,Karnataka,Alluvial,4.69,38.51,17.64,47.93,27.95,33.54,Normal,0"
"2026-05-04 16:00:00,Maharashtra,Black,6.91,62.81,55.8,38.53,24.94,25.15,Normal,0"
"2026-05-04 17:00:00,Punjab,Black,7.7,41.3,52.49,104.49,16.97,33.19,Moderate_Dry,0"
"2026-05-04 18:00:00,Gujarat,Red,6.84,55.42,43.09,36.55,20.2,39.91,Moderate_Dry,0"
"2026-05-04 19:00:00,Maharashtra,Red,8.49,93.84,29.48,84.49,34.11,32.99,Normal,0"
"2026-05-04 20:00:00,Uttar Pradesh,Laterite,6.32,65.03,38.28,116.64,8.36,25.29,Critical_Dry,1"
"2026-05-04 21:00:00,Gujarat,Alluvial,7.5,67.29,66.45,89.06,19.72,33.46,Moderate_Dry,0"
"2026-05-04 22:00:00,Punjab,Black,7.17,84.76,63.31,42.06,33.17,39.67,Normal,0"
"2026-05-04 23:00:00,Punjab,Alluvial,8.47,30.47,61.72,44.66,13.63,21.29,Critical_Dry,1"
"2026-05-05 00:00:00,Karnataka,Arid,7.35,108.66,62.49,24.75,28.73,29.58,Normal,0"
"2026-05-05 01:00:00,Gujarat,Black,5.16,68.21,20.07,87.05,14.25,25.71,Critical_Dry,1"
"2026-05-05 02:00:00,Karnataka,Alluvial,8.32,77.65,16.94,69.44,13.73,23.8,Critical_Dry,1"
"2026-05-05 03:00:00,Maharashtra,Laterite,7.17,136.92,70.3,36.68,36.57,27.51,Normal,0"
"2026-05-05 04:00:00,Tamil Nadu,Laterite,4.74,61.32,68.6,38.91,17.86,27.46,Moderate_Dry,0"
"2026-05-05 05:00:00,Tamil Nadu,Black,7.13,97.79,57.69,15.95,21.9,23.05,Moderate_Dry,0"
"2026-05-05 06:00:00,Tamil Nadu,Arid,8.03,67.1,52.41,117.73,35.01,27.69,Normal,0"
"2026-05-05 07:00:00,Gujarat,Laterite,6.81,127.31,35.68,101.94,14.64,33.21,Critical_Dry,1"
"2026-05-05 08:00:00,Tamil Nadu,Laterite,5.92,121.61,25.69,56.39,27.67,18.62,Normal,0"
"2026-05-05 09:00:00,Maharashtra,Arid,7.78,48.99,56.74,114.34,41.96,41.74,Normal,0"
"2026-05-05 10:00:00,Karnataka,Alluvial,7.63,103.01,73.91,86.1,28.49,25.1,Normal,0"
"2026-05-05 11:00:00,Gujarat,Laterite,6.68,27.82,40.59,93.9,9.81,32.97,Critical_Dry,1"
"2026-05-05 12:00:00,Karnataka,Red,5.12,135.58,31.22,86.4,29.82,24.81,Normal,0"
"2026-05-05 13:00:00,Gujarat,Laterite,5.5,61.88,28.95,94.47,11.34,27.44,Critical_Dry,1"
"2026-05-05 14:00:00,Karnataka,Alluvial,7.45,119.82,11.66,32.95,18.44,31.18,Moderate_Dry,0"
"2026-05-05 15:00:00,Punjab,Alluvial,7.72,58.21,46.42,74.05,39.44,32.68,Normal,0"
"2026-05-05 16:00:00,Karnataka,Black,5.62,95.93,79.18,104.18,8.41,36.49,Critical_Dry,1"
"2026-05-05 17:00:00,Tamil Nadu,Red,5.97,138.03,67.07,17.05,10.85,37.0,Critical_Dry,1"
"2026-05-05 18:00:00,Punjab,Alluvial,4.81,125.21,72.82,27.96,21.44,30.45,Moderate_Dry,0"
"2026-05-05 19:00:00,Karnataka,Arid,7.35,39.24,53.48,40.79,44.98,19.82,Normal,0"
"2026-05-05 20:00:00,Gujarat,Red,4.51,85.7,43.7,45.95,18.8,31.39,Moderate_Dry,0"
"2026-05-05 21:00:00,Gujarat,Red,4.69,61.82,79.33,34.18,13.82,29.46,Critical_Dry,1"
"2026-05-05 22:00:00,Gujarat,Arid,4.52,72.12,41.3,80.55,28.33,23.17,Normal,0"
"2026-05-05 23:00:00,Uttar Pradesh,Laterite,7.08,60.22,74.18,45.87,27.21,18.24,Normal,0"
"2026-05-06 00:00:00,Maharashtra,Arid,6.17,60.32,63.33,31.6,24.64,25.58,Normal,0"
"2026-05-06 01:00:00,Gujarat,Arid,5.69,85.11,33.17,110.11,43.03,24.23,Normal,0"
"2026-05-06 02:00:00,Punjab,Laterite,8.15,43.04,45.21,87.98,18.37,29.59,Moderate_Dry,0"
"2026-05-06 03:00:00,Gujarat,Laterite,5.27,84.49,36.9,40.84,18.85,36.28,Moderate_Dry,0"
"2026-05-06 04:00:00,Uttar Pradesh,Laterite,6.06,53.48,19.54,52.9,13.19,28.54,Critical_Dry,1"
"2026-05-06 05:00:00,Tamil Nadu,Laterite,8.26,54.68,34.97,92.78,33.8,40.84,Normal,0"
"2026-05-06 06:00:00,Punjab,Laterite,6.21,108.65,72.23,98.05,19.89,23.31,Moderate_Dry,0"
"2026-05-06 07:00:00,Uttar Pradesh,Arid,6.72,23.55,62.68,33.53,37.7,23.3,Normal,0"
"2026-05-06 08:00:00,Tamil Nadu,Black,4.82,65.71,29.43,113.34,43.96,32.51,Normal,0"
"2026-05-06 09:00:00,Punjab,Black,7.66,68.9,35.75,97.45,9.62,39.51,Critical_Dry,1"
"2026-05-06 10:00:00,Karnataka,Alluvial,6.19,78.21,53.15,104.97,44.75,34.12,Normal,0"
"2026-05-06 11:00:00,Maharashtra,Black,7.7,100.28,39.13,30.11,17.4,34.17,Moderate_Dry,0"
"2026-05-06 12:00:00,Maharashtra,Black,5.52,64.36,45.21,30.05,23.54,37.35,Normal,0"
"2026-05-06 13:00:00,Uttar Pradesh,Arid,6.19,45.58,58.87,47.06,36.78,34.05,Normal,0"
"2026-05-06 14:00:00,Tamil Nadu,Laterite,7.65,126.18,42.71,21.79,32.62,36.22,Normal,0"
"2026-05-06 15:00:00,Maharashtra,Laterite,8.4,137.72,23.37,24.56,36.8,38.79,Normal,0"
"2026-05-06 16:00:00,Tamil Nadu,Arid,4.74,22.4,46.44,30.04,25.25,18.19,Normal,0"
"2026-05-06 17:00:00,Tamil Nadu,Black,7.75,85.58,34.93,89.81,41.89,39.25,Normal,0"
"2026-05-06 18:00:00,Uttar Pradesh,Arid,5.7,61.0,30.35,18.17,37.23,23.17,Normal,0"
"2026-05-06 19:00:00,Uttar Pradesh,Alluvial,6.7,53.24,32.97,23.74,19.44,39.89,Moderate_Dry,0"
"2026-05-06 20:00:00,Uttar Pradesh,Laterite,5.66,60.28,40.73,114.14,43.09,24.39,Normal,0"
"2026-05-06 21:00:00,Maharashtra,Red,6.95,96.67,72.06,23.78,43.56,28.93,Normal,0"
"2026-05-06 22:00:00,Uttar Pradesh,Alluvial,5.92,42.89,61.38,71.43,23.36,40.41,Normal,0"
"2026-05-06 23:00:00,Maharashtra,Alluvial,5.83,129.54,56.75,82.47,32.12,20.63,Normal,0"
"2026-05-07 00:00:00,Uttar Pradesh,Arid,4.65,75.93,42.99,115.65,38.15,35.89,Normal,0"
"2026-05-07 01:00:00,Gujarat,Black,5.09,59.07,10.13,109.48,38.24,27.42,Normal,0"
"2026-05-07 02:00:00,Tamil Nadu,Laterite,8.17,111.86,33.84,61.27,8.52,18.58,Critical_Dry,1"
"2026-05-07 03:00:00,Uttar Pradesh,Red,8.49,21.96,66.92,113.93,31.27,40.54,Normal,0"
"2026-05-07 04:00:00,Punjab,Alluvial,7.62,71.82,37.17,60.39,44.03,20.83,Normal,0"
"2026-05-07 05:00:00,Tamil Nadu,Red,5.65,62.64,49.47,85.34,16.56,36.58,Moderate_Dry,0"
"2026-05-07 06:00:00,Tamil Nadu,Black,6.11,60.59,24.33,42.26,37.44,27.22,Normal,0"
"2026-05-07 07:00:00,Uttar Pradesh,Black,7.46,60.45,74.11,81.85,27.77,37.45,Normal,0"
"2026-05-07 08:00:00,Karnataka,Red,8.37,23.75,74.62,71.51,16.19,36.01,Moderate_Dry,0"
"2026-05-07 09:00:00,Uttar Pradesh,Laterite,6.32,38.25,20.22,78.72,9.89,33.2,Critical_Dry,1"
"2026-05-07 10:00:00,Tamil Nadu,Black,7.82,37.03,60.69,86.68,36.12,40.54,Normal,0"
"2026-05-07 11:00:00,Punjab,Red,8.4,138.63,15.27,33.21,19.71,20.37,Moderate_Dry,0"
"2026-05-07 12:00:00,Tamil Nadu,Alluvial,7.99,22.66,51.9,46.63,21.9,37.17,Moderate_Dry,0"
"2026-05-07 13:00:00,Punjab,Red,5.41,40.05,22.51,92.31,25.95,34.1,Normal,0"
"2026-05-07 14:00:00,Maharashtra,Red,4.53,136.9,20.2,32.2,26.77,25.55,Normal,0"
"2026-05-07 15:00:00,Gujarat,Arid,6.47,95.39,10.29,51.15,15.63,31.1,Moderate_Dry,0"
"2026-05-07 16:00:00,Tamil Nadu,Black,6.63,74.08,75.86,84.98,32.81,33.47,Normal,0"
"2026-05-07 17:00:00,Uttar Pradesh,Laterite,5.31,29.45,68.05,113.45,33.62,35.67,Normal,0"
"2026-05-07 18:00:00,Maharashtra,Laterite,5.64,100.36,15.42,22.91,13.27,22.49,Critical_Dry,1"
"2026-05-07 19:00:00,Gujarat,Arid,7.56,36.54,51.96,69.24,27.72,20.45,Normal,0"
"2026-05-07 20:00:00,Uttar Pradesh,Laterite,6.38,100.54,26.3,23.6,30.54,20.45,Normal,0"
"2026-05-07 21:00:00,Karnataka,Red,5.77,137.5,28.48,54.81,14.89,25.05,Critical_Dry,1"
"2026-05-07 22:00:00,Uttar Pradesh,Arid,6.99,83.84,71.19,33.42,41.1,21.7,Normal,0"
"2026-05-07 23:00:00,Punjab,Alluvial,7.11,45.69,18.0,83.19,25.86,30.86,Normal,0"
"2026-05-08 00:00:00,Punjab,Black,7.58,95.03,52.1,94.57,12.26,28.49,Critical_Dry,1"
"2026-05-08 01:00:00,Karnataka,Black,5.13,81.55,38.09,40.97,20.37,39.43,Moderate_Dry,0"
"2026-05-08 02:00:00,Maharashtra,Black,7.47,83.98,23.36,89.85,25.65,35.22,Normal,0"
"2026-05-08 03:00:00,Gujarat,Red,6.9,77.37,41.63,61.92,8.38,22.94,Critical_Dry,1"
"2026-05-08 04:00:00,Uttar Pradesh,Alluvial,4.73,100.85,75.83,44.78,9.18,19.1,Critical_Dry,1"
"2026-05-08 05:00:00,Punjab,Arid,7.61,88.63,64.71,69.96,10.05,35.02,Critical_Dry,1"
"2026-05-08 06:00:00,Maharashtra,Arid,6.03,138.44,19.25,54.86,27.91,38.3,Normal,0"
"2026-05-08 07:00:00,Karnataka,Black,5.82,119.1,69.46,39.15,20.44,34.82,Moderate_Dry,0"
"2026-05-08 08:00:00,Tamil Nadu,Alluvial,6.29,51.76,75.62,94.47,41.04,33.45,Normal,0"
"2026-05-08 09:00:00,Punjab,Alluvial,5.88,107.09,29.39,98.74,28.69,23.98,Normal,0"
"2026-05-08 10:00:00,Karnataka,Alluvial,5.85,45.72,33.34,99.03,36.12,29.87,Normal,0"
"2026-05-08 11:00:00,Uttar Pradesh,Laterite,7.73,113.88,18.84,55.12,33.42,35.4,Normal,0"
"2026-05-08 12:00:00,Gujarat,Laterite,5.0,37.71,34.15,32.8,27.25,22.64,Normal,0"
"2026-05-08 13:00:00,Punjab,Black,8.38,76.83,57.12,103.24,35.55,29.44,Normal,0"
"2026-05-08 14:00:00,Punjab,Alluvial,6.72,114.87,29.05,49.57,28.15,20.81,Normal,0"
"2026-05-08 15:00:00,Uttar Pradesh,Alluvial,5.23,53.61,10.48,93.55,22.26,30.74,Moderate_Dry,0"
"2026-05-08 16:00:00,Tamil Nadu,Arid,5.02,120.45,33.7,100.83,24.12,31.76,Normal,0"
"2026-05-08 17:00:00,Maharashtra,Arid,6.87,97.3,41.72,95.66,39.02,30.85,Normal,0"
"2026-05-08 18:00:00,Gujarat,Black,7.03,67.7,49.64,55.93,28.84,29.27,Normal,0"
"2026-05-08 19:00:00,Punjab,Alluvial,4.71,70.81,57.87,113.49,21.96,32.1,Moderate_Dry,0"
"2026-05-08 20:00:00,Gujarat,Black,5.47,131.12,14.32,84.32,14.65,41.92,Critical_Dry,1"
"2026-05-08 21:00:00,Punjab,Arid,7.68,46.13,42.88,75.45,26.33,32.94,Normal,0"
"2026-05-08 22:00:00,Gujarat,Arid,4.7,103.2,28.65,88.28,17.34,36.06,Moderate_Dry,0"
"2026-05-08 23:00:00,Karnataka,Laterite,7.92,104.88,76.36,19.7,43.36,22.61,Normal,0"
"2026-05-09 00:00:00,Punjab,Black,7.13,130.69,35.19,56.0,26.17,30.72,Normal,0"
"2026-05-09 01:00:00,Gujarat,Black,6.24,105.58,17.01,107.53,8.33,18.18,Critical_Dry,1"
"2026-05-09 02:00:00,Maharashtra,Alluvial,5.89,90.14,12.9,31.91,11.44,18.75,Critical_Dry,1"
"2026-05-09 03:00:00,Karnataka,Alluvial,4.58,128.3,28.58,58.51,18.52,25.74,Moderate_Dry,0"
"2026-05-09 04:00:00,Karnataka,Laterite,7.8,119.5,22.52,57.55,11.41,29.2,Critical_Dry,1"
"2026-05-09 05:00:00,Maharashtra,Red,5.07,106.01,55.49,52.38,41.08,31.82,Normal,0"
"2026-05-09 06:00:00,Gujarat,Red,5.74,23.91,69.29,74.05,39.61,39.31,Normal,0"
"2026-05-09 07:00:00,Uttar Pradesh,Red,6.78,64.82,31.88,119.6,43.92,36.52,Normal,0"
"2026-05-09 08:00:00,Maharashtra,Black,5.48,95.83,50.45,41.86,34.14,25.2,Normal,0"
"2026-05-09 09:00:00,Gujarat,Black,6.49,82.67,61.12,89.02,31.88,35.84,Normal,0"
"2026-05-09 10:00:00,Maharashtra,Arid,7.74,58.32,37.89,94.59,42.17,31.19,Normal,0"
"2026-05-09 11:00:00,Maharashtra,Black,6.38,37.33,14.64,76.37,43.02,36.7,Normal,0"
"2026-05-09 12:00:00,Punjab,Black,8.3,86.36,26.04,25.23,40.47,27.87,Normal,0"
"2026-05-09 13:00:00,Gujarat,Black,7.89,54.31,71.81,75.1,39.87,20.21,Normal,0"
"2026-05-09 14:00:00,Uttar Pradesh,Laterite,5.83,47.96,67.71,115.11,32.85,32.84,Normal,0"
"2026-05-09 15:00:00,Punjab,Black,6.1,67.87,16.06,50.92,8.06,31.37,Critical_Dry,1"
"2026-05-09 16:00:00,Maharashtra,Alluvial,6.19,114.26,25.68,82.17,23.89,40.89,Normal,0"
"2026-05-09 17:00:00,Tamil Nadu,Alluvial,7.0,78.54,63.84,115.74,31.52,21.89,Normal,0"
"2026-05-09 18:00:00,Maharashtra,Arid,5.65,45.98,44.01,98.79,28.24,33.75,Normal,0"
"2026-05-09 19:00:00,Maharashtra,Laterite,8.38,34.03,63.2,87.27,38.38,29.38,Normal,0"
"2026-05-09 20:00:00,Gujarat,Alluvial,6.93,79.88,24.78,116.97,38.3,27.09,Normal,0"
"2026-05-09 21:00:00,Gujarat,Laterite,6.1,115.32,76.69,32.91,30.15,37.07,Normal,0"
"2026-05-09 22:00:00,Punjab,Laterite,7.08,98.34,64.85,96.14,8.81,37.46,Critical_Dry,1"
"2026-05-09 23:00:00,Uttar Pradesh,Arid,6.08,47.86,23.82,57.72,21.67,35.15,Moderate_Dry,0"
"2026-05-10 00:00:00,Punjab,Laterite,7.77,72.4,49.09,52.85,16.47,20.01,Moderate_Dry,0"
"2026-05-10 01:00:00,Karnataka,Black,6.77,122.63,17.92,69.67,20.54,26.28,Moderate_Dry,0"
"2026-05-10 02:00:00,Maharashtra,Laterite,4.67,41.32,35.3,18.54,30.84,19.12,Normal,0"
"2026-05-10 03:00:00,Tamil Nadu,Arid,5.21,83.85,56.17,47.82,10.46,26.25,Critical_Dry,1"
"2026-05-10 04:00:00,Maharashtra,Arid,7.96,62.75,33.11,32.45,8.82,33.55,Critical_Dry,1"
"2026-05-10 05:00:00,Maharashtra,Arid,6.75,34.9,55.97,29.56,24.16,30.45,Normal,0"
"2026-05-10 06:00:00,Punjab,Alluvial,8.3,25.99,27.13,50.42,37.36,34.87,Normal,0"
"2026-05-10 07:00:00,Tamil Nadu,Black,4.79,86.7,60.48,99.24,9.14,31.24,Critical_Dry,1"
"2026-05-10 08:00:00,Tamil Nadu,Alluvial,5.68,22.49,35.17,36.12,39.41,31.34,Normal,0"
"2026-05-10 09:00:00,Tamil Nadu,Red,5.27,32.41,65.33,70.8,22.2,30.26,Moderate_Dry,0"
"2026-05-10 10:00:00,Punjab,Black,6.72,61.71,19.57,93.61,12.37,26.74,Critical_Dry,1"
"2026-05-10 11:00:00,Maharashtra,Laterite,6.03,25.22,35.34,40.3,29.0,28.72,Normal,0"
"2026-05-10 12:00:00,Punjab,Arid,5.13,68.05,42.48,112.04,43.24,20.7,Normal,0"
"2026-05-10 13:00:00,Gujarat,Red,7.07,35.64,39.67,105.98,28.07,38.03,Normal,0"
"2026-05-10 14:00:00,Gujarat,Black,6.65,61.98,40.32,41.37,33.41,39.34,Normal,0"
"2026-05-10 15:00:00,Punjab,Alluvial,5.6,114.94,41.14,118.91,38.21,36.39,Normal,0"
"2026-05-10 16:00:00,Tamil Nadu,Arid,6.42,95.16,79.22,85.26,37.58,32.01,Normal,0"
"2026-05-10 17:00:00,Maharashtra,Alluvial,7.48,73.45,23.52,45.04,10.71,31.66,Critical_Dry,1"
"2026-05-10 18:00:00,Punjab,Black,5.32,31.02,63.81,86.51,35.42,29.29,Normal,0"
"2026-05-10 19:00:00,Punjab,Black,5.67,94.3,48.63,84.96,43.13,23.55,Normal,0"
"2026-05-10 20:00:00,Punjab,Red,5.88,39.65,38.95,78.65,33.92,27.21,Normal,0"
"2026-05-10 21:00:00,Karnataka,Laterite,7.49,29.19,54.35,89.73,38.95,41.76,Normal,0"
"2026-05-10 22:00:00,Gujarat,Alluvial,7.89,99.68,69.75,43.17,25.97,21.5,Normal,0"
"2026-05-10 23:00:00,Tamil Nadu,Red,6.01,129.45,42.66,117.79,19.81,31.02,Moderate_Dry,0"
"2026-05-11 00:00:00,Uttar Pradesh,Arid,5.69,75.27,70.54,105.08,33.02,38.8,Normal,0"
"2026-05-11 01:00:00,Tamil Nadu,Laterite,8.06,24.92,16.57,93.3,26.21,28.87,Normal,0"
"2026-05-11 02:00:00,Uttar Pradesh,Red,8.5,125.64,55.72,17.76,41.13,32.53,Normal,0"
"2026-05-11 03:00:00,Karnataka,Alluvial,7.18,28.04,33.32,76.99,44.05,37.87,Normal,0"
"2026-05-11 04:00:00,Punjab,Black,8.46,124.1,37.07,89.18,38.33,31.14,Normal,0"
"2026-05-11 05:00:00,Karnataka,Arid,7.14,67.02,49.97,104.68,44.73,35.56,Normal,0"
"2026-05-11 06:00:00,Karnataka,Alluvial,7.43,63.85,43.59,114.35,20.89,26.33,Moderate_Dry,0"
"2026-05-11 07:00:00,Maharashtra,Laterite,6.05,85.14,36.72,111.16,41.14,35.59,Normal,0"
"2026-05-11 08:00:00,Gujarat,Laterite,6.23,134.85,31.58,57.63,20.21,18.98,Moderate_Dry,0"
"2026-05-11 09:00:00,Uttar Pradesh,Black,5.08,127.85,53.28,109.13,12.37,21.67,Critical_Dry,1"
"2026-05-11 10:00:00,Punjab,Black,7.79,76.44,45.39,15.08,30.99,33.3,Normal,0"
"2026-05-11 11:00:00,Uttar Pradesh,Arid,8.22,103.5,32.63,51.9,24.83,28.77,Normal,0"
"2026-05-11 12:00:00,Tamil Nadu,Arid,6.99,89.65,24.35,26.96,42.1,37.88,Normal,0"
"2026-05-11 13:00:00,Uttar Pradesh,Black,5.87,103.22,64.21,107.72,26.21,26.21,Normal,0"
"2026-05-11 14:00:00,Tamil Nadu,Black,5.12,119.52,65.98,112.44,42.32,36.41,Normal,0"
"2026-05-11 15:00:00,Gujarat,Laterite,5.56,24.14,24.97,41.88,10.91,21.34,Critical_Dry,1"
"2026-05-11 16:00:00,Tamil Nadu,Black,5.52,59.09,28.32,53.57,38.73,40.32,Normal,0"
"2026-05-11 17:00:00,Uttar Pradesh,Red,6.95,135.12,26.74,118.31,36.09,28.04,Normal,0"
"2026-05-11 18:00:00,Uttar Pradesh,Alluvial,8.28,133.92,71.92,74.44,34.64,23.54,Normal,0"
"2026-05-11 19:00:00,Tamil Nadu,Black,4.69,21.35,64.19,67.19,21.14,36.94,Moderate_Dry,0"
"2026-05-11 20:00:00,Karnataka,Arid,4.5,44.17,15.22,67.55,37.0,40.75,Normal,0"
"2026-05-11 21:00:00,Gujarat,Red,6.9,139.25,68.29,88.1,25.88,40.03,Normal,0"
"2026-05-11 22:00:00,Maharashtra,Arid,5.64,79.14,12.58,115.23,34.46,23.71,Normal,0"
"2026-05-11 23:00:00,Punjab,Red,8.02,88.74,27.72,53.5,28.43,34.13,Normal,0"
"2026-05-12 00:00:00,Uttar Pradesh,Black,5.81,39.97,74.33,33.13,13.83,31.12,Critical_Dry,1"
"2026-05-12 01:00:00,Punjab,Alluvial,5.66,127.32,70.5,34.43,10.39,35.4,Critical_Dry,1"
"2026-05-12 02:00:00,Maharashtra,Arid,5.58,47.75,64.7,17.14,21.55,29.69,Moderate_Dry,0"
"2026-05-12 03:00:00,Punjab,Red,5.08,42.76,42.03,73.32,42.51,29.27,Normal,0"
"2026-05-12 04:00:00,Maharashtra,Laterite,6.83,47.37,32.5,112.56,27.6,39.18,Normal,0"
"2026-05-12 05:00:00,Tamil Nadu,Black,5.17,130.35,71.71,89.87,37.68,38.91,Normal,0"
"2026-05-12 06:00:00,Karnataka,Alluvial,6.2,104.34,56.0,119.26,29.31,36.9,Normal,0"
"2026-05-12 07:00:00,Uttar Pradesh,Black,6.34,112.23,30.69,110.5,43.44,34.92,Normal,0"
"2026-05-12 08:00:00,Maharashtra,Laterite,4.58,65.24,42.42,66.65,21.67,34.28,Moderate_Dry,0"
"2026-05-12 09:00:00,Punjab,Alluvial,4.57,129.1,71.71,66.09,10.11,19.35,Critical_Dry,1"
"2026-05-12 10:00:00,Uttar Pradesh,Laterite,6.58,114.73,73.24,80.98,36.88,35.99,Normal,0"
"2026-05-12 11:00:00,Karnataka,Black,7.28,110.07,56.15,26.65,34.1,33.31,Normal,0"
"2026-05-12 12:00:00,Tamil Nadu,Red,8.27,136.51,61.28,78.81,27.52,25.26,Normal,0"
"2026-05-12 13:00:00,Uttar Pradesh,Black,5.22,63.94,12.75,63.73,20.08,37.68,Moderate_Dry,0"
"2026-05-12 14:00:00,Maharashtra,Black,4.91,93.32,52.32,82.49,14.97,37.98,Critical_Dry,1"
"2026-05-12 15:00:00,Karnataka,Black,4.71,129.19,58.23,74.35,25.84,40.37,Normal,0"
"2026-05-12 16:00:00,Punjab,Arid,6.24,114.91,11.43,47.59,32.65,28.04,Normal,0"
"2026-05-12 17:00:00,Karnataka,Laterite,6.99,87.61,69.07,78.82,29.42,31.23,Normal,0"
"2026-05-12 18:00:00,Karnataka,Laterite,7.86,29.15,74.98,53.43,24.19,39.74,Normal,0"
"2026-05-12 19:00:00,Gujarat,Laterite,7.23,98.33,26.66,35.44,27.97,25.6,Normal,0"
"2026-05-12 20:00:00,Karnataka,Arid,5.33,83.19,69.21,85.88,11.99,37.12,Critical_Dry,1"
"2026-05-12 21:00:00,Karnataka,Red,6.35,42.1,56.59,47.17,33.75,41.81,Normal,0"
"2026-05-12 22:00:00,Uttar Pradesh,Black,8.14,125.87,50.65,108.35,35.17,33.65,Normal,0"
"2026-05-12 23:00:00,Punjab,Red,5.81,61.19,69.02,35.93,8.42,41.61,Critical_Dry,1"
"2026-05-13 00:00:00,Uttar Pradesh,Arid,6.49,66.5,29.99,78.02,18.01,30.38,Moderate_Dry,0"
"2026-05-13 01:00:00,Uttar Pradesh,Laterite,8.33,100.69,65.36,75.01,11.41,21.67,Critical_Dry,1"
"2026-05-13 02:00:00,Maharashtra,Black,7.44,78.66,32.02,35.76,44.93,22.21,Normal,0"
"2026-05-13 03:00:00,Uttar Pradesh,Alluvial,7.49,30.71,65.12,61.19,29.95,35.55,Normal,0"
"2026-05-13 04:00:00,Gujarat,Alluvial,5.51,66.49,41.57,85.93,25.23,18.02,Normal,0"
"2026-05-13 05:00:00,Gujarat,Red,6.16,31.34,18.19,48.45,25.13,33.89,Normal,0"
"2026-05-13 06:00:00,Maharashtra,Laterite,4.83,42.89,36.71,26.95,43.7,21.63,Normal,0"
"2026-05-13 07:00:00,Tamil Nadu,Alluvial,6.93,20.86,26.34,79.6,32.41,41.62,Normal,0"
"2026-05-13 08:00:00,Punjab,Red,4.91,41.76,17.04,38.53,14.24,21.92,Critical_Dry,1"
"2026-05-13 09:00:00,Punjab,Arid,7.84,59.65,17.72,86.55,24.58,31.26,Normal,0"
"2026-05-13 10:00:00,Uttar Pradesh,Red,7.76,84.59,64.6,103.14,36.65,34.07,Normal,0"
"2026-05-13 11:00:00,Uttar Pradesh,Red,6.63,130.31,71.7,27.95,23.66,37.67,Normal,0"
"2026-05-13 12:00:00,Tamil Nadu,Red,5.06,84.84,74.9,60.95,19.45,29.02,Moderate_Dry,0"
"2026-05-13 13:00:00,Uttar Pradesh,Black,4.6,104.67,69.78,61.72,44.67,40.41,Normal,0"
"2026-05-13 14:00:00,Punjab,Red,7.69,62.92,68.12,81.42,42.62,29.53,Normal,0"
"2026-05-13 15:00:00,Karnataka,Red,6.9,110.2,14.82,50.11,42.84,24.05,Normal,0"
"2026-05-13 16:00:00,Gujarat,Black,7.34,94.46,65.31,58.95,12.87,32.23,Critical_Dry,1"
"2026-05-13 17:00:00,Karnataka,Black,5.72,75.18,64.83,16.26,16.67,33.79,Moderate_Dry,0"
"2026-05-13 18:00:00,Karnataka,Arid,6.54,43.25,19.19,27.85,24.36,30.18,Normal,0"
"2026-05-13 19:00:00,Punjab,Laterite,7.49,56.42,56.34,74.84,38.79,35.6,Normal,0"
"2026-05-13 20:00:00,Karnataka,Alluvial,6.35,94.51,41.68,37.67,35.26,28.1,Normal,0"
"2026-05-13 21:00:00,Tamil Nadu,Alluvial,6.91,71.13,73.0,30.18,39.44,18.1,Normal,0"
"2026-05-13 22:00:00,Maharashtra,Red,7.66,126.73,58.68,49.06,42.07,24.35,Normal,0"
"2026-05-13 23:00:00,Uttar Pradesh,Arid,5.36,48.18,76.57,32.17,36.89,40.7,Normal,0"
"2026-05-14 00:00:00,Maharashtra,Red,4.76,28.77,17.34,21.26,17.69,36.32,Moderate_Dry,0"
"2026-05-14 01:00:00,Gujarat,Alluvial,6.63,90.72,12.84,44.81,18.56,22.55,Moderate_Dry,0"
"2026-05-14 02:00:00,Uttar Pradesh,Black,4.75,126.33,78.15,32.26,21.04,19.6,Moderate_Dry,0"
"2026-05-14 03:00:00,Karnataka,Laterite,7.57,63.77,15.61,98.94,19.21,26.42,Moderate_Dry,0"
"2026-05-14 04:00:00,Gujarat,Arid,7.38,97.73,37.03,21.58,17.22,38.07,Moderate_Dry,0"
"2026-05-14 05:00:00,Uttar Pradesh,Black,8.03,47.77,55.5,93.48,35.84,20.54,Normal,0"
"2026-05-14 06:00:00,Tamil Nadu,Laterite,7.06,87.02,71.6,55.19,9.26,31.04,Critical_Dry,1"
"2026-05-14 07:00:00,Tamil Nadu,Arid,4.77,114.42,27.82,85.91,34.95,24.6,Normal,0"
"2026-05-14 08:00:00,Tamil Nadu,Arid,5.51,124.04,12.03,20.53,38.47,35.43,Normal,0"
"2026-05-14 09:00:00,Tamil Nadu,Alluvial,7.73,32.61,46.49,111.67,10.44,18.01,Critical_Dry,1"
"2026-05-14 10:00:00,Karnataka,Black,5.17,62.76,42.98,95.57,10.29,24.65,Critical_Dry,1"
"2026-05-14 11:00:00,Maharashtra,Arid,7.29,96.76,31.48,29.72,18.56,34.3,Moderate_Dry,0"
"2026-05-14 12:00:00,Uttar Pradesh,Arid,7.62,24.17,71.17,37.97,15.71,31.12,Moderate_Dry,0"
"2026-05-14 13:00:00,Karnataka,Laterite,5.82,102.87,62.45,82.62,29.5,36.69,Normal,0"
"2026-05-14 14:00:00,Tamil Nadu,Alluvial,5.79,83.36,70.07,111.76,32.99,21.78,Normal,0"
"2026-05-14 15:00:00,Maharashtra,Red,6.73,54.63,21.33,61.81,31.46,30.74,Normal,0"
"2026-05-14 16:00:00,Gujarat,Alluvial,7.95,117.76,58.47,65.99,21.22,22.7,Moderate_Dry,0"
"2026-05-14 17:00:00,Gujarat,Red,5.4,54.81,78.26,39.97,26.44,33.34,Normal,0"
"2026-05-14 18:00:00,Gujarat,Black,8.27,138.97,52.83,55.22,31.68,21.15,Normal,0"
"2026-05-14 19:00:00,Tamil Nadu,Black,6.9,117.96,22.0,45.03,12.42,21.57,Critical_Dry,1"
"2026-05-14 20:00:00,Gujarat,Arid,8.47,104.96,79.7,51.81,16.49,25.88,Moderate_Dry,0"
"2026-05-14 21:00:00,Punjab,Black,4.86,27.36,46.98,17.16,40.95,27.65,Normal,0"
"2026-05-14 22:00:00,Uttar Pradesh,Arid,5.01,128.52,68.8,19.31,20.67,29.97,Moderate_Dry,0"
"2026-05-14 23:00:00,Uttar Pradesh,Alluvial,7.81,114.81,20.46,86.47,37.64,31.94,Normal,0"
"2026-05-15 00:00:00,Tamil Nadu,Black,7.96,47.48,56.63,86.59,17.29,29.25,Moderate_Dry,0"
"2026-05-15 01:00:00,Punjab,Alluvial,6.28,67.07,73.88,49.67,9.54,19.1,Critical_Dry,1"
"2026-05-15 02:00:00,Karnataka,Alluvial,7.36,52.24,47.24,107.97,26.51,26.24,Normal,0"
"2026-05-15 03:00:00,Karnataka,Black,7.97,138.13,30.21,42.94,41.02,19.47,Normal,0"
"2026-05-15 04:00:00,Gujarat,Alluvial,4.67,122.5,18.92,56.56,38.31,20.83,Normal,0"
"2026-05-15 05:00:00,Maharashtra,Black,6.8,131.63,30.72,91.79,17.36,20.23,Moderate_Dry,0"
"2026-05-15 06:00:00,Karnataka,Black,7.91,114.65,34.84,93.07,41.67,21.79,Normal,0"
"2026-05-15 07:00:00,Maharashtra,Black,6.09,74.76,59.7,105.42,25.75,37.51,Normal,0"
"2026-05-15 08:00:00,Uttar Pradesh,Red,5.71,44.65,22.5,18.05,9.81,33.06,Critical_Dry,1"
"2026-05-15 09:00:00,Maharashtra,Alluvial,7.68,44.97,17.43,34.29,9.03,30.16,Critical_Dry,1"
"2026-05-15 10:00:00,Uttar Pradesh,Laterite,5.84,38.2,37.09,82.26,25.95,35.57,Normal,0"
"2026-05-15 11:00:00,Punjab,Black,4.51,85.6,42.11,50.51,28.21,41.07,Normal,0"
"2026-05-15 12:00:00,Punjab,Alluvial,8.34,130.4,53.99,19.57,10.96,28.02,Critical_Dry,1"
"2026-05-15 13:00:00,Tamil Nadu,Arid,6.87,139.02,59.53,76.58,42.12,26.82,Normal,0"
"2026-05-15 14:00:00,Tamil Nadu,Black,7.78,54.48,72.25,56.27,34.57,41.47,Normal,0"
"2026-05-15 15:00:00,Gujarat,Black,7.8,103.68,30.23,53.23,37.65,36.51,Normal,0"
"2026-05-15 16:00:00,Karnataka,Laterite,4.77,91.65,47.0,42.76,29.61,36.65,Normal,0"
"2026-05-15 17:00:00,Gujarat,Red,5.18,78.67,35.62,15.63,32.55,32.4,Normal,0"
"2026-05-15 18:00:00,Uttar Pradesh,Red,5.74,99.89,10.1,34.15,22.35,30.17,Moderate_Dry,0"
"2026-05-15 19:00:00,Gujarat,Black,5.78,64.56,50.56,64.79,33.13,31.21,Normal,0"
"2026-05-15 20:00:00,Maharashtra,Alluvial,7.14,133.34,67.11,43.95,44.19,33.65,Normal,0"
"2026-05-15 21:00:00,Uttar Pradesh,Arid,6.99,104.65,12.55,106.81,31.97,27.04,Normal,0"
"2026-05-15 22:00:00,Tamil Nadu,Arid,6.48,110.5,10.24,30.01,20.64,36.78,Moderate_Dry,0"
"2026-05-15 23:00:00,Punjab,Alluvial,5.35,49.09,60.95,106.91,18.55,39.82,Moderate_Dry,0"
"2026-05-16 00:00:00,Tamil Nadu,Black,6.03,40.23,57.87,57.51,43.64,31.71,Normal,0"
"2026-05-16 01:00:00,Karnataka,Arid,6.67,67.32,38.41,43.96,14.85,27.16,Critical_Dry,1"
"2026-05-16 02:00:00,Uttar Pradesh,Red,6.37,112.0,56.31,46.95,37.83,34.69,Normal,0"
"2026-05-16 03:00:00,Uttar Pradesh,Alluvial,5.01,132.66,76.74,49.66,25.21,22.37,Normal,0"
"2026-05-16 04:00:00,Maharashtra,Laterite,7.1,71.28,27.35,68.19,24.42,41.25,Normal,0"
"2026-05-16 05:00:00,Karnataka,Black,4.79,112.9,27.21,52.16,35.66,33.79,Normal,0"
"2026-05-16 06:00:00,Punjab,Alluvial,6.01,76.45,23.04,82.96,13.48,19.62,Critical_Dry,1"
"2026-05-16 07:00:00,Uttar Pradesh,Arid,7.34,55.43,60.68,59.64,25.25,30.71,Normal,0"
"2026-05-16 08:00:00,Uttar Pradesh,Black,4.58,108.71,34.72,85.52,9.33,36.01,Critical_Dry,1"
"2026-05-16 09:00:00,Maharashtra,Red,6.78,115.78,79.21,78.46,32.81,24.67,Normal,0"
"2026-05-16 10:00:00,Gujarat,Black,5.84,44.34,60.03,40.67,10.16,19.22,Critical_Dry,1"
"2026-05-16 11:00:00,Punjab,Black,4.54,56.62,35.72,100.34,11.23,29.74,Critical_Dry,1"
"2026-05-16 12:00:00,Tamil Nadu,Red,5.26,79.37,20.44,98.89,39.26,38.01,Normal,0"
"2026-05-16 13:00:00,Karnataka,Red,8.26,42.38,51.44,118.84,24.39,24.04,Normal,0"
"2026-05-16 14:00:00,Uttar Pradesh,Black,6.58,131.46,30.64,33.38,15.44,35.21,Moderate_Dry,0"
"2026-05-16 15:00:00,Uttar Pradesh,Red,8.49,90.96,73.39,104.02,29.93,27.79,Normal,0"
"2026-05-16 16:00:00,Tamil Nadu,Alluvial,6.6,34.54,40.9,106.56,27.21,19.43,Normal,0"
"2026-05-16 17:00:00,Punjab,Red,6.68,42.08,30.49,82.43,23.2,25.3,Normal,0"
"2026-05-16 18:00:00,Gujarat,Red,6.07,134.52,51.2,68.17,41.5,25.53,Normal,0"
"2026-05-16 19:00:00,Uttar Pradesh,Black,5.74,108.58,19.59,115.51,35.73,39.71,Normal,0"
"2026-05-16 20:00:00,Punjab,Alluvial,5.51,108.13,49.31,117.13,13.61,41.56,Critical_Dry,1"
"2026-05-16 21:00:00,Tamil Nadu,Laterite,5.87,28.7,13.93,82.38,29.12,23.03,Normal,0"
"2026-05-16 22:00:00,Maharashtra,Laterite,6.34,127.44,52.48,52.75,11.28,28.33,Critical_Dry,1"
"2026-05-16 23:00:00,Gujarat,Arid,5.27,73.25,47.11,100.8,17.05,41.44,Moderate_Dry,0"
"2026-05-17 00:00:00,Karnataka,Red,5.4,99.17,46.45,24.37,41.66,27.77,Normal,0"
"2026-05-17 01:00:00,Uttar Pradesh,Red,5.59,135.16,57.89,45.51,25.1,26.38,Normal,0"
"2026-05-17 02:00:00,Punjab,Alluvial,6.3,32.0,13.11,118.48,41.01,20.64,Normal,0"
"2026-05-17 03:00:00,Maharashtra,Laterite,7.11,77.87,42.18,100.51,14.14,36.08,Critical_Dry,1"
"2026-05-17 04:00:00,Karnataka,Arid,7.92,25.95,41.08,113.66,15.6,28.73,Moderate_Dry,0"
"2026-05-17 05:00:00,Punjab,Alluvial,5.65,79.95,42.18,77.45,21.05,33.33,Moderate_Dry,0"
"2026-05-17 06:00:00,Punjab,Red,5.23,50.27,78.59,57.81,21.55,30.24,Moderate_Dry,0"
"2026-05-17 07:00:00,Karnataka,Laterite,6.02,129.33,19.75,117.87,35.58,22.19,Normal,0"
"2026-05-17 08:00:00,Maharashtra,Arid,8.08,67.82,58.33,47.49,30.18,22.23,Normal,0"
"2026-05-17 09:00:00,Tamil Nadu,Black,4.54,96.06,38.14,94.53,28.47,40.55,Normal,0"
"2026-05-17 10:00:00,Maharashtra,Laterite,7.21,123.23,45.82,73.61,30.29,39.35,Normal,0"
"2026-05-17 11:00:00,Gujarat,Arid,6.41,138.04,63.37,38.99,35.09,32.66,Normal,0"
"2026-05-17 12:00:00,Uttar Pradesh,Alluvial,5.14,80.46,21.02,16.84,41.03,18.03,Normal,0"
"2026-05-17 13:00:00,Karnataka,Black,5.78,74.69,63.45,55.3,23.35,28.4,Normal,0"
"2026-05-17 14:00:00,Tamil Nadu,Arid,5.4,29.09,14.92,72.51,37.71,30.73,Normal,0"
"2026-05-17 15:00:00,Karnataka,Arid,8.01,21.53,43.83,34.23,26.32,28.79,Normal,0"
"2026-05-17 16:00:00,Karnataka,Red,6.43,93.06,61.94,58.53,34.72,40.21,Normal,0"
"2026-05-17 17:00:00,Maharashtra,Laterite,6.75,27.86,23.48,79.59,40.37,18.98,Normal,0"
"2026-05-17 18:00:00,Uttar Pradesh,Red,6.87,65.65,63.96,90.07,9.19,33.72,Critical_Dry,1"
"2026-05-17 19:00:00,Gujarat,Black,7.06,20.43,21.68,20.54,28.23,25.53,Normal,0"
"2026-05-17 20:00:00,Punjab,Arid,6.48,93.83,65.95,84.74,44.61,31.43,Normal,0"
"2026-05-17 21:00:00,Punjab,Red,4.57,71.05,42.83,20.95,26.36,33.74,Normal,0"
"2026-05-17 22:00:00,Karnataka,Laterite,5.84,35.24,57.92,17.96,39.98,28.58,Normal,0"
"2026-05-17 23:00:00,Uttar Pradesh,Black,5.24,55.56,74.22,31.0,14.88,21.56,Critical_Dry,1"
"2026-05-18 00:00:00,Tamil Nadu,Alluvial,7.22,88.36,38.59,83.63,30.36,30.46,Normal,0"
"2026-05-18 01:00:00,Maharashtra,Red,4.73,98.81,26.31,20.55,40.2,40.39,Normal,0"
"2026-05-18 02:00:00,Uttar Pradesh,Black,6.76,75.48,70.7,17.19,23.97,30.86,Normal,0"
"2026-05-18 03:00:00,Uttar Pradesh,Alluvial,5.34,116.48,21.31,27.39,26.01,20.95,Normal,0"
"2026-05-18 04:00:00,Maharashtra,Red,8.3,33.49,54.2,114.72,11.03,37.78,Critical_Dry,1"
"2026-05-18 05:00:00,Karnataka,Black,5.84,30.15,74.63,110.26,9.56,23.32,Critical_Dry,1"
"2026-05-18 06:00:00,Uttar Pradesh,Black,5.8,25.31,57.21,24.08,25.34,26.89,Normal,0"
"2026-05-18 07:00:00,Punjab,Red,8.19,84.3,23.7,46.92,39.21,28.29,Normal,0"
"2026-05-18 08:00:00,Maharashtra,Black,6.17,104.75,20.66,114.47,42.46,26.15,Normal,0"
"2026-05-18 09:00:00,Tamil Nadu,Arid,8.35,35.66,27.66,25.26,32.37,27.71,Normal,0"
"2026-05-18 10:00:00,Gujarat,Red,4.6,96.67,37.4,24.93,38.58,37.09,Normal,0"
"2026-05-18 11:00:00,Karnataka,Black,5.73,77.23,21.14,24.03,35.19,23.36,Normal,0"
"2026-05-18 12:00:00,Maharashtra,Alluvial,7.16,138.48,65.85,117.53,33.95,29.29,Normal,0"
"2026-05-18 13:00:00,Gujarat,Alluvial,8.06,106.1,34.99,93.03,36.45,18.48,Normal,0"
"2026-05-18 14:00:00,Gujarat,Arid,5.53,98.9,75.53,37.52,26.7,30.18,Normal,0"
"2026-05-18 15:00:00,Tamil Nadu,Red,8.22,88.45,68.97,19.82,24.94,20.68,Normal,0"
"2026-05-18 16:00:00,Uttar Pradesh,Black,6.88,139.68,73.62,116.35,13.89,24.77,Critical_Dry,1"
"2026-05-18 17:00:00,Tamil Nadu,Black,7.7,137.66,30.61,59.68,39.22,25.8,Normal,0"
"2026-05-18 18:00:00,Uttar Pradesh,Alluvial,6.09,84.57,50.16,77.83,9.65,19.98,Critical_Dry,1"
"2026-05-18 19:00:00,Uttar Pradesh,Arid,5.35,74.62,32.5,44.32,17.9,26.65,Moderate_Dry,0"
"2026-05-18 20:00:00,Maharashtra,Alluvial,8.14,75.45,27.99,94.63,27.24,29.95,Normal,0"
"2026-05-18 21:00:00,Maharashtra,Alluvial,8.23,71.4,52.5,35.66,43.95,28.35,Normal,0"
"2026-05-18 22:00:00,Karnataka,Arid,6.49,83.77,67.26,97.63,37.08,24.73,Normal,0"
"2026-05-18 23:00:00,Uttar Pradesh,Red,4.53,52.83,16.55,39.21,21.64,25.08,Moderate_Dry,0"
"2026-05-19 00:00:00,Gujarat,Black,4.94,131.21,29.3,25.28,34.42,33.21,Normal,0"
"2026-05-19 01:00:00,Punjab,Red,6.79,78.83,24.36,65.28,42.46,35.24,Normal,0"
"2026-05-19 02:00:00,Karnataka,Laterite,4.6,121.04,65.88,100.39,27.94,31.84,Normal,0"
"2026-05-19 03:00:00,Maharashtra,Laterite,6.09,77.04,75.34,55.41,25.09,41.43,Normal,0"
"2026-05-19 04:00:00,Tamil Nadu,Laterite,5.71,106.19,15.6,18.03,28.46,40.68,Normal,0"
"2026-05-19 05:00:00,Karnataka,Arid,7.36,60.43,36.54,73.1,19.53,20.36,Moderate_Dry,0"
"2026-05-19 06:00:00,Karnataka,Alluvial,4.72,94.98,74.02,86.45,41.57,24.27,Normal,0"
"2026-05-19 07:00:00,Karnataka,Red,6.45,79.8,34.12,92.77,37.5,38.84,Normal,0"
"2026-05-19 08:00:00,Karnataka,Black,6.82,64.05,59.89,57.2,34.1,18.71,Normal,0"
"2026-05-19 09:00:00,Punjab,Laterite,6.97,125.79,17.05,25.19,29.8,32.21,Normal,0"
"2026-05-19 10:00:00,Tamil Nadu,Red,6.12,33.53,41.11,76.35,43.87,40.91,Normal,0"
"2026-05-19 11:00:00,Tamil Nadu,Laterite,5.72,78.43,45.23,49.6,19.02,34.29,Moderate_Dry,0"
"2026-05-19 12:00:00,Tamil Nadu,Laterite,7.23,43.32,63.04,114.42,18.48,20.21,Moderate_Dry,0"
"2026-05-19 13:00:00,Uttar Pradesh,Black,7.89,123.33,30.22,67.78,16.96,35.95,Moderate_Dry,0"
"2026-05-19 14:00:00,Gujarat,Arid,7.27,50.42,28.49,64.59,35.45,27.04,Normal,0"
"2026-05-19 15:00:00,Tamil Nadu,Alluvial,8.23,96.01,31.21,47.47,37.5,40.12,Normal,0"
"2026-05-19 16:00:00,Karnataka,Arid,7.37,39.87,48.9,50.57,30.09,24.87,Normal,0"
"2026-05-19 17:00:00,Karnataka,Red,7.56,68.59,71.32,68.84,32.12,29.36,Normal,0"
"2026-05-19 18:00:00,Tamil Nadu,Arid,5.17,127.92,68.17,47.2,20.91,35.92,Moderate_Dry,0"
"2026-05-19 19:00:00,Tamil Nadu,Red,6.18,39.93,14.06,108.69,9.47,24.18,Critical_Dry,1"
"2026-05-19 20:00:00,Karnataka,Red,6.44,99.58,71.53,61.1,17.38,22.36,Moderate_Dry,0"
"2026-05-19 21:00:00,Uttar Pradesh,Alluvial,5.53,44.54,16.66,45.66,29.62,18.06,Normal,0"
"2026-05-19 22:00:00,Maharashtra,Black,6.61,69.89,39.07,31.32,38.08,29.71,Normal,0"
"2026-05-19 23:00:00,Maharashtra,Alluvial,5.66,84.87,63.58,85.6,36.76,40.29,Normal,0"
"2026-05-20 00:00:00,Tamil Nadu,Arid,7.25,89.28,15.71,17.71,14.64,24.76,Critical_Dry,1"
"2026-05-20 01:00:00,Punjab,Red,6.38,92.3,12.83,62.25,9.9,19.04,Critical_Dry,1"
"2026-05-20 02:00:00,Tamil Nadu,Laterite,6.34,96.82,33.1,72.76,39.47,32.89,Normal,0"
"2026-05-20 03:00:00,Tamil Nadu,Laterite,8.43,52.61,61.09,50.68,10.8,19.35,Critical_Dry,1"
"2026-05-20 04:00:00,Maharashtra,Red,6.07,68.16,46.52,93.73,22.55,30.17,Moderate_Dry,0"
"2026-05-20 05:00:00,Karnataka,Alluvial,5.95,24.48,39.19,85.94,11.49,27.16,Critical_Dry,1"
"2026-05-20 06:00:00,Tamil Nadu,Black,5.77,112.25,66.92,117.0,28.87,29.41,Normal,0"
"2026-05-20 07:00:00,Karnataka,Alluvial,8.08,120.45,63.67,68.42,21.44,21.9,Moderate_Dry,0"
"2026-05-20 08:00:00,Karnataka,Red,6.49,43.91,65.02,71.47,15.49,20.16,Moderate_Dry,0"
"2026-05-20 09:00:00,Punjab,Red,6.9,44.17,42.18,40.81,30.02,35.98,Normal,0"
"2026-05-20 10:00:00,Karnataka,Black,5.22,25.04,11.36,55.48,21.45,23.9,Moderate_Dry,0"
"2026-05-20 11:00:00,Maharashtra,Arid,6.66,136.45,22.05,17.82,14.17,37.21,Critical_Dry,1"
"2026-05-20 12:00:00,Uttar Pradesh,Arid,5.6,116.86,61.89,87.37,33.9,36.2,Normal,0"
"2026-05-20 13:00:00,Uttar Pradesh,Black,7.42,63.28,62.72,47.72,38.96,22.76,Normal,0"
"2026-05-20 14:00:00,Gujarat,Arid,7.83,77.83,78.06,71.74,18.13,39.8,Moderate_Dry,0"
"2026-05-20 15:00:00,Tamil Nadu,Laterite,7.36,55.04,23.31,41.77,14.9,21.87,Critical_Dry,1"
"2026-05-20 16:00:00,Maharashtra,Arid,7.42,91.67,18.6,80.21,10.78,37.13,Critical_Dry,1"
"2026-05-20 17:00:00,Karnataka,Arid,6.55,106.08,19.72,62.0,27.53,28.09,Normal,0"
"2026-05-20 18:00:00,Uttar Pradesh,Arid,7.35,73.68,22.94,65.6,38.76,22.39,Normal,0"
"2026-05-20 19:00:00,Maharashtra,Laterite,6.19,124.83,46.99,113.97,17.28,40.51,Moderate_Dry,0"
"2026-05-20 20:00:00,Uttar Pradesh,Arid,7.11,82.04,78.26,89.15,25.04,41.12,Normal,0"
"2026-05-20 21:00:00,Karnataka,Laterite,5.54,37.31,51.26,42.5,13.95,30.27,Critical_Dry,1"
"2026-05-20 22:00:00,Uttar Pradesh,Black,4.78,94.67,46.59,67.91,22.96,29.26,Moderate_Dry,0"
"2026-05-20 23:00:00,Tamil Nadu,Alluvial,6.15,75.47,57.13,64.0,8.57,39.62,Critical_Dry,1"
"2026-05-21 00:00:00,Tamil Nadu,Black,6.35,132.28,15.18,98.48,41.7,32.31,Normal,0"
"2026-05-21 01:00:00,Gujarat,Alluvial,5.53,67.03,67.07,102.5,33.03,24.38,Normal,0"
"2026-05-21 02:00:00,Gujarat,Black,7.41,68.34,55.28,44.76,20.31,28.2,Moderate_Dry,0"
"2026-05-21 03:00:00,Uttar Pradesh,Alluvial,4.79,98.09,21.98,101.22,40.6,38.06,Normal,0"
"2026-05-21 04:00:00,Maharashtra,Alluvial,5.39,83.24,54.15,33.85,14.77,38.63,Critical_Dry,1"
"2026-05-21 05:00:00,Tamil Nadu,Red,7.49,64.93,51.73,95.09,10.91,40.54,Critical_Dry,1"
"2026-05-21 06:00:00,Maharashtra,Alluvial,6.25,138.77,14.54,41.12,42.88,24.92,Normal,0"
"2026-05-21 07:00:00,Maharashtra,Alluvial,7.32,56.26,28.69,46.28,19.43,34.32,Moderate_Dry,0"
"2026-05-21 08:00:00,Uttar Pradesh,Red,6.77,53.3,37.37,104.51,42.63,19.64,Normal,0"
"2026-05-21 09:00:00,Maharashtra,Arid,8.3,123.73,27.14,59.11,31.59,35.42,Normal,0"
"2026-05-21 10:00:00,Tamil Nadu,Arid,6.89,20.4,27.02,119.01,44.26,31.52,Normal,0"
"2026-05-21 11:00:00,Karnataka,Red,4.56,44.15,50.11,30.95,35.88,23.99,Normal,0"
"2026-05-21 12:00:00,Gujarat,Laterite,5.91,90.85,42.96,63.65,11.9,33.71,Critical_Dry,1"
"2026-05-21 13:00:00,Karnataka,Alluvial,5.07,39.49,56.71,91.91,39.53,21.24,Normal,0"
"2026-05-21 14:00:00,Maharashtra,Alluvial,8.2,138.3,76.95,15.56,13.47,26.01,Critical_Dry,1"
"2026-05-21 15:00:00,Karnataka,Red,4.92,75.7,56.24,30.94,33.61,27.62,Normal,0"
"2026-05-21 16:00:00,Tamil Nadu,Red,6.05,91.68,50.75,17.14,26.52,36.65,Normal,0"
"2026-05-21 17:00:00,Tamil Nadu,Laterite,5.4,39.24,69.33,119.25,34.19,25.41,Normal,0"
"2026-05-21 18:00:00,Maharashtra,Arid,7.89,54.73,54.25,94.87,36.3,19.18,Normal,0"
"2026-05-21 19:00:00,Uttar Pradesh,Black,5.73,93.75,21.59,54.22,37.74,22.34,Normal,0"
"2026-05-21 20:00:00,Karnataka,Arid,8.47,85.95,32.03,31.41,38.89,32.59,Normal,0"
"2026-05-21 21:00:00,Uttar Pradesh,Alluvial,4.65,114.12,61.34,24.49,39.35,18.37,Normal,0"
"2026-05-21 22:00:00,Uttar Pradesh,Red,5.01,52.31,61.69,70.85,23.27,37.01,Normal,0"
"2026-05-21 23:00:00,Punjab,Laterite,5.4,98.43,79.09,117.47,40.9,39.63,Normal,0"
"2026-05-22 00:00:00,Maharashtra,Arid,7.74,54.92,53.89,85.83,34.62,29.89,Normal,0"
"2026-05-22 01:00:00,Gujarat,Laterite,8.01,90.41,72.97,53.34,39.04,34.98,Normal,0"
"2026-05-22 02:00:00,Tamil Nadu,Arid,4.79,92.6,13.82,67.59,44.6,29.1,Normal,0"
"2026-05-22 03:00:00,Tamil Nadu,Alluvial,4.63,34.62,49.64,119.88,12.31,25.41,Critical_Dry,1"
"2026-05-22 04:00:00,Maharashtra,Black,7.48,85.84,74.39,69.47,21.71,21.96,Moderate_Dry,0"
"2026-05-22 05:00:00,Gujarat,Laterite,5.03,21.43,30.11,116.24,37.84,30.44,Normal,0"
"2026-05-22 06:00:00,Tamil Nadu,Laterite,5.03,80.15,20.84,16.72,11.19,40.32,Critical_Dry,1"
"2026-05-22 07:00:00,Maharashtra,Black,4.59,103.7,34.54,90.7,28.01,39.36,Normal,0"
"2026-05-22 08:00:00,Tamil Nadu,Laterite,4.7,28.74,65.46,80.85,39.76,40.07,Normal,0"
"2026-05-22 09:00:00,Uttar Pradesh,Laterite,5.55,132.65,15.93,86.96,8.7,41.19,Critical_Dry,1"
"2026-05-22 10:00:00,Karnataka,Arid,4.76,75.05,52.02,74.91,42.76,21.97,Normal,0"
"2026-05-22 11:00:00,Karnataka,Arid,5.98,132.61,19.49,19.64,44.19,21.52,Normal,0"
"2026-05-22 12:00:00,Tamil Nadu,Black,7.83,32.89,40.49,30.7,19.92,28.27,Moderate_Dry,0"
"2026-05-22 13:00:00,Punjab,Alluvial,5.81,133.99,77.62,111.84,36.37,34.54,Normal,0"
"2026-05-22 14:00:00,Gujarat,Laterite,7.41,33.1,23.66,39.46,12.71,28.55,Critical_Dry,1"
"2026-05-22 15:00:00,Gujarat,Alluvial,4.88,75.38,12.38,119.26,36.6,39.42,Normal,0"
"2026-05-22 16:00:00,Gujarat,Black,7.14,132.56,39.9,86.36,25.82,35.22,Normal,0"
"2026-05-22 17:00:00,Uttar Pradesh,Black,5.77,47.92,50.44,61.66,39.83,33.22,Normal,0"
"2026-05-22 18:00:00,Gujarat,Arid,7.5,24.17,30.83,111.61,15.87,19.7,Moderate_Dry,0"
"2026-05-22 19:00:00,Karnataka,Laterite,5.05,115.17,47.92,98.47,32.89,22.21,Normal,0"
"2026-05-22 20:00:00,Uttar Pradesh,Red,8.09,91.51,76.74,60.04,37.09,28.28,Normal,0"
"2026-05-22 21:00:00,Maharashtra,Black,5.47,81.67,31.82,22.2,15.49,41.43,Moderate_Dry,0"
"2026-05-22 22:00:00,Gujarat,Laterite,5.91,24.12,31.66,106.17,38.28,26.03,Normal,0"
"2026-05-22 23:00:00,Gujarat,Alluvial,8.3,98.39,43.79,95.33,43.45,33.12,Normal,0"
"2026-05-23 00:00:00,Maharashtra,Arid,6.81,40.59,46.07,98.03,30.79,41.73,Normal,0"
"2026-05-23 01:00:00,Gujarat,Alluvial,5.96,131.74,10.1,93.21,37.04,24.34,Normal,0"
"2026-05-23 02:00:00,Maharashtra,Black,8.3,102.29,53.11,43.95,27.71,22.0,Normal,0"
"2026-05-23 03:00:00,Uttar Pradesh,Black,5.82,104.84,79.82,105.18,30.13,31.11,Normal,0"
"2026-05-23 04:00:00,Karnataka,Alluvial,4.88,47.91,30.44,15.23,8.49,31.25,Critical_Dry,1"
"2026-05-23 05:00:00,Maharashtra,Black,8.49,125.69,54.16,39.91,27.4,40.13,Normal,0"
"2026-05-23 06:00:00,Punjab,Laterite,5.57,84.53,10.32,19.89,29.3,18.63,Normal,0"
"2026-05-23 07:00:00,Maharashtra,Black,7.91,122.85,52.3,26.61,32.79,27.78,Normal,0"
"2026-05-23 08:00:00,Gujarat,Arid,5.16,52.51,41.29,70.9,14.27,25.5,Critical_Dry,1"
"2026-05-23 09:00:00,Uttar Pradesh,Laterite,7.43,110.66,47.12,18.91,16.93,31.71,Moderate_Dry,0"
"2026-05-23 10:00:00,Tamil Nadu,Red,6.6,88.95,48.07,34.05,35.97,18.22,Normal,0"
"2026-05-23 11:00:00,Uttar Pradesh,Black,8.42,25.81,22.39,39.44,14.2,35.07,Critical_Dry,1"
"2026-05-23 12:00:00,Tamil Nadu,Black,6.71,68.64,63.9,83.81,23.39,29.64,Normal,0"
"2026-05-23 13:00:00,Maharashtra,Arid,4.6,42.07,48.88,64.23,17.27,34.82,Moderate_Dry,0"
"2026-05-23 14:00:00,Karnataka,Arid,6.92,63.1,28.91,63.13,28.17,28.75,Normal,0"
"2026-05-23 15:00:00,Punjab,Alluvial,5.08,66.0,75.62,95.69,44.51,29.38,Normal,0"
"2026-05-23 16:00:00,Uttar Pradesh,Alluvial,7.69,76.99,10.89,62.96,39.53,39.49,Normal,0"
"2026-05-23 17:00:00,Gujarat,Alluvial,7.93,92.03,60.82,51.59,17.97,23.06,Moderate_Dry,0"
"2026-05-23 18:00:00,Tamil Nadu,Arid,6.43,88.52,36.69,116.06,21.64,23.22,Moderate_Dry,0"
"2026-05-23 19:00:00,Gujarat,Alluvial,7.63,24.68,46.58,15.87,41.99,31.43,Normal,0"
"2026-05-23 20:00:00,Karnataka,Alluvial,5.08,110.08,30.41,47.07,41.24,33.85,Normal,0"
"2026-05-23 21:00:00,Tamil Nadu,Red,6.47,133.9,32.49,78.99,13.94,26.51,Critical_Dry,1"
"2026-05-23 22:00:00,Uttar Pradesh,Alluvial,6.08,61.84,11.06,97.19,38.68,30.47,Normal,0"
"2026-05-23 23:00:00,Maharashtra,Black,6.95,41.57,61.09,100.72,19.01,23.47,Moderate_Dry,0"
"2026-05-24 00:00:00,Gujarat,Arid,4.68,84.8,59.76,19.84,28.12,21.26,Normal,0"
"2026-05-24 01:00:00,Karnataka,Laterite,7.51,104.59,55.81,89.46,8.19,23.72,Critical_Dry,1"
"2026-05-24 02:00:00,Uttar Pradesh,Red,4.82,101.47,71.46,90.63,44.95,39.99,Normal,0"
"2026-05-24 03:00:00,Uttar Pradesh,Arid,7.13,93.45,73.09,37.48,36.16,37.24,Normal,0"
"2026-05-24 04:00:00,Uttar Pradesh,Arid,4.57,37.55,48.95,26.84,16.94,21.37,Moderate_Dry,0"
"2026-05-24 05:00:00,Uttar Pradesh,Black,7.83,120.42,57.94,93.72,33.3,19.12,Normal,0"
"2026-05-24 06:00:00,Tamil Nadu,Alluvial,5.2,71.07,10.77,41.2,18.85,20.24,Moderate_Dry,0"
"2026-05-24 07:00:00,Uttar Pradesh,Black,6.56,46.58,69.24,15.18,11.31,25.04,Critical_Dry,1"
"2026-05-24 08:00:00,Gujarat,Alluvial,5.55,30.35,67.15,38.48,23.74,37.47,Normal,0"
"2026-05-24 09:00:00,Karnataka,Alluvial,7.39,70.01,11.42,18.26,30.71,25.71,Normal,0"
"2026-05-24 10:00:00,Tamil Nadu,Arid,5.79,94.16,48.0,41.16,11.32,22.46,Critical_Dry,1"
"2026-05-24 11:00:00,Uttar Pradesh,Alluvial,7.4,99.85,73.47,50.18,27.18,27.5,Normal,0"
"2026-05-24 12:00:00,Punjab,Red,5.64,135.53,22.7,43.5,27.05,20.98,Normal,0"
"2026-05-24 13:00:00,Punjab,Red,7.51,38.38,34.69,111.59,31.26,29.29,Normal,0"
"2026-05-24 14:00:00,Karnataka,Red,4.62,138.29,33.17,39.42,17.05,34.21,Moderate_Dry,0"
"2026-05-24 15:00:00,Maharashtra,Arid,5.63,98.56,34.92,64.09,8.76,26.85,Critical_Dry,1"
"2026-05-24 16:00:00,Maharashtra,Black,6.49,74.51,12.93,115.53,20.02,22.17,Moderate_Dry,0"
"2026-05-24 17:00:00,Tamil Nadu,Laterite,4.68,126.58,29.53,107.32,22.75,28.88,Moderate_Dry,0"
"2026-05-24 18:00:00,Tamil Nadu,Alluvial,5.24,103.34,30.64,47.47,31.52,36.3,Normal,0"
"2026-05-24 19:00:00,Tamil Nadu,Laterite,8.24,61.85,70.61,49.28,42.42,19.84,Normal,0"
"2026-05-24 20:00:00,Maharashtra,Black,8.41,126.09,34.65,77.3,15.53,19.7,Moderate_Dry,0"
"2026-05-24 21:00:00,Punjab,Black,7.46,99.99,41.31,111.38,33.43,25.63,Normal,0"
"2026-05-24 22:00:00,Maharashtra,Arid,5.51,103.86,36.65,16.05,11.6,27.96,Critical_Dry,1"
"2026-05-24 23:00:00,Gujarat,Red,5.54,127.57,18.45,56.28,15.05,23.2,Moderate_Dry,0"
"2026-05-25 00:00:00,Uttar Pradesh,Red,7.08,73.81,79.32,104.23,26.84,18.65,Normal,0"
"2026-05-25 01:00:00,Tamil Nadu,Black,4.97,98.83,67.81,58.1,34.21,23.27,Normal,0"
"2026-05-25 02:00:00,Punjab,Arid,8.29,109.36,47.86,90.61,39.77,28.45,Normal,0"
"2026-05-25 03:00:00,Karnataka,Arid,5.4,74.47,43.35,87.65,35.52,19.91,Normal,0"
"2026-05-25 04:00:00,Karnataka,Alluvial,8.5,30.01,55.45,36.57,8.57,35.18,Critical_Dry,1"
"2026-05-25 05:00:00,Uttar Pradesh,Red,6.48,112.57,32.85,62.21,33.31,31.25,Normal,0"
"2026-05-25 06:00:00,Punjab,Black,7.59,25.74,13.52,74.45,38.51,28.43,Normal,0"
"2026-05-25 07:00:00,Maharashtra,Laterite,4.51,106.15,38.3,90.12,27.44,30.45,Normal,0"
"2026-05-25 08:00:00,Maharashtra,Red,8.05,129.31,78.88,101.35,43.73,33.74,Normal,0"
"2026-05-25 09:00:00,Gujarat,Alluvial,5.58,61.64,22.76,94.79,8.16,41.88,Critical_Dry,1"
"2026-05-25 10:00:00,Gujarat,Arid,7.17,32.25,46.94,17.97,38.29,36.6,Normal,0"
"2026-05-25 11:00:00,Maharashtra,Black,7.73,47.94,10.6,85.42,20.39,30.97,Moderate_Dry,0"
"2026-05-25 12:00:00,Karnataka,Red,5.16,87.47,18.54,67.22,32.07,36.49,Normal,0"
"2026-05-25 13:00:00,Tamil Nadu,Laterite,6.27,133.12,51.1,75.26,33.66,29.41,Normal,0"
"2026-05-25 14:00:00,Karnataka,Alluvial,6.48,81.47,30.82,54.16,19.33,25.46,Moderate_Dry,0"
"2026-05-25 15:00:00,Gujarat,Alluvial,5.75,33.53,73.4,89.97,44.83,24.29,Normal,0"
"2026-05-25 16:00:00,Uttar Pradesh,Red,6.43,95.33,38.43,85.76,11.82,27.59,Critical_Dry,1"
"2026-05-25 17:00:00,Maharashtra,Laterite,5.77,107.94,24.56,75.85,13.81,18.05,Critical_Dry,1"
"2026-05-25 18:00:00,Gujarat,Alluvial,5.94,67.19,48.19,105.47,41.01,22.25,Normal,0"
"2026-05-25 19:00:00,Gujarat,Black,7.18,106.58,65.65,25.7,12.41,21.04,Critical_Dry,1"
"2026-05-25 20:00:00,Tamil Nadu,Alluvial,7.03,58.98,11.36,46.61,22.11,41.05,Moderate_Dry,0"
"2026-05-25 21:00:00,Maharashtra,Laterite,5.43,114.69,45.39,66.99,35.13,19.56,Normal,0"
"2026-05-25 22:00:00,Tamil Nadu,Arid,8.09,60.93,64.14,115.65,37.29,30.02,Normal,0"
"2026-05-25 23:00:00,Maharashtra,Arid,7.95,50.73,17.25,22.56,43.32,40.07,Normal,0"
"2026-05-26 00:00:00,Tamil Nadu,Red,6.54,125.5,73.2,50.39,37.21,32.58,Normal,0"
"2026-05-26 01:00:00,Karnataka,Laterite,6.23,85.82,28.52,112.22,39.25,29.89,Normal,0"
"2026-05-26 02:00:00,Uttar Pradesh,Alluvial,6.01,54.22,21.94,109.28,43.13,35.83,Normal,0"
"2026-05-26 03:00:00,Uttar Pradesh,Alluvial,7.33,132.21,51.25,105.85,28.49,26.48,Normal,0"
"2026-05-26 04:00:00,Maharashtra,Arid,7.19,102.9,22.25,47.38,20.71,22.65,Moderate_Dry,0"
"2026-05-26 05:00:00,Punjab,Arid,5.28,46.48,57.58,103.92,36.18,38.33,Normal,0"
"2026-05-26 06:00:00,Gujarat,Black,7.19,93.76,44.31,68.06,14.05,19.36,Critical_Dry,1"
"2026-05-26 07:00:00,Gujarat,Arid,5.51,124.44,17.7,80.08,10.52,37.39,Critical_Dry,1"
"2026-05-26 08:00:00,Maharashtra,Black,4.57,103.54,73.87,40.08,37.06,20.48,Normal,0"
"2026-05-26 09:00:00,Tamil Nadu,Alluvial,7.3,49.37,57.12,89.2,43.17,33.01,Normal,0"
"2026-05-26 10:00:00,Punjab,Black,7.08,97.86,48.22,49.41,24.37,29.45,Normal,0"
"2026-05-26 11:00:00,Karnataka,Black,6.14,94.3,36.2,51.11,13.96,41.96,Critical_Dry,1"
"2026-05-26 12:00:00,Tamil Nadu,Red,6.6,118.5,19.44,81.87,26.39,27.31,Normal,0"
"2026-05-26 13:00:00,Tamil Nadu,Arid,8.29,41.38,59.53,40.18,22.55,40.97,Moderate_Dry,0"
"2026-05-26 14:00:00,Maharashtra,Black,6.88,103.96,66.96,38.57,21.78,27.69,Moderate_Dry,0"
"2026-05-26 15:00:00,Maharashtra,Alluvial,7.13,23.28,18.81,53.76,31.24,34.36,Normal,0"
"2026-05-26 16:00:00,Gujarat,Laterite,4.76,103.54,44.62,96.7,14.47,33.45,Critical_Dry,1"
"2026-05-26 17:00:00,Maharashtra,Black,5.16,135.25,43.94,38.59,22.08,20.07,Moderate_Dry,0"
"2026-05-26 18:00:00,Maharashtra,Arid,5.7,40.93,34.49,97.67,40.14,35.84,Normal,0"
"2026-05-26 19:00:00,Maharashtra,Red,6.66,57.36,65.25,88.04,35.0,23.01,Normal,0"
"2026-05-26 20:00:00,Gujarat,Alluvial,7.61,89.94,16.97,86.3,10.06,27.32,Critical_Dry,1"
"2026-05-26 21:00:00,Karnataka,Red,5.78,107.89,24.35,64.85,27.01,36.77,Normal,0"
"2026-05-26 22:00:00,Karnataka,Laterite,5.93,61.32,10.11,93.32,11.38,40.66,Critical_Dry,1"
"2026-05-26 23:00:00,Maharashtra,Black,5.52,99.71,36.11,16.42,43.43,31.44,Normal,0"
"2026-05-27 00:00:00,Gujarat,Black,5.52,127.91,30.38,47.09,17.05,30.47,Moderate_Dry,0"
"2026-05-27 01:00:00,Karnataka,Arid,8.3,107.19,70.69,86.31,42.51,30.12,Normal,0"
"2026-05-27 02:00:00,Tamil Nadu,Black,7.04,105.32,62.21,118.67,38.86,37.6,Normal,0"
"2026-05-27 03:00:00,Karnataka,Alluvial,5.12,65.84,15.91,15.26,28.4,41.83,Normal,0"
"2026-05-27 04:00:00,Karnataka,Laterite,7.39,129.37,61.87,68.55,20.44,33.21,Moderate_Dry,0"
"2026-05-27 05:00:00,Gujarat,Red,7.39,53.28,57.28,112.0,39.74,27.09,Normal,0"
"2026-05-27 06:00:00,Tamil Nadu,Laterite,7.17,44.63,29.72,105.67,13.65,23.25,Critical_Dry,1"
"2026-05-27 07:00:00,Gujarat,Black,5.04,63.71,11.08,17.43,14.66,22.77,Critical_Dry,1"
"2026-05-27 08:00:00,Maharashtra,Red,6.13,98.02,18.06,70.6,16.31,38.55,Moderate_Dry,0"
"2026-05-27 09:00:00,Uttar Pradesh,Arid,4.93,123.4,27.5,15.45,30.11,41.82,Normal,0"
"2026-05-27 10:00:00,Karnataka,Laterite,7.77,35.85,67.16,97.91,19.63,34.75,Moderate_Dry,0"
"2026-05-27 11:00:00,Uttar Pradesh,Red,7.12,117.66,42.57,47.43,44.6,40.94,Normal,0"
"2026-05-27 12:00:00,Gujarat,Red,6.53,117.54,74.29,95.39,15.22,26.4,Moderate_Dry,0"
"2026-05-27 13:00:00,Gujarat,Red,5.87,90.43,65.24,114.2,37.81,33.06,Normal,0"
"2026-05-27 14:00:00,Gujarat,Alluvial,5.24,111.28,30.1,117.49,11.55,30.28,Critical_Dry,1"
"2026-05-27 15:00:00,Uttar Pradesh,Laterite,4.93,41.83,69.18,108.88,21.08,29.57,Moderate_Dry,0"
"2026-05-27 16:00:00,Gujarat,Red,8.38,40.35,18.17,36.44,17.02,33.18,Moderate_Dry,0"
"2026-05-27 17:00:00,Maharashtra,Laterite,5.3,123.54,12.53,35.43,44.14,25.45,Normal,0"
"2026-05-27 18:00:00,Gujarat,Red,4.74,79.78,52.6,80.71,8.95,33.37,Critical_Dry,1"
"2026-05-27 19:00:00,Punjab,Arid,8.35,49.51,33.92,72.13,34.7,34.15,Normal,0"
"2026-05-27 20:00:00,Uttar Pradesh,Arid,6.7,102.65,33.06,16.0,17.17,38.07,Moderate_Dry,0"
"2026-05-27 21:00:00,Punjab,Arid,7.69,127.03,58.1,56.13,38.02,35.53,Normal,0"
"2026-05-27 22:00:00,Gujarat,Black,4.68,95.88,69.51,110.2,19.52,25.67,Moderate_Dry,0"
"2026-05-27 23:00:00,Maharashtra,Red,6.77,61.68,32.55,109.33,14.93,28.82,Critical_Dry,1"
"2026-05-28 00:00:00,Karnataka,Black,6.09,77.99,32.75,36.41,33.64,20.89,Normal,0"
"2026-05-28 01:00:00,Tamil Nadu,Laterite,7.59,110.27,47.37,55.11,17.53,24.18,Moderate_Dry,0"
"2026-05-28 02:00:00,Tamil Nadu,Black,4.65,28.1,55.72,73.84,25.97,30.5,Normal,0"
"2026-05-28 03:00:00,Gujarat,Laterite,6.11,46.06,24.2,104.54,12.87,20.42,Critical_Dry,1"
"2026-05-28 04:00:00,Maharashtra,Laterite,7.7,75.51,73.89,70.86,34.81,31.69,Normal,0"
"2026-05-28 05:00:00,Uttar Pradesh,Laterite,6.59,92.51,55.81,116.66,23.05,27.37,Normal,0"
"2026-05-28 06:00:00,Punjab,Black,6.7,60.7,53.76,98.9,13.2,18.83,Critical_Dry,1"
"2026-05-28 07:00:00,Punjab,Red,4.89,55.81,73.29,115.07,35.44,28.43,Normal,0"
"2026-05-28 08:00:00,Punjab,Black,5.03,24.97,73.51,91.81,11.82,24.75,Critical_Dry,1"
"2026-05-28 09:00:00,Uttar Pradesh,Red,7.21,23.91,19.49,107.15,29.27,19.61,Normal,0"
"2026-05-28 10:00:00,Tamil Nadu,Red,7.2,53.44,20.16,102.26,30.48,25.04,Normal,0"
"2026-05-28 11:00:00,Maharashtra,Laterite,8.42,83.66,63.34,41.65,42.42,25.06,Normal,0"
"2026-05-28 12:00:00,Uttar Pradesh,Black,7.35,86.76,76.98,39.1,13.59,26.52,Critical_Dry,1"
"2026-05-28 13:00:00,Punjab,Red,6.47,79.28,56.66,105.76,32.17,26.8,Normal,0"
"2026-05-28 14:00:00,Gujarat,Arid,7.93,69.19,38.79,23.89,22.09,28.31,Moderate_Dry,0"
"2026-05-28 15:00:00,Karnataka,Red,4.92,50.27,57.84,57.9,22.83,20.21,Moderate_Dry,0"
"2026-05-28 16:00:00,Uttar Pradesh,Arid,6.3,68.08,26.02,101.17,26.57,18.13,Normal,0"
"2026-05-28 17:00:00,Uttar Pradesh,Black,5.65,36.65,79.86,100.39,16.65,35.66,Moderate_Dry,0"
"2026-05-28 18:00:00,Maharashtra,Black,4.92,33.83,40.18,29.57,25.06,26.1,Normal,0"
"2026-05-28 19:00:00,Maharashtra,Black,7.55,55.99,75.22,66.21,33.41,32.73,Normal,0"
"2026-05-28 20:00:00,Uttar Pradesh,Red,6.54,139.44,40.16,65.38,24.91,25.37,Normal,0"
"2026-05-28 21:00:00,Punjab,Alluvial,6.73,59.18,74.97,48.99,9.57,41.62,Critical_Dry,1"
"2026-05-28 22:00:00,Karnataka,Red,6.15,132.37,33.5,111.3,17.54,25.57,Moderate_Dry,0"
"2026-05-28 23:00:00,Maharashtra,Red,6.34,67.07,63.24,83.58,21.0,32.52,Moderate_Dry,0"
"2026-05-29 00:00:00,Punjab,Laterite,4.96,72.68,76.57,117.92,21.12,23.28,Moderate_Dry,0"
"2026-05-29 01:00:00,Gujarat,Laterite,7.19,115.65,55.22,22.01,11.0,30.43,Critical_Dry,1"
"2026-05-29 02:00:00,Maharashtra,Red,6.23,31.24,57.43,56.41,24.63,31.9,Normal,0"
"2026-05-29 03:00:00,Punjab,Arid,7.77,41.88,17.2,102.69,33.6,22.39,Normal,0"
"2026-05-29 04:00:00,Punjab,Laterite,5.29,136.86,43.2,59.38,9.8,20.97,Critical_Dry,1"
"2026-05-29 05:00:00,Karnataka,Red,5.32,80.71,72.07,42.5,35.78,41.37,Normal,0"
"2026-05-29 06:00:00,Karnataka,Alluvial,7.08,25.32,26.86,119.77,43.34,39.44,Normal,0"
"2026-05-29 07:00:00,Gujarat,Arid,7.88,25.69,65.19,106.68,8.35,33.84,Critical_Dry,1"
"2026-05-29 08:00:00,Punjab,Black,6.39,128.87,57.3,72.38,15.17,38.67,Moderate_Dry,0"
"2026-05-29 09:00:00,Tamil Nadu,Red,7.41,124.8,25.61,73.98,28.11,20.29,Normal,0"
"2026-05-29 10:00:00,Punjab,Red,8.5,75.01,29.8,15.72,16.07,35.51,Moderate_Dry,0"
"2026-05-29 11:00:00,Karnataka,Arid,8.46,39.59,39.93,118.0,36.29,24.85,Normal,0"
"2026-05-29 12:00:00,Tamil Nadu,Laterite,7.48,119.63,18.76,99.66,19.55,30.95,Moderate_Dry,0"
"2026-05-29 13:00:00,Maharashtra,Laterite,7.46,58.95,73.94,18.86,18.86,36.36,Moderate_Dry,0"
"2026-05-29 14:00:00,Maharashtra,Laterite,5.49,70.29,61.76,33.51,8.03,18.8,Critical_Dry,1"
"2026-05-29 15:00:00,Uttar Pradesh,Black,7.83,101.9,35.55,101.21,17.99,34.68,Moderate_Dry,0"
"2026-05-29 16:00:00,Karnataka,Arid,6.12,62.41,30.98,24.12,16.05,28.44,Moderate_Dry,0"
"2026-05-29 17:00:00,Uttar Pradesh,Arid,8.35,95.44,58.27,113.89,20.7,28.55,Moderate_Dry,0"
"2026-05-29 18:00:00,Tamil Nadu,Laterite,4.83,126.23,39.7,119.99,13.46,39.77,Critical_Dry,1"
"2026-05-29 19:00:00,Karnataka,Laterite,6.24,115.68,26.05,108.08,30.0,38.63,Normal,0"
"2026-05-29 20:00:00,Gujarat,Alluvial,6.72,65.79,40.11,92.58,16.83,19.38,Moderate_Dry,0"
"2026-05-29 21:00:00,Punjab,Alluvial,6.12,54.55,70.99,66.16,38.77,32.84,Normal,0"
"2026-05-29 22:00:00,Gujarat,Red,5.34,54.26,14.8,23.66,18.53,28.46,Moderate_Dry,0"
"2026-05-29 23:00:00,Tamil Nadu,Red,6.87,61.83,35.79,91.7,15.8,20.83,Moderate_Dry,0"
"2026-05-30 00:00:00,Karnataka,Arid,7.52,79.22,77.36,56.67,10.1,38.43,Critical_Dry,1"
"2026-05-30 01:00:00,Tamil Nadu,Arid,7.08,69.99,11.04,74.87,35.38,19.72,Normal,0"
"2026-05-30 02:00:00,Punjab,Black,5.44,35.96,72.34,45.81,26.8,18.77,Normal,0"
"2026-05-30 03:00:00,Maharashtra,Black,7.43,39.61,36.24,40.43,12.21,22.74,Critical_Dry,1"
"2026-05-30 04:00:00,Maharashtra,Alluvial,5.53,61.15,23.27,49.05,16.19,25.28,Moderate_Dry,0"
"2026-05-30 05:00:00,Tamil Nadu,Red,5.2,87.45,11.05,100.45,44.95,19.46,Normal,0"
"2026-05-30 06:00:00,Uttar Pradesh,Alluvial,7.26,91.12,14.94,59.78,37.82,33.39,Normal,0"
"2026-05-30 07:00:00,Karnataka,Alluvial,7.87,78.34,22.03,47.73,20.95,28.49,Moderate_Dry,0"
"2026-05-30 08:00:00,Karnataka,Red,6.43,108.65,11.78,60.46,28.07,27.89,Normal,0"
"2026-05-30 09:00:00,Maharashtra,Black,6.63,108.47,33.51,18.39,23.39,21.49,Normal,0"
"2026-05-30 10:00:00,Gujarat,Red,5.71,71.32,13.14,108.51,9.35,28.51,Critical_Dry,1"
"2026-05-30 11:00:00,Punjab,Laterite,6.48,34.93,58.46,72.93,36.81,27.36,Normal,0"
"2026-05-30 12:00:00,Gujarat,Laterite,5.03,83.62,67.32,26.01,34.53,27.21,Normal,0"
"2026-05-30 13:00:00,Gujarat,Laterite,8.32,65.78,72.12,45.28,23.13,23.25,Normal,0"
"2026-05-30 14:00:00,Tamil Nadu,Arid,7.7,36.55,48.44,118.27,39.3,20.27,Normal,0"
"2026-05-30 15:00:00,Maharashtra,Black,7.17,137.82,76.26,77.27,27.79,24.26,Normal,0"
"2026-05-30 16:00:00,Maharashtra,Black,6.65,64.37,10.4,45.6,10.41,34.01,Critical_Dry,1"
"2026-05-30 17:00:00,Maharashtra,Arid,7.67,95.1,19.38,59.77,17.6,19.75,Moderate_Dry,0"
"2026-05-30 18:00:00,Tamil Nadu,Alluvial,6.48,78.82,30.52,42.14,25.09,27.18,Normal,0"
"2026-05-30 19:00:00,Uttar Pradesh,Laterite,5.7,37.14,65.23,18.34,11.83,30.35,Critical_Dry,1"
"2026-05-30 20:00:00,Gujarat,Laterite,5.14,26.67,71.98,103.41,29.13,41.12,Normal,0"
"2026-05-30 21:00:00,Tamil Nadu,Alluvial,7.09,95.09,53.27,45.71,12.46,38.25,Critical_Dry,1"
"2026-05-30 22:00:00,Karnataka,Red,8.22,49.64,36.83,103.03,15.42,40.0,Moderate_Dry,0"
"2026-05-30 23:00:00,Punjab,Red,5.11,49.24,56.61,65.25,41.08,37.68,Normal,0"
"2026-05-31 00:00:00,Uttar Pradesh,Black,5.22,134.84,22.66,34.2,44.99,32.14,Normal,0"
"2026-05-31 01:00:00,Karnataka,Arid,6.23,75.41,42.05,99.2,28.36,38.66,Normal,0"
"2026-05-31 02:00:00,Gujarat,Black,7.73,23.53,45.53,54.6,30.93,31.57,Normal,0"
"2026-05-31 03:00:00,Maharashtra,Red,5.68,60.78,17.34,89.31,37.5,26.59,Normal,0"
"2026-05-31 04:00:00,Gujarat,Alluvial,5.52,90.14,12.37,102.91,33.76,26.94,Normal,0"
"2026-05-31 05:00:00,Tamil Nadu,Black,6.98,59.43,62.51,116.11,14.75,31.57,Critical_Dry,1"
"2026-05-31 06:00:00,Punjab,Laterite,6.64,23.22,47.43,24.01,23.23,37.43,Normal,0"
"2026-05-31 07:00:00,Tamil Nadu,Laterite,4.74,73.32,33.26,15.88,27.8,21.21,Normal,0"
"2026-05-31 08:00:00,Uttar Pradesh,Alluvial,4.83,32.71,40.61,72.58,21.31,18.94,Moderate_Dry,0"
"2026-05-31 09:00:00,Uttar Pradesh,Red,7.07,94.3,77.04,42.75,14.52,36.95,Critical_Dry,1"
"2026-05-31 10:00:00,Punjab,Laterite,6.36,94.35,36.94,64.26,35.24,33.54,Normal,0"
"2026-05-31 11:00:00,Karnataka,Laterite,8.38,24.53,17.24,22.63,15.36,37.71,Moderate_Dry,0"
"2026-05-31 12:00:00,Karnataka,Arid,7.21,54.88,42.45,67.67,17.64,41.44,Moderate_Dry,0"
"2026-05-31 13:00:00,Uttar Pradesh,Black,4.54,69.64,55.36,28.11,18.6,24.03,Moderate_Dry,0"
"2026-05-31 14:00:00,Uttar Pradesh,Red,6.42,86.03,10.85,103.05,13.99,22.66,Critical_Dry,1"
"2026-05-31 15:00:00,Maharashtra,Black,6.16,55.53,33.26,94.75,39.43,26.18,Normal,0"
"2026-05-31 16:00:00,Karnataka,Red,4.93,54.53,37.55,22.78,30.59,39.07,Normal,0"
"2026-05-31 17:00:00,Punjab,Laterite,8.19,137.96,42.46,102.82,38.89,18.34,Normal,0"
"2026-05-31 18:00:00,Karnataka,Arid,7.72,25.02,31.12,49.12,26.27,18.25,Normal,0"
"2026-05-31 19:00:00,Maharashtra,Black,5.42,138.69,56.68,52.05,27.22,23.2,Normal,0"
"2026-05-31 20:00:00,Tamil Nadu,Laterite,5.52,25.73,76.13,33.88,30.8,27.02,Normal,0"
"2026-05-31 21:00:00,Uttar Pradesh,Red,4.63,54.6,73.98,102.71,21.72,25.26,Moderate_Dry,0"
"2026-05-31 22:00:00,Uttar Pradesh,Black,5.69,79.24,56.51,57.49,26.37,37.8,Normal,0"
"2026-05-31 23:00:00,Maharashtra,Black,6.84,37.2,45.48,20.13,28.24,34.55,Normal,0"
"2026-06-01 00:00:00,Punjab,Laterite,6.18,36.18,67.81,116.46,43.28,38.11,Normal,0"
"2026-06-01 01:00:00,Uttar Pradesh,Black,8.38,50.76,68.52,41.87,40.67,27.21,Normal,0"
"2026-06-01 02:00:00,Gujarat,Arid,4.72,136.82,68.07,113.3,12.78,32.3,Critical_Dry,1"
"2026-06-01 03:00:00,Uttar Pradesh,Arid,6.87,65.61,21.05,46.63,9.53,30.37,Critical_Dry,1"
"2026-06-01 04:00:00,Gujarat,Laterite,7.93,87.92,11.78,102.3,33.17,29.39,Normal,0"
"2026-06-01 05:00:00,Maharashtra,Red,6.42,104.51,78.82,84.74,9.82,24.91,Critical_Dry,1"
"2026-06-01 06:00:00,Maharashtra,Laterite,4.51,109.07,77.18,105.43,10.23,35.02,Critical_Dry,1"
"2026-06-01 07:00:00,Uttar Pradesh,Arid,5.47,102.56,49.51,117.49,13.89,30.58,Critical_Dry,1"
"2026-06-01 08:00:00,Karnataka,Alluvial,5.8,60.43,79.51,106.51,21.01,19.89,Moderate_Dry,0"
"2026-06-01 09:00:00,Gujarat,Alluvial,8.36,33.41,63.94,57.38,24.09,18.01,Normal,0"
"2026-06-01 10:00:00,Punjab,Black,8.15,53.81,46.22,100.52,27.22,18.49,Normal,0"
"2026-06-01 11:00:00,Uttar Pradesh,Black,8.3,45.24,37.25,89.72,44.71,19.82,Normal,0"
"2026-06-01 12:00:00,Punjab,Alluvial,7.8,36.35,51.5,21.47,22.25,26.9,Moderate_Dry,0"
"2026-06-01 13:00:00,Uttar Pradesh,Arid,5.91,22.94,46.11,112.62,16.98,25.34,Moderate_Dry,0"
"2026-06-01 14:00:00,Karnataka,Black,8.12,132.29,79.57,63.93,29.28,21.76,Normal,0"
"2026-06-01 15:00:00,Karnataka,Laterite,8.43,130.52,44.33,29.12,15.96,30.37,Moderate_Dry,0"
"2026-06-01 16:00:00,Karnataka,Laterite,5.9,26.05,68.51,59.66,42.8,41.28,Normal,0"
"2026-06-01 17:00:00,Tamil Nadu,Arid,5.54,40.77,66.95,78.33,17.59,21.86,Moderate_Dry,0"
"2026-06-01 18:00:00,Karnataka,Black,6.69,36.74,15.0,75.16,44.63,24.01,Normal,0"
"2026-06-01 19:00:00,Maharashtra,Laterite,5.25,53.75,16.09,75.35,23.49,29.09,Normal,0"
"2026-06-01 20:00:00,Maharashtra,Black,4.63,44.49,56.19,41.86,38.07,33.38,Normal,0"
"2026-06-01 21:00:00,Tamil Nadu,Black,8.28,133.5,28.14,81.43,31.99,32.41,Normal,0"
"2026-06-01 22:00:00,Gujarat,Laterite,8.2,30.1,56.03,110.28,42.54,30.51,Normal,0"
"2026-06-01 23:00:00,Punjab,Alluvial,5.15,45.4,20.12,55.81,31.14,35.69,Normal,0"
"2026-06-02 00:00:00,Uttar Pradesh,Laterite,6.13,29.69,37.79,81.21,29.51,38.3,Normal,0"
"2026-06-02 01:00:00,Uttar Pradesh,Arid,7.82,137.65,17.17,40.62,32.16,41.98,Normal,0"
"2026-06-02 02:00:00,Tamil Nadu,Red,7.14,130.21,29.75,20.07,37.1,29.17,Normal,0"
"2026-06-02 03:00:00,Maharashtra,Laterite,6.08,106.0,16.18,76.5,41.26,41.88,Normal,0"
"2026-06-02 04:00:00,Uttar Pradesh,Black,7.48,71.12,77.94,19.99,17.87,35.53,Moderate_Dry,0"
"2026-06-02 05:00:00,Maharashtra,Black,8.09,42.82,37.65,90.98,15.43,33.78,Moderate_Dry,0"
"2026-06-02 06:00:00,Gujarat,Laterite,8.2,46.58,73.08,85.39,9.27,33.35,Critical_Dry,1"
"2026-06-02 07:00:00,Punjab,Red,6.02,73.16,77.98,53.78,21.69,39.86,Moderate_Dry,0"
"2026-06-02 08:00:00,Gujarat,Laterite,5.19,112.19,73.67,58.19,39.31,40.75,Normal,0"
"2026-06-02 09:00:00,Tamil Nadu,Red,8.15,51.77,41.85,111.36,10.58,22.28,Critical_Dry,1"
"2026-06-02 10:00:00,Karnataka,Red,4.87,57.3,64.52,16.38,27.93,29.84,Normal,0"
"2026-06-02 11:00:00,Karnataka,Arid,7.39,91.99,20.76,74.15,33.71,40.59,Normal,0"
"2026-06-02 12:00:00,Karnataka,Black,5.06,48.53,16.64,111.95,38.96,27.17,Normal,0"
"2026-06-02 13:00:00,Gujarat,Black,6.06,90.11,71.38,110.97,29.59,23.58,Normal,0"
"2026-06-02 14:00:00,Uttar Pradesh,Red,6.15,66.46,12.18,76.39,14.89,20.46,Critical_Dry,1"
"2026-06-02 15:00:00,Punjab,Black,5.14,24.12,78.06,55.03,43.69,32.33,Normal,0"
"2026-06-02 16:00:00,Karnataka,Alluvial,8.19,68.32,57.05,25.38,11.5,34.81,Critical_Dry,1"
"2026-06-02 17:00:00,Tamil Nadu,Red,4.51,130.34,39.37,33.25,36.45,22.69,Normal,0"
"2026-06-02 18:00:00,Tamil Nadu,Black,8.08,55.17,19.9,86.37,11.2,34.17,Critical_Dry,1"
"2026-06-02 19:00:00,Karnataka,Alluvial,8.04,58.74,60.63,16.75,13.31,39.59,Critical_Dry,1"
"2026-06-02 20:00:00,Karnataka,Arid,5.77,27.91,49.42,107.77,41.23,23.85,Normal,0"
"2026-06-02 21:00:00,Punjab,Black,7.32,93.81,59.78,76.73,35.86,20.93,Normal,0"
"2026-06-02 22:00:00,Karnataka,Alluvial,5.51,121.91,39.25,19.74,21.52,38.05,Moderate_Dry,0"
"2026-06-02 23:00:00,Punjab,Laterite,7.54,62.35,14.64,40.18,31.63,39.99,Normal,0"
"2026-06-03 00:00:00,Tamil Nadu,Laterite,6.74,48.83,32.05,77.39,24.92,23.16,Normal,0"
"2026-06-03 01:00:00,Karnataka,Alluvial,5.7,134.79,32.05,18.74,10.46,35.31,Critical_Dry,1"
"2026-06-03 02:00:00,Gujarat,Red,6.1,109.41,10.61,96.9,34.68,32.18,Normal,0"
"2026-06-03 03:00:00,Gujarat,Red,7.26,88.06,10.67,111.59,36.24,23.74,Normal,0"
"2026-06-03 04:00:00,Tamil Nadu,Black,8.12,56.66,33.15,115.93,40.65,37.77,Normal,0"
"2026-06-03 05:00:00,Punjab,Laterite,5.02,46.5,60.93,92.03,28.0,29.29,Normal,0"
"2026-06-03 06:00:00,Gujarat,Red,6.79,105.89,53.68,104.97,32.91,34.81,Normal,0"
"2026-06-03 07:00:00,Punjab,Red,5.51,82.61,26.73,79.12,24.21,25.23,Normal,0"
"2026-06-03 08:00:00,Gujarat,Laterite,7.71,82.47,52.19,63.15,19.8,37.58,Moderate_Dry,0"
"2026-06-03 09:00:00,Gujarat,Arid,4.78,28.85,55.32,89.88,23.23,24.34,Normal,0"
"2026-06-03 10:00:00,Punjab,Red,7.26,81.46,46.58,38.54,41.73,26.75,Normal,0"
"2026-06-03 11:00:00,Uttar Pradesh,Alluvial,5.2,118.73,46.49,26.53,14.07,27.4,Critical_Dry,1"
"2026-06-03 12:00:00,Gujarat,Black,6.89,133.62,35.88,94.99,17.19,22.95,Moderate_Dry,0"
"2026-06-03 13:00:00,Karnataka,Red,7.84,32.8,18.64,115.61,30.43,38.98,Normal,0"
"2026-06-03 14:00:00,Tamil Nadu,Red,7.52,95.74,36.98,75.64,12.3,20.72,Critical_Dry,1"
"2026-06-03 15:00:00,Uttar Pradesh,Arid,7.51,88.2,34.17,65.67,41.0,31.52,Normal,0"
"2026-06-03 16:00:00,Punjab,Alluvial,6.57,126.84,51.44,71.11,9.75,37.54,Critical_Dry,1"
"2026-06-03 17:00:00,Uttar Pradesh,Black,8.06,110.15,69.94,65.24,35.95,31.94,Normal,0"
"2026-06-03 18:00:00,Maharashtra,Red,6.85,135.83,36.28,61.43,21.83,25.85,Moderate_Dry,0"
"2026-06-03 19:00:00,Maharashtra,Black,8.17,135.2,59.68,114.44,9.89,36.75,Critical_Dry,1"
"2026-06-03 20:00:00,Gujarat,Laterite,6.69,47.08,66.83,65.38,39.19,29.98,Normal,0"
"2026-06-03 21:00:00,Gujarat,Red,6.52,107.04,24.82,23.52,31.7,21.91,Normal,0"
"2026-06-03 22:00:00,Karnataka,Red,5.39,83.66,73.12,95.38,8.33,25.6,Critical_Dry,1"
"2026-06-03 23:00:00,Tamil Nadu,Laterite,6.68,45.75,14.93,56.11,17.9,32.21,Moderate_Dry,0"
"2026-06-04 00:00:00,Uttar Pradesh,Arid,5.06,43.38,73.12,89.62,21.03,33.81,Moderate_Dry,0"
"2026-06-04 01:00:00,Maharashtra,Red,7.98,29.73,21.45,75.85,19.94,31.16,Moderate_Dry,0"
"2026-06-04 02:00:00,Gujarat,Black,7.2,115.47,33.6,89.88,26.44,24.53,Normal,0"
"2026-06-04 03:00:00,Tamil Nadu,Alluvial,8.47,58.94,52.37,21.51,27.49,32.25,Normal,0"
"2026-06-04 04:00:00,Uttar Pradesh,Black,4.87,122.84,73.4,18.56,22.68,25.98,Moderate_Dry,0"
"2026-06-04 05:00:00,Gujarat,Arid,5.46,93.0,27.9,54.75,20.28,23.4,Moderate_Dry,0"
"2026-06-04 06:00:00,Gujarat,Alluvial,8.01,100.84,63.45,87.78,26.66,40.69,Normal,0"
"2026-06-04 07:00:00,Maharashtra,Black,6.08,55.0,59.73,38.49,9.24,25.56,Critical_Dry,1"
"2026-06-04 08:00:00,Maharashtra,Black,6.37,74.88,21.18,60.51,31.87,26.05,Normal,0"
"2026-06-04 09:00:00,Gujarat,Laterite,7.94,69.48,43.56,117.99,30.42,39.52,Normal,0"
"2026-06-04 10:00:00,Punjab,Arid,6.59,48.28,43.71,37.56,18.33,21.42,Moderate_Dry,0"
"2026-06-04 11:00:00,Gujarat,Laterite,5.27,119.9,31.32,104.03,14.64,32.03,Critical_Dry,1"
"2026-06-04 12:00:00,Tamil Nadu,Alluvial,8.07,94.65,64.59,101.67,10.7,36.81,Critical_Dry,1"
"2026-06-04 13:00:00,Gujarat,Laterite,4.62,24.49,74.82,108.59,29.73,24.57,Normal,0"
"2026-06-04 14:00:00,Karnataka,Arid,8.08,118.39,60.16,111.09,29.05,38.26,Normal,0"
"2026-06-04 15:00:00,Karnataka,Red,4.7,32.72,78.11,68.27,27.73,36.47,Normal,0"
"2026-06-04 16:00:00,Karnataka,Red,7.16,68.44,13.53,86.6,44.47,29.67,Normal,0"
"2026-06-04 17:00:00,Punjab,Alluvial,4.79,88.55,12.61,79.98,27.67,20.85,Normal,0"
"2026-06-04 18:00:00,Punjab,Red,7.32,20.92,72.57,47.44,34.71,41.28,Normal,0"
"2026-06-04 19:00:00,Gujarat,Laterite,4.64,98.35,72.85,44.38,12.18,32.98,Critical_Dry,1"
"2026-06-04 20:00:00,Karnataka,Alluvial,7.87,99.16,17.5,50.86,19.06,30.41,Moderate_Dry,0"
"2026-06-04 21:00:00,Punjab,Arid,6.36,98.3,35.02,37.94,18.19,39.25,Moderate_Dry,0"
"2026-06-04 22:00:00,Maharashtra,Alluvial,4.87,39.62,68.48,94.53,29.31,28.11,Normal,0"
"2026-06-04 23:00:00,Gujarat,Alluvial,7.33,50.69,19.0,116.28,20.24,31.53,Moderate_Dry,0"
"2026-06-05 00:00:00,Tamil Nadu,Black,6.46,49.69,28.72,106.12,31.72,38.6,Normal,0"
"2026-06-05 01:00:00,Uttar Pradesh,Black,5.26,135.21,57.67,37.88,33.53,27.43,Normal,0"
"2026-06-05 02:00:00,Gujarat,Alluvial,4.56,28.1,78.73,20.45,9.25,36.54,Critical_Dry,1"
"2026-06-05 03:00:00,Uttar Pradesh,Red,6.17,71.45,65.8,94.49,31.67,24.15,Normal,0"
"2026-06-05 04:00:00,Karnataka,Black,4.84,124.55,64.41,55.97,12.32,34.86,Critical_Dry,1"
"2026-06-05 05:00:00,Uttar Pradesh,Arid,4.88,112.34,33.99,101.58,25.21,30.25,Normal,0"
"2026-06-05 06:00:00,Karnataka,Laterite,5.57,118.69,56.29,96.82,34.88,21.96,Normal,0"
"2026-06-05 07:00:00,Maharashtra,Black,7.02,136.68,17.92,80.67,34.02,21.26,Normal,0"
"2026-06-05 08:00:00,Uttar Pradesh,Alluvial,6.62,66.47,79.46,41.81,19.09,28.98,Moderate_Dry,0"
"2026-06-05 09:00:00,Gujarat,Red,4.78,57.16,43.64,25.92,18.08,35.06,Moderate_Dry,0"
"2026-06-05 10:00:00,Karnataka,Laterite,8.37,23.68,54.72,41.53,24.29,32.48,Normal,0"
"2026-06-05 11:00:00,Gujarat,Black,8.05,38.0,71.33,68.52,14.98,38.51,Critical_Dry,1"
"2026-06-05 12:00:00,Punjab,Red,5.54,87.44,10.07,117.84,44.06,27.35,Normal,0"
"2026-06-05 13:00:00,Karnataka,Red,4.99,38.92,78.32,21.69,20.76,38.25,Moderate_Dry,0"
"2026-06-05 14:00:00,Uttar Pradesh,Red,8.27,108.36,35.14,36.01,42.15,18.89,Normal,0"
"2026-06-05 15:00:00,Karnataka,Alluvial,6.34,24.47,33.77,80.86,41.61,26.78,Normal,0"
"2026-06-05 16:00:00,Gujarat,Arid,5.74,51.14,20.15,46.96,21.5,19.75,Moderate_Dry,0"
"2026-06-05 17:00:00,Maharashtra,Red,6.46,103.45,70.07,105.14,17.4,40.06,Moderate_Dry,0"
"2026-06-05 18:00:00,Karnataka,Laterite,7.59,50.66,70.96,29.64,36.52,29.41,Normal,0"
"2026-06-05 19:00:00,Uttar Pradesh,Black,5.17,107.45,11.4,116.13,16.49,25.59,Moderate_Dry,0"
"2026-06-05 20:00:00,Punjab,Laterite,7.57,139.5,13.9,110.8,27.29,29.82,Normal,0"
"2026-06-05 21:00:00,Tamil Nadu,Alluvial,7.5,115.65,74.28,108.19,12.1,30.79,Critical_Dry,1"
"2026-06-05 22:00:00,Maharashtra,Alluvial,6.66,61.02,18.6,33.17,22.28,38.31,Moderate_Dry,0"
"2026-06-05 23:00:00,Punjab,Laterite,7.96,128.07,53.46,49.6,10.89,31.02,Critical_Dry,1"
"2026-06-06 00:00:00,Karnataka,Arid,5.03,26.14,53.38,99.43,18.49,28.35,Moderate_Dry,0"
"2026-06-06 01:00:00,Gujarat,Alluvial,6.88,107.0,70.88,99.82,32.62,41.07,Normal,0"
"2026-06-06 02:00:00,Gujarat,Alluvial,6.3,22.8,50.09,89.04,44.68,41.25,Normal,0"
"2026-06-06 03:00:00,Uttar Pradesh,Laterite,6.19,40.95,40.38,62.05,17.43,18.92,Moderate_Dry,0"
"2026-06-06 04:00:00,Gujarat,Alluvial,5.51,138.51,78.21,47.72,25.51,34.96,Normal,0"
"2026-06-06 05:00:00,Maharashtra,Arid,5.99,63.31,26.02,116.11,24.58,26.92,Normal,0"
"2026-06-06 06:00:00,Gujarat,Arid,4.93,118.46,28.39,29.62,14.81,34.2,Critical_Dry,1"
"2026-06-06 07:00:00,Uttar Pradesh,Arid,5.51,65.13,15.93,19.59,30.57,33.29,Normal,0"
"2026-06-06 08:00:00,Tamil Nadu,Black,5.59,120.8,78.27,15.96,34.81,25.92,Normal,0"
"2026-06-06 09:00:00,Karnataka,Arid,7.38,135.85,59.45,96.38,13.45,41.68,Critical_Dry,1"
"2026-06-06 10:00:00,Karnataka,Arid,4.69,72.26,10.85,20.95,36.01,26.57,Normal,0"
"2026-06-06 11:00:00,Gujarat,Black,7.1,87.12,59.3,71.56,33.91,33.17,Normal,0"
"2026-06-06 12:00:00,Punjab,Red,5.39,95.44,38.29,53.57,15.3,37.52,Moderate_Dry,0"
"2026-06-06 13:00:00,Karnataka,Alluvial,4.83,132.18,77.73,30.43,32.01,21.49,Normal,0"
"2026-06-06 14:00:00,Tamil Nadu,Arid,5.7,50.81,29.42,92.76,22.57,25.21,Moderate_Dry,0"
"2026-06-06 15:00:00,Gujarat,Alluvial,5.4,93.35,59.72,20.78,33.2,22.78,Normal,0"
"2026-06-06 16:00:00,Uttar Pradesh,Laterite,6.71,58.97,53.92,48.43,26.36,36.76,Normal,0"
"2026-06-06 17:00:00,Tamil Nadu,Alluvial,5.93,46.03,10.84,74.03,9.78,37.23,Critical_Dry,1"
"2026-06-06 18:00:00,Gujarat,Black,8.36,30.19,71.97,57.25,37.12,24.14,Normal,0"
"2026-06-06 19:00:00,Tamil Nadu,Alluvial,8.35,94.49,19.77,42.21,28.56,18.1,Normal,0"
"2026-06-06 20:00:00,Karnataka,Alluvial,6.27,125.85,56.45,112.23,34.82,28.16,Normal,0"
"2026-06-06 21:00:00,Uttar Pradesh,Alluvial,7.68,62.17,64.29,112.75,12.66,34.49,Critical_Dry,1"
"2026-06-06 22:00:00,Gujarat,Red,4.55,86.32,54.16,58.69,34.69,32.94,Normal,0"
"2026-06-06 23:00:00,Maharashtra,Red,6.69,97.06,16.8,56.34,23.31,28.7,Normal,0"
"2026-06-07 00:00:00,Uttar Pradesh,Laterite,7.47,69.76,78.26,47.28,37.57,25.25,Normal,0"
"2026-06-07 01:00:00,Maharashtra,Black,5.37,128.4,26.58,104.85,30.17,29.39,Normal,0"
"2026-06-07 02:00:00,Tamil Nadu,Alluvial,4.74,63.53,53.95,74.63,21.13,18.36,Moderate_Dry,0"
"2026-06-07 03:00:00,Punjab,Alluvial,5.12,35.0,65.8,24.4,15.47,19.77,Moderate_Dry,0"
"2026-06-07 04:00:00,Uttar Pradesh,Alluvial,6.27,37.28,75.75,104.6,38.19,21.9,Normal,0"
"2026-06-07 05:00:00,Tamil Nadu,Alluvial,6.53,126.9,52.28,71.16,28.73,33.01,Normal,0"
"2026-06-07 06:00:00,Maharashtra,Red,6.02,138.56,28.13,58.64,44.54,23.25,Normal,0"
"2026-06-07 07:00:00,Karnataka,Laterite,6.26,54.67,68.56,50.48,21.82,28.16,Moderate_Dry,0"
"2026-06-07 08:00:00,Karnataka,Arid,6.38,37.23,21.43,25.44,33.37,32.91,Normal,0"
"2026-06-07 09:00:00,Punjab,Black,7.58,77.87,11.56,115.45,31.04,37.93,Normal,0"
"2026-06-07 10:00:00,Uttar Pradesh,Alluvial,4.92,105.14,73.57,92.83,31.59,31.19,Normal,0"
"2026-06-07 11:00:00,Uttar Pradesh,Laterite,7.58,93.49,50.28,28.84,35.27,22.25,Normal,0"
"2026-06-07 12:00:00,Uttar Pradesh,Arid,7.25,134.13,14.87,68.68,13.15,40.84,Critical_Dry,1"
"2026-06-07 13:00:00,Tamil Nadu,Laterite,7.47,118.13,50.58,73.34,28.34,20.16,Normal,0"
"2026-06-07 14:00:00,Punjab,Red,7.44,124.28,20.15,32.63,26.84,26.81,Normal,0"
"2026-06-07 15:00:00,Uttar Pradesh,Arid,6.38,85.0,12.2,59.86,20.67,40.11,Moderate_Dry,0"
"2026-06-07 16:00:00,Tamil Nadu,Laterite,5.35,59.27,18.16,82.8,24.14,32.46,Normal,0"
"2026-06-07 17:00:00,Karnataka,Red,6.65,104.21,64.26,44.82,27.2,33.9,Normal,0"
"2026-06-07 18:00:00,Maharashtra,Laterite,8.33,72.69,62.9,49.82,19.87,25.24,Moderate_Dry,0"
"2026-06-07 19:00:00,Tamil Nadu,Laterite,6.85,54.53,52.3,27.81,18.85,19.88,Moderate_Dry,0"
"2026-06-07 20:00:00,Karnataka,Arid,4.54,38.27,24.65,58.39,35.32,26.78,Normal,0"
"2026-06-07 21:00:00,Karnataka,Red,4.74,83.34,61.73,76.31,10.48,27.65,Critical_Dry,1"
"2026-06-07 22:00:00,Maharashtra,Alluvial,8.47,91.31,38.56,27.24,19.58,24.49,Moderate_Dry,0"
"2026-06-07 23:00:00,Karnataka,Black,4.79,88.25,45.75,79.55,32.19,23.17,Normal,0"
"2026-06-08 00:00:00,Punjab,Arid,4.68,33.99,72.83,56.77,15.72,26.53,Moderate_Dry,0"
"2026-06-08 01:00:00,Maharashtra,Red,5.91,88.4,42.05,86.21,29.17,33.35,Normal,0"
"2026-06-08 02:00:00,Karnataka,Laterite,8.38,40.21,53.85,48.06,19.18,40.78,Moderate_Dry,0"
"2026-06-08 03:00:00,Gujarat,Red,5.77,99.65,77.32,74.69,39.2,34.89,Normal,0"
"2026-06-08 04:00:00,Tamil Nadu,Black,6.14,71.53,41.6,79.34,20.95,36.71,Moderate_Dry,0"
"2026-06-08 05:00:00,Karnataka,Black,7.04,121.85,49.25,87.5,16.49,25.35,Moderate_Dry,0"
"2026-06-08 06:00:00,Punjab,Alluvial,4.6,113.39,50.91,94.48,27.61,20.51,Normal,0"
"2026-06-08 07:00:00,Uttar Pradesh,Alluvial,8.09,106.93,26.85,29.32,13.02,25.0,Critical_Dry,1"
"2026-06-08 08:00:00,Karnataka,Black,6.58,104.09,61.58,116.35,37.51,27.66,Normal,0"
"2026-06-08 09:00:00,Uttar Pradesh,Arid,6.37,87.26,60.86,103.58,33.16,34.56,Normal,0"
"2026-06-08 10:00:00,Gujarat,Arid,7.94,27.33,24.95,74.04,36.51,40.54,Normal,0"
"2026-06-08 11:00:00,Karnataka,Laterite,8.31,98.66,10.93,108.49,22.76,37.42,Moderate_Dry,0"
"2026-06-08 12:00:00,Maharashtra,Alluvial,6.19,76.03,79.93,55.16,38.9,24.39,Normal,0"
"2026-06-08 13:00:00,Uttar Pradesh,Laterite,5.19,76.35,50.71,18.6,26.26,37.69,Normal,0"
"2026-06-08 14:00:00,Gujarat,Alluvial,7.76,65.48,22.67,91.34,11.5,27.88,Critical_Dry,1"
"2026-06-08 15:00:00,Maharashtra,Black,6.11,131.49,29.85,114.05,16.29,22.21,Moderate_Dry,0"
"2026-06-08 16:00:00,Maharashtra,Arid,8.24,49.93,53.25,31.99,34.31,29.07,Normal,0"
"2026-06-08 17:00:00,Maharashtra,Arid,8.3,57.99,19.63,82.61,41.17,31.52,Normal,0"
"2026-06-08 18:00:00,Maharashtra,Black,4.96,135.56,12.61,100.41,11.52,36.32,Critical_Dry,1"
"2026-06-08 19:00:00,Karnataka,Laterite,8.33,117.22,65.89,110.03,39.98,26.4,Normal,0"
"2026-06-08 20:00:00,Tamil Nadu,Laterite,5.97,21.69,60.11,44.04,37.57,21.52,Normal,0"
"2026-06-08 21:00:00,Karnataka,Red,7.09,128.73,31.67,28.52,21.19,20.26,Moderate_Dry,0"
"2026-06-08 22:00:00,Karnataka,Alluvial,4.64,47.2,14.09,41.02,33.5,20.7,Normal,0"
"2026-06-08 23:00:00,Gujarat,Laterite,8.06,104.71,44.04,75.66,14.92,40.8,Critical_Dry,1"
"2026-06-09 00:00:00,Gujarat,Black,7.07,86.37,29.33,111.47,38.1,40.84,Normal,0"
"2026-06-09 01:00:00,Tamil Nadu,Laterite,7.07,84.42,37.84,76.17,32.32,41.25,Normal,0"
"2026-06-09 02:00:00,Gujarat,Arid,8.11,106.15,29.18,111.56,24.24,25.26,Normal,0"
"2026-06-09 03:00:00,Punjab,Alluvial,6.53,44.86,22.27,95.85,39.99,22.6,Normal,0"
"2026-06-09 04:00:00,Tamil Nadu,Red,6.14,39.08,37.09,77.83,13.15,41.54,Critical_Dry,1"
"2026-06-09 05:00:00,Gujarat,Alluvial,7.96,98.23,77.54,17.29,39.29,41.72,Normal,0"
"2026-06-09 06:00:00,Tamil Nadu,Arid,7.47,54.87,28.64,49.97,8.88,19.88,Critical_Dry,1"
"2026-06-09 07:00:00,Karnataka,Arid,8.3,136.87,33.52,21.03,35.87,36.06,Normal,0"
"2026-06-09 08:00:00,Karnataka,Arid,8.26,74.18,33.05,48.84,29.21,24.93,Normal,0"
"2026-06-09 09:00:00,Tamil Nadu,Arid,6.03,33.39,43.62,21.55,33.78,39.82,Normal,0"
"2026-06-09 10:00:00,Punjab,Black,6.29,102.3,69.05,32.62,23.26,20.14,Normal,0"
"2026-06-09 11:00:00,Punjab,Red,5.52,56.74,38.15,58.12,39.98,39.33,Normal,0"
"2026-06-09 12:00:00,Tamil Nadu,Arid,7.14,37.83,66.43,69.06,19.59,18.06,Moderate_Dry,0"
"2026-06-09 13:00:00,Gujarat,Arid,5.96,70.74,18.05,37.8,18.17,30.53,Moderate_Dry,0"
"2026-06-09 14:00:00,Uttar Pradesh,Laterite,7.64,135.71,72.64,91.92,19.16,26.05,Moderate_Dry,0"
"2026-06-09 15:00:00,Punjab,Red,4.99,69.37,22.97,76.99,36.65,28.26,Normal,0"
"2026-06-09 16:00:00,Maharashtra,Alluvial,4.97,61.68,12.74,87.63,26.33,28.41,Normal,0"
"2026-06-09 17:00:00,Karnataka,Red,5.32,73.34,21.08,91.94,27.87,33.69,Normal,0"
"2026-06-09 18:00:00,Tamil Nadu,Red,4.84,21.45,23.35,91.33,38.77,18.55,Normal,0"
"2026-06-09 19:00:00,Maharashtra,Red,6.98,35.97,45.6,113.3,38.83,34.59,Normal,0"
"2026-06-09 20:00:00,Tamil Nadu,Arid,5.09,121.96,41.5,39.91,13.98,18.53,Critical_Dry,1"
"2026-06-09 21:00:00,Karnataka,Arid,5.14,137.36,60.11,43.37,28.34,22.45,Normal,0"
"2026-06-09 22:00:00,Karnataka,Black,4.56,38.95,13.57,24.89,12.66,32.56,Critical_Dry,1"
"2026-06-09 23:00:00,Punjab,Alluvial,7.63,84.26,44.84,77.22,40.14,20.07,Normal,0"
"2026-06-10 00:00:00,Punjab,Laterite,7.75,135.96,33.27,56.49,38.97,41.78,Normal,0"
"2026-06-10 01:00:00,Maharashtra,Red,5.15,38.79,54.15,67.1,39.43,36.83,Normal,0"
"2026-06-10 02:00:00,Tamil Nadu,Alluvial,7.46,42.36,13.06,32.83,34.08,34.94,Normal,0"
"2026-06-10 03:00:00,Karnataka,Alluvial,6.23,131.22,12.45,83.15,25.27,24.42,Normal,0"
"2026-06-10 04:00:00,Maharashtra,Black,5.46,104.68,39.91,80.0,22.97,19.17,Moderate_Dry,0"
"2026-06-10 05:00:00,Uttar Pradesh,Laterite,6.99,38.24,66.79,42.8,22.62,41.49,Moderate_Dry,0"
"2026-06-10 06:00:00,Maharashtra,Red,5.21,67.22,56.98,63.87,10.45,21.55,Critical_Dry,1"
"2026-06-10 07:00:00,Gujarat,Laterite,7.53,26.75,11.17,108.9,43.11,37.93,Normal,0"
"2026-06-10 08:00:00,Maharashtra,Black,4.69,71.92,22.49,96.22,24.66,22.74,Normal,0"
"2026-06-10 09:00:00,Gujarat,Arid,8.34,113.35,25.87,38.83,42.41,26.98,Normal,0"
"2026-06-10 10:00:00,Gujarat,Alluvial,4.79,86.48,39.61,107.28,40.53,34.65,Normal,0"
"2026-06-10 11:00:00,Gujarat,Red,6.82,97.69,51.07,22.07,38.66,40.69,Normal,0"
"2026-06-10 12:00:00,Uttar Pradesh,Arid,8.11,59.22,25.15,58.46,29.77,18.47,Normal,0"
"2026-06-10 13:00:00,Maharashtra,Black,4.55,39.37,36.78,23.41,11.76,24.26,Critical_Dry,1"
"2026-06-10 14:00:00,Maharashtra,Laterite,6.49,21.57,50.88,112.04,19.98,36.36,Moderate_Dry,0"
"2026-06-10 15:00:00,Uttar Pradesh,Alluvial,5.9,118.56,36.84,19.27,30.33,22.16,Normal,0"
"2026-06-10 16:00:00,Karnataka,Red,6.82,96.4,20.02,30.88,8.5,20.67,Critical_Dry,1"
"2026-06-10 17:00:00,Punjab,Arid,5.4,47.52,44.42,111.08,9.58,19.11,Critical_Dry,1"
"2026-06-10 18:00:00,Maharashtra,Arid,4.76,70.21,32.68,76.13,33.07,30.06,Normal,0"
"2026-06-10 19:00:00,Punjab,Alluvial,7.0,116.17,70.49,98.49,40.86,36.43,Normal,0"
"2026-06-10 20:00:00,Tamil Nadu,Laterite,6.17,84.64,64.29,16.72,39.64,41.08,Normal,0"
"2026-06-10 21:00:00,Tamil Nadu,Black,6.99,56.02,23.32,59.0,14.22,24.42,Critical_Dry,1"
"2026-06-10 22:00:00,Uttar Pradesh,Laterite,5.34,52.06,20.68,118.37,41.72,20.91,Normal,0"
"2026-06-10 23:00:00,Tamil Nadu,Laterite,5.85,46.11,34.34,75.88,33.76,27.66,Normal,0"
"2026-06-11 00:00:00,Tamil Nadu,Laterite,6.75,118.85,38.85,104.22,34.5,19.33,Normal,0"
"2026-06-11 01:00:00,Karnataka,Alluvial,6.87,89.82,75.24,116.17,19.25,25.95,Moderate_Dry,0"
"2026-06-11 02:00:00,Karnataka,Alluvial,5.99,105.1,31.11,86.93,34.49,33.43,Normal,0"
"2026-06-11 03:00:00,Karnataka,Black,5.62,123.21,70.73,49.4,34.26,22.04,Normal,0"
"2026-06-11 04:00:00,Tamil Nadu,Laterite,5.59,138.42,45.37,47.4,30.0,33.17,Normal,0"
"2026-06-11 05:00:00,Uttar Pradesh,Alluvial,5.2,49.94,71.99,22.48,21.22,41.33,Moderate_Dry,0"
"2026-06-11 06:00:00,Gujarat,Black,5.8,41.71,59.14,59.92,38.01,38.74,Normal,0"
"2026-06-11 07:00:00,Gujarat,Black,5.3,75.44,59.59,111.12,42.69,26.56,Normal,0"
"2026-06-11 08:00:00,Punjab,Laterite,7.04,24.21,46.32,65.2,40.19,28.12,Normal,0"
"2026-06-11 09:00:00,Gujarat,Red,6.78,115.01,68.82,110.65,16.99,28.06,Moderate_Dry,0"
"2026-06-11 10:00:00,Gujarat,Laterite,6.03,126.05,27.81,100.8,24.49,38.64,Normal,0"
"2026-06-11 11:00:00,Karnataka,Red,5.8,102.32,73.51,118.34,20.67,41.85,Moderate_Dry,0"
"2026-06-11 12:00:00,Karnataka,Black,5.45,52.16,54.57,114.51,34.18,37.82,Normal,0"
"2026-06-11 13:00:00,Tamil Nadu,Alluvial,6.64,34.78,40.71,89.18,38.77,31.39,Normal,0"
"2026-06-11 14:00:00,Punjab,Arid,8.18,65.86,78.75,106.48,15.98,20.34,Moderate_Dry,0"
"2026-06-11 15:00:00,Maharashtra,Black,7.24,120.0,70.34,93.55,43.05,40.91,Normal,0"
"2026-06-11 16:00:00,Punjab,Alluvial,7.48,61.74,64.04,88.86,33.06,38.64,Normal,0"
"2026-06-11 17:00:00,Punjab,Black,7.84,24.11,29.17,90.13,16.08,38.19,Moderate_Dry,0"
"2026-06-11 18:00:00,Uttar Pradesh,Laterite,5.91,52.91,78.16,90.71,21.73,27.4,Moderate_Dry,0"
"2026-06-11 19:00:00,Tamil Nadu,Red,4.75,138.79,62.01,54.84,11.87,28.73,Critical_Dry,1"
"2026-06-11 20:00:00,Uttar Pradesh,Black,6.99,101.2,52.37,59.47,30.09,20.87,Normal,0"
"2026-06-11 21:00:00,Punjab,Alluvial,5.25,128.1,74.53,45.88,14.26,40.51,Critical_Dry,1"
"2026-06-11 22:00:00,Punjab,Laterite,6.78,112.98,21.35,30.57,33.64,40.64,Normal,0"
"2026-06-11 23:00:00,Punjab,Arid,7.46,84.76,19.73,63.14,35.28,24.11,Normal,0"
"2026-06-12 00:00:00,Gujarat,Laterite,7.63,37.84,49.46,109.49,25.74,34.7,Normal,0"
"2026-06-12 01:00:00,Uttar Pradesh,Red,5.71,61.84,13.97,83.38,11.47,22.88,Critical_Dry,1"
"2026-06-12 02:00:00,Punjab,Laterite,6.55,90.05,56.48,20.9,30.6,27.43,Normal,0"
"2026-06-12 03:00:00,Karnataka,Arid,6.98,124.48,26.85,100.18,21.77,25.26,Moderate_Dry,0"
"2026-06-12 04:00:00,Tamil Nadu,Alluvial,7.78,52.24,18.33,113.22,43.14,27.35,Normal,0"
"2026-06-12 05:00:00,Tamil Nadu,Black,7.55,34.55,38.66,102.09,26.99,25.42,Normal,0"
"2026-06-12 06:00:00,Karnataka,Red,8.45,87.06,42.62,91.39,10.67,26.29,Critical_Dry,1"
"2026-06-12 07:00:00,Tamil Nadu,Arid,4.53,41.18,21.93,30.76,31.53,36.99,Normal,0"
"2026-06-12 08:00:00,Gujarat,Red,6.25,93.24,12.91,51.64,36.84,25.2,Normal,0"
"2026-06-12 09:00:00,Gujarat,Laterite,5.52,51.62,38.98,74.36,13.94,37.55,Critical_Dry,1"
"2026-06-12 10:00:00,Maharashtra,Red,4.98,47.72,63.17,23.07,24.62,31.63,Normal,0"
"2026-06-12 11:00:00,Maharashtra,Arid,8.15,67.9,71.19,26.16,35.5,36.73,Normal,0"
"2026-06-12 12:00:00,Maharashtra,Black,8.49,91.18,16.83,113.1,8.76,40.05,Critical_Dry,1"
"2026-06-12 13:00:00,Tamil Nadu,Black,5.22,85.44,46.73,88.78,9.07,21.32,Critical_Dry,1"
"2026-06-12 14:00:00,Gujarat,Red,4.65,49.37,28.44,43.88,33.05,26.25,Normal,0"
"2026-06-12 15:00:00,Gujarat,Alluvial,5.6,126.93,36.22,49.37,34.83,19.33,Normal,0"
"2026-06-12 16:00:00,Gujarat,Red,7.84,33.19,75.34,55.37,39.3,27.77,Normal,0"
"2026-06-12 17:00:00,Karnataka,Laterite,5.68,24.74,34.65,22.88,22.79,23.7,Moderate_Dry,0"
"2026-06-12 18:00:00,Gujarat,Black,4.73,92.32,35.57,92.61,22.42,31.72,Moderate_Dry,0"
"2026-06-12 19:00:00,Karnataka,Black,4.71,34.81,24.66,33.57,28.44,36.8,Normal,0"
"2026-06-12 20:00:00,Maharashtra,Black,6.21,80.59,77.2,99.54,36.02,29.67,Normal,0"
"2026-06-12 21:00:00,Maharashtra,Alluvial,8.23,134.21,41.95,103.82,31.72,26.01,Normal,0"
"2026-06-12 22:00:00,Tamil Nadu,Alluvial,5.64,103.83,49.93,82.04,20.11,21.66,Moderate_Dry,0"
"2026-06-12 23:00:00,Maharashtra,Arid,6.21,94.09,41.72,95.83,20.82,18.64,Moderate_Dry,0"
"2026-06-13 00:00:00,Tamil Nadu,Red,4.91,88.98,27.7,33.04,36.23,34.27,Normal,0"
"2026-06-13 01:00:00,Punjab,Red,6.47,41.54,66.73,75.47,27.78,18.73,Normal,0"
"2026-06-13 02:00:00,Punjab,Laterite,7.29,71.92,11.99,86.06,11.63,40.1,Critical_Dry,1"
"2026-06-13 03:00:00,Uttar Pradesh,Black,5.58,61.1,58.32,84.46,13.66,32.26,Critical_Dry,1"
"2026-06-13 04:00:00,Tamil Nadu,Alluvial,5.69,134.37,51.6,27.32,39.49,26.48,Normal,0"
"2026-06-13 05:00:00,Uttar Pradesh,Laterite,7.87,49.08,20.1,51.16,44.96,19.01,Normal,0"
"2026-06-13 06:00:00,Uttar Pradesh,Laterite,4.54,76.58,21.61,49.13,20.42,27.92,Moderate_Dry,0"
"2026-06-13 07:00:00,Punjab,Alluvial,7.05,132.57,56.15,75.12,22.31,38.82,Moderate_Dry,0"
"2026-06-13 08:00:00,Tamil Nadu,Red,6.08,114.7,31.85,95.35,13.72,41.28,Critical_Dry,1"
"2026-06-13 09:00:00,Punjab,Black,5.69,135.74,28.6,74.91,16.72,20.04,Moderate_Dry,0"
"2026-06-13 10:00:00,Uttar Pradesh,Red,7.13,93.0,14.14,94.26,23.71,36.65,Normal,0"
"2026-06-13 11:00:00,Tamil Nadu,Laterite,7.84,60.05,63.65,25.39,18.52,24.2,Moderate_Dry,0"
"2026-06-13 12:00:00,Uttar Pradesh,Black,6.73,119.2,71.79,107.2,33.95,27.11,Normal,0"
"2026-06-13 13:00:00,Gujarat,Arid,4.62,54.97,67.39,71.34,27.9,31.14,Normal,0"
"2026-06-13 14:00:00,Tamil Nadu,Laterite,6.35,39.77,42.62,18.94,38.42,41.87,Normal,0"
"2026-06-13 15:00:00,Tamil Nadu,Red,6.35,104.75,47.38,82.54,34.81,23.01,Normal,0"
"2026-06-13 16:00:00,Uttar Pradesh,Red,6.68,96.67,26.96,69.32,12.74,21.13,Critical_Dry,1"
"2026-06-13 17:00:00,Gujarat,Red,7.18,125.47,22.1,38.14,12.57,32.28,Critical_Dry,1"
"2026-06-13 18:00:00,Karnataka,Alluvial,4.58,135.43,67.61,95.26,41.14,38.47,Normal,0"
"2026-06-13 19:00:00,Punjab,Laterite,6.51,122.86,65.88,113.02,38.32,33.56,Normal,0"
"2026-06-13 20:00:00,Uttar Pradesh,Black,6.85,27.2,64.42,48.88,25.31,26.34,Normal,0"
"2026-06-13 21:00:00,Tamil Nadu,Red,5.87,99.74,42.44,66.86,12.82,41.45,Critical_Dry,1"
"2026-06-13 22:00:00,Punjab,Red,7.17,114.17,70.52,28.46,41.25,41.88,Normal,0"
"2026-06-13 23:00:00,Punjab,Alluvial,5.41,137.83,74.84,112.63,16.54,36.5,Moderate_Dry,0"
"2026-06-14 00:00:00,Punjab,Black,5.77,64.96,32.98,48.47,9.31,37.26,Critical_Dry,1"
"2026-06-14 01:00:00,Karnataka,Laterite,8.35,40.39,25.73,35.45,42.2,36.26,Normal,0"
"2026-06-14 02:00:00,Maharashtra,Arid,5.89,122.35,42.5,65.24,37.93,24.18,Normal,0"
"2026-06-14 03:00:00,Uttar Pradesh,Alluvial,5.89,58.1,22.55,19.54,33.66,21.61,Normal,0"
"2026-06-14 04:00:00,Maharashtra,Laterite,6.88,91.78,71.88,41.55,9.26,31.3,Critical_Dry,1"
"2026-06-14 05:00:00,Maharashtra,Arid,8.38,66.79,33.66,22.1,27.55,40.9,Normal,0"
"2026-06-14 06:00:00,Maharashtra,Red,8.43,68.28,50.33,28.37,32.18,39.08,Normal,0"
"2026-06-14 07:00:00,Punjab,Red,6.82,107.9,51.63,26.78,36.1,20.56,Normal,0"
"2026-06-14 08:00:00,Gujarat,Black,4.5,63.38,46.05,106.6,25.43,19.37,Normal,0"
"2026-06-14 09:00:00,Punjab,Arid,8.1,103.17,20.96,112.7,43.27,38.97,Normal,0"
"2026-06-14 10:00:00,Punjab,Red,6.78,21.72,79.37,64.82,17.06,32.71,Moderate_Dry,0"
"2026-06-14 11:00:00,Tamil Nadu,Red,5.96,58.96,22.08,81.19,10.58,25.3,Critical_Dry,1"
"2026-06-14 12:00:00,Tamil Nadu,Black,7.82,58.29,62.61,88.07,20.31,31.48,Moderate_Dry,0"
"2026-06-14 13:00:00,Maharashtra,Laterite,6.1,109.86,65.4,56.09,32.49,23.32,Normal,0"
"2026-06-14 14:00:00,Punjab,Red,4.64,57.75,20.16,53.87,35.27,40.73,Normal,0"
"2026-06-14 15:00:00,Maharashtra,Alluvial,7.78,96.0,75.32,85.93,35.32,37.85,Normal,0"
"2026-06-14 16:00:00,Tamil Nadu,Alluvial,6.68,102.62,44.14,54.56,12.09,41.09,Critical_Dry,1"
"2026-06-14 17:00:00,Gujarat,Laterite,5.85,99.01,54.02,76.01,40.75,22.49,Normal,0"
"2026-06-14 18:00:00,Uttar Pradesh,Arid,5.5,92.4,54.95,69.1,18.39,38.25,Moderate_Dry,0"
"2026-06-14 19:00:00,Maharashtra,Black,6.88,69.63,45.35,70.07,15.77,31.45,Moderate_Dry,0"
"2026-06-14 20:00:00,Gujarat,Alluvial,5.33,64.8,19.94,102.08,30.73,25.8,Normal,0"
"2026-06-14 21:00:00,Uttar Pradesh,Alluvial,5.8,87.75,62.62,88.93,15.84,29.51,Moderate_Dry,0"
"2026-06-14 22:00:00,Karnataka,Laterite,7.05,27.64,50.73,115.87,26.8,40.67,Normal,0"
"2026-06-14 23:00:00,Maharashtra,Arid,8.03,125.1,18.31,98.05,23.06,34.59,Normal,0"
"2026-06-15 00:00:00,Maharashtra,Arid,6.63,119.04,59.02,30.31,16.59,26.64,Moderate_Dry,0"
"2026-06-15 01:00:00,Karnataka,Laterite,7.54,61.57,59.19,92.54,18.81,42.0,Moderate_Dry,0"
"2026-06-15 02:00:00,Karnataka,Alluvial,7.55,88.02,48.39,84.89,23.81,26.3,Normal,0"
"2026-06-15 03:00:00,Maharashtra,Black,7.16,131.87,16.34,82.83,20.81,37.53,Moderate_Dry,0"
"2026-06-15 04:00:00,Karnataka,Alluvial,5.48,52.6,34.69,65.48,22.12,36.83,Moderate_Dry,0"
"2026-06-15 05:00:00,Punjab,Arid,7.97,109.09,13.56,21.56,35.21,35.35,Normal,0"
"2026-06-15 06:00:00,Uttar Pradesh,Alluvial,6.25,29.93,43.43,114.91,14.23,34.07,Critical_Dry,1"
"2026-06-15 07:00:00,Uttar Pradesh,Black,4.68,82.8,73.45,104.45,31.22,20.61,Normal,0"
"2026-06-15 08:00:00,Uttar Pradesh,Red,5.48,126.08,10.16,66.11,33.09,41.88,Normal,0"
"2026-06-15 09:00:00,Punjab,Alluvial,7.56,86.21,28.66,31.65,37.68,21.87,Normal,0"
"2026-06-15 10:00:00,Karnataka,Laterite,4.78,93.95,65.99,101.57,39.35,32.31,Normal,0"
"2026-06-15 11:00:00,Gujarat,Red,5.09,128.92,10.69,60.22,13.87,23.98,Critical_Dry,1"
"2026-06-15 12:00:00,Karnataka,Laterite,7.28,105.84,10.71,55.96,13.12,22.05,Critical_Dry,1"
"2026-06-15 13:00:00,Maharashtra,Laterite,8.07,103.5,52.76,84.87,30.75,31.43,Normal,0"
"2026-06-15 14:00:00,Tamil Nadu,Laterite,7.03,90.37,65.24,94.66,36.01,38.07,Normal,0"
"2026-06-15 15:00:00,Uttar Pradesh,Alluvial,5.39,95.96,64.36,21.6,18.08,27.05,Moderate_Dry,0"
"2026-06-15 16:00:00,Karnataka,Arid,4.71,116.44,64.57,95.59,27.46,19.85,Normal,0"
"2026-06-15 17:00:00,Gujarat,Red,6.96,137.51,35.27,92.06,36.57,32.97,Normal,0"
"2026-06-15 18:00:00,Maharashtra,Black,4.69,115.44,71.79,76.87,36.4,36.39,Normal,0"
"2026-06-15 19:00:00,Punjab,Arid,6.95,104.9,10.9,50.53,32.19,25.11,Normal,0"
"2026-06-15 20:00:00,Punjab,Alluvial,5.4,36.27,31.85,32.3,10.92,34.57,Critical_Dry,1"
"2026-06-15 21:00:00,Gujarat,Laterite,8.12,118.05,33.6,25.78,9.87,19.82,Critical_Dry,1"
"2026-06-15 22:00:00,Maharashtra,Black,6.4,108.32,21.59,15.12,22.37,26.67,Moderate_Dry,0"
"2026-06-15 23:00:00,Uttar Pradesh,Red,5.4,112.45,33.54,36.68,8.99,29.38,Critical_Dry,1"
"2026-06-16 00:00:00,Karnataka,Arid,7.91,47.73,51.01,58.19,41.45,36.77,Normal,0"
"2026-06-16 01:00:00,Maharashtra,Arid,5.52,128.41,46.42,40.58,8.75,26.12,Critical_Dry,1"
"2026-06-16 02:00:00,Punjab,Black,5.73,31.67,32.36,47.44,9.1,28.89,Critical_Dry,1"
"2026-06-16 03:00:00,Gujarat,Alluvial,7.84,50.43,62.45,56.0,14.12,33.08,Critical_Dry,1"
"2026-06-16 04:00:00,Gujarat,Red,5.74,99.56,60.04,47.37,31.2,32.98,Normal,0"
"2026-06-16 05:00:00,Karnataka,Black,6.14,100.85,29.65,91.09,28.04,30.43,Normal,0"
"2026-06-16 06:00:00,Gujarat,Laterite,5.89,57.6,32.63,66.63,32.4,25.88,Normal,0"
"2026-06-16 07:00:00,Gujarat,Red,4.97,104.18,30.13,17.03,41.06,34.08,Normal,0"
"2026-06-16 08:00:00,Maharashtra,Arid,4.66,66.55,19.02,38.8,24.83,38.09,Normal,0"
"2026-06-16 09:00:00,Uttar Pradesh,Black,7.4,20.02,62.69,89.51,9.62,21.69,Critical_Dry,1"
"2026-06-16 10:00:00,Karnataka,Arid,7.08,39.51,13.24,46.6,36.25,26.17,Normal,0"
"2026-06-16 11:00:00,Maharashtra,Arid,5.63,125.91,20.54,111.61,38.04,34.05,Normal,0"
"2026-06-16 12:00:00,Uttar Pradesh,Arid,5.68,46.72,17.37,89.83,9.85,36.14,Critical_Dry,1"
"2026-06-16 13:00:00,Maharashtra,Alluvial,8.28,33.55,67.77,45.44,16.99,36.76,Moderate_Dry,0"
"2026-06-16 14:00:00,Tamil Nadu,Arid,8.45,101.86,13.08,69.22,36.51,33.68,Normal,0"
"2026-06-16 15:00:00,Maharashtra,Laterite,6.39,72.88,56.52,85.06,21.92,29.48,Moderate_Dry,0"
"2026-06-16 16:00:00,Gujarat,Laterite,7.71,115.59,13.11,35.3,25.49,33.5,Normal,0"
"2026-06-16 17:00:00,Uttar Pradesh,Red,7.45,123.37,65.05,40.85,38.46,21.24,Normal,0"
"2026-06-16 18:00:00,Karnataka,Arid,5.69,121.52,73.89,68.25,11.5,22.99,Critical_Dry,1"
"2026-06-16 19:00:00,Karnataka,Arid,4.73,57.56,44.08,112.11,33.06,40.26,Normal,0"
"2026-06-16 20:00:00,Uttar Pradesh,Black,5.07,80.67,66.32,51.12,15.95,40.13,Moderate_Dry,0"
"2026-06-16 21:00:00,Gujarat,Alluvial,7.85,98.02,59.45,57.22,10.32,35.37,Critical_Dry,1"
"2026-06-16 22:00:00,Punjab,Red,7.42,58.64,65.69,35.02,32.51,25.85,Normal,0"
"2026-06-16 23:00:00,Maharashtra,Arid,7.16,24.93,63.67,77.29,12.49,33.57,Critical_Dry,1"
"2026-06-17 00:00:00,Gujarat,Black,5.02,79.48,24.38,92.72,35.64,34.51,Normal,0"
"2026-06-17 01:00:00,Tamil Nadu,Alluvial,7.06,21.54,44.97,61.27,15.5,30.36,Moderate_Dry,0"
"2026-06-17 02:00:00,Uttar Pradesh,Red,7.59,134.08,77.23,93.78,9.79,35.96,Critical_Dry,1"
"2026-06-17 03:00:00,Maharashtra,Red,7.94,115.6,34.05,46.77,11.67,18.71,Critical_Dry,1"
"2026-06-17 04:00:00,Karnataka,Arid,4.55,43.04,77.93,89.23,39.13,24.15,Normal,0"
"2026-06-17 05:00:00,Punjab,Red,7.24,54.51,50.82,42.13,21.73,37.07,Moderate_Dry,0"
"2026-06-17 06:00:00,Tamil Nadu,Black,4.58,137.94,42.31,96.97,19.18,40.53,Moderate_Dry,0"
"2026-06-17 07:00:00,Karnataka,Red,7.33,64.83,56.04,102.22,26.17,39.03,Normal,0"
"2026-06-17 08:00:00,Uttar Pradesh,Laterite,7.04,114.05,67.11,98.76,31.42,35.2,Normal,0"
"2026-06-17 09:00:00,Maharashtra,Black,5.09,73.62,37.59,37.62,9.37,21.97,Critical_Dry,1"
"2026-06-17 10:00:00,Uttar Pradesh,Alluvial,7.56,123.69,12.31,87.9,41.23,26.85,Normal,0"
"2026-06-17 11:00:00,Maharashtra,Alluvial,4.77,104.45,59.62,71.55,43.46,19.21,Normal,0"
"2026-06-17 12:00:00,Gujarat,Arid,7.81,22.75,76.93,118.53,23.44,33.36,Normal,0"
"2026-06-17 13:00:00,Punjab,Arid,5.55,55.33,53.75,52.97,23.27,28.8,Normal,0"
"2026-06-17 14:00:00,Gujarat,Laterite,7.26,86.96,23.19,95.98,40.51,31.75,Normal,0"
"2026-06-17 15:00:00,Gujarat,Alluvial,8.19,131.14,27.38,53.86,23.88,41.5,Normal,0"
"2026-06-17 16:00:00,Uttar Pradesh,Alluvial,5.86,32.24,73.68,56.67,39.68,27.65,Normal,0"
"2026-06-17 17:00:00,Punjab,Alluvial,6.51,92.14,10.95,26.65,9.05,25.36,Critical_Dry,1"
"2026-06-17 18:00:00,Maharashtra,Alluvial,6.35,56.26,48.41,40.16,26.12,21.61,Normal,0"
"2026-06-17 19:00:00,Maharashtra,Red,5.13,126.72,21.11,32.27,43.24,21.45,Normal,0"
"2026-06-17 20:00:00,Tamil Nadu,Black,6.86,111.82,29.79,31.72,17.35,30.45,Moderate_Dry,0"
"2026-06-17 21:00:00,Karnataka,Black,7.47,64.36,31.49,15.95,17.85,35.98,Moderate_Dry,0"
"2026-06-17 22:00:00,Tamil Nadu,Laterite,8.17,40.05,25.35,98.35,31.31,31.55,Normal,0"
"2026-06-17 23:00:00,Tamil Nadu,Red,7.9,21.38,65.46,64.13,42.27,38.96,Normal,0"
"2026-06-18 00:00:00,Maharashtra,Alluvial,6.54,94.54,33.25,99.44,15.35,25.58,Moderate_Dry,0"
"2026-06-18 01:00:00,Uttar Pradesh,Alluvial,7.38,68.73,34.18,79.32,42.1,32.28,Normal,0"
"2026-06-18 02:00:00,Gujarat,Arid,7.7,57.77,41.71,102.29,32.53,33.87,Normal,0"
"2026-06-18 03:00:00,Gujarat,Arid,6.47,138.26,73.16,67.9,44.74,24.74,Normal,0"
"2026-06-18 04:00:00,Gujarat,Laterite,4.96,75.94,58.17,24.87,35.25,27.51,Normal,0"
"2026-06-18 05:00:00,Punjab,Alluvial,6.25,109.98,14.32,79.76,32.71,32.18,Normal,0"
"2026-06-18 06:00:00,Maharashtra,Laterite,7.87,41.29,12.75,86.17,38.15,18.5,Normal,0"
"2026-06-18 07:00:00,Uttar Pradesh,Red,6.89,21.61,49.65,80.78,14.48,39.28,Critical_Dry,1"
"2026-06-18 08:00:00,Punjab,Black,7.4,70.11,72.09,99.14,43.0,20.67,Normal,0"
"2026-06-18 09:00:00,Karnataka,Alluvial,5.24,99.88,32.63,91.81,14.13,19.14,Critical_Dry,1"
"2026-06-18 10:00:00,Uttar Pradesh,Red,8.36,80.79,27.34,60.43,8.95,23.16,Critical_Dry,1"
"2026-06-18 11:00:00,Tamil Nadu,Alluvial,6.12,126.86,62.37,101.01,33.82,30.06,Normal,0"
"2026-06-18 12:00:00,Uttar Pradesh,Arid,7.11,72.08,52.15,87.64,14.83,25.89,Critical_Dry,1"
"2026-06-18 13:00:00,Uttar Pradesh,Laterite,4.58,57.32,49.55,27.64,36.07,28.56,Normal,0"
"2026-06-18 14:00:00,Gujarat,Arid,5.01,129.93,20.45,71.69,37.42,20.02,Normal,0"
"2026-06-18 15:00:00,Uttar Pradesh,Black,7.63,68.82,22.32,91.5,16.76,23.59,Moderate_Dry,0"
"2026-06-18 16:00:00,Tamil Nadu,Arid,8.37,52.36,29.73,73.1,11.21,20.34,Critical_Dry,1"
"2026-06-18 17:00:00,Tamil Nadu,Alluvial,5.78,31.72,24.48,114.65,26.53,23.51,Normal,0"
"2026-06-18 18:00:00,Maharashtra,Arid,4.65,115.2,78.0,25.66,40.94,34.88,Normal,0"
"2026-06-18 19:00:00,Uttar Pradesh,Alluvial,5.94,119.01,11.3,90.84,39.35,31.81,Normal,0"
"2026-06-18 20:00:00,Gujarat,Black,4.57,24.0,53.82,101.57,12.33,26.02,Critical_Dry,1"
"2026-06-18 21:00:00,Uttar Pradesh,Arid,5.27,63.04,46.23,88.78,43.7,24.27,Normal,0"
"2026-06-18 22:00:00,Karnataka,Laterite,7.51,109.99,32.63,55.49,17.77,41.94,Moderate_Dry,0"
"2026-06-18 23:00:00,Karnataka,Laterite,8.25,133.57,72.13,55.48,20.93,36.43,Moderate_Dry,0"
"2026-06-19 00:00:00,Gujarat,Laterite,4.85,65.34,56.91,76.59,13.51,37.73,Critical_Dry,1"
"2026-06-19 01:00:00,Maharashtra,Arid,6.73,124.65,79.88,56.7,21.98,18.63,Moderate_Dry,0"
"2026-06-19 02:00:00,Maharashtra,Arid,5.52,67.25,21.81,107.73,31.52,19.43,Normal,0"
"2026-06-19 03:00:00,Tamil Nadu,Arid,5.06,41.54,16.15,26.54,26.72,35.1,Normal,0"
"2026-06-19 04:00:00,Tamil Nadu,Alluvial,5.38,20.41,19.76,82.11,38.62,22.6,Normal,0"
"2026-06-19 05:00:00,Punjab,Black,6.81,59.62,28.85,29.08,31.73,28.22,Normal,0"
"2026-06-19 06:00:00,Gujarat,Laterite,4.76,65.42,39.18,71.72,17.75,22.42,Moderate_Dry,0"
"2026-06-19 07:00:00,Uttar Pradesh,Alluvial,6.24,133.41,70.38,90.14,28.63,22.25,Normal,0"
"2026-06-19 08:00:00,Gujarat,Laterite,5.04,44.73,29.85,32.38,10.38,20.62,Critical_Dry,1"
"2026-06-19 09:00:00,Punjab,Alluvial,5.59,65.87,74.07,88.92,29.49,32.26,Normal,0"
"2026-06-19 10:00:00,Tamil Nadu,Arid,5.26,23.02,42.4,29.7,22.42,35.74,Moderate_Dry,0"
"2026-06-19 11:00:00,Gujarat,Laterite,8.03,111.62,55.29,80.16,11.64,19.36,Critical_Dry,1"
"2026-06-19 12:00:00,Gujarat,Arid,7.33,129.82,28.51,68.08,19.38,24.61,Moderate_Dry,0"
"2026-06-19 13:00:00,Tamil Nadu,Laterite,7.97,48.54,20.92,46.3,41.23,33.8,Normal,0"
"2026-06-19 14:00:00,Punjab,Red,6.03,71.48,70.86,26.71,29.68,27.42,Normal,0"
"2026-06-19 15:00:00,Tamil Nadu,Alluvial,5.75,34.65,17.67,92.26,41.42,34.91,Normal,0"
"2026-06-19 16:00:00,Maharashtra,Red,6.02,74.82,64.18,55.09,23.2,36.22,Normal,0"
"2026-06-19 17:00:00,Uttar Pradesh,Alluvial,4.57,36.0,50.67,24.09,44.22,18.78,Normal,0"
"2026-06-19 18:00:00,Tamil Nadu,Black,7.4,82.8,70.28,96.14,21.32,27.14,Moderate_Dry,0"
"2026-06-19 19:00:00,Punjab,Laterite,5.9,108.15,60.25,39.45,36.0,35.5,Normal,0"
"2026-06-19 20:00:00,Karnataka,Black,5.75,86.4,29.72,92.33,19.3,27.08,Moderate_Dry,0"
"2026-06-19 21:00:00,Maharashtra,Black,6.89,49.43,50.21,74.31,11.92,18.14,Critical_Dry,1"
"2026-06-19 22:00:00,Karnataka,Alluvial,6.24,62.46,10.92,35.43,38.82,26.07,Normal,0"
"2026-06-19 23:00:00,Tamil Nadu,Red,8.42,96.63,43.27,23.02,36.22,38.94,Normal,0"
"2026-06-20 00:00:00,Maharashtra,Arid,5.93,90.77,16.02,77.29,38.36,40.85,Normal,0"
"2026-06-20 01:00:00,Uttar Pradesh,Alluvial,6.96,36.41,40.03,17.65,19.09,31.45,Moderate_Dry,0"
"2026-06-20 02:00:00,Tamil Nadu,Arid,5.75,121.39,17.67,21.87,34.04,25.35,Normal,0"
"2026-06-20 03:00:00,Uttar Pradesh,Black,8.46,77.02,76.88,88.73,16.14,29.19,Moderate_Dry,0"
"2026-06-20 04:00:00,Gujarat,Arid,6.28,39.48,46.61,71.58,8.42,23.67,Critical_Dry,1"
"2026-06-20 05:00:00,Karnataka,Red,7.04,34.74,73.93,49.26,40.06,22.04,Normal,0"
"2026-06-20 06:00:00,Maharashtra,Alluvial,5.01,135.87,11.57,71.62,27.37,29.84,Normal,0"
"2026-06-20 07:00:00,Uttar Pradesh,Red,7.43,53.78,54.64,77.12,44.4,35.68,Normal,0"
"2026-06-20 08:00:00,Punjab,Red,5.58,129.03,31.49,74.36,22.25,23.34,Moderate_Dry,0"
"2026-06-20 09:00:00,Uttar Pradesh,Alluvial,6.29,69.27,40.23,82.47,43.4,39.83,Normal,0"
"2026-06-20 10:00:00,Punjab,Red,8.03,66.31,71.12,113.73,30.76,22.04,Normal,0"
"2026-06-20 11:00:00,Tamil Nadu,Laterite,8.38,104.11,78.6,55.82,26.95,31.4,Normal,0"
"2026-06-20 12:00:00,Maharashtra,Laterite,6.2,21.19,27.25,46.62,19.2,36.63,Moderate_Dry,0"
"2026-06-20 13:00:00,Uttar Pradesh,Laterite,7.84,60.57,76.38,19.04,38.54,23.12,Normal,0"
"2026-06-20 14:00:00,Uttar Pradesh,Arid,4.71,56.32,58.21,30.44,38.67,25.11,Normal,0"
"2026-06-20 15:00:00,Maharashtra,Red,7.89,124.17,76.6,26.16,23.43,19.24,Normal,0"
"2026-06-20 16:00:00,Uttar Pradesh,Alluvial,7.02,83.49,49.37,50.22,34.91,40.65,Normal,0"
"2026-06-20 17:00:00,Punjab,Alluvial,6.45,63.75,77.25,79.05,24.55,29.69,Normal,0"
"2026-06-20 18:00:00,Uttar Pradesh,Arid,8.06,51.93,72.47,19.87,35.37,19.54,Normal,0"
"2026-06-20 19:00:00,Karnataka,Alluvial,7.88,90.86,19.0,91.4,44.79,37.92,Normal,0"
"2026-06-20 20:00:00,Tamil Nadu,Laterite,5.69,38.2,31.76,56.73,17.71,31.66,Moderate_Dry,0"
"2026-06-20 21:00:00,Gujarat,Red,7.67,49.54,27.01,116.17,31.46,19.33,Normal,0"
"2026-06-20 22:00:00,Punjab,Alluvial,4.9,55.23,50.05,74.68,22.06,28.82,Moderate_Dry,0"
"2026-06-20 23:00:00,Karnataka,Alluvial,7.79,92.95,66.2,95.99,28.29,28.43,Normal,0"
"2026-06-21 00:00:00,Tamil Nadu,Black,7.2,64.79,63.16,105.42,40.34,21.51,Normal,0"
"2026-06-21 01:00:00,Maharashtra,Black,4.85,80.69,60.87,108.33,20.86,28.09,Moderate_Dry,0"
"2026-06-21 02:00:00,Punjab,Black,7.23,98.05,36.27,69.44,10.68,24.79,Critical_Dry,1"
"2026-06-21 03:00:00,Gujarat,Red,6.82,134.75,19.77,56.66,37.56,34.8,Normal,0"
"2026-06-21 04:00:00,Tamil Nadu,Laterite,6.88,111.78,24.74,73.85,28.54,18.13,Normal,0"
"2026-06-21 05:00:00,Gujarat,Laterite,5.66,68.63,61.92,57.22,24.63,20.55,Normal,0"
"2026-06-21 06:00:00,Maharashtra,Laterite,5.57,109.79,20.33,40.28,14.78,40.05,Critical_Dry,1"
"2026-06-21 07:00:00,Maharashtra,Red,7.55,133.96,25.61,49.01,11.44,28.4,Critical_Dry,1"
"2026-06-21 08:00:00,Punjab,Red,5.53,79.93,39.72,39.44,18.31,22.23,Moderate_Dry,0"
"2026-06-21 09:00:00,Uttar Pradesh,Black,6.29,69.26,15.05,43.29,34.6,37.04,Normal,0"
"2026-06-21 10:00:00,Maharashtra,Alluvial,7.28,29.36,24.89,24.83,23.24,38.44,Normal,0"
"2026-06-21 11:00:00,Tamil Nadu,Arid,4.82,127.08,20.48,59.78,29.1,23.07,Normal,0"
"2026-06-21 12:00:00,Uttar Pradesh,Arid,6.88,49.57,76.59,39.7,11.04,35.13,Critical_Dry,1"
"2026-06-21 13:00:00,Karnataka,Alluvial,6.86,27.67,23.41,62.08,12.56,32.76,Critical_Dry,1"
"2026-06-21 14:00:00,Gujarat,Black,7.24,84.46,70.32,98.18,8.42,35.88,Critical_Dry,1"
"2026-06-21 15:00:00,Uttar Pradesh,Alluvial,5.98,121.51,18.04,62.07,32.91,36.91,Normal,0"
"2026-06-21 16:00:00,Gujarat,Alluvial,6.3,68.8,70.88,115.23,17.78,33.86,Moderate_Dry,0"
"2026-06-21 17:00:00,Uttar Pradesh,Arid,5.82,113.97,51.96,30.52,43.78,40.95,Normal,0"
"2026-06-21 18:00:00,Karnataka,Black,7.73,120.37,69.48,104.28,19.41,38.74,Moderate_Dry,0"
"2026-06-21 19:00:00,Maharashtra,Red,5.02,74.53,70.71,41.07,21.45,23.5,Moderate_Dry,0"
"2026-06-21 20:00:00,Karnataka,Arid,8.35,90.91,51.75,113.06,25.37,39.93,Normal,0"
"2026-06-21 21:00:00,Maharashtra,Red,7.04,84.07,74.24,38.85,19.81,26.63,Moderate_Dry,0"
"2026-06-21 22:00:00,Maharashtra,Black,8.05,132.7,50.98,93.43,38.25,35.44,Normal,0"
"2026-06-21 23:00:00,Gujarat,Alluvial,6.2,107.06,59.88,21.52,40.42,38.35,Normal,0"
"2026-06-22 00:00:00,Tamil Nadu,Laterite,5.83,131.04,39.13,81.13,8.41,28.47,Critical_Dry,1"
"2026-06-22 01:00:00,Karnataka,Laterite,8.1,46.4,73.98,37.96,32.22,19.24,Normal,0"
"2026-06-22 02:00:00,Uttar Pradesh,Black,4.9,57.23,67.69,85.37,33.39,40.79,Normal,0"
"2026-06-22 03:00:00,Karnataka,Laterite,4.97,28.51,21.67,81.76,43.57,19.74,Normal,0"
"2026-06-22 04:00:00,Gujarat,Red,5.7,79.99,50.35,111.99,21.7,26.35,Moderate_Dry,0"
"2026-06-22 05:00:00,Maharashtra,Laterite,8.34,124.87,72.78,80.8,15.23,32.31,Moderate_Dry,0"
"2026-06-22 06:00:00,Gujarat,Black,7.03,59.22,65.51,57.87,27.26,20.82,Normal,0"
"2026-06-22 07:00:00,Punjab,Black,6.72,35.39,77.38,35.32,24.56,38.12,Normal,0"
"2026-06-22 08:00:00,Punjab,Red,7.32,28.21,26.19,84.03,37.29,22.88,Normal,0"
"2026-06-22 09:00:00,Uttar Pradesh,Laterite,6.17,73.7,35.72,27.22,41.45,41.66,Normal,0"
"2026-06-22 10:00:00,Gujarat,Laterite,7.53,39.68,45.5,101.99,11.21,39.99,Critical_Dry,1"
"2026-06-22 11:00:00,Uttar Pradesh,Alluvial,6.07,61.53,26.29,40.97,39.32,32.51,Normal,0"
"2026-06-22 12:00:00,Uttar Pradesh,Arid,7.81,118.4,37.58,70.04,41.63,33.84,Normal,0"
"2026-06-22 13:00:00,Punjab,Black,5.57,66.09,47.63,77.57,42.19,30.81,Normal,0"
"2026-06-22 14:00:00,Uttar Pradesh,Alluvial,5.61,93.18,23.39,53.06,36.28,27.39,Normal,0"
"2026-06-22 15:00:00,Punjab,Black,6.59,80.26,27.97,84.71,35.46,26.44,Normal,0"
"2026-06-22 16:00:00,Maharashtra,Alluvial,6.22,106.22,18.74,41.27,8.55,39.4,Critical_Dry,1"
"2026-06-22 17:00:00,Gujarat,Arid,7.09,38.74,59.94,18.64,42.05,31.84,Normal,0"
"2026-06-22 18:00:00,Uttar Pradesh,Alluvial,5.96,130.45,35.31,115.72,21.01,37.76,Moderate_Dry,0"
"2026-06-22 19:00:00,Punjab,Black,5.42,97.24,25.42,48.6,9.52,30.34,Critical_Dry,1"
"2026-06-22 20:00:00,Karnataka,Laterite,6.38,52.51,45.51,89.91,23.28,25.37,Normal,0"
"2026-06-22 21:00:00,Uttar Pradesh,Black,6.74,34.79,14.78,68.29,35.12,20.2,Normal,0"
"2026-06-22 22:00:00,Tamil Nadu,Red,5.07,37.97,74.64,85.24,24.35,25.77,Normal,0"
"2026-06-22 23:00:00,Maharashtra,Red,6.73,113.92,30.61,26.65,36.05,39.12,Normal,0"
"2026-06-23 00:00:00,Maharashtra,Red,5.78,90.57,72.05,69.48,26.85,35.09,Normal,0"
"2026-06-23 01:00:00,Karnataka,Red,6.07,65.69,44.83,56.18,19.08,36.86,Moderate_Dry,0"
"2026-06-23 02:00:00,Punjab,Arid,5.62,59.95,69.51,62.44,15.51,36.56,Moderate_Dry,0"
"2026-06-23 03:00:00,Uttar Pradesh,Laterite,8.23,122.69,27.29,116.45,23.58,20.88,Normal,0"
"2026-06-23 04:00:00,Punjab,Laterite,7.23,124.97,22.27,29.31,9.32,21.81,Critical_Dry,1"
"2026-06-23 05:00:00,Maharashtra,Black,5.55,89.75,69.46,94.24,23.63,25.61,Normal,0"
"2026-06-23 06:00:00,Punjab,Alluvial,7.08,82.95,24.9,49.69,10.54,25.22,Critical_Dry,1"
"2026-06-23 07:00:00,Maharashtra,Black,7.89,117.97,62.23,45.49,40.45,19.59,Normal,0"
"2026-06-23 08:00:00,Punjab,Black,6.11,109.92,34.12,43.43,29.29,21.68,Normal,0"
"2026-06-23 09:00:00,Karnataka,Black,7.82,68.04,62.37,51.62,31.9,38.55,Normal,0"
"2026-06-23 10:00:00,Gujarat,Black,5.12,29.93,73.54,52.5,18.69,32.14,Moderate_Dry,0"
"2026-06-23 11:00:00,Karnataka,Laterite,7.79,112.22,78.71,43.43,16.36,26.21,Moderate_Dry,0"
"2026-06-23 12:00:00,Karnataka,Alluvial,6.66,40.24,35.19,85.09,34.19,30.64,Normal,0"
"2026-06-23 13:00:00,Gujarat,Black,5.39,21.97,35.73,20.01,32.85,24.27,Normal,0"
"2026-06-23 14:00:00,Gujarat,Laterite,6.13,121.2,78.7,49.89,12.54,32.01,Critical_Dry,1"
"2026-06-23 15:00:00,Uttar Pradesh,Black,8.45,89.39,70.31,44.42,16.83,19.79,Moderate_Dry,0"
"2026-06-23 16:00:00,Uttar Pradesh,Red,7.63,127.0,13.16,93.9,43.02,39.66,Normal,0"
"2026-06-23 17:00:00,Karnataka,Black,6.8,78.15,50.14,30.38,19.25,23.77,Moderate_Dry,0"
"2026-06-23 18:00:00,Karnataka,Black,4.96,131.18,22.69,113.77,8.96,37.66,Critical_Dry,1"
"2026-06-23 19:00:00,Maharashtra,Arid,6.17,62.48,79.58,32.9,10.36,33.84,Critical_Dry,1"
"2026-06-23 20:00:00,Maharashtra,Red,5.55,106.94,19.72,53.85,36.69,30.55,Normal,0"
"2026-06-23 21:00:00,Uttar Pradesh,Alluvial,4.78,56.12,49.15,35.97,36.01,40.32,Normal,0"
"2026-06-23 22:00:00,Tamil Nadu,Black,6.67,20.14,56.56,45.1,22.13,21.76,Moderate_Dry,0"
"2026-06-23 23:00:00,Tamil Nadu,Alluvial,8.06,65.57,75.59,94.91,13.67,20.86,Critical_Dry,1"
"2026-06-24 00:00:00,Uttar Pradesh,Red,7.2,108.53,69.31,65.02,26.43,25.72,Normal,0"
"2026-06-24 01:00:00,Maharashtra,Black,5.5,38.0,27.2,32.07,20.28,37.93,Moderate_Dry,0"
"2026-06-24 02:00:00,Maharashtra,Arid,6.79,80.58,50.08,19.9,21.84,18.84,Moderate_Dry,0"
"2026-06-24 03:00:00,Tamil Nadu,Laterite,8.27,45.48,76.75,39.14,17.66,23.75,Moderate_Dry,0"
"2026-06-24 04:00:00,Punjab,Arid,7.39,28.95,61.5,114.29,10.33,28.19,Critical_Dry,1"
"2026-06-24 05:00:00,Punjab,Arid,7.26,94.09,58.18,103.76,37.27,35.11,Normal,0"
"2026-06-24 06:00:00,Maharashtra,Laterite,8.37,134.24,62.84,61.22,30.87,25.18,Normal,0"
"2026-06-24 07:00:00,Punjab,Laterite,7.7,57.28,32.58,65.61,38.88,28.75,Normal,0"
"2026-06-24 08:00:00,Gujarat,Laterite,5.05,89.68,61.05,109.43,26.62,26.08,Normal,0"
"2026-06-24 09:00:00,Uttar Pradesh,Black,5.89,134.43,26.3,77.09,44.44,20.21,Normal,0"
"2026-06-24 10:00:00,Uttar Pradesh,Alluvial,8.36,98.06,39.97,107.48,43.61,35.73,Normal,0"
"2026-06-24 11:00:00,Maharashtra,Alluvial,6.46,100.77,72.3,66.64,18.06,29.07,Moderate_Dry,0"
"2026-06-24 12:00:00,Karnataka,Laterite,4.95,41.47,11.33,36.01,22.32,37.5,Moderate_Dry,0"
"2026-06-24 13:00:00,Tamil Nadu,Arid,6.33,79.11,39.0,91.22,35.85,34.67,Normal,0"
"2026-06-24 14:00:00,Maharashtra,Red,7.29,64.05,28.68,70.27,36.73,19.39,Normal,0"
"2026-06-24 15:00:00,Punjab,Laterite,8.49,76.51,23.9,85.19,41.7,30.0,Normal,0"
"2026-06-24 16:00:00,Tamil Nadu,Arid,5.8,116.1,68.7,31.51,32.15,41.78,Normal,0"
"2026-06-24 17:00:00,Karnataka,Arid,6.56,75.28,58.75,83.0,25.58,25.39,Normal,0"
"2026-06-24 18:00:00,Punjab,Black,8.02,27.54,17.88,55.14,21.97,29.83,Moderate_Dry,0"
"2026-06-24 19:00:00,Gujarat,Black,5.92,128.66,44.61,49.86,23.51,33.65,Normal,0"
"2026-06-24 20:00:00,Punjab,Alluvial,4.94,85.38,42.68,85.5,39.46,22.85,Normal,0"
"2026-06-24 21:00:00,Gujarat,Alluvial,8.3,130.94,19.98,77.19,44.26,34.86,Normal,0"
"2026-06-24 22:00:00,Tamil Nadu,Red,6.45,88.68,65.98,83.16,9.92,33.83,Critical_Dry,1"
"2026-06-24 23:00:00,Gujarat,Red,6.51,28.36,35.67,116.36,29.47,27.0,Normal,0"
"2026-06-25 00:00:00,Tamil Nadu,Red,6.98,86.34,63.34,88.63,27.24,24.83,Normal,0"
"2026-06-25 01:00:00,Tamil Nadu,Red,4.51,89.09,23.44,82.29,21.92,40.06,Moderate_Dry,0"
"2026-06-25 02:00:00,Tamil Nadu,Arid,8.22,45.72,32.06,79.42,39.51,21.05,Normal,0"
"2026-06-25 03:00:00,Tamil Nadu,Arid,5.95,76.52,16.66,56.86,29.3,28.37,Normal,0"
"2026-06-25 04:00:00,Tamil Nadu,Alluvial,6.09,75.13,20.04,103.12,19.59,36.41,Moderate_Dry,0"
"2026-06-25 05:00:00,Punjab,Black,5.2,94.75,71.82,55.0,24.43,21.56,Normal,0"
"2026-06-25 06:00:00,Tamil Nadu,Black,6.01,51.15,17.64,88.53,21.2,40.39,Moderate_Dry,0"
"2026-06-25 07:00:00,Punjab,Laterite,7.72,89.81,16.7,45.78,23.91,30.63,Normal,0"
"2026-06-25 08:00:00,Tamil Nadu,Arid,7.7,48.91,75.83,30.51,10.64,30.12,Critical_Dry,1"
"2026-06-25 09:00:00,Gujarat,Red,8.24,73.57,55.21,28.63,12.14,28.18,Critical_Dry,1"
"2026-06-25 10:00:00,Tamil Nadu,Red,6.11,34.72,17.06,81.63,31.08,38.82,Normal,0"
"2026-06-25 11:00:00,Karnataka,Laterite,7.33,24.48,78.02,49.44,33.31,40.76,Normal,0"
"2026-06-25 12:00:00,Tamil Nadu,Black,6.53,58.47,20.3,43.88,31.55,27.12,Normal,0"
"2026-06-25 13:00:00,Tamil Nadu,Red,7.72,52.95,63.64,77.17,36.23,31.02,Normal,0"
"2026-06-25 14:00:00,Gujarat,Black,7.35,68.83,12.44,17.7,42.91,25.57,Normal,0"
"2026-06-25 15:00:00,Uttar Pradesh,Laterite,5.97,135.44,53.72,40.85,39.84,26.83,Normal,0"
"2026-06-25 16:00:00,Gujarat,Black,5.85,82.67,48.27,50.76,23.48,18.68,Normal,0"
"2026-06-25 17:00:00,Karnataka,Black,5.51,86.38,24.56,89.38,16.05,36.86,Moderate_Dry,0"
"2026-06-25 18:00:00,Uttar Pradesh,Black,6.81,132.99,55.02,72.23,19.54,41.26,Moderate_Dry,0"
"2026-06-25 19:00:00,Maharashtra,Red,8.36,130.54,53.19,104.88,29.75,36.47,Normal,0"
"2026-06-25 20:00:00,Maharashtra,Alluvial,5.3,126.09,65.88,50.12,39.68,30.44,Normal,0"
"2026-06-25 21:00:00,Karnataka,Arid,4.88,31.76,71.31,46.13,33.96,37.86,Normal,0"
"2026-06-25 22:00:00,Gujarat,Black,4.98,96.12,45.71,18.49,28.09,38.59,Normal,0"
"2026-06-25 23:00:00,Punjab,Black,7.63,116.97,44.32,114.93,30.27,31.07,Normal,0"
"2026-06-26 00:00:00,Karnataka,Black,5.9,120.27,53.51,67.66,27.55,40.49,Normal,0"
"2026-06-26 01:00:00,Uttar Pradesh,Alluvial,5.4,89.35,61.04,67.77,43.95,18.72,Normal,0"
"2026-06-26 02:00:00,Uttar Pradesh,Laterite,5.91,22.1,34.93,111.96,38.2,18.24,Normal,0"
"2026-06-26 03:00:00,Tamil Nadu,Red,7.08,136.85,45.32,45.44,36.91,19.96,Normal,0"
"2026-06-26 04:00:00,Maharashtra,Alluvial,6.69,76.66,50.96,49.87,27.14,19.39,Normal,0"
"2026-06-26 05:00:00,Uttar Pradesh,Black,7.47,67.23,79.19,83.92,20.28,28.19,Moderate_Dry,0"
"2026-06-26 06:00:00,Karnataka,Alluvial,5.86,67.39,51.14,97.44,8.72,40.57,Critical_Dry,1"
"2026-06-26 07:00:00,Uttar Pradesh,Alluvial,6.31,70.9,25.69,88.43,9.61,34.21,Critical_Dry,1"
"2026-06-26 08:00:00,Karnataka,Alluvial,4.91,49.06,51.16,97.82,9.12,33.83,Critical_Dry,1"
"2026-06-26 09:00:00,Punjab,Laterite,4.79,59.28,67.36,75.39,44.28,27.24,Normal,0"
"2026-06-26 10:00:00,Tamil Nadu,Arid,6.35,138.24,70.02,105.6,12.24,30.81,Critical_Dry,1"
"2026-06-26 11:00:00,Maharashtra,Red,5.71,64.18,66.02,72.76,13.26,25.3,Critical_Dry,1"
"2026-06-26 12:00:00,Uttar Pradesh,Laterite,6.95,83.21,72.17,39.08,25.91,30.43,Normal,0"
"2026-06-26 13:00:00,Karnataka,Laterite,4.67,121.8,33.43,71.88,25.81,35.92,Normal,0"
"2026-06-26 14:00:00,Gujarat,Arid,4.99,83.29,45.53,89.86,42.04,31.41,Normal,0"
"2026-06-26 15:00:00,Maharashtra,Laterite,7.96,58.93,64.57,83.63,10.72,28.05,Critical_Dry,1"
"2026-06-26 16:00:00,Punjab,Alluvial,6.77,82.85,28.51,40.52,43.42,38.28,Normal,0"
"2026-06-26 17:00:00,Karnataka,Alluvial,7.35,33.69,36.01,19.31,16.01,24.9,Moderate_Dry,0"
"2026-06-26 18:00:00,Tamil Nadu,Black,7.87,35.6,68.18,41.51,43.9,29.56,Normal,0"
"2026-06-26 19:00:00,Tamil Nadu,Laterite,6.36,103.29,63.91,118.32,28.03,41.48,Normal,0"
"2026-06-26 20:00:00,Punjab,Black,7.54,130.1,77.98,34.37,32.12,41.22,Normal,0"
"2026-06-26 21:00:00,Punjab,Red,6.6,107.08,79.72,63.76,19.68,18.15,Moderate_Dry,0"
"2026-06-26 22:00:00,Tamil Nadu,Alluvial,5.39,28.95,26.85,82.03,30.64,30.77,Normal,0"
"2026-06-26 23:00:00,Uttar Pradesh,Red,5.85,68.35,73.03,107.34,34.3,26.09,Normal,0"
"2026-06-27 00:00:00,Uttar Pradesh,Arid,6.46,20.31,16.62,94.83,8.38,24.99,Critical_Dry,1"
"2026-06-27 01:00:00,Karnataka,Alluvial,5.77,81.34,59.69,110.44,9.27,32.31,Critical_Dry,1"
"2026-06-27 02:00:00,Gujarat,Red,5.84,43.18,25.41,78.46,44.5,28.71,Normal,0"
"2026-06-27 03:00:00,Karnataka,Arid,5.85,124.18,31.02,105.86,24.93,35.59,Normal,0"
"2026-06-27 04:00:00,Gujarat,Red,4.99,32.52,76.24,42.7,42.63,18.65,Normal,0"
"2026-06-27 05:00:00,Punjab,Arid,4.84,20.17,28.42,60.21,35.01,40.25,Normal,0"
"2026-06-27 06:00:00,Maharashtra,Arid,4.69,74.14,57.12,103.6,21.8,31.62,Moderate_Dry,0"
"2026-06-27 07:00:00,Karnataka,Alluvial,4.94,38.65,22.47,49.18,13.58,34.42,Critical_Dry,1"
"2026-06-27 08:00:00,Karnataka,Black,5.87,108.56,16.54,106.48,44.19,32.51,Normal,0"
"2026-06-27 09:00:00,Gujarat,Arid,6.88,130.39,33.75,53.13,29.63,41.74,Normal,0"
"2026-06-27 10:00:00,Punjab,Arid,5.25,25.03,53.69,53.16,15.12,41.67,Moderate_Dry,0"
"2026-06-27 11:00:00,Punjab,Alluvial,8.05,67.47,27.36,47.45,33.22,32.64,Normal,0"
"2026-06-27 12:00:00,Gujarat,Black,7.73,139.62,31.01,72.43,11.41,34.42,Critical_Dry,1"
"2026-06-27 13:00:00,Punjab,Laterite,6.58,107.92,59.61,28.55,40.12,32.85,Normal,0"
"2026-06-27 14:00:00,Tamil Nadu,Laterite,7.4,134.38,17.2,18.84,11.34,25.46,Critical_Dry,1"
"2026-06-27 15:00:00,Uttar Pradesh,Black,5.97,39.69,41.28,109.23,16.74,22.62,Moderate_Dry,0"
"2026-06-27 16:00:00,Tamil Nadu,Red,4.65,46.56,75.92,112.54,11.38,27.67,Critical_Dry,1"
"2026-06-27 17:00:00,Maharashtra,Alluvial,8.12,38.58,37.79,23.0,11.84,34.39,Critical_Dry,1"
"2026-06-27 18:00:00,Karnataka,Black,5.01,56.28,40.39,72.72,27.38,19.34,Normal,0"
"2026-06-27 19:00:00,Maharashtra,Laterite,8.29,106.93,61.67,71.67,33.42,30.34,Normal,0"
"2026-06-27 20:00:00,Karnataka,Arid,6.79,39.79,64.53,54.11,37.17,27.8,Normal,0"
"2026-06-27 21:00:00,Uttar Pradesh,Laterite,5.72,82.91,63.87,74.74,33.72,30.66,Normal,0"
"2026-06-27 22:00:00,Punjab,Arid,6.48,52.31,79.85,63.1,21.45,38.65,Moderate_Dry,0"
"2026-06-27 23:00:00,Tamil Nadu,Alluvial,6.51,119.5,15.0,66.41,28.62,19.14,Normal,0"
"2026-06-28 00:00:00,Gujarat,Arid,4.59,20.79,78.76,94.31,42.32,36.33,Normal,0"
"2026-06-28 01:00:00,Tamil Nadu,Black,5.92,46.77,76.51,70.23,22.34,34.01,Moderate_Dry,0"
"2026-06-28 02:00:00,Uttar Pradesh,Arid,7.46,92.63,69.65,48.98,17.34,22.89,Moderate_Dry,0"
"2026-06-28 03:00:00,Maharashtra,Red,6.54,31.61,41.79,76.05,27.21,35.62,Normal,0"
"2026-06-28 04:00:00,Gujarat,Black,5.48,75.96,70.96,82.28,19.0,29.91,Moderate_Dry,0"
"2026-06-28 05:00:00,Punjab,Alluvial,5.84,72.34,25.46,84.54,17.69,29.54,Moderate_Dry,0"
"2026-06-28 06:00:00,Uttar Pradesh,Black,7.95,122.3,65.42,79.92,36.82,29.59,Normal,0"
"2026-06-28 07:00:00,Gujarat,Red,6.6,95.05,22.97,84.78,40.96,40.78,Normal,0"
"2026-06-28 08:00:00,Uttar Pradesh,Alluvial,6.61,96.76,67.08,47.56,26.59,40.66,Normal,0"
"2026-06-28 09:00:00,Uttar Pradesh,Laterite,8.35,134.22,53.02,61.84,36.85,39.93,Normal,0"
"2026-06-28 10:00:00,Punjab,Red,5.78,137.88,16.86,85.21,14.92,39.28,Critical_Dry,1"
"2026-06-28 11:00:00,Karnataka,Alluvial,6.42,98.41,72.67,94.21,28.26,18.9,Normal,0"
"2026-06-28 12:00:00,Gujarat,Arid,7.75,82.64,50.46,60.59,31.54,27.61,Normal,0"
"2026-06-28 13:00:00,Punjab,Black,7.54,92.95,55.94,53.36,26.15,39.48,Normal,0"
"2026-06-28 14:00:00,Uttar Pradesh,Alluvial,5.56,65.89,29.85,90.17,12.32,36.12,Critical_Dry,1"
"2026-06-28 15:00:00,Punjab,Black,5.1,138.49,71.01,38.33,35.16,28.96,Normal,0"
"2026-06-28 16:00:00,Karnataka,Arid,7.3,104.6,48.16,16.0,39.05,36.56,Normal,0"
"2026-06-28 17:00:00,Tamil Nadu,Alluvial,5.53,54.92,39.48,64.47,31.5,23.0,Normal,0"
"2026-06-28 18:00:00,Gujarat,Laterite,8.19,26.93,47.4,33.2,14.26,32.4,Critical_Dry,1"
"2026-06-28 19:00:00,Karnataka,Red,5.02,25.37,59.23,54.72,10.76,30.79,Critical_Dry,1"
"2026-06-28 20:00:00,Maharashtra,Alluvial,5.77,44.59,58.65,45.58,19.16,31.77,Moderate_Dry,0"
"2026-06-28 21:00:00,Gujarat,Arid,4.72,47.95,35.03,96.61,9.37,35.32,Critical_Dry,1"
"2026-06-28 22:00:00,Karnataka,Alluvial,7.31,69.81,36.97,49.8,39.05,40.8,Normal,0"
"2026-06-28 23:00:00,Uttar Pradesh,Black,8.07,45.78,49.36,82.27,34.01,24.34,Normal,0"
"2026-06-29 00:00:00,Gujarat,Alluvial,7.04,95.71,74.71,85.76,28.86,36.19,Normal,0"
"2026-06-29 01:00:00,Gujarat,Laterite,8.25,45.35,62.18,62.93,40.92,33.48,Normal,0"
"2026-06-29 02:00:00,Punjab,Alluvial,5.01,42.55,37.33,23.51,12.07,34.68,Critical_Dry,1"
"2026-06-29 03:00:00,Uttar Pradesh,Red,4.85,76.55,33.59,88.54,34.44,28.29,Normal,0"
"2026-06-29 04:00:00,Maharashtra,Alluvial,7.85,126.64,46.65,22.89,13.43,40.67,Critical_Dry,1"
"2026-06-29 05:00:00,Tamil Nadu,Black,7.92,76.2,70.9,25.42,10.25,29.51,Critical_Dry,1"
"2026-06-29 06:00:00,Karnataka,Alluvial,7.82,69.66,10.61,35.58,12.92,20.92,Critical_Dry,1"
"2026-06-29 07:00:00,Punjab,Laterite,7.7,89.37,59.73,44.44,43.18,34.34,Normal,0"
"2026-06-29 08:00:00,Karnataka,Arid,5.95,50.87,30.62,103.88,24.3,21.09,Normal,0"
"2026-06-29 09:00:00,Maharashtra,Alluvial,5.37,62.41,24.59,85.87,9.81,25.74,Critical_Dry,1"
"2026-06-29 10:00:00,Maharashtra,Alluvial,8.22,45.66,10.85,55.66,29.59,23.47,Normal,0"
"2026-06-29 11:00:00,Gujarat,Red,5.73,88.62,72.76,117.76,15.39,30.93,Moderate_Dry,0"
"2026-06-29 12:00:00,Maharashtra,Laterite,6.09,103.69,73.86,40.58,8.25,26.34,Critical_Dry,1"
"2026-06-29 13:00:00,Karnataka,Arid,7.3,100.84,14.3,79.03,36.06,21.84,Normal,0"
"2026-06-29 14:00:00,Uttar Pradesh,Black,5.67,50.58,46.53,103.96,13.73,36.98,Critical_Dry,1"
"2026-06-29 15:00:00,Uttar Pradesh,Alluvial,7.78,113.56,20.68,99.21,42.87,29.24,Normal,0"
"2026-06-29 16:00:00,Gujarat,Arid,4.78,50.71,63.11,24.48,29.93,28.91,Normal,0"
"2026-06-29 17:00:00,Tamil Nadu,Black,7.66,38.04,56.58,88.21,11.22,39.27,Critical_Dry,1"
"2026-06-29 18:00:00,Karnataka,Laterite,6.91,61.98,30.8,42.08,16.06,30.93,Moderate_Dry,0"
"2026-06-29 19:00:00,Karnataka,Laterite,6.79,91.73,18.19,52.35,30.6,35.04,Normal,0"
"2026-06-29 20:00:00,Maharashtra,Arid,6.33,37.04,68.19,66.34,20.51,25.87,Moderate_Dry,0"
"2026-06-29 21:00:00,Karnataka,Black,5.61,97.77,57.2,98.03,27.69,31.47,Normal,0"
"2026-06-29 22:00:00,Punjab,Laterite,6.36,123.57,10.48,32.45,37.58,35.43,Normal,0"
"2026-06-29 23:00:00,Tamil Nadu,Arid,6.3,55.18,53.95,26.4,37.33,25.12,Normal,0"
"2026-06-30 00:00:00,Maharashtra,Laterite,6.84,74.02,66.72,31.11,33.83,34.52,Normal,0"
"2026-06-30 01:00:00,Punjab,Laterite,5.63,47.4,51.35,37.91,40.78,31.65,Normal,0"
"2026-06-30 02:00:00,Gujarat,Laterite,4.81,63.35,39.73,21.25,15.38,28.42,Moderate_Dry,0"
"2026-06-30 03:00:00,Uttar Pradesh,Red,5.08,22.64,50.87,112.27,14.56,35.11,Critical_Dry,1"
"2026-06-30 04:00:00,Gujarat,Black,7.3,134.45,53.38,48.5,37.58,25.61,Normal,0"
"2026-06-30 05:00:00,Uttar Pradesh,Arid,4.59,69.91,54.8,33.58,19.87,35.15,Moderate_Dry,0"
"2026-06-30 06:00:00,Gujarat,Arid,7.93,114.66,77.69,81.97,26.95,31.23,Normal,0"
"2026-06-30 07:00:00,Karnataka,Black,7.28,37.12,22.51,97.63,35.53,23.89,Normal,0"
"2026-06-30 08:00:00,Punjab,Black,7.57,117.48,53.62,94.09,22.65,34.04,Moderate_Dry,0"
"2026-06-30 09:00:00,Uttar Pradesh,Black,7.84,123.22,23.16,90.46,12.82,39.23,Critical_Dry,1"
"2026-06-30 10:00:00,Maharashtra,Black,4.99,105.86,24.7,20.31,33.14,25.44,Normal,0"
"2026-06-30 11:00:00,Punjab,Alluvial,7.79,128.38,56.85,97.13,38.23,37.5,Normal,0"
"2026-06-30 12:00:00,Maharashtra,Arid,6.52,40.06,74.12,67.7,8.47,26.07,Critical_Dry,1"
"2026-06-30 13:00:00,Punjab,Alluvial,8.04,77.18,21.13,83.15,28.81,37.71,Normal,0"
"2026-06-30 14:00:00,Punjab,Laterite,8.05,94.41,77.37,115.42,25.37,19.23,Normal,0"
"2026-06-30 15:00:00,Gujarat,Laterite,4.6,91.54,32.36,100.12,17.61,18.17,Moderate_Dry,0"
"2026-06-30 16:00:00,Uttar Pradesh,Arid,6.03,123.32,37.39,101.66,13.96,20.72,Critical_Dry,1"
"2026-06-30 17:00:00,Uttar Pradesh,Laterite,6.61,45.88,20.76,34.05,14.96,38.97,Critical_Dry,1"
"2026-06-30 18:00:00,Punjab,Black,7.21,41.08,53.11,65.02,34.82,30.81,Normal,0"
"2026-06-30 19:00:00,Karnataka,Alluvial,5.64,50.41,51.75,114.68,27.84,32.26,Normal,0"
"2026-06-30 20:00:00,Karnataka,Black,5.51,126.99,40.96,76.18,44.3,38.21,Normal,0"
"2026-06-30 21:00:00,Maharashtra,Laterite,6.03,132.92,43.33,25.77,17.0,19.22,Moderate_Dry,0"
"2026-06-30 22:00:00,Maharashtra,Alluvial,6.5,88.36,53.61,91.84,43.41,27.29,Normal,0"
"2026-06-30 23:00:00,Gujarat,Black,8.3,80.16,50.84,19.51,27.06,33.43,Normal,0"
"2026-07-01 00:00:00,Punjab,Arid,7.55,92.65,36.2,92.94,13.4,27.71,Critical_Dry,1"
"2026-07-01 01:00:00,Maharashtra,Black,6.22,93.96,71.89,107.38,13.48,18.77,Critical_Dry,1"
"2026-07-01 02:00:00,Maharashtra,Laterite,4.72,40.44,56.74,59.65,30.52,33.62,Normal,0"
"2026-07-01 03:00:00,Tamil Nadu,Alluvial,5.17,102.37,24.38,58.43,38.76,27.39,Normal,0"
"2026-07-01 04:00:00,Punjab,Arid,6.32,74.28,32.39,46.94,35.67,18.46,Normal,0"
"2026-07-01 05:00:00,Gujarat,Alluvial,7.76,82.09,65.15,107.08,32.26,22.09,Normal,0"
"2026-07-01 06:00:00,Maharashtra,Arid,6.02,23.64,17.32,72.52,14.37,23.22,Critical_Dry,1"
"2026-07-01 07:00:00,Gujarat,Alluvial,6.65,111.75,62.52,75.82,12.01,30.25,Critical_Dry,1"
"2026-07-01 08:00:00,Uttar Pradesh,Laterite,8.07,120.25,35.12,84.48,8.01,22.47,Critical_Dry,1"
"2026-07-01 09:00:00,Gujarat,Arid,8.16,94.33,48.62,46.52,11.77,26.67,Critical_Dry,1"
"2026-07-01 10:00:00,Karnataka,Red,5.36,109.85,29.64,60.44,36.36,36.02,Normal,0"
"2026-07-01 11:00:00,Karnataka,Alluvial,4.67,82.72,79.05,92.87,41.12,37.39,Normal,0"
"2026-07-01 12:00:00,Gujarat,Alluvial,5.72,94.2,73.41,118.48,16.89,37.09,Moderate_Dry,0"
"2026-07-01 13:00:00,Karnataka,Black,7.28,67.35,74.99,18.6,37.41,34.68,Normal,0"
"2026-07-01 14:00:00,Uttar Pradesh,Arid,8.3,115.02,22.93,19.48,15.36,31.0,Moderate_Dry,0"
"2026-07-01 15:00:00,Punjab,Red,4.81,76.19,68.92,59.95,17.22,31.22,Moderate_Dry,0"
"2026-07-01 16:00:00,Karnataka,Laterite,4.61,101.63,47.48,84.26,16.29,40.88,Moderate_Dry,0"
"2026-07-01 17:00:00,Karnataka,Black,8.04,94.57,59.55,55.57,9.91,39.07,Critical_Dry,1"
"2026-07-01 18:00:00,Gujarat,Red,7.49,104.28,25.23,119.96,15.18,33.59,Moderate_Dry,0"
"2026-07-01 19:00:00,Uttar Pradesh,Arid,8.47,114.23,59.84,35.51,21.82,29.24,Moderate_Dry,0"
"2026-07-01 20:00:00,Punjab,Red,6.09,81.53,74.0,15.83,23.0,35.5,Normal,0"
"2026-07-01 21:00:00,Gujarat,Alluvial,6.16,117.57,28.72,34.96,19.45,19.51,Moderate_Dry,0"
"2026-07-01 22:00:00,Gujarat,Alluvial,5.19,79.67,26.34,108.12,27.04,40.67,Normal,0"
"2026-07-01 23:00:00,Tamil Nadu,Black,4.96,134.8,17.31,30.24,21.99,31.14,Moderate_Dry,0"
"2026-07-02 00:00:00,Uttar Pradesh,Arid,6.81,110.32,28.68,65.29,43.9,30.07,Normal,0"
"2026-07-02 01:00:00,Punjab,Arid,5.96,40.54,47.51,59.02,37.87,24.98,Normal,0"
"2026-07-02 02:00:00,Uttar Pradesh,Red,4.82,119.55,68.29,84.9,42.45,18.08,Normal,0"
"2026-07-02 03:00:00,Punjab,Black,8.05,86.19,29.52,20.73,28.62,19.47,Normal,0"
"2026-07-02 04:00:00,Uttar Pradesh,Arid,5.29,138.14,53.48,84.17,33.1,24.31,Normal,0"
"2026-07-02 05:00:00,Gujarat,Alluvial,7.49,106.26,43.57,52.25,14.17,31.0,Critical_Dry,1"
"2026-07-02 06:00:00,Gujarat,Red,5.63,30.13,30.2,112.23,35.85,20.01,Normal,0"
"2026-07-02 07:00:00,Maharashtra,Laterite,7.75,67.4,45.73,104.13,16.73,41.33,Moderate_Dry,0"
"2026-07-02 08:00:00,Karnataka,Alluvial,4.97,82.07,21.76,56.95,13.4,27.86,Critical_Dry,1"
"2026-07-02 09:00:00,Tamil Nadu,Black,7.52,120.68,54.77,119.25,9.55,25.59,Critical_Dry,1"
"2026-07-02 10:00:00,Uttar Pradesh,Arid,4.89,107.52,18.1,20.45,25.47,30.6,Normal,0"
"2026-07-02 11:00:00,Tamil Nadu,Alluvial,6.29,64.32,61.17,97.81,18.61,19.56,Moderate_Dry,0"
"2026-07-02 12:00:00,Maharashtra,Laterite,7.44,98.41,22.44,60.55,44.51,38.41,Normal,0"
"2026-07-02 13:00:00,Karnataka,Laterite,5.19,89.23,79.87,60.5,17.24,29.05,Moderate_Dry,0"
"2026-07-02 14:00:00,Uttar Pradesh,Black,5.64,35.13,67.66,32.86,40.06,22.28,Normal,0"
"2026-07-02 15:00:00,Punjab,Alluvial,7.96,48.18,34.07,69.06,19.71,21.88,Moderate_Dry,0"
"2026-07-02 16:00:00,Karnataka,Red,8.04,60.93,39.83,23.9,35.72,26.66,Normal,0"
"2026-07-02 17:00:00,Gujarat,Alluvial,4.68,43.46,28.14,79.74,32.41,31.76,Normal,0"
"2026-07-02 18:00:00,Maharashtra,Laterite,5.17,38.02,63.7,40.37,28.79,28.01,Normal,0"
"2026-07-02 19:00:00,Karnataka,Black,4.97,26.98,36.65,91.11,23.42,32.32,Normal,0"
"2026-07-02 20:00:00,Karnataka,Black,5.22,124.77,62.86,78.77,32.83,34.93,Normal,0"
"2026-07-02 21:00:00,Gujarat,Red,8.38,54.67,11.29,93.37,23.07,35.96,Normal,0"
"2026-07-02 22:00:00,Uttar Pradesh,Black,6.71,54.84,19.49,93.72,28.28,27.62,Normal,0"
"2026-07-02 23:00:00,Punjab,Black,6.37,44.75,35.55,35.65,29.82,35.21,Normal,0"
"2026-07-03 00:00:00,Gujarat,Black,8.44,77.05,17.62,15.07,17.89,21.4,Moderate_Dry,0"
"2026-07-03 01:00:00,Punjab,Black,6.73,81.71,52.08,53.4,20.57,30.31,Moderate_Dry,0"
"2026-07-03 02:00:00,Uttar Pradesh,Black,7.14,44.99,13.56,111.5,8.67,19.74,Critical_Dry,1"
"2026-07-03 03:00:00,Karnataka,Laterite,5.83,93.03,70.18,75.68,39.53,23.86,Normal,0"
"2026-07-03 04:00:00,Punjab,Alluvial,6.03,106.76,63.29,91.39,35.97,32.0,Normal,0"
"2026-07-03 05:00:00,Maharashtra,Arid,6.88,64.86,25.14,107.35,14.79,35.77,Critical_Dry,1"
"2026-07-03 06:00:00,Maharashtra,Black,4.78,90.25,43.87,110.14,21.4,20.29,Moderate_Dry,0"
"2026-07-03 07:00:00,Gujarat,Arid,5.52,80.28,41.63,70.55,23.58,22.97,Normal,0"
"2026-07-03 08:00:00,Uttar Pradesh,Arid,5.29,43.47,60.74,71.8,20.37,41.81,Moderate_Dry,0"
"2026-07-03 09:00:00,Gujarat,Laterite,4.56,107.6,38.11,104.35,37.53,26.1,Normal,0"
"2026-07-03 10:00:00,Gujarat,Black,6.65,116.17,12.31,99.79,34.84,24.82,Normal,0"
"2026-07-03 11:00:00,Tamil Nadu,Arid,6.74,97.86,29.16,88.38,36.38,20.05,Normal,0"
"2026-07-03 12:00:00,Gujarat,Black,6.04,58.87,42.63,78.47,41.45,34.68,Normal,0"
"2026-07-03 13:00:00,Tamil Nadu,Red,5.57,131.22,78.21,79.81,30.02,30.2,Normal,0"
"2026-07-03 14:00:00,Maharashtra,Red,7.11,74.64,71.68,53.11,30.74,21.78,Normal,0"
"2026-07-03 15:00:00,Maharashtra,Red,5.04,51.91,22.7,103.3,34.71,33.19,Normal,0"
"2026-07-03 16:00:00,Gujarat,Arid,6.57,68.99,60.63,79.87,33.21,30.62,Normal,0"
"2026-07-03 17:00:00,Maharashtra,Red,7.57,103.05,75.58,38.47,40.18,31.56,Normal,0"
"2026-07-03 18:00:00,Uttar Pradesh,Laterite,5.16,121.51,10.62,40.18,36.5,41.88,Normal,0"
"2026-07-03 19:00:00,Tamil Nadu,Laterite,7.51,62.79,60.47,105.47,12.46,18.69,Critical_Dry,1"
"2026-07-03 20:00:00,Tamil Nadu,Arid,7.54,47.91,42.15,80.7,42.35,39.96,Normal,0"
"2026-07-03 21:00:00,Gujarat,Black,4.74,95.18,57.62,56.86,33.27,38.21,Normal,0"
"2026-07-03 22:00:00,Maharashtra,Alluvial,4.58,130.55,52.39,34.65,12.7,27.97,Critical_Dry,1"
"2026-07-03 23:00:00,Punjab,Black,8.4,42.0,78.93,79.07,36.56,39.14,Normal,0"
"2026-07-04 00:00:00,Tamil Nadu,Black,5.27,116.36,30.22,34.35,21.26,33.57,Moderate_Dry,0"
"2026-07-04 01:00:00,Gujarat,Black,7.79,77.19,65.03,64.37,37.82,39.34,Normal,0"
"2026-07-04 02:00:00,Gujarat,Black,6.75,115.94,26.42,86.14,43.35,32.27,Normal,0"
"2026-07-04 03:00:00,Uttar Pradesh,Alluvial,5.56,80.66,40.49,74.37,17.44,23.19,Moderate_Dry,0"
"2026-07-04 04:00:00,Karnataka,Red,5.02,65.28,78.28,111.82,39.72,31.83,Normal,0"
"2026-07-04 05:00:00,Karnataka,Black,6.49,103.61,63.63,19.17,36.62,22.3,Normal,0"
"2026-07-04 06:00:00,Tamil Nadu,Laterite,6.13,128.08,32.11,44.38,32.83,21.38,Normal,0"
"2026-07-04 07:00:00,Uttar Pradesh,Arid,7.3,58.43,53.36,20.99,22.24,33.7,Moderate_Dry,0"
"2026-07-04 08:00:00,Uttar Pradesh,Arid,8.12,75.29,13.48,35.43,12.06,40.74,Critical_Dry,1"
"2026-07-04 09:00:00,Uttar Pradesh,Laterite,7.72,47.53,28.65,28.02,25.9,32.12,Normal,0"
"2026-07-04 10:00:00,Tamil Nadu,Black,5.6,42.01,60.29,91.93,11.91,37.1,Critical_Dry,1"
"2026-07-04 11:00:00,Karnataka,Alluvial,8.02,113.35,49.91,53.78,26.51,22.04,Normal,0"
"2026-07-04 12:00:00,Uttar Pradesh,Red,7.83,44.08,42.88,112.13,38.35,33.7,Normal,0"
"2026-07-04 13:00:00,Maharashtra,Arid,8.22,115.2,58.36,17.45,44.91,35.59,Normal,0"
"2026-07-04 14:00:00,Gujarat,Red,6.33,71.51,37.89,83.56,15.33,19.0,Moderate_Dry,0"
"2026-07-04 15:00:00,Gujarat,Alluvial,7.57,139.41,11.83,116.91,15.69,20.33,Moderate_Dry,0"
"2026-07-04 16:00:00,Punjab,Arid,6.87,43.68,40.87,33.46,38.0,36.76,Normal,0"
"2026-07-04 17:00:00,Punjab,Red,5.74,31.16,73.15,61.46,25.36,28.56,Normal,0"
"2026-07-04 18:00:00,Tamil Nadu,Alluvial,8.48,29.05,69.96,88.7,41.88,27.73,Normal,0"
"2026-07-04 19:00:00,Tamil Nadu,Red,4.65,120.25,38.63,81.48,36.45,40.09,Normal,0"
"2026-07-04 20:00:00,Gujarat,Black,5.15,72.53,11.56,74.43,35.25,41.81,Normal,0"
"2026-07-04 21:00:00,Maharashtra,Alluvial,8.07,20.37,54.54,49.31,11.77,36.35,Critical_Dry,1"
"2026-07-04 22:00:00,Karnataka,Red,4.74,124.97,61.88,91.46,9.33,37.02,Critical_Dry,1"
"2026-07-04 23:00:00,Karnataka,Black,8.05,125.23,30.6,83.59,19.72,23.0,Moderate_Dry,0"
"2026-07-05 00:00:00,Tamil Nadu,Black,7.36,116.77,43.37,32.09,16.04,22.61,Moderate_Dry,0"
"2026-07-05 01:00:00,Maharashtra,Alluvial,4.65,49.8,79.43,116.23,34.36,41.54,Normal,0"
"2026-07-05 02:00:00,Tamil Nadu,Laterite,6.22,64.73,50.34,73.35,24.68,34.68,Normal,0"
"2026-07-05 03:00:00,Karnataka,Arid,7.52,109.39,34.58,70.17,27.36,34.48,Normal,0"
"2026-07-05 04:00:00,Tamil Nadu,Alluvial,6.83,78.72,53.92,104.06,38.11,24.87,Normal,0"
"2026-07-05 05:00:00,Uttar Pradesh,Black,8.24,38.46,22.6,82.24,25.7,39.28,Normal,0"
"2026-07-05 06:00:00,Tamil Nadu,Black,7.97,49.14,23.95,22.82,28.16,19.07,Normal,0"
"2026-07-05 07:00:00,Gujarat,Alluvial,5.83,136.71,74.74,68.19,39.17,24.59,Normal,0"
"2026-07-05 08:00:00,Tamil Nadu,Laterite,4.84,38.12,26.74,96.96,23.96,22.32,Normal,0"
"2026-07-05 09:00:00,Gujarat,Arid,8.28,107.13,31.76,88.5,11.08,35.07,Critical_Dry,1"
"2026-07-05 10:00:00,Maharashtra,Red,6.57,77.36,48.06,116.93,27.3,35.17,Normal,0"
"2026-07-05 11:00:00,Karnataka,Alluvial,4.8,109.83,72.98,17.62,29.44,30.83,Normal,0"
"2026-07-05 12:00:00,Punjab,Arid,7.77,99.33,64.7,42.43,26.94,18.13,Normal,0"
"2026-07-05 13:00:00,Punjab,Arid,7.97,72.7,13.06,72.66,17.55,38.97,Moderate_Dry,0"
"2026-07-05 14:00:00,Karnataka,Black,7.06,62.47,58.51,80.05,16.28,40.93,Moderate_Dry,0"
"2026-07-05 15:00:00,Punjab,Red,6.29,110.52,45.28,43.81,21.68,22.86,Moderate_Dry,0"
"2026-07-05 16:00:00,Tamil Nadu,Alluvial,7.15,58.78,43.29,101.81,14.15,38.21,Critical_Dry,1"
"2026-07-05 17:00:00,Maharashtra,Black,7.33,114.53,58.41,32.26,32.64,41.36,Normal,0"
"2026-07-05 18:00:00,Maharashtra,Black,8.07,101.58,23.74,15.09,30.74,25.85,Normal,0"
"2026-07-05 19:00:00,Karnataka,Laterite,8.32,89.32,78.7,115.0,31.4,22.44,Normal,0"
"2026-07-05 20:00:00,Punjab,Arid,6.56,64.26,55.17,56.11,16.32,41.46,Moderate_Dry,0"
"2026-07-05 21:00:00,Tamil Nadu,Alluvial,7.69,44.61,35.6,115.54,17.12,19.43,Moderate_Dry,0"
"2026-07-05 22:00:00,Maharashtra,Alluvial,8.36,105.25,52.01,44.18,37.13,24.62,Normal,0"
"2026-07-05 23:00:00,Maharashtra,Alluvial,5.1,30.96,25.15,21.66,33.53,35.81,Normal,0"
"2026-07-06 00:00:00,Uttar Pradesh,Black,4.57,136.47,54.37,96.11,40.38,32.82,Normal,0"
"2026-07-06 01:00:00,Uttar Pradesh,Laterite,7.98,137.45,11.98,102.76,22.93,34.43,Moderate_Dry,0"
"2026-07-06 02:00:00,Maharashtra,Red,5.28,35.63,33.88,66.67,28.25,34.99,Normal,0"
"2026-07-06 03:00:00,Karnataka,Black,4.67,32.47,62.33,22.75,35.33,34.47,Normal,0"
"2026-07-06 04:00:00,Gujarat,Red,5.14,69.53,66.56,83.68,44.04,26.21,Normal,0"
"2026-07-06 05:00:00,Gujarat,Laterite,6.04,135.64,27.7,34.13,44.62,25.48,Normal,0"
"2026-07-06 06:00:00,Tamil Nadu,Arid,5.38,68.04,47.76,104.19,44.97,28.28,Normal,0"
"2026-07-06 07:00:00,Maharashtra,Alluvial,5.72,63.66,46.99,43.77,40.95,37.38,Normal,0"
"2026-07-06 08:00:00,Maharashtra,Red,8.4,104.43,39.5,104.01,31.67,40.52,Normal,0"
"2026-07-06 09:00:00,Maharashtra,Black,7.32,41.45,25.99,59.83,8.26,28.93,Critical_Dry,1"
"2026-07-06 10:00:00,Karnataka,Red,7.35,63.6,59.23,77.63,33.88,20.06,Normal,0"
"2026-07-06 11:00:00,Uttar Pradesh,Arid,4.88,54.96,27.67,97.9,16.83,40.52,Moderate_Dry,0"
"2026-07-06 12:00:00,Maharashtra,Alluvial,7.43,92.18,73.77,19.25,10.12,19.93,Critical_Dry,1"
"2026-07-06 13:00:00,Maharashtra,Red,7.46,39.53,47.0,101.22,33.8,21.82,Normal,0"
"2026-07-06 14:00:00,Punjab,Arid,7.14,85.84,70.93,29.56,35.97,38.82,Normal,0"
"2026-07-06 15:00:00,Karnataka,Black,5.41,122.91,30.35,52.63,32.4,31.24,Normal,0"
"2026-07-06 16:00:00,Tamil Nadu,Laterite,6.19,81.7,66.5,64.64,21.51,26.46,Moderate_Dry,0"
"2026-07-06 17:00:00,Maharashtra,Black,7.89,102.02,17.96,109.02,26.91,40.34,Normal,0"
"2026-07-06 18:00:00,Punjab,Alluvial,7.18,29.03,63.68,17.36,42.59,41.05,Normal,0"
"2026-07-06 19:00:00,Gujarat,Black,7.43,73.88,37.09,73.72,35.0,25.94,Normal,0"
"2026-07-06 20:00:00,Tamil Nadu,Black,6.85,31.39,42.9,82.46,26.67,38.84,Normal,0"
"2026-07-06 21:00:00,Maharashtra,Black,6.3,91.94,21.68,48.24,29.96,34.28,Normal,0"
"2026-07-06 22:00:00,Maharashtra,Black,7.54,53.73,11.3,45.5,42.32,24.59,Normal,0"
"2026-07-06 23:00:00,Punjab,Alluvial,4.77,54.47,56.63,66.5,22.57,40.59,Moderate_Dry,0"
"2026-07-07 00:00:00,Karnataka,Arid,7.19,29.21,51.14,34.65,11.77,19.51,Critical_Dry,1"
"2026-07-07 01:00:00,Maharashtra,Red,8.49,57.23,53.57,64.15,20.06,25.63,Moderate_Dry,0"
"2026-07-07 02:00:00,Gujarat,Laterite,7.62,80.8,27.85,95.33,23.36,27.51,Normal,0"
"2026-07-07 03:00:00,Maharashtra,Red,5.66,90.16,26.75,103.77,18.1,34.58,Moderate_Dry,0"
"2026-07-07 04:00:00,Gujarat,Red,5.61,28.0,68.12,55.44,27.57,18.92,Normal,0"
"2026-07-07 05:00:00,Tamil Nadu,Laterite,7.17,98.18,63.29,79.82,19.28,39.35,Moderate_Dry,0"
"2026-07-07 06:00:00,Tamil Nadu,Alluvial,8.08,78.67,33.58,15.0,11.82,33.82,Critical_Dry,1"
"2026-07-07 07:00:00,Uttar Pradesh,Laterite,6.81,84.43,54.65,72.79,14.96,24.6,Critical_Dry,1"
"2026-07-07 08:00:00,Uttar Pradesh,Alluvial,6.61,119.94,67.97,117.4,41.97,33.8,Normal,0"
"2026-07-07 09:00:00,Gujarat,Red,5.14,61.07,72.22,47.79,31.3,30.89,Normal,0"
"2026-07-07 10:00:00,Karnataka,Alluvial,7.36,40.89,10.41,77.45,19.63,26.07,Moderate_Dry,0"
"2026-07-07 11:00:00,Maharashtra,Arid,7.31,86.22,66.94,95.04,21.58,18.69,Moderate_Dry,0"
"2026-07-07 12:00:00,Maharashtra,Laterite,8.37,133.4,34.53,78.94,26.26,31.23,Normal,0"
"2026-07-07 13:00:00,Uttar Pradesh,Arid,5.7,82.14,60.29,58.94,32.91,19.97,Normal,0"
"2026-07-07 14:00:00,Gujarat,Red,7.53,119.83,36.0,31.02,29.54,37.44,Normal,0"
"2026-07-07 15:00:00,Maharashtra,Laterite,6.24,110.84,52.44,63.69,42.51,20.12,Normal,0"
"2026-07-07 16:00:00,Maharashtra,Red,6.73,82.2,55.27,45.95,31.15,28.29,Normal,0"
"2026-07-07 17:00:00,Karnataka,Arid,7.77,97.71,38.35,88.07,41.7,28.43,Normal,0"
"2026-07-07 18:00:00,Punjab,Red,5.39,68.8,45.89,61.4,8.2,31.35,Critical_Dry,1"
"2026-07-07 19:00:00,Uttar Pradesh,Laterite,5.87,83.68,60.84,104.24,40.95,18.95,Normal,0"
"2026-07-07 20:00:00,Uttar Pradesh,Laterite,7.59,80.87,43.34,35.3,34.69,22.89,Normal,0"
"2026-07-07 21:00:00,Punjab,Red,6.78,105.09,10.98,58.86,14.37,22.79,Critical_Dry,1"
"2026-07-07 22:00:00,Maharashtra,Laterite,4.87,69.2,10.9,73.54,17.73,32.38,Moderate_Dry,0"
"2026-07-07 23:00:00,Karnataka,Laterite,6.22,31.97,56.29,28.23,28.08,24.33,Normal,0"
"2026-07-08 00:00:00,Karnataka,Red,6.85,114.65,69.31,76.73,12.62,21.46,Critical_Dry,1"
"2026-07-08 01:00:00,Uttar Pradesh,Arid,8.14,102.18,64.97,45.55,37.06,18.44,Normal,0"
"2026-07-08 02:00:00,Karnataka,Laterite,5.25,134.01,31.73,39.1,37.27,38.17,Normal,0"
"2026-07-08 03:00:00,Tamil Nadu,Laterite,7.72,71.45,42.98,29.9,19.14,41.32,Moderate_Dry,0"
"2026-07-08 04:00:00,Punjab,Laterite,5.02,29.38,26.39,51.74,10.58,34.88,Critical_Dry,1"
"2026-07-08 05:00:00,Maharashtra,Laterite,5.47,34.59,79.24,112.54,44.59,27.91,Normal,0"
"2026-07-08 06:00:00,Tamil Nadu,Red,5.47,112.8,28.24,18.26,17.28,20.93,Moderate_Dry,0"
"2026-07-08 07:00:00,Punjab,Arid,8.01,28.13,39.14,104.48,10.5,29.4,Critical_Dry,1"
"2026-07-08 08:00:00,Gujarat,Arid,5.3,128.94,57.68,56.72,20.21,28.98,Moderate_Dry,0"
"2026-07-08 09:00:00,Uttar Pradesh,Alluvial,7.65,53.8,71.32,73.97,43.85,28.08,Normal,0"
"2026-07-08 10:00:00,Karnataka,Laterite,6.35,127.87,13.6,68.85,37.34,27.08,Normal,0"
"2026-07-08 11:00:00,Gujarat,Laterite,8.5,112.82,31.07,112.2,25.77,29.92,Normal,0"
"2026-07-08 12:00:00,Karnataka,Alluvial,7.86,124.54,49.83,95.86,19.3,19.76,Moderate_Dry,0"
"2026-07-08 13:00:00,Tamil Nadu,Arid,7.46,45.68,53.28,118.41,23.66,18.92,Normal,0"
"2026-07-08 14:00:00,Maharashtra,Black,7.98,91.48,14.9,98.42,8.64,19.54,Critical_Dry,1"
"2026-07-08 15:00:00,Maharashtra,Black,7.04,31.23,56.49,46.07,34.58,22.8,Normal,0"
"2026-07-08 16:00:00,Maharashtra,Arid,7.87,44.27,46.96,116.1,11.69,24.67,Critical_Dry,1"
"2026-07-08 17:00:00,Karnataka,Laterite,5.54,57.19,67.93,118.27,27.2,22.07,Normal,0"
"2026-07-08 18:00:00,Gujarat,Black,4.89,108.9,25.55,27.92,28.94,24.05,Normal,0"
"2026-07-08 19:00:00,Maharashtra,Red,6.96,22.97,23.65,109.61,8.06,22.46,Critical_Dry,1"
"2026-07-08 20:00:00,Gujarat,Red,6.24,128.37,65.53,84.74,44.26,21.62,Normal,0"
"2026-07-08 21:00:00,Karnataka,Alluvial,6.21,28.5,59.27,111.81,19.18,25.03,Moderate_Dry,0"
"2026-07-08 22:00:00,Tamil Nadu,Arid,6.61,65.18,65.42,111.15,10.86,27.54,Critical_Dry,1"
"2026-07-08 23:00:00,Gujarat,Arid,5.95,29.73,64.74,108.59,39.61,35.86,Normal,0"
"2026-07-09 00:00:00,Tamil Nadu,Black,7.0,112.28,17.28,107.95,13.62,40.93,Critical_Dry,1"
"2026-07-09 01:00:00,Karnataka,Laterite,4.62,36.96,29.5,27.35,8.92,40.06,Critical_Dry,1"
"2026-07-09 02:00:00,Karnataka,Arid,8.38,126.17,28.21,30.07,26.3,29.42,Normal,0"
"2026-07-09 03:00:00,Uttar Pradesh,Black,8.2,83.63,75.42,27.37,12.81,29.07,Critical_Dry,1"
"2026-07-09 04:00:00,Karnataka,Black,8.24,133.82,44.12,24.56,44.35,21.02,Normal,0"
"2026-07-09 05:00:00,Karnataka,Arid,5.96,54.84,17.77,52.09,8.39,41.32,Critical_Dry,1"
"2026-07-09 06:00:00,Punjab,Black,6.63,74.52,30.27,86.82,9.89,36.24,Critical_Dry,1"
"2026-07-09 07:00:00,Maharashtra,Alluvial,8.32,103.31,71.03,52.24,38.83,38.34,Normal,0"
"2026-07-09 08:00:00,Uttar Pradesh,Alluvial,8.11,119.83,69.29,90.63,16.87,23.62,Moderate_Dry,0"
"2026-07-09 09:00:00,Uttar Pradesh,Arid,7.66,70.56,73.02,101.13,41.73,27.63,Normal,0"
"2026-07-09 10:00:00,Uttar Pradesh,Laterite,6.13,127.09,37.2,84.95,19.51,20.46,Moderate_Dry,0"
"2026-07-09 11:00:00,Punjab,Alluvial,6.76,34.16,54.89,63.84,10.58,40.58,Critical_Dry,1"
"2026-07-09 12:00:00,Tamil Nadu,Alluvial,7.67,105.04,29.47,46.03,8.39,24.86,Critical_Dry,1"
"2026-07-09 13:00:00,Karnataka,Arid,5.59,61.78,22.66,28.06,18.45,32.3,Moderate_Dry,0"
"2026-07-09 14:00:00,Maharashtra,Red,7.01,32.16,11.53,66.83,25.53,21.65,Normal,0"
"2026-07-09 15:00:00,Gujarat,Black,7.81,66.4,25.64,90.56,8.04,37.27,Critical_Dry,1"
"2026-07-09 16:00:00,Tamil Nadu,Alluvial,7.33,125.63,52.31,72.57,29.5,22.47,Normal,0"
"2026-07-09 17:00:00,Karnataka,Red,6.42,137.66,73.29,90.76,20.35,37.43,Moderate_Dry,0"
"2026-07-09 18:00:00,Punjab,Laterite,6.84,67.14,19.34,50.2,22.44,27.64,Moderate_Dry,0"
"2026-07-09 19:00:00,Karnataka,Red,8.45,126.37,74.26,22.01,17.67,31.87,Moderate_Dry,0"
"2026-07-09 20:00:00,Karnataka,Arid,6.91,81.16,34.18,95.97,27.57,24.47,Normal,0"
"2026-07-09 21:00:00,Punjab,Laterite,7.64,106.04,39.88,38.07,16.51,39.19,Moderate_Dry,0"
"2026-07-09 22:00:00,Uttar Pradesh,Laterite,7.41,25.44,35.55,79.71,12.99,36.24,Critical_Dry,1"
"2026-07-09 23:00:00,Uttar Pradesh,Red,7.31,86.88,38.6,99.45,40.95,26.5,Normal,0"
"2026-07-10 00:00:00,Maharashtra,Arid,7.37,28.42,28.14,29.61,22.45,32.05,Moderate_Dry,0"
"2026-07-10 01:00:00,Maharashtra,Alluvial,6.32,52.23,58.9,77.84,10.85,21.1,Critical_Dry,1"
"2026-07-10 02:00:00,Uttar Pradesh,Red,6.4,88.02,63.07,87.38,16.52,21.85,Moderate_Dry,0"
"2026-07-10 03:00:00,Tamil Nadu,Alluvial,6.37,116.86,67.62,93.39,19.47,30.81,Moderate_Dry,0"
"2026-07-10 04:00:00,Gujarat,Red,4.63,87.31,33.89,30.5,36.48,33.37,Normal,0"
"2026-07-10 05:00:00,Karnataka,Alluvial,5.46,132.34,63.52,101.64,8.82,31.38,Critical_Dry,1"
"2026-07-10 06:00:00,Gujarat,Red,5.12,117.24,54.64,24.89,25.7,31.43,Normal,0"
"2026-07-10 07:00:00,Karnataka,Laterite,8.05,38.75,77.05,69.56,23.08,35.81,Normal,0"
"2026-07-10 08:00:00,Uttar Pradesh,Black,5.6,66.68,39.73,61.56,43.83,39.66,Normal,0"
"2026-07-10 09:00:00,Maharashtra,Laterite,5.05,100.22,79.46,38.29,14.66,27.3,Critical_Dry,1"
"2026-07-10 10:00:00,Tamil Nadu,Alluvial,4.98,132.61,61.83,46.7,31.23,30.89,Normal,0"
"2026-07-10 11:00:00,Maharashtra,Arid,7.3,138.53,64.34,32.27,15.48,39.43,Moderate_Dry,0"
"2026-07-10 12:00:00,Gujarat,Laterite,4.52,111.58,11.8,59.7,28.29,29.14,Normal,0"
"2026-07-10 13:00:00,Maharashtra,Black,6.39,88.85,44.82,18.73,28.54,28.68,Normal,0"
"2026-07-10 14:00:00,Uttar Pradesh,Alluvial,4.98,110.79,46.98,108.34,10.79,36.4,Critical_Dry,1"
"2026-07-10 15:00:00,Tamil Nadu,Laterite,7.9,52.79,12.84,32.17,24.89,39.06,Normal,0"
"2026-07-10 16:00:00,Gujarat,Red,8.33,54.03,31.85,108.03,25.06,35.7,Normal,0"
"2026-07-10 17:00:00,Tamil Nadu,Arid,8.34,98.52,76.9,105.68,19.81,20.4,Moderate_Dry,0"
"2026-07-10 18:00:00,Karnataka,Alluvial,6.27,124.62,39.83,62.43,18.25,29.15,Moderate_Dry,0"
"2026-07-10 19:00:00,Maharashtra,Laterite,7.08,136.38,23.07,67.26,16.3,23.09,Moderate_Dry,0"
"2026-07-10 20:00:00,Tamil Nadu,Alluvial,6.9,60.96,45.93,46.7,8.22,25.62,Critical_Dry,1"
"2026-07-10 21:00:00,Punjab,Red,5.9,115.59,12.36,119.67,8.07,29.25,Critical_Dry,1"
"2026-07-10 22:00:00,Maharashtra,Black,6.28,122.18,46.12,85.43,29.82,23.32,Normal,0"
"2026-07-10 23:00:00,Karnataka,Laterite,4.76,94.78,51.6,114.94,18.78,30.38,Moderate_Dry,0"
"2026-07-11 00:00:00,Tamil Nadu,Alluvial,7.68,61.71,35.04,58.55,14.21,33.44,Critical_Dry,1"
"2026-07-11 01:00:00,Gujarat,Alluvial,5.46,94.29,63.38,107.72,33.34,39.0,Normal,0"
"2026-07-11 02:00:00,Karnataka,Alluvial,6.34,90.13,19.5,62.06,27.57,23.08,Normal,0"
"2026-07-11 03:00:00,Punjab,Black,6.42,92.78,71.47,106.02,41.85,25.45,Normal,0"
"2026-07-11 04:00:00,Tamil Nadu,Alluvial,6.74,94.31,76.88,28.75,38.75,27.74,Normal,0"
"2026-07-11 05:00:00,Uttar Pradesh,Arid,7.77,121.65,10.09,81.87,34.89,23.39,Normal,0"
"2026-07-11 06:00:00,Maharashtra,Arid,7.27,40.41,68.99,86.26,12.68,25.97,Critical_Dry,1"
"2026-07-11 07:00:00,Gujarat,Alluvial,7.15,64.08,45.43,83.9,32.65,39.2,Normal,0"
"2026-07-11 08:00:00,Uttar Pradesh,Arid,6.61,90.32,42.3,61.94,33.68,21.33,Normal,0"
"2026-07-11 09:00:00,Tamil Nadu,Laterite,4.88,54.0,26.71,86.81,36.24,28.65,Normal,0"
"2026-07-11 10:00:00,Tamil Nadu,Arid,6.11,137.38,41.31,40.14,17.74,25.46,Moderate_Dry,0"
"2026-07-11 11:00:00,Karnataka,Alluvial,8.33,51.58,76.53,77.56,31.69,19.85,Normal,0"
"2026-07-11 12:00:00,Tamil Nadu,Red,8.48,76.36,24.76,73.19,30.88,20.31,Normal,0"
"2026-07-11 13:00:00,Gujarat,Laterite,7.42,125.28,22.53,48.43,22.26,36.84,Moderate_Dry,0"
"2026-07-11 14:00:00,Uttar Pradesh,Black,5.41,29.61,26.93,96.78,32.55,38.46,Normal,0"
"2026-07-11 15:00:00,Gujarat,Alluvial,4.91,118.48,48.63,23.49,11.21,35.79,Critical_Dry,1"
"2026-07-11 16:00:00,Punjab,Black,6.16,88.52,75.12,33.0,31.81,30.94,Normal,0"
"2026-07-11 17:00:00,Punjab,Red,7.93,23.82,50.17,64.47,30.42,36.54,Normal,0"
"2026-07-11 18:00:00,Maharashtra,Black,7.39,128.35,27.04,108.63,15.79,21.65,Moderate_Dry,0"
"2026-07-11 19:00:00,Maharashtra,Alluvial,8.04,24.7,40.83,75.39,38.27,36.72,Normal,0"
"2026-07-11 20:00:00,Punjab,Alluvial,6.96,81.83,37.33,103.42,40.35,28.16,Normal,0"
"2026-07-11 21:00:00,Tamil Nadu,Red,5.02,25.88,13.26,69.34,15.79,36.01,Moderate_Dry,0"
"2026-07-11 22:00:00,Gujarat,Alluvial,4.96,28.54,45.74,97.47,10.81,23.47,Critical_Dry,1"
"2026-07-11 23:00:00,Punjab,Red,4.69,126.46,18.82,49.21,30.33,37.98,Normal,0"
"2026-07-12 00:00:00,Maharashtra,Red,6.77,111.9,68.96,100.59,25.76,31.63,Normal,0"
"2026-07-12 01:00:00,Punjab,Alluvial,5.47,43.63,48.43,57.18,23.82,18.18,Normal,0"
"2026-07-12 02:00:00,Tamil Nadu,Arid,7.44,94.46,69.12,73.68,36.16,30.46,Normal,0"
"2026-07-12 03:00:00,Punjab,Red,7.24,115.36,76.92,33.47,43.88,25.45,Normal,0"
"2026-07-12 04:00:00,Gujarat,Alluvial,5.77,126.75,76.02,111.65,25.67,19.38,Normal,0"
"2026-07-12 05:00:00,Uttar Pradesh,Arid,5.21,76.2,17.03,88.65,8.23,28.74,Critical_Dry,1"
"2026-07-12 06:00:00,Tamil Nadu,Red,4.91,127.7,76.14,105.18,30.06,25.48,Normal,0"
"2026-07-12 07:00:00,Maharashtra,Arid,7.45,80.94,65.7,36.83,32.2,22.91,Normal,0"
"2026-07-12 08:00:00,Gujarat,Laterite,6.3,102.59,64.44,22.11,38.64,26.38,Normal,0"
"2026-07-12 09:00:00,Punjab,Laterite,5.79,137.48,16.31,50.41,15.38,22.31,Moderate_Dry,0"
"2026-07-12 10:00:00,Punjab,Arid,7.93,48.31,22.57,69.25,27.4,25.2,Normal,0"
"2026-07-12 11:00:00,Uttar Pradesh,Red,6.87,40.22,78.26,99.25,24.54,20.77,Normal,0"
"2026-07-12 12:00:00,Maharashtra,Alluvial,6.57,61.04,24.94,56.76,32.58,20.02,Normal,0"
"2026-07-12 13:00:00,Maharashtra,Black,7.47,39.73,21.83,43.35,10.37,39.84,Critical_Dry,1"
"2026-07-12 14:00:00,Karnataka,Alluvial,7.76,54.1,35.36,54.12,40.71,39.67,Normal,0"
"2026-07-12 15:00:00,Maharashtra,Black,7.24,109.16,73.93,88.88,26.91,37.87,Normal,0"
"2026-07-12 16:00:00,Uttar Pradesh,Black,6.26,77.3,43.33,50.3,40.45,23.53,Normal,0"
"2026-07-12 17:00:00,Karnataka,Red,6.02,65.0,74.44,117.81,20.59,35.42,Moderate_Dry,0"
"2026-07-12 18:00:00,Karnataka,Arid,7.59,64.25,33.4,33.37,32.18,32.15,Normal,0"
"2026-07-12 19:00:00,Punjab,Alluvial,6.57,43.34,25.86,94.08,43.4,19.23,Normal,0"
"2026-07-12 20:00:00,Punjab,Arid,7.32,73.69,44.66,76.86,42.91,39.59,Normal,0"
"2026-07-12 21:00:00,Maharashtra,Laterite,8.06,94.96,53.08,39.48,42.93,41.95,Normal,0"
"2026-07-12 22:00:00,Karnataka,Red,8.16,36.7,37.4,94.13,9.59,35.01,Critical_Dry,1"
"2026-07-12 23:00:00,Punjab,Red,5.61,136.74,34.22,61.99,22.91,23.56,Moderate_Dry,0"
"2026-07-13 00:00:00,Uttar Pradesh,Laterite,5.25,73.19,25.26,86.65,10.25,31.31,Critical_Dry,1"
"2026-07-13 01:00:00,Punjab,Alluvial,5.55,133.76,29.25,84.54,19.45,20.63,Moderate_Dry,0"
"2026-07-13 02:00:00,Tamil Nadu,Laterite,7.51,36.16,57.12,26.62,14.46,25.17,Critical_Dry,1"
"2026-07-13 03:00:00,Tamil Nadu,Alluvial,5.98,112.07,35.89,103.2,30.95,35.21,Normal,0"
"2026-07-13 04:00:00,Punjab,Black,5.19,94.12,15.58,86.55,36.89,25.23,Normal,0"
"2026-07-13 05:00:00,Karnataka,Red,4.89,118.41,19.67,96.96,26.99,21.53,Normal,0"
"2026-07-13 06:00:00,Karnataka,Alluvial,5.81,92.08,36.07,62.02,37.43,18.18,Normal,0"
"2026-07-13 07:00:00,Gujarat,Arid,5.04,135.54,74.72,35.48,8.47,31.74,Critical_Dry,1"
"2026-07-13 08:00:00,Tamil Nadu,Arid,5.13,95.23,36.53,49.25,38.36,41.25,Normal,0"
"2026-07-13 09:00:00,Uttar Pradesh,Red,7.24,114.15,14.24,109.65,14.6,29.62,Critical_Dry,1"
"2026-07-13 10:00:00,Karnataka,Laterite,4.58,125.31,39.26,113.49,25.05,23.1,Normal,0"
"2026-07-13 11:00:00,Maharashtra,Laterite,4.97,105.75,56.82,65.6,24.38,29.12,Normal,0"
"2026-07-13 12:00:00,Tamil Nadu,Alluvial,7.88,82.91,51.55,46.37,40.31,32.45,Normal,0"
"2026-07-13 13:00:00,Uttar Pradesh,Laterite,7.88,52.74,29.52,91.68,43.74,37.23,Normal,0"
"2026-07-13 14:00:00,Uttar Pradesh,Red,5.82,122.54,58.17,95.43,17.44,28.86,Moderate_Dry,0"
"2026-07-13 15:00:00,Karnataka,Alluvial,4.85,77.67,54.14,100.62,10.49,22.15,Critical_Dry,1"
"2026-07-13 16:00:00,Uttar Pradesh,Black,7.32,94.48,22.05,18.26,32.07,22.51,Normal,0"
"2026-07-13 17:00:00,Karnataka,Laterite,5.94,29.51,21.35,16.02,26.61,39.59,Normal,0"
"2026-07-13 18:00:00,Punjab,Laterite,4.68,79.68,48.3,52.5,28.93,23.67,Normal,0"
"2026-07-13 19:00:00,Tamil Nadu,Alluvial,5.13,103.78,56.16,31.01,9.71,35.47,Critical_Dry,1"
"2026-07-13 20:00:00,Gujarat,Arid,5.05,90.09,77.33,99.52,36.69,24.45,Normal,0"
"2026-07-13 21:00:00,Punjab,Laterite,6.86,73.83,39.54,70.95,16.6,35.29,Moderate_Dry,0"
"2026-07-13 22:00:00,Tamil Nadu,Red,8.09,46.81,63.55,101.66,20.39,19.88,Moderate_Dry,0"
"2026-07-13 23:00:00,Karnataka,Laterite,7.67,57.16,18.16,33.58,16.45,22.98,Moderate_Dry,0"
"2026-07-14 00:00:00,Tamil Nadu,Black,6.69,104.07,72.27,80.86,43.0,27.81,Normal,0"
"2026-07-14 01:00:00,Karnataka,Laterite,6.19,46.9,54.32,75.92,14.24,30.37,Critical_Dry,1"
"2026-07-14 02:00:00,Punjab,Arid,6.97,94.61,54.03,50.74,35.1,26.47,Normal,0"
"2026-07-14 03:00:00,Maharashtra,Laterite,6.28,90.77,19.97,69.29,17.09,31.76,Moderate_Dry,0"
"2026-07-14 04:00:00,Maharashtra,Alluvial,5.48,136.45,12.77,76.85,23.72,25.81,Normal,0"
"2026-07-14 05:00:00,Tamil Nadu,Laterite,7.22,27.29,59.1,108.4,44.85,34.28,Normal,0"
"2026-07-14 06:00:00,Maharashtra,Arid,7.99,32.97,18.19,20.84,11.72,30.27,Critical_Dry,1"
"2026-07-14 07:00:00,Karnataka,Alluvial,5.99,80.73,18.89,101.45,40.61,34.92,Normal,0"
"2026-07-14 08:00:00,Uttar Pradesh,Red,7.87,83.25,23.13,117.92,43.0,28.34,Normal,0"
"2026-07-14 09:00:00,Karnataka,Alluvial,6.22,24.79,16.84,91.84,33.83,39.04,Normal,0"
"2026-07-14 10:00:00,Uttar Pradesh,Black,6.11,119.1,53.78,92.42,8.37,27.17,Critical_Dry,1"
"2026-07-14 11:00:00,Punjab,Alluvial,4.61,79.37,39.54,37.89,38.37,25.4,Normal,0"
"2026-07-14 12:00:00,Gujarat,Red,7.28,61.6,28.63,69.92,40.64,31.37,Normal,0"
"2026-07-14 13:00:00,Uttar Pradesh,Laterite,7.73,58.26,40.85,89.12,44.29,30.22,Normal,0"
"2026-07-14 14:00:00,Maharashtra,Alluvial,7.15,123.37,69.09,78.24,39.05,30.43,Normal,0"
"2026-07-14 15:00:00,Karnataka,Alluvial,5.11,43.61,74.9,55.44,24.49,37.11,Normal,0"
"2026-07-14 16:00:00,Punjab,Alluvial,4.91,39.25,44.12,113.71,33.48,32.13,Normal,0"
"2026-07-14 17:00:00,Maharashtra,Alluvial,6.79,45.58,49.67,68.97,25.95,39.25,Normal,0"
"2026-07-14 18:00:00,Punjab,Red,6.11,95.0,28.0,116.84,21.06,32.86,Moderate_Dry,0"
"2026-07-14 19:00:00,Gujarat,Arid,6.22,117.31,45.95,74.21,31.18,18.52,Normal,0"
"2026-07-14 20:00:00,Karnataka,Arid,8.37,59.72,62.37,98.31,36.48,38.89,Normal,0"
"2026-07-14 21:00:00,Tamil Nadu,Alluvial,7.4,40.82,44.45,92.91,31.53,38.15,Normal,0"
"2026-07-14 22:00:00,Karnataka,Red,6.15,45.1,31.15,84.39,38.58,19.17,Normal,0"
"2026-07-14 23:00:00,Gujarat,Red,4.58,94.3,50.74,16.52,14.53,21.01,Critical_Dry,1"
"2026-07-15 00:00:00,Karnataka,Alluvial,4.64,49.52,76.27,23.13,21.83,31.35,Moderate_Dry,0"
"2026-07-15 01:00:00,Tamil Nadu,Black,7.24,125.27,72.16,76.06,19.57,19.03,Moderate_Dry,0"
"2026-07-15 02:00:00,Uttar Pradesh,Alluvial,7.85,32.47,63.85,110.74,15.18,27.87,Moderate_Dry,0"
"2026-07-15 03:00:00,Punjab,Black,7.33,23.88,29.33,78.12,24.4,41.41,Normal,0"
"2026-07-15 04:00:00,Tamil Nadu,Alluvial,6.12,30.61,26.91,39.78,43.07,22.15,Normal,0"
"2026-07-15 05:00:00,Maharashtra,Black,4.62,121.48,68.7,48.62,27.91,22.95,Normal,0"
"2026-07-15 06:00:00,Gujarat,Black,8.37,98.15,22.69,80.43,18.6,34.23,Moderate_Dry,0"
"2026-07-15 07:00:00,Uttar Pradesh,Alluvial,8.45,134.93,52.39,77.69,21.1,19.06,Moderate_Dry,0"
"2026-07-15 08:00:00,Maharashtra,Black,6.7,60.36,40.73,115.35,30.68,37.7,Normal,0"
"2026-07-15 09:00:00,Maharashtra,Laterite,4.78,45.52,42.76,70.55,21.05,22.78,Moderate_Dry,0"
"2026-07-15 10:00:00,Gujarat,Arid,6.66,87.44,41.82,52.28,27.92,30.76,Normal,0"
"2026-07-15 11:00:00,Uttar Pradesh,Red,8.07,84.54,73.0,70.12,18.14,23.97,Moderate_Dry,0"
"2026-07-15 12:00:00,Maharashtra,Black,7.22,90.92,16.1,97.55,20.8,33.81,Moderate_Dry,0"
"2026-07-15 13:00:00,Maharashtra,Black,7.38,61.7,64.8,71.74,34.11,32.09,Normal,0"
"2026-07-15 14:00:00,Uttar Pradesh,Red,4.84,20.71,68.45,49.24,29.63,40.71,Normal,0"
"2026-07-15 15:00:00,Karnataka,Black,4.93,24.2,76.0,50.56,11.46,28.69,Critical_Dry,1"
"2026-07-15 16:00:00,Maharashtra,Red,5.01,99.66,41.68,94.47,44.01,39.0,Normal,0"
"2026-07-15 17:00:00,Punjab,Alluvial,8.12,82.79,45.0,21.98,9.83,31.82,Critical_Dry,1"
"2026-07-15 18:00:00,Uttar Pradesh,Laterite,6.6,118.52,77.29,43.85,11.07,39.95,Critical_Dry,1"
"2026-07-15 19:00:00,Maharashtra,Laterite,7.67,56.05,42.09,31.07,33.95,25.0,Normal,0"
"2026-07-15 20:00:00,Gujarat,Arid,4.96,117.86,45.25,114.19,34.2,31.19,Normal,0"
"2026-07-15 21:00:00,Tamil Nadu,Black,8.21,71.06,33.26,24.46,8.7,27.36,Critical_Dry,1"
"2026-07-15 22:00:00,Punjab,Arid,7.78,31.6,12.21,94.61,31.78,19.58,Normal,0"
"2026-07-15 23:00:00,Tamil Nadu,Alluvial,5.4,137.35,40.31,81.19,9.23,31.78,Critical_Dry,1"
"2026-07-16 00:00:00,Tamil Nadu,Laterite,8.0,81.43,55.86,81.44,43.55,37.06,Normal,0"
"2026-07-16 01:00:00,Maharashtra,Alluvial,5.55,95.54,58.3,95.16,33.76,31.35,Normal,0"
"2026-07-16 02:00:00,Punjab,Alluvial,5.32,100.5,10.46,57.05,14.9,24.7,Critical_Dry,1"
"2026-07-16 03:00:00,Punjab,Black,5.56,63.49,66.07,57.08,13.85,24.33,Critical_Dry,1"
"2026-07-16 04:00:00,Karnataka,Alluvial,8.14,109.7,44.47,45.31,29.08,23.71,Normal,0"
"2026-07-16 05:00:00,Tamil Nadu,Laterite,8.16,124.43,46.45,77.76,31.44,41.51,Normal,0"
"2026-07-16 06:00:00,Punjab,Arid,5.82,66.46,77.32,112.63,38.76,27.58,Normal,0"
"2026-07-16 07:00:00,Karnataka,Laterite,7.32,98.84,29.91,112.02,41.42,25.6,Normal,0"
"2026-07-16 08:00:00,Uttar Pradesh,Black,7.2,110.85,63.32,88.81,22.52,28.04,Moderate_Dry,0"
"2026-07-16 09:00:00,Karnataka,Laterite,7.73,42.82,50.23,110.15,39.23,20.78,Normal,0"
"2026-07-16 10:00:00,Gujarat,Red,5.69,59.91,59.06,116.17,28.07,22.7,Normal,0"
"2026-07-16 11:00:00,Maharashtra,Arid,6.54,33.06,39.25,98.49,25.41,30.21,Normal,0"
"2026-07-16 12:00:00,Uttar Pradesh,Red,7.17,92.27,29.54,57.82,33.86,37.17,Normal,0"
"2026-07-16 13:00:00,Uttar Pradesh,Red,4.61,116.11,48.23,65.74,11.82,39.03,Critical_Dry,1"
"2026-07-16 14:00:00,Gujarat,Black,6.01,93.3,36.25,112.78,17.82,38.78,Moderate_Dry,0"
"2026-07-16 15:00:00,Karnataka,Alluvial,7.28,41.57,25.6,85.35,38.22,40.67,Normal,0"
"2026-07-16 16:00:00,Maharashtra,Red,5.51,85.56,68.75,101.17,26.65,21.02,Normal,0"
"2026-07-16 17:00:00,Karnataka,Laterite,8.33,120.19,43.31,27.19,41.6,18.98,Normal,0"
"2026-07-16 18:00:00,Punjab,Alluvial,4.62,56.33,69.31,35.36,11.28,20.54,Critical_Dry,1"
"2026-07-16 19:00:00,Karnataka,Laterite,8.33,119.92,43.18,51.13,19.6,32.42,Moderate_Dry,0"
"2026-07-16 20:00:00,Uttar Pradesh,Laterite,5.37,114.15,48.98,34.77,21.16,31.35,Moderate_Dry,0"
"2026-07-16 21:00:00,Maharashtra,Alluvial,4.7,22.61,79.67,110.18,23.64,34.11,Normal,0"
"2026-07-16 22:00:00,Karnataka,Alluvial,5.67,48.73,76.61,37.77,44.51,26.91,Normal,0"
"2026-07-16 23:00:00,Maharashtra,Laterite,7.65,85.15,29.02,73.5,19.49,27.4,Moderate_Dry,0"
"2026-07-17 00:00:00,Maharashtra,Black,7.51,106.11,70.81,23.97,27.19,31.09,Normal,0"
"2026-07-17 01:00:00,Punjab,Arid,5.34,125.66,37.33,31.27,27.83,19.9,Normal,0"
"2026-07-17 02:00:00,Punjab,Arid,5.29,96.93,14.99,40.98,36.52,37.2,Normal,0"
"2026-07-17 03:00:00,Uttar Pradesh,Black,7.07,65.64,50.3,118.2,27.16,40.15,Normal,0"
"2026-07-17 04:00:00,Gujarat,Alluvial,6.33,42.16,78.39,98.69,30.41,27.3,Normal,0"
"2026-07-17 05:00:00,Maharashtra,Laterite,7.67,111.2,78.2,85.72,35.87,35.75,Normal,0"
"2026-07-17 06:00:00,Gujarat,Arid,4.6,44.81,18.85,111.21,11.74,31.17,Critical_Dry,1"
"2026-07-17 07:00:00,Uttar Pradesh,Laterite,6.94,103.45,63.99,115.4,43.65,23.66,Normal,0"
"2026-07-17 08:00:00,Maharashtra,Black,7.42,41.75,66.2,62.63,39.31,19.63,Normal,0"
"2026-07-17 09:00:00,Maharashtra,Laterite,8.47,30.93,35.81,49.41,22.38,23.9,Moderate_Dry,0"
"2026-07-17 10:00:00,Tamil Nadu,Black,7.22,50.13,56.1,48.11,34.95,32.52,Normal,0"
"2026-07-17 11:00:00,Gujarat,Alluvial,5.43,54.19,44.17,18.75,36.21,18.97,Normal,0"
"2026-07-17 12:00:00,Karnataka,Black,4.93,97.67,25.95,44.36,39.46,38.07,Normal,0"
"2026-07-17 13:00:00,Punjab,Black,7.06,39.31,63.29,52.28,14.97,41.29,Critical_Dry,1"
"2026-07-17 14:00:00,Karnataka,Arid,6.59,131.64,28.39,18.87,34.04,20.0,Normal,0"
"2026-07-17 15:00:00,Gujarat,Laterite,8.1,86.52,33.83,107.67,9.23,23.92,Critical_Dry,1"
"2026-07-17 16:00:00,Punjab,Arid,7.41,78.91,23.3,104.02,12.28,34.22,Critical_Dry,1"
"2026-07-17 17:00:00,Karnataka,Red,6.54,72.16,60.35,41.41,36.71,37.35,Normal,0"
"2026-07-17 18:00:00,Tamil Nadu,Black,6.11,87.99,42.11,99.27,38.08,26.3,Normal,0"
"2026-07-17 19:00:00,Punjab,Red,6.12,22.69,41.04,98.6,29.92,30.37,Normal,0"
"2026-07-17 20:00:00,Maharashtra,Arid,5.41,138.81,52.32,50.18,29.52,39.4,Normal,0"
"2026-07-17 21:00:00,Karnataka,Laterite,4.57,86.9,21.01,88.19,35.73,27.23,Normal,0"
"2026-07-17 22:00:00,Punjab,Arid,6.8,24.22,72.87,45.44,41.53,19.96,Normal,0"
"2026-07-17 23:00:00,Tamil Nadu,Laterite,5.35,90.8,42.56,22.38,23.58,41.88,Normal,0"
"2026-07-18 00:00:00,Punjab,Laterite,5.33,72.45,35.66,68.0,12.25,22.33,Critical_Dry,1"
"2026-07-18 01:00:00,Punjab,Alluvial,5.0,22.88,18.87,61.02,39.04,19.17,Normal,0"
"2026-07-18 02:00:00,Tamil Nadu,Black,5.26,130.93,21.76,29.51,20.64,27.86,Moderate_Dry,0"
"2026-07-18 03:00:00,Karnataka,Arid,4.63,21.27,74.43,66.51,12.95,20.92,Critical_Dry,1"
"2026-07-18 04:00:00,Uttar Pradesh,Laterite,7.2,89.34,41.96,114.68,30.74,41.49,Normal,0"
"2026-07-18 05:00:00,Karnataka,Arid,6.11,135.41,60.55,91.8,29.39,27.14,Normal,0"
"2026-07-18 06:00:00,Gujarat,Arid,6.75,48.51,15.64,92.58,25.55,37.82,Normal,0"
"2026-07-18 07:00:00,Tamil Nadu,Laterite,7.05,50.5,55.04,94.54,39.81,22.24,Normal,0"
"2026-07-18 08:00:00,Karnataka,Red,8.39,20.05,74.51,93.19,18.07,21.33,Moderate_Dry,0"
"2026-07-18 09:00:00,Punjab,Black,4.77,27.96,31.0,17.09,8.49,33.58,Critical_Dry,1"
"2026-07-18 10:00:00,Tamil Nadu,Black,6.17,25.39,50.54,112.09,19.97,39.82,Moderate_Dry,0"
"2026-07-18 11:00:00,Maharashtra,Alluvial,5.48,118.72,75.82,102.16,8.36,20.75,Critical_Dry,1"
"2026-07-18 12:00:00,Karnataka,Alluvial,6.41,120.41,60.35,43.83,28.11,32.14,Normal,0"
"2026-07-18 13:00:00,Tamil Nadu,Alluvial,8.18,107.2,14.36,73.04,22.0,20.04,Moderate_Dry,0"
"2026-07-18 14:00:00,Karnataka,Black,7.4,62.33,36.51,79.58,38.12,37.49,Normal,0"
"2026-07-18 15:00:00,Tamil Nadu,Red,7.15,118.55,16.0,28.85,37.51,39.82,Normal,0"
"2026-07-18 16:00:00,Punjab,Black,6.26,84.77,70.29,41.67,24.08,33.09,Normal,0"
"2026-07-18 17:00:00,Maharashtra,Black,7.18,56.52,53.52,17.44,16.01,34.52,Moderate_Dry,0"
"2026-07-18 18:00:00,Maharashtra,Black,4.63,72.47,76.95,105.71,23.63,19.33,Normal,0"
"2026-07-18 19:00:00,Gujarat,Black,6.84,27.89,11.38,17.62,31.73,19.75,Normal,0"
"2026-07-18 20:00:00,Tamil Nadu,Red,6.72,133.39,39.62,48.46,15.04,22.31,Moderate_Dry,0"
"2026-07-18 21:00:00,Karnataka,Alluvial,5.89,94.29,17.31,23.22,36.6,24.57,Normal,0"
"2026-07-18 22:00:00,Maharashtra,Arid,5.31,107.75,34.53,97.05,20.23,36.24,Moderate_Dry,0"
"2026-07-18 23:00:00,Maharashtra,Alluvial,7.73,101.19,21.33,112.12,42.49,28.45,Normal,0"
"2026-07-19 00:00:00,Uttar Pradesh,Alluvial,4.72,100.13,33.02,74.1,26.94,19.88,Normal,0"
"2026-07-19 01:00:00,Uttar Pradesh,Arid,4.78,22.07,67.35,29.65,39.34,38.46,Normal,0"
"2026-07-19 02:00:00,Maharashtra,Black,6.26,83.04,21.25,73.61,30.79,41.85,Normal,0"
"2026-07-19 03:00:00,Tamil Nadu,Red,5.51,118.61,43.16,95.89,28.52,28.92,Normal,0"
"2026-07-19 04:00:00,Gujarat,Red,7.48,25.34,74.51,90.43,33.24,30.28,Normal,0"
"2026-07-19 05:00:00,Maharashtra,Alluvial,7.04,134.74,79.91,92.88,38.03,19.88,Normal,0"
"2026-07-19 06:00:00,Punjab,Arid,7.59,70.9,27.54,44.31,31.85,27.19,Normal,0"
"2026-07-19 07:00:00,Karnataka,Laterite,5.8,54.79,75.49,22.74,37.5,26.92,Normal,0"
"2026-07-19 08:00:00,Gujarat,Black,7.46,83.82,28.3,30.64,15.05,41.18,Moderate_Dry,0"
"2026-07-19 09:00:00,Punjab,Alluvial,7.95,116.15,38.95,115.33,18.27,33.85,Moderate_Dry,0"
"2026-07-19 10:00:00,Gujarat,Red,5.88,76.97,71.45,79.42,16.5,36.77,Moderate_Dry,0"
"2026-07-19 11:00:00,Punjab,Arid,5.86,97.41,65.03,91.43,37.54,21.08,Normal,0"
"2026-07-19 12:00:00,Karnataka,Arid,8.1,79.99,70.02,109.4,11.19,28.01,Critical_Dry,1"
"2026-07-19 13:00:00,Karnataka,Alluvial,4.7,95.75,66.02,104.54,37.45,22.6,Normal,0"
"2026-07-19 14:00:00,Uttar Pradesh,Laterite,5.9,36.56,26.45,37.93,22.39,38.64,Moderate_Dry,0"
"2026-07-19 15:00:00,Tamil Nadu,Red,4.97,24.64,49.12,21.1,10.94,21.66,Critical_Dry,1"
"2026-07-19 16:00:00,Punjab,Alluvial,4.62,36.43,36.97,112.14,23.7,28.53,Normal,0"
"2026-07-19 17:00:00,Uttar Pradesh,Laterite,4.95,54.3,42.18,118.08,19.12,19.29,Moderate_Dry,0"
"2026-07-19 18:00:00,Punjab,Arid,6.22,50.4,20.78,74.57,29.9,33.22,Normal,0"
"2026-07-19 19:00:00,Uttar Pradesh,Black,7.25,93.82,32.1,108.28,25.48,29.57,Normal,0"
"2026-07-19 20:00:00,Karnataka,Red,5.66,74.71,70.04,39.34,18.98,29.95,Moderate_Dry,0"
"2026-07-19 21:00:00,Gujarat,Red,7.9,24.66,72.83,26.66,39.9,20.44,Normal,0"
"2026-07-19 22:00:00,Uttar Pradesh,Laterite,6.25,24.18,52.71,67.48,23.05,30.34,Normal,0"
"2026-07-19 23:00:00,Punjab,Alluvial,8.37,30.87,44.88,100.17,25.42,31.53,Normal,0"
"2026-07-20 00:00:00,Punjab,Arid,8.32,62.37,59.9,83.74,39.33,41.11,Normal,0"
"2026-07-20 01:00:00,Tamil Nadu,Laterite,7.59,20.74,52.62,81.92,11.3,18.8,Critical_Dry,1"
"2026-07-20 02:00:00,Karnataka,Black,8.23,79.28,78.86,16.83,22.43,40.15,Moderate_Dry,0"
"2026-07-20 03:00:00,Punjab,Black,7.33,63.28,23.31,48.34,22.91,29.51,Moderate_Dry,0"
"2026-07-20 04:00:00,Maharashtra,Black,8.08,86.65,41.43,113.65,26.35,23.04,Normal,0"
"2026-07-20 05:00:00,Gujarat,Laterite,5.45,106.5,74.28,29.1,11.93,33.97,Critical_Dry,1"
"2026-07-20 06:00:00,Uttar Pradesh,Arid,5.88,50.12,74.03,91.27,11.8,30.41,Critical_Dry,1"
"2026-07-20 07:00:00,Tamil Nadu,Red,7.51,38.85,44.67,94.73,23.41,23.44,Normal,0"
"2026-07-20 08:00:00,Gujarat,Alluvial,6.2,53.37,19.44,91.95,9.22,33.04,Critical_Dry,1"
"2026-07-20 09:00:00,Karnataka,Red,7.85,20.21,67.05,118.87,17.43,29.36,Moderate_Dry,0"
"2026-07-20 10:00:00,Tamil Nadu,Arid,8.01,34.4,50.96,57.97,15.44,34.54,Moderate_Dry,0"
"2026-07-20 11:00:00,Uttar Pradesh,Red,5.7,110.1,64.12,86.63,26.11,34.54,Normal,0"
"2026-07-20 12:00:00,Uttar Pradesh,Laterite,7.79,46.74,42.38,35.33,8.41,29.35,Critical_Dry,1"
"2026-07-20 13:00:00,Maharashtra,Black,5.12,139.32,24.27,56.97,33.0,27.38,Normal,0"
"2026-07-20 14:00:00,Karnataka,Arid,5.84,40.14,11.68,66.61,39.66,19.52,Normal,0"
"2026-07-20 15:00:00,Tamil Nadu,Arid,6.57,114.65,49.14,37.56,34.15,29.85,Normal,0"
"2026-07-20 16:00:00,Tamil Nadu,Red,5.41,104.61,21.27,110.22,38.27,23.83,Normal,0"
"2026-07-20 17:00:00,Punjab,Laterite,6.82,58.66,23.1,90.2,31.8,19.28,Normal,0"
"2026-07-20 18:00:00,Maharashtra,Red,6.81,59.69,40.54,44.79,26.77,25.93,Normal,0"
"2026-07-20 19:00:00,Maharashtra,Red,5.33,87.63,40.95,29.17,16.1,20.1,Moderate_Dry,0"
"2026-07-20 20:00:00,Tamil Nadu,Arid,7.68,122.28,29.21,45.23,18.35,31.91,Moderate_Dry,0"
"2026-07-20 21:00:00,Tamil Nadu,Red,7.03,66.34,19.23,80.41,19.76,30.09,Moderate_Dry,0"
"2026-07-20 22:00:00,Gujarat,Black,5.77,27.34,76.15,101.77,9.41,37.02,Critical_Dry,1"
"2026-07-20 23:00:00,Gujarat,Red,5.43,64.93,19.21,67.83,41.78,24.42,Normal,0"
"2026-07-21 00:00:00,Gujarat,Black,8.02,44.88,34.55,25.76,41.31,26.92,Normal,0"
"2026-07-21 01:00:00,Maharashtra,Arid,7.84,132.7,31.34,41.18,11.99,34.53,Critical_Dry,1"
"2026-07-21 02:00:00,Punjab,Laterite,5.42,103.67,70.64,51.24,28.6,41.83,Normal,0"
"2026-07-21 03:00:00,Uttar Pradesh,Black,4.64,26.1,38.7,81.79,25.3,39.7,Normal,0"
"2026-07-21 04:00:00,Gujarat,Laterite,7.72,55.16,18.68,40.9,33.29,30.5,Normal,0"
"2026-07-21 05:00:00,Punjab,Laterite,6.96,26.03,10.72,39.56,30.31,34.27,Normal,0"
"2026-07-21 06:00:00,Karnataka,Black,4.9,119.6,60.54,45.05,12.6,30.77,Critical_Dry,1"
"2026-07-21 07:00:00,Gujarat,Arid,6.85,128.76,60.02,77.22,32.42,28.44,Normal,0"
"2026-07-21 08:00:00,Uttar Pradesh,Alluvial,6.31,33.47,39.24,66.73,30.53,32.46,Normal,0"
"2026-07-21 09:00:00,Karnataka,Laterite,7.6,72.83,18.84,103.37,27.66,27.28,Normal,0"
"2026-07-21 10:00:00,Karnataka,Laterite,5.34,131.83,36.01,88.28,22.89,24.72,Moderate_Dry,0"
"2026-07-21 11:00:00,Uttar Pradesh,Arid,6.31,37.43,51.29,85.02,43.33,34.94,Normal,0"
"2026-07-21 12:00:00,Gujarat,Arid,5.12,55.03,59.28,31.24,39.43,38.93,Normal,0"
"2026-07-21 13:00:00,Maharashtra,Red,8.33,56.51,15.48,20.8,29.65,24.91,Normal,0"
"2026-07-21 14:00:00,Uttar Pradesh,Arid,7.61,23.61,48.94,68.55,8.24,34.97,Critical_Dry,1"
"2026-07-21 15:00:00,Uttar Pradesh,Laterite,7.45,24.35,29.33,22.52,23.99,28.42,Normal,0"
"2026-07-21 16:00:00,Uttar Pradesh,Black,7.26,134.34,53.21,53.22,33.91,25.25,Normal,0"
"2026-07-21 17:00:00,Karnataka,Alluvial,6.19,88.53,55.37,17.74,12.34,32.91,Critical_Dry,1"
"2026-07-21 18:00:00,Punjab,Red,8.19,56.8,73.74,33.56,23.04,40.55,Normal,0"
"2026-07-21 19:00:00,Maharashtra,Black,4.79,65.44,38.73,26.59,15.09,26.44,Moderate_Dry,0"
"2026-07-21 20:00:00,Gujarat,Alluvial,7.71,105.78,47.63,99.1,20.51,36.23,Moderate_Dry,0"
"2026-07-21 21:00:00,Gujarat,Alluvial,5.36,63.98,28.78,51.34,8.99,25.55,Critical_Dry,1"
"2026-07-21 22:00:00,Punjab,Alluvial,5.8,47.33,30.06,23.28,12.69,37.29,Critical_Dry,1"
"2026-07-21 23:00:00,Uttar Pradesh,Black,6.58,32.22,13.22,42.88,24.83,36.24,Normal,0"
"2026-07-22 00:00:00,Maharashtra,Red,7.63,107.47,30.02,86.69,41.23,36.38,Normal,0"
"2026-07-22 01:00:00,Gujarat,Red,7.85,41.67,14.47,93.29,26.15,41.94,Normal,0"
"2026-07-22 02:00:00,Tamil Nadu,Alluvial,6.83,28.36,77.47,27.59,24.76,21.37,Normal,0"
"2026-07-22 03:00:00,Gujarat,Black,6.11,71.23,53.7,96.75,37.14,27.33,Normal,0"
"2026-07-22 04:00:00,Uttar Pradesh,Alluvial,8.29,24.75,22.12,53.91,17.91,33.14,Moderate_Dry,0"
"2026-07-22 05:00:00,Tamil Nadu,Arid,5.49,135.8,18.17,86.34,11.52,32.17,Critical_Dry,1"
"2026-07-22 06:00:00,Punjab,Red,7.71,95.28,35.91,85.51,15.75,36.74,Moderate_Dry,0"
"2026-07-22 07:00:00,Maharashtra,Laterite,6.95,38.32,31.54,98.33,37.28,19.13,Normal,0"
"2026-07-22 08:00:00,Punjab,Alluvial,6.01,40.69,29.55,88.2,33.05,34.92,Normal,0"
"2026-07-22 09:00:00,Punjab,Arid,4.51,88.38,42.77,19.08,11.39,35.71,Critical_Dry,1"
"2026-07-22 10:00:00,Maharashtra,Red,6.29,62.79,73.9,69.55,32.68,19.47,Normal,0"
"2026-07-22 11:00:00,Maharashtra,Black,5.61,112.91,49.76,32.45,42.47,30.93,Normal,0"
"2026-07-22 12:00:00,Gujarat,Red,4.92,85.5,46.49,116.85,9.66,23.88,Critical_Dry,1"
"2026-07-22 13:00:00,Gujarat,Black,4.8,72.0,66.46,41.86,30.81,37.24,Normal,0"
"2026-07-22 14:00:00,Maharashtra,Black,5.89,135.56,10.28,59.11,22.03,19.19,Moderate_Dry,0"
"2026-07-22 15:00:00,Tamil Nadu,Alluvial,6.96,66.89,23.82,35.65,26.54,21.51,Normal,0"
"2026-07-22 16:00:00,Karnataka,Alluvial,7.85,68.07,44.73,29.13,27.54,20.51,Normal,0"
"2026-07-22 17:00:00,Gujarat,Red,5.23,99.89,59.37,78.1,36.53,19.57,Normal,0"
"2026-07-22 18:00:00,Karnataka,Arid,6.2,117.14,43.95,66.78,28.61,32.4,Normal,0"
"2026-07-22 19:00:00,Tamil Nadu,Red,6.07,95.15,21.46,54.34,29.94,38.85,Normal,0"
"2026-07-22 20:00:00,Maharashtra,Laterite,6.55,103.83,75.1,23.97,20.32,30.26,Moderate_Dry,0"
"2026-07-22 21:00:00,Tamil Nadu,Black,7.74,64.75,33.01,92.28,12.66,23.05,Critical_Dry,1"
"2026-07-22 22:00:00,Gujarat,Black,6.71,77.54,65.18,15.61,33.26,26.25,Normal,0"
"2026-07-22 23:00:00,Punjab,Alluvial,7.89,43.64,72.4,63.05,8.02,26.65,Critical_Dry,1"
"2026-07-23 00:00:00,Maharashtra,Arid,6.57,101.63,34.25,81.42,20.16,28.84,Moderate_Dry,0"
"2026-07-23 01:00:00,Uttar Pradesh,Alluvial,6.92,46.57,69.17,60.22,16.07,28.09,Moderate_Dry,0"
"2026-07-23 02:00:00,Karnataka,Laterite,6.25,20.15,59.75,28.25,22.38,34.11,Moderate_Dry,0"
"2026-07-23 03:00:00,Tamil Nadu,Red,7.79,132.05,73.3,96.72,19.52,26.16,Moderate_Dry,0"
"2026-07-23 04:00:00,Maharashtra,Red,8.2,56.72,27.59,49.01,34.06,33.91,Normal,0"
"2026-07-23 05:00:00,Tamil Nadu,Arid,7.06,43.6,75.19,29.15,17.63,31.12,Moderate_Dry,0"
"2026-07-23 06:00:00,Maharashtra,Alluvial,7.78,52.18,14.57,72.78,28.75,19.16,Normal,0"
"2026-07-23 07:00:00,Gujarat,Alluvial,4.74,59.65,65.56,17.01,24.86,40.07,Normal,0"
"2026-07-23 08:00:00,Gujarat,Laterite,8.12,76.95,40.5,49.03,37.64,22.27,Normal,0"
"2026-07-23 09:00:00,Gujarat,Red,5.26,28.32,22.45,93.82,23.84,28.84,Normal,0"
"2026-07-23 10:00:00,Tamil Nadu,Alluvial,5.53,26.32,15.56,110.83,39.96,40.74,Normal,0"
"2026-07-23 11:00:00,Uttar Pradesh,Arid,4.71,55.15,37.27,77.13,8.01,23.94,Critical_Dry,1"
"2026-07-23 12:00:00,Gujarat,Red,8.36,55.49,37.25,37.85,30.38,18.53,Normal,0"
"2026-07-23 13:00:00,Maharashtra,Laterite,7.91,34.12,26.1,38.1,8.36,29.76,Critical_Dry,1"
"2026-07-23 14:00:00,Gujarat,Arid,8.15,68.57,25.09,78.41,34.42,23.37,Normal,0"
"2026-07-23 15:00:00,Punjab,Black,7.89,54.08,37.97,57.71,16.69,31.97,Moderate_Dry,0"
"2026-07-23 16:00:00,Gujarat,Laterite,6.42,23.13,38.71,33.61,22.06,37.61,Moderate_Dry,0"
"2026-07-23 17:00:00,Tamil Nadu,Arid,8.2,126.29,40.97,97.68,22.08,30.27,Moderate_Dry,0"
"2026-07-23 18:00:00,Uttar Pradesh,Alluvial,8.38,126.32,70.81,36.03,39.32,33.48,Normal,0"
"2026-07-23 19:00:00,Punjab,Black,6.51,45.1,52.79,48.77,11.78,33.99,Critical_Dry,1"
"2026-07-23 20:00:00,Tamil Nadu,Laterite,5.2,39.54,11.43,21.45,32.68,37.69,Normal,0"
"2026-07-23 21:00:00,Tamil Nadu,Alluvial,7.13,85.68,46.34,88.64,44.31,34.51,Normal,0"
"2026-07-23 22:00:00,Tamil Nadu,Black,8.4,95.69,63.37,43.9,8.83,41.43,Critical_Dry,1"
"2026-07-23 23:00:00,Maharashtra,Red,7.99,134.91,13.95,39.45,43.74,28.95,Normal,0"
"2026-07-24 00:00:00,Tamil Nadu,Alluvial,7.95,65.28,39.58,46.85,8.68,19.21,Critical_Dry,1"
"2026-07-24 01:00:00,Maharashtra,Arid,8.24,94.18,41.58,106.78,39.12,27.46,Normal,0"
"2026-07-24 02:00:00,Tamil Nadu,Laterite,8.08,125.38,76.78,69.39,43.57,38.16,Normal,0"
"2026-07-24 03:00:00,Karnataka,Black,7.61,73.99,43.3,31.58,44.74,21.19,Normal,0"
"2026-07-24 04:00:00,Punjab,Alluvial,7.37,34.68,62.49,96.32,24.99,35.66,Normal,0"
"2026-07-24 05:00:00,Karnataka,Red,5.56,65.29,31.2,36.89,40.08,30.86,Normal,0"
"2026-07-24 06:00:00,Tamil Nadu,Laterite,6.99,36.39,64.55,58.31,12.53,39.62,Critical_Dry,1"
"2026-07-24 07:00:00,Punjab,Laterite,6.59,22.0,32.59,74.65,23.74,35.55,Normal,0"
"2026-07-24 08:00:00,Punjab,Alluvial,7.95,110.19,40.1,76.37,19.4,33.85,Moderate_Dry,0"
"2026-07-24 09:00:00,Uttar Pradesh,Red,6.47,48.61,43.56,22.25,22.62,39.29,Moderate_Dry,0"
"2026-07-24 10:00:00,Karnataka,Black,5.01,20.24,74.85,102.86,33.97,39.8,Normal,0"
"2026-07-24 11:00:00,Uttar Pradesh,Alluvial,4.52,124.69,13.74,65.34,11.24,27.24,Critical_Dry,1"
"2026-07-24 12:00:00,Punjab,Black,7.21,73.25,23.78,118.87,44.93,40.27,Normal,0"
"2026-07-24 13:00:00,Maharashtra,Laterite,6.7,48.66,59.4,90.33,31.5,19.31,Normal,0"
"2026-07-24 14:00:00,Punjab,Black,5.82,51.53,50.43,119.22,40.32,36.3,Normal,0"
"2026-07-24 15:00:00,Uttar Pradesh,Red,5.18,48.86,27.61,62.61,38.7,26.08,Normal,0"
"2026-07-24 16:00:00,Karnataka,Arid,6.37,43.35,30.24,29.78,36.34,29.7,Normal,0"
"2026-07-24 17:00:00,Tamil Nadu,Red,4.9,120.95,35.71,91.37,9.45,38.06,Critical_Dry,1"
"2026-07-24 18:00:00,Tamil Nadu,Black,5.84,40.44,41.52,96.66,27.11,33.29,Normal,0"
"2026-07-24 19:00:00,Karnataka,Alluvial,6.02,87.42,67.26,104.55,20.14,28.98,Moderate_Dry,0"
"2026-07-24 20:00:00,Tamil Nadu,Laterite,6.36,29.28,10.97,46.65,12.18,21.93,Critical_Dry,1"
"2026-07-24 21:00:00,Tamil Nadu,Arid,6.37,133.94,72.86,68.62,20.69,40.54,Moderate_Dry,0"
"2026-07-24 22:00:00,Uttar Pradesh,Alluvial,5.53,92.4,38.91,105.04,31.86,25.98,Normal,0"
"2026-07-24 23:00:00,Karnataka,Alluvial,7.9,128.38,26.13,105.8,16.53,20.43,Moderate_Dry,0"
"2026-07-25 00:00:00,Gujarat,Red,5.92,67.75,45.59,17.7,24.45,31.54,Normal,0"
"2026-07-25 01:00:00,Maharashtra,Black,5.42,117.28,56.18,85.45,22.97,27.75,Moderate_Dry,0"
"2026-07-25 02:00:00,Maharashtra,Red,5.2,122.44,13.13,78.18,9.94,32.17,Critical_Dry,1"
"2026-07-25 03:00:00,Tamil Nadu,Black,5.79,104.35,60.1,23.75,31.24,23.6,Normal,0"
"2026-07-25 04:00:00,Maharashtra,Red,4.77,31.15,63.25,112.66,30.9,27.09,Normal,0"
"2026-07-25 05:00:00,Karnataka,Alluvial,4.63,21.93,21.63,61.76,43.76,41.34,Normal,0"
"2026-07-25 06:00:00,Karnataka,Laterite,6.92,40.23,21.75,85.8,19.03,40.48,Moderate_Dry,0"
"2026-07-25 07:00:00,Punjab,Black,6.98,34.17,24.26,107.69,23.5,38.75,Normal,0"
"2026-07-25 08:00:00,Punjab,Arid,6.62,107.02,65.76,28.66,22.93,36.7,Moderate_Dry,0"
"2026-07-25 09:00:00,Maharashtra,Arid,7.55,86.84,29.04,104.86,42.03,21.76,Normal,0"
"2026-07-25 10:00:00,Gujarat,Alluvial,4.66,83.11,65.72,91.05,23.12,29.21,Normal,0"
"2026-07-25 11:00:00,Punjab,Red,8.24,50.34,47.84,103.16,24.38,35.47,Normal,0"
"2026-07-25 12:00:00,Punjab,Red,4.88,38.55,63.7,66.96,17.34,24.28,Moderate_Dry,0"
"2026-07-25 13:00:00,Karnataka,Alluvial,7.2,44.79,48.76,18.52,8.04,18.79,Critical_Dry,1"
"2026-07-25 14:00:00,Gujarat,Arid,5.03,68.03,33.5,85.4,12.09,28.03,Critical_Dry,1"
"2026-07-25 15:00:00,Tamil Nadu,Arid,8.02,108.82,73.75,54.33,34.04,28.2,Normal,0"
"2026-07-25 16:00:00,Maharashtra,Red,6.54,50.54,60.07,57.25,33.25,19.56,Normal,0"
"2026-07-25 17:00:00,Punjab,Black,4.83,103.83,43.88,61.33,19.93,25.69,Moderate_Dry,0"
"2026-07-25 18:00:00,Gujarat,Laterite,6.97,78.98,54.62,66.76,25.5,40.02,Normal,0"
"2026-07-25 19:00:00,Gujarat,Black,4.54,126.25,53.11,84.5,19.0,24.01,Moderate_Dry,0"
"2026-07-25 20:00:00,Maharashtra,Arid,7.6,47.95,35.07,91.31,35.04,31.66,Normal,0"
"2026-07-25 21:00:00,Gujarat,Black,7.1,74.1,39.66,96.57,39.17,29.71,Normal,0"
"2026-07-25 22:00:00,Gujarat,Laterite,5.35,31.6,32.28,85.52,41.27,38.69,Normal,0"
"2026-07-25 23:00:00,Gujarat,Black,6.0,60.22,79.97,99.37,14.43,33.69,Critical_Dry,1"
"2026-07-26 00:00:00,Punjab,Black,4.53,80.83,50.6,27.83,33.72,21.8,Normal,0"
"2026-07-26 01:00:00,Maharashtra,Black,7.27,107.93,16.44,102.87,43.63,21.43,Normal,0"
"2026-07-26 02:00:00,Gujarat,Black,5.79,43.77,46.34,55.66,32.07,31.38,Normal,0"
"2026-07-26 03:00:00,Gujarat,Alluvial,6.79,46.17,13.5,70.52,20.99,19.12,Moderate_Dry,0"
"2026-07-26 04:00:00,Punjab,Arid,8.33,95.79,30.21,60.55,31.53,27.44,Normal,0"
"2026-07-26 05:00:00,Maharashtra,Laterite,5.7,65.89,41.22,64.95,33.47,27.58,Normal,0"
"2026-07-26 06:00:00,Karnataka,Arid,8.46,77.85,47.4,44.97,22.69,22.71,Moderate_Dry,0"
"2026-07-26 07:00:00,Punjab,Alluvial,7.03,120.34,78.33,32.84,11.85,25.22,Critical_Dry,1"
"2026-07-26 08:00:00,Maharashtra,Alluvial,5.47,79.89,78.76,26.01,30.45,25.92,Normal,0"
"2026-07-26 09:00:00,Gujarat,Alluvial,6.25,98.3,16.86,62.4,37.68,18.28,Normal,0"
"2026-07-26 10:00:00,Maharashtra,Alluvial,7.46,98.81,47.67,28.15,44.91,37.34,Normal,0"
"2026-07-26 11:00:00,Maharashtra,Black,6.29,116.43,67.2,40.72,16.25,40.98,Moderate_Dry,0"
"2026-07-26 12:00:00,Tamil Nadu,Arid,4.77,96.58,26.64,29.03,33.91,24.94,Normal,0"
"2026-07-26 13:00:00,Maharashtra,Red,5.17,27.78,62.54,26.46,9.04,20.69,Critical_Dry,1"
"2026-07-26 14:00:00,Karnataka,Laterite,7.67,61.06,71.5,107.66,43.88,40.89,Normal,0"
"2026-07-26 15:00:00,Maharashtra,Alluvial,7.09,138.72,56.37,85.77,8.46,35.77,Critical_Dry,1"
"2026-07-26 16:00:00,Karnataka,Arid,6.78,43.58,32.94,111.99,21.28,39.39,Moderate_Dry,0"
"2026-07-26 17:00:00,Gujarat,Alluvial,5.17,90.41,74.62,82.62,10.83,26.66,Critical_Dry,1"
"2026-07-26 18:00:00,Karnataka,Alluvial,7.85,121.15,71.85,103.61,30.98,29.62,Normal,0"
"2026-07-26 19:00:00,Gujarat,Alluvial,8.34,90.39,60.11,73.31,20.56,40.33,Moderate_Dry,0"
"2026-07-26 20:00:00,Gujarat,Alluvial,4.66,64.67,35.46,63.58,35.12,29.03,Normal,0"
"2026-07-26 21:00:00,Karnataka,Alluvial,4.81,29.63,65.43,70.49,26.0,34.13,Normal,0"
"2026-07-26 22:00:00,Punjab,Laterite,8.04,63.4,32.13,48.62,23.52,34.92,Normal,0"
"2026-07-26 23:00:00,Uttar Pradesh,Arid,7.76,41.85,27.71,84.09,20.9,38.09,Moderate_Dry,0"
"2026-07-27 00:00:00,Maharashtra,Alluvial,6.97,135.3,46.05,109.2,11.19,41.4,Critical_Dry,1"
"2026-07-27 01:00:00,Tamil Nadu,Alluvial,8.28,105.8,79.8,97.15,15.58,26.04,Moderate_Dry,0"
"2026-07-27 02:00:00,Uttar Pradesh,Alluvial,7.09,109.93,66.3,63.51,31.65,23.94,Normal,0"
"2026-07-27 03:00:00,Maharashtra,Alluvial,5.36,72.32,61.09,115.16,26.38,19.86,Normal,0"
"2026-07-27 04:00:00,Maharashtra,Black,7.41,33.2,41.64,118.47,10.59,38.56,Critical_Dry,1"
"2026-07-27 05:00:00,Gujarat,Black,7.08,52.01,31.84,66.78,28.13,25.02,Normal,0"
"2026-07-27 06:00:00,Maharashtra,Red,8.44,51.17,69.91,105.79,10.0,19.19,Critical_Dry,1"
"2026-07-27 07:00:00,Tamil Nadu,Alluvial,5.36,78.41,49.74,15.5,26.93,38.77,Normal,0"
"2026-07-27 08:00:00,Maharashtra,Red,6.89,75.32,66.93,22.0,43.7,30.24,Normal,0"
"2026-07-27 09:00:00,Karnataka,Laterite,7.62,72.01,44.14,17.35,19.37,38.12,Moderate_Dry,0"
"2026-07-27 10:00:00,Uttar Pradesh,Red,5.86,79.52,62.78,96.18,34.77,31.31,Normal,0"
"2026-07-27 11:00:00,Karnataka,Arid,6.02,138.44,70.74,23.38,35.59,25.53,Normal,0"
"2026-07-27 12:00:00,Tamil Nadu,Black,8.05,55.8,37.4,16.79,22.98,21.11,Moderate_Dry,0"
"2026-07-27 13:00:00,Maharashtra,Black,6.12,93.83,10.95,30.48,29.95,28.49,Normal,0"
"2026-07-27 14:00:00,Tamil Nadu,Alluvial,7.0,48.74,27.84,47.16,25.47,18.64,Normal,0"
"2026-07-27 15:00:00,Gujarat,Alluvial,8.06,75.99,74.04,63.79,18.48,32.46,Moderate_Dry,0"
"2026-07-27 16:00:00,Karnataka,Laterite,5.34,44.01,58.13,21.87,35.93,28.26,Normal,0"
"2026-07-27 17:00:00,Karnataka,Laterite,8.43,86.98,61.61,67.39,34.0,21.4,Normal,0"
"2026-07-27 18:00:00,Punjab,Arid,7.31,51.8,32.77,41.05,41.32,30.73,Normal,0"
"2026-07-27 19:00:00,Maharashtra,Alluvial,6.48,24.41,59.09,43.81,30.87,37.22,Normal,0"
"2026-07-27 20:00:00,Gujarat,Alluvial,6.22,117.83,55.24,101.3,22.38,41.4,Moderate_Dry,0"
"2026-07-27 21:00:00,Karnataka,Laterite,8.32,35.39,22.49,118.63,34.42,30.66,Normal,0"
"2026-07-27 22:00:00,Karnataka,Laterite,5.32,64.16,77.81,63.71,30.9,21.11,Normal,0"
"2026-07-27 23:00:00,Gujarat,Laterite,5.75,77.26,34.78,48.79,30.81,37.46,Normal,0"
"2026-07-28 00:00:00,Tamil Nadu,Black,5.73,71.9,33.05,112.8,39.44,34.7,Normal,0"
"2026-07-28 01:00:00,Tamil Nadu,Red,5.66,107.08,35.84,67.55,41.69,40.9,Normal,0"
"2026-07-28 02:00:00,Maharashtra,Red,6.37,91.61,16.42,91.69,14.67,30.85,Critical_Dry,1"
"2026-07-28 03:00:00,Punjab,Alluvial,8.46,55.44,53.75,58.44,19.62,26.57,Moderate_Dry,0"
"2026-07-28 04:00:00,Karnataka,Black,8.06,26.2,26.7,36.27,32.06,41.11,Normal,0"
"2026-07-28 05:00:00,Punjab,Laterite,5.81,112.11,66.23,83.76,28.62,30.92,Normal,0"
"2026-07-28 06:00:00,Tamil Nadu,Alluvial,6.19,62.3,37.59,84.81,32.14,18.38,Normal,0"
"2026-07-28 07:00:00,Tamil Nadu,Black,7.18,126.77,42.1,63.32,24.02,29.37,Normal,0"
