timestamp,farm_id,water_storage,release_rate,remaining_capacity,status
2026-01-01 00:00:00,F0229,73.86,0.32,63.94,Healthy
2026-01-01 00:05:00,F0090,97.16,3.45,73.65,Critical
2026-01-01 00:10:00,F0518,54.83,0.34,42.19,Critical
2026-01-01 00:15:00,F0559,65.92,1.15,2.65,Low
2026-01-01 00:20:00,F0007,85.14,3.03,22.04,Healthy
2026-01-01 00:25:00,F0981,74.5,1.83,69.81,Low
2026-01-01 00:30:00,F0353,42.45,2.02,10.22,Critical
2026-01-01 00:35:00,F0128,60.24,0.41,26.45,Low
2026-01-01 00:40:00,F0907,65.79,1.61,7.88,Low
2026-01-01 00:45:00,F0234,59.68,3.58,57.74,Low
2026-01-01 00:50:00,F0390,99.8,4.31,98.52,Low
2026-01-01 00:55:00,F0364,54.23,4.2,45.34,Healthy
2026-01-01 01:00:00,F0074,89.56,3.57,67.02,Critical
2026-01-01 01:05:00,F0474,72.44,2.76,63.5,Low
2026-01-01 01:10:00,F0225,77.23,4.64,26.99,Critical
2026-01-01 01:15:00,F0842,36.21,3.89,32.43,Healthy
2026-01-01 01:20:00,F0936,81.79,2.13,80.5,Critical
2026-01-01 01:25:00,F0406,95.74,1.71,87.64,Critical
2026-01-01 01:30:00,F0575,59.24,1.47,45.89,Critical
2026-01-01 01:35:00,F0409,92.47,3.01,26.27,Low
2026-01-01 01:40:00,F0094,61.71,4.99,21.93,Healthy
2026-01-01 01:45:00,F0697,88.33,0.93,86.11,Low
2026-01-01 01:50:00,F0480,83.69,2.05,59.64,Critical
2026-01-01 01:55:00,F0697,95.69,2.86,25.14,Critical
2026-01-01 02:00:00,F0788,77.94,4.45,11.46,Critical
2026-01-01 02:05:00,F0004,44.46,1.61,34.02,Critical
2026-01-01 02:10:00,F0183,93.8,1.46,87.59,Critical
2026-01-01 02:15:00,F0655,93.87,4.38,91.26,Critical
2026-01-01 02:20:00,F0553,90.71,0.93,60.9,Critical
2026-01-01 02:25:00,F0115,95.83,3.07,91.85,Low
2026-01-01 02:30:00,F0060,91.6,4.19,87.87,Healthy
2026-01-01 02:35:00,F0498,88.84,4.75,87.8,Healthy
2026-01-01 02:40:00,F0676,98.08,2.76,97.8,Low
2026-01-01 02:45:00,F0622,97.49,0.99,94.68,Low
2026-01-01 02:50:00,F0707,99.13,4.66,96.44,Healthy
2026-01-01 02:55:00,F0383,90.57,2.12,71.29,Low
2026-01-01 03:00:00,F0066,92.45,2.37,89.96,Low
2026-01-01 03:05:00,F0008,59.71,2.86,2.1,Healthy
2026-01-01 03:10:00,F0033,72.75,0.48,70.78,Low
2026-01-01 03:15:00,F0220,69.24,1.34,7.09,Critical
2026-01-01 03:20:00,F0485,62.78,4.69,13.23,Healthy
2026-01-01 03:25:00,F0100,82.56,4.08,78.46,Critical
2026-01-01 03:30:00,F0747,69.68,2.23,43.11,Healthy
2026-01-01 03:35:00,F0413,70.55,4.92,67.34,Critical
2026-01-01 03:40:00,F0195,50.36,4.34,33.93,Critical
2026-01-01 03:45:00,F0256,60.22,2.23,44.86,Healthy
2026-01-01 03:50:00,F0052,74.96,4.33,44.31,Critical
2026-01-01 03:55:00,F0949,100.0,4.21,99.93,Healthy
2026-01-01 04:00:00,F0411,34.45,2.53,16.63,Healthy
2026-01-01 04:05:00,F0949,49.08,0.21,16.46,Low
2026-01-01 04:10:00,F0803,80.74,3.54,28.52,Critical
2026-01-01 04:15:00,F0223,72.61,2.54,66.19,Healthy
2026-01-01 04:20:00,F0059,89.39,2.8,57.92,Healthy
2026-01-01 04:25:00,F0162,93.88,2.61,58.42,Healthy
2026-01-01 04:30:00,F0610,96.81,0.58,96.08,Healthy
2026-01-01 04:35:00,F0912,71.41,1.33,67.52,Critical
2026-01-01 04:40:00,F0430,71.31,3.05,24.62,Critical
2026-01-01 04:45:00,F0210,97.28,2.71,58.37,Critical
2026-01-01 04:50:00,F0688,82.85,1.35,71.62,Critical
2026-01-01 04:55:00,F0075,82.63,1.72,30.0,Healthy
2026-01-01 05:00:00,F0076,99.79,4.99,45.83,Critical
2026-01-01 05:05:00,F0903,94.75,1.47,21.32,Healthy
2026-01-01 05:10:00,F0854,89.83,1.97,87.93,Critical
2026-01-01 05:15:00,F0670,99.62,3.14,70.35,Critical
2026-01-01 05:20:00,F0680,30.48,4.12,0.78,Healthy
2026-01-01 05:25:00,F0110,94.6,0.84,93.89,Critical
2026-01-01 05:30:00,F0735,82.34,1.51,55.32,Low
2026-01-01 05:35:00,F0501,41.38,3.24,20.36,Low
2026-01-01 05:40:00,F0434,91.4,4.26,90.53,Low
2026-01-01 05:45:00,F0269,16.92,1.8,4.41,Healthy
2026-01-01 05:50:00,F0010,85.19,2.85,74.12,Healthy
2026-01-01 05:55:00,F0559,91.12,4.44,7.52,Healthy
2026-01-01 06:00:00,F0131,85.91,3.0,83.46,Healthy
2026-01-01 06:05:00,F0882,85.9,4.52,30.83,Healthy
2026-01-01 06:10:00,F0106,92.41,1.21,89.89,Low
2026-01-01 06:15:00,F0636,86.95,4.44,78.01,Critical
2026-01-01 06:20:00,F1000,88.55,4.66,15.46,Healthy
2026-01-01 06:25:00,F0341,96.88,0.32,88.14,Low
2026-01-01 06:30:00,F0274,96.26,4.35,80.22,Healthy
2026-01-01 06:35:00,F0880,97.28,0.72,78.74,Low
2026-01-01 06:40:00,F0313,58.03,4.12,22.24,Healthy
2026-01-01 06:45:00,F0286,53.25,3.37,22.29,Healthy
2026-01-01 06:50:00,F0410,98.81,1.54,96.69,Critical
2026-01-01 06:55:00,F0119,99.89,2.77,98.11,Low
2026-01-01 07:00:00,F0112,39.67,4.82,17.86,Critical
2026-01-01 07:05:00,F0621,61.2,3.7,43.46,Critical
2026-01-01 07:10:00,F0046,28.37,4.52,11.56,Critical
2026-01-01 07:15:00,F0704,89.09,2.7,43.61,Critical
2026-01-01 07:20:00,F0442,95.21,3.74,94.03,Healthy
2026-01-01 07:25:00,F0680,98.07,4.62,94.89,Healthy
2026-01-01 07:30:00,F0419,80.65,1.64,71.98,Low
2026-01-01 07:35:00,F0431,47.85,1.62,40.24,Critical
2026-01-01 07:40:00,F0631,99.42,3.45,94.04,Critical
2026-01-01 07:45:00,F0294,30.12,2.83,30.09,Healthy
2026-01-01 07:50:00,F0477,80.31,2.98,42.99,Low
2026-01-01 07:55:00,F0923,70.61,1.23,44.22,Critical
2026-01-01 08:00:00,F0649,59.77,0.61,16.97,Critical
2026-01-01 08:05:00,F0689,83.46,4.13,33.52,Low
2026-01-01 08:10:00,F0251,24.35,1.16,22.46,Low
2026-01-01 08:15:00,F0908,78.83,3.89,61.13,Critical
2026-01-01 08:20:00,F0410,73.86,3.65,57.57,Healthy
2026-01-01 08:25:00,F0882,90.85,3.5,14.76,Healthy
2026-01-01 08:30:00,F0713,95.66,1.25,77.84,Critical
2026-01-01 08:35:00,F0125,95.58,2.88,46.45,Low
2026-01-01 08:40:00,F0573,59.36,2.43,13.33,Critical
2026-01-01 08:45:00,F0835,61.94,3.83,31.73,Critical
2026-01-01 08:50:00,F0457,98.99,2.25,89.2,Healthy
2026-01-01 08:55:00,F0254,81.01,2.48,74.37,Critical
2026-01-01 09:00:00,F0245,62.75,3.93,27.73,Low
2026-01-01 09:05:00,F0344,57.12,3.63,43.99,Low
2026-01-01 09:10:00,F0393,90.91,0.59,89.3,Critical
2026-01-01 09:15:00,F0339,50.43,1.23,15.28,Critical
2026-01-01 09:20:00,F0399,91.07,0.5,46.59,Critical
2026-01-01 09:25:00,F0590,99.36,0.29,94.61,Low
2026-01-01 09:30:00,F0400,63.32,4.73,47.7,Low
2026-01-01 09:35:00,F0920,90.76,3.73,53.82,Healthy
2026-01-01 09:40:00,F0399,73.68,1.51,48.82,Low
2026-01-01 09:45:00,F0861,90.87,4.03,66.89,Low
2026-01-01 09:50:00,F0929,96.25,4.91,91.95,Low
2026-01-01 09:55:00,F0439,62.62,3.38,59.19,Healthy
2026-01-01 10:00:00,F0336,90.15,1.07,86.69,Healthy
2026-01-01 10:05:00,F0285,93.44,1.82,45.47,Low
2026-01-01 10:10:00,F0553,26.68,0.59,25.23,Healthy
2026-01-01 10:15:00,F0800,100.0,1.88,99.99,Critical
2026-01-01 10:20:00,F0860,27.76,0.35,4.03,Healthy
2026-01-01 10:25:00,F0118,80.06,1.35,62.13,Critical
2026-01-01 10:30:00,F0378,96.12,2.43,94.78,Healthy
2026-01-01 10:35:00,F0797,88.9,4.83,60.59,Healthy
2026-01-01 10:40:00,F0320,96.56,0.72,96.47,Critical
2026-01-01 10:45:00,F0733,80.53,4.8,67.73,Healthy
2026-01-01 10:50:00,F0105,65.56,3.51,7.6,Critical
2026-01-01 10:55:00,F0124,90.91,4.28,77.25,Critical
2026-01-01 11:00:00,F0380,87.57,1.87,78.26,Healthy
2026-01-01 11:05:00,F0843,92.57,1.84,50.6,Low
2026-01-01 11:10:00,F0849,67.4,4.81,10.55,Low
2026-01-01 11:15:00,F0989,92.21,2.29,70.73,Critical
2026-01-01 11:20:00,F0496,66.29,4.08,27.01,Low
2026-01-01 11:25:00,F0873,58.71,3.71,43.56,Healthy
2026-01-01 11:30:00,F0250,98.0,0.62,83.07,Low
2026-01-01 11:35:00,F0507,71.45,3.41,56.98,Low
2026-01-01 11:40:00,F0349,83.46,1.22,18.18,Low
2026-01-01 11:45:00,F0011,91.34,3.57,88.03,Critical
2026-01-01 11:50:00,F0501,98.55,0.61,94.81,Critical
2026-01-01 11:55:00,F0503,91.44,3.51,75.82,Low
2026-01-01 12:00:00,F0709,83.88,0.65,79.29,Healthy
2026-01-01 12:05:00,F0544,63.45,2.99,30.62,Low
2026-01-01 12:10:00,F0720,61.55,3.78,42.55,Low
2026-01-01 12:15:00,F0198,35.89,1.41,27.09,Low
2026-01-01 12:20:00,F0190,79.06,2.77,11.96,Healthy
2026-01-01 12:25:00,F0779,78.42,2.52,21.64,Critical
2026-01-01 12:30:00,F0304,93.25,4.91,59.68,Healthy
2026-01-01 12:35:00,F0130,81.34,1.65,36.09,Low
2026-01-01 12:40:00,F0967,32.43,0.46,4.55,Healthy
2026-01-01 12:45:00,F0013,67.5,3.81,63.79,Critical
2026-01-01 12:50:00,F0989,52.81,2.5,28.43,Healthy
2026-01-01 12:55:00,F0067,33.78,4.34,25.25,Low
2026-01-01 13:00:00,F0156,84.06,2.97,49.17,Healthy
2026-01-01 13:05:00,F0255,82.72,4.76,81.11,Healthy
2026-01-01 13:10:00,F0634,82.15,2.2,55.81,Healthy
2026-01-01 13:15:00,F0305,97.95,2.03,77.57,Critical
2026-01-01 13:20:00,F0625,99.62,1.67,99.0,Critical
2026-01-01 13:25:00,F0271,66.27,3.86,9.92,Critical
2026-01-01 13:30:00,F0161,58.84,1.35,8.12,Healthy
2026-01-01 13:35:00,F0034,68.65,3.51,40.85,Healthy
2026-01-01 13:40:00,F0073,90.01,1.56,28.81,Critical
2026-01-01 13:45:00,F0604,84.0,1.47,23.34,Critical
2026-01-01 13:50:00,F0231,82.64,1.15,80.39,Critical
2026-01-01 13:55:00,F0062,27.0,1.48,14.9,Healthy
2026-01-01 14:00:00,F0944,96.35,3.06,79.26,Low
2026-01-01 14:05:00,F0413,60.97,2.45,43.92,Low
2026-01-01 14:10:00,F0041,54.07,2.57,50.05,Low
2026-01-01 14:15:00,F0235,74.14,3.1,73.45,Critical
2026-01-01 14:20:00,F0784,99.19,2.96,83.6,Critical
2026-01-01 14:25:00,F0180,95.77,2.97,82.14,Low
2026-01-01 14:30:00,F0600,65.28,2.32,51.9,Low
2026-01-01 14:35:00,F0357,66.81,2.56,63.48,Low
2026-01-01 14:40:00,F0338,90.52,3.42,33.33,Low
2026-01-01 14:45:00,F0834,98.32,1.58,69.37,Critical
2026-01-01 14:50:00,F0119,27.98,0.62,3.67,Low
2026-01-01 14:55:00,F0891,86.51,4.16,86.49,Critical
2026-01-01 15:00:00,F0638,74.09,0.46,46.2,Low
2026-01-01 15:05:00,F0563,70.17,3.85,62.54,Healthy
2026-01-01 15:10:00,F0125,97.82,2.3,92.77,Healthy
2026-01-01 15:15:00,F0163,97.95,3.12,97.31,Low
2026-01-01 15:20:00,F0862,59.27,2.85,55.08,Healthy
2026-01-01 15:25:00,F0511,90.96,0.76,46.14,Critical
2026-01-01 15:30:00,F0495,58.61,3.59,29.19,Low
2026-01-01 15:35:00,F0944,53.38,2.85,24.37,Critical
2026-01-01 15:40:00,F0283,93.31,4.42,50.82,Low
2026-01-01 15:45:00,F0003,51.63,3.98,33.99,Low
2026-01-01 15:50:00,F0676,88.49,4.22,72.61,Low
2026-01-01 15:55:00,F0341,93.05,2.34,86.53,Critical
2026-01-01 16:00:00,F0891,98.41,2.01,76.29,Healthy
2026-01-01 16:05:00,F0877,98.82,1.35,98.08,Low
2026-01-01 16:10:00,F0831,71.81,3.77,4.36,Low
2026-01-01 16:15:00,F0156,89.0,3.39,38.61,Low
2026-01-01 16:20:00,F0340,99.88,0.81,96.48,Healthy
2026-01-01 16:25:00,F0468,94.04,2.31,87.42,Healthy
2026-01-01 16:30:00,F0159,90.42,2.17,72.24,Healthy
2026-01-01 16:35:00,F0710,64.91,4.85,46.95,Low
2026-01-01 16:40:00,F0880,94.83,4.29,64.98,Critical
2026-01-01 16:45:00,F0778,82.56,1.72,38.0,Low
2026-01-01 16:50:00,F0647,88.11,0.37,87.24,Critical
2026-01-01 16:55:00,F0445,98.0,4.99,92.09,Healthy
2026-01-01 17:00:00,F0171,78.45,3.58,76.04,Critical
2026-01-01 17:05:00,F0058,52.67,0.34,29.95,Low
2026-01-01 17:10:00,F0422,51.52,2.27,35.85,Critical
2026-01-01 17:15:00,F0625,73.75,1.06,68.18,Low
2026-01-01 17:20:00,F0147,96.68,1.36,61.97,Healthy
2026-01-01 17:25:00,F0010,59.87,1.42,46.11,Low
2026-01-01 17:30:00,F0453,91.68,3.45,90.12,Low
2026-01-01 17:35:00,F0707,99.95,1.64,98.77,Low
2026-01-01 17:40:00,F0874,99.97,1.65,45.68,Low
2026-01-01 17:45:00,F0303,42.74,2.03,10.67,Critical
2026-01-01 17:50:00,F0282,75.91,4.89,29.52,Healthy
2026-01-01 17:55:00,F0051,88.92,3.49,56.59,Critical
2026-01-01 18:00:00,F0795,97.53,4.2,74.52,Healthy
2026-01-01 18:05:00,F0636,85.72,1.89,60.71,Low
2026-01-01 18:10:00,F0859,89.02,3.66,67.78,Healthy
2026-01-01 18:15:00,F0317,86.85,4.54,62.82,Low
2026-01-01 18:20:00,F0932,16.04,1.95,3.34,Low
2026-01-01 18:25:00,F0806,46.19,2.19,32.67,Critical
2026-01-01 18:30:00,F0280,93.85,1.96,87.65,Healthy
2026-01-01 18:35:00,F0826,61.5,4.16,25.7,Low
2026-01-01 18:40:00,F0987,77.58,1.83,74.66,Healthy
2026-01-01 18:45:00,F0742,87.98,4.84,14.08,Critical
2026-01-01 18:50:00,F0375,99.61,4.84,97.99,Healthy
2026-01-01 18:55:00,F0466,90.3,0.27,79.07,Low
2026-01-01 19:00:00,F0843,86.41,3.43,67.28,Critical
2026-01-01 19:05:00,F0026,95.43,0.72,94.03,Critical
2026-01-01 19:10:00,F0227,99.02,2.89,88.42,Critical
2026-01-01 19:15:00,F0310,91.51,4.15,6.32,Critical
2026-01-01 19:20:00,F0312,96.82,0.87,40.83,Low
2026-01-01 19:25:00,F0398,59.12,1.33,11.61,Low
2026-01-01 19:30:00,F0554,80.91,4.76,37.1,Low
2026-01-01 19:35:00,F0671,95.27,3.69,58.73,Healthy
2026-01-01 19:40:00,F0287,98.99,3.16,83.37,Healthy
2026-01-01 19:45:00,F0242,82.8,1.24,69.03,Low
2026-01-01 19:50:00,F0661,58.97,3.49,9.94,Low
2026-01-01 19:55:00,F0972,97.01,1.52,6.06,Low
2026-01-01 20:00:00,F0995,67.26,1.22,9.17,Healthy
2026-01-01 20:05:00,F0806,98.94,1.8,5.06,Critical
2026-01-01 20:10:00,F0601,64.57,4.18,20.52,Healthy
2026-01-01 20:15:00,F0808,95.78,1.32,81.31,Critical
2026-01-01 20:20:00,F0134,14.71,4.32,0.28,Critical
2026-01-01 20:25:00,F0027,74.6,1.04,25.07,Healthy
2026-01-01 20:30:00,F0332,24.93,3.99,1.49,Healthy
2026-01-01 20:35:00,F0539,78.67,0.45,17.42,Healthy
2026-01-01 20:40:00,F0526,94.35,2.49,74.57,Critical
2026-01-01 20:45:00,F0045,95.14,2.62,10.91,Critical
2026-01-01 20:50:00,F0470,89.63,4.36,78.32,Critical
2026-01-01 20:55:00,F0412,98.12,0.49,96.4,Low
2026-01-01 21:00:00,F0076,97.17,2.55,68.61,Healthy
2026-01-01 21:05:00,F0640,40.76,0.91,32.21,Critical
2026-01-01 21:10:00,F0612,74.33,3.62,58.54,Critical
2026-01-01 21:15:00,F0813,59.82,2.63,29.49,Critical
2026-01-01 21:20:00,F0565,89.17,3.34,11.44,Critical
2026-01-01 21:25:00,F0424,98.49,2.26,86.55,Low
2026-01-01 21:30:00,F0321,95.33,2.11,82.74,Low
2026-01-01 21:35:00,F0704,96.81,1.42,31.25,Low
2026-01-01 21:40:00,F0099,15.41,4.19,6.71,Critical
2026-01-01 21:45:00,F0601,88.41,4.1,73.88,Critical
2026-01-01 21:50:00,F0895,74.18,3.42,56.17,Critical
2026-01-01 21:55:00,F0053,99.5,2.23,94.11,Low
2026-01-01 22:00:00,F0218,83.13,1.89,60.04,Healthy
2026-01-01 22:05:00,F0866,69.39,1.28,65.67,Critical
2026-01-01 22:10:00,F0827,73.07,3.86,36.76,Low
2026-01-01 22:15:00,F0629,97.19,4.88,84.52,Critical
2026-01-01 22:20:00,F0850,97.47,0.33,64.27,Critical
2026-01-01 22:25:00,F0317,78.22,1.07,26.74,Low
2026-01-01 22:30:00,F0674,44.4,1.07,35.1,Low
2026-01-01 22:35:00,F0094,97.38,3.76,6.96,Critical
2026-01-01 22:40:00,F0162,74.35,2.01,53.05,Low
2026-01-01 22:45:00,F0611,95.97,1.76,31.16,Healthy
2026-01-01 22:50:00,F0051,97.13,0.95,88.33,Critical
2026-01-01 22:55:00,F0622,47.1,2.33,8.16,Low
2026-01-01 23:00:00,F0354,71.43,1.23,41.42,Low
2026-01-01 23:05:00,F0540,63.83,3.46,11.09,Critical
2026-01-01 23:10:00,F0057,98.92,1.26,30.84,Healthy
2026-01-01 23:15:00,F0783,81.49,4.74,20.44,Low
2026-01-01 23:20:00,F0441,64.28,0.78,28.94,Healthy
2026-01-01 23:25:00,F0573,32.96,2.76,12.92,Critical
2026-01-01 23:30:00,F0044,97.32,0.55,80.62,Low
2026-01-01 23:35:00,F0590,86.47,4.62,1.87,Low
2026-01-01 23:40:00,F0118,75.16,3.61,57.34,Low
2026-01-01 23:45:00,F0633,80.55,1.76,2.09,Low
2026-01-01 23:50:00,F0865,84.68,4.61,83.2,Healthy
2026-01-01 23:55:00,F0406,63.98,3.03,24.33,Low
2026-01-02 00:00:00,F0079,94.39,1.26,74.58,Critical
2026-01-02 00:05:00,F0795,70.43,2.75,63.32,Low
2026-01-02 00:10:00,F0152,76.99,4.8,35.11,Healthy
2026-01-02 00:15:00,F0157,25.85,1.43,10.28,Critical
2026-01-02 00:20:00,F0476,65.6,4.77,7.54,Critical
2026-01-02 00:25:00,F0579,98.18,2.35,75.99,Critical
2026-01-02 00:30:00,F0643,95.05,3.2,63.53,Low
2026-01-02 00:35:00,F0311,52.64,0.53,15.1,Low
2026-01-02 00:40:00,F0473,62.17,1.89,59.14,Low
2026-01-02 00:45:00,F0661,31.39,1.97,3.76,Healthy
2026-01-02 00:50:00,F0568,79.31,2.63,61.5,Critical
2026-01-02 00:55:00,F0668,98.02,2.36,89.59,Healthy
2026-01-02 01:00:00,F0064,42.39,2.48,32.15,Low
2026-01-02 01:05:00,F0732,41.14,4.52,10.35,Healthy
2026-01-02 01:10:00,F0449,62.73,1.03,50.45,Low
2026-01-02 01:15:00,F0940,69.73,3.13,52.41,Low
2026-01-02 01:20:00,F0054,80.33,3.92,38.74,Critical
2026-01-02 01:25:00,F0695,68.06,0.52,64.73,Low
2026-01-02 01:30:00,F0929,75.41,3.67,28.41,Critical
2026-01-02 01:35:00,F0145,94.71,1.8,87.33,Low
2026-01-02 01:40:00,F0133,76.69,3.35,31.02,Critical
2026-01-02 01:45:00,F0659,87.16,0.61,70.88,Low
2026-01-02 01:50:00,F0757,96.8,3.42,81.32,Critical
2026-01-02 01:55:00,F0521,97.11,0.65,91.24,Low
2026-01-02 02:00:00,F0350,95.21,1.68,1.82,Low
2026-01-02 02:05:00,F0303,31.72,5.0,19.2,Healthy
2026-01-02 02:10:00,F0540,87.13,2.79,50.77,Healthy
2026-01-02 02:15:00,F0612,87.09,4.41,66.19,Low
2026-01-02 02:20:00,F0640,74.02,1.07,15.43,Healthy
2026-01-02 02:25:00,F0737,82.28,0.41,72.12,Healthy
2026-01-02 02:30:00,F0803,99.25,3.13,96.96,Low
2026-01-02 02:35:00,F0804,97.36,1.35,23.4,Low
2026-01-02 02:40:00,F0585,96.91,1.13,90.4,Low
2026-01-02 02:45:00,F0541,66.73,1.55,46.17,Low
2026-01-02 02:50:00,F0142,99.33,4.12,96.63,Low
2026-01-02 02:55:00,F0957,40.4,2.51,5.22,Healthy
2026-01-02 03:00:00,F0086,74.74,2.68,71.14,Healthy
2026-01-02 03:05:00,F0448,38.0,4.55,27.28,Healthy
2026-01-02 03:10:00,F0358,97.06,1.27,94.64,Healthy
2026-01-02 03:15:00,F0396,63.37,2.1,41.49,Healthy
2026-01-02 03:20:00,F0860,95.68,0.34,37.49,Critical
2026-01-02 03:25:00,F0294,69.82,4.0,65.0,Low
2026-01-02 03:30:00,F0460,91.05,0.87,69.61,Critical
2026-01-02 03:35:00,F0856,25.99,0.58,0.53,Healthy
2026-01-02 03:40:00,F0114,78.69,3.69,54.88,Low
2026-01-02 03:45:00,F0655,41.94,0.78,23.76,Critical
2026-01-02 03:50:00,F0612,94.85,0.73,45.71,Critical
2026-01-02 03:55:00,F0148,25.44,2.67,1.64,Low
2026-01-02 04:00:00,F0427,56.65,3.15,42.92,Healthy
2026-01-02 04:05:00,F0070,99.15,0.61,66.44,Critical
2026-01-02 04:10:00,F0021,77.55,3.97,54.41,Low
2026-01-02 04:15:00,F0383,92.23,0.41,87.33,Low
2026-01-02 04:20:00,F0247,76.44,1.91,74.73,Critical
2026-01-02 04:25:00,F0775,85.66,0.7,65.71,Low
2026-01-02 04:30:00,F0659,42.68,1.89,13.34,Healthy
2026-01-02 04:35:00,F0491,99.67,3.49,83.04,Critical
2026-01-02 04:40:00,F0967,76.78,0.85,18.23,Low
2026-01-02 04:45:00,F0908,79.88,1.17,3.7,Healthy
2026-01-02 04:50:00,F0835,58.81,1.69,31.56,Critical
2026-01-02 04:55:00,F0293,81.41,0.38,47.34,Low
2026-01-02 05:00:00,F0280,95.25,0.43,86.21,Healthy
2026-01-02 05:05:00,F0451,87.96,2.3,79.93,Low
2026-01-02 05:10:00,F0377,79.65,1.1,33.9,Critical
2026-01-02 05:15:00,F0441,57.8,0.6,26.67,Critical
2026-01-02 05:20:00,F0106,99.65,1.07,99.51,Healthy
2026-01-02 05:25:00,F0735,62.76,1.62,32.79,Low
2026-01-02 05:30:00,F0745,53.92,2.33,16.66,Low
2026-01-02 05:35:00,F0811,86.12,2.29,61.49,Healthy
2026-01-02 05:40:00,F0821,41.11,3.26,7.5,Critical
2026-01-02 05:45:00,F0623,72.52,4.77,67.94,Critical
2026-01-02 05:50:00,F0798,79.6,0.37,78.13,Critical
2026-01-02 05:55:00,F0620,72.58,2.04,36.63,Healthy
2026-01-02 06:00:00,F0782,79.85,4.75,67.91,Healthy
2026-01-02 06:05:00,F0666,74.35,2.74,57.39,Low
2026-01-02 06:10:00,F0512,80.17,0.74,24.96,Critical
2026-01-02 06:15:00,F0267,54.75,2.9,38.7,Critical
2026-01-02 06:20:00,F0939,60.44,4.98,44.63,Low
2026-01-02 06:25:00,F0177,25.94,0.85,20.02,Critical
2026-01-02 06:30:00,F0866,82.35,0.62,44.51,Low
2026-01-02 06:35:00,F0298,85.05,3.61,66.78,Low
2026-01-02 06:40:00,F0654,98.92,3.62,85.14,Healthy
2026-01-02 06:45:00,F0206,81.87,2.64,79.37,Healthy
2026-01-02 06:50:00,F0587,51.22,2.57,23.67,Low
2026-01-02 06:55:00,F0906,53.65,4.92,46.74,Healthy
2026-01-02 07:00:00,F0491,73.55,2.11,6.57,Critical
2026-01-02 07:05:00,F0129,74.95,2.17,41.08,Low
2026-01-02 07:10:00,F0353,88.56,2.36,64.23,Healthy
2026-01-02 07:15:00,F0187,95.61,3.95,87.8,Healthy
2026-01-02 07:20:00,F0128,46.4,4.57,43.26,Critical
2026-01-02 07:25:00,F0727,42.63,0.99,15.3,Healthy
2026-01-02 07:30:00,F0867,93.13,4.72,34.6,Healthy
2026-01-02 07:35:00,F0129,66.34,3.25,25.06,Critical
2026-01-02 07:40:00,F0173,65.32,2.76,30.28,Critical
2026-01-02 07:45:00,F0738,98.01,0.94,94.16,Critical
2026-01-02 07:50:00,F0885,36.49,4.63,33.76,Healthy
2026-01-02 07:55:00,F0272,78.96,4.75,8.12,Critical
2026-01-02 08:00:00,F0032,69.86,2.95,21.08,Low
2026-01-02 08:05:00,F0310,96.03,2.82,88.9,Low
2026-01-02 08:10:00,F0465,55.15,4.08,24.49,Healthy
2026-01-02 08:15:00,F0476,81.8,0.96,68.86,Healthy
2026-01-02 08:20:00,F0327,90.86,0.89,34.02,Critical
2026-01-02 08:25:00,F0779,99.28,1.86,98.8,Low
2026-01-02 08:30:00,F0126,63.22,0.71,51.5,Low
2026-01-02 08:35:00,F0969,47.75,0.88,44.96,Low
2026-01-02 08:40:00,F0924,99.49,2.21,86.42,Healthy
2026-01-02 08:45:00,F0195,94.8,4.68,81.35,Healthy
2026-01-02 08:50:00,F0316,74.85,2.67,49.83,Low
2026-01-02 08:55:00,F0990,51.69,4.74,2.32,Healthy
2026-01-02 09:00:00,F0507,25.48,1.89,21.51,Critical
2026-01-02 09:05:00,F0550,93.77,3.34,88.23,Healthy
2026-01-02 09:10:00,F0745,98.2,2.27,84.72,Low
2026-01-02 09:15:00,F0584,85.85,1.96,76.39,Critical
2026-01-02 09:20:00,F0517,25.39,2.86,19.47,Low
2026-01-02 09:25:00,F0697,99.74,1.54,76.44,Critical
2026-01-02 09:30:00,F0814,46.59,4.88,11.88,Low
2026-01-02 09:35:00,F0617,62.16,1.95,55.78,Critical
2026-01-02 09:40:00,F0731,42.47,0.39,40.14,Low
2026-01-02 09:45:00,F0915,83.32,2.69,80.4,Critical
2026-01-02 09:50:00,F0403,41.38,4.67,13.98,Critical
2026-01-02 09:55:00,F0849,82.7,1.64,73.93,Critical
2026-01-02 10:00:00,F0836,67.25,3.6,53.23,Healthy
2026-01-02 10:05:00,F0598,98.73,3.43,36.84,Low
2026-01-02 10:10:00,F0028,93.66,3.68,79.68,Critical
2026-01-02 10:15:00,F0795,88.59,4.84,47.46,Critical
2026-01-02 10:20:00,F0175,82.41,3.66,57.76,Critical
2026-01-02 10:25:00,F0152,94.11,3.17,62.9,Critical
2026-01-02 10:30:00,F0196,77.31,2.95,24.22,Healthy
2026-01-02 10:35:00,F0209,67.18,2.21,44.1,Low
2026-01-02 10:40:00,F0869,73.68,3.14,50.18,Critical
2026-01-02 10:45:00,F0575,86.88,3.59,72.74,Low
2026-01-02 10:50:00,F0980,99.88,2.5,99.81,Healthy
2026-01-02 10:55:00,F0693,75.49,2.76,45.97,Critical
2026-01-02 11:00:00,F0496,76.51,4.06,68.07,Healthy
2026-01-02 11:05:00,F0965,97.0,1.54,95.73,Low
2026-01-02 11:10:00,F0501,92.91,3.58,77.12,Low
2026-01-02 11:15:00,F0739,96.59,2.89,47.98,Low
2026-01-02 11:20:00,F0918,67.47,2.95,28.78,Low
2026-01-02 11:25:00,F0298,96.45,4.78,81.84,Healthy
2026-01-02 11:30:00,F0453,53.43,3.63,28.76,Critical
2026-01-02 11:35:00,F0552,40.67,2.5,25.64,Low
2026-01-02 11:40:00,F0631,94.22,3.54,93.3,Critical
2026-01-02 11:45:00,F0544,86.36,1.36,58.68,Healthy
2026-01-02 11:50:00,F0735,78.76,0.45,63.79,Low
2026-01-02 11:55:00,F0564,10.52,3.9,10.05,Healthy
2026-01-02 12:00:00,F0489,92.79,4.69,40.69,Critical
2026-01-02 12:05:00,F0662,45.66,4.83,19.95,Healthy
2026-01-02 12:10:00,F0548,96.08,0.63,90.79,Critical
2026-01-02 12:15:00,F0180,97.6,4.7,72.31,Low
2026-01-02 12:20:00,F0857,99.05,1.04,88.22,Low
2026-01-02 12:25:00,F0894,94.68,1.09,78.8,Low
2026-01-02 12:30:00,F0110,94.67,0.24,87.67,Low
2026-01-02 12:35:00,F0506,67.33,4.95,28.46,Healthy
2026-01-02 12:40:00,F0116,87.98,2.45,85.11,Low
2026-01-02 12:45:00,F0191,37.8,2.4,16.25,Healthy
2026-01-02 12:50:00,F0776,88.62,4.0,73.66,Healthy
2026-01-02 12:55:00,F0847,91.51,4.31,17.55,Low
2026-01-02 13:00:00,F0190,83.97,0.62,51.53,Healthy
2026-01-02 13:05:00,F0393,48.11,4.69,47.75,Healthy
2026-01-02 13:10:00,F0597,62.91,1.48,44.67,Critical
2026-01-02 13:15:00,F0242,72.65,1.46,57.29,Healthy
2026-01-02 13:20:00,F0703,72.09,2.43,66.78,Critical
2026-01-02 13:25:00,F0707,98.23,4.46,92.31,Healthy
2026-01-02 13:30:00,F0227,77.15,4.72,63.87,Healthy
2026-01-02 13:35:00,F0621,97.68,2.5,95.74,Low
2026-01-02 13:40:00,F0551,69.09,2.84,41.58,Critical
2026-01-02 13:45:00,F0611,94.43,3.86,82.56,Healthy
2026-01-02 13:50:00,F0940,69.72,2.74,52.55,Critical
2026-01-02 13:55:00,F0208,91.38,4.18,11.22,Critical
2026-01-02 14:00:00,F0453,93.26,0.99,53.67,Healthy
2026-01-02 14:05:00,F0921,83.66,3.64,68.03,Critical
2026-01-02 14:10:00,F0426,51.87,0.47,44.55,Low
2026-01-02 14:15:00,F0316,85.73,2.88,56.39,Critical
2026-01-02 14:20:00,F0224,2.47,1.42,2.18,Critical
2026-01-02 14:25:00,F0555,72.23,2.23,7.3,Healthy
2026-01-02 14:30:00,F0033,99.57,0.53,93.46,Low
2026-01-02 14:35:00,F0747,86.16,3.89,40.89,Critical
2026-01-02 14:40:00,F0460,99.61,2.0,96.38,Low
2026-01-02 14:45:00,F0553,78.88,3.48,37.56,Healthy
2026-01-02 14:50:00,F0551,71.53,1.87,65.35,Low
2026-01-02 14:55:00,F0004,63.37,3.69,52.88,Healthy
2026-01-02 15:00:00,F0435,99.4,2.42,97.85,Critical
2026-01-02 15:05:00,F0159,66.52,1.3,37.93,Low
2026-01-02 15:10:00,F0033,80.97,4.4,18.85,Critical
2026-01-02 15:15:00,F0017,93.25,3.88,41.92,Healthy
2026-01-02 15:20:00,F0613,23.28,0.68,20.61,Critical
2026-01-02 15:25:00,F0412,92.3,0.43,70.33,Low
2026-01-02 15:30:00,F0058,89.57,1.24,23.43,Healthy
2026-01-02 15:35:00,F0750,90.86,1.59,50.39,Critical
2026-01-02 15:40:00,F0329,77.7,3.07,31.89,Healthy
2026-01-02 15:45:00,F0227,76.28,0.89,30.18,Low
2026-01-02 15:50:00,F0901,96.4,0.49,30.05,Critical
2026-01-02 15:55:00,F0508,94.94,3.2,91.16,Healthy
2026-01-02 16:00:00,F0805,99.09,4.72,97.23,Critical
2026-01-02 16:05:00,F0386,42.04,2.2,31.87,Healthy
2026-01-02 16:10:00,F0308,96.3,2.47,75.44,Critical
2026-01-02 16:15:00,F0423,19.37,2.42,14.44,Low
2026-01-02 16:20:00,F0209,66.48,0.84,55.73,Low
2026-01-02 16:25:00,F0095,94.6,4.63,64.67,Critical
2026-01-02 16:30:00,F0690,79.85,1.11,72.46,Critical
2026-01-02 16:35:00,F0780,67.76,4.39,60.29,Critical
2026-01-02 16:40:00,F0891,85.65,2.88,72.43,Low
2026-01-02 16:45:00,F0195,45.08,4.56,30.32,Critical
2026-01-02 16:50:00,F0249,54.0,5.0,11.73,Critical
2026-01-02 16:55:00,F0566,96.64,1.18,60.44,Low
2026-01-02 17:00:00,F0368,89.53,2.03,77.55,Low
2026-01-02 17:05:00,F0101,62.88,2.66,26.16,Critical
2026-01-02 17:10:00,F0380,95.46,4.23,46.95,Low
2026-01-02 17:15:00,F0150,54.36,2.9,41.39,Healthy
2026-01-02 17:20:00,F0428,68.89,4.69,26.08,Low
2026-01-02 17:25:00,F0854,47.44,1.78,15.24,Healthy
2026-01-02 17:30:00,F0264,84.22,3.34,49.93,Low
2026-01-02 17:35:00,F0173,98.29,3.28,96.65,Critical
2026-01-02 17:40:00,F0501,94.27,1.01,79.5,Healthy
2026-01-02 17:45:00,F0061,97.02,2.8,91.69,Critical
2026-01-02 17:50:00,F0685,94.7,4.26,3.38,Healthy
2026-01-02 17:55:00,F0237,96.29,2.18,76.43,Healthy
2026-01-02 18:00:00,F0383,85.53,0.24,70.72,Healthy
2026-01-02 18:05:00,F0495,85.34,3.4,61.78,Critical
2026-01-02 18:10:00,F0013,77.04,0.23,48.79,Healthy
2026-01-02 18:15:00,F0018,98.94,1.52,52.94,Critical
2026-01-02 18:20:00,F0932,96.38,3.44,81.32,Healthy
2026-01-02 18:25:00,F0197,24.0,0.66,10.7,Critical
2026-01-02 18:30:00,F0407,65.31,4.11,52.65,Healthy
2026-01-02 18:35:00,F0714,72.73,2.15,37.31,Healthy
2026-01-02 18:40:00,F0879,35.64,4.17,30.0,Critical
2026-01-02 18:45:00,F0566,85.08,0.65,75.96,Low
2026-01-02 18:50:00,F0512,21.79,0.25,5.61,Low
2026-01-02 18:55:00,F0998,99.19,1.79,64.49,Healthy
2026-01-02 19:00:00,F0923,91.9,4.61,89.48,Critical
2026-01-02 19:05:00,F0077,89.28,2.48,88.76,Critical
2026-01-02 19:10:00,F0034,96.75,4.52,92.56,Healthy
2026-01-02 19:15:00,F0602,99.73,1.71,92.88,Healthy
2026-01-02 19:20:00,F0079,85.1,3.62,75.23,Low
2026-01-02 19:25:00,F0399,86.15,1.35,16.25,Critical
2026-01-02 19:30:00,F0144,97.47,1.79,89.65,Critical
2026-01-02 19:35:00,F0055,99.29,2.6,72.42,Healthy
2026-01-02 19:40:00,F0788,62.88,4.23,43.71,Critical
2026-01-02 19:45:00,F0031,98.98,2.1,95.49,Critical
2026-01-02 19:50:00,F0365,62.98,4.96,27.33,Critical
2026-01-02 19:55:00,F0677,98.11,2.27,94.11,Low
2026-01-02 20:00:00,F0731,81.54,3.17,8.57,Healthy
2026-01-02 20:05:00,F0650,73.53,0.94,8.2,Healthy
2026-01-02 20:10:00,F0006,76.74,1.72,73.97,Low
2026-01-02 20:15:00,F0090,50.15,3.85,44.47,Healthy
2026-01-02 20:20:00,F0106,72.26,2.87,43.1,Healthy
2026-01-02 20:25:00,F0804,63.3,2.86,8.96,Low
2026-01-02 20:30:00,F0798,92.01,0.26,86.37,Healthy
2026-01-02 20:35:00,F0249,99.8,2.89,72.48,Critical
2026-01-02 20:40:00,F0276,60.23,3.49,52.11,Low
2026-01-02 20:45:00,F0283,39.07,0.9,26.84,Low
2026-01-02 20:50:00,F0967,55.27,3.96,29.98,Healthy
2026-01-02 20:55:00,F0469,89.3,2.58,72.09,Healthy
2026-01-02 21:00:00,F0862,47.76,0.23,13.55,Critical
2026-01-02 21:05:00,F0441,65.29,4.34,37.99,Critical
2026-01-02 21:10:00,F0971,98.25,0.85,97.42,Critical
2026-01-02 21:15:00,F0992,97.17,1.71,20.09,Low
2026-01-02 21:20:00,F0590,63.93,3.54,29.14,Healthy
2026-01-02 21:25:00,F0374,85.57,1.55,32.59,Healthy
2026-01-02 21:30:00,F0185,99.98,1.16,93.21,Critical
2026-01-02 21:35:00,F0966,93.66,0.33,76.76,Critical
2026-01-02 21:40:00,F0071,86.66,4.03,20.96,Low
2026-01-02 21:45:00,F0259,77.2,0.87,67.3,Critical
2026-01-02 21:50:00,F0460,47.3,2.23,15.41,Critical
2026-01-02 21:55:00,F0943,74.3,2.12,47.92,Critical
2026-01-02 22:00:00,F0719,98.16,0.38,41.83,Critical
2026-01-02 22:05:00,F0255,63.82,4.59,59.38,Critical
2026-01-02 22:10:00,F0577,87.01,1.0,66.47,Critical
2026-01-02 22:15:00,F0989,92.02,2.12,67.75,Low
2026-01-02 22:20:00,F0765,30.44,0.67,10.59,Critical
2026-01-02 22:25:00,F0384,65.57,3.5,55.8,Low
2026-01-02 22:30:00,F0155,83.38,3.46,46.31,Low
2026-01-02 22:35:00,F0943,99.84,2.52,99.77,Healthy
2026-01-02 22:40:00,F0320,24.13,4.72,11.61,Low
2026-01-02 22:45:00,F0488,71.83,1.19,45.53,Healthy
2026-01-02 22:50:00,F0308,61.74,3.54,43.82,Healthy
2026-01-02 22:55:00,F0664,97.14,0.75,81.02,Healthy
2026-01-02 23:00:00,F0250,99.48,0.99,67.71,Critical
2026-01-02 23:05:00,F0982,63.67,0.97,17.45,Low
2026-01-02 23:10:00,F0656,37.36,2.14,23.19,Critical
2026-01-02 23:15:00,F0203,78.09,0.34,43.21,Low
2026-01-02 23:20:00,F0211,87.96,2.07,59.22,Low
2026-01-02 23:25:00,F0105,76.78,4.08,75.23,Critical
2026-01-02 23:30:00,F0269,55.9,1.76,18.7,Critical
2026-01-02 23:35:00,F0612,95.04,2.73,86.26,Low
2026-01-02 23:40:00,F0866,74.65,3.02,61.13,Low
2026-01-02 23:45:00,F0305,88.75,4.11,61.74,Critical
2026-01-02 23:50:00,F0245,71.85,3.43,59.02,Low
2026-01-02 23:55:00,F0398,24.17,1.99,11.69,Low
2026-01-03 00:00:00,F0499,76.71,2.96,59.64,Critical
2026-01-03 00:05:00,F0178,96.79,4.61,53.74,Critical
2026-01-03 00:10:00,F0863,32.28,1.59,16.69,Low
2026-01-03 00:15:00,F0497,98.17,4.35,61.94,Healthy
2026-01-03 00:20:00,F0669,64.71,2.04,19.51,Low
2026-01-03 00:25:00,F0455,82.87,2.56,40.91,Low
2026-01-03 00:30:00,F0226,83.0,2.91,16.73,Low
2026-01-03 00:35:00,F0800,31.19,1.28,3.27,Low
2026-01-03 00:40:00,F0524,78.08,3.91,56.57,Healthy
2026-01-03 00:45:00,F0376,80.48,1.49,57.27,Critical
2026-01-03 00:50:00,F0560,95.01,0.4,82.26,Healthy
2026-01-03 00:55:00,F0770,99.83,0.69,98.98,Healthy
2026-01-03 01:00:00,F0357,61.35,5.0,29.77,Healthy
2026-01-03 01:05:00,F0243,87.42,4.97,43.91,Healthy
2026-01-03 01:10:00,F0728,87.71,3.02,81.07,Critical
2026-01-03 01:15:00,F0212,68.39,1.0,63.28,Healthy
2026-01-03 01:20:00,F0612,90.9,2.94,80.54,Critical
2026-01-03 01:25:00,F0587,41.18,4.9,16.84,Low
2026-01-03 01:30:00,F0835,99.52,2.67,95.24,Healthy
2026-01-03 01:35:00,F0061,49.14,3.8,13.56,Low
2026-01-03 01:40:00,F0256,98.22,0.81,86.7,Healthy
2026-01-03 01:45:00,F0693,93.12,4.18,71.14,Low
2026-01-03 01:50:00,F0425,62.67,2.97,48.95,Low
2026-01-03 01:55:00,F0096,93.43,3.24,45.2,Low
2026-01-03 02:00:00,F0378,96.92,1.54,51.56,Low
2026-01-03 02:05:00,F0793,95.04,1.77,95.03,Critical
2026-01-03 02:10:00,F0715,66.88,4.87,9.31,Low
2026-01-03 02:15:00,F0992,90.97,4.02,85.01,Low
2026-01-03 02:20:00,F0291,88.14,2.57,82.48,Low
2026-01-03 02:25:00,F0808,93.32,0.83,54.73,Low
2026-01-03 02:30:00,F0642,89.91,3.86,89.42,Low
2026-01-03 02:35:00,F0468,17.17,4.66,1.63,Healthy
2026-01-03 02:40:00,F0932,100.0,2.25,99.18,Healthy
2026-01-03 02:45:00,F0898,98.52,1.65,88.21,Low
2026-01-03 02:50:00,F0681,16.8,1.93,9.33,Critical
2026-01-03 02:55:00,F0717,42.04,2.1,16.55,Healthy
2026-01-03 03:00:00,F0219,48.35,0.64,42.92,Low
2026-01-03 03:05:00,F0456,55.69,3.05,7.79,Healthy
2026-01-03 03:10:00,F0881,12.77,1.85,0.81,Low
2026-01-03 03:15:00,F0092,76.41,2.49,69.4,Critical
2026-01-03 03:20:00,F0307,87.73,0.7,80.6,Healthy
2026-01-03 03:25:00,F0657,92.25,4.1,38.27,Critical
2026-01-03 03:30:00,F0666,15.02,2.75,14.29,Healthy
2026-01-03 03:35:00,F0156,79.18,3.67,44.01,Low
2026-01-03 03:40:00,F0919,69.95,2.32,61.61,Healthy
2026-01-03 03:45:00,F0360,76.78,0.79,14.0,Low
2026-01-03 03:50:00,F0087,50.44,0.87,31.45,Healthy
2026-01-03 03:55:00,F0798,82.48,3.08,55.34,Critical
2026-01-03 04:00:00,F0211,87.92,4.27,2.68,Critical
2026-01-03 04:05:00,F0662,76.09,1.11,60.69,Healthy
2026-01-03 04:10:00,F0396,83.55,4.01,78.38,Healthy
2026-01-03 04:15:00,F0911,29.5,3.26,24.11,Healthy
2026-01-03 04:20:00,F0882,98.86,4.68,98.69,Critical
2026-01-03 04:25:00,F0483,52.1,2.82,42.09,Healthy
2026-01-03 04:30:00,F0041,27.45,0.52,1.67,Healthy
2026-01-03 04:35:00,F0730,96.34,2.11,94.87,Critical
2026-01-03 04:40:00,F0656,86.08,2.23,76.71,Critical
2026-01-03 04:45:00,F0081,57.63,0.93,53.77,Critical
2026-01-03 04:50:00,F0335,93.32,4.88,92.09,Low
2026-01-03 04:55:00,F0659,85.52,3.86,58.64,Healthy
2026-01-03 05:00:00,F0245,96.79,2.3,31.02,Healthy
2026-01-03 05:05:00,F0627,33.21,4.64,24.45,Critical
2026-01-03 05:10:00,F0180,67.69,3.4,5.5,Healthy
2026-01-03 05:15:00,F0509,2.39,0.86,1.27,Low
2026-01-03 05:20:00,F0171,86.68,3.96,52.3,Low
2026-01-03 05:25:00,F0908,36.16,3.95,12.69,Healthy
2026-01-03 05:30:00,F0279,95.59,0.34,77.14,Critical
2026-01-03 05:35:00,F0079,60.37,3.62,6.39,Low
2026-01-03 05:40:00,F0581,72.74,1.93,45.52,Healthy
2026-01-03 05:45:00,F0588,43.28,1.42,36.77,Critical
2026-01-03 05:50:00,F0046,86.38,1.3,72.28,Healthy
2026-01-03 05:55:00,F0154,53.39,2.46,24.46,Healthy
2026-01-03 06:00:00,F0936,96.92,4.32,93.12,Critical
2026-01-03 06:05:00,F0427,82.41,2.21,74.07,Critical
2026-01-03 06:10:00,F0123,70.86,4.16,31.99,Critical
2026-01-03 06:15:00,F0529,74.62,0.45,67.33,Healthy
2026-01-03 06:20:00,F0290,97.54,0.53,95.41,Low
2026-01-03 06:25:00,F0206,33.27,2.85,32.73,Low
2026-01-03 06:30:00,F0476,83.54,1.66,56.38,Low
2026-01-03 06:35:00,F0201,90.72,2.57,59.17,Critical
2026-01-03 06:40:00,F0007,92.48,3.85,90.04,Low
2026-01-03 06:45:00,F0711,64.46,2.8,2.39,Healthy
2026-01-03 06:50:00,F0870,98.32,0.21,95.1,Critical
2026-01-03 06:55:00,F0244,87.17,0.7,72.72,Low
2026-01-03 07:00:00,F0729,99.85,0.49,49.2,Low
2026-01-03 07:05:00,F0533,90.68,4.62,9.3,Low
2026-01-03 07:10:00,F0087,99.24,1.99,70.08,Critical
2026-01-03 07:15:00,F0077,83.72,0.84,9.56,Critical
2026-01-03 07:20:00,F0243,98.45,2.29,56.78,Low
2026-01-03 07:25:00,F0718,85.28,1.71,26.1,Critical
2026-01-03 07:30:00,F0967,48.37,2.37,32.63,Healthy
2026-01-03 07:35:00,F0109,23.02,3.9,13.61,Healthy
2026-01-03 07:40:00,F0367,51.61,1.71,44.96,Healthy
2026-01-03 07:45:00,F0093,91.91,2.42,45.19,Healthy
2026-01-03 07:50:00,F0618,94.32,1.66,80.76,Healthy
2026-01-03 07:55:00,F0729,33.14,4.31,21.5,Healthy
2026-01-03 08:00:00,F0307,96.99,2.1,96.84,Low
2026-01-03 08:05:00,F0876,99.14,1.03,82.01,Low
2026-01-03 08:10:00,F0105,59.81,2.84,55.6,Healthy
2026-01-03 08:15:00,F0228,80.76,0.5,12.15,Healthy
2026-01-03 08:20:00,F0961,74.84,2.12,19.81,Critical
2026-01-03 08:25:00,F0077,92.44,3.01,8.4,Healthy
2026-01-03 08:30:00,F0829,99.9,1.15,99.72,Healthy
2026-01-03 08:35:00,F0126,82.65,4.27,9.2,Healthy
2026-01-03 08:40:00,F0444,99.56,0.44,94.23,Critical
2026-01-03 08:45:00,F0177,80.83,0.34,39.5,Low
2026-01-03 08:50:00,F0905,43.45,1.1,21.47,Healthy
2026-01-03 08:55:00,F0303,27.19,3.17,3.46,Low
2026-01-03 09:00:00,F0287,44.79,2.84,41.2,Low
2026-01-03 09:05:00,F0539,90.05,1.16,13.72,Healthy
2026-01-03 09:10:00,F0392,92.43,4.05,63.08,Critical
2026-01-03 09:15:00,F0935,66.97,2.81,35.91,Critical
2026-01-03 09:20:00,F0327,59.19,2.06,50.24,Critical
2026-01-03 09:25:00,F0060,82.7,4.5,21.9,Low
2026-01-03 09:30:00,F0998,99.98,3.88,52.94,Healthy
2026-01-03 09:35:00,F0836,33.99,3.35,10.01,Critical
2026-01-03 09:40:00,F0867,26.3,4.98,5.59,Low
2026-01-03 09:45:00,F0181,90.01,4.23,35.48,Healthy
2026-01-03 09:50:00,F0936,87.68,4.07,59.25,Critical
2026-01-03 09:55:00,F0578,94.9,3.56,2.82,Healthy
2026-01-03 10:00:00,F0903,99.48,1.1,56.31,Low
2026-01-03 10:05:00,F0058,55.95,1.04,54.21,Healthy
2026-01-03 10:10:00,F0340,79.21,0.3,60.17,Critical
2026-01-03 10:15:00,F0941,77.4,0.83,20.15,Low
2026-01-03 10:20:00,F0146,72.23,0.91,5.96,Healthy
2026-01-03 10:25:00,F0383,99.39,4.33,84.65,Critical
2026-01-03 10:30:00,F0310,94.78,2.1,94.19,Low
2026-01-03 10:35:00,F0811,95.57,0.96,13.65,Critical
2026-01-03 10:40:00,F0992,96.75,3.32,96.07,Critical
2026-01-03 10:45:00,F0229,93.47,4.66,69.36,Critical
2026-01-03 10:50:00,F0706,71.51,1.04,58.9,Low
2026-01-03 10:55:00,F0972,95.53,3.7,12.73,Critical
2026-01-03 11:00:00,F0034,97.88,4.97,39.16,Healthy
2026-01-03 11:05:00,F0227,98.71,4.62,60.24,Critical
2026-01-03 11:10:00,F0764,62.67,4.7,56.56,Healthy
2026-01-03 11:15:00,F0907,36.59,4.92,23.8,Healthy
2026-01-03 11:20:00,F0344,95.17,3.42,82.17,Low
2026-01-03 11:25:00,F0359,69.67,1.21,1.14,Low
2026-01-03 11:30:00,F0449,79.73,3.66,78.7,Critical
2026-01-03 11:35:00,F0903,66.0,1.0,41.97,Low
2026-01-03 11:40:00,F0808,88.89,2.0,35.12,Critical
2026-01-03 11:45:00,F0076,70.78,3.5,65.1,Healthy
2026-01-03 11:50:00,F0076,96.59,1.73,29.49,Low
2026-01-03 11:55:00,F0561,77.76,2.0,17.01,Healthy
2026-01-03 12:00:00,F0722,92.93,4.93,33.8,Healthy
2026-01-03 12:05:00,F0445,77.67,3.34,43.13,Healthy
2026-01-03 12:10:00,F0420,97.58,1.79,5.36,Critical
2026-01-03 12:15:00,F0677,79.49,4.64,55.41,Low
2026-01-03 12:20:00,F0563,57.35,0.66,29.74,Low
2026-01-03 12:25:00,F0302,51.55,1.93,15.36,Critical
2026-01-03 12:30:00,F0212,66.15,2.51,62.51,Healthy
2026-01-03 12:35:00,F0119,80.95,4.89,63.82,Low
2026-01-03 12:40:00,F0272,97.74,2.46,78.49,Healthy
2026-01-03 12:45:00,F0391,77.48,2.06,64.19,Low
2026-01-03 12:50:00,F0270,54.43,0.41,18.66,Healthy
2026-01-03 12:55:00,F0714,86.17,2.91,83.71,Critical
2026-01-03 13:00:00,F0424,82.67,3.41,9.67,Critical
2026-01-03 13:05:00,F0536,52.65,0.49,22.75,Low
2026-01-03 13:10:00,F0587,99.78,3.5,96.56,Healthy
2026-01-03 13:15:00,F0732,94.91,0.58,47.63,Healthy
2026-01-03 13:20:00,F0694,90.06,4.52,50.21,Critical
2026-01-03 13:25:00,F0972,53.03,4.76,14.74,Healthy
2026-01-03 13:30:00,F0434,97.57,4.08,97.22,Healthy
2026-01-03 13:35:00,F0643,100.0,2.29,98.83,Healthy
2026-01-03 13:40:00,F0937,98.52,1.44,83.41,Healthy
2026-01-03 13:45:00,F0878,59.1,2.87,8.7,Low
2026-01-03 13:50:00,F0718,52.56,4.6,51.97,Critical
2026-01-03 13:55:00,F0154,63.4,3.95,58.76,Healthy
2026-01-03 14:00:00,F0103,98.48,3.0,56.66,Healthy
2026-01-03 14:05:00,F0549,68.78,0.68,56.27,Low
2026-01-03 14:10:00,F0586,95.78,1.47,87.79,Critical
2026-01-03 14:15:00,F0634,68.54,1.03,47.3,Critical
2026-01-03 14:20:00,F0901,80.71,2.13,68.08,Low
2026-01-03 14:25:00,F0276,83.76,0.44,69.05,Low
2026-01-03 14:30:00,F0288,31.71,4.12,2.02,Low
2026-01-03 14:35:00,F0234,99.61,3.49,85.82,Healthy
2026-01-03 14:40:00,F0329,84.19,3.77,30.05,Low
2026-01-03 14:45:00,F0453,75.3,3.1,72.88,Healthy
2026-01-03 14:50:00,F0529,95.54,2.15,91.34,Low
2026-01-03 14:55:00,F0319,84.95,2.67,82.1,Critical
2026-01-03 15:00:00,F0901,92.67,0.85,50.68,Critical
2026-01-03 15:05:00,F0858,83.78,1.13,2.89,Healthy
2026-01-03 15:10:00,F0722,93.85,2.39,24.95,Healthy
2026-01-03 15:15:00,F0651,64.07,4.15,27.4,Healthy
2026-01-03 15:20:00,F0457,83.7,1.36,68.12,Healthy
2026-01-03 15:25:00,F0353,98.23,2.48,96.05,Healthy
2026-01-03 15:30:00,F0093,97.26,1.44,83.77,Low
2026-01-03 15:35:00,F0799,85.78,0.44,2.75,Healthy
2026-01-03 15:40:00,F0276,95.39,3.31,85.71,Critical
2026-01-03 15:45:00,F0786,87.03,0.3,40.95,Critical
2026-01-03 15:50:00,F0616,65.05,4.58,0.89,Healthy
2026-01-03 15:55:00,F0730,95.58,3.12,22.38,Critical
2026-01-03 16:00:00,F0358,77.72,2.23,64.27,Low
2026-01-03 16:05:00,F0845,75.85,2.44,25.2,Critical
2026-01-03 16:10:00,F0679,70.55,0.69,39.72,Low
2026-01-03 16:15:00,F0701,68.55,3.05,56.15,Healthy
2026-01-03 16:20:00,F0333,62.5,1.81,48.17,Low
2026-01-03 16:25:00,F0306,92.05,3.61,26.11,Healthy
2026-01-03 16:30:00,F0825,91.47,3.87,14.99,Critical
2026-01-03 16:35:00,F0027,48.75,1.73,40.41,Critical
2026-01-03 16:40:00,F0415,95.32,1.62,49.74,Low
2026-01-03 16:45:00,F0836,99.86,3.0,73.67,Healthy
2026-01-03 16:50:00,F0654,79.4,3.62,34.32,Low
2026-01-03 16:55:00,F0866,95.39,3.42,90.65,Healthy
2026-01-03 17:00:00,F0100,86.95,4.41,84.06,Low
2026-01-03 17:05:00,F0782,83.29,1.44,12.79,Healthy
2026-01-03 17:10:00,F0228,98.17,4.52,94.69,Low
2026-01-03 17:15:00,F0909,54.99,4.38,22.33,Low
2026-01-03 17:20:00,F0121,66.31,3.01,37.17,Low
2026-01-03 17:25:00,F0636,60.29,3.25,5.37,Healthy
2026-01-03 17:30:00,F0698,53.54,1.13,47.22,Low
2026-01-03 17:35:00,F0155,93.93,2.18,52.98,Healthy
2026-01-03 17:40:00,F0915,99.99,1.84,99.23,Low
2026-01-03 17:45:00,F0083,29.77,4.34,14.32,Low
2026-01-03 17:50:00,F0060,54.18,4.94,33.26,Healthy
2026-01-03 17:55:00,F0591,87.59,1.21,45.21,Healthy
2026-01-03 18:00:00,F0630,53.45,3.87,48.96,Low
2026-01-03 18:05:00,F0393,98.73,2.14,63.35,Healthy
2026-01-03 18:10:00,F0015,39.67,1.16,3.77,Low
2026-01-03 18:15:00,F0005,76.12,2.75,75.68,Critical
2026-01-03 18:20:00,F0320,96.72,1.29,73.36,Healthy
2026-01-03 18:25:00,F0067,37.74,2.62,10.27,Healthy
2026-01-03 18:30:00,F0611,80.9,1.6,29.82,Critical
2026-01-03 18:35:00,F0351,99.7,4.46,33.78,Low
2026-01-03 18:40:00,F0941,96.67,1.1,35.93,Low
2026-01-03 18:45:00,F0217,98.52,1.28,1.91,Critical
2026-01-03 18:50:00,F0729,14.24,2.62,2.19,Critical
2026-01-03 18:55:00,F0790,92.52,2.0,79.21,Critical
2026-01-03 19:00:00,F0111,64.12,3.05,62.31,Critical
2026-01-03 19:05:00,F0455,85.51,0.43,83.61,Low
2026-01-03 19:10:00,F0211,73.87,1.41,12.36,Critical
2026-01-03 19:15:00,F0104,81.8,0.24,68.57,Critical
2026-01-03 19:20:00,F0429,85.64,3.19,52.03,Healthy
2026-01-03 19:25:00,F0804,64.97,3.16,51.16,Healthy
2026-01-03 19:30:00,F0852,88.85,3.12,49.77,Critical
2026-01-03 19:35:00,F0165,98.41,1.92,97.31,Healthy
2026-01-03 19:40:00,F0493,85.91,4.57,54.81,Low
2026-01-03 19:45:00,F0114,30.26,0.26,23.45,Critical
2026-01-03 19:50:00,F0524,69.88,0.92,66.9,Healthy
2026-01-03 19:55:00,F0237,79.43,0.69,72.36,Low
2026-01-03 20:00:00,F0103,99.39,1.62,98.87,Healthy
2026-01-03 20:05:00,F0694,91.95,4.29,87.41,Low
2026-01-03 20:10:00,F0912,91.46,0.76,42.6,Healthy
2026-01-03 20:15:00,F0337,65.06,0.86,0.97,Low
2026-01-03 20:20:00,F0751,92.28,4.78,89.45,Healthy
2026-01-03 20:25:00,F0410,44.4,1.85,37.26,Low
2026-01-03 20:30:00,F0820,89.13,2.05,27.18,Low
2026-01-03 20:35:00,F0713,68.85,4.03,64.88,Critical
2026-01-03 20:40:00,F0427,20.87,4.72,5.86,Critical
2026-01-03 20:45:00,F0626,70.94,2.93,48.27,Low
2026-01-03 20:50:00,F0902,96.97,3.13,77.92,Critical
2026-01-03 20:55:00,F0116,99.79,0.83,97.34,Low
2026-01-03 21:00:00,F0013,80.7,0.5,44.07,Critical
2026-01-03 21:05:00,F0742,96.62,2.72,86.83,Critical
2026-01-03 21:10:00,F0532,90.16,4.79,22.4,Critical
2026-01-03 21:15:00,F0745,82.32,3.17,68.82,Healthy
2026-01-03 21:20:00,F0153,81.42,3.39,48.19,Critical
2026-01-03 21:25:00,F0957,89.34,3.14,89.21,Healthy
2026-01-03 21:30:00,F0170,75.07,2.45,50.56,Healthy
2026-01-03 21:35:00,F0285,83.37,1.74,75.14,Healthy
2026-01-03 21:40:00,F0837,69.36,2.84,50.69,Healthy
2026-01-03 21:45:00,F0091,60.67,2.33,7.88,Low
2026-01-03 21:50:00,F0670,72.21,0.77,44.71,Healthy
2026-01-03 21:55:00,F0001,60.26,2.18,10.26,Healthy
2026-01-03 22:00:00,F0912,92.45,4.82,79.18,Critical
2026-01-03 22:05:00,F0350,76.2,3.34,56.23,Low
2026-01-03 22:10:00,F0340,97.28,4.12,82.53,Critical
2026-01-03 22:15:00,F0373,93.41,3.08,76.74,Critical
2026-01-03 22:20:00,F0003,81.33,0.67,45.25,Low
2026-01-03 22:25:00,F0561,87.1,3.24,35.51,Critical
2026-01-03 22:30:00,F0505,93.54,0.71,37.39,Healthy
2026-01-03 22:35:00,F0261,89.47,3.76,82.18,Critical
2026-01-03 22:40:00,F0221,88.11,0.78,19.59,Low
2026-01-03 22:45:00,F0776,88.39,1.11,82.46,Low
2026-01-03 22:50:00,F0127,68.74,3.24,4.65,Low
2026-01-03 22:55:00,F0987,73.1,3.03,45.74,Low
2026-01-03 23:00:00,F0444,55.51,3.73,0.43,Critical
2026-01-03 23:05:00,F0182,95.92,2.64,48.29,Critical
2026-01-03 23:10:00,F0397,63.27,3.71,57.86,Critical
2026-01-03 23:15:00,F0394,80.19,4.44,60.05,Low
2026-01-03 23:20:00,F0281,99.51,4.6,97.95,Low
2026-01-03 23:25:00,F0137,98.01,4.86,96.36,Healthy
2026-01-03 23:30:00,F0307,85.23,3.56,41.27,Critical
2026-01-03 23:35:00,F0567,88.1,1.71,54.78,Critical
2026-01-03 23:40:00,F0704,77.64,1.21,21.73,Low
2026-01-03 23:45:00,F0999,97.72,0.84,92.12,Healthy
2026-01-03 23:50:00,F0119,66.38,3.53,50.39,Low
2026-01-03 23:55:00,F0728,97.49,3.0,56.23,Low
2026-01-04 00:00:00,F0899,84.81,4.49,67.42,Low
2026-01-04 00:05:00,F0149,81.31,2.71,80.83,Healthy
2026-01-04 00:10:00,F0165,91.76,1.16,67.03,Low
2026-01-04 00:15:00,F0804,70.3,0.9,68.34,Low
2026-01-04 00:20:00,F0464,48.95,2.8,20.4,Healthy
2026-01-04 00:25:00,F0230,83.18,3.44,61.61,Critical
2026-01-04 00:30:00,F0816,82.74,2.07,64.71,Critical
2026-01-04 00:35:00,F0397,94.76,3.39,28.76,Low
2026-01-04 00:40:00,F0566,97.02,4.88,95.67,Healthy
2026-01-04 00:45:00,F0800,62.55,1.41,1.3,Low
2026-01-04 00:50:00,F0664,94.98,4.58,83.0,Low
2026-01-04 00:55:00,F0795,90.29,2.82,75.51,Critical
2026-01-04 01:00:00,F0700,97.06,1.61,96.43,Healthy
2026-01-04 01:05:00,F0387,60.48,1.03,18.7,Healthy
2026-01-04 01:10:00,F0599,50.28,2.87,42.85,Low
2026-01-04 01:15:00,F0041,93.78,2.44,0.56,Healthy
2026-01-04 01:20:00,F0641,98.38,3.07,92.86,Critical
2026-01-04 01:25:00,F0564,96.7,1.65,84.31,Low
2026-01-04 01:30:00,F0980,56.0,3.6,7.29,Healthy
2026-01-04 01:35:00,F0557,59.7,3.97,52.06,Critical
2026-01-04 01:40:00,F0680,93.04,1.88,40.34,Low
2026-01-04 01:45:00,F0634,96.68,1.61,33.11,Critical
2026-01-04 01:50:00,F0665,86.98,2.89,47.49,Healthy
2026-01-04 01:55:00,F0658,32.75,1.86,11.47,Critical
2026-01-04 02:00:00,F0907,92.18,1.37,91.86,Low
2026-01-04 02:05:00,F0263,45.15,4.02,38.14,Critical
2026-01-04 02:10:00,F0789,86.67,0.32,72.4,Low
2026-01-04 02:15:00,F0304,75.07,2.64,51.43,Critical
2026-01-04 02:20:00,F0172,95.82,2.67,19.25,Critical
2026-01-04 02:25:00,F0645,63.16,3.21,53.32,Healthy
2026-01-04 02:30:00,F0551,87.9,2.24,86.5,Critical
2026-01-04 02:35:00,F0837,93.14,3.76,87.86,Healthy
2026-01-04 02:40:00,F0340,86.31,0.94,74.69,Healthy
2026-01-04 02:45:00,F0572,81.22,0.46,8.75,Healthy
2026-01-04 02:50:00,F0398,68.49,1.29,57.5,Low
2026-01-04 02:55:00,F0690,63.64,2.28,63.02,Healthy
2026-01-04 03:00:00,F0775,82.25,3.28,53.48,Critical
2026-01-04 03:05:00,F0951,61.57,3.56,58.56,Critical
2026-01-04 03:10:00,F0089,37.55,3.98,10.61,Low
2026-01-04 03:15:00,F0677,85.8,2.3,76.53,Healthy
2026-01-04 03:20:00,F0401,54.57,2.76,47.4,Critical
2026-01-04 03:25:00,F0909,50.51,3.24,29.5,Critical
2026-01-04 03:30:00,F0896,65.18,4.8,64.79,Critical
2026-01-04 03:35:00,F0404,63.31,0.4,14.14,Critical
2026-01-04 03:40:00,F0760,64.25,0.61,54.75,Critical
2026-01-04 03:45:00,F0525,76.77,2.18,34.39,Healthy
2026-01-04 03:50:00,F0199,86.14,1.26,16.1,Healthy
2026-01-04 03:55:00,F0872,87.91,4.04,18.14,Critical
2026-01-04 04:00:00,F0069,61.79,2.84,46.13,Low
2026-01-04 04:05:00,F0339,53.75,3.68,9.82,Low
2026-01-04 04:10:00,F0635,21.54,3.35,12.82,Healthy
2026-01-04 04:15:00,F0632,94.51,1.73,90.01,Critical
2026-01-04 04:20:00,F0374,69.84,3.0,30.57,Low
2026-01-04 04:25:00,F0805,97.16,1.01,95.87,Healthy
2026-01-04 04:30:00,F0369,79.18,3.28,71.22,Healthy
2026-01-04 04:35:00,F0457,83.34,1.79,67.96,Low
2026-01-04 04:40:00,F0662,79.93,2.54,77.48,Critical
2026-01-04 04:45:00,F0913,84.07,1.55,8.2,Critical
2026-01-04 04:50:00,F0745,70.0,3.72,19.64,Healthy
2026-01-04 04:55:00,F0833,96.03,4.28,89.21,Critical
2026-01-04 05:00:00,F0038,66.85,3.89,57.89,Critical
2026-01-04 05:05:00,F0670,65.96,4.49,26.06,Healthy
2026-01-04 05:10:00,F0751,85.55,1.27,36.58,Low
2026-01-04 05:15:00,F0373,21.23,2.61,13.39,Critical
2026-01-04 05:20:00,F0629,96.44,1.35,1.06,Critical
2026-01-04 05:25:00,F0184,53.8,2.67,16.58,Critical
2026-01-04 05:30:00,F0754,99.83,3.37,94.87,Critical
2026-01-04 05:35:00,F0500,59.65,1.92,48.35,Healthy
2026-01-04 05:40:00,F0212,10.3,1.97,6.29,Critical
2026-01-04 05:45:00,F0466,95.11,1.93,90.77,Healthy
2026-01-04 05:50:00,F0992,13.9,3.31,3.99,Critical
2026-01-04 05:55:00,F0593,90.54,1.51,63.36,Critical
2026-01-04 06:00:00,F0602,73.29,2.01,57.02,Critical
2026-01-04 06:05:00,F0997,92.38,0.57,89.82,Healthy
2026-01-04 06:10:00,F0499,93.6,1.89,51.64,Low
2026-01-04 06:15:00,F0451,98.67,0.23,88.72,Healthy
2026-01-04 06:20:00,F0154,44.62,2.67,23.0,Healthy
2026-01-04 06:25:00,F0677,84.58,3.09,15.74,Healthy
2026-01-04 06:30:00,F0692,48.09,1.79,41.46,Low
2026-01-04 06:35:00,F0421,81.62,3.04,47.9,Healthy
2026-01-04 06:40:00,F0138,69.17,0.81,24.37,Critical
2026-01-04 06:45:00,F0171,58.42,4.48,51.26,Low
2026-01-04 06:50:00,F0993,95.39,2.68,92.24,Critical
2026-01-04 06:55:00,F0842,90.14,4.42,63.76,Low
2026-01-04 07:00:00,F0483,97.93,1.24,94.73,Low
2026-01-04 07:05:00,F0814,66.89,4.19,17.06,Critical
2026-01-04 07:10:00,F0271,93.89,1.07,82.05,Healthy
2026-01-04 07:15:00,F0605,84.93,1.84,72.42,Healthy
2026-01-04 07:20:00,F0208,31.34,2.05,22.98,Critical
2026-01-04 07:25:00,F0154,91.85,2.62,85.96,Critical
2026-01-04 07:30:00,F0040,65.18,2.48,9.63,Critical
2026-01-04 07:35:00,F0134,74.28,0.76,50.33,Critical
2026-01-04 07:40:00,F0695,97.13,0.21,53.93,Critical
2026-01-04 07:45:00,F0715,92.88,2.22,43.15,Critical
2026-01-04 07:50:00,F0788,70.43,4.7,42.9,Low
2026-01-04 07:55:00,F0858,94.02,4.06,35.05,Critical
2026-01-04 08:00:00,F0785,68.4,2.24,57.61,Healthy
2026-01-04 08:05:00,F0557,96.39,0.6,91.01,Low
2026-01-04 08:10:00,F0008,80.97,0.23,25.78,Critical
2026-01-04 08:15:00,F0211,70.16,2.69,52.25,Critical
2026-01-04 08:20:00,F0437,82.52,2.16,80.43,Critical
2026-01-04 08:25:00,F0579,80.77,1.45,58.54,Low
2026-01-04 08:30:00,F0209,76.62,4.96,61.19,Low
2026-01-04 08:35:00,F0573,63.21,2.88,55.21,Critical
2026-01-04 08:40:00,F0793,78.2,4.94,48.38,Critical
2026-01-04 08:45:00,F0122,91.8,0.86,39.81,Critical
2026-01-04 08:50:00,F0103,96.09,3.96,22.98,Healthy
2026-01-04 08:55:00,F0629,90.21,3.97,50.83,Critical
2026-01-04 09:00:00,F0652,80.73,0.45,68.46,Healthy
2026-01-04 09:05:00,F0615,89.67,4.15,80.44,Low
2026-01-04 09:10:00,F0624,42.63,1.46,8.81,Healthy
2026-01-04 09:15:00,F0672,83.49,4.67,72.45,Critical
2026-01-04 09:20:00,F0793,32.75,4.82,28.65,Healthy
2026-01-04 09:25:00,F0673,71.29,2.31,64.03,Critical
2026-01-04 09:30:00,F0529,71.41,0.36,28.6,Critical
2026-01-04 09:35:00,F0245,25.94,1.01,23.17,Critical
2026-01-04 09:40:00,F0799,99.68,0.96,0.03,Low
2026-01-04 09:45:00,F0531,73.22,2.1,35.31,Healthy
2026-01-04 09:50:00,F0292,76.06,0.53,73.69,Critical
2026-01-04 09:55:00,F0987,88.9,4.59,82.98,Low
2026-01-04 10:00:00,F0414,57.81,4.82,22.63,Critical
2026-01-04 10:05:00,F0573,50.86,1.04,0.47,Healthy
2026-01-04 10:10:00,F0526,56.13,1.83,50.32,Low
2026-01-04 10:15:00,F0711,94.73,4.1,87.61,Low
2026-01-04 10:20:00,F0776,99.22,2.9,96.61,Low
2026-01-04 10:25:00,F0601,97.91,2.4,96.12,Healthy
2026-01-04 10:30:00,F0808,68.02,1.44,48.2,Healthy
2026-01-04 10:35:00,F0979,77.89,1.3,67.69,Low
2026-01-04 10:40:00,F0255,91.89,0.25,51.65,Low
2026-01-04 10:45:00,F0078,83.77,3.43,9.3,Critical
2026-01-04 10:50:00,F0916,95.57,2.49,93.14,Critical
2026-01-04 10:55:00,F0932,76.84,4.75,26.91,Healthy
2026-01-04 11:00:00,F0894,86.74,1.16,49.9,Low
2026-01-04 11:05:00,F0634,40.49,1.17,20.68,Low
2026-01-04 11:10:00,F0693,93.26,0.71,15.6,Critical
2026-01-04 11:15:00,F0981,92.75,0.23,49.27,Healthy
2026-01-04 11:20:00,F0920,89.59,1.98,84.8,Critical
2026-01-04 11:25:00,F0938,99.8,2.56,86.88,Critical
2026-01-04 11:30:00,F0056,69.53,1.27,28.03,Critical
2026-01-04 11:35:00,F0515,90.78,2.5,79.93,Low
2026-01-04 11:40:00,F1000,49.97,3.49,39.37,Healthy
2026-01-04 11:45:00,F0013,90.62,2.41,69.82,Critical
2026-01-04 11:50:00,F0628,46.76,2.99,21.08,Low
2026-01-04 11:55:00,F0982,40.62,1.46,18.72,Critical
2026-01-04 12:00:00,F0430,62.16,1.08,34.31,Critical
2026-01-04 12:05:00,F0462,85.15,1.95,75.22,Healthy
2026-01-04 12:10:00,F0834,86.54,4.9,57.14,Healthy
2026-01-04 12:15:00,F0877,87.59,4.06,72.08,Low
2026-01-04 12:20:00,F0485,78.98,4.04,19.61,Healthy
2026-01-04 12:25:00,F0870,99.63,2.6,17.66,Critical
2026-01-04 12:30:00,F0308,89.63,3.66,51.7,Low
2026-01-04 12:35:00,F0708,73.66,2.93,56.21,Healthy
2026-01-04 12:40:00,F0645,50.79,4.11,6.0,Healthy
2026-01-04 12:45:00,F0574,64.85,1.81,44.99,Critical
2026-01-04 12:50:00,F0125,93.32,1.44,93.18,Low
2026-01-04 12:55:00,F0590,89.38,4.82,86.74,Critical
2026-01-04 13:00:00,F0364,92.29,1.04,64.91,Low
2026-01-04 13:05:00,F0911,91.39,2.54,67.32,Healthy
2026-01-04 13:10:00,F0149,77.21,1.58,38.11,Healthy
2026-01-04 13:15:00,F0628,79.22,4.66,64.06,Critical
2026-01-04 13:20:00,F0352,45.19,4.55,40.48,Healthy
2026-01-04 13:25:00,F0620,80.12,3.33,31.35,Critical
2026-01-04 13:30:00,F0962,86.76,4.46,39.55,Low
2026-01-04 13:35:00,F0172,86.14,2.7,74.79,Healthy
2026-01-04 13:40:00,F0258,88.84,0.8,85.42,Critical
2026-01-04 13:45:00,F0106,75.07,0.58,70.07,Healthy
2026-01-04 13:50:00,F0027,57.72,4.42,6.38,Low
2026-01-04 13:55:00,F0633,57.35,4.98,52.4,Healthy
2026-01-04 14:00:00,F0235,44.13,4.67,8.43,Healthy
2026-01-04 14:05:00,F0540,77.08,2.33,73.76,Healthy
2026-01-04 14:10:00,F0334,86.44,3.39,2.86,Low
2026-01-04 14:15:00,F0562,96.53,4.38,46.72,Low
2026-01-04 14:20:00,F0606,60.15,4.75,13.51,Critical
2026-01-04 14:25:00,F0446,93.33,3.79,45.65,Critical
2026-01-04 14:30:00,F0494,96.72,2.76,63.98,Critical
2026-01-04 14:35:00,F0423,46.51,0.63,22.71,Low
2026-01-04 14:40:00,F0777,59.75,0.25,15.57,Healthy
2026-01-04 14:45:00,F0945,34.94,2.45,34.39,Low
2026-01-04 14:50:00,F0441,94.75,2.49,94.7,Low
2026-01-04 14:55:00,F0194,81.79,4.02,59.7,Low
2026-01-04 15:00:00,F0733,91.16,2.3,88.22,Critical
2026-01-04 15:05:00,F0082,72.41,4.18,64.6,Low
2026-01-04 15:10:00,F0628,92.5,2.68,62.53,Critical
2026-01-04 15:15:00,F0829,91.89,1.57,68.46,Low
2026-01-04 15:20:00,F0297,52.0,4.3,41.29,Healthy
2026-01-04 15:25:00,F0638,73.57,3.17,63.69,Low
2026-01-04 15:30:00,F0548,22.81,0.29,18.78,Healthy
2026-01-04 15:35:00,F0733,40.51,0.69,18.59,Low
2026-01-04 15:40:00,F0506,76.82,1.32,72.71,Healthy
2026-01-04 15:45:00,F0381,86.8,1.7,34.19,Low
2026-01-04 15:50:00,F0769,72.12,0.35,69.69,Healthy
2026-01-04 15:55:00,F0482,12.34,3.92,5.6,Healthy
2026-01-04 16:00:00,F0849,85.24,4.24,19.22,Healthy
2026-01-04 16:05:00,F0790,34.06,3.89,12.2,Low
2026-01-04 16:10:00,F0753,39.71,4.97,24.72,Healthy
2026-01-04 16:15:00,F0698,74.75,4.91,52.11,Low
2026-01-04 16:20:00,F0763,98.27,0.96,93.62,Critical
2026-01-04 16:25:00,F0204,82.68,1.42,52.09,Low
2026-01-04 16:30:00,F0116,91.2,4.35,88.75,Healthy
2026-01-04 16:35:00,F0283,69.43,1.76,63.29,Critical
2026-01-04 16:40:00,F0044,12.75,3.99,11.96,Critical
2026-01-04 16:45:00,F0381,91.26,2.48,78.35,Healthy
2026-01-04 16:50:00,F0347,76.41,2.6,24.87,Critical
2026-01-04 16:55:00,F0550,20.48,1.91,6.01,Healthy
2026-01-04 17:00:00,F0808,98.4,1.32,12.58,Critical
2026-01-04 17:05:00,F0198,86.34,4.07,75.67,Healthy
2026-01-04 17:10:00,F0921,73.11,1.92,68.92,Healthy
2026-01-04 17:15:00,F0714,63.7,2.3,48.53,Low
2026-01-04 17:20:00,F0750,47.15,1.1,18.98,Low
2026-01-04 17:25:00,F0568,93.8,4.19,27.53,Healthy
2026-01-04 17:30:00,F0270,34.42,0.94,6.89,Critical
2026-01-04 17:35:00,F0389,77.09,0.2,36.71,Critical
2026-01-04 17:40:00,F0795,88.34,0.29,18.55,Critical
2026-01-04 17:45:00,F0552,73.99,3.66,23.88,Low
2026-01-04 17:50:00,F0158,81.02,3.48,18.99,Critical
2026-01-04 17:55:00,F0099,51.4,2.17,28.31,Critical
2026-01-04 18:00:00,F0183,97.88,0.41,65.89,Healthy
2026-01-04 18:05:00,F0585,28.09,2.53,20.21,Critical
2026-01-04 18:10:00,F0719,92.24,3.36,83.63,Critical
2026-01-04 18:15:00,F0073,70.68,1.96,25.59,Healthy
2026-01-04 18:20:00,F0912,96.45,1.2,93.02,Healthy
2026-01-04 18:25:00,F0762,66.01,3.27,46.81,Low
2026-01-04 18:30:00,F0632,83.24,4.01,82.2,Low
2026-01-04 18:35:00,F0080,92.2,3.72,52.9,Healthy
2026-01-04 18:40:00,F0545,98.92,0.67,96.06,Low
2026-01-04 18:45:00,F0641,39.11,2.73,18.95,Healthy
2026-01-04 18:50:00,F0785,88.79,2.88,55.84,Critical
2026-01-04 18:55:00,F0438,87.41,3.44,57.66,Healthy
2026-01-04 19:00:00,F0346,50.14,1.07,16.68,Critical
2026-01-04 19:05:00,F0361,53.11,4.99,15.82,Low
2026-01-04 19:10:00,F0423,93.02,4.98,55.01,Critical
2026-01-04 19:15:00,F0577,77.7,3.68,43.06,Critical
2026-01-04 19:20:00,F0261,94.19,3.88,21.39,Low
2026-01-04 19:25:00,F0744,97.69,2.35,96.17,Healthy
2026-01-04 19:30:00,F0912,99.18,3.06,98.3,Low
2026-01-04 19:35:00,F0323,22.0,4.93,0.66,Healthy
2026-01-04 19:40:00,F0942,95.94,4.73,77.15,Critical
2026-01-04 19:45:00,F0097,79.06,2.94,51.13,Healthy
2026-01-04 19:50:00,F0911,60.34,0.95,46.04,Critical
2026-01-04 19:55:00,F0585,47.52,1.43,24.99,Low
2026-01-04 20:00:00,F0333,60.24,1.24,56.91,Low
2026-01-04 20:05:00,F0591,74.33,4.16,17.29,Healthy
2026-01-04 20:10:00,F0591,89.1,1.64,59.52,Low
2026-01-04 20:15:00,F0357,78.89,0.47,7.85,Low
2026-01-04 20:20:00,F0233,92.4,4.37,41.65,Critical
2026-01-04 20:25:00,F0797,65.68,3.09,65.28,Critical
2026-01-04 20:30:00,F0553,40.79,1.66,38.25,Critical
2026-01-04 20:35:00,F0052,33.74,2.61,14.96,Critical
2026-01-04 20:40:00,F0610,85.12,2.09,73.16,Critical
2026-01-04 20:45:00,F0404,64.82,1.27,50.47,Healthy
2026-01-04 20:50:00,F0051,62.81,0.6,13.22,Critical
2026-01-04 20:55:00,F0793,70.07,0.61,39.92,Critical
2026-01-04 21:00:00,F0500,61.68,0.85,13.04,Low
2026-01-04 21:05:00,F0754,86.64,1.14,65.22,Critical
2026-01-04 21:10:00,F0332,83.17,0.54,24.62,Critical
2026-01-04 21:15:00,F0434,97.51,0.63,92.41,Low
2026-01-04 21:20:00,F0025,73.53,1.74,34.83,Low
2026-01-04 21:25:00,F0823,85.18,1.88,16.93,Low
2026-01-04 21:30:00,F0240,97.14,2.31,62.32,Healthy
2026-01-04 21:35:00,F0088,91.46,0.95,68.54,Healthy
2026-01-04 21:40:00,F0152,90.13,1.37,73.96,Low
2026-01-04 21:45:00,F0461,12.35,3.53,1.37,Low
2026-01-04 21:50:00,F0209,54.85,1.2,2.27,Critical
2026-01-04 21:55:00,F0748,75.36,1.44,52.33,Healthy
2026-01-04 22:00:00,F0928,80.99,3.41,69.51,Critical
2026-01-04 22:05:00,F0206,55.52,1.43,52.68,Critical
2026-01-04 22:10:00,F0009,86.81,0.45,61.8,Healthy
2026-01-04 22:15:00,F0676,90.96,1.5,38.86,Low
2026-01-04 22:20:00,F0665,98.2,0.29,86.43,Low
2026-01-04 22:25:00,F0102,98.2,2.03,23.12,Low
2026-01-04 22:30:00,F0204,53.01,3.07,48.47,Critical
2026-01-04 22:35:00,F0041,99.05,2.89,96.68,Healthy
2026-01-04 22:40:00,F0763,96.04,1.66,92.23,Healthy
2026-01-04 22:45:00,F0310,36.72,3.48,1.84,Healthy
2026-01-04 22:50:00,F0064,99.71,4.9,99.6,Critical
2026-01-04 22:55:00,F0031,100.0,2.06,25.77,Critical
2026-01-04 23:00:00,F0403,96.65,1.28,94.91,Critical
2026-01-04 23:05:00,F0695,58.65,3.7,13.73,Critical
2026-01-04 23:10:00,F0587,92.58,3.5,87.27,Healthy
2026-01-04 23:15:00,F0460,77.37,1.7,42.65,Critical
2026-01-04 23:20:00,F0701,63.63,3.33,13.18,Healthy
2026-01-04 23:25:00,F0537,95.95,1.68,86.26,Healthy
2026-01-04 23:30:00,F0672,86.9,4.56,43.01,Critical
2026-01-04 23:35:00,F0972,96.33,1.72,91.71,Critical
2026-01-04 23:40:00,F0745,89.39,1.72,11.84,Healthy
2026-01-04 23:45:00,F0422,86.25,4.42,76.54,Low
2026-01-04 23:50:00,F0956,94.1,4.68,44.3,Critical
2026-01-04 23:55:00,F0190,35.13,3.94,27.38,Healthy
2026-01-05 00:00:00,F0581,82.58,3.14,76.24,Critical
2026-01-05 00:05:00,F0368,75.96,1.31,23.09,Healthy
2026-01-05 00:10:00,F0620,84.48,2.49,68.81,Low
2026-01-05 00:15:00,F0504,95.74,2.0,71.2,Low
2026-01-05 00:20:00,F0783,16.53,1.13,13.75,Healthy
2026-01-05 00:25:00,F0688,94.2,4.76,92.54,Healthy
2026-01-05 00:30:00,F0450,98.23,0.52,75.78,Critical
2026-01-05 00:35:00,F0253,72.33,1.76,48.99,Low
2026-01-05 00:40:00,F0390,84.25,0.4,40.49,Critical
2026-01-05 00:45:00,F0609,82.3,3.14,31.29,Critical
2026-01-05 00:50:00,F0534,89.88,4.4,52.52,Healthy
2026-01-05 00:55:00,F0252,47.49,4.17,45.16,Critical
2026-01-05 01:00:00,F0397,55.6,4.92,53.79,Critical
2026-01-05 01:05:00,F0451,80.98,4.82,76.52,Low
2026-01-05 01:10:00,F0171,91.75,3.91,88.44,Low
2026-01-05 01:15:00,F0926,78.12,4.61,29.44,Healthy
2026-01-05 01:20:00,F0513,51.21,3.3,46.36,Healthy
2026-01-05 01:25:00,F0560,91.33,3.01,17.98,Healthy
2026-01-05 01:30:00,F0465,40.82,1.75,39.31,Critical
2026-01-05 01:35:00,F0093,98.79,4.5,89.66,Low
2026-01-05 01:40:00,F0168,80.5,3.31,32.41,Critical
2026-01-05 01:45:00,F0650,92.17,0.64,73.33,Low
2026-01-05 01:50:00,F0999,75.02,3.59,8.53,Critical
2026-01-05 01:55:00,F0045,82.56,0.97,61.21,Healthy
2026-01-05 02:00:00,F0154,97.01,2.91,91.23,Healthy
2026-01-05 02:05:00,F0430,96.22,1.06,86.88,Low
2026-01-05 02:10:00,F0642,61.76,3.89,30.95,Healthy
2026-01-05 02:15:00,F0638,29.66,0.83,11.76,Low
2026-01-05 02:20:00,F0827,50.48,2.59,1.22,Healthy
2026-01-05 02:25:00,F0676,69.3,2.57,60.8,Low
2026-01-05 02:30:00,F0007,78.21,2.32,45.37,Healthy
2026-01-05 02:35:00,F0840,95.63,1.53,88.22,Healthy
2026-01-05 02:40:00,F0038,67.02,0.91,4.89,Healthy
2026-01-05 02:45:00,F0306,97.63,3.4,85.38,Low
2026-01-05 02:50:00,F0183,95.36,0.44,92.04,Healthy
2026-01-05 02:55:00,F0610,89.88,3.13,67.21,Critical
2026-01-05 03:00:00,F0593,88.42,1.05,78.73,Low
2026-01-05 03:05:00,F0378,95.2,0.65,93.15,Low
2026-01-05 03:10:00,F0067,97.18,3.84,82.03,Low
2026-01-05 03:15:00,F0338,92.56,0.79,47.08,Critical
2026-01-05 03:20:00,F0060,53.63,1.21,41.38,Healthy
2026-01-05 03:25:00,F0090,79.81,4.9,57.14,Low
2026-01-05 03:30:00,F0724,94.16,3.1,72.41,Low
2026-01-05 03:35:00,F0589,57.59,4.27,42.71,Critical
2026-01-05 03:40:00,F0533,71.74,0.82,35.39,Critical
2026-01-05 03:45:00,F0625,69.81,2.56,63.19,Healthy
2026-01-05 03:50:00,F0025,70.91,4.9,70.86,Low
2026-01-05 03:55:00,F0819,94.31,0.77,62.55,Critical
2026-01-05 04:00:00,F0574,99.93,2.19,99.9,Critical
2026-01-05 04:05:00,F0261,75.58,3.27,21.23,Healthy
2026-01-05 04:10:00,F0007,53.2,2.63,30.78,Healthy
2026-01-05 04:15:00,F0631,91.34,1.84,68.58,Healthy
2026-01-05 04:20:00,F0945,97.21,1.13,83.2,Critical
2026-01-05 04:25:00,F0140,49.76,2.48,47.91,Low
2026-01-05 04:30:00,F0918,88.62,2.41,15.54,Low
2026-01-05 04:35:00,F0058,96.12,4.11,46.25,Critical
2026-01-05 04:40:00,F0549,52.04,3.68,29.93,Healthy
2026-01-05 04:45:00,F0910,84.13,3.49,20.83,Low
2026-01-05 04:50:00,F0348,85.13,0.92,6.62,Low
2026-01-05 04:55:00,F0399,83.98,4.24,62.65,Healthy
2026-01-05 05:00:00,F0723,89.94,4.35,59.52,Low
2026-01-05 05:05:00,F0899,73.5,1.5,70.98,Healthy
2026-01-05 05:10:00,F0538,56.18,4.18,37.16,Low
2026-01-05 05:15:00,F0207,20.59,2.0,17.5,Healthy
2026-01-05 05:20:00,F0513,71.23,0.32,44.38,Healthy
2026-01-05 05:25:00,F0537,78.33,4.63,19.02,Low
2026-01-05 05:30:00,F0842,97.12,0.89,77.55,Critical
2026-01-05 05:35:00,F0471,91.1,0.84,67.67,Low
2026-01-05 05:40:00,F0955,71.49,2.71,71.37,Healthy
2026-01-05 05:45:00,F0479,71.43,3.05,68.71,Healthy
2026-01-05 05:50:00,F0024,77.18,3.88,10.31,Critical
2026-01-05 05:55:00,F0206,80.92,3.27,75.85,Healthy
2026-01-05 06:00:00,F0688,83.79,2.75,28.66,Healthy
2026-01-05 06:05:00,F0982,35.59,0.96,27.27,Critical
2026-01-05 06:10:00,F0563,79.85,0.69,55.96,Low
2026-01-05 06:15:00,F0588,85.71,4.73,27.11,Healthy
2026-01-05 06:20:00,F0554,91.07,1.69,17.13,Low
2026-01-05 06:25:00,F0052,90.82,0.34,5.07,Healthy
2026-01-05 06:30:00,F0722,62.52,0.61,38.36,Critical
2026-01-05 06:35:00,F0457,96.63,3.22,89.13,Critical
2026-01-05 06:40:00,F0777,48.33,1.8,35.56,Critical
2026-01-05 06:45:00,F0783,98.53,0.58,80.93,Low
2026-01-05 06:50:00,F0716,91.46,0.65,56.78,Low
2026-01-05 06:55:00,F0785,67.9,1.69,9.73,Low
2026-01-05 07:00:00,F0918,54.66,4.75,47.05,Critical
2026-01-05 07:05:00,F0940,39.41,1.94,25.81,Critical
2026-01-05 07:10:00,F0500,54.78,4.33,33.03,Healthy
2026-01-05 07:15:00,F0867,51.27,0.74,6.54,Healthy
2026-01-05 07:20:00,F0521,69.47,1.87,28.23,Healthy
2026-01-05 07:25:00,F0570,46.93,3.63,40.57,Critical
2026-01-05 07:30:00,F0605,49.92,1.65,7.09,Low
2026-01-05 07:35:00,F0494,35.97,1.37,23.86,Low
2026-01-05 07:40:00,F0442,71.43,1.2,6.61,Low
2026-01-05 07:45:00,F0178,86.76,1.84,56.72,Critical
2026-01-05 07:50:00,F0857,90.48,3.75,66.96,Low
2026-01-05 07:55:00,F0100,40.25,3.06,11.43,Low
2026-01-05 08:00:00,F0112,23.35,4.79,17.62,Critical
2026-01-05 08:05:00,F0507,88.45,3.9,81.41,Critical
2026-01-05 08:10:00,F0909,93.78,0.63,66.02,Critical
2026-01-05 08:15:00,F0151,90.33,3.25,90.33,Critical
2026-01-05 08:20:00,F0592,48.1,2.75,14.92,Low
2026-01-05 08:25:00,F0584,45.03,3.47,19.57,Critical
2026-01-05 08:30:00,F0938,60.69,4.73,30.46,Low
2026-01-05 08:35:00,F0523,99.62,3.0,99.03,Low
2026-01-05 08:40:00,F0923,85.71,4.29,84.76,Critical
2026-01-05 08:45:00,F0368,98.59,0.2,96.79,Healthy
2026-01-05 08:50:00,F0720,89.39,4.36,86.12,Critical
2026-01-05 08:55:00,F0391,62.62,1.73,39.43,Low
2026-01-05 09:00:00,F0193,76.11,3.38,54.51,Critical
2026-01-05 09:05:00,F0158,90.15,4.64,38.46,Low
2026-01-05 09:10:00,F0074,99.78,3.42,99.75,Critical
2026-01-05 09:15:00,F0448,49.48,3.66,1.57,Healthy
2026-01-05 09:20:00,F0467,46.53,3.28,8.47,Critical
2026-01-05 09:25:00,F0522,67.55,2.24,60.44,Low
2026-01-05 09:30:00,F0191,71.12,2.36,55.21,Low
2026-01-05 09:35:00,F0243,93.94,2.97,60.46,Critical
2026-01-05 09:40:00,F0376,77.39,2.17,50.17,Healthy
2026-01-05 09:45:00,F0116,99.36,2.93,97.82,Critical
2026-01-05 09:50:00,F0749,55.52,3.51,48.15,Critical
2026-01-05 09:55:00,F0477,99.64,4.92,98.36,Critical
2026-01-05 10:00:00,F0484,15.97,4.47,7.82,Critical
2026-01-05 10:05:00,F0649,76.19,4.81,74.17,Critical
2026-01-05 10:10:00,F0352,80.88,1.7,79.81,Critical
2026-01-05 10:15:00,F0481,89.21,2.45,77.85,Critical
2026-01-05 10:20:00,F0818,98.95,2.22,73.38,Low
2026-01-05 10:25:00,F0768,94.52,0.37,28.92,Low
2026-01-05 10:30:00,F0485,74.38,2.91,72.7,Critical
2026-01-05 10:35:00,F0829,99.2,0.45,16.91,Critical
2026-01-05 10:40:00,F0518,65.53,1.58,62.43,Healthy
2026-01-05 10:45:00,F0288,87.11,1.53,85.14,Low
2026-01-05 10:50:00,F0179,87.38,0.27,85.79,Critical
2026-01-05 10:55:00,F0180,83.55,3.36,73.9,Low
2026-01-05 11:00:00,F0541,82.18,1.33,78.25,Healthy
2026-01-05 11:05:00,F0957,43.81,0.61,34.28,Healthy
2026-01-05 11:10:00,F0393,90.47,3.81,83.76,Healthy
2026-01-05 11:15:00,F0592,71.75,3.68,66.07,Critical
2026-01-05 11:20:00,F0840,88.36,0.46,84.18,Healthy
2026-01-05 11:25:00,F0488,50.37,2.43,5.25,Critical
2026-01-05 11:30:00,F0700,96.04,4.63,94.83,Critical
2026-01-05 11:35:00,F0446,71.36,1.46,39.01,Healthy
2026-01-05 11:40:00,F0324,56.05,4.03,28.88,Critical
2026-01-05 11:45:00,F0653,97.39,0.4,68.29,Low
2026-01-05 11:50:00,F0879,99.64,2.27,95.62,Low
2026-01-05 11:55:00,F0671,40.04,1.48,33.5,Critical
2026-01-05 12:00:00,F0752,84.72,3.91,39.12,Critical
2026-01-05 12:05:00,F0707,72.75,1.14,58.87,Healthy
2026-01-05 12:10:00,F0070,31.91,0.25,31.33,Healthy
2026-01-05 12:15:00,F0360,81.48,2.72,41.12,Healthy
2026-01-05 12:20:00,F0635,73.47,1.41,72.53,Healthy
2026-01-05 12:25:00,F0223,90.0,3.05,5.69,Critical
2026-01-05 12:30:00,F0877,68.15,3.6,63.81,Critical
2026-01-05 12:35:00,F0580,91.29,3.35,12.99,Healthy
2026-01-05 12:40:00,F0479,92.23,3.54,89.6,Critical
2026-01-05 12:45:00,F0284,99.51,3.27,93.62,Low
2026-01-05 12:50:00,F0264,92.92,3.4,69.22,Healthy
2026-01-05 12:55:00,F0398,79.44,1.53,78.07,Low
2026-01-05 13:00:00,F0183,99.93,1.44,99.6,Low
2026-01-05 13:05:00,F0403,25.61,4.9,6.94,Healthy
2026-01-05 13:10:00,F0442,83.72,0.72,64.55,Healthy
2026-01-05 13:15:00,F0266,78.45,0.71,61.4,Healthy
2026-01-05 13:20:00,F0796,73.71,0.54,3.49,Low
2026-01-05 13:25:00,F0001,65.94,2.59,1.88,Healthy
2026-01-05 13:30:00,F0927,89.94,1.48,66.46,Low
2026-01-05 13:35:00,F0503,97.44,2.67,57.46,Low
2026-01-05 13:40:00,F0805,87.65,4.25,43.61,Healthy
2026-01-05 13:45:00,F0838,97.89,0.22,54.01,Low
2026-01-05 13:50:00,F0342,99.26,2.77,12.12,Critical
2026-01-05 13:55:00,F0663,99.79,0.46,30.28,Healthy
2026-01-05 14:00:00,F0862,58.12,4.3,36.54,Low
2026-01-05 14:05:00,F0568,80.91,1.59,76.05,Healthy
2026-01-05 14:10:00,F0400,97.72,3.37,96.75,Healthy
2026-01-05 14:15:00,F0648,66.19,1.92,63.06,Low
2026-01-05 14:20:00,F0738,78.64,0.87,73.53,Critical
2026-01-05 14:25:00,F0659,84.22,2.07,23.85,Low
2026-01-05 14:30:00,F0990,90.58,4.83,49.97,Healthy
2026-01-05 14:35:00,F0044,79.56,0.47,3.7,Low
2026-01-05 14:40:00,F0470,70.66,4.07,11.82,Critical
2026-01-05 14:45:00,F0239,96.64,2.78,87.02,Healthy
2026-01-05 14:50:00,F0483,66.66,0.88,3.69,Critical
2026-01-05 14:55:00,F0177,17.04,3.57,4.58,Critical
2026-01-05 15:00:00,F0468,80.4,1.68,5.0,Critical
2026-01-05 15:05:00,F0109,84.89,3.04,17.07,Healthy
2026-01-05 15:10:00,F0824,60.8,4.04,49.71,Healthy
2026-01-05 15:15:00,F0695,98.98,4.1,42.62,Low
2026-01-05 15:20:00,F0141,71.34,4.88,32.42,Low
2026-01-05 15:25:00,F0608,96.14,4.01,83.64,Healthy
2026-01-05 15:30:00,F0426,42.94,0.78,33.55,Healthy
2026-01-05 15:35:00,F0948,82.95,2.86,69.63,Critical
2026-01-05 15:40:00,F0628,85.36,0.68,4.07,Low
2026-01-05 15:45:00,F0007,88.6,0.28,77.77,Healthy
2026-01-05 15:50:00,F0909,71.42,0.63,17.94,Low
2026-01-05 15:55:00,F0709,86.72,4.08,41.62,Healthy
2026-01-05 16:00:00,F0422,62.14,3.27,20.62,Healthy
2026-01-05 16:05:00,F0185,94.04,3.13,93.81,Critical
2026-01-05 16:10:00,F0802,81.36,4.76,49.99,Low
2026-01-05 16:15:00,F0121,50.16,0.22,34.79,Critical
2026-01-05 16:20:00,F0553,99.68,3.17,97.68,Critical
2026-01-05 16:25:00,F0284,73.4,3.9,21.93,Healthy
2026-01-05 16:30:00,F0992,74.62,4.02,19.37,Low
2026-01-05 16:35:00,F0056,96.11,0.97,49.75,Critical
2026-01-05 16:40:00,F0632,52.4,1.21,36.42,Low
2026-01-05 16:45:00,F0181,92.81,3.75,4.33,Healthy
2026-01-05 16:50:00,F0917,81.04,2.53,78.55,Healthy
2026-01-05 16:55:00,F0204,81.22,3.04,72.14,Critical
2026-01-05 17:00:00,F0334,92.86,1.76,67.69,Healthy
2026-01-05 17:05:00,F0385,88.27,3.74,9.81,Healthy
2026-01-05 17:10:00,F0447,12.38,3.01,7.35,Healthy
2026-01-05 17:15:00,F0383,35.58,3.13,21.62,Healthy
2026-01-05 17:20:00,F0277,65.22,1.13,45.77,Healthy
2026-01-05 17:25:00,F0288,71.36,0.35,33.59,Healthy
2026-01-05 17:30:00,F0779,48.29,2.43,11.11,Low
2026-01-05 17:35:00,F0814,34.22,1.62,21.99,Critical
2026-01-05 17:40:00,F0567,98.01,4.55,95.28,Healthy
2026-01-05 17:45:00,F0222,53.34,4.31,8.65,Critical
2026-01-05 17:50:00,F0439,48.11,2.42,47.35,Critical
2026-01-05 17:55:00,F0228,92.79,1.39,87.26,Critical
2026-01-05 18:00:00,F0428,99.45,4.59,94.63,Healthy
2026-01-05 18:05:00,F0035,77.79,2.46,4.01,Low
2026-01-05 18:10:00,F0842,90.53,2.5,53.11,Healthy
2026-01-05 18:15:00,F0013,75.82,1.35,45.24,Critical
2026-01-05 18:20:00,F0303,76.74,4.76,73.18,Healthy
2026-01-05 18:25:00,F0313,81.67,0.64,64.76,Healthy
2026-01-05 18:30:00,F0025,92.5,4.32,70.33,Low
2026-01-05 18:35:00,F0190,84.08,0.87,46.38,Low
2026-01-05 18:40:00,F0643,62.73,3.58,62.68,Healthy
2026-01-05 18:45:00,F0304,71.15,3.52,38.49,Low
2026-01-05 18:50:00,F0590,90.42,3.55,75.29,Healthy
2026-01-05 18:55:00,F0754,97.47,0.59,78.77,Healthy
2026-01-05 19:00:00,F0053,69.13,4.57,51.47,Healthy
2026-01-05 19:05:00,F0376,40.82,2.43,38.3,Healthy
2026-01-05 19:10:00,F0793,84.55,3.58,64.82,Healthy
2026-01-05 19:15:00,F0665,60.33,1.81,13.84,Low
2026-01-05 19:20:00,F0720,96.62,3.81,73.74,Healthy
2026-01-05 19:25:00,F0920,83.23,3.85,75.32,Low
2026-01-05 19:30:00,F0382,53.06,2.23,50.36,Low
2026-01-05 19:35:00,F0482,90.67,2.61,45.24,Critical
2026-01-05 19:40:00,F0463,95.29,4.16,53.19,Critical
2026-01-05 19:45:00,F0964,80.61,3.43,36.81,Healthy
2026-01-05 19:50:00,F0401,25.93,4.44,18.84,Healthy
2026-01-05 19:55:00,F0283,36.62,4.79,28.84,Healthy
2026-01-05 20:00:00,F0534,96.21,2.58,69.71,Critical
2026-01-05 20:05:00,F0955,68.96,2.2,2.27,Healthy
2026-01-05 20:10:00,F0022,86.2,2.22,47.39,Low
2026-01-05 20:15:00,F0855,83.94,0.31,18.91,Critical
2026-01-05 20:20:00,F0662,76.65,2.18,64.47,Low
2026-01-05 20:25:00,F0562,75.86,3.4,48.61,Low
2026-01-05 20:30:00,F0314,94.49,2.92,45.8,Healthy
2026-01-05 20:35:00,F0296,86.77,1.29,78.93,Healthy
2026-01-05 20:40:00,F0634,96.27,1.57,14.83,Healthy
2026-01-05 20:45:00,F0860,99.23,1.57,71.18,Critical
2026-01-05 20:50:00,F0244,74.0,3.4,69.29,Healthy
2026-01-05 20:55:00,F0267,16.25,1.72,4.12,Low
2026-01-05 21:00:00,F0325,21.28,2.9,18.45,Low
2026-01-05 21:05:00,F0547,97.91,2.35,14.79,Low
2026-01-05 21:10:00,F0787,93.94,0.32,12.15,Healthy
2026-01-05 21:15:00,F0994,95.59,4.65,94.78,Critical
2026-01-05 21:20:00,F0303,83.99,2.64,54.61,Low
2026-01-05 21:25:00,F0588,97.44,4.85,89.6,Critical
2026-01-05 21:30:00,F0453,92.06,2.91,14.71,Low
2026-01-05 21:35:00,F0143,96.9,3.71,68.91,Critical
2026-01-05 21:40:00,F0862,73.13,1.68,55.1,Healthy
2026-01-05 21:45:00,F0657,47.65,0.64,44.6,Healthy
2026-01-05 21:50:00,F0285,97.32,1.27,58.34,Healthy
2026-01-05 21:55:00,F0688,45.79,2.78,2.25,Healthy
2026-01-05 22:00:00,F0618,98.77,2.09,97.58,Critical
2026-01-05 22:05:00,F0408,83.72,0.47,51.16,Healthy
2026-01-05 22:10:00,F0013,82.57,2.25,71.6,Low
2026-01-05 22:15:00,F0575,63.68,1.68,34.49,Healthy
2026-01-05 22:20:00,F0426,79.73,4.46,21.57,Low
2026-01-05 22:25:00,F0435,97.89,4.07,28.86,Critical
2026-01-05 22:30:00,F0089,95.72,0.87,89.64,Healthy
2026-01-05 22:35:00,F0344,89.51,2.48,20.78,Healthy
2026-01-05 22:40:00,F0007,95.83,3.04,93.32,Low
2026-01-05 22:45:00,F0474,70.2,1.51,63.88,Critical
2026-01-05 22:50:00,F0853,65.4,4.59,56.79,Low
2026-01-05 22:55:00,F0310,87.41,2.55,28.95,Critical
2026-01-05 23:00:00,F0028,62.65,2.88,30.39,Healthy
2026-01-05 23:05:00,F0652,69.59,1.64,15.4,Low
2026-01-05 23:10:00,F0184,37.62,3.4,12.42,Low
2026-01-05 23:15:00,F0784,90.95,3.29,90.68,Low
2026-01-05 23:20:00,F0371,79.67,4.86,49.31,Critical
2026-01-05 23:25:00,F0703,61.45,2.29,48.05,Low
2026-01-05 23:30:00,F0751,98.39,4.13,97.43,Critical
2026-01-05 23:35:00,F0150,58.9,1.45,1.75,Low
2026-01-05 23:40:00,F0055,65.36,3.53,46.1,Low
2026-01-05 23:45:00,F0050,97.14,3.25,36.12,Low
2026-01-05 23:50:00,F0199,34.61,3.27,29.17,Critical
2026-01-05 23:55:00,F0557,79.79,0.65,18.32,Low
2026-01-06 00:00:00,F0309,95.98,4.17,87.24,Low
2026-01-06 00:05:00,F0594,71.55,3.5,68.54,Low
2026-01-06 00:10:00,F0382,91.49,0.26,82.33,Low
2026-01-06 00:15:00,F0224,50.79,4.62,41.2,Healthy
2026-01-06 00:20:00,F0573,89.83,4.19,50.34,Critical
2026-01-06 00:25:00,F0730,95.22,4.77,68.97,Critical
2026-01-06 00:30:00,F0939,82.65,4.05,70.23,Healthy
2026-01-06 00:35:00,F0357,13.2,0.83,11.66,Low
2026-01-06 00:40:00,F0612,82.76,0.87,69.11,Critical
2026-01-06 00:45:00,F0030,93.14,1.84,76.36,Critical
2026-01-06 00:50:00,F0146,97.35,1.27,81.46,Critical
2026-01-06 00:55:00,F0081,32.73,0.8,22.66,Low
2026-01-06 01:00:00,F0794,71.48,3.96,69.08,Low
2026-01-06 01:05:00,F0813,78.35,0.4,75.73,Critical
2026-01-06 01:10:00,F0260,57.14,0.48,51.35,Healthy
2026-01-06 01:15:00,F0802,77.08,3.4,6.62,Healthy
2026-01-06 01:20:00,F0190,99.21,1.19,92.01,Critical
2026-01-06 01:25:00,F0965,90.0,0.64,35.15,Low
2026-01-06 01:30:00,F0513,95.7,1.87,94.88,Critical
2026-01-06 01:35:00,F0840,63.94,2.62,61.3,Critical
2026-01-06 01:40:00,F0988,93.27,2.74,76.32,Low
2026-01-06 01:45:00,F0743,17.54,3.82,17.18,Healthy
2026-01-06 01:50:00,F0487,98.87,4.62,92.42,Low
2026-01-06 01:55:00,F0110,90.14,1.09,69.81,Healthy
2026-01-06 02:00:00,F0527,90.48,4.91,83.47,Healthy
2026-01-06 02:05:00,F0478,59.38,3.85,40.76,Healthy
2026-01-06 02:10:00,F0296,69.32,2.58,51.97,Critical
2026-01-06 02:15:00,F0395,85.93,0.59,72.21,Low
2026-01-06 02:20:00,F0862,83.0,3.73,45.69,Low
2026-01-06 02:25:00,F0439,98.84,2.15,22.59,Healthy
2026-01-06 02:30:00,F0962,97.17,4.49,85.68,Critical
2026-01-06 02:35:00,F0689,79.39,0.26,36.74,Healthy
2026-01-06 02:40:00,F0123,80.47,2.71,39.64,Healthy
2026-01-06 02:45:00,F0760,98.64,3.54,39.48,Healthy
2026-01-06 02:50:00,F0610,38.14,4.88,6.47,Low
2026-01-06 02:55:00,F0286,75.89,4.22,12.28,Critical
2026-01-06 03:00:00,F0821,94.3,3.05,76.6,Critical
2026-01-06 03:05:00,F0973,98.11,1.91,94.32,Low
2026-01-06 03:10:00,F0466,98.93,2.65,98.75,Healthy
2026-01-06 03:15:00,F0966,32.48,2.55,12.22,Healthy
2026-01-06 03:20:00,F0511,83.54,3.74,2.97,Critical
2026-01-06 03:25:00,F0335,61.51,1.06,2.67,Healthy
2026-01-06 03:30:00,F0677,83.28,3.19,30.28,Critical
2026-01-06 03:35:00,F0678,81.45,4.01,76.76,Low
2026-01-06 03:40:00,F0881,66.54,1.46,49.03,Critical
2026-01-06 03:45:00,F0441,56.09,4.77,54.66,Healthy
2026-01-06 03:50:00,F0471,61.56,1.71,38.36,Healthy
2026-01-06 03:55:00,F0311,86.5,2.87,3.29,Critical
2026-01-06 04:00:00,F0399,42.53,2.27,16.41,Low
2026-01-06 04:05:00,F0568,87.98,2.93,76.4,Critical
2026-01-06 04:10:00,F0161,79.84,2.46,53.94,Critical
2026-01-06 04:15:00,F0387,61.38,1.46,5.57,Critical
2026-01-06 04:20:00,F0063,76.85,3.88,67.65,Healthy
2026-01-06 04:25:00,F0829,74.05,0.82,59.05,Critical
2026-01-06 04:30:00,F0390,84.41,3.87,58.4,Healthy
2026-01-06 04:35:00,F0058,66.37,4.96,42.81,Critical
2026-01-06 04:40:00,F0087,48.01,1.33,24.42,Critical
2026-01-06 04:45:00,F0021,38.1,1.66,6.55,Critical
2026-01-06 04:50:00,F0582,90.79,2.41,32.61,Critical
2026-01-06 04:55:00,F0603,97.0,1.48,90.14,Healthy
2026-01-06 05:00:00,F0587,99.13,2.01,98.58,Healthy
2026-01-06 05:05:00,F0345,93.77,0.68,80.83,Low
2026-01-06 05:10:00,F0630,67.16,3.87,50.28,Low
2026-01-06 05:15:00,F0868,67.97,2.29,36.33,Healthy
2026-01-06 05:20:00,F0049,88.63,2.77,84.04,Low
2026-01-06 05:25:00,F0761,99.71,2.13,99.62,Healthy
2026-01-06 05:30:00,F0280,88.48,2.98,71.77,Healthy
2026-01-06 05:35:00,F0356,75.16,2.75,56.64,Healthy
2026-01-06 05:40:00,F0444,93.17,1.65,65.15,Critical
2026-01-06 05:45:00,F0640,72.5,1.16,53.99,Critical
2026-01-06 05:50:00,F0020,55.2,3.86,45.32,Critical
2026-01-06 05:55:00,F0219,87.44,4.34,70.33,Critical
2026-01-06 06:00:00,F0960,97.98,3.76,96.21,Critical
2026-01-06 06:05:00,F0445,89.21,3.15,53.27,Critical
2026-01-06 06:10:00,F0474,78.15,0.49,72.66,Healthy
2026-01-06 06:15:00,F0865,82.19,3.78,24.04,Low
2026-01-06 06:20:00,F0650,94.76,4.33,41.03,Healthy
2026-01-06 06:25:00,F0165,89.02,1.48,84.6,Low
2026-01-06 06:30:00,F0154,76.16,1.33,68.69,Healthy
2026-01-06 06:35:00,F0498,32.96,4.03,2.77,Critical
2026-01-06 06:40:00,F0207,99.92,2.23,99.13,Healthy
2026-01-06 06:45:00,F0285,84.7,0.34,27.27,Critical
2026-01-06 06:50:00,F0740,56.97,3.29,55.07,Low
2026-01-06 06:55:00,F0322,97.75,0.47,78.22,Critical
2026-01-06 07:00:00,F0919,96.85,0.51,29.8,Low
2026-01-06 07:05:00,F0860,80.2,4.45,67.17,Critical
2026-01-06 07:10:00,F0513,93.26,1.33,84.28,Healthy
2026-01-06 07:15:00,F0954,97.59,4.18,52.2,Critical
2026-01-06 07:20:00,F0126,42.99,4.45,25.18,Low
2026-01-06 07:25:00,F0767,59.08,3.0,32.93,Critical
2026-01-06 07:30:00,F0180,34.61,2.23,23.59,Healthy
2026-01-06 07:35:00,F0604,97.76,2.31,96.99,Healthy
2026-01-06 07:40:00,F0325,97.39,2.0,49.04,Critical
2026-01-06 07:45:00,F0901,97.89,3.48,42.38,Healthy
2026-01-06 07:50:00,F0022,88.62,3.64,36.3,Critical
2026-01-06 07:55:00,F0679,99.47,3.11,96.68,Healthy
2026-01-06 08:00:00,F0566,76.48,3.99,69.07,Low
2026-01-06 08:05:00,F0832,55.99,4.8,30.93,Critical
2026-01-06 08:10:00,F0398,87.5,4.36,12.21,Healthy
2026-01-06 08:15:00,F0262,99.8,2.09,90.98,Low
2026-01-06 08:20:00,F0216,30.45,4.15,9.03,Healthy
2026-01-06 08:25:00,F0786,98.99,3.23,91.59,Critical
2026-01-06 08:30:00,F0843,92.07,0.36,40.63,Low
2026-01-06 08:35:00,F0735,91.6,2.18,47.11,Low
2026-01-06 08:40:00,F0716,97.84,4.14,87.68,Low
2026-01-06 08:45:00,F0833,80.36,1.89,50.63,Critical
2026-01-06 08:50:00,F0054,74.5,2.38,73.78,Critical
2026-01-06 08:55:00,F0140,92.51,3.22,64.16,Healthy
2026-01-06 09:00:00,F0085,58.87,3.22,40.07,Healthy
2026-01-06 09:05:00,F0851,97.45,2.68,15.78,Critical
2026-01-06 09:10:00,F0812,92.56,4.27,76.32,Low
2026-01-06 09:15:00,F0178,52.47,4.39,45.15,Critical
2026-01-06 09:20:00,F0087,70.77,1.77,59.3,Low
2026-01-06 09:25:00,F0855,60.62,2.09,36.76,Critical
2026-01-06 09:30:00,F0663,94.04,4.75,22.45,Critical
2026-01-06 09:35:00,F0204,99.03,4.55,62.66,Low
2026-01-06 09:40:00,F0440,82.11,1.01,70.13,Critical
2026-01-06 09:45:00,F0970,53.24,0.63,26.02,Critical
2026-01-06 09:50:00,F0943,50.15,3.65,11.74,Low
2026-01-06 09:55:00,F0209,86.61,2.57,82.73,Healthy
2026-01-06 10:00:00,F0765,96.04,4.1,94.61,Low
2026-01-06 10:05:00,F0221,50.98,2.27,38.21,Low
2026-01-06 10:10:00,F0812,77.6,1.11,72.67,Healthy
2026-01-06 10:15:00,F0462,25.75,4.89,2.88,Healthy
2026-01-06 10:20:00,F0011,65.84,3.48,36.96,Low
2026-01-06 10:25:00,F0704,73.39,1.75,13.32,Healthy
2026-01-06 10:30:00,F0263,92.43,3.6,71.33,Healthy
2026-01-06 10:35:00,F0241,39.64,0.48,9.53,Low
2026-01-06 10:40:00,F0991,99.44,4.98,90.82,Critical
2026-01-06 10:45:00,F0517,71.12,4.09,70.96,Critical
2026-01-06 10:50:00,F0136,79.65,4.89,38.09,Critical
2026-01-06 10:55:00,F0505,20.4,1.06,4.11,Low
2026-01-06 11:00:00,F0544,91.66,0.83,87.79,Low
2026-01-06 11:05:00,F0131,17.97,0.76,14.18,Low
2026-01-06 11:10:00,F0949,96.76,4.21,87.17,Low
2026-01-06 11:15:00,F0780,72.24,4.41,28.29,Low
2026-01-06 11:20:00,F0755,59.67,2.29,51.7,Low
2026-01-06 11:25:00,F0674,96.53,0.93,76.37,Critical
2026-01-06 11:30:00,F0236,82.82,0.46,79.82,Healthy
2026-01-06 11:35:00,F0447,71.65,1.45,3.59,Healthy
2026-01-06 11:40:00,F0366,99.54,4.65,99.52,Critical
2026-01-06 11:45:00,F0738,61.03,2.4,56.09,Healthy
2026-01-06 11:50:00,F0185,88.45,0.65,12.37,Healthy
2026-01-06 11:55:00,F0680,89.08,4.15,74.99,Critical
2026-01-06 12:00:00,F0786,21.56,4.99,21.24,Critical
2026-01-06 12:05:00,F0511,38.23,4.62,18.06,Critical
2026-01-06 12:10:00,F0697,35.18,1.78,9.43,Healthy
2026-01-06 12:15:00,F0858,97.04,3.03,39.42,Low
2026-01-06 12:20:00,F0676,85.67,0.59,15.38,Low
2026-01-06 12:25:00,F0006,77.85,4.78,45.41,Low
2026-01-06 12:30:00,F0333,99.85,3.35,96.98,Critical
2026-01-06 12:35:00,F0133,100.0,4.55,99.98,Healthy
2026-01-06 12:40:00,F0818,90.2,4.05,86.33,Healthy
2026-01-06 12:45:00,F0095,89.81,2.83,74.38,Low
2026-01-06 12:50:00,F0409,82.93,1.35,25.52,Healthy
2026-01-06 12:55:00,F0413,40.1,1.2,2.05,Low
2026-01-06 13:00:00,F0306,70.16,4.78,64.72,Low
2026-01-06 13:05:00,F0926,98.44,3.73,80.11,Critical
2026-01-06 13:10:00,F0377,64.16,1.92,60.35,Critical
2026-01-06 13:15:00,F0275,51.04,2.34,19.99,Critical
2026-01-06 13:20:00,F0378,76.92,0.63,60.03,Critical
2026-01-06 13:25:00,F0526,26.2,3.23,18.64,Low
2026-01-06 13:30:00,F0731,99.06,3.45,97.33,Healthy
2026-01-06 13:35:00,F0086,97.56,2.73,93.07,Low
2026-01-06 13:40:00,F0308,89.45,0.58,46.82,Healthy
2026-01-06 13:45:00,F0255,98.89,3.48,98.42,Critical
2026-01-06 13:50:00,F0940,74.3,2.93,42.77,Healthy
2026-01-06 13:55:00,F0476,71.44,2.65,51.34,Critical
2026-01-06 14:00:00,F0600,81.97,4.1,72.03,Healthy
2026-01-06 14:05:00,F0474,94.0,0.28,76.86,Healthy
2026-01-06 14:10:00,F0427,79.59,4.25,78.62,Critical
2026-01-06 14:15:00,F0687,61.72,3.02,29.76,Low
2026-01-06 14:20:00,F0893,98.75,1.47,62.38,Healthy
2026-01-06 14:25:00,F0266,98.59,0.58,21.11,Critical
2026-01-06 14:30:00,F0120,11.15,2.77,10.63,Healthy
2026-01-06 14:35:00,F0890,74.47,2.49,17.17,Critical
2026-01-06 14:40:00,F0634,98.24,3.09,96.58,Critical
2026-01-06 14:45:00,F0405,80.2,3.43,36.07,Low
2026-01-06 14:50:00,F0836,26.17,0.85,8.76,Healthy
2026-01-06 14:55:00,F0493,70.42,1.1,69.6,Critical
2026-01-06 15:00:00,F0879,86.5,1.36,14.52,Critical
2026-01-06 15:05:00,F0486,56.59,1.64,19.09,Low
2026-01-06 15:10:00,F0720,17.09,1.0,2.18,Low
2026-01-06 15:15:00,F0600,99.49,2.46,96.39,Healthy
2026-01-06 15:20:00,F0053,86.73,2.93,20.13,Low
2026-01-06 15:25:00,F0426,71.54,3.23,0.79,Low
2026-01-06 15:30:00,F0298,88.28,3.06,73.71,Healthy
2026-01-06 15:35:00,F0627,79.04,2.53,48.75,Critical
2026-01-06 15:40:00,F0063,92.71,4.36,90.51,Critical
2026-01-06 15:45:00,F0275,56.17,2.97,1.9,Critical
2026-01-06 15:50:00,F0962,70.55,2.47,41.71,Critical
2026-01-06 15:55:00,F0295,36.04,3.55,34.68,Critical
2026-01-06 16:00:00,F0225,37.97,1.85,19.22,Critical
2026-01-06 16:05:00,F0863,96.38,1.83,90.91,Critical
2026-01-06 16:10:00,F0729,75.76,0.83,65.7,Low
2026-01-06 16:15:00,F0753,98.69,4.2,95.98,Low
2026-01-06 16:20:00,F0637,96.83,4.04,79.6,Healthy
2026-01-06 16:25:00,F0133,76.11,3.8,28.25,Healthy
2026-01-06 16:30:00,F0426,28.03,3.11,19.95,Low
2026-01-06 16:35:00,F0019,33.65,1.21,30.37,Low
2026-01-06 16:40:00,F0848,89.98,1.91,88.09,Critical
2026-01-06 16:45:00,F0633,44.88,0.51,3.2,Healthy
2026-01-06 16:50:00,F0349,34.74,1.28,12.07,Low
2026-01-06 16:55:00,F0918,89.78,3.9,76.94,Healthy
2026-01-06 17:00:00,F0107,94.2,4.39,85.34,Critical
2026-01-06 17:05:00,F0986,80.91,4.74,5.04,Healthy
2026-01-06 17:10:00,F0879,99.01,3.95,97.47,Healthy
2026-01-06 17:15:00,F0646,84.22,0.4,82.36,Healthy
2026-01-06 17:20:00,F0300,89.12,4.57,87.09,Critical
2026-01-06 17:25:00,F0102,85.06,2.63,44.15,Healthy
2026-01-06 17:30:00,F0869,69.57,1.81,64.71,Healthy
2026-01-06 17:35:00,F0252,87.05,2.2,43.91,Low
2026-01-06 17:40:00,F0382,39.74,2.62,34.13,Critical
2026-01-06 17:45:00,F0156,91.79,1.93,75.48,Critical
2026-01-06 17:50:00,F0424,88.54,1.3,42.17,Low
2026-01-06 17:55:00,F0699,95.07,4.77,89.81,Low
2026-01-06 18:00:00,F0735,98.71,2.32,94.37,Critical
2026-01-06 18:05:00,F0791,96.14,0.61,94.36,Healthy
2026-01-06 18:10:00,F0945,45.51,2.09,43.41,Critical
2026-01-06 18:15:00,F0731,98.11,2.96,15.1,Critical
2026-01-06 18:20:00,F0908,92.79,4.87,87.58,Critical
2026-01-06 18:25:00,F0322,91.67,4.39,70.08,Low
2026-01-06 18:30:00,F0943,53.15,1.54,0.79,Healthy
2026-01-06 18:35:00,F0558,76.18,2.34,70.03,Critical
2026-01-06 18:40:00,F0909,93.6,3.33,78.83,Critical
2026-01-06 18:45:00,F0038,58.41,1.15,40.45,Critical
2026-01-06 18:50:00,F0130,82.7,3.68,33.45,Critical
2026-01-06 18:55:00,F0566,99.27,1.56,99.19,Low
2026-01-06 19:00:00,F0029,59.79,3.83,52.13,Critical
2026-01-06 19:05:00,F0744,90.8,1.36,59.25,Low
2026-01-06 19:10:00,F0382,98.78,0.73,98.7,Low
2026-01-06 19:15:00,F0667,64.48,1.9,62.7,Healthy
2026-01-06 19:20:00,F0348,45.16,2.95,44.87,Healthy
2026-01-06 19:25:00,F0916,91.55,4.95,80.54,Critical
2026-01-06 19:30:00,F0307,74.37,4.25,66.55,Low
2026-01-06 19:35:00,F0144,85.77,4.11,66.69,Critical
2026-01-06 19:40:00,F0529,44.32,3.74,37.77,Critical
2026-01-06 19:45:00,F0151,55.94,3.94,19.26,Critical
2026-01-06 19:50:00,F0436,47.87,2.18,42.57,Healthy
2026-01-06 19:55:00,F0539,66.97,2.34,47.63,Low
2026-01-06 20:00:00,F0271,75.08,2.69,58.82,Critical
2026-01-06 20:05:00,F0954,71.94,2.23,49.88,Low
2026-01-06 20:10:00,F0518,77.54,2.2,73.17,Healthy
2026-01-06 20:15:00,F0526,98.35,2.4,48.48,Critical
2026-01-06 20:20:00,F0765,53.56,1.22,11.81,Healthy
2026-01-06 20:25:00,F0617,99.73,1.97,94.41,Low
2026-01-06 20:30:00,F0536,36.79,1.97,11.03,Healthy
2026-01-06 20:35:00,F0302,44.81,1.66,11.77,Low
2026-01-06 20:40:00,F0432,78.98,0.89,2.8,Healthy
2026-01-06 20:45:00,F0188,95.47,1.66,93.68,Critical
2026-01-06 20:50:00,F0892,66.7,0.79,48.88,Healthy
2026-01-06 20:55:00,F0922,74.71,2.95,41.76,Low
2026-01-06 21:00:00,F0621,93.88,2.48,78.13,Healthy
2026-01-06 21:05:00,F0461,87.17,2.62,76.2,Critical
2026-01-06 21:10:00,F0820,62.83,4.36,44.91,Critical
2026-01-06 21:15:00,F0405,74.26,2.17,66.45,Low
2026-01-06 21:20:00,F0754,94.95,4.8,54.1,Low
2026-01-06 21:25:00,F0586,89.63,4.36,64.59,Critical
2026-01-06 21:30:00,F0127,91.05,3.6,79.62,Critical
2026-01-06 21:35:00,F0591,83.2,1.12,55.94,Healthy
2026-01-06 21:40:00,F0515,98.93,2.7,95.73,Healthy
2026-01-06 21:45:00,F0020,27.84,4.69,12.03,Low
2026-01-06 21:50:00,F0909,93.72,1.38,78.68,Critical
2026-01-06 21:55:00,F0412,78.15,4.07,44.42,Critical
2026-01-06 22:00:00,F0448,6.72,4.34,4.5,Healthy
2026-01-06 22:05:00,F0264,60.06,4.33,41.49,Healthy
2026-01-06 22:10:00,F0148,26.35,0.68,11.46,Healthy
2026-01-06 22:15:00,F0418,48.4,0.63,25.56,Critical
2026-01-06 22:20:00,F0028,43.95,3.15,16.92,Critical
2026-01-06 22:25:00,F0423,35.98,2.07,5.85,Low
2026-01-06 22:30:00,F0054,92.54,4.72,25.79,Healthy
2026-01-06 22:35:00,F0521,41.94,3.07,23.96,Critical
2026-01-06 22:40:00,F0476,42.23,0.75,38.5,Critical
2026-01-06 22:45:00,F0240,64.87,2.52,40.71,Healthy
2026-01-06 22:50:00,F0253,76.26,4.82,26.92,Critical
2026-01-06 22:55:00,F0457,84.96,0.8,65.16,Healthy
2026-01-06 23:00:00,F0146,96.66,2.6,84.63,Low
2026-01-06 23:05:00,F0976,65.31,1.01,54.04,Low
2026-01-06 23:10:00,F0833,96.3,2.86,96.14,Low
2026-01-06 23:15:00,F0172,98.65,3.18,96.11,Healthy
2026-01-06 23:20:00,F0257,31.71,4.62,6.02,Critical
2026-01-06 23:25:00,F0600,77.2,1.89,38.02,Critical
2026-01-06 23:30:00,F0072,66.51,0.97,28.13,Low
2026-01-06 23:35:00,F0743,84.57,3.55,8.97,Critical
2026-01-06 23:40:00,F0517,99.91,4.42,99.88,Low
2026-01-06 23:45:00,F0771,95.76,4.74,88.39,Critical
2026-01-06 23:50:00,F0350,99.07,1.38,45.27,Healthy
2026-01-06 23:55:00,F0709,46.84,3.08,45.98,Healthy
2026-01-07 00:00:00,F0924,81.49,0.21,64.64,Healthy
2026-01-07 00:05:00,F0721,96.57,2.18,67.27,Low
2026-01-07 00:10:00,F0665,94.95,2.78,76.25,Critical
2026-01-07 00:15:00,F0688,84.51,0.35,7.75,Low
2026-01-07 00:20:00,F0848,93.86,1.89,67.22,Critical
2026-01-07 00:25:00,F0714,85.1,1.05,35.8,Healthy
2026-01-07 00:30:00,F0010,29.37,1.98,12.48,Healthy
2026-01-07 00:35:00,F0727,91.79,3.84,74.31,Low
2026-01-07 00:40:00,F0828,69.7,4.12,19.15,Critical
2026-01-07 00:45:00,F0038,97.45,4.9,22.11,Low
2026-01-07 00:50:00,F0008,80.02,3.58,49.28,Healthy
2026-01-07 00:55:00,F0285,98.6,3.26,98.43,Critical
2026-01-07 01:00:00,F0757,59.71,1.02,50.03,Critical
2026-01-07 01:05:00,F0603,72.97,3.09,67.22,Healthy
2026-01-07 01:10:00,F0877,98.31,0.81,74.6,Healthy
2026-01-07 01:15:00,F0869,91.36,3.7,88.1,Critical
2026-01-07 01:20:00,F0630,68.52,4.86,2.31,Low
2026-01-07 01:25:00,F0438,68.13,4.44,68.07,Critical
2026-01-07 01:30:00,F0331,95.22,3.32,67.31,Low
2026-01-07 01:35:00,F0531,86.33,2.15,84.43,Low
2026-01-07 01:40:00,F0739,51.75,2.68,49.56,Healthy
2026-01-07 01:45:00,F0324,55.44,4.61,4.7,Healthy
2026-01-07 01:50:00,F0828,92.71,1.81,39.19,Healthy
2026-01-07 01:55:00,F0981,99.7,1.28,99.03,Healthy
2026-01-07 02:00:00,F0065,94.43,1.15,91.7,Critical
2026-01-07 02:05:00,F0025,78.72,0.33,62.53,Critical
2026-01-07 02:10:00,F0254,96.77,4.69,79.72,Healthy
2026-01-07 02:15:00,F0842,91.18,4.8,47.36,Low
2026-01-07 02:20:00,F0615,55.47,1.34,51.97,Critical
2026-01-07 02:25:00,F0128,68.92,0.66,43.85,Healthy
2026-01-07 02:30:00,F0912,98.41,4.6,97.45,Critical
2026-01-07 02:35:00,F0453,92.44,0.81,6.5,Healthy
2026-01-07 02:40:00,F0694,34.75,3.21,30.15,Healthy
2026-01-07 02:45:00,F0099,72.74,1.62,55.93,Critical
2026-01-07 02:50:00,F0676,90.07,1.32,75.2,Critical
2026-01-07 02:55:00,F0902,79.73,2.04,1.06,Critical
2026-01-07 03:00:00,F0802,97.62,1.83,61.92,Healthy
2026-01-07 03:05:00,F0106,55.92,1.78,45.41,Healthy
2026-01-07 03:10:00,F0199,91.48,0.52,59.52,Critical
2026-01-07 03:15:00,F0493,43.66,2.64,12.6,Critical
2026-01-07 03:20:00,F0046,67.31,1.09,62.09,Healthy
2026-01-07 03:25:00,F0668,57.53,3.01,12.77,Low
2026-01-07 03:30:00,F0151,84.54,4.45,31.12,Low
2026-01-07 03:35:00,F0009,56.37,1.85,30.87,Critical
2026-01-07 03:40:00,F0520,61.01,3.46,58.64,Critical
2026-01-07 03:45:00,F0206,88.63,2.23,85.87,Critical
2026-01-07 03:50:00,F0684,93.98,3.97,90.85,Low
2026-01-07 03:55:00,F0340,87.78,4.91,69.48,Critical
2026-01-07 04:00:00,F0337,69.61,1.81,56.61,Healthy
2026-01-07 04:05:00,F0508,91.99,4.41,10.48,Healthy
2026-01-07 04:10:00,F0478,97.55,3.27,92.0,Critical
2026-01-07 04:15:00,F0835,81.77,2.51,21.31,Low
2026-01-07 04:20:00,F0846,88.44,2.0,80.73,Healthy
2026-01-07 04:25:00,F0118,38.19,0.55,36.28,Healthy
2026-01-07 04:30:00,F0784,70.61,1.13,29.06,Low
2026-01-07 04:35:00,F0179,23.3,0.34,4.39,Healthy
2026-01-07 04:40:00,F0568,92.43,3.65,88.54,Healthy
2026-01-07 04:45:00,F0933,87.09,0.3,17.85,Healthy
2026-01-07 04:50:00,F0807,39.2,3.45,2.1,Healthy
2026-01-07 04:55:00,F0379,64.02,1.21,33.84,Low
2026-01-07 05:00:00,F0639,99.22,4.72,66.09,Low
2026-01-07 05:05:00,F0947,89.6,0.51,87.84,Healthy
2026-01-07 05:10:00,F0384,87.25,1.12,79.49,Low
2026-01-07 05:15:00,F0048,69.74,4.89,59.95,Critical
2026-01-07 05:20:00,F0153,70.87,4.3,58.73,Low
2026-01-07 05:25:00,F0130,45.8,3.22,24.72,Critical
2026-01-07 05:30:00,F0084,97.5,4.45,96.84,Low
2026-01-07 05:35:00,F0398,82.6,3.15,79.1,Critical
2026-01-07 05:40:00,F0184,88.03,2.0,75.11,Low
2026-01-07 05:45:00,F0979,85.14,2.72,71.25,Low
2026-01-07 05:50:00,F0810,80.96,2.99,47.38,Critical
2026-01-07 05:55:00,F0463,96.32,1.19,64.97,Healthy
2026-01-07 06:00:00,F0586,93.28,1.67,39.59,Healthy
2026-01-07 06:05:00,F0138,97.1,2.0,93.55,Healthy
2026-01-07 06:10:00,F0043,45.73,2.69,29.5,Low
2026-01-07 06:15:00,F0443,73.23,1.81,51.23,Low
2026-01-07 06:20:00,F0026,54.02,2.59,36.75,Healthy
2026-01-07 06:25:00,F0924,48.41,1.47,44.17,Healthy
2026-01-07 06:30:00,F0081,68.02,2.61,29.45,Low
2026-01-07 06:35:00,F0040,93.18,0.67,92.66,Critical
2026-01-07 06:40:00,F0310,46.36,1.14,20.03,Critical
2026-01-07 06:45:00,F0723,86.62,3.48,81.56,Critical
2026-01-07 06:50:00,F0758,99.95,4.99,99.8,Critical
2026-01-07 06:55:00,F0843,93.86,0.24,91.24,Low
2026-01-07 07:00:00,F0594,87.11,2.14,78.31,Critical
2026-01-07 07:05:00,F0975,98.94,3.34,1.19,Healthy
2026-01-07 07:10:00,F0215,96.28,1.29,86.55,Low
2026-01-07 07:15:00,F0480,65.72,3.02,23.37,Critical
2026-01-07 07:20:00,F0867,83.03,1.84,81.44,Healthy
2026-01-07 07:25:00,F0450,66.74,4.72,42.88,Low
2026-01-07 07:30:00,F0895,87.33,0.34,85.29,Healthy
2026-01-07 07:35:00,F0675,65.27,3.74,30.56,Low
2026-01-07 07:40:00,F0414,79.25,2.21,33.98,Critical
2026-01-07 07:45:00,F0805,54.83,1.77,53.76,Healthy
2026-01-07 07:50:00,F0339,99.63,0.94,92.21,Critical
2026-01-07 07:55:00,F0888,85.48,3.09,62.98,Low
2026-01-07 08:00:00,F0548,98.79,1.18,98.02,Low
2026-01-07 08:05:00,F0463,65.06,0.72,18.83,Critical
2026-01-07 08:10:00,F0567,90.57,0.65,89.47,Healthy
2026-01-07 08:15:00,F0192,50.5,3.51,3.21,Healthy
2026-01-07 08:20:00,F0239,33.36,4.82,6.95,Low
2026-01-07 08:25:00,F0531,67.92,0.54,65.96,Healthy
2026-01-07 08:30:00,F0161,51.21,4.33,17.18,Healthy
2026-01-07 08:35:00,F0399,77.63,2.21,12.91,Healthy
2026-01-07 08:40:00,F0727,50.6,1.19,12.99,Critical
2026-01-07 08:45:00,F0602,96.8,3.1,47.48,Healthy
2026-01-07 08:50:00,F0008,63.95,3.49,50.25,Healthy
2026-01-07 08:55:00,F0253,78.1,4.16,44.57,Critical
2026-01-07 09:00:00,F0474,65.84,2.93,32.89,Critical
2026-01-07 09:05:00,F0941,66.01,0.64,3.91,Low
2026-01-07 09:10:00,F0401,86.44,4.24,34.68,Critical
2026-01-07 09:15:00,F0184,89.67,4.28,82.34,Critical
2026-01-07 09:20:00,F0188,97.62,2.4,73.32,Critical
2026-01-07 09:25:00,F0246,97.66,2.09,56.86,Healthy
2026-01-07 09:30:00,F0939,48.58,3.21,27.38,Healthy
2026-01-07 09:35:00,F0506,76.36,3.67,69.8,Low
2026-01-07 09:40:00,F0079,100.0,2.85,99.24,Healthy
2026-01-07 09:45:00,F0169,70.76,3.94,50.44,Low
2026-01-07 09:50:00,F0655,22.86,0.41,20.74,Critical
2026-01-07 09:55:00,F0409,78.71,2.42,67.56,Healthy
2026-01-07 10:00:00,F0940,46.59,0.25,39.67,Healthy
2026-01-07 10:05:00,F0070,65.33,3.79,32.71,Healthy
2026-01-07 10:10:00,F0144,97.74,1.36,54.84,Low
2026-01-07 10:15:00,F0019,85.1,4.24,82.04,Critical
2026-01-07 10:20:00,F0401,58.14,1.61,10.05,Healthy
2026-01-07 10:25:00,F0158,70.24,3.87,7.76,Low
2026-01-07 10:30:00,F0692,38.02,1.24,35.81,Critical
2026-01-07 10:35:00,F0831,87.18,3.54,21.62,Critical
2026-01-07 10:40:00,F0400,96.3,3.64,64.1,Critical
2026-01-07 10:45:00,F0791,31.15,0.45,30.83,Low
2026-01-07 10:50:00,F0245,85.44,4.66,76.71,Healthy
2026-01-07 10:55:00,F0346,99.03,2.22,9.14,Healthy
2026-01-07 11:00:00,F0099,98.68,0.5,68.0,Critical
2026-01-07 11:05:00,F0111,51.38,1.0,16.79,Low
2026-01-07 11:10:00,F0957,74.58,3.21,32.27,Critical
2026-01-07 11:15:00,F0109,53.57,2.25,39.51,Low
2026-01-07 11:20:00,F0013,76.59,0.27,32.34,Low
2026-01-07 11:25:00,F0286,73.07,1.26,21.28,Critical
2026-01-07 11:30:00,F0421,95.69,0.41,62.39,Low
2026-01-07 11:35:00,F0730,99.78,2.6,76.75,Critical
2026-01-07 11:40:00,F0258,91.01,4.63,79.13,Healthy
2026-01-07 11:45:00,F0695,87.85,4.91,59.99,Critical
2026-01-07 11:50:00,F0705,79.34,1.04,13.29,Low
2026-01-07 11:55:00,F0019,97.95,3.4,97.8,Critical
2026-01-07 12:00:00,F0760,95.7,2.35,91.21,Healthy
2026-01-07 12:05:00,F0022,51.0,3.58,50.34,Critical
2026-01-07 12:10:00,F0439,81.59,0.8,75.89,Healthy
2026-01-07 12:15:00,F0304,76.22,0.49,61.98,Healthy
2026-01-07 12:20:00,F0946,18.39,1.18,15.17,Critical
2026-01-07 12:25:00,F0337,89.52,4.74,59.81,Healthy
2026-01-07 12:30:00,F0534,82.71,3.29,27.81,Low
2026-01-07 12:35:00,F0868,65.63,1.58,64.8,Critical
2026-01-07 12:40:00,F0929,69.19,1.36,33.13,Critical
2026-01-07 12:45:00,F0228,99.65,4.05,98.84,Critical
2026-01-07 12:50:00,F0645,89.61,2.7,87.27,Healthy
2026-01-07 12:55:00,F0054,95.67,2.56,6.46,Critical
2026-01-07 13:00:00,F0178,99.3,4.7,99.2,Critical
2026-01-07 13:05:00,F0520,64.1,4.02,54.88,Healthy
2026-01-07 13:10:00,F0203,52.04,2.44,42.62,Healthy
2026-01-07 13:15:00,F0591,59.86,3.11,42.4,Low
2026-01-07 13:20:00,F0493,99.56,1.17,96.77,Healthy
2026-01-07 13:25:00,F0483,96.95,1.93,95.1,Low
2026-01-07 13:30:00,F0160,67.29,3.13,42.27,Low
2026-01-07 13:35:00,F0778,85.69,2.03,1.98,Low
2026-01-07 13:40:00,F0264,88.93,0.93,59.52,Low
2026-01-07 13:45:00,F0621,66.49,2.38,46.37,Low
2026-01-07 13:50:00,F0159,50.74,0.86,7.19,Healthy
2026-01-07 13:55:00,F0384,73.15,4.34,0.42,Low
2026-01-07 14:00:00,F0761,63.96,2.2,40.46,Low
2026-01-07 14:05:00,F0073,99.23,1.68,38.4,Low
2026-01-07 14:10:00,F0955,89.93,4.96,88.5,Critical
2026-01-07 14:15:00,F0790,96.41,3.86,16.24,Critical
2026-01-07 14:20:00,F0378,76.22,3.6,34.86,Critical
2026-01-07 14:25:00,F0253,45.73,2.05,5.77,Healthy
2026-01-07 14:30:00,F0724,66.65,4.62,47.77,Critical
2026-01-07 14:35:00,F0620,17.2,3.4,2.83,Low
2026-01-07 14:40:00,F0593,95.81,0.91,94.43,Critical
2026-01-07 14:45:00,F0660,96.37,0.26,84.15,Critical
2026-01-07 14:50:00,F0923,96.56,2.11,91.69,Healthy
2026-01-07 14:55:00,F0850,72.21,1.11,51.85,Low
2026-01-07 15:00:00,F0675,97.59,1.65,25.29,Low
2026-01-07 15:05:00,F0947,89.75,3.72,58.61,Critical
2026-01-07 15:10:00,F0817,94.42,0.72,86.94,Low
2026-01-07 15:15:00,F0767,85.31,1.49,81.42,Low
2026-01-07 15:20:00,F0504,74.97,0.23,69.9,Healthy
2026-01-07 15:25:00,F0427,47.43,3.91,9.69,Critical
2026-01-07 15:30:00,F0191,41.38,2.27,28.83,Critical
2026-01-07 15:35:00,F0113,56.94,2.54,13.43,Low
2026-01-07 15:40:00,F0768,65.41,1.22,56.71,Healthy
2026-01-07 15:45:00,F0893,99.67,1.12,80.92,Low
2026-01-07 15:50:00,F0652,50.18,4.58,44.07,Healthy
2026-01-07 15:55:00,F0066,19.45,0.61,7.98,Low
2026-01-07 16:00:00,F0779,50.05,1.33,2.97,Healthy
2026-01-07 16:05:00,F0682,95.56,1.48,0.95,Critical
2026-01-07 16:10:00,F0811,83.37,0.4,78.92,Healthy
2026-01-07 16:15:00,F0273,97.63,2.7,37.57,Low
2026-01-07 16:20:00,F0380,69.94,1.82,47.32,Critical
2026-01-07 16:25:00,F0964,97.99,5.0,89.02,Low
2026-01-07 16:30:00,F0365,68.43,2.02,66.51,Low
2026-01-07 16:35:00,F0412,97.49,0.21,80.63,Critical
2026-01-07 16:40:00,F0126,83.96,4.64,83.54,Critical
2026-01-07 16:45:00,F0378,86.67,3.56,27.95,Low
2026-01-07 16:50:00,F0424,79.97,3.36,61.84,Critical
2026-01-07 16:55:00,F0833,96.55,4.93,18.79,Low
2026-01-07 17:00:00,F0827,6.16,1.93,1.66,Critical
2026-01-07 17:05:00,F0410,73.48,2.33,32.55,Critical
2026-01-07 17:10:00,F0954,77.84,0.59,61.26,Low
2026-01-07 17:15:00,F0752,99.88,4.31,98.69,Low
2026-01-07 17:20:00,F0533,39.5,1.14,29.39,Critical
2026-01-07 17:25:00,F0510,79.17,3.64,78.49,Healthy
2026-01-07 17:30:00,F0896,68.47,3.43,30.13,Low
2026-01-07 17:35:00,F0679,26.43,2.34,16.81,Critical
2026-01-07 17:40:00,F0676,81.27,1.22,24.09,Critical
2026-01-07 17:45:00,F0165,74.12,2.29,8.94,Low
2026-01-07 17:50:00,F0264,92.41,3.88,90.26,Critical
2026-01-07 17:55:00,F0140,54.08,4.51,47.63,Critical
2026-01-07 18:00:00,F0341,92.51,2.56,63.35,Healthy
2026-01-07 18:05:00,F0660,97.28,3.88,93.18,Low
2026-01-07 18:10:00,F0391,83.55,3.64,37.7,Critical
2026-01-07 18:15:00,F0828,94.85,2.9,64.21,Healthy
2026-01-07 18:20:00,F0092,29.17,0.76,22.36,Low
2026-01-07 18:25:00,F0119,93.38,4.7,74.06,Critical
2026-01-07 18:30:00,F0591,97.1,4.3,36.77,Critical
2026-01-07 18:35:00,F0868,53.64,0.5,0.17,Low
2026-01-07 18:40:00,F0696,98.72,1.73,97.98,Healthy
2026-01-07 18:45:00,F0405,62.65,3.09,51.98,Healthy
2026-01-07 18:50:00,F0966,60.51,2.41,53.83,Low
2026-01-07 18:55:00,F0616,91.14,2.6,83.72,Low
2026-01-07 19:00:00,F0720,83.03,3.39,14.59,Healthy
2026-01-07 19:05:00,F0127,99.61,1.68,59.89,Low
2026-01-07 19:10:00,F0849,99.83,3.59,99.68,Healthy
2026-01-07 19:15:00,F0830,68.52,3.58,49.5,Low
2026-01-07 19:20:00,F0957,87.13,3.64,15.27,Healthy
2026-01-07 19:25:00,F0184,95.97,0.45,70.04,Low
2026-01-07 19:30:00,F0935,94.96,1.64,72.74,Healthy
2026-01-07 19:35:00,F0695,99.41,2.83,99.11,Low
2026-01-07 19:40:00,F0541,99.41,3.84,99.03,Critical
2026-01-07 19:45:00,F0877,42.29,3.54,28.3,Critical
2026-01-07 19:50:00,F0595,84.98,0.83,39.38,Healthy
2026-01-07 19:55:00,F0168,91.85,3.61,84.98,Critical
2026-01-07 20:00:00,F0149,38.86,3.54,13.76,Healthy
2026-01-07 20:05:00,F0010,79.3,3.79,21.81,Low
2026-01-07 20:10:00,F0880,91.19,2.96,72.6,Healthy
2026-01-07 20:15:00,F0173,80.02,4.92,37.66,Healthy
2026-01-07 20:20:00,F0054,25.84,4.88,9.6,Healthy
2026-01-07 20:25:00,F0994,99.2,3.32,98.03,Healthy
2026-01-07 20:30:00,F0247,63.97,2.14,62.7,Low
2026-01-07 20:35:00,F0669,97.68,3.5,48.86,Critical
2026-01-07 20:40:00,F0675,87.22,3.52,37.54,Healthy
2026-01-07 20:45:00,F0282,92.23,4.35,77.77,Critical
2026-01-07 20:50:00,F0085,69.48,1.96,65.32,Healthy
2026-01-07 20:55:00,F0024,74.96,3.41,48.92,Critical
2026-01-07 21:00:00,F0764,68.99,2.95,57.3,Healthy
2026-01-07 21:05:00,F0661,89.39,1.07,79.43,Critical
2026-01-07 21:10:00,F0066,49.0,2.94,43.37,Critical
2026-01-07 21:15:00,F0833,92.57,4.02,90.89,Critical
2026-01-07 21:20:00,F0832,54.55,2.87,1.97,Critical
2026-01-07 21:25:00,F0731,78.76,2.69,48.86,Critical
2026-01-07 21:30:00,F0920,96.99,3.81,12.41,Healthy
2026-01-07 21:35:00,F0569,32.81,3.08,18.07,Low
2026-01-07 21:40:00,F0212,82.62,0.79,80.05,Critical
2026-01-07 21:45:00,F0036,87.54,2.9,16.12,Healthy
2026-01-07 21:50:00,F0558,98.72,2.63,97.99,Healthy
2026-01-07 21:55:00,F0308,42.31,4.74,42.31,Healthy
2026-01-07 22:00:00,F0675,98.83,2.69,94.62,Critical
2026-01-07 22:05:00,F0536,83.08,2.97,44.49,Low
2026-01-07 22:10:00,F0679,87.71,2.65,60.62,Healthy
2026-01-07 22:15:00,F0853,46.57,1.1,23.71,Healthy
2026-01-07 22:20:00,F0368,96.66,3.09,95.74,Low
2026-01-07 22:25:00,F0262,19.33,3.19,12.85,Low
2026-01-07 22:30:00,F0086,62.91,4.54,38.18,Low
2026-01-07 22:35:00,F0209,72.28,4.71,67.65,Healthy
2026-01-07 22:40:00,F0662,86.41,1.49,62.96,Healthy
2026-01-07 22:45:00,F0524,89.94,2.91,71.44,Critical
2026-01-07 22:50:00,F0807,42.85,4.14,16.4,Low
2026-01-07 22:55:00,F0277,53.26,4.83,37.89,Healthy
2026-01-07 23:00:00,F0338,72.21,3.48,53.15,Critical
2026-01-07 23:05:00,F0150,79.78,4.56,8.9,Healthy
2026-01-07 23:10:00,F0228,98.51,0.67,27.36,Low
2026-01-07 23:15:00,F0540,95.78,3.96,95.18,Critical
2026-01-07 23:20:00,F0098,97.59,3.03,87.55,Critical
2026-01-07 23:25:00,F0278,53.25,2.95,34.89,Critical
2026-01-07 23:30:00,F0770,38.56,0.43,9.91,Low
2026-01-07 23:35:00,F0808,73.6,4.07,18.07,Critical
2026-01-07 23:40:00,F0607,73.22,4.43,55.17,Healthy
2026-01-07 23:45:00,F0674,78.75,3.5,25.91,Healthy
2026-01-07 23:50:00,F0941,37.19,2.92,14.27,Critical
2026-01-07 23:55:00,F0695,91.97,1.98,63.92,Critical
2026-01-08 00:00:00,F0363,67.36,2.4,41.82,Low
2026-01-08 00:05:00,F0965,71.51,1.52,50.22,Critical
2026-01-08 00:10:00,F0879,91.76,4.11,88.14,Healthy
2026-01-08 00:15:00,F0093,96.39,2.15,94.75,Critical
2026-01-08 00:20:00,F0170,94.93,3.7,7.95,Critical
2026-01-08 00:25:00,F0505,57.98,3.77,5.74,Healthy
2026-01-08 00:30:00,F0749,98.14,2.24,96.22,Healthy
2026-01-08 00:35:00,F0910,99.89,2.67,47.97,Critical
2026-01-08 00:40:00,F0933,88.41,2.15,69.79,Critical
2026-01-08 00:45:00,F0354,53.77,2.24,0.73,Healthy
2026-01-08 00:50:00,F0902,99.95,3.37,99.42,Critical
2026-01-08 00:55:00,F0173,82.58,0.4,68.41,Critical
2026-01-08 01:00:00,F0180,99.33,3.87,93.02,Healthy
2026-01-08 01:05:00,F0053,59.07,0.84,36.71,Low
2026-01-08 01:10:00,F0347,98.47,1.02,49.55,Critical
2026-01-08 01:15:00,F0121,82.48,2.79,24.98,Low
2026-01-08 01:20:00,F0756,44.85,1.61,29.92,Critical
2026-01-08 01:25:00,F0956,70.02,1.24,56.88,Critical
2026-01-08 01:30:00,F0914,96.87,4.49,51.55,Critical
2026-01-08 01:35:00,F0472,84.93,0.48,84.84,Low
2026-01-08 01:40:00,F0740,54.38,0.71,29.84,Healthy
2026-01-08 01:45:00,F0203,65.97,0.24,40.21,Healthy
2026-01-08 01:50:00,F0936,72.25,4.51,52.91,Low
2026-01-08 01:55:00,F0482,25.53,3.89,0.69,Low
2026-01-08 02:00:00,F0550,93.25,1.95,37.43,Low
2026-01-08 02:05:00,F0166,85.68,2.31,10.87,Healthy
2026-01-08 02:10:00,F0892,58.59,2.28,35.37,Critical
2026-01-08 02:15:00,F0405,23.08,1.11,19.85,Low
2026-01-08 02:20:00,F0204,78.5,4.52,74.39,Low
2026-01-08 02:25:00,F0501,96.45,4.92,95.97,Critical
2026-01-08 02:30:00,F0770,55.99,3.47,49.56,Low
2026-01-08 02:35:00,F0399,92.18,4.63,50.19,Healthy
2026-01-08 02:40:00,F0160,12.85,0.72,10.97,Low
2026-01-08 02:45:00,F0695,61.83,3.88,50.0,Low
2026-01-08 02:50:00,F0492,43.43,3.07,42.97,Low
2026-01-08 02:55:00,F0633,59.01,0.6,28.22,Healthy
2026-01-08 03:00:00,F0118,80.53,1.1,72.92,Low
2026-01-08 03:05:00,F0204,99.9,1.39,99.43,Low
2026-01-08 03:10:00,F0515,91.23,4.09,70.65,Critical
2026-01-08 03:15:00,F0650,66.53,4.96,18.12,Healthy
2026-01-08 03:20:00,F0197,25.9,0.84,22.94,Healthy
2026-01-08 03:25:00,F0053,47.85,3.16,42.63,Low
2026-01-08 03:30:00,F0237,78.27,1.67,40.73,Healthy
2026-01-08 03:35:00,F0660,67.46,2.5,33.62,Healthy
2026-01-08 03:40:00,F0360,49.95,1.49,30.43,Critical
2026-01-08 03:45:00,F0042,44.58,1.74,41.81,Healthy
2026-01-08 03:50:00,F0484,25.3,3.77,5.21,Low
2026-01-08 03:55:00,F0972,92.54,0.68,90.85,Low
2026-01-08 04:00:00,F0014,42.53,1.66,36.36,Critical
2026-01-08 04:05:00,F0760,70.02,4.34,55.18,Low
2026-01-08 04:10:00,F0244,89.84,3.03,74.29,Critical
2026-01-08 04:15:00,F0109,33.91,3.0,27.59,Healthy
2026-01-08 04:20:00,F0992,64.48,3.09,62.96,Critical
2026-01-08 04:25:00,F0102,89.88,1.13,81.74,Healthy
2026-01-08 04:30:00,F0486,95.93,3.17,94.18,Healthy
2026-01-08 04:35:00,F0429,59.32,0.94,53.36,Critical
2026-01-08 04:40:00,F0867,93.06,4.48,71.16,Critical
2026-01-08 04:45:00,F0735,98.63,4.5,97.51,Healthy
2026-01-08 04:50:00,F0954,94.82,0.53,91.08,Critical
2026-01-08 04:55:00,F0991,84.82,1.0,79.09,Healthy
2026-01-08 05:00:00,F0996,33.29,4.79,28.97,Critical
2026-01-08 05:05:00,F0546,59.11,4.11,19.02,Critical
2026-01-08 05:10:00,F0394,99.29,0.99,97.15,Critical
2026-01-08 05:15:00,F0189,83.93,2.12,77.94,Healthy
2026-01-08 05:20:00,F0901,74.52,1.25,16.0,Critical
2026-01-08 05:25:00,F0311,74.14,3.6,45.54,Healthy
2026-01-08 05:30:00,F0230,38.02,1.49,29.64,Healthy
2026-01-08 05:35:00,F0965,83.19,1.6,53.36,Low
2026-01-08 05:40:00,F0658,98.48,1.5,92.72,Healthy
2026-01-08 05:45:00,F0665,99.07,1.21,98.95,Low
2026-01-08 05:50:00,F0970,75.19,4.87,63.27,Critical
2026-01-08 05:55:00,F0920,89.95,1.47,88.4,Critical
2026-01-08 06:00:00,F0011,73.63,4.93,29.49,Low
2026-01-08 06:05:00,F0995,35.73,4.83,21.93,Healthy
2026-01-08 06:10:00,F0800,89.74,4.9,53.74,Critical
2026-01-08 06:15:00,F0670,44.77,3.78,10.64,Low
2026-01-08 06:20:00,F0837,94.16,3.24,87.0,Low
2026-01-08 06:25:00,F0828,67.39,1.49,22.06,Low
2026-01-08 06:30:00,F0378,76.89,1.31,15.56,Healthy
2026-01-08 06:35:00,F0190,92.0,0.65,90.22,Healthy
2026-01-08 06:40:00,F0664,78.06,2.55,18.89,Low
2026-01-08 06:45:00,F0404,19.5,0.98,2.1,Critical
2026-01-08 06:50:00,F0252,63.61,0.53,60.78,Low
2026-01-08 06:55:00,F0540,91.82,4.86,90.91,Healthy
2026-01-08 07:00:00,F0387,89.16,4.08,72.68,Low
2026-01-08 07:05:00,F0660,76.83,4.17,2.07,Healthy
2026-01-08 07:10:00,F0962,36.45,3.9,13.22,Critical
2026-01-08 07:15:00,F0811,60.34,4.0,59.96,Healthy
2026-01-08 07:20:00,F0088,93.26,4.13,54.24,Healthy
2026-01-08 07:25:00,F0836,90.74,3.85,13.92,Healthy
2026-01-08 07:30:00,F0557,47.63,2.5,30.74,Critical
2026-01-08 07:35:00,F0046,28.3,2.81,26.75,Healthy
2026-01-08 07:40:00,F0426,94.83,0.69,54.46,Healthy
2026-01-08 07:45:00,F0395,22.76,1.28,0.12,Healthy
2026-01-08 07:50:00,F0701,94.94,1.58,35.33,Low
2026-01-08 07:55:00,F0504,96.92,3.63,68.68,Healthy
2026-01-08 08:00:00,F0289,99.96,1.28,99.08,Low
2026-01-08 08:05:00,F0947,40.93,1.8,7.63,Healthy
2026-01-08 08:10:00,F0544,91.42,3.1,89.56,Low
2026-01-08 08:15:00,F0684,65.97,3.46,59.96,Critical
2026-01-08 08:20:00,F0107,54.49,4.12,30.16,Low
2026-01-08 08:25:00,F0831,99.44,3.38,91.62,Critical
2026-01-08 08:30:00,F0153,97.22,3.99,79.87,Critical
2026-01-08 08:35:00,F0816,52.78,0.91,14.66,Low
2026-01-08 08:40:00,F0745,89.38,0.74,81.46,Low
2026-01-08 08:45:00,F0786,25.38,1.75,14.47,Low
2026-01-08 08:50:00,F0997,66.42,2.57,35.26,Low
2026-01-08 08:55:00,F0967,65.68,3.26,60.17,Critical
2026-01-08 09:00:00,F0552,96.47,2.04,92.16,Critical
2026-01-08 09:05:00,F0086,60.94,2.77,49.26,Critical
2026-01-08 09:10:00,F0831,93.63,2.73,71.49,Critical
2026-01-08 09:15:00,F0209,50.17,0.62,21.93,Healthy
2026-01-08 09:20:00,F0113,44.76,2.47,36.24,Healthy
2026-01-08 09:25:00,F0798,98.67,1.93,91.14,Healthy
2026-01-08 09:30:00,F0996,89.65,0.89,29.47,Low
2026-01-08 09:35:00,F0142,28.48,4.17,24.25,Healthy
2026-01-08 09:40:00,F0027,97.64,3.58,96.21,Critical
2026-01-08 09:45:00,F0679,98.95,1.98,96.49,Critical
2026-01-08 09:50:00,F0031,88.0,4.22,7.38,Healthy
2026-01-08 09:55:00,F0583,41.41,0.58,36.52,Low
2026-01-08 10:00:00,F0767,78.19,1.08,14.97,Critical
2026-01-08 10:05:00,F0346,82.26,1.64,69.86,Low
2026-01-08 10:10:00,F0160,84.41,3.54,78.14,Healthy
2026-01-08 10:15:00,F0516,97.04,0.35,88.12,Healthy
2026-01-08 10:20:00,F0897,68.34,4.2,1.09,Low
2026-01-08 10:25:00,F0514,96.4,4.18,55.42,Low
2026-01-08 10:30:00,F0997,75.5,2.23,70.94,Healthy
2026-01-08 10:35:00,F0217,58.14,4.89,52.15,Low
2026-01-08 10:40:00,F0764,68.9,1.25,61.9,Critical
2026-01-08 10:45:00,F0489,87.85,0.57,60.51,Low
2026-01-08 10:50:00,F0056,78.48,2.14,65.27,Low
2026-01-08 10:55:00,F0080,68.49,1.13,64.66,Low
2026-01-08 11:00:00,F0289,61.43,4.26,60.32,Healthy
2026-01-08 11:05:00,F0775,81.53,0.51,54.16,Low
2026-01-08 11:10:00,F0247,94.25,1.17,18.77,Low
2026-01-08 11:15:00,F0810,12.61,2.94,8.5,Low
2026-01-08 11:20:00,F0009,94.61,1.71,4.57,Low
2026-01-08 11:25:00,F0323,87.59,4.8,75.17,Low
2026-01-08 11:30:00,F0100,91.84,4.87,72.57,Low
2026-01-08 11:35:00,F0827,46.72,3.76,40.73,Healthy
2026-01-08 11:40:00,F0890,48.93,4.02,2.37,Healthy
2026-01-08 11:45:00,F0907,61.89,0.93,29.01,Critical
2026-01-08 11:50:00,F0827,89.52,3.65,9.33,Critical
2026-01-08 11:55:00,F0987,70.99,3.89,65.42,Critical
2026-01-08 12:00:00,F0953,83.14,3.7,51.63,Low
2026-01-08 12:05:00,F0639,60.82,0.83,44.75,Low
2026-01-08 12:10:00,F0245,69.56,3.62,4.0,Healthy
2026-01-08 12:15:00,F0581,99.99,3.11,99.7,Critical
2026-01-08 12:20:00,F0785,99.45,0.67,99.44,Low
2026-01-08 12:25:00,F0090,90.1,4.85,54.71,Low
2026-01-08 12:30:00,F0166,94.03,1.71,9.41,Healthy
2026-01-08 12:35:00,F0184,34.43,1.94,28.01,Critical
2026-01-08 12:40:00,F0263,87.99,1.44,77.19,Low
2026-01-08 12:45:00,F0583,69.37,0.87,65.03,Low
2026-01-08 12:50:00,F0878,42.47,4.32,3.96,Critical
2026-01-08 12:55:00,F0866,94.75,0.82,91.71,Critical
2026-01-08 13:00:00,F0519,98.47,1.99,95.2,Low
2026-01-08 13:05:00,F0636,76.6,4.4,26.28,Critical
2026-01-08 13:10:00,F0575,71.69,3.99,5.71,Healthy
2026-01-08 13:15:00,F0584,47.23,0.71,15.46,Low
2026-01-08 13:20:00,F0686,98.16,1.27,85.38,Healthy
2026-01-08 13:25:00,F0838,69.73,2.45,34.89,Low
2026-01-08 13:30:00,F0983,20.56,1.07,10.91,Low
2026-01-08 13:35:00,F0325,84.44,1.16,76.82,Low
2026-01-08 13:40:00,F0488,99.89,2.53,99.64,Healthy
2026-01-08 13:45:00,F0482,39.08,0.38,27.84,Healthy
2026-01-08 13:50:00,F0616,65.15,1.74,64.02,Low
2026-01-08 13:55:00,F0485,80.27,4.08,6.24,Healthy
2026-01-08 14:00:00,F0701,95.52,4.37,5.41,Low
2026-01-08 14:05:00,F0071,33.08,3.25,26.98,Low
2026-01-08 14:10:00,F0893,82.88,1.63,40.51,Low
2026-01-08 14:15:00,F0851,64.81,3.41,52.48,Healthy
2026-01-08 14:20:00,F0772,40.28,4.53,9.24,Low
2026-01-08 14:25:00,F0487,51.47,1.88,16.45,Critical
2026-01-08 14:30:00,F0364,90.56,0.97,68.88,Critical
2026-01-08 14:35:00,F0916,81.13,4.15,57.03,Critical
2026-01-08 14:40:00,F0149,66.22,3.67,19.86,Low
2026-01-08 14:45:00,F0846,91.08,4.15,66.41,Critical
2026-01-08 14:50:00,F0957,97.24,0.27,73.31,Healthy
2026-01-08 14:55:00,F0691,89.59,1.72,49.94,Low
2026-01-08 15:00:00,F0966,99.13,3.67,26.28,Healthy
2026-01-08 15:05:00,F0038,84.58,3.27,63.43,Healthy
2026-01-08 15:10:00,F0793,92.28,1.1,74.57,Healthy
2026-01-08 15:15:00,F0196,68.46,1.24,60.09,Critical
2026-01-08 15:20:00,F0017,92.12,0.27,57.68,Low
2026-01-08 15:25:00,F0717,98.63,2.61,89.67,Low
2026-01-08 15:30:00,F0361,79.3,2.39,64.89,Critical
2026-01-08 15:35:00,F0949,61.86,4.88,42.58,Healthy
2026-01-08 15:40:00,F0167,75.8,1.99,45.88,Critical
2026-01-08 15:45:00,F0697,80.8,1.57,43.59,Low
2026-01-08 15:50:00,F0928,97.73,3.57,63.41,Healthy
2026-01-08 15:55:00,F0666,99.59,4.07,99.54,Healthy
2026-01-08 16:00:00,F0770,80.68,2.17,61.63,Critical
2026-01-08 16:05:00,F0596,95.95,0.68,92.72,Healthy
2026-01-08 16:10:00,F0796,73.81,4.29,66.77,Low
2026-01-08 16:15:00,F0974,93.56,0.75,55.16,Healthy
2026-01-08 16:20:00,F0930,65.19,4.01,35.06,Critical
2026-01-08 16:25:00,F0384,70.61,3.76,70.38,Healthy
2026-01-08 16:30:00,F0315,83.19,1.48,50.76,Low
2026-01-08 16:35:00,F0034,97.03,0.22,67.33,Healthy
2026-01-08 16:40:00,F0532,84.49,3.99,2.62,Critical
2026-01-08 16:45:00,F0441,98.37,1.81,59.99,Healthy
2026-01-08 16:50:00,F0403,82.95,2.08,55.57,Healthy
2026-01-08 16:55:00,F0652,82.69,2.97,80.13,Low
2026-01-08 17:00:00,F0530,99.78,1.03,97.74,Healthy
2026-01-08 17:05:00,F0517,88.81,0.68,43.74,Healthy
2026-01-08 17:10:00,F0643,94.21,3.96,63.14,Low
2026-01-08 17:15:00,F0096,88.98,0.96,83.73,Healthy
2026-01-08 17:20:00,F0157,77.59,0.26,2.56,Healthy
2026-01-08 17:25:00,F0586,98.95,2.81,61.81,Low
2026-01-08 17:30:00,F0650,98.38,3.72,2.53,Critical
2026-01-08 17:35:00,F0228,92.27,1.1,77.76,Low
2026-01-08 17:40:00,F0827,77.94,4.23,19.38,Low
2026-01-08 17:45:00,F0958,83.35,3.36,77.04,Healthy
2026-01-08 17:50:00,F0106,84.33,3.26,62.74,Healthy
2026-01-08 17:55:00,F0290,51.7,3.06,45.91,Low
2026-01-08 18:00:00,F0371,94.67,0.65,89.46,Healthy
2026-01-08 18:05:00,F0076,40.42,2.56,39.08,Low
2026-01-08 18:10:00,F0385,98.72,0.57,95.92,Low
2026-01-08 18:15:00,F0306,69.26,2.36,63.36,Healthy
2026-01-08 18:20:00,F0876,96.44,3.37,90.36,Healthy
2026-01-08 18:25:00,F0629,42.33,1.85,11.72,Critical
2026-01-08 18:30:00,F0949,88.29,0.96,54.65,Healthy
2026-01-08 18:35:00,F0525,21.14,0.34,19.28,Healthy
2026-01-08 18:40:00,F0031,92.05,1.95,21.63,Low
2026-01-08 18:45:00,F0130,73.43,0.6,13.86,Low
2026-01-08 18:50:00,F0726,34.05,1.16,27.37,Critical
2026-01-08 18:55:00,F0447,93.35,2.44,65.19,Critical
2026-01-08 19:00:00,F0203,95.97,4.63,94.63,Critical
2026-01-08 19:05:00,F0106,99.41,3.64,84.6,Critical
2026-01-08 19:10:00,F0211,82.75,3.02,79.32,Critical
2026-01-08 19:15:00,F0766,70.48,4.44,48.78,Low
2026-01-08 19:20:00,F0440,92.77,3.19,81.59,Healthy
2026-01-08 19:25:00,F0066,84.1,2.0,56.71,Low
2026-01-08 19:30:00,F0601,59.31,0.36,16.72,Low
2026-01-08 19:35:00,F0989,74.93,4.17,29.35,Critical
2026-01-08 19:40:00,F0331,46.88,0.34,35.23,Low
2026-01-08 19:45:00,F0673,80.61,1.92,79.09,Low
2026-01-08 19:50:00,F0327,44.88,3.94,37.2,Critical
2026-01-08 19:55:00,F0815,47.12,1.78,1.09,Low
2026-01-08 20:00:00,F0617,93.78,2.9,89.87,Healthy
2026-01-08 20:05:00,F0623,65.87,0.69,52.73,Critical
2026-01-08 20:10:00,F0775,46.5,4.48,7.48,Low
2026-01-08 20:15:00,F0822,45.23,1.74,31.78,Low
2026-01-08 20:20:00,F0128,70.99,4.95,49.87,Low
2026-01-08 20:25:00,F0591,48.85,1.77,17.11,Healthy
2026-01-08 20:30:00,F0005,89.71,3.29,28.5,Low
2026-01-08 20:35:00,F0918,57.27,4.24,28.44,Critical
2026-01-08 20:40:00,F0072,97.09,0.39,91.8,Low
2026-01-08 20:45:00,F0282,74.96,4.05,9.51,Low
2026-01-08 20:50:00,F0321,89.08,2.12,75.37,Low
2026-01-08 20:55:00,F0466,88.23,2.09,61.23,Low
2026-01-08 21:00:00,F0383,86.71,4.84,84.87,Critical
2026-01-08 21:05:00,F0143,84.34,1.28,10.27,Healthy
2026-01-08 21:10:00,F0232,99.82,4.33,99.35,Healthy
2026-01-08 21:15:00,F0836,82.88,3.68,8.8,Critical
2026-01-08 21:20:00,F0266,99.86,4.68,98.96,Healthy
2026-01-08 21:25:00,F0338,17.75,4.75,11.08,Critical
2026-01-08 21:30:00,F0175,71.73,4.1,61.28,Healthy
2026-01-08 21:35:00,F0152,71.65,0.78,58.35,Critical
2026-01-08 21:40:00,F0458,93.42,4.84,88.78,Critical
2026-01-08 21:45:00,F0678,62.96,2.73,12.24,Low
2026-01-08 21:50:00,F0232,99.36,1.75,97.63,Healthy
2026-01-08 21:55:00,F0572,32.48,1.62,26.38,Healthy
2026-01-08 22:00:00,F0080,72.96,3.73,65.95,Healthy
2026-01-08 22:05:00,F0222,97.22,0.49,97.18,Low
2026-01-08 22:10:00,F0214,83.75,1.1,81.85,Critical
2026-01-08 22:15:00,F0968,83.63,2.67,76.16,Low
2026-01-08 22:20:00,F0109,95.56,3.35,70.85,Healthy
2026-01-08 22:25:00,F0889,98.05,1.95,21.88,Critical
2026-01-08 22:30:00,F0285,60.49,3.94,51.35,Low
2026-01-08 22:35:00,F0664,89.12,1.67,16.42,Healthy
2026-01-08 22:40:00,F0247,78.26,4.41,14.73,Healthy
2026-01-08 22:45:00,F0678,89.71,1.1,89.41,Critical
2026-01-08 22:50:00,F0087,96.0,1.47,45.26,Low
2026-01-08 22:55:00,F0521,71.7,0.92,43.15,Low
2026-01-08 23:00:00,F0665,14.58,1.51,5.32,Low
2026-01-08 23:05:00,F0413,81.08,2.23,73.2,Healthy
2026-01-08 23:10:00,F0444,79.44,2.74,59.4,Healthy
2026-01-08 23:15:00,F0225,98.69,3.3,68.12,Healthy
2026-01-08 23:20:00,F0068,30.51,0.37,5.31,Critical
2026-01-08 23:25:00,F0734,65.86,1.29,10.1,Low
2026-01-08 23:30:00,F0901,83.82,0.69,39.19,Critical
2026-01-08 23:35:00,F0356,84.32,1.19,26.83,Critical
2026-01-08 23:40:00,F0097,81.05,3.06,28.8,Healthy
2026-01-08 23:45:00,F0313,74.01,3.56,50.32,Critical
2026-01-08 23:50:00,F0192,29.15,1.71,23.86,Low
2026-01-08 23:55:00,F0486,90.12,0.88,89.99,Low
2026-01-09 00:00:00,F0079,50.98,1.05,33.41,Healthy
2026-01-09 00:05:00,F0993,86.98,4.29,67.92,Low
2026-01-09 00:10:00,F0113,68.64,2.54,58.32,Healthy
2026-01-09 00:15:00,F0856,99.83,2.92,81.89,Healthy
2026-01-09 00:20:00,F0097,59.49,1.0,52.53,Healthy
2026-01-09 00:25:00,F0753,61.93,3.73,30.46,Low
2026-01-09 00:30:00,F0374,99.48,1.44,98.98,Low
2026-01-09 00:35:00,F0913,71.41,1.89,1.36,Critical
2026-01-09 00:40:00,F0611,97.79,4.31,77.45,Low
2026-01-09 00:45:00,F0022,75.89,3.49,11.28,Healthy
2026-01-09 00:50:00,F0146,99.27,4.31,97.86,Low
2026-01-09 00:55:00,F0997,86.99,1.37,49.78,Low
2026-01-09 01:00:00,F0978,48.36,3.77,35.94,Low
2026-01-09 01:05:00,F0696,95.56,4.83,63.87,Critical
2026-01-09 01:10:00,F0540,99.58,2.36,89.92,Healthy
2026-01-09 01:15:00,F0401,91.77,3.46,26.53,Critical
2026-01-09 01:20:00,F0043,59.75,4.97,41.73,Critical
2026-01-09 01:25:00,F0444,81.4,1.85,52.01,Low
2026-01-09 01:30:00,F0113,71.71,4.0,56.67,Healthy
2026-01-09 01:35:00,F0154,73.26,3.49,49.89,Critical
2026-01-09 01:40:00,F0311,98.88,3.19,96.67,Low
2026-01-09 01:45:00,F0042,29.94,4.04,28.83,Healthy
2026-01-09 01:50:00,F0314,32.11,3.05,28.3,Healthy
2026-01-09 01:55:00,F0258,43.07,3.37,43.03,Healthy
2026-01-09 02:00:00,F0682,90.84,1.56,35.02,Critical
2026-01-09 02:05:00,F0751,38.37,0.61,15.5,Healthy
2026-01-09 02:10:00,F0033,59.72,4.61,43.21,Low
2026-01-09 02:15:00,F0396,97.84,1.39,93.29,Low
2026-01-09 02:20:00,F0943,93.57,4.54,39.91,Low
2026-01-09 02:25:00,F0897,77.26,1.03,59.7,Low
2026-01-09 02:30:00,F0257,95.46,0.87,80.44,Healthy
2026-01-09 02:35:00,F0305,59.43,1.16,41.63,Critical
2026-01-09 02:40:00,F0802,94.05,2.41,92.71,Low
2026-01-09 02:45:00,F0516,72.35,2.73,9.6,Critical
2026-01-09 02:50:00,F0431,83.55,2.45,71.26,Low
2026-01-09 02:55:00,F0786,47.55,4.58,46.13,Low
2026-01-09 03:00:00,F0806,91.51,0.87,8.84,Healthy
2026-01-09 03:05:00,F0922,84.09,1.99,58.03,Critical
2026-01-09 03:10:00,F0129,98.11,0.46,87.78,Low
2026-01-09 03:15:00,F0531,92.18,2.42,67.01,Low
2026-01-09 03:20:00,F0666,88.26,0.61,83.92,Healthy
2026-01-09 03:25:00,F0494,52.72,0.67,33.35,Critical
2026-01-09 03:30:00,F0691,82.65,0.49,33.13,Critical
2026-01-09 03:35:00,F0148,79.28,0.45,73.94,Critical
2026-01-09 03:40:00,F0692,79.84,2.58,74.04,Critical
2026-01-09 03:45:00,F0960,89.82,1.64,85.23,Healthy
2026-01-09 03:50:00,F0069,84.46,3.19,80.56,Healthy
2026-01-09 03:55:00,F0254,59.33,4.42,15.3,Healthy
2026-01-09 04:00:00,F0401,55.7,0.32,10.36,Healthy
2026-01-09 04:05:00,F0189,96.18,1.64,92.6,Healthy
2026-01-09 04:10:00,F0698,97.18,2.82,84.17,Low
2026-01-09 04:15:00,F0652,92.01,3.16,85.93,Healthy
2026-01-09 04:20:00,F0175,72.08,4.13,18.48,Critical
2026-01-09 04:25:00,F0297,86.47,2.82,74.17,Low
2026-01-09 04:30:00,F0684,83.14,4.8,66.75,Low
2026-01-09 04:35:00,F0427,45.65,3.55,39.12,Low
2026-01-09 04:40:00,F0399,25.05,1.56,14.82,Healthy
2026-01-09 04:45:00,F0673,85.34,0.36,58.05,Critical
2026-01-09 04:50:00,F0143,64.16,4.56,44.45,Low
2026-01-09 04:55:00,F0163,88.35,2.4,88.24,Low
2026-01-09 05:00:00,F0925,60.59,4.33,50.06,Critical
2026-01-09 05:05:00,F0156,60.8,2.66,52.51,Low
2026-01-09 05:10:00,F0880,81.4,2.9,65.59,Healthy
2026-01-09 05:15:00,F0404,49.69,3.86,27.83,Healthy
2026-01-09 05:20:00,F0484,94.78,3.3,91.62,Critical
2026-01-09 05:25:00,F0795,97.52,2.96,65.9,Critical
2026-01-09 05:30:00,F0979,67.92,0.82,52.54,Critical
2026-01-09 05:35:00,F0047,61.13,3.16,34.81,Healthy
2026-01-09 05:40:00,F0109,86.63,0.96,85.2,Low
2026-01-09 05:45:00,F0791,98.42,2.49,93.42,Critical
2026-01-09 05:50:00,F0746,97.56,0.71,79.56,Low
2026-01-09 05:55:00,F0627,77.15,2.22,75.58,Low
2026-01-09 06:00:00,F0782,17.9,4.26,11.45,Low
2026-01-09 06:05:00,F0329,96.99,4.24,60.65,Healthy
2026-01-09 06:10:00,F0588,99.66,2.01,69.87,Critical
2026-01-09 06:15:00,F0293,54.98,1.41,19.97,Healthy
2026-01-09 06:20:00,F0829,85.13,0.98,20.12,Healthy
2026-01-09 06:25:00,F0099,96.33,0.32,8.6,Healthy
2026-01-09 06:30:00,F0793,3.83,0.87,3.32,Low
2026-01-09 06:35:00,F0699,71.54,4.35,56.83,Critical
2026-01-09 06:40:00,F0195,98.0,3.7,95.77,Healthy
2026-01-09 06:45:00,F0634,72.17,2.47,57.04,Critical
2026-01-09 06:50:00,F0641,91.77,4.05,85.34,Low
2026-01-09 06:55:00,F0530,89.0,2.93,87.4,Low
2026-01-09 07:00:00,F0554,14.72,2.59,10.09,Low
2026-01-09 07:05:00,F0849,30.59,4.14,2.25,Low
2026-01-09 07:10:00,F0162,92.22,1.92,39.04,Low
2026-01-09 07:15:00,F0955,86.42,2.96,7.48,Critical
2026-01-09 07:20:00,F0715,52.83,2.12,50.0,Healthy
2026-01-09 07:25:00,F0669,99.37,4.7,58.28,Healthy
2026-01-09 07:30:00,F0910,22.63,2.22,3.23,Healthy
2026-01-09 07:35:00,F0947,77.09,2.83,13.93,Critical
2026-01-09 07:40:00,F0825,95.56,0.5,91.23,Critical
2026-01-09 07:45:00,F0037,97.76,3.57,90.43,Low
2026-01-09 07:50:00,F0628,99.24,4.76,98.11,Healthy
2026-01-09 07:55:00,F0741,90.21,2.5,88.75,Healthy
2026-01-09 08:00:00,F0359,30.59,2.58,10.41,Low
2026-01-09 08:05:00,F0234,93.55,3.95,47.76,Healthy
2026-01-09 08:10:00,F0201,98.5,0.33,93.12,Critical
2026-01-09 08:15:00,F0019,87.6,2.02,60.81,Critical
2026-01-09 08:20:00,F0129,67.75,2.06,48.22,Low
2026-01-09 08:25:00,F0121,73.58,2.84,70.13,Critical
2026-01-09 08:30:00,F0448,98.59,1.97,98.25,Healthy
2026-01-09 08:35:00,F0423,24.59,0.64,23.82,Critical
2026-01-09 08:40:00,F0047,88.53,4.08,75.26,Healthy
2026-01-09 08:45:00,F0059,88.05,1.4,87.33,Healthy
2026-01-09 08:50:00,F0617,61.5,1.56,43.86,Critical
2026-01-09 08:55:00,F0408,90.46,4.99,89.04,Low
2026-01-09 09:00:00,F0961,68.38,3.35,65.76,Critical
2026-01-09 09:05:00,F0920,85.18,3.59,20.59,Healthy
2026-01-09 09:10:00,F0565,64.77,1.65,44.35,Low
2026-01-09 09:15:00,F0327,98.6,1.37,86.9,Critical
2026-01-09 09:20:00,F0421,70.04,0.7,54.14,Critical
2026-01-09 09:25:00,F0934,95.45,2.53,95.06,Healthy
2026-01-09 09:30:00,F0567,88.98,2.7,84.14,Healthy
2026-01-09 09:35:00,F0037,81.4,3.68,12.27,Healthy
2026-01-09 09:40:00,F0117,83.52,3.32,69.83,Healthy
2026-01-09 09:45:00,F0394,63.82,0.36,49.89,Low
2026-01-09 09:50:00,F0625,87.54,0.61,82.72,Low
2026-01-09 09:55:00,F0046,68.95,4.34,49.54,Healthy
2026-01-09 10:00:00,F0054,54.81,1.09,20.57,Critical
2026-01-09 10:05:00,F0027,54.68,2.8,30.51,Critical
2026-01-09 10:10:00,F0269,95.78,1.81,75.45,Critical
2026-01-09 10:15:00,F0637,78.52,0.33,21.65,Low
2026-01-09 10:20:00,F0771,99.04,3.96,86.57,Healthy
2026-01-09 10:25:00,F0955,99.08,2.86,80.74,Critical
2026-01-09 10:30:00,F0435,66.85,4.96,28.74,Critical
2026-01-09 10:35:00,F0984,79.22,3.89,71.92,Low
2026-01-09 10:40:00,F0930,59.42,4.96,46.73,Healthy
2026-01-09 10:45:00,F0256,47.81,3.48,28.07,Critical
2026-01-09 10:50:00,F0281,32.3,2.94,29.58,Low
2026-01-09 10:55:00,F0791,74.63,1.4,26.87,Critical
2026-01-09 11:00:00,F0857,66.49,1.67,1.23,Low
2026-01-09 11:05:00,F0010,85.02,2.33,84.76,Low
2026-01-09 11:10:00,F0570,65.11,1.92,3.7,Healthy
2026-01-09 11:15:00,F0919,45.56,2.98,40.86,Critical
2026-01-09 11:20:00,F0265,74.9,4.78,55.14,Low
2026-01-09 11:25:00,F0179,42.79,2.58,25.95,Healthy
2026-01-09 11:30:00,F0671,90.12,3.35,87.12,Healthy
2026-01-09 11:35:00,F0325,54.35,2.63,18.43,Healthy
2026-01-09 11:40:00,F0266,97.84,1.29,55.34,Low
2026-01-09 11:45:00,F0554,85.18,4.26,1.61,Critical
2026-01-09 11:50:00,F0520,14.9,1.33,4.47,Low
2026-01-09 11:55:00,F0585,29.41,0.57,11.32,Low
2026-01-09 12:00:00,F0437,84.13,3.47,82.91,Low
2026-01-09 12:05:00,F0344,81.85,1.77,14.31,Low
2026-01-09 12:10:00,F0302,99.41,2.0,89.74,Critical
2026-01-09 12:15:00,F0154,31.3,1.97,3.12,Critical
2026-01-09 12:20:00,F0524,81.29,3.12,2.55,Critical
2026-01-09 12:25:00,F0353,90.83,2.64,78.09,Healthy
2026-01-09 12:30:00,F0154,78.7,3.0,37.88,Low
2026-01-09 12:35:00,F0982,98.94,3.32,76.26,Healthy
2026-01-09 12:40:00,F0752,83.93,4.99,56.54,Low
2026-01-09 12:45:00,F0818,94.4,0.78,53.9,Healthy
2026-01-09 12:50:00,F0325,81.15,3.36,60.71,Low
2026-01-09 12:55:00,F0337,92.84,2.96,19.5,Healthy
2026-01-09 13:00:00,F0323,84.54,4.89,79.9,Critical
2026-01-09 13:05:00,F0981,98.47,3.53,97.24,Low
2026-01-09 13:10:00,F0937,68.46,1.89,36.19,Low
2026-01-09 13:15:00,F0429,80.9,3.11,65.33,Healthy
2026-01-09 13:20:00,F0551,62.33,4.17,56.93,Healthy
2026-01-09 13:25:00,F0142,90.72,2.16,77.64,Critical
2026-01-09 13:30:00,F0084,49.25,1.58,26.03,Low
2026-01-09 13:35:00,F0648,75.45,4.92,42.1,Healthy
2026-01-09 13:40:00,F0124,90.15,4.41,89.99,Low
2026-01-09 13:45:00,F0761,94.85,2.86,26.34,Healthy
2026-01-09 13:50:00,F0707,50.33,0.36,12.64,Healthy
2026-01-09 13:55:00,F0941,99.87,0.84,98.99,Low
2026-01-09 14:00:00,F0571,94.28,1.9,90.43,Healthy
2026-01-09 14:05:00,F0920,97.05,0.77,71.2,Low
2026-01-09 14:10:00,F0047,99.76,3.16,59.15,Healthy
2026-01-09 14:15:00,F0419,85.6,1.9,73.87,Critical
2026-01-09 14:20:00,F0489,60.9,4.21,44.98,Critical
2026-01-09 14:25:00,F0939,79.75,1.08,13.46,Critical
2026-01-09 14:30:00,F0379,62.76,4.5,8.38,Critical
2026-01-09 14:35:00,F0521,80.32,2.02,64.94,Critical
2026-01-09 14:40:00,F0305,62.8,4.73,58.81,Low
2026-01-09 14:45:00,F0594,93.23,2.91,34.11,Critical
2026-01-09 14:50:00,F0327,89.44,2.25,84.41,Healthy
2026-01-09 14:55:00,F0904,99.74,0.4,95.35,Critical
2026-01-09 15:00:00,F0631,66.47,2.69,21.07,Low
2026-01-09 15:05:00,F0281,20.63,1.57,9.95,Low
2026-01-09 15:10:00,F0940,60.08,4.45,43.89,Low
2026-01-09 15:15:00,F0683,99.92,3.82,98.88,Low
2026-01-09 15:20:00,F0773,86.15,1.19,14.1,Healthy
2026-01-09 15:25:00,F0553,96.1,4.53,2.74,Critical
2026-01-09 15:30:00,F0027,96.63,0.23,79.9,Low
2026-01-09 15:35:00,F0750,65.83,4.72,20.31,Low
2026-01-09 15:40:00,F0113,66.22,4.19,52.09,Critical
2026-01-09 15:45:00,F0443,83.68,4.25,70.63,Low
2026-01-09 15:50:00,F0750,99.49,4.35,26.31,Critical
2026-01-09 15:55:00,F0813,18.64,1.9,11.65,Healthy
2026-01-09 16:00:00,F0283,86.56,1.77,72.74,Low
2026-01-09 16:05:00,F0724,91.76,2.66,63.06,Critical
2026-01-09 16:10:00,F0955,61.18,4.64,31.48,Critical
2026-01-09 16:15:00,F0677,96.74,1.72,79.42,Critical
2026-01-09 16:20:00,F0141,4.33,3.25,3.56,Critical
2026-01-09 16:25:00,F0272,79.62,4.73,37.62,Low
2026-01-09 16:30:00,F0290,77.39,4.11,15.14,Healthy
2026-01-09 16:35:00,F0878,96.06,4.4,19.86,Critical
2026-01-09 16:40:00,F0572,76.63,0.22,74.94,Critical
2026-01-09 16:45:00,F0270,53.95,1.05,20.85,Critical
2026-01-09 16:50:00,F0496,77.55,3.0,38.03,Critical
2026-01-09 16:55:00,F0238,75.99,1.06,65.69,Low
2026-01-09 17:00:00,F0613,87.72,2.55,66.8,Low
2026-01-09 17:05:00,F0987,64.34,1.62,54.34,Low
2026-01-09 17:10:00,F0436,56.32,2.35,41.96,Healthy
2026-01-09 17:15:00,F0356,72.04,4.79,17.62,Critical
2026-01-09 17:20:00,F0861,92.91,0.81,39.81,Low
2026-01-09 17:25:00,F0275,61.27,3.5,60.11,Critical
2026-01-09 17:30:00,F0576,53.61,4.28,21.51,Low
2026-01-09 17:35:00,F0453,55.06,1.72,26.16,Low
2026-01-09 17:40:00,F0746,56.0,4.58,39.87,Healthy
2026-01-09 17:45:00,F0420,54.35,4.13,33.98,Healthy
2026-01-09 17:50:00,F0641,66.07,1.0,57.25,Healthy
2026-01-09 17:55:00,F0620,96.51,3.14,94.79,Critical
2026-01-09 18:00:00,F0093,80.63,3.67,1.99,Critical
2026-01-09 18:05:00,F0065,84.4,1.89,33.33,Critical
2026-01-09 18:10:00,F0161,55.83,1.21,4.92,Critical
2026-01-09 18:15:00,F0166,57.09,3.65,39.55,Low
2026-01-09 18:20:00,F0963,82.17,1.23,33.15,Healthy
2026-01-09 18:25:00,F0105,94.25,0.3,3.61,Critical
2026-01-09 18:30:00,F0309,49.24,2.53,39.79,Healthy
2026-01-09 18:35:00,F0279,42.04,3.91,23.0,Critical
2026-01-09 18:40:00,F0135,69.79,3.96,12.36,Critical
2026-01-09 18:45:00,F0517,88.6,4.34,87.66,Critical
2026-01-09 18:50:00,F0761,70.95,3.72,70.35,Critical
2026-01-09 18:55:00,F0812,89.56,0.93,60.49,Low
2026-01-09 19:00:00,F0332,44.58,3.11,19.43,Low
2026-01-09 19:05:00,F0208,64.6,0.31,51.24,Healthy
2026-01-09 19:10:00,F0299,61.11,3.35,26.43,Low
2026-01-09 19:15:00,F0495,60.19,4.84,9.31,Low
2026-01-09 19:20:00,F0018,93.03,2.76,90.77,Low
2026-01-09 19:25:00,F0732,93.54,4.77,72.76,Healthy
2026-01-09 19:30:00,F0790,46.59,2.97,45.23,Healthy
2026-01-09 19:35:00,F0319,50.73,2.49,44.71,Low
2026-01-09 19:40:00,F0575,21.54,3.22,14.38,Healthy
2026-01-09 19:45:00,F0086,67.79,4.72,20.77,Healthy
2026-01-09 19:50:00,F0860,71.56,4.22,40.32,Critical
2026-01-09 19:55:00,F0422,87.87,0.48,76.06,Low
2026-01-09 20:00:00,F0706,75.0,4.2,74.05,Critical
2026-01-09 20:05:00,F0215,70.63,4.38,59.87,Critical
2026-01-09 20:10:00,F0668,85.9,2.82,79.47,Healthy
2026-01-09 20:15:00,F0880,67.07,3.6,32.18,Critical
2026-01-09 20:20:00,F0717,99.36,0.59,99.28,Healthy
2026-01-09 20:25:00,F0767,47.69,3.83,37.57,Healthy
2026-01-09 20:30:00,F0040,97.66,2.3,16.62,Low
2026-01-09 20:35:00,F0144,76.0,3.21,49.52,Critical
2026-01-09 20:40:00,F0121,87.54,2.21,87.42,Low
2026-01-09 20:45:00,F0278,99.95,3.66,99.57,Critical
2026-01-09 20:50:00,F0170,70.44,4.47,32.24,Healthy
2026-01-09 20:55:00,F0975,86.0,3.49,29.02,Critical
2026-01-09 21:00:00,F0216,66.81,3.1,37.13,Low
2026-01-09 21:05:00,F0139,98.92,3.66,92.71,Healthy
2026-01-09 21:10:00,F0427,52.91,4.18,52.44,Healthy
2026-01-09 21:15:00,F0320,98.04,0.52,15.03,Critical
2026-01-09 21:20:00,F0339,62.45,3.53,18.77,Healthy
2026-01-09 21:25:00,F0359,20.8,2.45,6.11,Critical
2026-01-09 21:30:00,F0951,83.64,1.28,55.92,Healthy
2026-01-09 21:35:00,F0599,90.43,4.14,27.46,Critical
2026-01-09 21:40:00,F0261,58.57,3.2,30.58,Critical
2026-01-09 21:45:00,F0157,57.66,3.36,54.1,Healthy
2026-01-09 21:50:00,F0105,80.15,1.54,73.07,Healthy
2026-01-09 21:55:00,F0339,95.25,3.02,79.69,Critical
2026-01-09 22:00:00,F0827,83.52,3.04,77.2,Critical
2026-01-09 22:05:00,F0173,93.22,3.41,87.13,Healthy
2026-01-09 22:10:00,F0823,80.32,4.95,78.34,Critical
2026-01-09 22:15:00,F0332,89.3,0.99,14.65,Healthy
2026-01-09 22:20:00,F0451,94.92,0.45,89.6,Low
2026-01-09 22:25:00,F0121,83.25,1.77,66.48,Healthy
2026-01-09 22:30:00,F0486,72.97,2.01,56.01,Low
2026-01-09 22:35:00,F0905,67.7,2.71,31.18,Critical
2026-01-09 22:40:00,F0854,99.14,4.79,84.22,Low
2026-01-09 22:45:00,F0502,87.31,4.23,71.13,Critical
2026-01-09 22:50:00,F0446,90.67,3.49,78.9,Critical
2026-01-09 22:55:00,F0478,58.66,0.32,34.82,Critical
2026-01-09 23:00:00,F0898,74.95,2.24,34.6,Healthy
2026-01-09 23:05:00,F0011,84.42,1.06,38.25,Healthy
2026-01-09 23:10:00,F0318,44.52,2.72,44.21,Low
2026-01-09 23:15:00,F0944,32.4,1.97,9.41,Healthy
2026-01-09 23:20:00,F0491,71.49,0.36,60.68,Low
2026-01-09 23:25:00,F0641,28.58,3.54,4.39,Healthy
2026-01-09 23:30:00,F0950,99.6,4.15,97.11,Low
2026-01-09 23:35:00,F0485,99.86,3.23,99.72,Critical
2026-01-09 23:40:00,F0040,97.59,3.8,87.49,Low
2026-01-09 23:45:00,F0754,17.76,4.49,2.88,Healthy
2026-01-09 23:50:00,F0867,92.51,0.83,87.09,Healthy
2026-01-09 23:55:00,F0100,11.48,3.26,5.6,Critical
2026-01-10 00:00:00,F0756,75.08,4.29,27.75,Healthy
2026-01-10 00:05:00,F0920,93.3,3.43,33.27,Critical
2026-01-10 00:10:00,F0376,76.92,4.93,16.92,Critical
2026-01-10 00:15:00,F0684,42.47,3.39,1.42,Critical
2026-01-10 00:20:00,F0152,77.6,1.13,6.15,Critical
2026-01-10 00:25:00,F0624,29.92,1.03,26.66,Healthy
2026-01-10 00:30:00,F0863,88.65,2.16,68.87,Healthy
2026-01-10 00:35:00,F0478,39.23,2.89,31.12,Critical
2026-01-10 00:40:00,F0091,98.86,0.61,83.61,Healthy
2026-01-10 00:45:00,F0326,92.51,1.08,91.8,Critical
2026-01-10 00:50:00,F0011,68.98,0.3,62.66,Healthy
2026-01-10 00:55:00,F0966,95.55,2.41,63.79,Healthy
2026-01-10 01:00:00,F0886,96.03,3.47,30.78,Healthy
2026-01-10 01:05:00,F0389,82.58,3.74,74.74,Critical
2026-01-10 01:10:00,F0424,68.99,1.54,28.71,Healthy
2026-01-10 01:15:00,F0303,86.81,1.51,83.53,Low
2026-01-10 01:20:00,F0593,84.57,1.47,69.76,Low
2026-01-10 01:25:00,F0647,64.17,3.28,34.89,Critical
2026-01-10 01:30:00,F0395,97.22,0.38,83.17,Healthy
2026-01-10 01:35:00,F0356,86.24,1.21,53.79,Critical
2026-01-10 01:40:00,F0717,85.01,4.02,81.09,Critical
2026-01-10 01:45:00,F0526,67.22,3.77,55.16,Healthy
2026-01-10 01:50:00,F0119,28.15,2.44,25.82,Critical
2026-01-10 01:55:00,F0601,70.61,1.09,65.83,Low
2026-01-10 02:00:00,F0035,74.16,2.01,37.23,Low
2026-01-10 02:05:00,F0009,96.1,3.22,70.13,Healthy
2026-01-10 02:10:00,F0103,79.63,1.81,42.14,Healthy
2026-01-10 02:15:00,F0191,95.37,1.67,91.31,Healthy
2026-01-10 02:20:00,F0712,77.2,3.16,43.9,Low
2026-01-10 02:25:00,F0741,79.65,2.47,73.1,Low
2026-01-10 02:30:00,F0042,76.1,2.52,60.09,Healthy
2026-01-10 02:35:00,F0432,88.32,4.52,76.32,Low
2026-01-10 02:40:00,F0030,86.46,4.78,77.41,Healthy
2026-01-10 02:45:00,F0989,94.47,4.63,51.22,Critical
2026-01-10 02:50:00,F0770,99.84,1.15,94.28,Healthy
2026-01-10 02:55:00,F0994,96.51,1.8,12.99,Healthy
2026-01-10 03:00:00,F0470,86.29,3.88,30.93,Low
2026-01-10 03:05:00,F0905,28.84,0.2,16.53,Healthy
2026-01-10 03:10:00,F0209,46.63,0.59,30.13,Low
2026-01-10 03:15:00,F0866,71.32,1.37,9.02,Low
2026-01-10 03:20:00,F0564,10.43,0.96,0.49,Critical
2026-01-10 03:25:00,F0386,68.02,1.22,39.4,Low
2026-01-10 03:30:00,F0132,73.44,3.86,70.62,Low
2026-01-10 03:35:00,F0920,94.63,0.84,76.3,Low
2026-01-10 03:40:00,F0404,89.63,3.71,81.98,Critical
2026-01-10 03:45:00,F0601,75.9,2.54,7.17,Healthy
2026-01-10 03:50:00,F0378,81.93,3.12,22.17,Low
2026-01-10 03:55:00,F0770,74.29,4.15,33.99,Low
2026-01-10 04:00:00,F0193,92.64,3.3,91.46,Healthy
2026-01-10 04:05:00,F0670,47.91,2.29,21.12,Healthy
2026-01-10 04:10:00,F0841,64.78,1.57,42.57,Low
2026-01-10 04:15:00,F0168,44.19,4.8,3.48,Low
2026-01-10 04:20:00,F0085,83.0,4.2,68.23,Low
2026-01-10 04:25:00,F0823,95.68,0.69,68.61,Healthy
2026-01-10 04:30:00,F0703,58.63,0.82,16.09,Low
2026-01-10 04:35:00,F0433,67.4,3.34,1.16,Healthy
2026-01-10 04:40:00,F0619,74.5,1.44,30.3,Low
2026-01-10 04:45:00,F0865,85.66,3.95,50.21,Critical
2026-01-10 04:50:00,F0435,97.68,0.74,97.18,Critical
2026-01-10 04:55:00,F0008,77.88,4.38,75.96,Low
2026-01-10 05:00:00,F0528,96.16,3.6,94.82,Critical
2026-01-10 05:05:00,F0289,74.08,2.38,72.76,Healthy
2026-01-10 05:10:00,F0911,44.41,2.55,12.16,Critical
2026-01-10 05:15:00,F0304,79.22,1.41,68.64,Healthy
2026-01-10 05:20:00,F0018,70.59,1.06,54.27,Low
2026-01-10 05:25:00,F0366,72.7,3.25,32.46,Critical
2026-01-10 05:30:00,F0087,27.61,3.75,3.66,Critical
2026-01-10 05:35:00,F0442,66.76,3.69,9.46,Low
2026-01-10 05:40:00,F0941,74.94,2.4,34.54,Critical
2026-01-10 05:45:00,F0335,82.78,2.93,82.05,Low
2026-01-10 05:50:00,F0832,73.44,3.12,3.83,Healthy
2026-01-10 05:55:00,F0950,43.06,4.91,38.19,Critical
2026-01-10 06:00:00,F0974,75.49,2.23,74.93,Critical
2026-01-10 06:05:00,F0857,91.3,3.33,25.69,Low
2026-01-10 06:10:00,F0311,98.51,4.01,96.52,Critical
2026-01-10 06:15:00,F0819,63.25,4.3,51.4,Healthy
2026-01-10 06:20:00,F0448,85.03,2.47,37.42,Low
2026-01-10 06:25:00,F0688,81.7,3.94,74.69,Healthy
2026-01-10 06:30:00,F0280,87.28,4.57,60.46,Healthy
2026-01-10 06:35:00,F0133,65.28,0.29,40.72,Low
2026-01-10 06:40:00,F0326,98.23,3.08,26.71,Healthy
2026-01-10 06:45:00,F0066,47.41,0.29,22.13,Critical
2026-01-10 06:50:00,F0603,87.68,3.62,28.78,Low
2026-01-10 06:55:00,F0953,77.69,1.78,63.48,Critical
2026-01-10 07:00:00,F0456,35.46,1.83,1.26,Healthy
2026-01-10 07:05:00,F0715,57.52,3.76,46.19,Healthy
2026-01-10 07:10:00,F0873,68.36,1.43,67.3,Critical
2026-01-10 07:15:00,F0354,98.58,3.23,96.77,Healthy
2026-01-10 07:20:00,F0299,50.01,4.93,20.76,Low
2026-01-10 07:25:00,F0599,53.7,2.44,45.15,Healthy
2026-01-10 07:30:00,F0784,78.04,2.91,62.43,Healthy
2026-01-10 07:35:00,F0241,93.64,1.56,75.14,Low
2026-01-10 07:40:00,F0871,96.9,0.83,92.12,Healthy
2026-01-10 07:45:00,F0585,99.29,1.25,9.7,Low
2026-01-10 07:50:00,F0753,81.73,0.96,17.86,Low
2026-01-10 07:55:00,F0923,64.81,1.89,55.01,Critical
2026-01-10 08:00:00,F0681,73.34,3.9,27.89,Critical
2026-01-10 08:05:00,F0549,97.28,3.86,96.02,Critical
2026-01-10 08:10:00,F0476,69.3,4.32,39.22,Low
2026-01-10 08:15:00,F0182,98.68,2.36,82.61,Low
2026-01-10 08:20:00,F0476,52.61,2.76,28.84,Critical
2026-01-10 08:25:00,F0669,48.96,4.55,17.23,Low
2026-01-10 08:30:00,F0634,99.06,2.17,97.42,Healthy
2026-01-10 08:35:00,F0614,99.91,3.18,13.86,Critical
2026-01-10 08:40:00,F0256,81.92,4.74,73.21,Healthy
2026-01-10 08:45:00,F0380,60.85,2.47,56.93,Healthy
2026-01-10 08:50:00,F0566,91.11,4.44,74.3,Critical
2026-01-10 08:55:00,F0378,88.54,4.28,86.34,Critical
2026-01-10 09:00:00,F0944,99.21,1.04,87.47,Healthy
2026-01-10 09:05:00,F0212,92.85,1.61,32.27,Critical
2026-01-10 09:10:00,F0248,78.62,1.38,46.12,Healthy
2026-01-10 09:15:00,F0619,97.58,2.6,97.28,Low
2026-01-10 09:20:00,F0740,90.34,4.56,87.21,Healthy
2026-01-10 09:25:00,F0888,67.91,0.36,0.69,Critical
2026-01-10 09:30:00,F0428,99.58,4.34,99.55,Low
2026-01-10 09:35:00,F0622,96.69,2.78,88.34,Critical
2026-01-10 09:40:00,F0848,99.39,3.63,98.92,Critical
2026-01-10 09:45:00,F0743,83.86,4.1,5.98,Healthy
2026-01-10 09:50:00,F0666,68.91,3.64,36.34,Low
2026-01-10 09:55:00,F0269,51.2,0.8,42.86,Critical
2026-01-10 10:00:00,F0423,79.52,0.74,75.36,Critical
2026-01-10 10:05:00,F0216,86.5,4.58,33.98,Low
2026-01-10 10:10:00,F0921,16.4,3.28,9.71,Critical
2026-01-10 10:15:00,F0303,62.38,1.37,49.16,Critical
2026-01-10 10:20:00,F0582,83.32,3.98,44.47,Low
2026-01-10 10:25:00,F0296,65.44,3.85,59.44,Healthy
2026-01-10 10:30:00,F0299,50.36,1.98,22.1,Low
2026-01-10 10:35:00,F0487,97.98,0.96,94.48,Critical
2026-01-10 10:40:00,F0712,85.65,1.62,43.99,Healthy
2026-01-10 10:45:00,F0653,47.44,1.6,14.65,Healthy
2026-01-10 10:50:00,F0599,32.25,1.22,2.8,Healthy
2026-01-10 10:55:00,F0530,81.15,3.66,25.94,Low
2026-01-10 11:00:00,F0660,98.56,4.52,47.7,Healthy
2026-01-10 11:05:00,F0388,80.32,2.61,58.71,Low
2026-01-10 11:10:00,F0496,81.79,4.38,64.84,Low
2026-01-10 11:15:00,F0317,35.17,4.75,1.42,Healthy
2026-01-10 11:20:00,F0809,82.78,1.54,22.43,Healthy
2026-01-10 11:25:00,F0935,81.08,1.91,65.0,Critical
2026-01-10 11:30:00,F0802,98.55,4.23,90.63,Critical
2026-01-10 11:35:00,F0034,93.51,3.76,89.81,Low
2026-01-10 11:40:00,F0278,81.6,4.77,62.64,Critical
2026-01-10 11:45:00,F0082,98.23,4.26,96.17,Healthy
2026-01-10 11:50:00,F0817,58.2,2.71,44.66,Critical
2026-01-10 11:55:00,F0234,88.36,4.69,18.27,Critical
2026-01-10 12:00:00,F0273,99.42,1.05,71.74,Critical
2026-01-10 12:05:00,F0940,80.73,3.77,27.75,Healthy
2026-01-10 12:10:00,F0213,93.45,0.84,90.61,Healthy
2026-01-10 12:15:00,F0101,60.48,3.86,24.39,Critical
2026-01-10 12:20:00,F0075,97.51,0.45,88.16,Healthy
2026-01-10 12:25:00,F0103,72.66,2.32,47.83,Critical
2026-01-10 12:30:00,F0010,71.26,3.07,58.94,Critical
2026-01-10 12:35:00,F0454,84.03,4.54,42.98,Critical
2026-01-10 12:40:00,F0468,68.95,4.07,19.48,Healthy
2026-01-10 12:45:00,F0647,45.43,2.15,25.17,Healthy
2026-01-10 12:50:00,F0661,51.91,2.52,32.86,Low
2026-01-10 12:55:00,F0695,51.52,2.75,26.42,Critical
2026-01-10 13:00:00,F0775,55.85,3.2,50.31,Healthy
2026-01-10 13:05:00,F0482,98.69,1.73,48.76,Low
2026-01-10 13:10:00,F0312,52.47,0.51,16.31,Healthy
2026-01-10 13:15:00,F0552,97.29,2.33,92.53,Healthy
2026-01-10 13:20:00,F0315,38.05,0.72,19.36,Critical
2026-01-10 13:25:00,F0702,63.32,3.88,30.54,Low
2026-01-10 13:30:00,F0332,97.62,1.21,92.76,Healthy
2026-01-10 13:35:00,F0162,33.07,2.1,19.19,Critical
2026-01-10 13:40:00,F0486,83.69,1.76,66.26,Critical
2026-01-10 13:45:00,F0235,88.93,2.2,59.52,Low
2026-01-10 13:50:00,F0149,63.23,4.31,47.2,Low
2026-01-10 13:55:00,F0461,83.02,1.9,33.37,Low
2026-01-10 14:00:00,F0781,66.5,2.09,42.53,Low
2026-01-10 14:05:00,F0144,66.54,2.16,5.53,Low
2026-01-10 14:10:00,F0214,93.11,0.29,76.7,Critical
2026-01-10 14:15:00,F0330,82.25,1.62,71.67,Low
2026-01-10 14:20:00,F0205,90.8,1.76,79.09,Healthy
2026-01-10 14:25:00,F0077,72.24,2.31,61.76,Healthy
2026-01-10 14:30:00,F0608,95.09,3.67,16.04,Low
2026-01-10 14:35:00,F0400,98.95,4.74,95.2,Critical
2026-01-10 14:40:00,F0622,96.98,3.59,95.97,Critical
2026-01-10 14:45:00,F0283,77.48,0.69,37.5,Critical
2026-01-10 14:50:00,F0138,43.94,4.63,36.94,Critical
2026-01-10 14:55:00,F0845,75.22,4.89,7.4,Healthy
2026-01-10 15:00:00,F0576,94.63,3.03,87.4,Healthy
2026-01-10 15:05:00,F0677,74.53,1.77,43.83,Low
2026-01-10 15:10:00,F0144,86.24,4.12,55.67,Healthy
2026-01-10 15:15:00,F0981,96.63,3.56,87.07,Low
2026-01-10 15:20:00,F0189,98.9,2.34,90.51,Low
2026-01-10 15:25:00,F0694,64.54,2.41,46.83,Critical
2026-01-10 15:30:00,F0144,95.01,3.1,25.9,Healthy
2026-01-10 15:35:00,F0818,93.06,2.25,64.22,Healthy
2026-01-10 15:40:00,F0383,99.83,0.49,83.17,Healthy
2026-01-10 15:45:00,F0895,98.25,4.98,56.57,Low
2026-01-10 15:50:00,F0650,91.08,2.56,79.01,Healthy
2026-01-10 15:55:00,F0800,99.32,2.91,73.44,Healthy
2026-01-10 16:00:00,F0090,92.8,4.03,53.18,Critical
2026-01-10 16:05:00,F0770,99.95,3.13,92.25,Healthy
2026-01-10 16:10:00,F0463,83.16,2.27,76.71,Critical
2026-01-10 16:15:00,F0590,30.62,1.79,15.22,Low
2026-01-10 16:20:00,F0972,85.77,3.95,45.4,Low
2026-01-10 16:25:00,F0639,92.19,2.13,88.94,Low
2026-01-10 16:30:00,F0266,43.8,1.28,1.89,Healthy
2026-01-10 16:35:00,F0670,80.57,3.89,58.44,Critical
2026-01-10 16:40:00,F0915,94.03,4.14,20.03,Critical
2026-01-10 16:45:00,F0212,96.99,0.93,86.72,Low
2026-01-10 16:50:00,F0865,67.42,0.33,18.16,Healthy
2026-01-10 16:55:00,F0336,99.0,2.79,77.95,Low
2026-01-10 17:00:00,F0168,94.29,3.36,92.85,Low
2026-01-10 17:05:00,F0791,99.93,1.32,99.1,Low
2026-01-10 17:10:00,F0127,94.59,4.41,2.73,Low
2026-01-10 17:15:00,F0214,85.79,4.36,2.54,Low
2026-01-10 17:20:00,F0790,23.81,2.31,4.92,Low
2026-01-10 17:25:00,F0519,98.74,0.8,59.02,Critical
2026-01-10 17:30:00,F0124,93.29,0.78,72.45,Low
2026-01-10 17:35:00,F0426,99.88,1.92,74.06,Healthy
2026-01-10 17:40:00,F0490,61.06,0.64,21.03,Low
2026-01-10 17:45:00,F0390,51.66,4.74,50.87,Low
2026-01-10 17:50:00,F0969,61.3,4.32,40.03,Low
2026-01-10 17:55:00,F0308,97.51,2.28,83.65,Healthy
2026-01-10 18:00:00,F0400,99.99,0.61,99.97,Low
2026-01-10 18:05:00,F0919,73.39,4.83,1.59,Low
2026-01-10 18:10:00,F0010,21.47,4.27,4.54,Healthy
2026-01-10 18:15:00,F0040,74.48,0.87,51.86,Healthy
2026-01-10 18:20:00,F0301,89.5,1.21,59.62,Low
2026-01-10 18:25:00,F0179,77.79,4.15,61.76,Critical
2026-01-10 18:30:00,F0186,99.34,3.76,96.53,Low
2026-01-10 18:35:00,F0510,89.87,0.73,87.91,Healthy
2026-01-10 18:40:00,F0272,93.68,3.2,30.61,Critical
2026-01-10 18:45:00,F0911,54.62,3.96,32.11,Low
2026-01-10 18:50:00,F0048,91.65,4.39,3.42,Critical
2026-01-10 18:55:00,F0162,70.42,3.07,37.7,Healthy
2026-01-10 19:00:00,F0068,10.57,4.51,1.49,Healthy
2026-01-10 19:05:00,F0920,98.17,2.43,96.87,Critical
2026-01-10 19:10:00,F0001,89.34,4.31,44.04,Low
2026-01-10 19:15:00,F0331,61.07,4.52,47.62,Critical
2026-01-10 19:20:00,F0099,84.75,4.79,54.0,Low
2026-01-10 19:25:00,F0129,78.25,4.19,49.28,Healthy
2026-01-10 19:30:00,F0676,58.39,4.07,51.47,Healthy
2026-01-10 19:35:00,F0630,81.57,3.64,74.32,Healthy
2026-01-10 19:40:00,F0309,79.75,1.4,24.98,Low
2026-01-10 19:45:00,F0530,88.15,2.42,71.05,Critical
2026-01-10 19:50:00,F0336,99.88,1.48,98.76,Low
2026-01-10 19:55:00,F0872,83.52,0.9,37.48,Healthy
2026-01-10 20:00:00,F0814,90.72,4.04,74.79,Healthy
2026-01-10 20:05:00,F0856,99.25,0.27,97.95,Healthy
2026-01-10 20:10:00,F0496,64.14,1.75,16.19,Low
2026-01-10 20:15:00,F0416,97.63,4.37,18.77,Low
2026-01-10 20:20:00,F0451,99.46,2.38,99.27,Healthy
2026-01-10 20:25:00,F0346,87.62,3.35,74.5,Low
2026-01-10 20:30:00,F0893,99.78,1.09,99.67,Low
2026-01-10 20:35:00,F0877,79.4,2.39,77.2,Low
2026-01-10 20:40:00,F0437,94.84,1.46,76.33,Critical
2026-01-10 20:45:00,F0999,11.76,2.81,2.54,Low
2026-01-10 20:50:00,F0130,95.12,0.78,83.01,Low
2026-01-10 20:55:00,F0085,98.91,2.29,30.7,Critical
2026-01-10 21:00:00,F0524,90.65,4.14,18.26,Healthy
2026-01-10 21:05:00,F0204,80.77,3.47,14.17,Critical
2026-01-10 21:10:00,F0577,94.38,2.72,74.46,Critical
2026-01-10 21:15:00,F0236,69.73,4.04,52.5,Critical
2026-01-10 21:20:00,F0103,96.7,2.75,94.72,Critical
2026-01-10 21:25:00,F0864,68.14,3.24,16.56,Critical
2026-01-10 21:30:00,F0879,66.9,4.72,15.21,Healthy
2026-01-10 21:35:00,F0304,96.31,4.8,27.84,Low
2026-01-10 21:40:00,F0480,98.95,4.87,90.1,Low
2026-01-10 21:45:00,F0258,13.64,4.7,13.61,Critical
2026-01-10 21:50:00,F0628,96.58,1.7,55.58,Critical
2026-01-10 21:55:00,F0148,97.6,0.48,95.93,Low
2026-01-10 22:00:00,F0974,96.57,3.87,82.24,Healthy
2026-01-10 22:05:00,F0606,64.63,0.97,39.12,Healthy
2026-01-10 22:10:00,F0972,41.86,1.88,24.86,Low
2026-01-10 22:15:00,F0600,76.45,2.13,14.04,Critical
2026-01-10 22:20:00,F0779,72.2,2.33,15.18,Low
2026-01-10 22:25:00,F0106,31.86,0.76,1.08,Critical
2026-01-10 22:30:00,F0842,77.44,1.31,59.84,Healthy
2026-01-10 22:35:00,F0902,61.18,3.13,54.13,Critical
2026-01-10 22:40:00,F0391,99.21,1.51,34.14,Low
2026-01-10 22:45:00,F0898,63.18,2.44,11.28,Critical
2026-01-10 22:50:00,F0231,92.55,4.01,69.14,Critical
2026-01-10 22:55:00,F0614,64.42,4.99,10.31,Low
2026-01-10 23:00:00,F0719,61.65,4.28,24.13,Low
2026-01-10 23:05:00,F0287,92.2,3.26,42.17,Critical
2026-01-10 23:10:00,F0337,90.37,4.54,73.24,Low
2026-01-10 23:15:00,F0014,78.58,1.41,66.7,Healthy
2026-01-10 23:20:00,F0227,88.12,2.53,71.31,Critical
2026-01-10 23:25:00,F0847,99.85,1.48,43.38,Critical
2026-01-10 23:30:00,F0622,77.76,3.11,48.79,Critical
2026-01-10 23:35:00,F0111,87.59,3.4,87.04,Critical
2026-01-10 23:40:00,F0098,85.41,3.28,83.82,Healthy
2026-01-10 23:45:00,F0727,98.6,1.35,96.67,Critical
2026-01-10 23:50:00,F0356,85.22,2.09,42.18,Critical
2026-01-10 23:55:00,F0536,90.96,4.29,78.81,Healthy
2026-01-11 00:00:00,F0797,97.78,4.1,94.02,Low
2026-01-11 00:05:00,F0025,85.67,0.32,66.91,Critical
2026-01-11 00:10:00,F0822,99.57,0.67,94.59,Healthy
2026-01-11 00:15:00,F0839,79.78,4.28,72.91,Critical
2026-01-11 00:20:00,F0457,50.71,4.87,34.4,Healthy
2026-01-11 00:25:00,F0788,75.33,3.56,32.45,Healthy
2026-01-11 00:30:00,F0330,64.21,3.9,20.94,Critical
2026-01-11 00:35:00,F0865,88.95,1.87,40.13,Low
2026-01-11 00:40:00,F0758,94.5,1.8,85.66,Healthy
2026-01-11 00:45:00,F0093,94.13,1.67,31.65,Critical
2026-01-11 00:50:00,F0775,78.59,3.18,40.61,Low
2026-01-11 00:55:00,F0346,58.94,4.31,20.21,Low
2026-01-11 01:00:00,F0331,99.58,3.82,89.58,Healthy
2026-01-11 01:05:00,F0718,91.9,2.99,11.15,Critical
2026-01-11 01:10:00,F0408,79.71,3.83,56.05,Critical
2026-01-11 01:15:00,F0613,72.32,1.15,69.56,Critical
2026-01-11 01:20:00,F0546,83.08,1.46,40.46,Low
2026-01-11 01:25:00,F0980,45.93,4.62,39.68,Critical
2026-01-11 01:30:00,F0584,86.91,4.46,81.46,Healthy
2026-01-11 01:35:00,F0252,88.24,1.28,32.38,Critical
2026-01-11 01:40:00,F0230,17.73,4.96,15.5,Critical
2026-01-11 01:45:00,F0664,98.71,1.38,98.33,Healthy
2026-01-11 01:50:00,F0879,96.97,1.62,14.54,Critical
2026-01-11 01:55:00,F0582,77.08,2.31,48.33,Healthy
2026-01-11 02:00:00,F0643,75.37,4.27,41.23,Critical
2026-01-11 02:05:00,F0724,97.18,4.9,88.86,Low
2026-01-11 02:10:00,F0922,87.62,1.47,80.34,Healthy
2026-01-11 02:15:00,F0138,97.15,1.91,32.02,Low
2026-01-11 02:20:00,F0552,89.45,4.93,85.99,Critical
2026-01-11 02:25:00,F0520,81.2,4.91,12.88,Critical
2026-01-11 02:30:00,F0619,89.89,1.7,47.57,Healthy
2026-01-11 02:35:00,F0568,90.06,3.64,72.01,Healthy
2026-01-11 02:40:00,F0634,49.37,2.96,46.53,Low
2026-01-11 02:45:00,F0176,97.64,2.29,49.71,Healthy
2026-01-11 02:50:00,F0356,58.53,2.88,56.0,Low
2026-01-11 02:55:00,F0067,95.79,0.91,86.76,Critical
2026-01-11 03:00:00,F0029,92.51,1.41,27.61,Critical
2026-01-11 03:05:00,F0137,90.52,2.27,59.77,Low
2026-01-11 03:10:00,F0691,63.77,2.37,21.52,Low
2026-01-11 03:15:00,F0969,91.7,2.94,33.05,Low
2026-01-11 03:20:00,F0323,72.73,2.79,14.42,Healthy
2026-01-11 03:25:00,F0602,99.29,0.45,97.09,Healthy
2026-01-11 03:30:00,F0424,78.89,0.54,77.46,Critical
2026-01-11 03:35:00,F0793,98.3,1.13,16.12,Healthy
2026-01-11 03:40:00,F0747,98.83,0.34,83.57,Healthy
2026-01-11 03:45:00,F0718,60.15,0.65,33.18,Critical
2026-01-11 03:50:00,F0142,81.41,2.16,38.75,Low
2026-01-11 03:55:00,F0441,32.79,1.69,18.3,Low
2026-01-11 04:00:00,F0233,70.05,1.09,49.97,Low
2026-01-11 04:05:00,F0770,99.05,3.24,98.56,Healthy
2026-01-11 04:10:00,F0571,81.25,0.3,52.39,Healthy
2026-01-11 04:15:00,F0542,68.32,0.66,68.27,Healthy
2026-01-11 04:20:00,F0927,3.22,2.05,0.47,Critical
2026-01-11 04:25:00,F0194,98.07,4.32,56.34,Critical
2026-01-11 04:30:00,F0354,70.37,1.07,62.09,Healthy
2026-01-11 04:35:00,F0588,94.88,4.58,87.21,Healthy
2026-01-11 04:40:00,F0182,98.69,3.59,89.14,Critical
2026-01-11 04:45:00,F0040,17.46,4.13,14.88,Critical
2026-01-11 04:50:00,F0957,90.16,4.01,88.82,Low
2026-01-11 04:55:00,F0605,97.94,0.72,93.5,Critical
2026-01-11 05:00:00,F0159,32.82,0.68,16.74,Critical
2026-01-11 05:05:00,F0562,99.43,4.7,92.0,Low
2026-01-11 05:10:00,F0068,92.85,4.73,78.41,Low
2026-01-11 05:15:00,F0503,97.01,0.88,24.62,Healthy
2026-01-11 05:20:00,F0944,80.62,0.4,79.41,Low
2026-01-11 05:25:00,F0860,94.47,4.57,81.09,Critical
2026-01-11 05:30:00,F0329,69.68,2.7,9.88,Critical
2026-01-11 05:35:00,F0776,79.1,3.57,56.3,Critical
2026-01-11 05:40:00,F0782,69.15,1.56,64.32,Healthy
2026-01-11 05:45:00,F0387,57.88,3.21,29.3,Healthy
2026-01-11 05:50:00,F0496,65.43,2.56,49.05,Critical
2026-01-11 05:55:00,F0295,86.94,2.59,38.88,Critical
2026-01-11 06:00:00,F0970,71.14,2.73,69.89,Healthy
2026-01-11 06:05:00,F0556,93.09,3.02,30.71,Healthy
2026-01-11 06:10:00,F0049,83.28,3.75,64.09,Low
2026-01-11 06:15:00,F0844,71.57,1.89,38.49,Critical
2026-01-11 06:20:00,F0183,93.99,3.74,87.37,Critical
2026-01-11 06:25:00,F0102,94.38,3.56,37.08,Low
2026-01-11 06:30:00,F0075,98.56,4.48,95.0,Critical
2026-01-11 06:35:00,F0016,71.36,1.19,20.36,Healthy
2026-01-11 06:40:00,F0947,97.58,1.19,92.21,Low
2026-01-11 06:45:00,F0852,81.45,1.35,0.47,Low
2026-01-11 06:50:00,F0381,99.73,4.94,98.44,Low
2026-01-11 06:55:00,F0685,27.99,0.88,4.48,Low
2026-01-11 07:00:00,F0885,94.93,2.23,88.19,Critical
2026-01-11 07:05:00,F0936,76.07,4.71,30.97,Low
2026-01-11 07:10:00,F0387,89.58,0.25,40.92,Low
2026-01-11 07:15:00,F0260,96.53,1.11,84.26,Critical
2026-01-11 07:20:00,F0786,5.18,3.52,1.04,Low
2026-01-11 07:25:00,F0118,19.03,3.51,12.89,Healthy
2026-01-11 07:30:00,F0550,21.48,4.0,15.89,Low
2026-01-11 07:35:00,F0733,96.28,3.75,16.74,Critical
2026-01-11 07:40:00,F0584,56.95,2.77,39.82,Low
2026-01-11 07:45:00,F0906,84.21,0.77,10.85,Healthy
2026-01-11 07:50:00,F0131,97.5,2.86,95.02,Critical
2026-01-11 07:55:00,F0235,99.61,2.45,99.56,Healthy
2026-01-11 08:00:00,F0826,96.04,1.09,83.31,Healthy
2026-01-11 08:05:00,F0147,57.4,3.15,24.18,Low
2026-01-11 08:10:00,F0786,97.32,0.4,59.7,Healthy
2026-01-11 08:15:00,F0015,77.86,3.68,76.85,Healthy
2026-01-11 08:20:00,F0359,94.85,4.76,34.13,Low
2026-01-11 08:25:00,F0157,51.34,3.29,20.06,Low
2026-01-11 08:30:00,F0344,81.57,1.28,50.56,Critical
2026-01-11 08:35:00,F0864,84.4,0.32,72.12,Healthy
2026-01-11 08:40:00,F0561,66.59,1.58,60.17,Low
2026-01-11 08:45:00,F0548,44.34,3.49,5.67,Healthy
2026-01-11 08:50:00,F0380,97.44,1.02,61.86,Healthy
2026-01-11 08:55:00,F0391,34.36,0.7,14.35,Healthy
2026-01-11 09:00:00,F0123,89.89,4.11,56.27,Healthy
2026-01-11 09:05:00,F0021,89.19,0.37,76.22,Critical
2026-01-11 09:10:00,F0396,92.46,2.49,82.4,Low
2026-01-11 09:15:00,F0244,97.18,2.06,68.56,Critical
2026-01-11 09:20:00,F0652,98.99,1.4,49.06,Low
2026-01-11 09:25:00,F0901,71.57,4.51,47.91,Low
2026-01-11 09:30:00,F0987,79.12,1.58,22.38,Low
2026-01-11 09:35:00,F0022,99.94,4.43,99.91,Low
2026-01-11 09:40:00,F0728,89.5,0.89,80.55,Critical
2026-01-11 09:45:00,F0642,87.02,4.94,85.17,Low
2026-01-11 09:50:00,F0472,90.78,2.15,20.81,Critical
2026-01-11 09:55:00,F0346,70.62,4.77,45.23,Low
2026-01-11 10:00:00,F0252,84.27,0.84,66.54,Healthy
2026-01-11 10:05:00,F0747,98.51,2.93,71.26,Critical
2026-01-11 10:10:00,F0884,88.41,1.94,78.41,Low
2026-01-11 10:15:00,F0482,62.04,1.67,37.48,Healthy
2026-01-11 10:20:00,F0979,95.64,2.37,54.28,Critical
2026-01-11 10:25:00,F0912,61.06,1.16,41.21,Healthy
2026-01-11 10:30:00,F0966,80.66,4.7,65.97,Low
2026-01-11 10:35:00,F0177,57.77,1.19,2.38,Low
2026-01-11 10:40:00,F0657,99.62,3.47,98.36,Low
2026-01-11 10:45:00,F0325,63.91,4.04,57.51,Low
2026-01-11 10:50:00,F0499,82.09,3.74,24.57,Low
2026-01-11 10:55:00,F0644,81.71,3.86,61.04,Healthy
2026-01-11 11:00:00,F0009,70.4,3.98,67.62,Healthy
2026-01-11 11:05:00,F0366,95.42,0.63,33.15,Healthy
2026-01-11 11:10:00,F0068,82.25,4.8,74.36,Low
2026-01-11 11:15:00,F0458,96.4,1.71,62.32,Low
2026-01-11 11:20:00,F0822,53.92,1.04,33.86,Critical
2026-01-11 11:25:00,F0122,29.7,4.43,15.98,Critical
2026-01-11 11:30:00,F0644,96.06,2.17,91.02,Low
2026-01-11 11:35:00,F0256,95.44,1.55,69.99,Healthy
2026-01-11 11:40:00,F0774,81.34,0.9,66.39,Healthy
2026-01-11 11:45:00,F0175,46.35,2.03,13.56,Healthy
2026-01-11 11:50:00,F0452,73.62,4.94,58.62,Critical
2026-01-11 11:55:00,F0504,58.04,2.35,57.19,Critical
2026-01-11 12:00:00,F0908,99.47,4.45,56.68,Low
2026-01-11 12:05:00,F0404,34.83,0.85,6.89,Healthy
2026-01-11 12:10:00,F0202,96.48,4.69,11.1,Critical
2026-01-11 12:15:00,F0086,96.52,3.61,32.07,Low
2026-01-11 12:20:00,F0913,60.91,4.04,60.28,Critical
2026-01-11 12:25:00,F0197,91.34,1.01,41.77,Critical
2026-01-11 12:30:00,F0502,93.95,2.7,28.02,Low
2026-01-11 12:35:00,F0314,92.83,0.45,90.58,Low
2026-01-11 12:40:00,F0768,47.12,2.28,44.89,Critical
2026-01-11 12:45:00,F0134,75.68,0.59,45.81,Critical
2026-01-11 12:50:00,F0205,31.02,2.95,1.07,Low
2026-01-11 12:55:00,F0714,79.66,0.37,38.0,Low
2026-01-11 13:00:00,F0803,90.27,4.06,33.56,Low
2026-01-11 13:05:00,F0737,96.62,1.84,40.72,Low
2026-01-11 13:10:00,F0936,67.18,2.55,55.24,Low
2026-01-11 13:15:00,F0327,97.29,0.61,91.88,Critical
2026-01-11 13:20:00,F0781,90.92,0.31,89.58,Healthy
2026-01-11 13:25:00,F0586,29.22,1.05,24.3,Healthy
2026-01-11 13:30:00,F0014,78.1,4.35,77.89,Critical
2026-01-11 13:35:00,F0160,92.62,4.38,80.7,Critical
2026-01-11 13:40:00,F0895,79.84,4.38,62.61,Low
2026-01-11 13:45:00,F0722,81.22,0.71,78.61,Healthy
2026-01-11 13:50:00,F0094,26.45,3.78,19.95,Critical
2026-01-11 13:55:00,F0239,98.99,0.22,95.14,Healthy
2026-01-11 14:00:00,F0543,35.44,0.58,5.0,Healthy
2026-01-11 14:05:00,F0620,99.37,1.15,47.6,Critical
2026-01-11 14:10:00,F0886,73.64,1.58,18.61,Healthy
2026-01-11 14:15:00,F0998,48.69,2.64,44.25,Healthy
2026-01-11 14:20:00,F0194,68.72,4.42,26.33,Critical
2026-01-11 14:25:00,F0869,28.89,3.86,12.4,Low
2026-01-11 14:30:00,F0857,85.25,1.29,75.63,Critical
2026-01-11 14:35:00,F0224,74.72,2.18,29.67,Low
2026-01-11 14:40:00,F0008,43.13,1.85,25.09,Critical
2026-01-11 14:45:00,F0166,92.14,3.48,89.06,Healthy
2026-01-11 14:50:00,F0062,90.87,2.57,6.16,Critical
2026-01-11 14:55:00,F0921,92.04,2.26,75.57,Critical
2026-01-11 15:00:00,F0327,81.96,4.89,44.59,Critical
2026-01-11 15:05:00,F0621,93.1,4.59,77.14,Critical
2026-01-11 15:10:00,F0327,98.89,2.93,95.93,Low
2026-01-11 15:15:00,F0308,59.59,4.09,35.81,Low
2026-01-11 15:20:00,F0602,44.41,5.0,31.35,Healthy
2026-01-11 15:25:00,F0473,48.78,1.89,4.27,Low
2026-01-11 15:30:00,F0475,99.79,4.26,92.34,Low
2026-01-11 15:35:00,F0430,86.34,0.88,45.22,Healthy
2026-01-11 15:40:00,F0892,92.17,3.98,87.34,Critical
2026-01-11 15:45:00,F0838,51.89,1.96,14.94,Critical
2026-01-11 15:50:00,F0223,99.49,0.92,90.54,Healthy
2026-01-11 15:55:00,F0203,28.28,2.47,1.64,Healthy
2026-01-11 16:00:00,F0875,91.44,0.96,49.73,Critical
2026-01-11 16:05:00,F0512,71.6,1.11,27.77,Low
2026-01-11 16:10:00,F0682,71.04,4.29,43.51,Healthy
2026-01-11 16:15:00,F0723,96.96,0.71,35.34,Low
2026-01-11 16:20:00,F0507,81.13,0.88,60.78,Healthy
2026-01-11 16:25:00,F0163,59.61,0.26,41.63,Low
2026-01-11 16:30:00,F0125,78.9,3.48,63.05,Critical
2026-01-11 16:35:00,F0827,76.04,1.55,12.94,Critical
2026-01-11 16:40:00,F0065,99.6,1.97,86.41,Healthy
2026-01-11 16:45:00,F0335,56.29,2.2,44.71,Critical
2026-01-11 16:50:00,F0938,47.3,4.38,23.34,Low
2026-01-11 16:55:00,F0340,90.99,2.86,78.68,Critical
2026-01-11 17:00:00,F0648,45.37,0.81,19.44,Critical
2026-01-11 17:05:00,F0243,98.82,1.3,97.11,Healthy
2026-01-11 17:10:00,F0524,49.85,2.45,48.86,Healthy
2026-01-11 17:15:00,F0542,58.22,0.91,38.41,Low
2026-01-11 17:20:00,F0746,97.16,4.52,46.27,Low
2026-01-11 17:25:00,F0789,24.72,2.07,6.69,Low
2026-01-11 17:30:00,F0486,93.6,1.95,71.19,Healthy
2026-01-11 17:35:00,F0636,49.99,0.21,22.33,Low
2026-01-11 17:40:00,F0497,98.1,3.96,56.19,Low
2026-01-11 17:45:00,F0662,93.05,2.77,60.48,Healthy
2026-01-11 17:50:00,F0752,96.28,3.07,95.77,Healthy
2026-01-11 17:55:00,F0290,94.68,1.14,73.55,Healthy
2026-01-11 18:00:00,F0012,96.2,2.23,79.07,Low
2026-01-11 18:05:00,F0668,27.97,0.89,26.1,Critical
2026-01-11 18:10:00,F0932,87.29,0.58,76.24,Healthy
2026-01-11 18:15:00,F0455,53.36,2.03,44.67,Low
2026-01-11 18:20:00,F0724,35.39,1.51,10.77,Critical
2026-01-11 18:25:00,F0980,52.36,0.98,45.33,Healthy
2026-01-11 18:30:00,F0378,60.8,4.37,12.39,Healthy
2026-01-11 18:35:00,F0644,69.2,3.66,31.53,Low
2026-01-11 18:40:00,F0857,76.18,2.1,64.63,Healthy
2026-01-11 18:45:00,F0041,91.32,1.76,64.36,Critical
2026-01-11 18:50:00,F0066,18.04,3.64,5.59,Healthy
2026-01-11 18:55:00,F0731,28.04,0.69,13.99,Healthy
2026-01-11 19:00:00,F0084,41.62,1.93,9.19,Low
2026-01-11 19:05:00,F0064,60.65,0.53,34.36,Critical
2026-01-11 19:10:00,F0562,82.18,3.99,41.64,Healthy
2026-01-11 19:15:00,F0934,83.58,2.35,81.44,Low
2026-01-11 19:20:00,F0025,75.55,0.47,22.74,Healthy
2026-01-11 19:25:00,F0044,81.38,3.55,64.29,Healthy
2026-01-11 19:30:00,F0141,98.9,4.76,75.85,Critical
2026-01-11 19:35:00,F0406,75.12,2.06,31.95,Healthy
2026-01-11 19:40:00,F0732,52.17,1.59,51.02,Critical
2026-01-11 19:45:00,F0037,53.2,0.53,41.49,Healthy
2026-01-11 19:50:00,F0083,49.87,2.56,22.95,Critical
2026-01-11 19:55:00,F0407,97.98,2.64,88.16,Healthy
2026-01-11 20:00:00,F0638,68.44,0.24,15.23,Low
2026-01-11 20:05:00,F0855,55.09,2.0,26.56,Healthy
2026-01-11 20:10:00,F0920,80.23,1.43,75.42,Low
2026-01-11 20:15:00,F0457,66.69,3.32,39.26,Critical
2026-01-11 20:20:00,F0210,99.26,3.42,96.77,Healthy
2026-01-11 20:25:00,F0956,20.74,2.06,11.27,Healthy
2026-01-11 20:30:00,F0853,79.78,2.94,20.01,Critical
2026-01-11 20:35:00,F0370,94.07,4.46,67.42,Low
2026-01-11 20:40:00,F0906,59.04,3.21,5.44,Low
2026-01-11 20:45:00,F0850,22.65,0.31,21.68,Healthy
2026-01-11 20:50:00,F0398,99.26,1.19,86.04,Critical
2026-01-11 20:55:00,F0170,73.22,4.92,32.74,Low
2026-01-11 21:00:00,F0684,89.34,3.06,48.02,Healthy
2026-01-11 21:05:00,F0032,7.79,0.71,7.77,Critical
2026-01-11 21:10:00,F0001,31.05,0.25,5.0,Low
2026-01-11 21:15:00,F0100,97.85,3.7,44.51,Healthy
2026-01-11 21:20:00,F0760,98.16,3.3,36.8,Low
2026-01-11 21:25:00,F0789,9.68,2.2,7.61,Healthy
2026-01-11 21:30:00,F0953,92.52,1.65,89.85,Healthy
2026-01-11 21:35:00,F0812,95.81,3.26,12.03,Healthy
2026-01-11 21:40:00,F0116,90.12,4.67,88.03,Healthy
2026-01-11 21:45:00,F0712,96.87,2.39,72.48,Critical
2026-01-11 21:50:00,F0065,68.25,0.31,27.31,Critical
2026-01-11 21:55:00,F0387,81.43,1.23,69.18,Healthy
2026-01-11 22:00:00,F0180,48.56,2.28,3.72,Healthy
2026-01-11 22:05:00,F0789,60.35,0.41,57.68,Low
2026-01-11 22:10:00,F0274,76.87,3.65,70.99,Healthy
2026-01-11 22:15:00,F0707,73.3,4.82,67.12,Low
2026-01-11 22:20:00,F0577,81.88,4.98,81.04,Low
2026-01-11 22:25:00,F0733,90.82,3.57,55.89,Critical
2026-01-11 22:30:00,F0468,61.71,1.95,4.73,Low
2026-01-11 22:35:00,F0744,95.53,1.99,54.46,Critical
2026-01-11 22:40:00,F0417,83.44,1.74,54.08,Healthy
2026-01-11 22:45:00,F0786,99.31,1.99,58.02,Low
2026-01-11 22:50:00,F0692,90.57,3.43,14.76,Critical
2026-01-11 22:55:00,F0260,45.9,4.81,40.78,Healthy
2026-01-11 23:00:00,F0772,64.41,1.92,33.28,Critical
2026-01-11 23:05:00,F0519,86.77,0.99,86.18,Critical
2026-01-11 23:10:00,F0763,68.6,1.84,14.51,Healthy
2026-01-11 23:15:00,F0812,99.66,2.95,85.11,Healthy
2026-01-11 23:20:00,F0902,96.9,2.1,82.47,Healthy
2026-01-11 23:25:00,F0590,99.54,2.81,99.05,Healthy
2026-01-11 23:30:00,F0758,95.7,2.84,25.47,Healthy
2026-01-11 23:35:00,F0334,83.86,3.98,68.4,Critical
2026-01-11 23:40:00,F0536,98.97,1.99,83.65,Critical
2026-01-11 23:45:00,F0418,88.28,1.25,81.94,Critical
2026-01-11 23:50:00,F0465,91.07,0.71,75.16,Healthy
2026-01-11 23:55:00,F0001,86.55,4.5,83.43,Critical
2026-01-12 00:00:00,F0712,98.32,2.58,79.99,Low
2026-01-12 00:05:00,F0555,86.75,2.15,24.18,Critical
2026-01-12 00:10:00,F0032,11.78,4.11,9.66,Low
2026-01-12 00:15:00,F0074,80.32,1.09,12.11,Healthy
2026-01-12 00:20:00,F0367,56.84,4.76,25.34,Critical
2026-01-12 00:25:00,F0398,58.22,3.55,40.3,Low
2026-01-12 00:30:00,F0490,67.52,2.26,20.84,Critical
2026-01-12 00:35:00,F0033,80.41,0.4,61.48,Low
2026-01-12 00:40:00,F0882,79.63,0.35,31.96,Low
2026-01-12 00:45:00,F0602,85.73,3.89,75.29,Critical
2026-01-12 00:50:00,F0028,96.24,4.76,88.06,Low
2026-01-12 00:55:00,F0487,90.95,2.54,3.87,Low
2026-01-12 01:00:00,F0733,87.42,0.6,54.37,Critical
2026-01-12 01:05:00,F0248,98.05,2.38,92.23,Critical
2026-01-12 01:10:00,F0796,98.9,0.36,98.4,Critical
2026-01-12 01:15:00,F0011,91.43,1.24,85.46,Critical
2026-01-12 01:20:00,F0958,80.9,4.34,12.84,Critical
2026-01-12 01:25:00,F0714,70.17,2.61,44.44,Critical
2026-01-12 01:30:00,F0050,78.81,4.64,38.82,Low
2026-01-12 01:35:00,F0924,78.92,3.55,58.57,Low
2026-01-12 01:40:00,F0340,49.85,0.98,29.34,Low
2026-01-12 01:45:00,F0204,85.52,0.94,10.97,Low
2026-01-12 01:50:00,F0827,88.48,0.23,48.62,Critical
2026-01-12 01:55:00,F0188,90.96,3.91,90.54,Healthy
2026-01-12 02:00:00,F0235,89.81,3.48,34.01,Critical
2026-01-12 02:05:00,F0104,95.09,3.56,44.47,Healthy
2026-01-12 02:10:00,F0577,95.41,3.75,13.92,Healthy
2026-01-12 02:15:00,F0022,83.08,1.96,43.81,Critical
2026-01-12 02:20:00,F0109,82.66,3.53,52.52,Low
2026-01-12 02:25:00,F0433,76.7,1.54,47.37,Healthy
2026-01-12 02:30:00,F0367,95.2,1.46,6.52,Low
2026-01-12 02:35:00,F0897,94.41,4.61,40.13,Healthy
2026-01-12 02:40:00,F0681,62.24,0.98,12.1,Healthy
2026-01-12 02:45:00,F0270,65.29,4.98,44.61,Low
2026-01-12 02:50:00,F0424,23.99,3.99,6.68,Healthy
2026-01-12 02:55:00,F0137,62.46,1.31,55.97,Critical
2026-01-12 03:00:00,F0808,71.94,0.25,70.15,Healthy
2026-01-12 03:05:00,F0010,63.23,3.4,11.28,Low
2026-01-12 03:10:00,F0882,99.05,0.86,88.04,Low
2026-01-12 03:15:00,F0491,89.56,1.11,80.12,Healthy
2026-01-12 03:20:00,F0555,66.97,2.06,9.9,Healthy
2026-01-12 03:25:00,F0882,58.15,0.81,14.61,Healthy
2026-01-12 03:30:00,F0169,51.56,4.95,47.77,Healthy
2026-01-12 03:35:00,F0961,86.03,2.18,62.69,Healthy
2026-01-12 03:40:00,F0044,95.74,2.15,82.8,Low
2026-01-12 03:45:00,F0954,92.8,0.33,78.06,Low
2026-01-12 03:50:00,F0767,91.89,3.11,39.08,Healthy
2026-01-12 03:55:00,F0417,74.47,4.76,47.94,Critical
2026-01-12 04:00:00,F0534,90.28,3.25,87.19,Low
2026-01-12 04:05:00,F0428,79.88,0.56,49.71,Healthy
2026-01-12 04:10:00,F0792,90.23,3.58,56.17,Critical
2026-01-12 04:15:00,F0666,30.95,1.53,3.99,Low
2026-01-12 04:20:00,F0316,53.13,2.77,30.35,Low
2026-01-12 04:25:00,F0705,93.7,2.05,51.14,Critical
2026-01-12 04:30:00,F0677,87.97,4.63,69.52,Critical
2026-01-12 04:35:00,F0999,73.38,1.82,13.73,Low
2026-01-12 04:40:00,F0645,56.21,3.16,53.27,Low
2026-01-12 04:45:00,F0234,97.33,4.4,93.42,Low
2026-01-12 04:50:00,F0196,94.43,1.76,92.68,Low
2026-01-12 04:55:00,F0693,98.16,1.12,97.23,Low
2026-01-12 05:00:00,F0193,76.17,3.07,27.85,Critical
2026-01-12 05:05:00,F0303,97.48,0.87,89.06,Healthy
2026-01-12 05:10:00,F0329,85.69,1.94,68.71,Healthy
2026-01-12 05:15:00,F0742,83.3,2.99,79.8,Critical
2026-01-12 05:20:00,F0809,90.16,3.27,87.61,Critical
2026-01-12 05:25:00,F0509,94.02,1.08,83.04,Low
2026-01-12 05:30:00,F0582,44.98,2.52,24.56,Low
2026-01-12 05:35:00,F0259,81.77,0.9,53.74,Healthy
2026-01-12 05:40:00,F0004,99.95,4.1,96.65,Healthy
2026-01-12 05:45:00,F0466,94.14,4.68,18.89,Critical
2026-01-12 05:50:00,F0204,81.99,1.53,58.36,Low
2026-01-12 05:55:00,F0610,98.26,2.25,5.1,Healthy
2026-01-12 06:00:00,F0186,53.89,2.06,47.64,Healthy
2026-01-12 06:05:00,F0868,39.61,4.05,36.13,Healthy
2026-01-12 06:10:00,F0803,47.14,2.83,27.74,Healthy
2026-01-12 06:15:00,F0913,94.09,3.5,92.57,Critical
2026-01-12 06:20:00,F0640,71.29,0.25,56.66,Critical
2026-01-12 06:25:00,F0634,44.38,2.26,27.72,Critical
2026-01-12 06:30:00,F0861,80.79,1.48,57.06,Healthy
2026-01-12 06:35:00,F0226,42.04,2.86,15.17,Healthy
2026-01-12 06:40:00,F0632,84.52,4.16,80.57,Healthy
2026-01-12 06:45:00,F0998,98.82,0.64,95.45,Low
2026-01-12 06:50:00,F0417,85.65,0.8,80.96,Healthy
2026-01-12 06:55:00,F0940,91.8,3.13,24.2,Healthy
2026-01-12 07:00:00,F0446,76.31,0.22,27.95,Critical
2026-01-12 07:05:00,F0238,92.3,4.28,86.09,Healthy
2026-01-12 07:10:00,F0154,91.51,2.16,84.73,Critical
2026-01-12 07:15:00,F0024,97.21,4.28,88.81,Critical
2026-01-12 07:20:00,F0448,92.33,1.18,76.51,Critical
2026-01-12 07:25:00,F0398,67.61,0.3,34.23,Low
2026-01-12 07:30:00,F0616,88.33,1.99,60.66,Critical
2026-01-12 07:35:00,F0224,81.12,1.01,68.33,Low
2026-01-12 07:40:00,F0921,81.56,1.52,35.33,Healthy
2026-01-12 07:45:00,F0703,97.56,4.41,37.94,Critical
2026-01-12 07:50:00,F0820,58.6,3.55,24.41,Healthy
2026-01-12 07:55:00,F0503,62.17,1.86,38.89,Low
2026-01-12 08:00:00,F0262,74.89,4.56,72.42,Low
2026-01-12 08:05:00,F0491,99.78,1.96,22.86,Healthy
2026-01-12 08:10:00,F0614,70.48,4.3,16.85,Critical
2026-01-12 08:15:00,F0374,99.6,4.26,81.01,Healthy
2026-01-12 08:20:00,F0095,97.99,0.63,76.07,Critical
2026-01-12 08:25:00,F0955,71.94,0.44,69.53,Low
2026-01-12 08:30:00,F0286,92.26,1.61,45.31,Healthy
2026-01-12 08:35:00,F0238,63.04,1.7,22.91,Healthy
2026-01-12 08:40:00,F0893,91.78,2.95,62.09,Critical
2026-01-12 08:45:00,F0917,95.22,2.83,17.59,Healthy
2026-01-12 08:50:00,F0730,38.54,4.08,23.62,Healthy
2026-01-12 08:55:00,F0184,82.96,0.69,6.74,Critical
2026-01-12 09:00:00,F0741,79.05,2.42,12.41,Healthy
2026-01-12 09:05:00,F0009,36.08,4.67,15.27,Low
2026-01-12 09:10:00,F0022,92.96,3.88,85.54,Critical
2026-01-12 09:15:00,F0050,57.14,0.47,50.45,Low
2026-01-12 09:20:00,F0855,88.33,0.83,15.59,Low
2026-01-12 09:25:00,F0180,67.86,1.54,57.39,Critical
2026-01-12 09:30:00,F0773,67.97,1.39,10.99,Healthy
2026-01-12 09:35:00,F0472,6.76,2.01,6.71,Critical
2026-01-12 09:40:00,F0555,87.83,3.45,79.88,Critical
2026-01-12 09:45:00,F0966,97.74,2.72,40.39,Critical
2026-01-12 09:50:00,F0768,81.8,3.11,35.39,Low
2026-01-12 09:55:00,F0516,85.29,2.71,75.16,Low
2026-01-12 10:00:00,F0377,19.04,0.37,12.62,Low
2026-01-12 10:05:00,F0307,45.39,4.54,11.55,Low
2026-01-12 10:10:00,F0221,75.63,2.54,2.39,Low
2026-01-12 10:15:00,F0605,87.63,3.8,77.51,Critical
2026-01-12 10:20:00,F0146,48.07,4.01,13.98,Healthy
2026-01-12 10:25:00,F0409,92.57,4.54,90.05,Low
2026-01-12 10:30:00,F0134,77.17,1.98,71.29,Low
2026-01-12 10:35:00,F0656,96.55,1.38,95.96,Healthy
2026-01-12 10:40:00,F0396,62.31,0.45,29.54,Critical
2026-01-12 10:45:00,F0841,90.97,0.57,87.21,Critical
2026-01-12 10:50:00,F0868,99.16,0.39,55.16,Low
2026-01-12 10:55:00,F0519,35.71,1.79,6.78,Healthy
2026-01-12 11:00:00,F0576,74.72,0.69,1.11,Low
2026-01-12 11:05:00,F0381,65.28,2.65,5.99,Healthy
2026-01-12 11:10:00,F0356,78.65,1.8,44.84,Critical
2026-01-12 11:15:00,F0600,86.61,1.97,32.65,Healthy
2026-01-12 11:20:00,F0527,93.4,3.84,88.35,Healthy
2026-01-12 11:25:00,F0519,91.62,2.83,66.63,Healthy
2026-01-12 11:30:00,F0339,99.98,0.94,99.86,Critical
2026-01-12 11:35:00,F0148,89.58,3.71,71.43,Healthy
2026-01-12 11:40:00,F0283,90.89,1.14,76.21,Low
2026-01-12 11:45:00,F0137,22.96,0.41,22.02,Healthy
2026-01-12 11:50:00,F0905,88.34,1.13,41.84,Healthy
2026-01-12 11:55:00,F0216,99.45,2.93,42.69,Healthy
2026-01-12 12:00:00,F0745,99.13,0.98,99.1,Low
2026-01-12 12:05:00,F0170,98.19,1.25,78.7,Critical
2026-01-12 12:10:00,F0921,72.63,0.58,49.35,Low
2026-01-12 12:15:00,F0979,94.27,4.9,61.68,Low
2026-01-12 12:20:00,F0760,95.83,2.83,57.7,Low
2026-01-12 12:25:00,F0699,68.88,1.77,63.15,Critical
2026-01-12 12:30:00,F0797,92.05,3.48,58.98,Healthy
2026-01-12 12:35:00,F0337,60.03,0.31,22.62,Critical
2026-01-12 12:40:00,F0053,99.39,4.87,30.06,Critical
2026-01-12 12:45:00,F0152,37.48,4.34,30.03,Critical
2026-01-12 12:50:00,F0255,90.74,3.96,22.36,Low
2026-01-12 12:55:00,F0518,97.13,4.65,90.52,Low
2026-01-12 13:00:00,F0307,74.54,2.12,41.26,Healthy
2026-01-12 13:05:00,F0679,96.1,3.19,24.25,Healthy
2026-01-12 13:10:00,F0416,78.78,4.65,77.5,Low
2026-01-12 13:15:00,F0961,17.99,2.47,15.4,Low
2026-01-12 13:20:00,F0504,89.34,1.33,11.82,Low
2026-01-12 13:25:00,F0294,93.8,2.15,58.84,Healthy
2026-01-12 13:30:00,F0335,67.26,0.99,61.06,Critical
2026-01-12 13:35:00,F0816,42.8,0.6,37.68,Critical
2026-01-12 13:40:00,F0095,49.7,2.79,0.85,Critical
2026-01-12 13:45:00,F0182,64.87,4.96,64.8,Healthy
2026-01-12 13:50:00,F0703,45.13,4.92,13.35,Critical
2026-01-12 13:55:00,F0915,38.33,2.95,35.73,Low
2026-01-12 14:00:00,F0041,72.06,0.39,33.01,Critical
2026-01-12 14:05:00,F0919,78.96,4.63,0.02,Low
2026-01-12 14:10:00,F0299,87.12,2.55,82.42,Critical
2026-01-12 14:15:00,F0142,93.68,0.54,83.68,Healthy
2026-01-12 14:20:00,F0795,54.69,4.29,46.23,Critical
2026-01-12 14:25:00,F0291,62.35,2.58,51.49,Healthy
2026-01-12 14:30:00,F0485,49.22,1.83,39.34,Low
2026-01-12 14:35:00,F0723,54.71,2.64,35.88,Low
2026-01-12 14:40:00,F0868,88.03,4.67,41.8,Low
2026-01-12 14:45:00,F0721,82.02,1.21,66.63,Healthy
2026-01-12 14:50:00,F0152,87.97,0.48,3.68,Healthy
2026-01-12 14:55:00,F0290,99.95,0.81,99.82,Low
2026-01-12 15:00:00,F0446,91.21,2.98,68.77,Low
2026-01-12 15:05:00,F0566,94.96,3.29,12.26,Critical
2026-01-12 15:10:00,F0485,67.42,4.7,58.77,Critical
2026-01-12 15:15:00,F0068,21.88,0.95,3.38,Healthy
2026-01-12 15:20:00,F0192,27.57,4.29,3.14,Low
2026-01-12 15:25:00,F0884,88.4,4.84,46.35,Low
2026-01-12 15:30:00,F0725,85.98,4.12,44.96,Low
2026-01-12 15:35:00,F0889,91.51,4.8,65.84,Critical
2026-01-12 15:40:00,F0257,31.8,4.37,18.4,Low
2026-01-12 15:45:00,F0044,39.66,4.4,9.32,Healthy
2026-01-12 15:50:00,F0930,96.74,3.1,24.0,Healthy
2026-01-12 15:55:00,F0647,93.6,2.21,72.08,Low
2026-01-12 16:00:00,F0003,81.91,4.04,71.14,Healthy
2026-01-12 16:05:00,F0217,74.2,4.16,48.28,Healthy
2026-01-12 16:10:00,F0518,82.41,3.36,33.25,Low
2026-01-12 16:15:00,F0628,99.7,4.47,53.09,Critical
2026-01-12 16:20:00,F0041,78.41,3.89,19.67,Low
2026-01-12 16:25:00,F0774,97.45,3.04,96.41,Low
2026-01-12 16:30:00,F0643,43.37,1.8,4.45,Healthy
2026-01-12 16:35:00,F0937,96.27,4.42,47.45,Critical
2026-01-12 16:40:00,F0229,92.93,4.63,57.19,Low
2026-01-12 16:45:00,F0837,89.13,4.48,26.47,Healthy
2026-01-12 16:50:00,F0005,79.93,2.98,66.84,Critical
2026-01-12 16:55:00,F0245,86.24,1.26,22.92,Low
2026-01-12 17:00:00,F0823,7.82,0.43,0.23,Low
2026-01-12 17:05:00,F0017,97.21,4.52,53.53,Critical
2026-01-12 17:10:00,F0807,96.93,3.72,86.85,Low
2026-01-12 17:15:00,F0595,88.37,3.38,76.89,Healthy
2026-01-12 17:20:00,F0876,89.74,2.85,53.41,Healthy
2026-01-12 17:25:00,F0182,97.96,2.07,92.56,Critical
2026-01-12 17:30:00,F0337,80.38,0.27,65.61,Critical
2026-01-12 17:35:00,F0954,32.06,2.5,24.56,Critical
2026-01-12 17:40:00,F0264,80.96,1.01,73.1,Low
2026-01-12 17:45:00,F0371,77.3,2.25,16.19,Healthy
2026-01-12 17:50:00,F0709,99.95,1.59,76.51,Critical
2026-01-12 17:55:00,F0125,69.52,0.57,63.9,Healthy
2026-01-12 18:00:00,F0777,98.93,0.52,95.36,Low
2026-01-12 18:05:00,F0125,98.09,0.74,96.51,Critical
2026-01-12 18:10:00,F0126,87.49,3.94,76.6,Low
2026-01-12 18:15:00,F0808,69.56,1.54,66.8,Healthy
2026-01-12 18:20:00,F0968,47.56,2.06,35.32,Low
2026-01-12 18:25:00,F0993,89.57,4.57,72.53,Healthy
2026-01-12 18:30:00,F0535,99.48,0.98,99.21,Critical
2026-01-12 18:35:00,F0647,96.5,2.5,53.48,Low
2026-01-12 18:40:00,F0443,79.88,4.3,2.98,Healthy
2026-01-12 18:45:00,F0172,88.49,3.92,80.73,Healthy
2026-01-12 18:50:00,F0715,84.33,2.52,62.11,Healthy
2026-01-12 18:55:00,F0957,99.6,3.77,97.61,Low
2026-01-12 19:00:00,F0378,70.01,2.4,55.75,Healthy
2026-01-12 19:05:00,F0585,91.88,0.37,90.0,Low
2026-01-12 19:10:00,F0347,38.33,3.39,1.71,Low
2026-01-12 19:15:00,F0475,82.86,0.24,74.97,Healthy
2026-01-12 19:20:00,F0785,58.48,0.66,13.41,Healthy
2026-01-12 19:25:00,F0565,81.83,2.47,59.29,Critical
2026-01-12 19:30:00,F0806,95.49,0.77,76.16,Critical
2026-01-12 19:35:00,F0301,87.86,1.7,31.71,Healthy
2026-01-12 19:40:00,F0988,90.11,0.46,85.87,Healthy
2026-01-12 19:45:00,F0288,99.98,4.12,69.59,Low
2026-01-12 19:50:00,F0373,99.63,4.91,84.97,Healthy
2026-01-12 19:55:00,F0027,70.24,3.75,49.83,Low
2026-01-12 20:00:00,F0954,91.23,3.62,32.78,Critical
2026-01-12 20:05:00,F0098,74.69,4.29,60.29,Low
2026-01-12 20:10:00,F0591,79.67,1.73,76.8,Healthy
2026-01-12 20:15:00,F0319,60.27,0.58,58.22,Critical
2026-01-12 20:20:00,F0730,77.43,4.58,75.48,Critical
2026-01-12 20:25:00,F0929,97.06,4.38,93.52,Critical
2026-01-12 20:30:00,F0954,79.6,0.68,65.79,Healthy
2026-01-12 20:35:00,F0342,37.59,4.41,31.19,Low
2026-01-12 20:40:00,F0968,76.55,0.86,74.11,Critical
2026-01-12 20:45:00,F0829,4.64,4.48,0.4,Low
2026-01-12 20:50:00,F0963,50.03,0.71,40.6,Critical
2026-01-12 20:55:00,F0190,93.01,1.39,89.5,Critical
2026-01-12 21:00:00,F0832,92.67,3.56,91.82,Healthy
2026-01-12 21:05:00,F0756,53.74,3.7,47.03,Critical
2026-01-12 21:10:00,F0536,51.23,4.95,50.97,Low
2026-01-12 21:15:00,F0505,93.31,3.7,57.67,Critical
2026-01-12 21:20:00,F0398,70.53,2.26,23.79,Healthy
2026-01-12 21:25:00,F0998,84.88,1.6,82.5,Critical
2026-01-12 21:30:00,F0632,57.0,2.98,41.15,Healthy
2026-01-12 21:35:00,F0002,88.43,1.42,70.69,Healthy
2026-01-12 21:40:00,F0132,55.59,1.12,40.55,Critical
2026-01-12 21:45:00,F0688,28.23,3.28,18.44,Healthy
2026-01-12 21:50:00,F0763,99.84,0.39,13.24,Healthy
2026-01-12 21:55:00,F0224,76.7,3.48,73.13,Low
2026-01-12 22:00:00,F0735,98.59,2.96,95.94,Healthy
2026-01-12 22:05:00,F0212,84.82,0.27,83.0,Low
2026-01-12 22:10:00,F0890,81.66,3.68,14.44,Low
2026-01-12 22:15:00,F0697,77.02,2.17,32.51,Low
2026-01-12 22:20:00,F0212,79.69,1.17,44.34,Low
2026-01-12 22:25:00,F0679,90.82,4.38,35.32,Healthy
2026-01-12 22:30:00,F0259,71.3,4.76,48.99,Healthy
2026-01-12 22:35:00,F0854,87.61,0.96,43.33,Healthy
2026-01-12 22:40:00,F0114,79.96,2.72,74.83,Low
2026-01-12 22:45:00,F0015,50.69,1.54,14.07,Low
2026-01-12 22:50:00,F0357,91.14,2.74,78.57,Low
2026-01-12 22:55:00,F0283,88.92,2.36,64.43,Low
2026-01-12 23:00:00,F0449,98.1,1.49,96.35,Healthy
2026-01-12 23:05:00,F0225,49.47,1.33,1.71,Critical
2026-01-12 23:10:00,F0739,56.35,4.68,50.97,Low
2026-01-12 23:15:00,F0675,65.19,3.51,52.2,Critical
2026-01-12 23:20:00,F0581,80.36,3.78,79.95,Healthy
2026-01-12 23:25:00,F0776,85.56,1.56,24.12,Critical
2026-01-12 23:30:00,F0947,97.08,4.31,93.14,Critical
2026-01-12 23:35:00,F0004,99.82,3.21,92.18,Healthy
2026-01-12 23:40:00,F0568,98.72,1.77,95.86,Low
2026-01-12 23:45:00,F0112,65.16,0.21,56.8,Critical
2026-01-12 23:50:00,F0824,48.05,3.87,30.63,Low
2026-01-12 23:55:00,F0984,86.34,3.22,58.62,Critical
2026-01-13 00:00:00,F0640,73.04,1.91,56.52,Healthy
2026-01-13 00:05:00,F0366,98.44,1.76,89.03,Low
2026-01-13 00:10:00,F0442,87.78,2.76,75.89,Critical
2026-01-13 00:15:00,F0141,57.23,0.57,1.64,Healthy
2026-01-13 00:20:00,F0548,68.6,0.41,41.07,Critical
2026-01-13 00:25:00,F0452,97.77,3.47,7.26,Critical
2026-01-13 00:30:00,F0100,32.45,3.74,13.57,Healthy
2026-01-13 00:35:00,F0288,56.07,4.61,25.65,Critical
2026-01-13 00:40:00,F0349,67.46,2.36,58.86,Healthy
2026-01-13 00:45:00,F0613,70.9,0.65,61.18,Critical
2026-01-13 00:50:00,F0488,80.76,4.7,74.64,Critical
2026-01-13 00:55:00,F0747,82.46,1.0,27.71,Healthy
2026-01-13 01:00:00,F0815,99.94,2.55,92.62,Low
2026-01-13 01:05:00,F0235,94.42,0.68,88.75,Critical
2026-01-13 01:10:00,F0366,52.98,2.25,27.77,Low
2026-01-13 01:15:00,F0643,88.42,0.99,55.63,Critical
2026-01-13 01:20:00,F0161,18.98,1.52,2.14,Healthy
2026-01-13 01:25:00,F0215,78.89,3.72,73.75,Healthy
2026-01-13 01:30:00,F0232,70.65,2.41,13.26,Critical
2026-01-13 01:35:00,F0210,92.4,0.77,13.45,Low
2026-01-13 01:40:00,F0704,73.88,4.42,62.71,Low
2026-01-13 01:45:00,F0486,91.64,0.5,15.39,Low
2026-01-13 01:50:00,F0701,53.66,2.0,0.76,Low
2026-01-13 01:55:00,F0158,29.73,3.87,10.85,Low
2026-01-13 02:00:00,F0273,83.29,1.3,10.84,Critical
2026-01-13 02:05:00,F0973,84.51,2.86,52.03,Critical
2026-01-13 02:10:00,F0908,99.84,4.6,89.9,Low
2026-01-13 02:15:00,F0581,60.64,4.99,15.74,Healthy
2026-01-13 02:20:00,F0814,98.19,2.24,95.36,Low
2026-01-13 02:25:00,F0752,43.36,1.45,27.92,Healthy
2026-01-13 02:30:00,F0477,81.72,1.62,19.63,Healthy
2026-01-13 02:35:00,F0923,96.17,0.75,87.47,Healthy
2026-01-13 02:40:00,F0116,96.11,3.56,22.97,Critical
2026-01-13 02:45:00,F0756,78.17,4.56,47.93,Healthy
2026-01-13 02:50:00,F0819,88.24,1.06,5.28,Healthy
2026-01-13 02:55:00,F0557,89.24,0.44,24.05,Healthy
2026-01-13 03:00:00,F0551,49.87,2.85,24.15,Healthy
2026-01-13 03:05:00,F0183,36.05,1.79,25.97,Healthy
2026-01-13 03:10:00,F0823,54.52,4.28,42.77,Healthy
2026-01-13 03:15:00,F0453,74.33,0.63,69.88,Healthy
2026-01-13 03:20:00,F0779,46.84,3.24,42.21,Low
2026-01-13 03:25:00,F0346,99.61,3.47,46.09,Healthy
2026-01-13 03:30:00,F0681,5.95,0.26,3.31,Critical
2026-01-13 03:35:00,F0331,5.38,4.09,2.42,Healthy
2026-01-13 03:40:00,F0085,89.96,4.08,75.76,Critical
2026-01-13 03:45:00,F0803,27.0,4.77,19.04,Critical
2026-01-13 03:50:00,F0992,86.99,0.47,64.75,Critical
2026-01-13 03:55:00,F0389,37.0,0.92,2.58,Critical
2026-01-13 04:00:00,F0771,68.64,4.59,11.52,Low
2026-01-13 04:05:00,F0615,86.16,0.61,26.08,Critical
2026-01-13 04:10:00,F0933,78.44,2.49,57.64,Healthy
2026-01-13 04:15:00,F0637,39.61,4.16,15.06,Healthy
2026-01-13 04:20:00,F0479,66.19,2.45,31.41,Healthy
2026-01-13 04:25:00,F0908,67.69,0.43,4.41,Healthy
2026-01-13 04:30:00,F0742,43.31,3.26,37.79,Critical
2026-01-13 04:35:00,F0126,54.89,0.92,27.51,Healthy
2026-01-13 04:40:00,F0330,71.34,4.03,41.3,Low
2026-01-13 04:45:00,F0804,93.96,1.96,66.13,Critical
2026-01-13 04:50:00,F0641,82.15,0.4,37.53,Low
2026-01-13 04:55:00,F0877,44.14,1.2,5.3,Critical
2026-01-13 05:00:00,F0018,90.57,3.17,55.83,Critical
2026-01-13 05:05:00,F0539,96.82,4.77,77.86,Healthy
2026-01-13 05:10:00,F0951,82.69,0.49,12.58,Healthy
2026-01-13 05:15:00,F0912,93.65,1.41,86.53,Critical
2026-01-13 05:20:00,F0751,93.74,3.74,91.52,Low
2026-01-13 05:25:00,F0486,98.29,3.29,96.22,Low
2026-01-13 05:30:00,F0736,90.37,1.4,88.05,Healthy
2026-01-13 05:35:00,F0159,65.46,0.51,52.83,Critical
2026-01-13 05:40:00,F0303,64.4,3.54,6.55,Critical
2026-01-13 05:45:00,F0749,72.6,2.94,17.09,Low
2026-01-13 05:50:00,F0430,55.14,0.96,40.76,Critical
2026-01-13 05:55:00,F0442,86.53,3.67,13.05,Healthy
2026-01-13 06:00:00,F0474,32.97,4.81,10.41,Healthy
2026-01-13 06:05:00,F0400,99.68,1.6,82.2,Healthy
2026-01-13 06:10:00,F0888,84.36,3.8,35.47,Healthy
2026-01-13 06:15:00,F0378,77.32,3.99,18.66,Low
2026-01-13 06:20:00,F0887,63.1,1.1,54.35,Critical
2026-01-13 06:25:00,F0422,39.18,0.61,2.33,Low
2026-01-13 06:30:00,F0544,99.45,2.66,86.31,Critical
2026-01-13 06:35:00,F0112,93.52,0.31,91.63,Low
2026-01-13 06:40:00,F0851,63.49,3.55,24.14,Low
2026-01-13 06:45:00,F0852,64.29,4.87,33.16,Critical
2026-01-13 06:50:00,F0704,9.67,3.5,6.15,Critical
2026-01-13 06:55:00,F0939,28.26,4.29,5.75,Healthy
2026-01-13 07:00:00,F0849,48.98,3.87,20.89,Critical
2026-01-13 07:05:00,F0405,78.39,1.71,25.77,Critical
2026-01-13 07:10:00,F0097,30.14,0.88,22.19,Critical
2026-01-13 07:15:00,F0807,88.85,2.73,59.99,Healthy
2026-01-13 07:20:00,F0608,63.49,3.11,54.44,Healthy
2026-01-13 07:25:00,F0415,71.09,1.15,63.09,Critical
2026-01-13 07:30:00,F0876,92.04,1.28,32.3,Healthy
2026-01-13 07:35:00,F0627,97.74,4.79,72.34,Critical
2026-01-13 07:40:00,F0098,99.57,4.82,49.67,Low
2026-01-13 07:45:00,F0738,99.13,4.32,96.07,Critical
2026-01-13 07:50:00,F0841,91.18,0.25,89.18,Healthy
2026-01-13 07:55:00,F0798,99.76,0.34,99.73,Low
2026-01-13 08:00:00,F0947,64.23,0.81,11.2,Healthy
2026-01-13 08:05:00,F0720,60.12,2.01,24.44,Low
2026-01-13 08:10:00,F0123,98.45,1.56,26.39,Critical
2026-01-13 08:15:00,F0697,98.92,4.6,90.79,Healthy
2026-01-13 08:20:00,F0908,60.21,3.13,39.18,Healthy
2026-01-13 08:25:00,F0892,82.31,3.1,7.63,Critical
2026-01-13 08:30:00,F0300,67.86,2.96,63.93,Healthy
2026-01-13 08:35:00,F0028,49.49,2.74,23.13,Critical
2026-01-13 08:40:00,F0835,30.69,4.99,13.93,Critical
2026-01-13 08:45:00,F0152,66.47,1.23,15.77,Healthy
2026-01-13 08:50:00,F0079,49.67,1.52,24.01,Healthy
2026-01-13 08:55:00,F0749,81.08,0.38,25.51,Low
2026-01-13 09:00:00,F0044,94.84,2.77,13.01,Low
2026-01-13 09:05:00,F0505,75.52,3.93,63.05,Low
2026-01-13 09:10:00,F0532,85.36,4.84,42.87,Critical
2026-01-13 09:15:00,F0867,48.16,3.78,9.6,Healthy
2026-01-13 09:20:00,F0057,99.23,4.73,93.88,Critical
2026-01-13 09:25:00,F0623,93.07,1.93,88.49,Healthy
2026-01-13 09:30:00,F0702,88.84,3.86,81.82,Low
2026-01-13 09:35:00,F0976,27.01,4.71,7.27,Healthy
2026-01-13 09:40:00,F0054,84.67,1.42,76.76,Low
2026-01-13 09:45:00,F0498,78.99,1.08,50.91,Critical
2026-01-13 09:50:00,F0925,93.31,2.24,84.74,Healthy
2026-01-13 09:55:00,F0298,93.61,4.92,62.12,Critical
2026-01-13 10:00:00,F0568,97.43,0.76,96.31,Healthy
2026-01-13 10:05:00,F0351,95.47,4.93,79.38,Low
2026-01-13 10:10:00,F0755,93.34,4.34,23.74,Critical
2026-01-13 10:15:00,F0384,33.83,0.42,13.65,Critical
2026-01-13 10:20:00,F0463,90.81,0.46,72.39,Critical
2026-01-13 10:25:00,F0378,70.85,3.11,69.4,Critical
2026-01-13 10:30:00,F0588,70.21,0.51,58.08,Healthy
2026-01-13 10:35:00,F0262,96.45,3.63,93.5,Critical
2026-01-13 10:40:00,F0587,92.25,2.13,80.73,Critical
2026-01-13 10:45:00,F0828,97.84,2.22,94.26,Low
2026-01-13 10:50:00,F0658,97.79,3.35,86.96,Critical
2026-01-13 10:55:00,F0780,92.21,3.78,75.95,Low
2026-01-13 11:00:00,F0803,22.19,2.71,8.97,Low
2026-01-13 11:05:00,F0151,81.86,3.26,57.93,Low
2026-01-13 11:10:00,F0909,90.1,1.61,56.53,Low
2026-01-13 11:15:00,F0977,93.84,4.0,56.95,Healthy
2026-01-13 11:20:00,F0827,98.24,0.72,89.05,Healthy
2026-01-13 11:25:00,F0414,97.82,0.88,29.44,Critical
2026-01-13 11:30:00,F0717,73.93,4.7,55.98,Healthy
2026-01-13 11:35:00,F0121,99.4,2.47,99.0,Low
2026-01-13 11:40:00,F0453,77.1,4.87,76.38,Healthy
2026-01-13 11:45:00,F0742,98.57,1.69,74.93,Healthy
2026-01-13 11:50:00,F0617,84.17,1.26,52.0,Low
2026-01-13 11:55:00,F0674,83.22,4.51,65.02,Critical
2026-01-13 12:00:00,F0848,99.54,4.21,75.7,Healthy
2026-01-13 12:05:00,F0121,98.84,4.81,89.73,Healthy
2026-01-13 12:10:00,F0031,94.47,2.92,90.22,Critical
2026-01-13 12:15:00,F0782,88.4,3.96,80.46,Low
2026-01-13 12:20:00,F0096,84.55,0.9,54.45,Critical
2026-01-13 12:25:00,F0075,63.37,2.02,38.24,Healthy
2026-01-13 12:30:00,F0689,43.45,2.51,1.49,Critical
2026-01-13 12:35:00,F0322,97.73,3.88,88.23,Critical
2026-01-13 12:40:00,F0864,41.66,4.63,33.69,Healthy
2026-01-13 12:45:00,F0602,81.04,2.11,77.72,Low
2026-01-13 12:50:00,F0876,98.48,1.51,84.98,Healthy
2026-01-13 12:55:00,F0002,95.85,0.99,83.25,Healthy
2026-01-13 13:00:00,F0930,86.72,2.67,66.77,Low
2026-01-13 13:05:00,F0782,84.41,0.46,6.26,Low
2026-01-13 13:10:00,F0834,83.55,0.56,50.39,Critical
2026-01-13 13:15:00,F0050,90.32,4.85,33.48,Healthy
2026-01-13 13:20:00,F0083,78.02,0.47,37.52,Low
2026-01-13 13:25:00,F0056,90.29,0.55,62.99,Low
2026-01-13 13:30:00,F0201,78.06,1.05,40.78,Critical
2026-01-13 13:35:00,F0052,98.11,3.28,94.94,Critical
2026-01-13 13:40:00,F0918,53.9,3.26,36.84,Low
2026-01-13 13:45:00,F0060,65.92,3.07,44.06,Critical
2026-01-13 13:50:00,F0782,98.44,4.45,94.29,Low
2026-01-13 13:55:00,F0569,78.46,3.06,67.14,Healthy
2026-01-13 14:00:00,F0486,90.48,2.56,74.59,Low
2026-01-13 14:05:00,F0955,96.66,4.91,92.31,Critical
2026-01-13 14:10:00,F0960,8.8,3.93,6.68,Critical
2026-01-13 14:15:00,F0204,99.03,1.46,67.46,Healthy
2026-01-13 14:20:00,F0954,52.63,0.63,45.39,Low
2026-01-13 14:25:00,F0938,48.8,4.67,35.79,Low
2026-01-13 14:30:00,F0011,17.92,2.81,10.87,Healthy
2026-01-13 14:35:00,F0105,87.42,4.52,84.95,Healthy
2026-01-13 14:40:00,F0769,64.76,0.2,60.29,Low
2026-01-13 14:45:00,F0136,74.83,2.66,23.8,Low
2026-01-13 14:50:00,F0125,66.97,2.95,49.57,Healthy
2026-01-13 14:55:00,F0304,74.04,0.56,21.83,Low
2026-01-13 15:00:00,F0886,97.15,0.44,26.46,Critical
2026-01-13 15:05:00,F0523,59.08,0.88,32.3,Healthy
2026-01-13 15:10:00,F0055,98.05,0.65,97.31,Healthy
2026-01-13 15:15:00,F0408,90.79,3.47,45.17,Low
2026-01-13 15:20:00,F0759,95.58,4.65,53.42,Low
2026-01-13 15:25:00,F0015,72.94,1.02,66.73,Healthy
2026-01-13 15:30:00,F0604,96.18,4.42,63.91,Critical
2026-01-13 15:35:00,F0532,86.07,0.69,82.73,Low
2026-01-13 15:40:00,F0504,78.01,2.82,17.16,Critical
2026-01-13 15:45:00,F0888,92.42,2.3,68.68,Healthy
2026-01-13 15:50:00,F0869,98.45,2.79,87.47,Critical
2026-01-13 15:55:00,F0030,43.92,3.47,17.72,Low
2026-01-13 16:00:00,F0024,96.9,3.8,22.89,Low
2026-01-13 16:05:00,F0439,93.98,3.03,78.56,Low
2026-01-13 16:10:00,F0717,82.55,4.97,68.07,Healthy
2026-01-13 16:15:00,F0415,54.36,4.7,40.27,Critical
2026-01-13 16:20:00,F0374,95.43,0.9,77.99,Healthy
2026-01-13 16:25:00,F0176,78.72,0.89,37.61,Healthy
2026-01-13 16:30:00,F0089,74.69,1.88,22.39,Low
2026-01-13 16:35:00,F0344,68.35,3.37,67.87,Critical
2026-01-13 16:40:00,F0415,99.65,4.7,98.89,Critical
2026-01-13 16:45:00,F0960,70.37,0.55,15.03,Healthy
2026-01-13 16:50:00,F0408,37.64,2.94,7.28,Low
2026-01-13 16:55:00,F0548,89.16,4.78,75.5,Critical
2026-01-13 17:00:00,F0296,71.4,2.26,26.85,Critical
2026-01-13 17:05:00,F0941,88.48,4.77,86.81,Healthy
2026-01-13 17:10:00,F0709,99.28,4.03,85.09,Critical
2026-01-13 17:15:00,F0737,56.34,4.24,22.98,Critical
2026-01-13 17:20:00,F0664,99.12,1.4,71.68,Healthy
2026-01-13 17:25:00,F0625,89.2,3.11,29.81,Critical
2026-01-13 17:30:00,F0356,59.1,0.52,55.35,Low
2026-01-13 17:35:00,F0770,98.6,2.64,62.61,Healthy
2026-01-13 17:40:00,F0184,80.41,2.32,69.53,Healthy
2026-01-13 17:45:00,F0201,93.61,2.13,89.52,Critical
2026-01-13 17:50:00,F0631,77.52,3.35,76.91,Low
2026-01-13 17:55:00,F0066,97.36,3.95,27.49,Critical
2026-01-13 18:00:00,F0545,81.2,4.87,62.78,Low
2026-01-13 18:05:00,F0938,76.84,0.92,38.45,Low
2026-01-13 18:10:00,F0855,58.19,3.65,50.58,Healthy
2026-01-13 18:15:00,F0768,65.59,2.97,32.01,Healthy
2026-01-13 18:20:00,F0001,93.33,2.75,79.05,Low
2026-01-13 18:25:00,F0378,92.6,3.48,64.35,Healthy
2026-01-13 18:30:00,F0889,89.76,4.44,69.55,Low
2026-01-13 18:35:00,F0340,93.34,2.07,75.56,Critical
2026-01-13 18:40:00,F0172,82.23,0.38,45.66,Low
2026-01-13 18:45:00,F0873,97.46,1.04,89.98,Low
2026-01-13 18:50:00,F0472,65.14,1.08,26.83,Critical
2026-01-13 18:55:00,F0627,89.49,0.87,39.41,Low
2026-01-13 19:00:00,F0700,96.06,1.38,18.57,Critical
2026-01-13 19:05:00,F0851,94.52,4.26,73.94,Healthy
2026-01-13 19:10:00,F0946,99.47,1.13,86.63,Critical
2026-01-13 19:15:00,F0082,94.53,1.83,93.45,Critical
2026-01-13 19:20:00,F0346,85.08,1.77,68.05,Critical
2026-01-13 19:25:00,F0352,99.91,2.52,98.94,Low
2026-01-13 19:30:00,F0604,50.37,2.96,16.77,Healthy
2026-01-13 19:35:00,F0801,93.81,1.27,86.83,Critical
2026-01-13 19:40:00,F0517,99.46,1.27,37.01,Healthy
2026-01-13 19:45:00,F0975,72.09,2.08,55.99,Critical
2026-01-13 19:50:00,F0871,68.68,1.46,48.96,Critical
2026-01-13 19:55:00,F0792,83.51,3.13,32.44,Critical
2026-01-13 20:00:00,F0314,29.27,1.46,28.73,Critical
2026-01-13 20:05:00,F0845,96.0,4.41,62.32,Critical
2026-01-13 20:10:00,F0614,92.03,4.2,7.45,Low
2026-01-13 20:15:00,F0342,86.05,1.16,16.48,Critical
2026-01-13 20:20:00,F0373,30.17,4.01,23.6,Healthy
2026-01-13 20:25:00,F0111,57.23,0.62,39.45,Low
2026-01-13 20:30:00,F0178,86.49,1.17,82.76,Low
2026-01-13 20:35:00,F0746,77.91,1.23,61.94,Critical
2026-01-13 20:40:00,F0325,50.12,4.03,9.74,Healthy
2026-01-13 20:45:00,F0154,95.35,3.18,1.61,Critical
2026-01-13 20:50:00,F0789,90.28,4.05,86.43,Healthy
2026-01-13 20:55:00,F0631,47.58,1.9,3.52,Critical
2026-01-13 21:00:00,F0485,97.88,0.79,94.8,Critical
2026-01-13 21:05:00,F0490,18.38,3.72,6.01,Healthy
2026-01-13 21:10:00,F0540,88.69,0.82,27.17,Critical
2026-01-13 21:15:00,F0141,87.99,1.87,85.65,Low
2026-01-13 21:20:00,F0427,90.08,4.58,55.74,Healthy
2026-01-13 21:25:00,F0426,98.15,4.35,95.55,Low
2026-01-13 21:30:00,F0142,93.66,1.54,53.89,Low
2026-01-13 21:35:00,F0915,99.5,2.65,70.61,Critical
2026-01-13 21:40:00,F0433,80.76,3.23,27.96,Low
2026-01-13 21:45:00,F0629,94.16,1.72,79.66,Low
2026-01-13 21:50:00,F0933,96.55,0.82,17.78,Healthy
2026-01-13 21:55:00,F0341,98.15,4.1,96.76,Healthy
2026-01-13 22:00:00,F0044,89.85,4.28,13.61,Healthy
2026-01-13 22:05:00,F0663,84.71,1.99,80.16,Healthy
2026-01-13 22:10:00,F0846,66.86,1.33,7.27,Healthy
2026-01-13 22:15:00,F0006,81.32,4.37,79.93,Low
2026-01-13 22:20:00,F0649,47.46,0.36,33.99,Low
2026-01-13 22:25:00,F0311,60.01,1.07,55.55,Low
2026-01-13 22:30:00,F0601,90.81,2.72,85.11,Critical
2026-01-13 22:35:00,F0871,99.75,2.56,99.51,Critical
2026-01-13 22:40:00,F0653,99.48,1.27,99.05,Low
2026-01-13 22:45:00,F0765,83.54,1.6,71.94,Healthy
2026-01-13 22:50:00,F0721,98.68,4.26,12.97,Healthy
2026-01-13 22:55:00,F0072,99.59,1.58,91.92,Critical
2026-01-13 23:00:00,F0828,77.14,4.11,21.84,Healthy
2026-01-13 23:05:00,F0205,75.35,1.11,73.7,Critical
2026-01-13 23:10:00,F0313,14.93,4.24,14.32,Critical
2026-01-13 23:15:00,F0093,10.0,2.01,9.26,Critical
2026-01-13 23:20:00,F0735,36.57,1.46,24.47,Critical
2026-01-13 23:25:00,F0483,55.18,0.32,46.32,Low
2026-01-13 23:30:00,F0806,73.82,0.62,51.87,Healthy
2026-01-13 23:35:00,F0765,93.2,2.5,89.99,Low
2026-01-13 23:40:00,F0159,62.14,1.48,56.2,Critical
2026-01-13 23:45:00,F0524,97.79,1.76,94.21,Critical
2026-01-13 23:50:00,F0247,91.16,2.04,74.19,Critical
2026-01-13 23:55:00,F0736,88.24,0.45,10.22,Low
2026-01-14 00:00:00,F0469,96.74,3.3,96.04,Critical
2026-01-14 00:05:00,F0223,77.8,2.33,21.51,Critical
2026-01-14 00:10:00,F0949,98.51,4.84,65.54,Healthy
2026-01-14 00:15:00,F0581,71.46,1.03,32.58,Critical
2026-01-14 00:20:00,F0104,34.86,2.18,21.41,Critical
2026-01-14 00:25:00,F0078,91.63,1.77,42.71,Critical
2026-01-14 00:30:00,F0919,40.35,2.86,30.32,Healthy
2026-01-14 00:35:00,F0809,97.58,1.95,32.51,Critical
2026-01-14 00:40:00,F0963,90.19,2.79,85.57,Low
2026-01-14 00:45:00,F0475,79.82,0.79,26.68,Critical
2026-01-14 00:50:00,F0403,78.51,2.57,74.37,Low
2026-01-14 00:55:00,F0887,49.75,0.29,24.71,Low
2026-01-14 01:00:00,F0733,78.8,4.77,57.76,Critical
2026-01-14 01:05:00,F0869,64.98,4.49,11.65,Critical
2026-01-14 01:10:00,F0072,53.66,1.1,43.88,Healthy
2026-01-14 01:15:00,F0480,90.66,1.38,5.54,Critical
2026-01-14 01:20:00,F0725,92.98,3.65,91.07,Low
2026-01-14 01:25:00,F0532,95.33,4.77,13.83,Healthy
2026-01-14 01:30:00,F0996,71.77,0.33,13.07,Healthy
2026-01-14 01:35:00,F0744,76.57,1.95,13.47,Healthy
2026-01-14 01:40:00,F0272,94.73,1.03,54.8,Critical
2026-01-14 01:45:00,F0477,83.95,4.09,48.89,Critical
2026-01-14 01:50:00,F0701,72.12,4.35,50.35,Healthy
2026-01-14 01:55:00,F0684,96.27,3.67,69.33,Critical
2026-01-14 02:00:00,F0947,70.12,1.34,35.74,Healthy
2026-01-14 02:05:00,F0834,95.78,4.63,79.87,Healthy
2026-01-14 02:10:00,F0945,44.31,1.54,20.2,Low
2026-01-14 02:15:00,F0588,94.86,4.11,64.54,Low
2026-01-14 02:20:00,F0167,85.32,0.52,10.95,Healthy
2026-01-14 02:25:00,F0096,99.09,2.94,87.2,Healthy
2026-01-14 02:30:00,F0950,81.59,3.29,77.89,Critical
2026-01-14 02:35:00,F0095,98.04,3.8,94.18,Low
2026-01-14 02:40:00,F0524,89.41,1.53,19.88,Healthy
2026-01-14 02:45:00,F0591,91.67,4.15,5.67,Low
2026-01-14 02:50:00,F0512,99.76,0.6,99.22,Healthy
2026-01-14 02:55:00,F0649,76.44,0.75,60.87,Healthy
2026-01-14 03:00:00,F0888,77.4,0.75,73.18,Critical
2026-01-14 03:05:00,F0771,95.52,4.81,92.4,Critical
2026-01-14 03:10:00,F0690,80.33,0.75,13.96,Healthy
2026-01-14 03:15:00,F0936,20.83,2.04,11.59,Healthy
2026-01-14 03:20:00,F0140,7.25,3.16,4.19,Critical
2026-01-14 03:25:00,F0449,69.06,3.76,34.29,Healthy
2026-01-14 03:30:00,F0038,78.32,3.19,19.8,Low
2026-01-14 03:35:00,F0550,71.63,2.27,57.19,Healthy
2026-01-14 03:40:00,F0831,95.82,2.39,66.03,Low
2026-01-14 03:45:00,F0289,94.74,0.7,77.66,Healthy
2026-01-14 03:50:00,F0700,81.1,1.57,10.05,Low
2026-01-14 03:55:00,F0009,75.16,0.87,62.53,Critical
2026-01-14 04:00:00,F0294,71.52,4.91,66.49,Low
2026-01-14 04:05:00,F0718,64.4,4.23,12.88,Low
2026-01-14 04:10:00,F0810,99.67,1.88,99.46,Healthy
2026-01-14 04:15:00,F0954,81.07,3.73,81.05,Healthy
2026-01-14 04:20:00,F0798,81.39,2.93,71.57,Critical
2026-01-14 04:25:00,F0235,90.69,4.15,58.35,Low
2026-01-14 04:30:00,F0368,49.22,1.52,11.87,Critical
2026-01-14 04:35:00,F0947,53.33,1.96,32.66,Healthy
2026-01-14 04:40:00,F0910,95.39,0.33,21.2,Critical
2026-01-14 04:45:00,F0953,99.78,0.32,77.85,Healthy
2026-01-14 04:50:00,F0237,51.6,1.94,42.25,Critical
2026-01-14 04:55:00,F0063,79.75,0.49,49.49,Low
2026-01-14 05:00:00,F0883,84.01,4.83,71.88,Critical
2026-01-14 05:05:00,F0289,14.6,1.3,2.24,Critical
2026-01-14 05:10:00,F0268,76.99,4.53,65.01,Healthy
2026-01-14 05:15:00,F0228,93.84,3.49,82.78,Critical
2026-01-14 05:20:00,F0128,78.26,1.57,71.03,Healthy
2026-01-14 05:25:00,F0509,77.18,4.56,61.61,Critical
2026-01-14 05:30:00,F0915,94.58,3.27,91.42,Low
2026-01-14 05:35:00,F0798,84.54,1.98,62.29,Low
2026-01-14 05:40:00,F0253,48.03,2.24,37.2,Low
2026-01-14 05:45:00,F0258,91.51,0.71,47.96,Low
2026-01-14 05:50:00,F0788,74.82,0.73,43.42,Healthy
2026-01-14 05:55:00,F0028,80.52,2.67,79.73,Critical
2026-01-14 06:00:00,F0409,81.33,2.86,79.25,Low
2026-01-14 06:05:00,F0529,80.17,0.63,76.34,Healthy
2026-01-14 06:10:00,F0687,91.45,2.68,54.44,Low
2026-01-14 06:15:00,F0738,46.46,0.91,44.78,Healthy
2026-01-14 06:20:00,F0201,98.62,3.58,97.42,Critical
2026-01-14 06:25:00,F0474,27.85,2.37,4.25,Critical
2026-01-14 06:30:00,F0892,26.6,0.58,22.92,Low
2026-01-14 06:35:00,F0308,53.71,2.75,36.11,Healthy
2026-01-14 06:40:00,F0026,94.11,1.04,80.1,Healthy
2026-01-14 06:45:00,F0541,79.63,1.07,56.51,Critical
2026-01-14 06:50:00,F0260,63.22,2.24,35.53,Low
2026-01-14 06:55:00,F0204,3.5,0.78,2.97,Critical
2026-01-14 07:00:00,F0161,92.28,3.93,80.37,Low
2026-01-14 07:05:00,F0448,99.14,4.22,92.2,Healthy
2026-01-14 07:10:00,F0851,56.21,3.01,7.89,Healthy
2026-01-14 07:15:00,F0273,70.91,2.48,69.95,Low
2026-01-14 07:20:00,F0642,97.96,0.68,41.48,Critical
2026-01-14 07:25:00,F0458,13.85,0.53,2.49,Critical
2026-01-14 07:30:00,F0039,95.57,2.44,48.57,Healthy
2026-01-14 07:35:00,F0787,80.82,1.46,74.9,Critical
2026-01-14 07:40:00,F0879,77.38,3.63,6.79,Critical
2026-01-14 07:45:00,F0256,63.22,1.49,63.11,Critical
2026-01-14 07:50:00,F0044,99.95,0.52,99.75,Low
2026-01-14 07:55:00,F0305,92.52,2.61,61.06,Critical
2026-01-14 08:00:00,F0405,98.8,4.14,83.01,Critical
2026-01-14 08:05:00,F0067,63.45,2.57,52.92,Healthy
2026-01-14 08:10:00,F0425,52.78,2.31,46.32,Low
2026-01-14 08:15:00,F0930,64.35,3.8,60.3,Low
2026-01-14 08:20:00,F0976,97.71,0.91,95.55,Healthy
2026-01-14 08:25:00,F0851,61.28,2.94,48.5,Healthy
2026-01-14 08:30:00,F0706,81.24,2.3,76.22,Critical
2026-01-14 08:35:00,F0934,86.22,3.06,66.97,Healthy
2026-01-14 08:40:00,F0729,99.58,2.34,99.57,Low
2026-01-14 08:45:00,F0677,99.0,2.27,16.51,Healthy
2026-01-14 08:50:00,F0840,52.83,2.44,2.63,Critical
2026-01-14 08:55:00,F0862,90.83,0.71,84.43,Healthy
2026-01-14 09:00:00,F0677,87.48,3.36,66.08,Critical
2026-01-14 09:05:00,F0559,92.74,4.28,25.95,Healthy
2026-01-14 09:10:00,F0586,80.95,3.48,23.52,Critical
2026-01-14 09:15:00,F0460,91.1,4.45,59.55,Healthy
2026-01-14 09:20:00,F0023,94.3,0.6,89.74,Critical
2026-01-14 09:25:00,F0297,93.25,2.62,83.63,Critical
2026-01-14 09:30:00,F0994,92.69,4.11,50.82,Critical
2026-01-14 09:35:00,F0142,95.0,4.49,92.81,Healthy
2026-01-14 09:40:00,F0365,97.1,2.37,75.78,Critical
2026-01-14 09:45:00,F0451,79.12,4.65,51.31,Critical
2026-01-14 09:50:00,F0064,71.14,4.68,37.38,Healthy
2026-01-14 09:55:00,F0485,61.07,0.42,25.95,Critical
2026-01-14 10:00:00,F0390,85.69,4.24,9.37,Critical
2026-01-14 10:05:00,F0664,16.88,3.06,8.51,Critical
2026-01-14 10:10:00,F0691,90.01,0.96,8.4,Critical
2026-01-14 10:15:00,F0574,75.95,0.99,27.04,Critical
2026-01-14 10:20:00,F0966,48.35,3.69,15.04,Critical
2026-01-14 10:25:00,F0274,97.46,2.49,93.02,Healthy
2026-01-14 10:30:00,F0927,63.73,1.3,58.88,Healthy
2026-01-14 10:35:00,F0046,86.45,2.23,79.01,Low
2026-01-14 10:40:00,F0291,91.74,3.28,89.96,Critical
2026-01-14 10:45:00,F0342,95.31,3.52,89.38,Critical
2026-01-14 10:50:00,F0595,95.7,0.71,37.74,Critical
2026-01-14 10:55:00,F0047,76.66,2.11,67.0,Critical
2026-01-14 11:00:00,F0625,94.71,3.57,92.62,Low
2026-01-14 11:05:00,F0627,54.69,1.39,38.37,Low
2026-01-14 11:10:00,F0067,33.0,2.37,2.56,Low
2026-01-14 11:15:00,F0146,11.26,2.89,1.16,Healthy
2026-01-14 11:20:00,F0846,99.55,1.91,98.12,Critical
2026-01-14 11:25:00,F0515,48.08,2.8,40.66,Critical
2026-01-14 11:30:00,F0410,97.08,3.94,96.02,Critical
2026-01-14 11:35:00,F0447,70.92,1.29,69.67,Healthy
2026-01-14 11:40:00,F0771,98.73,2.1,98.5,Critical
2026-01-14 11:45:00,F0639,68.09,2.96,44.52,Healthy
2026-01-14 11:50:00,F0116,99.88,0.55,8.92,Critical
2026-01-14 11:55:00,F0678,92.19,4.97,89.61,Critical
2026-01-14 12:00:00,F0210,93.55,0.98,64.01,Critical
2026-01-14 12:05:00,F0418,68.9,1.32,40.74,Healthy
2026-01-14 12:10:00,F0261,37.05,4.91,34.17,Low
2026-01-14 12:15:00,F0850,70.38,0.65,55.63,Critical
2026-01-14 12:20:00,F0286,90.85,0.99,2.19,Low
2026-01-14 12:25:00,F0440,80.65,1.46,49.56,Low
2026-01-14 12:30:00,F0281,89.4,4.39,65.03,Healthy
2026-01-14 12:35:00,F0482,96.71,2.2,78.77,Critical
2026-01-14 12:40:00,F0791,86.98,4.58,48.42,Critical
2026-01-14 12:45:00,F0772,59.68,1.44,12.68,Critical
2026-01-14 12:50:00,F0747,98.39,2.82,63.05,Healthy
2026-01-14 12:55:00,F0100,94.0,2.42,86.63,Low
2026-01-14 13:00:00,F0108,55.54,1.5,7.96,Healthy
2026-01-14 13:05:00,F0642,98.7,3.19,83.97,Low
2026-01-14 13:10:00,F0552,97.97,2.82,94.72,Critical
2026-01-14 13:15:00,F0406,99.52,1.4,80.48,Critical
2026-01-14 13:20:00,F0391,97.34,2.31,61.85,Critical
2026-01-14 13:25:00,F0349,37.45,4.48,31.24,Critical
2026-01-14 13:30:00,F0114,74.87,1.71,26.12,Healthy
2026-01-14 13:35:00,F0060,87.62,3.67,61.37,Critical
2026-01-14 13:40:00,F0952,83.5,4.97,78.1,Low
2026-01-14 13:45:00,F0486,90.18,0.41,88.92,Healthy
2026-01-14 13:50:00,F0611,55.36,3.7,42.25,Critical
2026-01-14 13:55:00,F0432,85.04,2.87,75.27,Low
2026-01-14 14:00:00,F0103,73.52,4.88,24.86,Critical
2026-01-14 14:05:00,F0389,83.15,1.77,57.93,Low
2026-01-14 14:10:00,F0587,65.87,0.32,0.77,Low
2026-01-14 14:15:00,F0257,99.45,1.63,80.7,Healthy
2026-01-14 14:20:00,F0699,99.87,4.62,4.7,Low
2026-01-14 14:25:00,F0446,90.49,3.75,78.55,Low
2026-01-14 14:30:00,F0269,89.41,0.44,49.75,Healthy
2026-01-14 14:35:00,F0434,32.07,3.99,1.44,Low
2026-01-14 14:40:00,F0030,76.41,2.33,49.0,Critical
2026-01-14 14:45:00,F0988,87.25,4.77,45.06,Healthy
2026-01-14 14:50:00,F0436,68.39,2.63,19.23,Healthy
2026-01-14 14:55:00,F0415,43.8,3.95,24.25,Low
2026-01-14 15:00:00,F0429,82.32,4.3,78.33,Low
2026-01-14 15:05:00,F0343,81.93,0.46,70.06,Critical
2026-01-14 15:10:00,F0712,62.92,1.3,60.82,Critical
2026-01-14 15:15:00,F0156,49.35,4.31,42.55,Low
2026-01-14 15:20:00,F0988,55.11,3.86,18.1,Low
2026-01-14 15:25:00,F0783,81.67,2.47,69.39,Low
2026-01-14 15:30:00,F0182,65.34,2.07,61.33,Low
2026-01-14 15:35:00,F0996,81.75,0.68,70.91,Critical
2026-01-14 15:40:00,F0655,96.25,1.41,81.53,Low
2026-01-14 15:45:00,F0550,99.94,0.23,99.34,Healthy
2026-01-14 15:50:00,F0493,98.39,3.03,10.83,Critical
2026-01-14 15:55:00,F0082,59.35,2.88,49.45,Healthy
2026-01-14 16:00:00,F0954,72.91,4.44,57.78,Healthy
2026-01-14 16:05:00,F0736,94.03,1.51,93.1,Low
2026-01-14 16:10:00,F0436,92.5,4.29,79.25,Healthy
2026-01-14 16:15:00,F0209,28.77,0.73,14.73,Critical
2026-01-14 16:20:00,F0351,91.35,3.73,25.12,Healthy
2026-01-14 16:25:00,F0888,84.58,3.54,43.01,Critical
2026-01-14 16:30:00,F0651,97.5,2.86,4.81,Healthy
2026-01-14 16:35:00,F0318,69.31,1.47,36.85,Healthy
2026-01-14 16:40:00,F0516,78.19,2.88,12.34,Low
2026-01-14 16:45:00,F0973,96.99,1.94,87.86,Low
2026-01-14 16:50:00,F0313,45.61,3.44,4.71,Critical
2026-01-14 16:55:00,F0150,58.16,3.33,36.74,Healthy
2026-01-14 17:00:00,F0199,86.71,0.57,84.55,Healthy
2026-01-14 17:05:00,F0551,95.33,4.93,93.47,Critical
2026-01-14 17:10:00,F0963,88.06,3.71,76.53,Critical
2026-01-14 17:15:00,F0923,85.36,4.92,73.34,Low
2026-01-14 17:20:00,F0657,83.34,1.37,76.42,Critical
2026-01-14 17:25:00,F0889,75.02,2.55,74.23,Critical
2026-01-14 17:30:00,F0920,91.68,3.49,53.89,Low
2026-01-14 17:35:00,F0821,70.45,0.26,35.36,Healthy
2026-01-14 17:40:00,F0043,70.38,2.06,60.67,Low
2026-01-14 17:45:00,F0624,35.13,3.25,32.9,Healthy
2026-01-14 17:50:00,F0274,88.51,2.82,32.5,Critical
2026-01-14 17:55:00,F0313,91.82,1.79,89.38,Healthy
2026-01-14 18:00:00,F0650,71.07,4.62,3.58,Critical
2026-01-14 18:05:00,F0452,88.58,0.53,10.38,Low
2026-01-14 18:10:00,F0436,53.83,2.67,50.52,Low
2026-01-14 18:15:00,F0687,99.17,1.54,98.89,Low
2026-01-14 18:20:00,F0216,87.14,2.25,26.17,Critical
2026-01-14 18:25:00,F0635,93.65,3.5,87.9,Healthy
2026-01-14 18:30:00,F0658,50.92,3.96,45.03,Critical
2026-01-14 18:35:00,F0329,90.44,4.57,65.09,Healthy
2026-01-14 18:40:00,F0984,83.49,0.79,64.36,Critical
2026-01-14 18:45:00,F0396,77.52,1.43,51.25,Critical
2026-01-14 18:50:00,F0527,82.13,2.24,56.79,Healthy
2026-01-14 18:55:00,F0314,95.38,3.87,88.48,Low
2026-01-14 19:00:00,F0108,91.57,3.57,48.12,Low
2026-01-14 19:05:00,F0239,88.04,3.47,83.97,Healthy
2026-01-14 19:10:00,F0554,99.74,4.34,81.02,Critical
2026-01-14 19:15:00,F0136,96.99,3.61,96.35,Healthy
2026-01-14 19:20:00,F0167,93.14,3.31,83.16,Critical
2026-01-14 19:25:00,F1000,31.44,2.93,23.55,Healthy
2026-01-14 19:30:00,F0402,99.26,3.37,98.53,Healthy
2026-01-14 19:35:00,F0530,99.91,2.92,94.37,Critical
2026-01-14 19:40:00,F0218,96.64,3.62,92.42,Healthy
2026-01-14 19:45:00,F0190,24.56,0.41,14.57,Healthy
2026-01-14 19:50:00,F0535,22.77,0.21,17.57,Low
2026-01-14 19:55:00,F0031,48.57,2.02,46.13,Critical
2026-01-14 20:00:00,F0942,97.9,3.06,84.13,Critical
2026-01-14 20:05:00,F0086,48.66,2.05,48.08,Low
2026-01-14 20:10:00,F0064,26.47,2.04,18.94,Critical
2026-01-14 20:15:00,F0666,94.54,2.85,23.52,Healthy
2026-01-14 20:20:00,F0049,82.43,0.61,64.12,Low
2026-01-14 20:25:00,F0564,83.1,3.96,27.64,Critical
2026-01-14 20:30:00,F0603,49.04,1.71,13.83,Low
2026-01-14 20:35:00,F0204,83.8,3.99,83.21,Critical
2026-01-14 20:40:00,F0414,96.26,0.28,77.31,Healthy
2026-01-14 20:45:00,F0338,28.15,4.12,0.35,Critical
2026-01-14 20:50:00,F0021,61.9,2.3,58.83,Critical
2026-01-14 20:55:00,F0400,90.16,2.28,4.61,Low
2026-01-14 21:00:00,F0403,93.05,0.55,26.87,Low
2026-01-14 21:05:00,F0861,36.24,0.62,29.91,Healthy
2026-01-14 21:10:00,F0332,99.27,0.21,98.68,Healthy
2026-01-14 21:15:00,F0276,94.97,4.13,39.88,Critical
2026-01-14 21:20:00,F0792,47.74,2.71,46.94,Critical
2026-01-14 21:25:00,F0302,89.17,2.26,76.02,Critical
2026-01-14 21:30:00,F0637,62.84,2.76,14.08,Low
2026-01-14 21:35:00,F0541,81.92,3.11,15.93,Healthy
2026-01-14 21:40:00,F0651,77.92,2.88,53.99,Critical
2026-01-14 21:45:00,F0657,71.97,2.74,11.83,Low
2026-01-14 21:50:00,F0823,78.83,0.55,78.16,Critical
2026-01-14 21:55:00,F0584,91.08,1.94,42.88,Low
2026-01-14 22:00:00,F0130,95.82,0.31,89.68,Healthy
2026-01-14 22:05:00,F0783,99.33,0.84,94.33,Low
2026-01-14 22:10:00,F0573,73.93,4.82,45.46,Healthy
2026-01-14 22:15:00,F0876,42.89,1.65,38.01,Healthy
2026-01-14 22:20:00,F0957,89.77,4.91,76.11,Healthy
2026-01-14 22:25:00,F0523,96.21,3.96,94.07,Low
2026-01-14 22:30:00,F0298,98.54,0.77,97.15,Critical
2026-01-14 22:35:00,F0395,53.44,3.79,9.02,Critical
2026-01-14 22:40:00,F0817,62.65,0.56,18.49,Critical
2026-01-14 22:45:00,F0607,82.44,1.55,55.14,Low
2026-01-14 22:50:00,F0145,95.06,2.29,94.0,Critical
2026-01-14 22:55:00,F0461,97.65,1.8,94.3,Healthy
2026-01-14 23:00:00,F0271,98.37,4.43,81.12,Critical
2026-01-14 23:05:00,F0844,76.68,1.48,73.14,Critical
2026-01-14 23:10:00,F0856,66.42,1.61,34.66,Healthy
2026-01-14 23:15:00,F0866,40.51,3.94,31.9,Critical
2026-01-14 23:20:00,F0851,45.67,4.25,14.15,Healthy
2026-01-14 23:25:00,F0065,92.3,0.29,71.03,Critical
2026-01-14 23:30:00,F0420,93.9,4.64,39.93,Low
2026-01-14 23:35:00,F0140,96.1,2.4,95.06,Low
2026-01-14 23:40:00,F0167,87.47,2.46,84.76,Critical
2026-01-14 23:45:00,F0287,95.55,4.46,61.1,Healthy
2026-01-14 23:50:00,F0935,67.23,2.53,5.84,Critical
2026-01-14 23:55:00,F0247,76.88,3.51,18.28,Healthy
2026-01-15 00:00:00,F0957,47.26,2.21,13.62,Critical
2026-01-15 00:05:00,F0494,95.25,4.02,92.42,Healthy
2026-01-15 00:10:00,F0715,58.82,1.89,5.89,Healthy
2026-01-15 00:15:00,F0626,97.7,2.96,9.15,Healthy
2026-01-15 00:20:00,F0836,86.09,4.45,84.38,Critical
2026-01-15 00:25:00,F0902,16.01,1.09,8.62,Healthy
2026-01-15 00:30:00,F0813,95.31,1.29,74.39,Low
2026-01-15 00:35:00,F0034,24.22,2.93,5.32,Low
2026-01-15 00:40:00,F0016,36.26,2.26,7.09,Healthy
2026-01-15 00:45:00,F0670,98.71,1.43,95.7,Healthy
2026-01-15 00:50:00,F0729,91.56,2.96,87.73,Low
2026-01-15 00:55:00,F0817,89.34,1.29,69.91,Critical
2026-01-15 01:00:00,F0219,78.74,2.18,52.19,Low
2026-01-15 01:05:00,F0484,52.75,3.06,34.46,Healthy
2026-01-15 01:10:00,F0813,97.61,3.72,41.34,Critical
2026-01-15 01:15:00,F0825,74.48,0.88,51.47,Low
2026-01-15 01:20:00,F0743,98.14,0.6,81.09,Healthy
2026-01-15 01:25:00,F0794,18.38,1.79,3.55,Critical
2026-01-15 01:30:00,F0071,89.4,2.14,66.4,Low
2026-01-15 01:35:00,F0810,98.73,1.22,89.24,Critical
2026-01-15 01:40:00,F0844,84.89,1.43,35.99,Healthy
2026-01-15 01:45:00,F0062,61.61,4.61,33.74,Low
2026-01-15 01:50:00,F0764,92.21,4.9,86.2,Low
2026-01-15 01:55:00,F0735,56.87,3.02,44.78,Low
2026-01-15 02:00:00,F0561,94.59,4.67,89.1,Low
2026-01-15 02:05:00,F0944,97.51,1.73,96.77,Critical
2026-01-15 02:10:00,F0554,99.74,1.63,96.9,Healthy
2026-01-15 02:15:00,F0950,87.71,0.45,33.08,Low
2026-01-15 02:20:00,F0344,83.73,2.09,70.47,Low
2026-01-15 02:25:00,F0579,22.68,4.81,8.01,Healthy
2026-01-15 02:30:00,F0960,73.84,0.25,72.92,Low
2026-01-15 02:35:00,F0645,90.65,1.76,90.23,Critical
2026-01-15 02:40:00,F0105,99.32,0.33,30.95,Healthy
2026-01-15 02:45:00,F0798,18.98,0.6,9.97,Critical
2026-01-15 02:50:00,F0020,99.92,0.65,94.14,Healthy
2026-01-15 02:55:00,F0699,96.13,1.62,32.85,Low
2026-01-15 03:00:00,F0025,21.31,3.57,5.4,Low
2026-01-15 03:05:00,F0838,78.32,1.98,71.71,Low
2026-01-15 03:10:00,F0001,75.2,0.6,69.86,Healthy
2026-01-15 03:15:00,F0804,96.71,1.07,66.69,Critical
2026-01-15 03:20:00,F0881,36.41,4.82,35.73,Low
2026-01-15 03:25:00,F0328,77.17,3.56,75.95,Healthy
2026-01-15 03:30:00,F0929,95.39,4.34,33.73,Low
2026-01-15 03:35:00,F0266,98.95,3.34,96.66,Low
2026-01-15 03:40:00,F0290,64.54,3.16,63.37,Healthy
2026-01-15 03:45:00,F0722,98.96,2.56,95.59,Healthy
2026-01-15 03:50:00,F0954,93.01,2.43,84.45,Low
2026-01-15 03:55:00,F0029,81.51,3.03,70.83,Healthy
2026-01-15 04:00:00,F0403,68.25,4.18,66.64,Low
2026-01-15 04:05:00,F0792,99.87,3.19,95.74,Critical
2026-01-15 04:10:00,F0004,58.41,3.51,1.22,Low
2026-01-15 04:15:00,F0439,92.07,4.7,34.82,Healthy
2026-01-15 04:20:00,F0066,88.17,3.55,50.65,Healthy
2026-01-15 04:25:00,F0979,95.88,3.21,54.28,Healthy
2026-01-15 04:30:00,F0914,99.63,1.82,99.05,Healthy
2026-01-15 04:35:00,F0250,99.04,1.92,95.98,Low
2026-01-15 04:40:00,F0398,70.04,1.83,68.6,Healthy
2026-01-15 04:45:00,F0964,50.4,2.16,3.33,Critical
2026-01-15 04:50:00,F0966,57.68,0.29,1.3,Critical
2026-01-15 04:55:00,F0489,73.38,2.82,5.88,Low
2026-01-15 05:00:00,F0491,27.51,3.54,4.41,Critical
2026-01-15 05:05:00,F0980,79.23,3.47,26.71,Healthy
2026-01-15 05:10:00,F0595,75.98,2.94,66.22,Critical
2026-01-15 05:15:00,F0003,97.15,2.0,96.32,Low
2026-01-15 05:20:00,F0161,92.26,2.01,49.08,Low
2026-01-15 05:25:00,F0849,75.33,1.25,32.81,Healthy
2026-01-15 05:30:00,F0262,42.47,1.22,7.29,Healthy
2026-01-15 05:35:00,F0551,90.95,1.08,89.88,Low
2026-01-15 05:40:00,F0970,33.62,0.49,18.38,Critical
2026-01-15 05:45:00,F0316,93.73,0.92,70.25,Low
2026-01-15 05:50:00,F0033,96.22,0.53,85.6,Critical
2026-01-15 05:55:00,F0694,44.48,4.5,3.98,Healthy
2026-01-15 06:00:00,F0554,84.83,0.23,35.62,Critical
2026-01-15 06:05:00,F0156,93.45,2.65,91.35,Healthy
2026-01-15 06:10:00,F0140,28.89,2.08,8.84,Critical
2026-01-15 06:15:00,F0981,97.67,1.55,92.75,Low
2026-01-15 06:20:00,F0809,70.87,4.41,33.41,Critical
2026-01-15 06:25:00,F0090,92.35,4.31,45.11,Healthy
2026-01-15 06:30:00,F0172,76.56,3.05,59.34,Low
2026-01-15 06:35:00,F0688,27.55,4.78,4.64,Healthy
2026-01-15 06:40:00,F0379,82.6,4.45,79.73,Low
2026-01-15 06:45:00,F0475,74.21,0.57,52.07,Healthy
2026-01-15 06:50:00,F0118,97.17,0.81,69.49,Healthy
2026-01-15 06:55:00,F0770,84.61,4.24,80.12,Critical
2026-01-15 07:00:00,F0173,70.23,1.11,0.61,Healthy
2026-01-15 07:05:00,F0070,88.01,3.12,64.7,Low
2026-01-15 07:10:00,F0587,91.85,2.72,90.69,Low
2026-01-15 07:15:00,F0445,87.96,3.49,72.28,Healthy
2026-01-15 07:20:00,F0381,82.08,2.62,77.28,Low
2026-01-15 07:25:00,F0321,81.49,0.59,55.02,Critical
2026-01-15 07:30:00,F0721,86.74,3.51,74.96,Critical
2026-01-15 07:35:00,F0052,13.45,2.87,9.42,Low
2026-01-15 07:40:00,F0717,98.06,2.5,91.72,Critical
2026-01-15 07:45:00,F0624,99.7,0.52,85.81,Healthy
2026-01-15 07:50:00,F0823,95.05,2.99,50.85,Critical
2026-01-15 07:55:00,F0055,50.12,4.81,27.61,Critical
2026-01-15 08:00:00,F0773,24.8,2.67,9.6,Low
2026-01-15 08:05:00,F0630,62.41,0.46,16.25,Low
2026-01-15 08:10:00,F0235,92.53,3.2,53.67,Healthy
2026-01-15 08:15:00,F0285,74.75,0.95,66.25,Low
2026-01-15 08:20:00,F0135,59.57,1.54,48.73,Critical
2026-01-15 08:25:00,F0998,86.95,3.79,86.03,Low
2026-01-15 08:30:00,F0690,87.37,3.61,57.73,Healthy
2026-01-15 08:35:00,F0650,76.94,3.73,73.57,Healthy
2026-01-15 08:40:00,F0153,99.39,1.53,97.87,Healthy
2026-01-15 08:45:00,F0368,91.72,0.83,85.24,Healthy
2026-01-15 08:50:00,F0199,80.91,0.7,69.55,Healthy
2026-01-15 08:55:00,F0428,94.96,3.84,89.85,Low
2026-01-15 09:00:00,F0003,93.13,2.15,88.63,Critical
2026-01-15 09:05:00,F0610,99.56,0.48,98.44,Healthy
2026-01-15 09:10:00,F0408,96.48,2.31,93.49,Critical
2026-01-15 09:15:00,F0073,21.53,2.78,9.6,Critical
2026-01-15 09:20:00,F0426,60.74,0.98,2.29,Critical
2026-01-15 09:25:00,F0481,97.0,3.49,88.35,Low
2026-01-15 09:30:00,F0163,91.33,3.12,37.81,Critical
2026-01-15 09:35:00,F0805,77.9,2.75,74.91,Healthy
2026-01-15 09:40:00,F0841,80.99,4.24,26.37,Low
2026-01-15 09:45:00,F0582,21.83,2.06,6.69,Healthy
2026-01-15 09:50:00,F0499,82.5,1.17,80.15,Healthy
2026-01-15 09:55:00,F0378,77.91,1.96,50.11,Low
2026-01-15 10:00:00,F0772,91.44,4.56,84.14,Healthy
2026-01-15 10:05:00,F0087,95.67,3.56,38.32,Critical
2026-01-15 10:10:00,F0311,68.86,2.09,51.21,Critical
2026-01-15 10:15:00,F0672,46.86,3.86,28.69,Healthy
2026-01-15 10:20:00,F0702,98.87,2.27,44.1,Low
2026-01-15 10:25:00,F0427,69.35,1.11,60.47,Low
2026-01-15 10:30:00,F0465,38.22,3.31,0.85,Healthy
2026-01-15 10:35:00,F0904,24.67,1.01,12.95,Healthy
2026-01-15 10:40:00,F0805,32.16,4.85,8.85,Low
2026-01-15 10:45:00,F0964,91.26,4.61,66.55,Critical
2026-01-15 10:50:00,F0104,85.46,1.74,55.48,Critical
2026-01-15 10:55:00,F0041,94.48,2.66,51.47,Critical
2026-01-15 11:00:00,F0704,89.24,4.76,73.5,Critical
2026-01-15 11:05:00,F0655,46.57,3.19,9.81,Healthy
2026-01-15 11:10:00,F0674,92.04,4.56,72.44,Critical
2026-01-15 11:15:00,F0574,66.56,2.03,57.09,Low
2026-01-15 11:20:00,F0986,94.54,4.46,80.5,Low
2026-01-15 11:25:00,F0375,95.71,4.88,94.72,Critical
2026-01-15 11:30:00,F0267,26.96,2.75,5.76,Healthy
2026-01-15 11:35:00,F0080,98.43,0.37,94.94,Healthy
2026-01-15 11:40:00,F0512,90.27,1.96,70.64,Low
2026-01-15 11:45:00,F0885,28.76,4.9,2.8,Low
2026-01-15 11:50:00,F0692,93.13,2.07,77.84,Low
2026-01-15 11:55:00,F0730,70.03,4.02,49.94,Critical
2026-01-15 12:00:00,F0924,95.38,1.49,79.75,Critical
2026-01-15 12:05:00,F0448,97.81,1.16,33.55,Low
2026-01-15 12:10:00,F0396,68.23,4.96,56.43,Critical
2026-01-15 12:15:00,F0066,98.47,2.61,59.46,Low
2026-01-15 12:20:00,F0352,27.12,1.55,20.86,Low
2026-01-15 12:25:00,F0587,94.22,2.77,36.99,Low
2026-01-15 12:30:00,F0314,99.38,4.7,92.53,Critical
2026-01-15 12:35:00,F0611,78.14,1.84,8.75,Healthy
2026-01-15 12:40:00,F0407,71.28,4.71,32.31,Low
2026-01-15 12:45:00,F0246,97.72,1.07,84.42,Healthy
2026-01-15 12:50:00,F0377,52.8,4.91,45.32,Critical
2026-01-15 12:55:00,F0126,66.32,0.77,58.85,Low
2026-01-15 13:00:00,F0558,30.34,3.4,5.26,Critical
2026-01-15 13:05:00,F0426,32.21,4.0,19.54,Healthy
2026-01-15 13:10:00,F0736,51.7,1.72,30.1,Healthy
2026-01-15 13:15:00,F0469,81.27,2.18,45.28,Healthy
2026-01-15 13:20:00,F0031,91.37,4.56,10.42,Critical
2026-01-15 13:25:00,F0544,82.13,3.71,64.56,Low
2026-01-15 13:30:00,F0378,92.94,0.88,91.98,Critical
2026-01-15 13:35:00,F0288,96.96,0.64,54.9,Low
2026-01-15 13:40:00,F0287,97.42,1.94,15.64,Critical
2026-01-15 13:45:00,F0817,99.02,2.28,89.63,Low
2026-01-15 13:50:00,F0696,74.13,4.25,25.98,Low
2026-01-15 13:55:00,F0168,66.02,2.59,4.86,Critical
2026-01-15 14:00:00,F0421,97.96,3.45,93.38,Low
2026-01-15 14:05:00,F0456,90.31,4.14,87.53,Low
2026-01-15 14:10:00,F0332,67.2,2.97,45.3,Low
2026-01-15 14:15:00,F0933,27.88,2.45,18.83,Healthy
2026-01-15 14:20:00,F0718,91.61,0.42,64.57,Low
2026-01-15 14:25:00,F0065,98.75,4.11,81.53,Healthy
2026-01-15 14:30:00,F0675,97.46,1.96,92.76,Healthy
2026-01-15 14:35:00,F0699,50.26,4.62,3.64,Healthy
2026-01-15 14:40:00,F0475,77.99,0.52,72.95,Critical
2026-01-15 14:45:00,F0619,91.19,1.14,84.67,Low
2026-01-15 14:50:00,F0788,83.9,2.95,22.67,Healthy
2026-01-15 14:55:00,F0089,91.18,2.74,76.31,Low
2026-01-15 15:00:00,F0203,99.48,4.56,99.35,Low
2026-01-15 15:05:00,F0795,68.06,1.89,62.24,Low
2026-01-15 15:10:00,F0191,67.12,3.66,17.6,Critical
2026-01-15 15:15:00,F0353,94.09,4.31,72.63,Healthy
2026-01-15 15:20:00,F0915,81.8,4.84,71.91,Critical
2026-01-15 15:25:00,F0155,72.99,4.57,68.29,Critical
2026-01-15 15:30:00,F0631,76.28,4.11,69.32,Healthy
2026-01-15 15:35:00,F0295,91.21,3.1,89.36,Low
2026-01-15 15:40:00,F0801,97.47,3.52,85.29,Healthy
2026-01-15 15:45:00,F0438,83.13,1.28,78.19,Healthy
2026-01-15 15:50:00,F0094,73.86,4.87,50.73,Healthy
2026-01-15 15:55:00,F0399,78.07,2.4,55.12,Critical
2026-01-15 16:00:00,F0827,88.17,4.81,49.78,Healthy
2026-01-15 16:05:00,F0015,83.64,1.16,82.98,Low
2026-01-15 16:10:00,F0866,43.47,2.1,12.47,Critical
2026-01-15 16:15:00,F0648,74.94,4.82,22.23,Healthy
2026-01-15 16:20:00,F0813,85.1,4.83,70.61,Critical
2026-01-15 16:25:00,F0881,58.29,3.6,43.47,Low
2026-01-15 16:30:00,F0772,85.09,2.5,77.94,Low
2026-01-15 16:35:00,F0222,97.38,1.21,13.1,Critical
2026-01-15 16:40:00,F0730,98.53,0.88,98.25,Critical
2026-01-15 16:45:00,F0260,61.41,0.71,1.69,Healthy
2026-01-15 16:50:00,F0580,90.72,4.95,34.61,Healthy
2026-01-15 16:55:00,F0881,91.11,3.39,71.74,Healthy
2026-01-15 17:00:00,F0387,51.13,4.8,17.86,Healthy
2026-01-15 17:05:00,F0217,99.88,3.17,82.11,Low
2026-01-15 17:10:00,F0919,73.94,4.52,65.61,Critical
2026-01-15 17:15:00,F0069,95.78,2.5,79.04,Critical
2026-01-15 17:20:00,F0813,46.6,0.47,11.47,Low
2026-01-15 17:25:00,F0686,28.04,4.17,27.58,Low
2026-01-15 17:30:00,F0125,46.41,2.88,22.91,Critical
2026-01-15 17:35:00,F0074,95.11,0.91,56.17,Healthy
2026-01-15 17:40:00,F0521,92.37,1.04,77.48,Low
2026-01-15 17:45:00,F0485,94.23,1.3,66.4,Critical
2026-01-15 17:50:00,F0810,82.9,0.5,36.54,Low
2026-01-15 17:55:00,F0819,58.81,1.73,4.5,Healthy
2026-01-15 18:00:00,F0439,96.01,3.37,93.68,Critical
2026-01-15 18:05:00,F0690,82.9,0.57,26.77,Low
2026-01-15 18:10:00,F0687,71.16,1.5,32.99,Healthy
2026-01-15 18:15:00,F0606,99.35,2.0,57.62,Low
2026-01-15 18:20:00,F0062,89.28,2.58,45.09,Low
2026-01-15 18:25:00,F0173,80.7,4.09,80.34,Low
2026-01-15 18:30:00,F0888,97.81,3.4,97.64,Critical
2026-01-15 18:35:00,F0154,82.95,0.85,49.61,Low
2026-01-15 18:40:00,F0734,29.91,1.17,7.33,Low
2026-01-15 18:45:00,F0581,94.94,3.18,90.59,Critical
2026-01-15 18:50:00,F0486,97.54,0.37,45.39,Healthy
2026-01-15 18:55:00,F0237,90.11,2.25,7.42,Healthy
2026-01-15 19:00:00,F0449,83.54,4.93,79.79,Critical
2026-01-15 19:05:00,F0348,67.05,3.87,38.94,Critical
2026-01-15 19:10:00,F0665,83.99,2.75,57.68,Critical
2026-01-15 19:15:00,F0213,78.98,1.34,42.04,Critical
2026-01-15 19:20:00,F0317,90.49,4.52,68.49,Healthy
2026-01-15 19:25:00,F0337,79.65,0.64,11.53,Low
2026-01-15 19:30:00,F0805,73.39,4.78,18.84,Critical
2026-01-15 19:35:00,F0047,68.22,1.07,63.69,Healthy
2026-01-15 19:40:00,F0794,86.13,0.53,12.11,Low
2026-01-15 19:45:00,F0577,99.65,2.02,48.63,Critical
2026-01-15 19:50:00,F0729,71.71,4.62,45.61,Healthy
2026-01-15 19:55:00,F0406,56.18,2.22,0.12,Low
2026-01-15 20:00:00,F0411,60.99,3.39,30.92,Low
2026-01-15 20:05:00,F0907,96.72,3.05,57.24,Healthy
2026-01-15 20:10:00,F0437,93.65,1.17,41.98,Critical
2026-01-15 20:15:00,F0024,99.37,1.43,99.06,Low
2026-01-15 20:20:00,F0204,41.1,1.71,24.43,Healthy
2026-01-15 20:25:00,F0437,70.09,2.05,58.89,Critical
2026-01-15 20:30:00,F0904,25.08,2.43,18.65,Critical
2026-01-15 20:35:00,F0390,81.28,1.92,56.54,Healthy
2026-01-15 20:40:00,F0478,57.29,0.44,32.11,Critical
2026-01-15 20:45:00,F0542,11.72,1.97,0.8,Healthy
2026-01-15 20:50:00,F0241,69.19,3.44,46.27,Healthy
2026-01-15 20:55:00,F0636,98.77,3.15,85.33,Critical
2026-01-15 21:00:00,F0358,93.81,3.86,84.05,Low
2026-01-15 21:05:00,F0339,58.89,2.29,41.39,Low
2026-01-15 21:10:00,F0227,91.13,4.72,87.47,Low
2026-01-15 21:15:00,F0313,93.94,3.97,70.9,Critical
2026-01-15 21:20:00,F0251,65.16,2.93,12.13,Critical
2026-01-15 21:25:00,F0283,89.22,3.59,24.25,Critical
2026-01-15 21:30:00,F0899,93.46,1.29,45.09,Low
2026-01-15 21:35:00,F0674,76.15,2.72,26.38,Critical
2026-01-15 21:40:00,F0337,58.23,0.9,56.14,Critical
2026-01-15 21:45:00,F0958,69.67,3.11,42.01,Healthy
2026-01-15 21:50:00,F0790,99.45,3.41,98.83,Critical
2026-01-15 21:55:00,F0162,62.42,4.68,58.26,Healthy
2026-01-15 22:00:00,F0457,99.22,4.99,96.73,Healthy
2026-01-15 22:05:00,F0780,86.9,1.03,6.12,Healthy
2026-01-15 22:10:00,F0357,92.27,1.65,47.89,Healthy
2026-01-15 22:15:00,F0345,58.14,3.61,28.71,Low
2026-01-15 22:20:00,F0039,95.56,0.83,80.04,Healthy
2026-01-15 22:25:00,F0869,57.11,1.65,1.02,Low
2026-01-15 22:30:00,F0229,82.9,0.51,38.15,Critical
2026-01-15 22:35:00,F0896,90.28,0.33,5.46,Low
2026-01-15 22:40:00,F0885,28.89,3.94,10.66,Low
2026-01-15 22:45:00,F0724,57.08,2.09,33.33,Critical
2026-01-15 22:50:00,F0694,59.69,1.79,39.16,Low
2026-01-15 22:55:00,F0826,97.94,2.87,96.38,Healthy
2026-01-15 23:00:00,F0268,99.57,3.13,92.27,Critical
2026-01-15 23:05:00,F0336,52.64,1.63,36.05,Low
2026-01-15 23:10:00,F0556,52.43,0.61,38.79,Critical
2026-01-15 23:15:00,F0188,55.76,4.45,37.1,Healthy
2026-01-15 23:20:00,F0139,94.36,0.96,82.88,Healthy
2026-01-15 23:25:00,F0188,92.3,1.14,85.8,Low
2026-01-15 23:30:00,F0238,41.77,3.35,40.66,Critical
2026-01-15 23:35:00,F0710,72.78,2.98,45.08,Critical
2026-01-15 23:40:00,F0852,96.45,2.1,80.1,Healthy
2026-01-15 23:45:00,F0667,98.9,4.0,3.27,Low
2026-01-15 23:50:00,F0288,87.54,4.51,71.08,Low
2026-01-15 23:55:00,F0825,79.1,4.8,75.33,Critical
2026-01-16 00:00:00,F0911,53.33,3.38,8.97,Low
2026-01-16 00:05:00,F0310,99.4,1.46,6.44,Healthy
2026-01-16 00:10:00,F0813,87.77,0.48,84.15,Low
2026-01-16 00:15:00,F0625,99.02,0.98,94.72,Low
2026-01-16 00:20:00,F0345,68.13,1.82,42.21,Critical
2026-01-16 00:25:00,F0206,89.25,4.63,87.21,Healthy
2026-01-16 00:30:00,F0010,90.08,0.94,52.03,Healthy
2026-01-16 00:35:00,F0111,58.05,1.78,1.62,Healthy
2026-01-16 00:40:00,F0203,22.19,0.25,20.44,Low
2026-01-16 00:45:00,F0126,84.26,2.32,40.83,Critical
2026-01-16 00:50:00,F0836,93.71,3.96,90.09,Healthy
2026-01-16 00:55:00,F0625,87.39,2.25,43.75,Critical
2026-01-16 01:00:00,F0767,51.0,4.11,34.74,Healthy
2026-01-16 01:05:00,F0081,34.76,3.28,17.36,Healthy
2026-01-16 01:10:00,F0265,96.01,3.73,91.02,Low
2026-01-16 01:15:00,F0940,39.52,0.34,17.06,Healthy
2026-01-16 01:20:00,F0970,48.37,2.79,4.67,Critical
2026-01-16 01:25:00,F0017,98.42,4.03,80.95,Healthy
2026-01-16 01:30:00,F0817,54.34,0.98,45.42,Healthy
2026-01-16 01:35:00,F0834,33.41,4.43,29.27,Critical
2026-01-16 01:40:00,F0560,80.09,4.19,41.36,Low
2026-01-16 01:45:00,F0488,95.45,4.8,72.96,Critical
2026-01-16 01:50:00,F0424,93.63,2.58,63.61,Healthy
2026-01-16 01:55:00,F0188,97.57,4.2,62.23,Low
2026-01-16 02:00:00,F0550,56.45,1.93,5.0,Low
2026-01-16 02:05:00,F0348,68.61,3.45,15.41,Critical
2026-01-16 02:10:00,F0614,89.21,0.51,87.22,Healthy
2026-01-16 02:15:00,F0395,93.85,3.01,80.27,Low
2026-01-16 02:20:00,F0520,81.98,1.55,75.82,Critical
2026-01-16 02:25:00,F0643,86.6,4.75,73.95,Healthy
2026-01-16 02:30:00,F0191,49.33,3.89,45.14,Healthy
2026-01-16 02:35:00,F0544,17.1,0.61,13.0,Low
2026-01-16 02:40:00,F0705,98.97,0.4,96.6,Critical
2026-01-16 02:45:00,F0686,77.46,4.61,41.59,Healthy
2026-01-16 02:50:00,F0299,90.42,0.44,45.44,Critical
2026-01-16 02:55:00,F0155,25.35,3.22,3.61,Low
2026-01-16 03:00:00,F0712,65.69,4.86,10.36,Low
2026-01-16 03:05:00,F0783,90.61,1.73,17.82,Healthy
2026-01-16 03:10:00,F0505,56.59,1.03,49.4,Low
2026-01-16 03:15:00,F0187,88.87,1.4,74.84,Healthy
2026-01-16 03:20:00,F0116,16.79,4.31,2.15,Low
2026-01-16 03:25:00,F0267,74.06,3.46,17.61,Critical
2026-01-16 03:30:00,F0931,99.49,2.04,87.91,Healthy
2026-01-16 03:35:00,F0201,88.03,0.21,74.0,Healthy
2026-01-16 03:40:00,F0927,98.67,1.61,97.62,Healthy
2026-01-16 03:45:00,F0614,65.17,4.23,30.47,Critical
2026-01-16 03:50:00,F0824,95.85,0.26,92.24,Healthy
2026-01-16 03:55:00,F0785,68.64,2.0,1.03,Critical
2026-01-16 04:00:00,F0321,92.62,0.54,68.44,Healthy
2026-01-16 04:05:00,F0719,84.26,2.35,78.8,Healthy
2026-01-16 04:10:00,F0971,52.34,3.25,39.73,Critical
2026-01-16 04:15:00,F0464,81.05,2.19,74.11,Low
2026-01-16 04:20:00,F0368,55.83,4.01,47.42,Critical
2026-01-16 04:25:00,F0358,90.34,2.21,15.36,Critical
2026-01-16 04:30:00,F0670,20.63,4.09,8.37,Low
2026-01-16 04:35:00,F0293,63.72,4.65,57.27,Healthy
2026-01-16 04:40:00,F0788,95.83,4.64,7.13,Low
2026-01-16 04:45:00,F0776,46.68,0.93,21.84,Critical
2026-01-16 04:50:00,F0475,83.14,2.13,70.11,Critical
2026-01-16 04:55:00,F0847,83.45,0.94,72.02,Critical
2026-01-16 05:00:00,F0044,98.72,3.39,72.27,Low
2026-01-16 05:05:00,F0527,53.85,1.81,37.7,Healthy
2026-01-16 05:10:00,F0210,68.06,2.85,64.63,Critical
2026-01-16 05:15:00,F0042,78.59,3.34,10.7,Healthy
2026-01-16 05:20:00,F0722,89.16,2.77,27.26,Healthy
2026-01-16 05:25:00,F0156,22.96,3.28,6.42,Healthy
2026-01-16 05:30:00,F0768,95.36,1.03,94.98,Low
2026-01-16 05:35:00,F0382,56.64,4.58,51.14,Critical
2026-01-16 05:40:00,F0512,50.67,2.29,15.37,Low
2026-01-16 05:45:00,F0113,83.4,0.24,29.8,Critical
2026-01-16 05:50:00,F0317,36.61,2.87,32.67,Low
2026-01-16 05:55:00,F0044,91.85,4.22,75.01,Low
2026-01-16 06:00:00,F0510,93.06,4.65,17.77,Low
2026-01-16 06:05:00,F0534,93.92,2.51,63.83,Low
2026-01-16 06:10:00,F0289,91.88,4.81,77.59,Low
2026-01-16 06:15:00,F0446,77.87,3.92,74.89,Critical
2026-01-16 06:20:00,F0626,28.63,1.62,12.93,Healthy
2026-01-16 06:25:00,F0077,75.62,2.29,71.49,Healthy
2026-01-16 06:30:00,F0292,23.53,1.67,18.3,Healthy
2026-01-16 06:35:00,F0116,92.07,2.75,61.17,Low
2026-01-16 06:40:00,F0582,97.78,4.7,73.27,Critical
2026-01-16 06:45:00,F0458,98.16,0.63,86.58,Healthy
2026-01-16 06:50:00,F0628,93.18,2.15,82.54,Low
2026-01-16 06:55:00,F0527,85.21,2.73,57.54,Critical
2026-01-16 07:00:00,F0225,21.51,3.73,19.92,Low
2026-01-16 07:05:00,F0173,81.98,0.3,42.22,Critical
2026-01-16 07:10:00,F0766,93.64,0.23,0.21,Healthy
2026-01-16 07:15:00,F0894,72.17,1.13,53.92,Healthy
2026-01-16 07:20:00,F0184,32.92,3.23,0.38,Low
2026-01-16 07:25:00,F0727,42.18,2.74,24.43,Healthy
2026-01-16 07:30:00,F0428,94.58,2.86,93.53,Critical
2026-01-16 07:35:00,F0064,80.71,3.94,17.09,Healthy
2026-01-16 07:40:00,F0843,68.83,2.76,45.11,Low
2026-01-16 07:45:00,F0182,96.53,4.68,75.63,Critical
2026-01-16 07:50:00,F0625,99.91,1.19,99.29,Low
2026-01-16 07:55:00,F0835,73.98,4.44,67.32,Low
2026-01-16 08:00:00,F0651,70.71,3.79,40.75,Healthy
2026-01-16 08:05:00,F0769,98.99,4.82,88.33,Low
2026-01-16 08:10:00,F0566,38.1,2.38,17.7,Low
2026-01-16 08:15:00,F0195,99.91,0.72,96.51,Healthy
2026-01-16 08:20:00,F0232,73.14,4.0,66.38,Critical
2026-01-16 08:25:00,F0521,82.03,0.68,60.88,Critical
2026-01-16 08:30:00,F0755,97.63,1.88,97.08,Critical
2026-01-16 08:35:00,F0726,85.79,0.5,72.83,Critical
2026-01-16 08:40:00,F0494,99.72,0.29,94.1,Low
2026-01-16 08:45:00,F0645,64.52,3.32,38.56,Critical
2026-01-16 08:50:00,F0921,37.42,2.99,37.02,Critical
2026-01-16 08:55:00,F0254,91.08,4.31,52.26,Healthy
2026-01-16 09:00:00,F0420,78.96,2.44,62.12,Healthy
2026-01-16 09:05:00,F0994,52.03,2.62,46.06,Critical
2026-01-16 09:10:00,F0555,79.27,4.3,41.9,Critical
2026-01-16 09:15:00,F0692,42.38,3.37,29.89,Healthy
2026-01-16 09:20:00,F0401,99.21,4.15,99.07,Low
2026-01-16 09:25:00,F0394,62.07,4.78,36.86,Healthy
2026-01-16 09:30:00,F0142,93.38,1.9,61.16,Low
2026-01-16 09:35:00,F0580,72.81,1.68,44.82,Healthy
2026-01-16 09:40:00,F0446,52.25,1.27,34.34,Critical
2026-01-16 09:45:00,F0908,90.48,3.87,63.65,Healthy
2026-01-16 09:50:00,F0643,76.65,3.12,57.93,Low
2026-01-16 09:55:00,F0312,50.54,3.16,14.27,Healthy
2026-01-16 10:00:00,F0023,85.78,2.96,76.45,Critical
2026-01-16 10:05:00,F0703,45.93,3.95,0.38,Critical
2026-01-16 10:10:00,F0872,84.22,2.88,49.8,Critical
2026-01-16 10:15:00,F0199,96.68,1.52,28.42,Critical
2026-01-16 10:20:00,F0474,82.43,4.27,80.2,Healthy
2026-01-16 10:25:00,F0352,96.0,2.4,28.9,Healthy
2026-01-16 10:30:00,F0110,88.48,2.99,39.87,Low
2026-01-16 10:35:00,F0297,31.28,3.0,29.3,Low
2026-01-16 10:40:00,F0528,66.62,3.1,0.99,Low
2026-01-16 10:45:00,F0856,89.7,1.77,87.58,Healthy
2026-01-16 10:50:00,F0407,54.75,0.87,16.4,Low
2026-01-16 10:55:00,F0861,33.34,3.09,28.99,Critical
2026-01-16 11:00:00,F0533,38.65,2.77,17.91,Healthy
2026-01-16 11:05:00,F0587,97.18,0.2,77.02,Critical
2026-01-16 11:10:00,F0495,22.33,3.4,19.0,Low
2026-01-16 11:15:00,F0610,74.58,2.8,66.68,Critical
2026-01-16 11:20:00,F0109,86.5,4.2,47.37,Critical
2026-01-16 11:25:00,F0153,50.19,4.92,34.76,Low
2026-01-16 11:30:00,F0218,79.83,4.59,78.83,Healthy
2026-01-16 11:35:00,F0413,92.31,3.66,67.97,Healthy
2026-01-16 11:40:00,F0661,83.54,4.37,59.22,Healthy
2026-01-16 11:45:00,F0300,36.86,4.85,1.73,Healthy
2026-01-16 11:50:00,F0449,64.27,3.88,55.8,Critical
2026-01-16 11:55:00,F0460,76.36,4.51,66.5,Critical
2026-01-16 12:00:00,F0935,91.84,3.85,5.18,Healthy
2026-01-16 12:05:00,F0900,70.97,2.75,65.36,Critical
2026-01-16 12:10:00,F0209,92.75,0.35,80.36,Low
2026-01-16 12:15:00,F0278,40.23,3.5,37.24,Low
2026-01-16 12:20:00,F0610,39.47,4.85,30.3,Healthy
2026-01-16 12:25:00,F0433,60.14,1.52,39.34,Critical
2026-01-16 12:30:00,F0169,99.19,2.12,90.24,Low
2026-01-16 12:35:00,F0130,98.72,2.01,94.0,Healthy
2026-01-16 12:40:00,F0894,72.77,1.85,32.36,Low
2026-01-16 12:45:00,F0189,79.99,4.68,13.69,Healthy
2026-01-16 12:50:00,F0955,33.13,0.24,12.49,Critical
2026-01-16 12:55:00,F0265,92.71,1.62,64.75,Low
2026-01-16 13:00:00,F0296,51.76,4.52,30.73,Critical
2026-01-16 13:05:00,F0448,83.33,1.99,78.55,Low
2026-01-16 13:10:00,F0548,84.89,4.27,17.07,Healthy
2026-01-16 13:15:00,F0141,36.88,2.55,31.25,Low
2026-01-16 13:20:00,F0719,40.08,1.87,33.3,Critical
2026-01-16 13:25:00,F0675,42.85,3.76,5.64,Healthy
2026-01-16 13:30:00,F0735,95.01,4.67,94.65,Low
2026-01-16 13:35:00,F0994,34.61,3.94,23.68,Low
2026-01-16 13:40:00,F0658,63.15,2.24,49.47,Critical
2026-01-16 13:45:00,F0730,88.07,3.16,73.15,Critical
2026-01-16 13:50:00,F0685,44.4,1.76,32.12,Low
2026-01-16 13:55:00,F0880,28.64,4.24,17.03,Low
2026-01-16 14:00:00,F0501,55.28,0.76,10.14,Low
2026-01-16 14:05:00,F0939,63.6,2.35,61.49,Healthy
2026-01-16 14:10:00,F0614,70.02,3.26,52.91,Healthy
2026-01-16 14:15:00,F0236,45.8,2.38,25.83,Low
2026-01-16 14:20:00,F0449,68.96,1.91,63.86,Critical
2026-01-16 14:25:00,F0854,81.11,4.3,73.18,Low
2026-01-16 14:30:00,F0585,73.78,2.99,11.91,Low
2026-01-16 14:35:00,F0209,92.1,1.59,19.94,Healthy
2026-01-16 14:40:00,F0228,68.96,2.54,33.34,Healthy
2026-01-16 14:45:00,F0807,19.76,1.25,12.48,Healthy
2026-01-16 14:50:00,F0941,88.92,1.35,68.84,Critical
2026-01-16 14:55:00,F0486,98.11,2.25,98.04,Critical
2026-01-16 15:00:00,F0070,95.98,1.04,53.49,Low
2026-01-16 15:05:00,F0010,89.21,2.5,79.44,Low
2026-01-16 15:10:00,F0065,88.18,2.29,82.72,Low
2026-01-16 15:15:00,F0335,43.17,2.34,18.15,Critical
2026-01-16 15:20:00,F0832,39.1,1.77,21.27,Critical
2026-01-16 15:25:00,F0365,87.03,2.66,5.0,Low
2026-01-16 15:30:00,F0391,77.34,1.1,68.56,Low
2026-01-16 15:35:00,F0956,76.49,2.5,8.76,Healthy
2026-01-16 15:40:00,F0318,97.23,2.11,59.25,Healthy
2026-01-16 15:45:00,F0590,67.42,2.1,20.99,Low
2026-01-16 15:50:00,F0995,93.66,3.22,88.87,Low
2026-01-16 15:55:00,F0030,60.77,3.02,5.27,Critical
2026-01-16 16:00:00,F0349,61.05,0.43,3.69,Low
2026-01-16 16:05:00,F0853,92.74,0.28,22.79,Critical
2026-01-16 16:10:00,F0554,91.39,0.99,70.89,Critical
2026-01-16 16:15:00,F0175,94.37,2.71,40.96,Critical
2026-01-16 16:20:00,F0796,95.62,1.53,29.48,Critical
2026-01-16 16:25:00,F0687,93.04,3.81,29.75,Critical
2026-01-16 16:30:00,F0575,84.5,3.0,72.42,Low
2026-01-16 16:35:00,F0728,88.18,4.47,82.39,Critical
2026-01-16 16:40:00,F0760,96.45,2.7,34.85,Healthy
2026-01-16 16:45:00,F0452,86.52,0.45,84.26,Critical
2026-01-16 16:50:00,F0919,83.74,3.71,58.38,Critical
2026-01-16 16:55:00,F0307,97.22,4.23,84.57,Critical
2026-01-16 17:00:00,F0463,95.74,3.27,54.04,Healthy
2026-01-16 17:05:00,F0542,86.59,4.65,46.21,Low
2026-01-16 17:10:00,F0102,94.35,1.46,91.59,Low
2026-01-16 17:15:00,F0895,89.66,1.19,79.48,Healthy
2026-01-16 17:20:00,F0085,77.27,2.08,52.31,Healthy
2026-01-16 17:25:00,F0515,78.36,3.26,72.61,Low
2026-01-16 17:30:00,F0084,78.03,4.27,75.2,Critical
2026-01-16 17:35:00,F0552,61.66,4.93,24.58,Healthy
2026-01-16 17:40:00,F0909,69.3,4.6,27.51,Healthy
2026-01-16 17:45:00,F0990,97.82,3.16,73.79,Critical
2026-01-16 17:50:00,F0456,92.88,4.26,57.29,Low
2026-01-16 17:55:00,F0883,63.96,1.98,57.71,Low
2026-01-16 18:00:00,F0809,94.13,3.01,92.46,Low
2026-01-16 18:05:00,F0517,37.45,4.18,8.94,Critical
2026-01-16 18:10:00,F0767,86.67,3.82,75.09,Healthy
2026-01-16 18:15:00,F0690,81.39,3.41,76.88,Low
2026-01-16 18:20:00,F0247,13.94,3.77,2.0,Critical
2026-01-16 18:25:00,F0129,86.9,1.39,7.98,Critical
2026-01-16 18:30:00,F0323,99.46,1.68,98.48,Low
2026-01-16 18:35:00,F0061,15.84,3.67,12.13,Critical
2026-01-16 18:40:00,F0877,90.51,4.17,53.11,Critical
2026-01-16 18:45:00,F0901,80.99,0.41,71.72,Healthy
2026-01-16 18:50:00,F0072,44.41,3.63,29.93,Low
2026-01-16 18:55:00,F0211,96.84,4.02,93.27,Low
2026-01-16 19:00:00,F0223,86.42,0.87,75.75,Critical
2026-01-16 19:05:00,F0252,60.98,3.66,34.87,Healthy
2026-01-16 19:10:00,F0008,39.22,4.03,35.32,Critical
2026-01-16 19:15:00,F0770,91.59,1.74,33.39,Low
2026-01-16 19:20:00,F0682,35.58,3.24,9.03,Healthy
2026-01-16 19:25:00,F0385,43.86,1.8,8.59,Healthy
2026-01-16 19:30:00,F0809,73.31,2.93,58.48,Healthy
2026-01-16 19:35:00,F0696,45.44,1.59,10.13,Critical
2026-01-16 19:40:00,F0246,52.9,0.84,4.26,Low
2026-01-16 19:45:00,F0558,92.56,2.39,48.62,Critical
2026-01-16 19:50:00,F0005,64.05,3.88,42.18,Low
2026-01-16 19:55:00,F0387,95.89,1.62,91.41,Low
2026-01-16 20:00:00,F0079,76.42,4.12,25.64,Healthy
2026-01-16 20:05:00,F0982,96.76,3.19,89.33,Low
2026-01-16 20:10:00,F0838,83.02,1.18,63.46,Critical
2026-01-16 20:15:00,F0999,94.05,2.17,91.9,Low
2026-01-16 20:20:00,F0560,98.79,0.38,96.33,Healthy
2026-01-16 20:25:00,F0147,14.26,4.9,13.54,Low
2026-01-16 20:30:00,F0522,96.15,2.23,41.97,Healthy
2026-01-16 20:35:00,F0119,46.26,1.44,26.33,Critical
2026-01-16 20:40:00,F0217,83.27,1.3,75.5,Healthy
2026-01-16 20:45:00,F0508,59.44,2.96,57.53,Low
2026-01-16 20:50:00,F0881,93.89,3.83,26.01,Critical
2026-01-16 20:55:00,F0178,62.8,3.52,62.67,Healthy
2026-01-16 21:00:00,F0629,64.32,3.86,50.57,Critical
2026-01-16 21:05:00,F0984,62.89,1.49,45.43,Low
2026-01-16 21:10:00,F0786,85.01,3.59,11.19,Low
2026-01-16 21:15:00,F0503,60.04,4.49,53.76,Healthy
2026-01-16 21:20:00,F0992,46.51,4.46,45.35,Low
2026-01-16 21:25:00,F0808,99.71,4.81,80.6,Healthy
2026-01-16 21:30:00,F0795,95.66,4.23,75.76,Critical
2026-01-16 21:35:00,F0214,83.72,0.37,76.57,Critical
2026-01-16 21:40:00,F0506,53.61,2.71,50.39,Healthy
2026-01-16 21:45:00,F0985,88.59,2.33,54.84,Critical
2026-01-16 21:50:00,F0780,53.71,1.32,22.24,Low
2026-01-16 21:55:00,F0735,50.14,4.18,44.95,Healthy
2026-01-16 22:00:00,F0975,64.95,3.19,60.5,Low
2026-01-16 22:05:00,F0993,89.78,4.16,19.3,Healthy
2026-01-16 22:10:00,F0271,29.47,0.81,18.63,Healthy
2026-01-16 22:15:00,F0868,97.19,4.63,96.99,Healthy
2026-01-16 22:20:00,F0036,87.41,1.32,86.24,Critical
2026-01-16 22:25:00,F0275,69.9,2.36,65.24,Low
2026-01-16 22:30:00,F0707,71.07,0.47,6.63,Critical
2026-01-16 22:35:00,F0164,92.99,1.51,83.89,Low
2026-01-16 22:40:00,F0659,89.95,3.95,37.12,Healthy
2026-01-16 22:45:00,F0102,63.9,2.52,5.95,Critical
2026-01-16 22:50:00,F0975,94.48,0.89,92.36,Low
2026-01-16 22:55:00,F0155,57.05,3.7,2.82,Critical
2026-01-16 23:00:00,F0417,95.93,1.43,38.98,Healthy
2026-01-16 23:05:00,F0863,99.33,1.99,18.33,Low
2026-01-16 23:10:00,F0853,79.64,1.09,79.35,Critical
2026-01-16 23:15:00,F0111,79.42,1.23,64.57,Critical
2026-01-16 23:20:00,F0392,86.14,0.45,82.84,Critical
2026-01-16 23:25:00,F0487,55.39,3.5,43.16,Healthy
2026-01-16 23:30:00,F0174,74.01,2.12,14.93,Healthy
2026-01-16 23:35:00,F0609,93.66,0.93,93.43,Low
2026-01-16 23:40:00,F0425,97.65,1.33,77.94,Critical
2026-01-16 23:45:00,F0982,30.55,2.94,13.55,Critical
2026-01-16 23:50:00,F0620,77.71,0.25,58.34,Low
2026-01-16 23:55:00,F0342,26.61,0.66,3.0,Critical
2026-01-17 00:00:00,F0631,98.15,0.32,96.57,Low
2026-01-17 00:05:00,F0463,12.1,3.81,8.95,Healthy
2026-01-17 00:10:00,F0390,61.41,0.72,16.02,Critical
2026-01-17 00:15:00,F0671,88.94,2.64,4.13,Low
2026-01-17 00:20:00,F0844,50.82,1.09,49.56,Low
2026-01-17 00:25:00,F0762,84.51,4.63,31.62,Low
2026-01-17 00:30:00,F0172,81.53,4.99,79.23,Critical
2026-01-17 00:35:00,F0007,89.88,4.83,80.77,Low
2026-01-17 00:40:00,F0149,29.68,1.38,25.68,Healthy
2026-01-17 00:45:00,F0925,94.87,1.61,75.96,Healthy
2026-01-17 00:50:00,F0016,71.26,0.89,18.37,Healthy
2026-01-17 00:55:00,F0774,72.88,1.23,34.23,Healthy
2026-01-17 01:00:00,F0748,94.55,3.72,14.19,Healthy
2026-01-17 01:05:00,F0817,92.64,1.66,58.33,Low
2026-01-17 01:10:00,F0691,88.59,2.0,88.33,Healthy
2026-01-17 01:15:00,F0231,60.36,3.2,42.07,Healthy
2026-01-17 01:20:00,F0838,71.69,0.58,47.03,Low
2026-01-17 01:25:00,F0138,99.18,0.32,72.02,Low
2026-01-17 01:30:00,F0554,96.67,4.17,94.8,Low
2026-01-17 01:35:00,F0589,20.58,0.38,11.19,Critical
2026-01-17 01:40:00,F0945,58.81,4.78,11.04,Healthy
2026-01-17 01:45:00,F0776,90.12,2.26,17.07,Critical
2026-01-17 01:50:00,F0424,66.84,3.11,28.55,Low
2026-01-17 01:55:00,F0527,93.69,2.25,47.9,Critical
2026-01-17 02:00:00,F0061,64.08,1.23,42.13,Healthy
2026-01-17 02:05:00,F0025,72.82,1.49,50.02,Critical
2026-01-17 02:10:00,F1000,91.41,2.3,74.92,Healthy
2026-01-17 02:15:00,F0299,97.75,0.73,97.67,Critical
2026-01-17 02:20:00,F0045,91.36,0.83,84.64,Healthy
2026-01-17 02:25:00,F0956,85.93,3.74,40.37,Healthy
2026-01-17 02:30:00,F0854,77.26,4.82,39.3,Healthy
2026-01-17 02:35:00,F0276,84.52,4.9,78.54,Critical
2026-01-17 02:40:00,F0517,97.22,2.36,43.7,Healthy
2026-01-17 02:45:00,F0327,58.32,2.96,11.73,Low
2026-01-17 02:50:00,F0173,91.8,0.91,43.17,Healthy
2026-01-17 02:55:00,F0703,99.94,1.16,99.79,Critical
2026-01-17 03:00:00,F0002,91.71,0.27,14.84,Healthy
2026-01-17 03:05:00,F0562,76.63,0.21,76.14,Critical
2026-01-17 03:10:00,F0413,84.03,4.01,37.69,Low
2026-01-17 03:15:00,F0529,24.3,0.73,23.93,Critical
2026-01-17 03:20:00,F0125,99.97,3.94,57.17,Low
2026-01-17 03:25:00,F0978,13.95,4.03,11.91,Healthy
2026-01-17 03:30:00,F0841,77.09,3.81,38.45,Healthy
2026-01-17 03:35:00,F0760,94.3,2.57,13.89,Critical
2026-01-17 03:40:00,F0471,86.19,4.74,67.33,Critical
2026-01-17 03:45:00,F0815,71.89,0.41,71.64,Critical
2026-01-17 03:50:00,F0085,89.56,2.81,33.68,Critical
2026-01-17 03:55:00,F0042,64.86,5.0,42.53,Healthy
2026-01-17 04:00:00,F0604,84.48,3.06,2.31,Critical
2026-01-17 04:05:00,F0912,59.14,1.25,27.73,Healthy
2026-01-17 04:10:00,F0952,84.65,1.37,72.3,Healthy
2026-01-17 04:15:00,F0619,56.75,0.61,52.34,Critical
2026-01-17 04:20:00,F0145,76.26,3.53,64.58,Critical
2026-01-17 04:25:00,F0194,99.9,1.68,96.29,Critical
2026-01-17 04:30:00,F0372,26.87,4.27,25.98,Healthy
2026-01-17 04:35:00,F0031,60.3,1.35,32.39,Low
2026-01-17 04:40:00,F0257,73.36,4.73,32.17,Low
2026-01-17 04:45:00,F0443,94.28,3.58,58.2,Low
2026-01-17 04:50:00,F0142,19.82,0.46,14.83,Low
2026-01-17 04:55:00,F0724,97.74,3.66,88.12,Critical
2026-01-17 05:00:00,F0142,92.39,3.51,91.02,Critical
2026-01-17 05:05:00,F0296,93.97,2.34,22.25,Healthy
2026-01-17 05:10:00,F0544,26.9,4.48,14.93,Low
2026-01-17 05:15:00,F0333,63.16,0.54,50.08,Healthy
2026-01-17 05:20:00,F0995,65.85,3.99,46.76,Healthy
2026-01-17 05:25:00,F0353,95.91,0.97,41.16,Low
2026-01-17 05:30:00,F0097,17.41,1.61,1.74,Critical
2026-01-17 05:35:00,F0563,96.69,2.85,95.04,Healthy
2026-01-17 05:40:00,F0806,88.35,4.7,68.66,Critical
2026-01-17 05:45:00,F0682,97.51,1.86,97.46,Low
2026-01-17 05:50:00,F0178,52.59,0.35,11.44,Healthy
2026-01-17 05:55:00,F0088,7.76,2.25,5.54,Healthy
2026-01-17 06:00:00,F0031,76.25,2.71,56.16,Healthy
2026-01-17 06:05:00,F0926,77.2,3.78,72.34,Healthy
2026-01-17 06:10:00,F0071,83.89,4.95,56.78,Low
2026-01-17 06:15:00,F0970,91.3,0.34,8.96,Critical
2026-01-17 06:20:00,F0446,92.47,0.26,71.53,Low
2026-01-17 06:25:00,F0936,91.56,4.11,22.44,Low
2026-01-17 06:30:00,F0313,97.98,3.68,31.21,Critical
2026-01-17 06:35:00,F0225,53.94,0.89,17.77,Critical
2026-01-17 06:40:00,F0637,31.74,4.16,29.98,Healthy
2026-01-17 06:45:00,F0762,66.59,0.23,33.29,Critical
2026-01-17 06:50:00,F0866,98.83,4.83,98.3,Healthy
2026-01-17 06:55:00,F0086,97.12,1.88,25.95,Low
2026-01-17 07:00:00,F0326,99.93,2.77,99.92,Healthy
2026-01-17 07:05:00,F0976,86.44,0.81,74.95,Healthy
2026-01-17 07:10:00,F0868,70.28,4.94,39.42,Low
2026-01-17 07:15:00,F0716,80.77,2.06,70.36,Low
2026-01-17 07:20:00,F0079,96.58,4.31,95.27,Critical
2026-01-17 07:25:00,F0559,92.86,4.44,87.93,Low
2026-01-17 07:30:00,F0301,89.73,4.25,51.06,Low
2026-01-17 07:35:00,F0062,55.22,0.59,46.71,Critical
2026-01-17 07:40:00,F0956,53.47,0.27,20.77,Healthy
2026-01-17 07:45:00,F0309,91.59,1.66,80.63,Healthy
2026-01-17 07:50:00,F0215,36.33,1.7,12.56,Low
2026-01-17 07:55:00,F0772,88.52,3.69,5.36,Low
2026-01-17 08:00:00,F0345,61.59,4.75,54.77,Critical
2026-01-17 08:05:00,F0365,85.15,1.41,43.28,Healthy
2026-01-17 08:10:00,F0994,46.76,2.96,35.69,Low
2026-01-17 08:15:00,F0839,75.62,1.53,65.99,Healthy
2026-01-17 08:20:00,F0505,93.23,0.69,76.64,Healthy
2026-01-17 08:25:00,F0256,61.32,0.59,54.67,Healthy
2026-01-17 08:30:00,F0346,90.1,2.26,85.72,Critical
2026-01-17 08:35:00,F0515,94.81,1.58,58.68,Healthy
2026-01-17 08:40:00,F0821,80.05,2.74,72.4,Low
2026-01-17 08:45:00,F0887,72.45,4.97,53.68,Healthy
2026-01-17 08:50:00,F0045,41.31,0.67,34.73,Healthy
2026-01-17 08:55:00,F0201,42.84,4.11,9.11,Critical
2026-01-17 09:00:00,F0254,93.15,0.59,74.98,Healthy
2026-01-17 09:05:00,F0762,39.26,2.13,11.85,Critical
2026-01-17 09:10:00,F0146,56.2,4.15,42.39,Healthy
2026-01-17 09:15:00,F0055,85.83,3.28,71.35,Healthy
2026-01-17 09:20:00,F0108,75.99,0.5,20.26,Critical
2026-01-17 09:25:00,F0935,79.13,4.17,44.67,Healthy
2026-01-17 09:30:00,F0014,11.0,4.08,8.02,Healthy
2026-01-17 09:35:00,F0247,86.89,4.7,29.78,Healthy
2026-01-17 09:40:00,F0843,77.49,2.58,75.02,Low
2026-01-17 09:45:00,F0768,77.28,2.86,76.19,Healthy
2026-01-17 09:50:00,F0160,98.66,3.84,88.46,Low
2026-01-17 09:55:00,F0053,92.13,3.16,68.37,Critical
2026-01-17 10:00:00,F0866,82.66,0.67,50.73,Critical
2026-01-17 10:05:00,F0944,92.93,2.71,46.67,Healthy
2026-01-17 10:10:00,F0349,98.45,0.57,62.87,Healthy
2026-01-17 10:15:00,F0484,41.68,1.0,33.77,Healthy
2026-01-17 10:20:00,F0536,92.8,3.44,55.81,Critical
2026-01-17 10:25:00,F0779,46.98,0.86,0.35,Healthy
2026-01-17 10:30:00,F0109,98.45,2.45,71.51,Low
2026-01-17 10:35:00,F0631,13.55,3.51,2.75,Low
2026-01-17 10:40:00,F0694,99.74,0.94,97.59,Critical
2026-01-17 10:45:00,F0258,99.85,3.02,87.91,Low
2026-01-17 10:50:00,F0347,59.13,0.78,49.04,Healthy
2026-01-17 10:55:00,F0109,57.74,4.42,4.03,Healthy
2026-01-17 11:00:00,F0741,19.43,1.58,18.21,Critical
2026-01-17 11:05:00,F0994,75.9,3.97,54.9,Critical
2026-01-17 11:10:00,F0889,28.03,1.01,3.15,Low
2026-01-17 11:15:00,F0405,36.61,3.89,19.42,Healthy
2026-01-17 11:20:00,F0039,48.96,4.16,16.23,Low
2026-01-17 11:25:00,F0868,82.17,3.86,60.25,Low
2026-01-17 11:30:00,F0821,27.44,3.4,25.96,Low
2026-01-17 11:35:00,F0707,82.11,1.91,68.22,Healthy
2026-01-17 11:40:00,F0374,93.54,4.28,24.59,Critical
2026-01-17 11:45:00,F0330,78.43,4.41,74.86,Healthy
2026-01-17 11:50:00,F0844,97.22,4.23,73.58,Healthy
2026-01-17 11:55:00,F0223,95.58,0.22,38.84,Healthy
2026-01-17 12:00:00,F0665,97.14,4.9,36.4,Critical
2026-01-17 12:05:00,F0869,80.33,4.49,76.68,Healthy
2026-01-17 12:10:00,F0887,88.71,3.54,70.28,Healthy
2026-01-17 12:15:00,F0516,93.89,1.59,57.79,Healthy
2026-01-17 12:20:00,F0757,93.21,0.25,22.04,Low
2026-01-17 12:25:00,F0324,92.57,4.09,60.07,Healthy
2026-01-17 12:30:00,F0387,91.57,0.68,4.69,Low
2026-01-17 12:35:00,F0398,91.99,3.87,71.97,Critical
2026-01-17 12:40:00,F0684,46.46,3.62,29.08,Critical
2026-01-17 12:45:00,F0096,93.81,1.32,86.25,Healthy
2026-01-17 12:50:00,F0283,91.94,4.14,32.59,Low
2026-01-17 12:55:00,F0518,51.07,3.89,42.06,Critical
2026-01-17 13:00:00,F0484,81.32,4.31,78.72,Healthy
2026-01-17 13:05:00,F0885,89.46,1.74,55.18,Healthy
2026-01-17 13:10:00,F0930,91.87,3.9,13.68,Low
2026-01-17 13:15:00,F0382,48.65,0.67,32.95,Critical
2026-01-17 13:20:00,F0159,67.97,0.67,49.78,Low
2026-01-17 13:25:00,F0832,96.53,3.27,85.41,Critical
2026-01-17 13:30:00,F0158,66.82,1.29,46.19,Low
2026-01-17 13:35:00,F0379,94.42,2.29,78.68,Low
2026-01-17 13:40:00,F0367,50.45,2.42,42.29,Healthy
2026-01-17 13:45:00,F0847,55.52,0.33,44.15,Critical
2026-01-17 13:50:00,F0773,89.57,1.94,46.38,Critical
2026-01-17 13:55:00,F0493,87.15,4.98,48.07,Critical
2026-01-17 14:00:00,F0315,85.77,1.24,72.27,Healthy
2026-01-17 14:05:00,F0304,94.77,3.93,53.01,Healthy
2026-01-17 14:10:00,F0471,89.22,2.62,84.05,Critical
2026-01-17 14:15:00,F0341,64.18,0.44,18.11,Low
2026-01-17 14:20:00,F0152,89.17,2.09,77.06,Low
2026-01-17 14:25:00,F0047,43.03,2.68,18.59,Low
2026-01-17 14:30:00,F0669,42.26,1.4,41.66,Low
2026-01-17 14:35:00,F0881,98.28,0.89,68.32,Critical
2026-01-17 14:40:00,F0991,78.31,1.82,20.65,Low
2026-01-17 14:45:00,F0129,66.36,3.52,47.59,Healthy
2026-01-17 14:50:00,F0487,94.7,2.27,89.31,Critical
2026-01-17 14:55:00,F0817,71.0,4.5,5.21,Low
2026-01-17 15:00:00,F0606,99.69,4.69,51.7,Critical
2026-01-17 15:05:00,F0380,49.02,0.48,23.38,Healthy
2026-01-17 15:10:00,F0538,27.85,1.86,25.97,Critical
2026-01-17 15:15:00,F0761,90.37,2.48,77.2,Healthy
2026-01-17 15:20:00,F0440,99.37,1.77,95.7,Low
2026-01-17 15:25:00,F0756,92.89,1.71,77.65,Low
2026-01-17 15:30:00,F0610,69.03,0.48,41.15,Low
2026-01-17 15:35:00,F0447,62.72,1.83,49.98,Healthy
2026-01-17 15:40:00,F0801,68.64,4.34,58.67,Critical
2026-01-17 15:45:00,F0881,61.27,4.26,25.97,Low
2026-01-17 15:50:00,F0185,93.21,0.83,74.96,Healthy
2026-01-17 15:55:00,F0494,89.52,1.04,70.62,Healthy
2026-01-17 16:00:00,F0380,52.17,0.56,10.64,Critical
2026-01-17 16:05:00,F0504,90.06,2.24,88.7,Healthy
2026-01-17 16:10:00,F0632,59.29,0.47,42.29,Critical
2026-01-17 16:15:00,F0414,89.77,1.59,37.19,Critical
2026-01-17 16:20:00,F0107,63.2,0.36,55.35,Low
2026-01-17 16:25:00,F0826,98.15,0.24,95.54,Healthy
2026-01-17 16:30:00,F0985,79.43,4.51,18.72,Critical
2026-01-17 16:35:00,F0912,99.94,0.27,79.47,Low
2026-01-17 16:40:00,F0080,58.85,2.11,18.44,Healthy
2026-01-17 16:45:00,F0476,46.36,0.32,42.23,Healthy
2026-01-17 16:50:00,F0947,92.79,4.07,92.16,Healthy
2026-01-17 16:55:00,F0702,93.8,3.94,44.56,Healthy
2026-01-17 17:00:00,F0190,95.3,1.6,94.14,Low
2026-01-17 17:05:00,F0386,98.63,1.08,83.51,Critical
2026-01-17 17:10:00,F0164,85.13,0.74,22.39,Critical
2026-01-17 17:15:00,F0938,98.48,2.33,27.86,Critical
2026-01-17 17:20:00,F0760,56.51,1.27,0.53,Low
2026-01-17 17:25:00,F0903,77.1,1.76,75.62,Low
2026-01-17 17:30:00,F0333,99.49,3.14,61.58,Healthy
2026-01-17 17:35:00,F0131,88.1,1.25,69.89,Low
2026-01-17 17:40:00,F0554,84.83,4.96,70.07,Healthy
2026-01-17 17:45:00,F0228,85.07,2.95,16.01,Low
2026-01-17 17:50:00,F0837,92.08,1.63,65.22,Low
2026-01-17 17:55:00,F0464,73.53,4.19,5.95,Low
2026-01-17 18:00:00,F0171,80.65,4.16,64.59,Critical
2026-01-17 18:05:00,F0501,71.75,1.91,64.45,Low
2026-01-17 18:10:00,F0464,76.41,3.21,62.34,Critical
2026-01-17 18:15:00,F0836,43.52,4.32,0.06,Healthy
2026-01-17 18:20:00,F0423,62.99,2.58,41.87,Healthy
2026-01-17 18:25:00,F0945,72.19,2.82,16.96,Healthy
2026-01-17 18:30:00,F0048,63.97,4.24,56.5,Healthy
2026-01-17 18:35:00,F0846,48.84,0.57,18.62,Low
2026-01-17 18:40:00,F0266,88.59,1.34,88.21,Critical
2026-01-17 18:45:00,F0921,66.87,0.37,57.24,Healthy
2026-01-17 18:50:00,F0007,48.29,1.12,34.85,Healthy
2026-01-17 18:55:00,F0384,36.1,0.52,24.47,Critical
2026-01-17 19:00:00,F0117,99.48,1.85,80.54,Critical
2026-01-17 19:05:00,F0337,92.36,1.29,88.47,Critical
2026-01-17 19:10:00,F0595,95.41,0.36,68.3,Critical
2026-01-17 19:15:00,F0803,86.64,4.08,81.32,Healthy
2026-01-17 19:20:00,F0897,71.62,3.82,62.38,Healthy
2026-01-17 19:25:00,F0607,94.3,1.38,29.45,Low
2026-01-17 19:30:00,F0578,15.54,4.1,13.23,Critical
2026-01-17 19:35:00,F0130,80.02,5.0,74.04,Low
2026-01-17 19:40:00,F0059,97.03,0.63,75.27,Low
2026-01-17 19:45:00,F0930,86.65,3.81,78.01,Critical
2026-01-17 19:50:00,F0147,62.36,0.84,60.11,Healthy
2026-01-17 19:55:00,F0471,96.95,2.13,96.7,Low
2026-01-17 20:00:00,F0016,61.5,1.53,58.8,Low
2026-01-17 20:05:00,F0096,40.16,3.92,18.23,Critical
2026-01-17 20:10:00,F0816,69.89,2.35,20.31,Healthy
2026-01-17 20:15:00,F0720,77.08,1.07,58.6,Healthy
2026-01-17 20:20:00,F0132,75.03,1.99,9.99,Low
2026-01-17 20:25:00,F0684,90.12,1.52,85.5,Critical
2026-01-17 20:30:00,F0919,77.15,2.11,62.96,Healthy
2026-01-17 20:35:00,F0460,82.84,4.47,70.12,Healthy
2026-01-17 20:40:00,F0760,18.06,2.94,2.64,Critical
2026-01-17 20:45:00,F0063,91.58,1.71,90.24,Healthy
2026-01-17 20:50:00,F0236,46.12,0.71,16.62,Low
2026-01-17 20:55:00,F0738,52.94,1.73,35.46,Healthy
2026-01-17 21:00:00,F0683,36.98,3.27,10.04,Healthy
2026-01-17 21:05:00,F0473,96.01,2.32,51.74,Critical
2026-01-17 21:10:00,F0384,97.75,2.44,13.97,Critical
2026-01-17 21:15:00,F0096,78.09,4.33,74.12,Critical
2026-01-17 21:20:00,F0818,66.1,3.6,54.53,Critical
2026-01-17 21:25:00,F0605,85.83,4.67,32.13,Healthy
2026-01-17 21:30:00,F0556,81.59,4.85,73.6,Low
2026-01-17 21:35:00,F0850,81.43,2.27,49.26,Critical
2026-01-17 21:40:00,F0175,38.63,1.2,19.83,Critical
2026-01-17 21:45:00,F0367,73.5,2.88,58.96,Critical
2026-01-17 21:50:00,F0556,96.95,1.0,94.28,Critical
2026-01-17 21:55:00,F0533,33.05,2.28,28.98,Low
2026-01-17 22:00:00,F0540,76.71,3.97,63.65,Critical
2026-01-17 22:05:00,F0794,33.09,3.75,19.21,Low
2026-01-17 22:10:00,F0415,84.31,3.61,69.95,Healthy
2026-01-17 22:15:00,F0129,40.87,2.64,1.8,Critical
2026-01-17 22:20:00,F0222,71.13,1.01,58.45,Critical
2026-01-17 22:25:00,F0600,88.49,3.74,87.49,Low
2026-01-17 22:30:00,F0359,32.14,0.96,16.88,Healthy
2026-01-17 22:35:00,F0815,84.14,2.76,75.5,Critical
2026-01-17 22:40:00,F0308,98.39,2.15,93.38,Low
2026-01-17 22:45:00,F0258,65.97,2.17,17.21,Healthy
2026-01-17 22:50:00,F0812,98.08,0.64,64.61,Healthy
2026-01-17 22:55:00,F0588,46.25,1.51,24.57,Healthy
2026-01-17 23:00:00,F0671,83.98,3.98,59.4,Low
2026-01-17 23:05:00,F0138,66.29,4.19,39.44,Low
2026-01-17 23:10:00,F0351,89.84,1.46,39.85,Healthy
2026-01-17 23:15:00,F0069,97.01,1.93,96.29,Low
2026-01-17 23:20:00,F0238,83.91,3.31,83.6,Critical
2026-01-17 23:25:00,F0225,15.3,3.74,7.49,Healthy
2026-01-17 23:30:00,F0138,76.04,1.16,37.07,Healthy
2026-01-17 23:35:00,F0607,35.89,2.43,29.79,Healthy
2026-01-17 23:40:00,F0989,41.12,0.23,38.23,Healthy
2026-01-17 23:45:00,F0039,96.49,0.89,93.18,Low
2026-01-17 23:50:00,F0767,95.41,2.12,40.0,Low
2026-01-17 23:55:00,F0892,99.59,0.46,83.1,Healthy
2026-01-18 00:00:00,F0962,71.11,1.25,39.09,Low
2026-01-18 00:05:00,F0178,23.62,2.95,1.03,Healthy
2026-01-18 00:10:00,F0675,87.33,0.63,27.14,Healthy
2026-01-18 00:15:00,F0889,88.67,3.43,85.74,Healthy
2026-01-18 00:20:00,F0812,92.38,0.75,78.65,Critical
2026-01-18 00:25:00,F0307,97.41,3.62,25.9,Healthy
2026-01-18 00:30:00,F0283,96.26,3.63,93.87,Low
2026-01-18 00:35:00,F0476,52.26,3.79,11.63,Low
2026-01-18 00:40:00,F0974,78.21,2.06,65.85,Low
2026-01-18 00:45:00,F0710,93.89,3.81,89.43,Healthy
2026-01-18 00:50:00,F0999,82.78,3.1,79.0,Healthy
2026-01-18 00:55:00,F0485,96.54,4.42,81.88,Low
2026-01-18 01:00:00,F0021,93.63,0.68,85.83,Healthy
2026-01-18 01:05:00,F0194,93.69,2.57,83.59,Healthy
2026-01-18 01:10:00,F0294,91.75,1.08,29.98,Critical
2026-01-18 01:15:00,F0080,82.16,1.68,21.92,Low
2026-01-18 01:20:00,F0344,52.45,1.49,16.82,Healthy
2026-01-18 01:25:00,F0584,62.85,2.07,50.1,Healthy
2026-01-18 01:30:00,F0379,81.03,4.4,16.55,Critical
2026-01-18 01:35:00,F0573,33.14,4.24,22.54,Critical
2026-01-18 01:40:00,F0529,20.73,3.5,4.15,Low
2026-01-18 01:45:00,F0981,90.76,1.48,73.39,Healthy
2026-01-18 01:50:00,F0641,94.92,1.29,59.56,Low
2026-01-18 01:55:00,F0401,57.21,4.73,48.17,Critical
2026-01-18 02:00:00,F0017,70.42,1.74,27.85,Healthy
2026-01-18 02:05:00,F0269,80.49,1.26,58.16,Critical
2026-01-18 02:10:00,F0651,91.21,1.66,42.73,Low
2026-01-18 02:15:00,F0980,85.68,1.61,73.7,Critical
2026-01-18 02:20:00,F0746,29.97,1.22,26.19,Low
2026-01-18 02:25:00,F0987,85.62,3.81,8.24,Low
2026-01-18 02:30:00,F0479,92.88,1.43,87.85,Healthy
2026-01-18 02:35:00,F0567,75.44,2.06,67.94,Healthy
2026-01-18 02:40:00,F0532,80.65,1.63,36.77,Low
2026-01-18 02:45:00,F0961,92.13,3.78,81.65,Healthy
2026-01-18 02:50:00,F0591,74.12,2.48,14.92,Healthy
2026-01-18 02:55:00,F0715,34.19,2.68,1.11,Low
2026-01-18 03:00:00,F0298,78.46,4.22,64.98,Healthy
2026-01-18 03:05:00,F0346,63.61,3.81,36.33,Healthy
2026-01-18 03:10:00,F0436,43.41,1.39,22.79,Critical
2026-01-18 03:15:00,F0661,70.37,1.21,50.92,Low
2026-01-18 03:20:00,F0718,80.11,0.31,66.59,Healthy
2026-01-18 03:25:00,F0431,88.02,0.85,54.8,Low
2026-01-18 03:30:00,F0288,95.23,2.48,88.79,Healthy
2026-01-18 03:35:00,F0663,78.87,3.9,61.43,Critical
2026-01-18 03:40:00,F0693,86.34,1.25,43.09,Critical
2026-01-18 03:45:00,F0211,89.85,0.42,80.83,Critical
2026-01-18 03:50:00,F0714,89.07,1.66,41.47,Critical
2026-01-18 03:55:00,F0494,84.79,4.37,69.36,Low
2026-01-18 04:00:00,F0653,80.37,4.25,2.41,Low
2026-01-18 04:05:00,F0585,94.49,4.25,84.82,Healthy
2026-01-18 04:10:00,F0269,53.11,0.77,13.9,Critical
2026-01-18 04:15:00,F0080,95.69,2.23,85.64,Critical
2026-01-18 04:20:00,F0417,92.44,3.48,86.43,Low
2026-01-18 04:25:00,F0412,81.14,4.23,20.59,Healthy
2026-01-18 04:30:00,F0016,95.62,4.82,57.79,Low
2026-01-18 04:35:00,F0786,66.16,4.09,19.17,Critical
2026-01-18 04:40:00,F0836,99.92,0.58,83.93,Critical
2026-01-18 04:45:00,F0429,96.95,2.55,93.05,Critical
2026-01-18 04:50:00,F0824,46.11,4.44,32.29,Healthy
2026-01-18 04:55:00,F0007,95.41,2.4,46.37,Critical
2026-01-18 05:00:00,F0176,77.54,4.19,42.29,Low
2026-01-18 05:05:00,F0713,67.24,0.96,58.73,Critical
2026-01-18 05:10:00,F0906,64.45,4.78,53.56,Healthy
2026-01-18 05:15:00,F0704,78.1,1.34,67.46,Critical
2026-01-18 05:20:00,F0794,71.4,0.29,60.15,Critical
2026-01-18 05:25:00,F0390,62.09,2.21,61.05,Critical
2026-01-18 05:30:00,F0450,85.19,3.16,17.96,Healthy
2026-01-18 05:35:00,F0167,60.8,1.44,0.2,Low
2026-01-18 05:40:00,F0285,80.22,4.58,23.2,Critical
2026-01-18 05:45:00,F0802,93.53,4.1,78.63,Critical
2026-01-18 05:50:00,F0552,82.82,3.75,67.83,Healthy
2026-01-18 05:55:00,F0396,95.75,2.61,41.43,Critical
2026-01-18 06:00:00,F0695,79.02,3.28,37.69,Healthy
2026-01-18 06:05:00,F0774,72.43,3.3,34.37,Healthy
2026-01-18 06:10:00,F0791,32.96,3.32,10.3,Critical
2026-01-18 06:15:00,F0670,99.22,3.36,92.1,Critical
2026-01-18 06:20:00,F0794,94.51,0.21,9.32,Healthy
2026-01-18 06:25:00,F0160,64.49,0.46,11.44,Low
2026-01-18 06:30:00,F0209,95.56,0.4,63.08,Healthy
2026-01-18 06:35:00,F0920,76.52,2.79,51.32,Healthy
2026-01-18 06:40:00,F0616,74.28,2.13,45.43,Low
2026-01-18 06:45:00,F0853,89.67,3.33,55.03,Low
2026-01-18 06:50:00,F0677,99.16,1.77,84.24,Healthy
2026-01-18 06:55:00,F0990,81.55,2.68,45.76,Low
2026-01-18 07:00:00,F0647,98.28,1.08,95.14,Low
2026-01-18 07:05:00,F0960,9.08,2.21,8.88,Critical
2026-01-18 07:10:00,F0395,96.37,3.65,68.54,Healthy
2026-01-18 07:15:00,F0016,49.62,2.47,17.15,Critical
2026-01-18 07:20:00,F0640,4.93,0.84,3.31,Healthy
2026-01-18 07:25:00,F0945,89.37,3.25,45.63,Low
2026-01-18 07:30:00,F0276,40.77,4.53,19.46,Healthy
2026-01-18 07:35:00,F0189,75.08,3.06,32.61,Critical
2026-01-18 07:40:00,F0897,76.13,4.99,25.31,Low
2026-01-18 07:45:00,F0765,90.11,0.59,90.0,Low
2026-01-18 07:50:00,F0167,83.75,4.67,81.05,Critical
2026-01-18 07:55:00,F0600,95.04,1.23,87.69,Healthy
2026-01-18 08:00:00,F0373,95.24,0.95,93.88,Healthy
2026-01-18 08:05:00,F0463,27.29,2.85,0.9,Low
2026-01-18 08:10:00,F0625,83.33,4.65,82.29,Low
2026-01-18 08:15:00,F0773,69.53,2.35,64.9,Low
2026-01-18 08:20:00,F0913,88.21,1.73,24.23,Critical
2026-01-18 08:25:00,F0783,46.21,1.89,30.83,Low
2026-01-18 08:30:00,F0835,77.67,3.82,25.58,Low
2026-01-18 08:35:00,F0017,84.83,3.94,78.98,Healthy
2026-01-18 08:40:00,F0899,90.81,4.17,87.37,Critical
2026-01-18 08:45:00,F0584,94.3,0.77,54.68,Low
2026-01-18 08:50:00,F0962,99.88,1.39,99.81,Critical
2026-01-18 08:55:00,F0131,51.86,0.93,40.01,Healthy
2026-01-18 09:00:00,F0619,88.95,2.03,42.79,Critical
2026-01-18 09:05:00,F0133,98.76,2.16,97.02,Low
2026-01-18 09:10:00,F0934,78.43,2.92,58.15,Critical
2026-01-18 09:15:00,F0263,90.99,0.85,90.51,Healthy
2026-01-18 09:20:00,F0421,67.03,2.06,60.48,Critical
2026-01-18 09:25:00,F0075,77.84,0.25,61.99,Low
2026-01-18 09:30:00,F0194,96.96,2.93,94.86,Low
2026-01-18 09:35:00,F0971,94.31,4.93,37.7,Critical
2026-01-18 09:40:00,F0618,97.08,0.94,65.73,Critical
2026-01-18 09:45:00,F0753,88.77,1.23,54.82,Low
2026-01-18 09:50:00,F0728,93.46,2.12,86.52,Low
2026-01-18 09:55:00,F0445,95.41,1.1,45.09,Healthy
2026-01-18 10:00:00,F0051,66.82,1.39,30.11,Critical
2026-01-18 10:05:00,F0833,99.45,4.08,94.75,Healthy
2026-01-18 10:10:00,F0195,57.3,1.16,9.56,Critical
2026-01-18 10:15:00,F0031,45.3,4.96,8.46,Healthy
2026-01-18 10:20:00,F0675,90.19,1.59,89.68,Critical
2026-01-18 10:25:00,F0742,91.47,2.11,46.64,Critical
2026-01-18 10:30:00,F0668,96.1,4.79,94.39,Critical
2026-01-18 10:35:00,F0959,44.66,0.36,22.68,Critical
2026-01-18 10:40:00,F0529,8.62,1.64,7.07,Critical
2026-01-18 10:45:00,F0557,81.62,0.93,49.57,Low
2026-01-18 10:50:00,F0660,60.1,3.04,13.24,Low
2026-01-18 10:55:00,F0805,85.95,2.04,83.28,Critical
2026-01-18 11:00:00,F0338,99.45,0.85,93.98,Critical
2026-01-18 11:05:00,F0188,97.13,3.32,96.96,Healthy
2026-01-18 11:10:00,F0497,71.5,1.31,33.68,Low
2026-01-18 11:15:00,F0966,48.66,4.72,42.81,Low
2026-01-18 11:20:00,F0961,61.39,3.18,55.87,Critical
2026-01-18 11:25:00,F0997,97.28,4.17,94.02,Healthy
2026-01-18 11:30:00,F0135,79.02,4.32,64.9,Healthy
2026-01-18 11:35:00,F0958,31.02,3.36,8.52,Healthy
2026-01-18 11:40:00,F0539,50.4,2.16,44.86,Low
2026-01-18 11:45:00,F0783,63.74,4.9,57.19,Critical
2026-01-18 11:50:00,F0870,98.06,3.28,91.54,Healthy
2026-01-18 11:55:00,F0264,52.18,4.02,30.96,Healthy
2026-01-18 12:00:00,F0673,98.97,1.73,71.08,Healthy
2026-01-18 12:05:00,F0100,92.25,3.17,48.22,Healthy
2026-01-18 12:10:00,F0174,23.81,2.55,5.18,Healthy
2026-01-18 12:15:00,F0430,52.76,4.86,49.63,Healthy
2026-01-18 12:20:00,F0047,80.11,3.86,75.76,Healthy
2026-01-18 12:25:00,F0598,92.2,4.2,69.5,Critical
2026-01-18 12:30:00,F0199,86.54,3.04,72.22,Healthy
2026-01-18 12:35:00,F0830,85.5,1.11,45.96,Low
2026-01-18 12:40:00,F0294,97.73,1.69,85.18,Critical
2026-01-18 12:45:00,F0027,80.19,3.94,60.89,Low
2026-01-18 12:50:00,F0794,96.65,2.77,74.98,Healthy
2026-01-18 12:55:00,F0006,97.86,0.52,31.52,Critical
2026-01-18 13:00:00,F0776,84.93,2.18,83.69,Critical
2026-01-18 13:05:00,F0941,10.3,2.46,7.13,Critical
2026-01-18 13:10:00,F0495,71.55,3.95,55.74,Critical
2026-01-18 13:15:00,F0608,89.64,3.36,23.89,Low
2026-01-18 13:20:00,F0262,25.6,1.89,7.85,Healthy
2026-01-18 13:25:00,F0522,91.89,0.55,60.5,Healthy
2026-01-18 13:30:00,F0755,39.61,2.81,34.43,Healthy
2026-01-18 13:35:00,F0736,49.79,4.21,32.1,Critical
2026-01-18 13:40:00,F0120,75.83,1.96,39.24,Low
2026-01-18 13:45:00,F0052,49.75,2.56,4.69,Low
2026-01-18 13:50:00,F0013,83.08,1.38,1.13,Critical
2026-01-18 13:55:00,F0283,39.22,4.49,31.15,Healthy
2026-01-18 14:00:00,F0729,99.96,1.39,99.45,Critical
2026-01-18 14:05:00,F0698,60.85,0.59,14.96,Healthy
2026-01-18 14:10:00,F0963,65.46,2.09,58.86,Critical
2026-01-18 14:15:00,F0841,83.13,1.35,73.14,Critical
2026-01-18 14:20:00,F0996,67.88,3.49,55.47,Critical
2026-01-18 14:25:00,F0013,88.06,3.37,74.37,Healthy
2026-01-18 14:30:00,F0093,81.62,0.96,39.17,Low
2026-01-18 14:35:00,F0888,71.32,2.3,28.25,Healthy
2026-01-18 14:40:00,F0205,83.83,1.84,72.24,Healthy
2026-01-18 14:45:00,F0270,96.41,3.1,93.25,Healthy
2026-01-18 14:50:00,F0788,52.96,2.63,50.31,Low
2026-01-18 14:55:00,F0572,98.2,2.63,48.74,Low
2026-01-18 15:00:00,F0696,99.37,0.4,99.24,Critical
2026-01-18 15:05:00,F0860,19.93,3.56,11.75,Critical
2026-01-18 15:10:00,F0887,99.63,3.22,82.23,Healthy
2026-01-18 15:15:00,F0149,86.75,1.16,7.89,Low
2026-01-18 15:20:00,F0567,71.24,0.66,37.86,Low
2026-01-18 15:25:00,F0247,91.23,1.85,56.09,Healthy
2026-01-18 15:30:00,F0034,88.25,0.73,65.81,Low
2026-01-18 15:35:00,F0163,99.81,4.03,99.42,Healthy
2026-01-18 15:40:00,F0695,90.67,1.28,1.81,Healthy
2026-01-18 15:45:00,F0286,66.64,4.77,47.6,Low
2026-01-18 15:50:00,F0885,89.08,3.55,48.02,Critical
2026-01-18 15:55:00,F0656,72.31,3.46,67.89,Healthy
2026-01-18 16:00:00,F0764,34.61,3.8,7.99,Healthy
2026-01-18 16:05:00,F0591,95.2,2.95,82.29,Low
2026-01-18 16:10:00,F0418,88.65,4.0,42.12,Healthy
2026-01-18 16:15:00,F0778,91.44,1.06,87.28,Critical
2026-01-18 16:20:00,F0014,52.07,0.21,37.59,Healthy
2026-01-18 16:25:00,F0017,88.32,0.55,74.9,Healthy
2026-01-18 16:30:00,F0007,94.19,4.1,37.4,Healthy
2026-01-18 16:35:00,F0951,91.13,2.68,90.68,Healthy
2026-01-18 16:40:00,F0445,63.35,0.4,39.34,Healthy
2026-01-18 16:45:00,F0657,70.49,0.82,37.1,Healthy
2026-01-18 16:50:00,F0639,94.26,2.26,64.7,Critical
2026-01-18 16:55:00,F0045,67.7,0.25,58.78,Critical
2026-01-18 17:00:00,F0243,82.85,0.99,11.83,Critical
2026-01-18 17:05:00,F0269,5.14,1.95,2.88,Low
2026-01-18 17:10:00,F0776,95.18,1.16,15.81,Low
2026-01-18 17:15:00,F0879,72.67,3.54,56.84,Healthy
2026-01-18 17:20:00,F0043,98.69,4.16,57.45,Healthy
2026-01-18 17:25:00,F0884,63.95,2.76,62.33,Low
2026-01-18 17:30:00,F0303,66.98,4.11,34.88,Critical
2026-01-18 17:35:00,F0605,98.74,4.09,32.17,Healthy
2026-01-18 17:40:00,F0620,57.62,1.57,4.38,Low
2026-01-18 17:45:00,F0093,76.25,4.64,69.35,Healthy
2026-01-18 17:50:00,F0562,61.09,3.23,55.74,Critical
2026-01-18 17:55:00,F0291,71.26,3.22,38.93,Low
2026-01-18 18:00:00,F0888,85.87,2.11,76.21,Healthy
2026-01-18 18:05:00,F0506,65.73,3.49,59.71,Critical
2026-01-18 18:10:00,F0013,70.07,1.71,49.5,Healthy
2026-01-18 18:15:00,F0861,99.42,2.16,96.95,Healthy
2026-01-18 18:20:00,F0304,61.87,2.23,30.96,Low
2026-01-18 18:25:00,F0944,92.12,0.94,86.37,Low
2026-01-18 18:30:00,F0065,80.3,1.14,1.6,Low
2026-01-18 18:35:00,F0204,68.97,0.33,50.4,Critical
2026-01-18 18:40:00,F0651,68.08,2.32,0.44,Healthy
2026-01-18 18:45:00,F0056,60.55,4.08,42.32,Low
2026-01-18 18:50:00,F0184,70.34,2.95,52.66,Low
2026-01-18 18:55:00,F0315,71.44,1.2,30.22,Low
2026-01-18 19:00:00,F0271,72.97,0.47,56.72,Critical
2026-01-18 19:05:00,F0328,91.85,1.23,74.53,Critical
2026-01-18 19:10:00,F0327,97.46,4.61,93.9,Critical
2026-01-18 19:15:00,F0777,85.71,2.95,46.02,Critical
2026-01-18 19:20:00,F0446,96.83,3.26,93.24,Critical
2026-01-18 19:25:00,F0220,96.23,4.27,93.67,Low
2026-01-18 19:30:00,F0200,70.1,4.45,33.01,Low
2026-01-18 19:35:00,F0573,89.32,2.58,71.35,Low
2026-01-18 19:40:00,F0480,62.21,4.78,39.6,Healthy
2026-01-18 19:45:00,F0711,99.86,4.86,77.2,Low
2026-01-18 19:50:00,F0272,86.11,4.05,84.76,Healthy
2026-01-18 19:55:00,F0191,87.0,4.07,85.55,Healthy
2026-01-18 20:00:00,F0223,50.19,1.93,2.55,Healthy
2026-01-18 20:05:00,F0716,95.61,0.89,85.03,Low
2026-01-18 20:10:00,F0882,37.83,3.48,21.27,Low
2026-01-18 20:15:00,F0944,90.66,0.39,28.91,Healthy
2026-01-18 20:20:00,F0958,87.49,3.86,32.22,Low
2026-01-18 20:25:00,F0265,78.33,4.33,37.61,Healthy
2026-01-18 20:30:00,F0727,78.8,4.61,43.93,Healthy
2026-01-18 20:35:00,F0145,48.63,2.77,22.38,Healthy
2026-01-18 20:40:00,F0097,15.54,3.49,13.67,Low
2026-01-18 20:45:00,F0194,82.05,0.2,68.87,Healthy
2026-01-18 20:50:00,F0142,82.77,1.04,76.11,Healthy
2026-01-18 20:55:00,F0606,96.42,2.57,96.15,Critical
2026-01-18 21:00:00,F0495,82.96,3.12,14.94,Low
2026-01-18 21:05:00,F0276,87.9,4.34,81.99,Critical
2026-01-18 21:10:00,F0949,38.0,4.5,34.21,Low
2026-01-18 21:15:00,F0072,73.58,2.93,32.36,Healthy
2026-01-18 21:20:00,F0734,56.43,1.26,55.11,Low
2026-01-18 21:25:00,F0159,83.37,4.93,78.86,Healthy
2026-01-18 21:30:00,F0798,91.52,2.28,77.35,Healthy
2026-01-18 21:35:00,F0224,95.4,2.57,91.36,Healthy
2026-01-18 21:40:00,F0717,98.33,2.19,93.92,Healthy
2026-01-18 21:45:00,F0490,96.84,2.13,95.49,Healthy
2026-01-18 21:50:00,F0371,94.09,2.33,92.55,Healthy
2026-01-18 21:55:00,F0321,49.33,4.03,23.8,Healthy
2026-01-18 22:00:00,F0295,67.48,4.02,62.39,Healthy
2026-01-18 22:05:00,F0726,85.66,0.38,72.79,Low
2026-01-18 22:10:00,F0019,86.29,0.83,72.79,Critical
2026-01-18 22:15:00,F0376,92.31,2.28,64.8,Critical
2026-01-18 22:20:00,F0583,28.17,2.38,16.7,Healthy
2026-01-18 22:25:00,F0863,86.72,2.26,84.19,Healthy
2026-01-18 22:30:00,F0679,85.27,2.14,24.51,Low
2026-01-18 22:35:00,F0905,97.95,4.01,63.43,Low
2026-01-18 22:40:00,F0459,96.12,3.7,94.59,Low
2026-01-18 22:45:00,F0107,71.66,2.53,31.51,Critical
2026-01-18 22:50:00,F0585,97.75,4.91,92.53,Critical
2026-01-18 22:55:00,F0285,76.37,2.96,48.44,Critical
2026-01-18 23:00:00,F0519,98.19,1.44,78.96,Low
2026-01-18 23:05:00,F0834,89.26,3.75,3.44,Low
2026-01-18 23:10:00,F0678,70.64,1.55,1.42,Healthy
2026-01-18 23:15:00,F0304,89.06,2.2,14.29,Healthy
2026-01-18 23:20:00,F0264,97.85,3.78,12.76,Low
2026-01-18 23:25:00,F0600,74.71,0.68,10.14,Critical
2026-01-18 23:30:00,F0677,97.72,2.76,93.46,Healthy
2026-01-18 23:35:00,F0234,95.49,1.58,32.95,Low
2026-01-18 23:40:00,F0462,19.58,3.56,1.63,Low
2026-01-18 23:45:00,F0141,96.78,4.94,74.13,Healthy
2026-01-18 23:50:00,F0312,94.56,4.87,81.66,Low
2026-01-18 23:55:00,F0166,95.04,4.17,30.02,Low
2026-01-19 00:00:00,F0504,70.13,2.41,39.77,Healthy
2026-01-19 00:05:00,F0931,92.76,3.92,84.72,Healthy
2026-01-19 00:10:00,F0495,63.91,2.72,20.5,Healthy
2026-01-19 00:15:00,F0070,89.8,2.82,32.98,Low
2026-01-19 00:20:00,F0749,55.9,2.05,52.22,Healthy
2026-01-19 00:25:00,F0411,89.2,1.43,69.79,Low
2026-01-19 00:30:00,F0996,78.67,4.9,46.75,Low
2026-01-19 00:35:00,F0439,58.89,3.81,39.14,Critical
2026-01-19 00:40:00,F0397,87.49,1.49,44.38,Healthy
2026-01-19 00:45:00,F0877,99.66,2.8,88.36,Critical
2026-01-19 00:50:00,F0824,88.67,2.33,85.81,Healthy
2026-01-19 00:55:00,F0145,59.55,2.81,5.07,Low
2026-01-19 01:00:00,F0429,9.05,2.12,8.37,Low
2026-01-19 01:05:00,F0519,64.57,1.73,35.63,Low
2026-01-19 01:10:00,F0536,98.36,1.79,95.11,Low
2026-01-19 01:15:00,F0506,56.54,3.81,32.25,Low
2026-01-19 01:20:00,F0442,32.92,4.84,9.99,Low
2026-01-19 01:25:00,F0346,52.65,0.45,0.57,Critical
2026-01-19 01:30:00,F0136,90.0,2.19,78.69,Low
2026-01-19 01:35:00,F0362,81.46,1.92,68.33,Low
2026-01-19 01:40:00,F0883,92.7,0.94,32.51,Low
2026-01-19 01:45:00,F0484,69.57,3.9,26.0,Low
2026-01-19 01:50:00,F0207,83.4,4.05,0.49,Critical
2026-01-19 01:55:00,F0525,65.92,2.77,40.65,Healthy
2026-01-19 02:00:00,F0748,97.83,4.14,83.65,Healthy
2026-01-19 02:05:00,F0047,67.61,4.8,45.26,Critical
2026-01-19 02:10:00,F0218,40.63,4.7,29.83,Critical
2026-01-19 02:15:00,F0711,65.91,0.49,64.3,Low
2026-01-19 02:20:00,F0229,92.9,2.79,73.13,Healthy
2026-01-19 02:25:00,F0071,98.78,3.93,98.31,Healthy
2026-01-19 02:30:00,F0444,69.59,2.98,26.91,Critical
2026-01-19 02:35:00,F0889,62.31,3.12,6.62,Critical
2026-01-19 02:40:00,F0157,91.1,0.85,87.76,Critical
2026-01-19 02:45:00,F0277,55.34,1.21,26.87,Critical
2026-01-19 02:50:00,F0210,5.49,1.73,1.32,Low
2026-01-19 02:55:00,F0307,92.39,2.01,75.35,Critical
2026-01-19 03:00:00,F0656,98.22,0.27,97.37,Critical
2026-01-19 03:05:00,F0910,98.49,2.95,95.33,Low
2026-01-19 03:10:00,F0144,81.24,3.21,58.45,Critical
2026-01-19 03:15:00,F0257,99.51,0.21,98.26,Low
2026-01-19 03:20:00,F0821,87.77,4.39,14.71,Healthy
2026-01-19 03:25:00,F0999,98.56,1.9,96.94,Healthy
2026-01-19 03:30:00,F0018,89.42,1.55,33.21,Low
2026-01-19 03:35:00,F0099,22.43,1.7,19.12,Critical
2026-01-19 03:40:00,F0546,86.47,3.39,74.41,Low
2026-01-19 03:45:00,F0117,97.61,3.13,46.03,Critical
2026-01-19 03:50:00,F0274,60.28,2.66,30.88,Critical
2026-01-19 03:55:00,F0535,52.45,0.96,52.27,Critical
2026-01-19 04:00:00,F0533,81.42,3.11,12.91,Low
2026-01-19 04:05:00,F0585,78.03,4.07,69.63,Low
2026-01-19 04:10:00,F0995,34.4,3.3,15.92,Low
2026-01-19 04:15:00,F0386,73.12,3.29,3.11,Critical
2026-01-19 04:20:00,F0859,79.6,1.54,62.27,Low
2026-01-19 04:25:00,F0455,36.23,2.68,29.25,Healthy
2026-01-19 04:30:00,F0605,75.44,2.04,69.98,Healthy
2026-01-19 04:35:00,F0381,89.08,3.28,65.72,Healthy
2026-01-19 04:40:00,F0783,99.81,2.74,98.17,Healthy
2026-01-19 04:45:00,F0151,62.54,2.6,46.87,Low
2026-01-19 04:50:00,F0425,92.28,4.14,82.33,Critical
2026-01-19 04:55:00,F0951,97.0,4.21,54.88,Healthy
2026-01-19 05:00:00,F0670,34.6,2.41,23.56,Low
2026-01-19 05:05:00,F0028,95.23,3.2,11.9,Healthy
2026-01-19 05:10:00,F0587,96.28,1.29,88.39,Healthy
2026-01-19 05:15:00,F0439,77.14,4.1,3.59,Low
2026-01-19 05:20:00,F0643,94.97,4.39,82.39,Critical
2026-01-19 05:25:00,F0830,75.28,3.42,44.8,Low
2026-01-19 05:30:00,F0073,99.54,2.99,98.44,Critical
2026-01-19 05:35:00,F0208,85.67,2.22,79.11,Critical
2026-01-19 05:40:00,F0558,94.23,4.95,52.48,Critical
2026-01-19 05:45:00,F0216,79.43,0.39,62.43,Low
2026-01-19 05:50:00,F0506,54.57,1.89,51.42,Critical
2026-01-19 05:55:00,F0624,40.62,2.99,5.81,Critical
2026-01-19 06:00:00,F0216,93.54,1.0,62.72,Critical
2026-01-19 06:05:00,F0538,56.63,2.66,26.36,Healthy
2026-01-19 06:10:00,F0409,95.63,4.81,86.12,Healthy
2026-01-19 06:15:00,F0185,72.94,3.05,15.09,Healthy
2026-01-19 06:20:00,F0648,97.44,3.97,93.57,Low
2026-01-19 06:25:00,F0103,94.95,2.83,73.82,Healthy
2026-01-19 06:30:00,F0660,96.71,3.31,92.84,Low
2026-01-19 06:35:00,F0786,86.23,3.96,84.73,Healthy
2026-01-19 06:40:00,F0008,96.82,0.33,81.55,Low
2026-01-19 06:45:00,F0038,97.9,3.85,38.8,Healthy
2026-01-19 06:50:00,F0799,25.62,3.01,4.71,Healthy
2026-01-19 06:55:00,F0915,81.66,0.89,58.95,Healthy
2026-01-19 07:00:00,F0953,62.08,4.55,22.39,Low
2026-01-19 07:05:00,F0048,81.52,3.12,66.14,Healthy
2026-01-19 07:10:00,F0472,85.43,0.41,71.38,Critical
2026-01-19 07:15:00,F0886,91.63,4.34,61.42,Healthy
2026-01-19 07:20:00,F0457,99.77,1.12,99.65,Healthy
2026-01-19 07:25:00,F0785,94.81,2.32,80.04,Healthy
2026-01-19 07:30:00,F0103,98.08,3.36,83.99,Low
2026-01-19 07:35:00,F0787,78.63,3.23,32.93,Low
2026-01-19 07:40:00,F0660,64.02,4.54,44.0,Healthy
2026-01-19 07:45:00,F0757,84.58,3.17,52.48,Healthy
2026-01-19 07:50:00,F0046,65.2,3.61,51.66,Low
2026-01-19 07:55:00,F0996,49.99,2.64,36.76,Healthy
2026-01-19 08:00:00,F0053,64.43,1.68,31.14,Critical
2026-01-19 08:05:00,F0233,93.19,0.69,91.97,Critical
2026-01-19 08:10:00,F0549,83.43,4.28,79.33,Low
2026-01-19 08:15:00,F0957,46.26,3.21,11.38,Critical
2026-01-19 08:20:00,F0449,83.38,3.77,60.17,Low
2026-01-19 08:25:00,F0146,95.17,2.78,61.79,Healthy
2026-01-19 08:30:00,F0274,91.98,1.65,63.88,Low
2026-01-19 08:35:00,F0485,66.27,1.6,42.64,Critical
2026-01-19 08:40:00,F0238,95.47,0.32,81.02,Low
2026-01-19 08:45:00,F0023,80.74,2.25,72.56,Healthy
2026-01-19 08:50:00,F0492,78.03,4.7,43.2,Healthy
2026-01-19 08:55:00,F0122,80.87,2.63,75.84,Low
2026-01-19 09:00:00,F0940,77.15,2.59,58.23,Healthy
2026-01-19 09:05:00,F0450,66.01,3.58,60.14,Healthy
2026-01-19 09:10:00,F0761,60.56,2.09,10.45,Healthy
2026-01-19 09:15:00,F0340,95.08,0.86,71.07,Critical
2026-01-19 09:20:00,F0168,56.05,3.59,36.83,Healthy
2026-01-19 09:25:00,F0755,51.73,1.64,22.66,Low
2026-01-19 09:30:00,F0551,75.69,1.87,6.9,Healthy
2026-01-19 09:35:00,F0478,59.31,4.03,58.31,Healthy
2026-01-19 09:40:00,F0727,89.26,4.01,29.99,Low
2026-01-19 09:45:00,F0648,59.99,3.69,38.88,Critical
2026-01-19 09:50:00,F0643,40.97,1.56,35.67,Low
2026-01-19 09:55:00,F0118,94.81,4.67,26.77,Low
2026-01-19 10:00:00,F0166,7.59,0.21,6.36,Healthy
2026-01-19 10:05:00,F0566,45.03,3.39,7.69,Healthy
2026-01-19 10:10:00,F0102,96.14,4.73,64.55,Healthy
2026-01-19 10:15:00,F0492,84.58,1.64,78.77,Low
2026-01-19 10:20:00,F0837,87.69,0.48,69.91,Critical
2026-01-19 10:25:00,F0027,56.17,2.54,20.34,Critical
2026-01-19 10:30:00,F0129,99.89,3.04,99.62,Critical
2026-01-19 10:35:00,F0995,99.82,3.39,40.51,Healthy
2026-01-19 10:40:00,F0985,80.55,0.34,77.07,Critical
2026-01-19 10:45:00,F0744,36.72,4.68,34.79,Critical
2026-01-19 10:50:00,F0572,66.28,3.59,58.51,Healthy
2026-01-19 10:55:00,F0765,48.75,2.37,41.56,Low
2026-01-19 11:00:00,F0002,99.95,2.19,98.99,Healthy
2026-01-19 11:05:00,F0285,99.98,3.78,99.74,Healthy
2026-01-19 11:10:00,F0870,83.67,4.62,81.13,Healthy
2026-01-19 11:15:00,F0629,32.44,3.55,13.36,Critical
2026-01-19 11:20:00,F0743,99.48,0.55,54.42,Low
2026-01-19 11:25:00,F0500,99.69,2.86,97.19,Low
2026-01-19 11:30:00,F0464,79.88,0.28,61.72,Critical
2026-01-19 11:35:00,F0834,35.46,0.92,7.22,Low
2026-01-19 11:40:00,F0217,66.29,1.61,12.03,Healthy
2026-01-19 11:45:00,F0872,87.91,1.88,77.69,Low
2026-01-19 11:50:00,F0890,93.63,2.28,90.8,Low
2026-01-19 11:55:00,F0502,88.51,0.73,81.36,Healthy
2026-01-19 12:00:00,F0769,74.23,0.52,37.96,Low
2026-01-19 12:05:00,F0649,97.18,3.29,73.51,Low
2026-01-19 12:10:00,F0498,76.77,3.84,35.6,Critical
2026-01-19 12:15:00,F0095,58.62,4.28,43.87,Low
2026-01-19 12:20:00,F0992,97.15,0.33,60.79,Critical
2026-01-19 12:25:00,F0343,82.61,4.87,32.34,Low
2026-01-19 12:30:00,F0960,25.86,3.67,6.35,Low
2026-01-19 12:35:00,F0563,83.59,4.64,77.95,Low
2026-01-19 12:40:00,F0235,95.36,1.07,48.11,Critical
2026-01-19 12:45:00,F0240,24.18,2.45,0.08,Healthy
2026-01-19 12:50:00,F0757,53.52,1.93,25.27,Critical
2026-01-19 12:55:00,F0850,35.16,3.5,8.37,Healthy
2026-01-19 13:00:00,F0801,37.07,0.65,14.88,Critical
2026-01-19 13:05:00,F0325,77.76,2.68,45.8,Healthy
2026-01-19 13:10:00,F0015,7.11,4.4,6.35,Critical
2026-01-19 13:15:00,F0446,65.81,1.37,32.22,Low
2026-01-19 13:20:00,F0824,72.7,1.13,9.48,Low
2026-01-19 13:25:00,F0549,86.21,0.49,50.2,Low
2026-01-19 13:30:00,F0087,97.22,0.61,96.5,Low
2026-01-19 13:35:00,F0493,29.99,0.51,9.21,Critical
2026-01-19 13:40:00,F0016,96.79,3.23,41.26,Low
2026-01-19 13:45:00,F0047,89.04,0.57,79.84,Critical
2026-01-19 13:50:00,F0309,77.66,3.23,67.14,Healthy
2026-01-19 13:55:00,F0658,36.61,2.38,33.07,Critical
2026-01-19 14:00:00,F0842,95.25,0.21,65.17,Critical
2026-01-19 14:05:00,F0074,93.43,1.37,65.65,Low
2026-01-19 14:10:00,F0013,98.51,1.06,94.21,Low
2026-01-19 14:15:00,F0982,8.56,1.09,3.32,Critical
2026-01-19 14:20:00,F0965,79.94,1.81,43.17,Low
2026-01-19 14:25:00,F0851,93.94,0.29,91.0,Healthy
2026-01-19 14:30:00,F0808,24.79,3.76,16.82,Healthy
2026-01-19 14:35:00,F0323,6.3,2.16,2.73,Healthy
2026-01-19 14:40:00,F0020,67.74,3.74,25.61,Healthy
2026-01-19 14:45:00,F0211,99.82,2.13,98.31,Critical
2026-01-19 14:50:00,F0285,92.93,0.82,51.93,Healthy
2026-01-19 14:55:00,F0602,87.32,1.73,3.15,Healthy
2026-01-19 15:00:00,F0144,48.8,1.05,18.42,Critical
2026-01-19 15:05:00,F0776,74.63,4.81,2.75,Healthy
2026-01-19 15:10:00,F0548,88.14,0.75,85.03,Low
2026-01-19 15:15:00,F0658,36.13,2.96,20.91,Healthy
2026-01-19 15:20:00,F0120,97.16,2.68,36.36,Healthy
2026-01-19 15:25:00,F0853,37.22,3.72,15.83,Low
2026-01-19 15:30:00,F0191,74.88,1.8,67.93,Critical
2026-01-19 15:35:00,F0454,57.86,3.91,39.97,Low
2026-01-19 15:40:00,F0441,91.39,1.03,79.31,Low
2026-01-19 15:45:00,F0830,23.73,1.03,19.33,Critical
2026-01-19 15:50:00,F0652,98.77,1.39,95.08,Critical
2026-01-19 15:55:00,F0284,90.57,4.54,47.36,Critical
2026-01-19 16:00:00,F0637,72.68,3.26,57.28,Low
2026-01-19 16:05:00,F0095,97.2,1.91,83.04,Low
2026-01-19 16:10:00,F0414,99.43,4.99,68.84,Low
2026-01-19 16:15:00,F0500,82.64,2.9,81.41,Low
2026-01-19 16:20:00,F0655,97.02,1.97,96.04,Critical
2026-01-19 16:25:00,F0108,45.18,4.6,6.06,Low
2026-01-19 16:30:00,F0415,58.83,4.96,47.27,Critical
2026-01-19 16:35:00,F0797,96.32,0.96,69.8,Low
2026-01-19 16:40:00,F0683,97.86,2.09,92.38,Healthy
2026-01-19 16:45:00,F0717,80.06,2.89,33.81,Low
2026-01-19 16:50:00,F0565,79.57,3.24,12.73,Low
2026-01-19 16:55:00,F0933,79.9,0.94,74.79,Critical
2026-01-19 17:00:00,F0155,98.13,2.06,75.5,Low
2026-01-19 17:05:00,F0469,24.38,2.48,10.33,Critical
2026-01-19 17:10:00,F0641,75.72,2.21,69.78,Critical
2026-01-19 17:15:00,F0676,94.58,1.76,93.12,Low
2026-01-19 17:20:00,F0253,85.22,1.78,41.08,Critical
2026-01-19 17:25:00,F0749,62.06,2.18,57.78,Critical
2026-01-19 17:30:00,F0243,65.05,2.91,14.71,Critical
2026-01-19 17:35:00,F0674,82.24,4.47,60.84,Healthy
2026-01-19 17:40:00,F0970,54.66,1.9,41.53,Critical
2026-01-19 17:45:00,F0672,79.98,2.09,8.33,Healthy
2026-01-19 17:50:00,F0510,76.94,0.62,69.46,Healthy
2026-01-19 17:55:00,F0171,72.2,2.02,47.4,Healthy
2026-01-19 18:00:00,F0835,97.8,1.51,94.3,Low
2026-01-19 18:05:00,F0918,95.97,4.54,95.89,Healthy
2026-01-19 18:10:00,F0135,51.42,1.52,38.66,Healthy
2026-01-19 18:15:00,F0787,98.31,2.11,97.9,Low
2026-01-19 18:20:00,F0658,82.29,2.32,78.3,Low
2026-01-19 18:25:00,F0649,99.86,3.79,83.83,Healthy
2026-01-19 18:30:00,F0416,59.92,3.57,38.86,Healthy
2026-01-19 18:35:00,F0143,92.62,1.12,91.72,Critical
2026-01-19 18:40:00,F0921,97.15,4.33,93.07,Low
2026-01-19 18:45:00,F0518,57.75,2.1,1.13,Critical
2026-01-19 18:50:00,F0424,24.69,3.41,7.99,Critical
2026-01-19 18:55:00,F0091,96.15,3.65,91.1,Critical
2026-01-19 19:00:00,F0699,42.51,4.95,41.0,Critical
2026-01-19 19:05:00,F0034,68.97,1.78,22.42,Healthy
2026-01-19 19:10:00,F0792,97.13,0.72,95.59,Critical
2026-01-19 19:15:00,F0582,72.62,2.13,2.75,Critical
2026-01-19 19:20:00,F0084,82.63,3.01,27.21,Healthy
2026-01-19 19:25:00,F0488,43.67,1.51,22.64,Critical
2026-01-19 19:30:00,F0980,88.39,2.51,41.93,Critical
2026-01-19 19:35:00,F0846,47.8,4.01,27.36,Critical
2026-01-19 19:40:00,F0064,58.58,3.52,54.55,Healthy
2026-01-19 19:45:00,F0076,89.42,2.57,86.5,Low
2026-01-19 19:50:00,F0999,94.53,0.64,90.87,Low
2026-01-19 19:55:00,F0086,85.79,3.61,57.83,Healthy
2026-01-19 20:00:00,F0166,90.38,1.7,4.76,Healthy
2026-01-19 20:05:00,F0874,89.95,2.9,15.05,Low
2026-01-19 20:10:00,F0034,96.62,2.14,92.58,Critical
2026-01-19 20:15:00,F0253,98.6,4.41,96.48,Low
2026-01-19 20:20:00,F0265,80.3,4.78,14.44,Critical
2026-01-19 20:25:00,F0268,92.7,4.69,89.53,Healthy
2026-01-19 20:30:00,F0436,99.71,1.21,99.64,Healthy
2026-01-19 20:35:00,F0498,89.99,2.91,69.54,Critical
2026-01-19 20:40:00,F0082,44.38,4.62,9.97,Low
2026-01-19 20:45:00,F0089,93.66,0.67,78.72,Low
2026-01-19 20:50:00,F0101,80.79,4.41,11.6,Critical
2026-01-19 20:55:00,F0139,94.17,4.65,68.18,Low
2026-01-19 21:00:00,F0994,90.66,3.41,90.62,Critical
2026-01-19 21:05:00,F0123,68.42,3.34,55.56,Healthy
2026-01-19 21:10:00,F0325,94.13,2.41,84.04,Healthy
2026-01-19 21:15:00,F0952,91.55,4.68,90.86,Critical
2026-01-19 21:20:00,F0378,88.13,2.29,21.31,Low
2026-01-19 21:25:00,F0074,49.68,4.33,38.06,Healthy
2026-01-19 21:30:00,F0653,57.08,4.83,55.41,Low
2026-01-19 21:35:00,F0389,76.09,4.86,30.17,Healthy
2026-01-19 21:40:00,F0657,81.93,4.99,78.25,Healthy
2026-01-19 21:45:00,F0728,16.12,1.56,11.9,Healthy
2026-01-19 21:50:00,F0421,38.66,1.81,8.24,Critical
2026-01-19 21:55:00,F0069,72.59,4.84,66.35,Low
2026-01-19 22:00:00,F0331,70.03,4.11,54.79,Healthy
2026-01-19 22:05:00,F0077,83.33,2.58,75.77,Healthy
2026-01-19 22:10:00,F0829,55.79,1.94,13.89,Healthy
2026-01-19 22:15:00,F0722,96.99,2.44,93.42,Critical
2026-01-19 22:20:00,F0437,93.47,2.72,27.59,Low
2026-01-19 22:25:00,F0613,99.29,2.63,60.45,Healthy
2026-01-19 22:30:00,F0644,98.32,0.35,98.12,Critical
2026-01-19 22:35:00,F0680,82.43,2.28,73.05,Low
2026-01-19 22:40:00,F0908,60.8,1.95,20.82,Healthy
2026-01-19 22:45:00,F0089,94.63,1.08,85.17,Low
2026-01-19 22:50:00,F0371,79.78,2.14,15.61,Low
2026-01-19 22:55:00,F0488,92.02,1.44,36.7,Healthy
2026-01-19 23:00:00,F0670,95.25,0.6,66.33,Low
2026-01-19 23:05:00,F0388,98.83,1.27,11.12,Critical
2026-01-19 23:10:00,F0267,95.12,4.81,64.83,Healthy
2026-01-19 23:15:00,F0106,95.28,2.66,78.75,Healthy
2026-01-19 23:20:00,F0419,81.34,3.26,0.34,Critical
2026-01-19 23:25:00,F0824,99.53,3.43,59.95,Healthy
2026-01-19 23:30:00,F0418,48.99,2.77,48.59,Healthy
2026-01-19 23:35:00,F0892,29.05,3.66,19.22,Critical
2026-01-19 23:40:00,F0186,62.44,1.3,16.13,Healthy
2026-01-19 23:45:00,F0483,79.41,1.56,55.61,Low
2026-01-19 23:50:00,F0621,91.42,2.72,86.63,Critical
2026-01-19 23:55:00,F0040,70.59,0.35,59.55,Critical
2026-01-20 00:00:00,F0119,90.18,1.49,75.13,Healthy
2026-01-20 00:05:00,F0959,81.47,3.95,37.3,Healthy
2026-01-20 00:10:00,F0793,90.4,0.34,34.7,Low
2026-01-20 00:15:00,F0950,95.46,4.84,19.42,Healthy
2026-01-20 00:20:00,F0946,65.92,3.29,16.47,Healthy
2026-01-20 00:25:00,F0718,81.6,2.3,79.15,Critical
2026-01-20 00:30:00,F0614,98.75,2.55,35.94,Low
2026-01-20 00:35:00,F0018,96.51,0.34,52.42,Healthy
2026-01-20 00:40:00,F0932,63.1,1.64,2.37,Critical
2026-01-20 00:45:00,F0341,94.76,1.36,94.32,Healthy
2026-01-20 00:50:00,F0953,98.0,2.65,78.66,Critical
2026-01-20 00:55:00,F0466,56.49,2.45,26.26,Low
2026-01-20 01:00:00,F0180,87.99,3.22,73.28,Healthy
2026-01-20 01:05:00,F0229,97.36,3.44,64.16,Healthy
2026-01-20 01:10:00,F0935,69.14,3.83,38.55,Critical
2026-01-20 01:15:00,F0233,88.33,4.85,64.25,Low
2026-01-20 01:20:00,F0100,85.32,3.91,55.83,Healthy
2026-01-20 01:25:00,F0456,98.33,3.18,82.39,Low
2026-01-20 01:30:00,F0413,98.78,4.54,93.12,Critical
2026-01-20 01:35:00,F0331,71.65,1.73,57.57,Low
2026-01-20 01:40:00,F0314,96.54,3.96,91.5,Critical
2026-01-20 01:45:00,F0590,83.27,2.81,76.82,Critical
2026-01-20 01:50:00,F0581,96.48,2.21,0.07,Critical
2026-01-20 01:55:00,F0533,89.9,1.63,4.88,Critical
2026-01-20 02:00:00,F0746,87.61,2.26,80.1,Healthy
2026-01-20 02:05:00,F0464,53.56,2.22,38.85,Low
2026-01-20 02:10:00,F0326,42.35,4.49,37.13,Healthy
2026-01-20 02:15:00,F0680,56.8,0.65,44.42,Critical
2026-01-20 02:20:00,F0144,58.28,3.02,6.91,Low
2026-01-20 02:25:00,F0491,43.87,0.3,22.0,Critical
2026-01-20 02:30:00,F0870,78.35,3.15,39.85,Low
2026-01-20 02:35:00,F0511,84.08,1.65,29.58,Healthy
2026-01-20 02:40:00,F0289,32.93,4.41,32.31,Critical
2026-01-20 02:45:00,F0179,91.92,3.77,18.42,Healthy
2026-01-20 02:50:00,F0082,32.38,0.22,30.15,Low
2026-01-20 02:55:00,F0351,91.87,1.68,70.94,Healthy
2026-01-20 03:00:00,F0548,94.85,2.11,94.23,Low
2026-01-20 03:05:00,F0951,97.03,1.55,31.53,Healthy
2026-01-20 03:10:00,F0388,73.1,4.2,38.42,Healthy
2026-01-20 03:15:00,F0245,54.1,0.99,16.22,Healthy
2026-01-20 03:20:00,F0692,84.03,0.89,22.16,Critical
2026-01-20 03:25:00,F0085,44.86,1.07,29.11,Low
2026-01-20 03:30:00,F0397,69.01,4.62,64.0,Healthy
2026-01-20 03:35:00,F0620,83.61,0.3,4.61,Low
2026-01-20 03:40:00,F0615,81.17,4.54,39.23,Healthy
2026-01-20 03:45:00,F0161,60.73,0.68,44.26,Critical
2026-01-20 03:50:00,F0418,39.89,0.83,13.88,Low
2026-01-20 03:55:00,F0368,95.65,3.89,54.16,Critical
2026-01-20 04:00:00,F0619,54.91,1.05,24.07,Healthy
2026-01-20 04:05:00,F0227,47.74,4.95,47.48,Healthy
2026-01-20 04:10:00,F0125,99.48,3.81,81.94,Healthy
2026-01-20 04:15:00,F0799,71.13,2.6,58.64,Low
2026-01-20 04:20:00,F0688,42.24,0.93,0.76,Critical
2026-01-20 04:25:00,F0217,66.04,2.97,4.87,Low
2026-01-20 04:30:00,F0619,80.46,2.55,61.9,Healthy
2026-01-20 04:35:00,F0596,18.55,3.3,0.21,Critical
2026-01-20 04:40:00,F0862,43.79,0.68,34.16,Low
2026-01-20 04:45:00,F0505,55.16,3.65,37.66,Healthy
2026-01-20 04:50:00,F0317,98.53,1.97,51.41,Healthy
2026-01-20 04:55:00,F0921,89.67,2.98,72.71,Healthy
2026-01-20 05:00:00,F0745,82.96,1.57,22.69,Healthy
2026-01-20 05:05:00,F0667,96.75,1.32,13.67,Critical
2026-01-20 05:10:00,F0078,75.27,4.6,46.87,Low
2026-01-20 05:15:00,F0858,82.21,1.59,33.15,Healthy
2026-01-20 05:20:00,F0303,50.97,3.96,44.39,Low
2026-01-20 05:25:00,F0943,92.96,3.15,19.58,Healthy
2026-01-20 05:30:00,F0431,81.13,4.88,67.01,Critical
2026-01-20 05:35:00,F0483,52.91,0.48,42.8,Critical
2026-01-20 05:40:00,F0803,90.93,2.21,89.63,Critical
2026-01-20 05:45:00,F0329,74.83,0.62,16.01,Low
2026-01-20 05:50:00,F0739,58.1,2.15,54.74,Critical
2026-01-20 05:55:00,F0117,12.5,0.83,5.99,Low
2026-01-20 06:00:00,F0025,96.21,2.83,47.85,Low
2026-01-20 06:05:00,F0344,78.77,2.49,62.92,Healthy
2026-01-20 06:10:00,F0553,55.59,1.15,13.55,Low
2026-01-20 06:15:00,F0839,64.3,0.54,58.58,Critical
2026-01-20 06:20:00,F0425,76.45,1.57,51.68,Healthy
2026-01-20 06:25:00,F0156,93.69,0.6,91.16,Critical
2026-01-20 06:30:00,F0765,33.15,0.3,31.16,Healthy
2026-01-20 06:35:00,F0584,94.99,1.82,45.36,Critical
2026-01-20 06:40:00,F0720,94.5,3.55,56.46,Critical
2026-01-20 06:45:00,F0614,47.85,0.89,7.31,Critical
2026-01-20 06:50:00,F0214,76.84,4.29,62.64,Healthy
2026-01-20 06:55:00,F0265,98.65,3.82,97.09,Healthy
2026-01-20 07:00:00,F0509,89.89,2.86,49.09,Low
2026-01-20 07:05:00,F0918,99.04,0.54,34.25,Healthy
2026-01-20 07:10:00,F0798,92.69,0.87,91.93,Low
2026-01-20 07:15:00,F0362,79.63,0.35,66.73,Healthy
2026-01-20 07:20:00,F0456,75.54,2.09,70.03,Healthy
2026-01-20 07:25:00,F0500,97.5,1.97,87.15,Healthy
2026-01-20 07:30:00,F0986,99.57,1.72,99.34,Healthy
2026-01-20 07:35:00,F0322,83.27,4.21,48.9,Low
2026-01-20 07:40:00,F0452,71.41,4.89,61.36,Critical
2026-01-20 07:45:00,F0834,40.99,2.24,29.35,Critical
2026-01-20 07:50:00,F0315,37.37,1.96,28.8,Low
2026-01-20 07:55:00,F0593,98.45,1.71,62.55,Healthy
2026-01-20 08:00:00,F0952,98.19,2.21,97.07,Low
2026-01-20 08:05:00,F0888,95.37,0.89,85.87,Low
2026-01-20 08:10:00,F0729,97.09,3.8,76.59,Low
2026-01-20 08:15:00,F0720,78.64,4.73,17.93,Healthy
2026-01-20 08:20:00,F0702,69.71,3.0,61.39,Low
2026-01-20 08:25:00,F0309,94.33,0.55,86.65,Low
2026-01-20 08:30:00,F0191,98.7,3.35,86.87,Healthy
2026-01-20 08:35:00,F0564,89.23,1.6,78.74,Critical
2026-01-20 08:40:00,F0007,98.24,3.56,93.49,Low
2026-01-20 08:45:00,F0475,97.53,4.87,91.07,Healthy
2026-01-20 08:50:00,F0672,55.61,4.35,37.36,Healthy
2026-01-20 08:55:00,F0543,81.05,1.18,45.9,Healthy
2026-01-20 09:00:00,F0970,71.05,2.37,9.36,Healthy
2026-01-20 09:05:00,F0902,91.99,1.13,77.42,Healthy
2026-01-20 09:10:00,F0277,90.76,4.65,69.34,Low
2026-01-20 09:15:00,F0785,52.1,4.63,6.4,Critical
2026-01-20 09:20:00,F0225,67.11,2.1,44.53,Critical
2026-01-20 09:25:00,F0533,98.24,4.34,14.06,Low
2026-01-20 09:30:00,F0905,99.08,0.74,20.05,Healthy
2026-01-20 09:35:00,F0910,7.48,4.76,2.71,Critical
2026-01-20 09:40:00,F0130,97.35,1.6,67.59,Low
2026-01-20 09:45:00,F0209,97.62,3.91,81.71,Healthy
2026-01-20 09:50:00,F0692,99.89,1.22,99.29,Critical
2026-01-20 09:55:00,F0962,69.64,4.75,38.1,Critical
2026-01-20 10:00:00,F0654,87.3,2.15,54.03,Healthy
2026-01-20 10:05:00,F0656,95.51,2.03,69.73,Critical
2026-01-20 10:10:00,F0898,91.83,4.6,25.32,Critical
2026-01-20 10:15:00,F0430,45.43,2.9,13.31,Low
2026-01-20 10:20:00,F0193,61.74,4.2,56.83,Healthy
2026-01-20 10:25:00,F0930,90.19,1.97,26.16,Critical
2026-01-20 10:30:00,F0993,98.78,2.0,93.05,Healthy
2026-01-20 10:35:00,F0113,34.66,4.51,7.74,Low
2026-01-20 10:40:00,F0917,81.36,4.52,34.5,Critical
2026-01-20 10:45:00,F0975,65.98,2.8,64.23,Critical
2026-01-20 10:50:00,F0753,93.54,2.97,73.37,Healthy
2026-01-20 10:55:00,F0063,32.95,3.26,28.58,Low
2026-01-20 11:00:00,F0522,53.38,1.87,24.2,Low
2026-01-20 11:05:00,F0535,38.09,1.23,7.58,Critical
2026-01-20 11:10:00,F0489,87.76,1.52,65.45,Low
2026-01-20 11:15:00,F0044,48.52,1.89,45.81,Critical
2026-01-20 11:20:00,F0954,78.47,0.69,63.92,Low
2026-01-20 11:25:00,F0836,68.27,2.35,38.14,Low
2026-01-20 11:30:00,F0623,98.29,0.37,54.89,Healthy
2026-01-20 11:35:00,F0106,92.55,2.42,15.48,Low
2026-01-20 11:40:00,F0721,95.48,2.73,89.75,Healthy
2026-01-20 11:45:00,F0375,53.19,0.69,48.37,Critical
2026-01-20 11:50:00,F0433,98.55,2.24,92.78,Healthy
2026-01-20 11:55:00,F0395,84.14,2.94,8.52,Low
2026-01-20 12:00:00,F0680,69.18,3.73,35.62,Healthy
2026-01-20 12:05:00,F0737,89.06,0.52,15.98,Low
2026-01-20 12:10:00,F0213,99.72,1.8,86.48,Low
2026-01-20 12:15:00,F0603,62.65,1.91,18.96,Low
2026-01-20 12:20:00,F0379,50.87,2.31,42.2,Healthy
2026-01-20 12:25:00,F0672,52.19,1.35,36.47,Critical
2026-01-20 12:30:00,F0398,83.53,2.64,77.05,Low
2026-01-20 12:35:00,F0718,96.78,0.65,65.95,Low
2026-01-20 12:40:00,F0553,78.81,0.41,33.52,Low
2026-01-20 12:45:00,F0890,96.34,2.25,92.9,Healthy
2026-01-20 12:50:00,F0156,20.58,4.4,0.43,Critical
2026-01-20 12:55:00,F0184,88.52,0.96,34.1,Low
2026-01-20 13:00:00,F0663,89.18,2.26,75.39,Healthy
2026-01-20 13:05:00,F0757,53.14,0.53,25.5,Critical
2026-01-20 13:10:00,F0380,88.25,1.74,6.12,Low
2026-01-20 13:15:00,F0558,42.9,4.85,42.65,Low
2026-01-20 13:20:00,F0939,81.96,4.72,81.82,Critical
2026-01-20 13:25:00,F0009,97.88,0.8,92.39,Critical
2026-01-20 13:30:00,F0733,75.85,4.18,45.67,Healthy
2026-01-20 13:35:00,F0942,97.35,4.01,95.01,Critical
2026-01-20 13:40:00,F0514,99.4,0.76,95.01,Low
2026-01-20 13:45:00,F0669,77.0,0.82,14.02,Critical
2026-01-20 13:50:00,F0063,98.27,1.15,92.15,Healthy
2026-01-20 13:55:00,F0848,48.34,0.6,44.26,Healthy
2026-01-20 14:00:00,F0692,77.12,1.54,71.63,Low
2026-01-20 14:05:00,F0358,98.18,4.46,48.89,Critical
2026-01-20 14:10:00,F0458,89.48,4.27,65.86,Low
2026-01-20 14:15:00,F0729,93.47,3.17,9.39,Low
2026-01-20 14:20:00,F0487,97.27,3.45,93.47,Healthy
2026-01-20 14:25:00,F0791,64.72,3.61,37.62,Low
2026-01-20 14:30:00,F0622,57.94,2.39,40.26,Critical
2026-01-20 14:35:00,F0200,95.98,2.01,72.34,Low
2026-01-20 14:40:00,F0376,91.49,0.28,77.9,Healthy
2026-01-20 14:45:00,F0142,39.76,4.16,16.15,Critical
2026-01-20 14:50:00,F0470,50.16,3.62,37.99,Critical
2026-01-20 14:55:00,F0091,30.2,3.53,20.03,Critical
2026-01-20 15:00:00,F0721,98.53,1.44,7.59,Healthy
2026-01-20 15:05:00,F0688,61.27,1.94,45.87,Healthy
2026-01-20 15:10:00,F0808,61.49,3.86,42.13,Critical
2026-01-20 15:15:00,F0039,97.71,0.6,58.67,Critical
2026-01-20 15:20:00,F0849,82.04,0.41,70.21,Healthy
2026-01-20 15:25:00,F0411,43.81,0.35,41.91,Low
2026-01-20 15:30:00,F0865,85.47,3.65,56.05,Low
2026-01-20 15:35:00,F0941,98.77,3.07,90.97,Healthy
2026-01-20 15:40:00,F0212,61.07,1.59,22.07,Low
2026-01-20 15:45:00,F0291,58.69,0.63,49.2,Critical
2026-01-20 15:50:00,F0394,89.14,2.94,40.29,Healthy
2026-01-20 15:55:00,F0649,99.77,3.61,97.03,Low
2026-01-20 16:00:00,F0160,88.84,3.46,85.31,Healthy
2026-01-20 16:05:00,F0507,99.94,0.64,87.66,Critical
2026-01-20 16:10:00,F0150,50.33,3.36,13.87,Critical
2026-01-20 16:15:00,F0879,42.78,2.09,14.2,Critical
2026-01-20 16:20:00,F0132,95.06,4.94,90.16,Low
2026-01-20 16:25:00,F0753,69.0,4.09,0.26,Critical
2026-01-20 16:30:00,F0051,79.16,0.3,65.78,Healthy
2026-01-20 16:35:00,F0328,85.38,3.78,30.42,Healthy
2026-01-20 16:40:00,F0214,72.8,2.89,58.92,Healthy
2026-01-20 16:45:00,F0208,97.7,0.75,49.55,Critical
2026-01-20 16:50:00,F0241,74.11,3.3,5.7,Low
2026-01-20 16:55:00,F0391,99.08,4.26,89.86,Critical
2026-01-20 17:00:00,F0014,77.05,4.2,71.28,Healthy
2026-01-20 17:05:00,F0054,91.06,0.47,90.71,Critical
2026-01-20 17:10:00,F0455,83.26,3.03,82.08,Critical
2026-01-20 17:15:00,F0875,94.73,0.22,11.4,Critical
2026-01-20 17:20:00,F0972,98.83,1.03,96.72,Healthy
2026-01-20 17:25:00,F0557,37.87,4.77,33.59,Critical
2026-01-20 17:30:00,F0758,76.83,3.2,75.6,Healthy
2026-01-20 17:35:00,F0455,25.91,1.46,4.94,Low
2026-01-20 17:40:00,F0175,66.49,1.36,42.47,Critical
2026-01-20 17:45:00,F0085,98.23,0.32,91.62,Healthy
2026-01-20 17:50:00,F0069,99.14,3.44,98.5,Low
2026-01-20 17:55:00,F0799,93.71,4.35,85.3,Low
2026-01-20 18:00:00,F0868,97.55,4.91,89.41,Healthy
2026-01-20 18:05:00,F0849,90.0,4.57,87.18,Healthy
2026-01-20 18:10:00,F0218,56.49,1.87,3.63,Critical
2026-01-20 18:15:00,F0444,96.96,1.37,77.98,Low
2026-01-20 18:20:00,F0298,97.33,3.1,92.99,Healthy
2026-01-20 18:25:00,F0316,20.77,3.01,9.47,Healthy
2026-01-20 18:30:00,F0418,82.51,3.11,66.73,Critical
2026-01-20 18:35:00,F0107,96.69,3.31,86.35,Low
2026-01-20 18:40:00,F0101,94.18,2.25,81.23,Critical
2026-01-20 18:45:00,F0674,94.85,2.11,49.52,Critical
2026-01-20 18:50:00,F0242,72.98,4.8,54.27,Low
2026-01-20 18:55:00,F0026,84.83,4.55,54.47,Healthy
2026-01-20 19:00:00,F0656,93.92,2.1,72.87,Healthy
2026-01-20 19:05:00,F0189,77.97,2.13,45.99,Low
2026-01-20 19:10:00,F0528,90.39,2.33,43.23,Healthy
2026-01-20 19:15:00,F0407,76.24,3.5,56.99,Healthy
2026-01-20 19:20:00,F0192,96.6,4.95,94.96,Critical
2026-01-20 19:25:00,F0551,99.1,3.09,91.68,Critical
2026-01-20 19:30:00,F0828,58.4,1.6,0.07,Low
2026-01-20 19:35:00,F0638,70.61,0.71,56.56,Low
2026-01-20 19:40:00,F0618,64.8,0.93,48.03,Low
2026-01-20 19:45:00,F0935,90.0,0.32,38.02,Critical
2026-01-20 19:50:00,F0031,38.49,3.76,36.94,Healthy
2026-01-20 19:55:00,F0792,94.22,4.72,91.85,Low
2026-01-20 20:00:00,F0495,45.45,4.75,10.94,Critical
2026-01-20 20:05:00,F0143,98.06,2.94,58.27,Critical
2026-01-20 20:10:00,F0360,99.43,4.34,95.73,Healthy
2026-01-20 20:15:00,F0862,83.62,2.32,53.44,Low
2026-01-20 20:20:00,F0370,93.98,0.39,52.56,Healthy
2026-01-20 20:25:00,F0609,26.51,3.1,0.44,Critical
2026-01-20 20:30:00,F0856,80.02,2.71,63.86,Low
2026-01-20 20:35:00,F0239,38.2,2.42,34.96,Critical
2026-01-20 20:40:00,F0127,20.96,0.88,1.67,Healthy
2026-01-20 20:45:00,F0066,90.15,0.92,73.11,Critical
2026-01-20 20:50:00,F0282,52.5,4.21,50.72,Healthy
2026-01-20 20:55:00,F0659,74.36,4.85,57.16,Critical
2026-01-20 21:00:00,F0872,45.08,4.98,34.46,Healthy
2026-01-20 21:05:00,F0575,47.86,1.21,40.81,Healthy
2026-01-20 21:10:00,F0976,39.28,4.45,38.44,Low
2026-01-20 21:15:00,F0268,68.8,0.3,63.89,Healthy
2026-01-20 21:20:00,F0266,94.51,3.33,90.47,Critical
2026-01-20 21:25:00,F0968,85.16,2.37,80.49,Critical
2026-01-20 21:30:00,F0335,88.95,4.97,63.51,Low
2026-01-20 21:35:00,F0781,97.76,3.51,88.41,Low
2026-01-20 21:40:00,F0377,97.29,4.74,30.51,Low
2026-01-20 21:45:00,F0738,76.06,4.56,67.83,Low
2026-01-20 21:50:00,F0662,63.8,2.57,54.28,Low
2026-01-20 21:55:00,F0742,44.32,1.99,25.32,Healthy
2026-01-20 22:00:00,F0999,92.54,3.35,28.07,Critical
2026-01-20 22:05:00,F0527,97.55,2.21,66.27,Healthy
2026-01-20 22:10:00,F0806,83.54,4.39,66.63,Low
2026-01-20 22:15:00,F0950,85.15,4.31,56.16,Low
2026-01-20 22:20:00,F0876,87.23,4.73,65.49,Low
2026-01-20 22:25:00,F0850,99.64,1.24,83.21,Low
2026-01-20 22:30:00,F0679,53.17,1.35,51.76,Low
2026-01-20 22:35:00,F0521,47.52,2.72,47.28,Critical
2026-01-20 22:40:00,F0419,91.76,0.96,29.07,Critical
2026-01-20 22:45:00,F0308,84.58,3.35,56.09,Healthy
2026-01-20 22:50:00,F0708,99.96,3.7,87.13,Low
2026-01-20 22:55:00,F0742,86.97,0.35,86.65,Low
2026-01-20 23:00:00,F0033,99.63,0.49,31.91,Critical
2026-01-20 23:05:00,F0751,55.73,1.49,17.49,Healthy
2026-01-20 23:10:00,F0777,21.45,1.15,5.11,Critical
2026-01-20 23:15:00,F0458,92.68,2.92,75.85,Healthy
2026-01-20 23:20:00,F0996,92.68,2.55,91.47,Critical
2026-01-20 23:25:00,F0683,94.66,3.25,31.47,Critical
2026-01-20 23:30:00,F0030,98.66,0.22,96.95,Healthy
2026-01-20 23:35:00,F0113,99.58,1.81,42.17,Low
2026-01-20 23:40:00,F0005,70.89,0.84,3.85,Low
2026-01-20 23:45:00,F0576,99.39,0.31,99.25,Healthy
2026-01-20 23:50:00,F0143,92.07,1.85,31.17,Low
2026-01-20 23:55:00,F0701,87.36,3.9,59.66,Healthy
2026-01-21 00:00:00,F0853,93.33,3.8,82.44,Low
2026-01-21 00:05:00,F0103,77.66,4.03,18.81,Healthy
2026-01-21 00:10:00,F0282,63.64,3.35,14.22,Healthy
2026-01-21 00:15:00,F0271,67.7,1.09,40.11,Healthy
2026-01-21 00:20:00,F0188,72.2,4.23,55.14,Critical
2026-01-21 00:25:00,F0508,68.74,3.52,34.39,Healthy
2026-01-21 00:30:00,F0357,84.77,2.86,52.85,Low
2026-01-21 00:35:00,F0442,75.79,0.59,34.22,Healthy
2026-01-21 00:40:00,F0599,92.45,4.15,79.82,Healthy
2026-01-21 00:45:00,F0946,77.4,0.58,32.42,Low
2026-01-21 00:50:00,F0226,83.98,1.92,34.4,Critical
2026-01-21 00:55:00,F0139,87.16,0.35,45.38,Low
2026-01-21 01:00:00,F0205,52.47,4.26,18.65,Healthy
2026-01-21 01:05:00,F0144,99.87,2.05,44.23,Healthy
2026-01-21 01:10:00,F0434,79.22,4.19,66.78,Critical
2026-01-21 01:15:00,F0436,76.83,4.37,72.19,Low
2026-01-21 01:20:00,F0527,93.26,1.03,88.3,Low
2026-01-21 01:25:00,F0453,89.73,2.65,52.57,Low
2026-01-21 01:30:00,F0435,94.36,3.03,15.98,Critical
2026-01-21 01:35:00,F0021,56.45,3.1,23.4,Healthy
2026-01-21 01:40:00,F0447,99.61,3.07,92.29,Critical
2026-01-21 01:45:00,F0730,66.39,0.48,49.41,Low
2026-01-21 01:50:00,F0940,87.17,4.14,72.11,Healthy
2026-01-21 01:55:00,F0234,95.02,3.58,91.44,Critical
2026-01-21 02:00:00,F0221,99.06,4.75,80.38,Low
2026-01-21 02:05:00,F0570,89.76,4.17,78.16,Critical
2026-01-21 02:10:00,F0959,97.2,1.68,95.73,Healthy
2026-01-21 02:15:00,F0379,67.72,3.32,65.76,Critical
2026-01-21 02:20:00,F0880,88.33,2.12,81.59,Critical
2026-01-21 02:25:00,F0110,76.26,1.04,14.48,Healthy
2026-01-21 02:30:00,F0453,82.66,2.46,25.54,Low
2026-01-21 02:35:00,F0736,50.07,3.11,46.66,Low
2026-01-21 02:40:00,F0265,49.45,0.32,29.28,Healthy
2026-01-21 02:45:00,F0663,96.93,2.7,89.53,Low
2026-01-21 02:50:00,F0938,52.86,4.44,24.87,Healthy
2026-01-21 02:55:00,F0681,98.36,3.49,88.66,Critical
2026-01-21 03:00:00,F0329,81.55,0.77,48.38,Healthy
2026-01-21 03:05:00,F0690,47.59,3.48,40.8,Low
2026-01-21 03:10:00,F0348,91.4,2.07,60.5,Healthy
2026-01-21 03:15:00,F0115,92.43,1.23,90.97,Low
2026-01-21 03:20:00,F0749,77.99,3.15,14.13,Critical
2026-01-21 03:25:00,F0101,56.87,4.14,48.92,Critical
2026-01-21 03:30:00,F0806,95.49,2.11,54.99,Low
2026-01-21 03:35:00,F0496,68.52,3.46,44.27,Healthy
2026-01-21 03:40:00,F0699,90.12,1.92,77.29,Low
2026-01-21 03:45:00,F0871,63.7,2.32,48.73,Critical
2026-01-21 03:50:00,F0885,76.15,4.23,74.05,Healthy
2026-01-21 03:55:00,F0829,10.47,1.52,5.65,Healthy
2026-01-21 04:00:00,F0827,38.1,3.93,0.59,Critical
2026-01-21 04:05:00,F0909,70.74,2.57,24.4,Healthy
2026-01-21 04:10:00,F0057,83.32,1.69,74.48,Healthy
2026-01-21 04:15:00,F0407,77.8,2.61,59.44,Healthy
2026-01-21 04:20:00,F0620,44.52,3.94,23.77,Critical
2026-01-21 04:25:00,F0471,93.34,1.51,78.87,Critical
2026-01-21 04:30:00,F0741,69.78,3.2,34.8,Healthy
2026-01-21 04:35:00,F0046,62.38,2.24,24.01,Healthy
2026-01-21 04:40:00,F0458,96.27,4.18,88.87,Healthy
2026-01-21 04:45:00,F0250,36.28,4.38,7.17,Healthy
2026-01-21 04:50:00,F0164,67.31,0.49,28.08,Healthy
2026-01-21 04:55:00,F0174,65.85,1.33,0.29,Low
2026-01-21 05:00:00,F0758,95.33,1.03,79.61,Healthy
2026-01-21 05:05:00,F0397,92.2,0.57,68.51,Critical
2026-01-21 05:10:00,F0426,48.27,3.94,12.16,Healthy
2026-01-21 05:15:00,F0089,74.66,2.91,23.76,Critical
2026-01-21 05:20:00,F0390,95.35,2.5,93.84,Critical
2026-01-21 05:25:00,F0314,59.76,3.8,1.26,Critical
2026-01-21 05:30:00,F0024,50.98,2.51,48.61,Low
2026-01-21 05:35:00,F0800,75.39,1.43,12.94,Healthy
2026-01-21 05:40:00,F0445,98.18,4.58,96.65,Healthy
2026-01-21 05:45:00,F0814,84.96,1.95,26.9,Critical
2026-01-21 05:50:00,F0185,77.67,4.22,67.13,Healthy
2026-01-21 05:55:00,F0113,50.26,2.74,45.88,Critical
2026-01-21 06:00:00,F0312,95.03,3.19,75.35,Low
2026-01-21 06:05:00,F0146,70.79,1.94,25.95,Critical
2026-01-21 06:10:00,F0615,89.28,1.82,39.54,Healthy
2026-01-21 06:15:00,F0457,58.27,2.59,45.35,Critical
2026-01-21 06:20:00,F0514,92.28,0.76,68.44,Critical
2026-01-21 06:25:00,F0599,66.42,0.88,41.53,Low
2026-01-21 06:30:00,F0850,64.15,0.85,40.08,Low
2026-01-21 06:35:00,F0026,94.04,2.31,92.37,Low
2026-01-21 06:40:00,F0558,42.62,1.2,36.35,Critical
2026-01-21 06:45:00,F0170,99.62,1.58,47.78,Critical
2026-01-21 06:50:00,F0780,93.77,3.5,13.98,Low
2026-01-21 06:55:00,F0807,76.77,4.81,66.72,Low
2026-01-21 07:00:00,F0745,93.42,1.04,88.57,Healthy
2026-01-21 07:05:00,F0825,11.12,4.77,0.08,Low
2026-01-21 07:10:00,F0642,59.02,0.66,41.61,Critical
2026-01-21 07:15:00,F0116,56.13,1.09,10.23,Critical
2026-01-21 07:20:00,F0909,65.1,2.75,39.68,Low
2026-01-21 07:25:00,F0321,44.66,0.33,26.19,Low
2026-01-21 07:30:00,F0925,81.23,2.91,53.86,Low
2026-01-21 07:35:00,F0799,96.72,1.24,92.7,Healthy
2026-01-21 07:40:00,F0700,22.22,1.54,0.3,Critical
2026-01-21 07:45:00,F0707,97.85,1.29,92.05,Healthy
2026-01-21 07:50:00,F0975,80.8,2.97,76.55,Healthy
2026-01-21 07:55:00,F0117,98.85,3.59,77.95,Critical
2026-01-21 08:00:00,F0338,66.43,2.52,64.38,Critical
2026-01-21 08:05:00,F0052,92.84,0.51,22.31,Low
2026-01-21 08:10:00,F0084,89.17,3.49,74.28,Critical
2026-01-21 08:15:00,F0492,53.77,0.82,45.17,Healthy
2026-01-21 08:20:00,F0458,77.69,0.3,51.86,Critical
2026-01-21 08:25:00,F0055,75.02,4.95,58.34,Low
2026-01-21 08:30:00,F0810,74.24,2.35,33.47,Critical
2026-01-21 08:35:00,F0916,79.7,1.41,52.06,Low
2026-01-21 08:40:00,F0324,83.28,2.35,58.16,Healthy
2026-01-21 08:45:00,F0114,96.43,0.85,92.99,Low
2026-01-21 08:50:00,F0428,69.86,2.16,54.63,Low
2026-01-21 08:55:00,F0679,81.63,0.66,51.68,Healthy
2026-01-21 09:00:00,F0079,99.49,4.48,99.49,Low
2026-01-21 09:05:00,F0887,88.5,4.04,21.13,Critical
2026-01-21 09:10:00,F0418,37.84,4.34,31.34,Healthy
2026-01-21 09:15:00,F0979,90.79,1.01,82.91,Low
2026-01-21 09:20:00,F0888,86.26,2.35,83.28,Low
2026-01-21 09:25:00,F0224,64.93,3.06,10.34,Low
2026-01-21 09:30:00,F0860,92.15,2.63,91.39,Healthy
2026-01-21 09:35:00,F0595,80.55,3.51,52.56,Critical
2026-01-21 09:40:00,F0715,95.06,2.75,5.36,Healthy
2026-01-21 09:45:00,F0512,84.34,1.19,11.38,Healthy
2026-01-21 09:50:00,F0700,53.42,2.57,42.6,Critical
2026-01-21 09:55:00,F0708,83.64,2.07,17.17,Healthy
2026-01-21 10:00:00,F0079,90.61,0.78,42.16,Low
2026-01-21 10:05:00,F0038,71.73,2.73,61.39,Healthy
2026-01-21 10:10:00,F0488,34.93,3.09,31.05,Critical
2026-01-21 10:15:00,F0529,41.08,1.91,16.33,Low
2026-01-21 10:20:00,F0991,71.26,1.84,50.35,Healthy
2026-01-21 10:25:00,F0851,85.55,4.6,68.01,Healthy
2026-01-21 10:30:00,F0224,99.93,4.28,15.31,Critical
2026-01-21 10:35:00,F0985,75.06,0.9,63.21,Low
2026-01-21 10:40:00,F0615,16.82,4.08,10.58,Critical
2026-01-21 10:45:00,F0069,96.89,1.75,73.98,Critical
2026-01-21 10:50:00,F0261,98.66,4.91,73.91,Low
2026-01-21 10:55:00,F0109,98.74,4.51,86.76,Critical
2026-01-21 11:00:00,F0039,99.49,3.59,99.15,Healthy
2026-01-21 11:05:00,F0268,86.98,2.1,69.62,Low
2026-01-21 11:10:00,F0569,79.48,4.16,25.82,Low
2026-01-21 11:15:00,F0795,58.39,0.65,31.83,Healthy
2026-01-21 11:20:00,F0482,90.94,0.24,60.31,Critical
2026-01-21 11:25:00,F0981,60.25,3.38,39.99,Critical
2026-01-21 11:30:00,F0314,70.98,3.02,4.61,Low
2026-01-21 11:35:00,F0645,93.68,2.98,88.19,Low
2026-01-21 11:40:00,F0626,99.87,0.35,91.47,Critical
2026-01-21 11:45:00,F0652,92.79,3.57,86.62,Healthy
2026-01-21 11:50:00,F0429,95.01,4.74,32.86,Low
2026-01-21 11:55:00,F0987,60.96,0.52,50.82,Critical
2026-01-21 12:00:00,F0490,71.03,4.68,47.05,Critical
2026-01-21 12:05:00,F0301,33.17,2.5,13.61,Healthy
2026-01-21 12:10:00,F0176,74.52,1.07,70.63,Critical
2026-01-21 12:15:00,F0705,39.49,4.28,17.07,Critical
2026-01-21 12:20:00,F0831,86.79,4.0,52.52,Healthy
2026-01-21 12:25:00,F0241,52.05,4.58,41.18,Low
2026-01-21 12:30:00,F0558,37.74,4.53,31.27,Healthy
2026-01-21 12:35:00,F0304,74.31,1.69,64.88,Critical
2026-01-21 12:40:00,F0685,95.79,1.5,87.26,Healthy
2026-01-21 12:45:00,F0773,83.86,1.54,15.73,Low
2026-01-21 12:50:00,F0360,44.33,3.08,0.73,Critical
2026-01-21 12:55:00,F0528,96.5,0.64,89.44,Low
2026-01-21 13:00:00,F0281,80.01,4.9,65.74,Healthy
2026-01-21 13:05:00,F0507,65.26,2.96,61.27,Low
2026-01-21 13:10:00,F0919,76.31,2.79,19.24,Healthy
2026-01-21 13:15:00,F0138,90.99,1.74,46.75,Low
2026-01-21 13:20:00,F0639,94.91,4.95,83.88,Healthy
2026-01-21 13:25:00,F0078,69.81,4.16,50.86,Critical
2026-01-21 13:30:00,F0205,90.45,3.94,90.18,Low
2026-01-21 13:35:00,F0592,49.51,3.16,38.33,Critical
2026-01-21 13:40:00,F0248,99.96,0.37,99.01,Low
2026-01-21 13:45:00,F0960,74.24,2.03,38.22,Low
2026-01-21 13:50:00,F0240,82.79,3.92,59.99,Healthy
2026-01-21 13:55:00,F0855,65.3,0.65,53.73,Healthy
2026-01-21 14:00:00,F0624,90.8,2.8,62.51,Critical
2026-01-21 14:05:00,F0814,24.3,3.18,1.62,Low
2026-01-21 14:10:00,F0302,87.66,3.34,12.68,Healthy
2026-01-21 14:15:00,F0193,69.69,3.43,37.85,Low
2026-01-21 14:20:00,F0530,58.7,1.17,41.01,Critical
2026-01-21 14:25:00,F0484,70.63,4.77,60.45,Low
2026-01-21 14:30:00,F0447,57.53,4.79,10.25,Critical
2026-01-21 14:35:00,F0828,57.85,0.38,25.44,Low
2026-01-21 14:40:00,F0576,85.88,1.04,81.19,Healthy
2026-01-21 14:45:00,F0338,46.6,3.18,38.37,Low
2026-01-21 14:50:00,F0853,35.38,1.49,2.08,Healthy
2026-01-21 14:55:00,F0874,98.91,1.87,57.76,Critical
2026-01-21 15:00:00,F0383,92.93,4.69,63.36,Critical
2026-01-21 15:05:00,F0647,62.12,4.93,27.2,Healthy
2026-01-21 15:10:00,F0895,92.81,2.25,24.87,Low
2026-01-21 15:15:00,F0860,71.4,1.21,28.34,Low
2026-01-21 15:20:00,F0822,67.74,0.42,40.49,Critical
2026-01-21 15:25:00,F0818,88.65,0.22,52.3,Critical
2026-01-21 15:30:00,F0467,67.58,0.85,34.02,Healthy
2026-01-21 15:35:00,F0626,98.3,4.93,93.46,Critical
2026-01-21 15:40:00,F0441,97.78,2.01,40.2,Low
2026-01-21 15:45:00,F0017,69.51,3.13,58.9,Low
2026-01-21 15:50:00,F0658,95.61,2.4,70.08,Healthy
2026-01-21 15:55:00,F0053,92.76,4.36,87.22,Healthy
2026-01-21 16:00:00,F0083,98.59,3.18,84.63,Healthy
2026-01-21 16:05:00,F0816,98.26,1.23,96.34,Critical
2026-01-21 16:10:00,F0492,95.51,2.35,93.23,Low
2026-01-21 16:15:00,F0347,41.88,3.69,41.88,Healthy
2026-01-21 16:20:00,F0703,97.43,2.62,54.28,Healthy
2026-01-21 16:25:00,F0909,54.49,3.38,38.44,Critical
2026-01-21 16:30:00,F0993,90.31,1.18,68.31,Low
2026-01-21 16:35:00,F0530,78.0,3.27,61.07,Low
2026-01-21 16:40:00,F0332,92.77,4.89,1.86,Healthy
2026-01-21 16:45:00,F0725,79.04,3.95,64.57,Critical
2026-01-21 16:50:00,F0047,86.27,1.3,79.1,Healthy
2026-01-21 16:55:00,F0183,87.11,3.8,82.48,Critical
2026-01-21 17:00:00,F0602,83.21,2.46,43.46,Healthy
2026-01-21 17:05:00,F0982,91.2,4.05,89.95,Healthy
2026-01-21 17:10:00,F0699,99.69,1.79,84.45,Healthy
2026-01-21 17:15:00,F0439,99.95,4.38,53.89,Critical
2026-01-21 17:20:00,F0527,86.01,2.01,17.24,Healthy
2026-01-21 17:25:00,F0663,72.17,3.85,62.92,Low
2026-01-21 17:30:00,F0573,74.69,3.84,57.3,Healthy
2026-01-21 17:35:00,F0227,83.96,1.14,67.12,Healthy
2026-01-21 17:40:00,F0871,93.56,0.61,72.01,Healthy
2026-01-21 17:45:00,F0087,77.63,2.97,43.93,Critical
2026-01-21 17:50:00,F0943,75.18,0.21,64.85,Critical
2026-01-21 17:55:00,F0726,98.15,0.91,85.97,Low
2026-01-21 18:00:00,F0050,86.98,2.72,45.97,Healthy
2026-01-21 18:05:00,F0199,41.89,2.19,38.73,Critical
2026-01-21 18:10:00,F0217,81.52,1.42,42.25,Critical
2026-01-21 18:15:00,F0387,91.13,2.13,59.51,Critical
2026-01-21 18:20:00,F0074,76.61,1.37,73.87,Critical
2026-01-21 18:25:00,F0696,97.67,1.14,96.3,Low
2026-01-21 18:30:00,F0049,76.56,3.63,8.88,Low
2026-01-21 18:35:00,F0309,98.66,4.22,88.28,Low
2026-01-21 18:40:00,F0178,98.48,2.41,86.64,Critical
2026-01-21 18:45:00,F0402,55.72,0.85,41.35,Low
2026-01-21 18:50:00,F0924,77.35,3.54,53.82,Critical
2026-01-21 18:55:00,F0272,98.41,3.11,91.48,Low
2026-01-21 19:00:00,F0701,98.69,4.32,96.62,Low
2026-01-21 19:05:00,F0730,94.38,4.72,65.01,Low
2026-01-21 19:10:00,F0768,30.22,1.9,13.83,Low
2026-01-21 19:15:00,F0986,97.22,4.42,78.72,Healthy
2026-01-21 19:20:00,F0289,76.83,2.44,47.62,Healthy
2026-01-21 19:25:00,F0492,96.94,0.92,26.51,Low
2026-01-21 19:30:00,F0360,78.52,0.59,46.72,Healthy
2026-01-21 19:35:00,F0785,82.76,0.56,29.8,Healthy
2026-01-21 19:40:00,F0060,86.83,1.2,65.17,Healthy
2026-01-21 19:45:00,F0757,94.69,0.42,64.33,Healthy
2026-01-21 19:50:00,F0519,86.9,1.99,79.63,Healthy
2026-01-21 19:55:00,F0251,44.18,1.59,24.22,Critical
2026-01-21 20:00:00,F0433,99.42,4.04,98.32,Low
2026-01-21 20:05:00,F0886,93.5,4.78,24.6,Critical
2026-01-21 20:10:00,F0647,98.6,2.18,13.01,Critical
2026-01-21 20:15:00,F0981,91.65,3.42,91.54,Healthy
2026-01-21 20:20:00,F0755,99.97,0.34,26.02,Healthy
2026-01-21 20:25:00,F0599,82.79,3.73,7.01,Critical
2026-01-21 20:30:00,F0706,41.19,2.22,36.17,Critical
2026-01-21 20:35:00,F0322,70.07,3.04,50.19,Healthy
2026-01-21 20:40:00,F0515,89.66,0.69,8.68,Healthy
2026-01-21 20:45:00,F0412,98.22,2.35,74.89,Low
2026-01-21 20:50:00,F0436,51.09,3.7,7.65,Healthy
2026-01-21 20:55:00,F0499,71.05,3.87,51.07,Critical
2026-01-21 21:00:00,F0422,73.31,3.66,0.01,Low
2026-01-21 21:05:00,F0561,94.54,4.32,67.12,Healthy
2026-01-21 21:10:00,F0137,81.7,0.28,70.82,Low
2026-01-21 21:15:00,F0018,75.34,4.89,40.41,Critical
2026-01-21 21:20:00,F0719,89.91,0.53,64.19,Healthy
2026-01-21 21:25:00,F0722,74.73,0.22,69.17,Healthy
2026-01-21 21:30:00,F0324,92.72,4.56,49.64,Low
2026-01-21 21:35:00,F0433,93.9,3.47,83.82,Healthy
2026-01-21 21:40:00,F0069,91.93,0.52,91.46,Healthy
2026-01-21 21:45:00,F0316,92.24,2.75,87.57,Low
2026-01-21 21:50:00,F0605,45.52,4.36,30.75,Healthy
2026-01-21 21:55:00,F0172,62.69,3.72,25.33,Low
2026-01-21 22:00:00,F0003,90.61,4.35,45.52,Healthy
2026-01-21 22:05:00,F0953,39.67,1.46,32.73,Critical
2026-01-21 22:10:00,F0802,96.49,1.0,87.38,Critical
2026-01-21 22:15:00,F0085,66.64,1.28,48.09,Critical
2026-01-21 22:20:00,F0417,97.94,3.47,91.58,Low
2026-01-21 22:25:00,F0310,65.29,4.36,31.01,Healthy
2026-01-21 22:30:00,F0079,93.52,4.85,20.38,Critical
2026-01-21 22:35:00,F0383,79.0,0.24,67.43,Healthy
2026-01-21 22:40:00,F0326,57.4,4.73,26.75,Critical
2026-01-21 22:45:00,F0959,99.09,1.88,81.47,Critical
2026-01-21 22:50:00,F0122,81.34,1.95,77.58,Low
2026-01-21 22:55:00,F0827,94.46,1.77,55.04,Critical
2026-01-21 23:00:00,F0908,34.39,2.97,5.79,Critical
2026-01-21 23:05:00,F0568,82.89,0.56,79.37,Low
2026-01-21 23:10:00,F0997,89.25,4.08,33.03,Healthy
2026-01-21 23:15:00,F0221,76.37,1.86,37.68,Critical
2026-01-21 23:20:00,F0319,67.23,4.3,20.55,Critical
2026-01-21 23:25:00,F0734,89.25,2.95,76.22,Healthy
2026-01-21 23:30:00,F0067,98.94,4.97,73.23,Low
2026-01-21 23:35:00,F0622,88.31,1.11,86.61,Healthy
2026-01-21 23:40:00,F0898,78.61,0.95,31.18,Low
2026-01-21 23:45:00,F0782,67.73,3.77,57.42,Healthy
2026-01-21 23:50:00,F0065,85.66,3.73,84.04,Critical
2026-01-21 23:55:00,F0093,44.69,2.47,31.44,Healthy
2026-01-22 00:00:00,F0086,43.42,2.13,29.57,Low
2026-01-22 00:05:00,F0056,90.57,1.91,88.27,Healthy
2026-01-22 00:10:00,F0315,36.07,0.39,32.07,Low
2026-01-22 00:15:00,F0730,9.73,2.32,1.03,Healthy
2026-01-22 00:20:00,F0418,98.81,3.16,89.37,Low
2026-01-22 00:25:00,F0328,91.04,1.65,61.39,Low
2026-01-22 00:30:00,F0768,66.32,4.23,40.68,Low
2026-01-22 00:35:00,F0572,40.62,4.45,32.55,Critical
2026-01-22 00:40:00,F0417,97.64,3.07,97.38,Critical
2026-01-22 00:45:00,F0057,90.63,3.07,85.77,Low
2026-01-22 00:50:00,F0752,73.53,0.59,30.68,Healthy
2026-01-22 00:55:00,F0767,91.96,4.86,2.29,Low
2026-01-22 01:00:00,F0018,99.32,2.03,98.22,Healthy
2026-01-22 01:05:00,F0745,98.43,4.46,89.52,Critical
2026-01-22 01:10:00,F0820,72.73,0.97,63.64,Critical
2026-01-22 01:15:00,F0516,48.94,2.77,12.35,Healthy
2026-01-22 01:20:00,F0365,83.93,0.6,15.19,Critical
2026-01-22 01:25:00,F0634,62.99,3.32,40.21,Critical
2026-01-22 01:30:00,F0199,78.58,4.78,77.91,Critical
2026-01-22 01:35:00,F0089,95.07,2.95,27.1,Critical
2026-01-22 01:40:00,F0678,23.34,1.86,0.39,Critical
2026-01-22 01:45:00,F0505,86.57,4.7,63.34,Healthy
2026-01-22 01:50:00,F0721,86.95,2.85,76.01,Healthy
2026-01-22 01:55:00,F0677,96.65,0.35,15.79,Low
2026-01-22 02:00:00,F0506,94.25,1.48,91.29,Critical
2026-01-22 02:05:00,F0962,61.36,4.06,12.88,Healthy
2026-01-22 02:10:00,F0191,39.72,1.88,14.47,Critical
2026-01-22 02:15:00,F0906,99.92,1.79,81.14,Critical
2026-01-22 02:20:00,F0971,91.55,4.66,2.31,Critical
2026-01-22 02:25:00,F0566,42.58,4.07,39.94,Healthy
2026-01-22 02:30:00,F0014,32.39,4.69,17.35,Low
2026-01-22 02:35:00,F0270,97.54,4.27,78.32,Low
2026-01-22 02:40:00,F0990,99.91,2.12,95.46,Low
2026-01-22 02:45:00,F0086,28.82,2.98,4.17,Critical
2026-01-22 02:50:00,F0447,75.39,3.7,50.27,Low
2026-01-22 02:55:00,F0923,96.42,1.45,96.29,Low
2026-01-22 03:00:00,F0138,61.86,4.24,32.92,Healthy
2026-01-22 03:05:00,F0523,76.16,2.56,51.48,Low
2026-01-22 03:10:00,F0934,84.38,2.03,72.8,Critical
2026-01-22 03:15:00,F0675,70.1,1.34,62.34,Healthy
2026-01-22 03:20:00,F0864,95.77,0.81,41.67,Critical
2026-01-22 03:25:00,F0745,11.84,0.62,2.3,Healthy
2026-01-22 03:30:00,F0851,68.01,0.24,55.6,Critical
2026-01-22 03:35:00,F0082,92.96,3.82,27.71,Critical
2026-01-22 03:40:00,F0338,62.18,1.23,61.54,Healthy
2026-01-22 03:45:00,F0534,96.56,3.71,75.99,Critical
2026-01-22 03:50:00,F0574,94.53,3.87,79.76,Healthy
2026-01-22 03:55:00,F0604,96.59,2.93,95.07,Critical
2026-01-22 04:00:00,F0749,95.29,1.45,75.35,Healthy
2026-01-22 04:05:00,F0575,97.59,1.32,95.7,Healthy
2026-01-22 04:10:00,F0419,98.24,4.44,58.85,Low
2026-01-22 04:15:00,F0747,65.81,0.47,21.51,Healthy
2026-01-22 04:20:00,F0828,55.73,3.7,12.61,Critical
2026-01-22 04:25:00,F0835,64.06,2.65,25.58,Critical
2026-01-22 04:30:00,F0340,92.21,3.9,52.87,Low
2026-01-22 04:35:00,F0377,96.61,0.92,68.88,Critical
2026-01-22 04:40:00,F0908,95.06,2.77,93.93,Healthy
2026-01-22 04:45:00,F0002,78.01,0.99,52.55,Healthy
2026-01-22 04:50:00,F0043,70.36,0.94,52.69,Low
2026-01-22 04:55:00,F0745,94.17,2.67,89.83,Low
2026-01-22 05:00:00,F0420,83.6,4.19,68.15,Critical
2026-01-22 05:05:00,F0286,97.43,0.29,49.52,Low
2026-01-22 05:10:00,F0752,99.48,1.25,80.17,Low
2026-01-22 05:15:00,F0151,77.66,4.19,57.45,Healthy
2026-01-22 05:20:00,F0490,29.35,3.25,23.11,Low
2026-01-22 05:25:00,F0615,97.01,3.48,89.72,Critical
2026-01-22 05:30:00,F0282,68.25,2.61,15.86,Critical
2026-01-22 05:35:00,F0703,73.39,4.83,70.85,Healthy
2026-01-22 05:40:00,F0701,86.07,1.6,70.58,Healthy
2026-01-22 05:45:00,F0767,49.73,1.75,42.85,Critical
2026-01-22 05:50:00,F0264,55.27,3.16,11.78,Low
2026-01-22 05:55:00,F0326,49.99,3.14,22.4,Healthy
2026-01-22 06:00:00,F0909,86.88,3.94,76.75,Healthy
2026-01-22 06:05:00,F0244,84.41,2.31,61.14,Critical
2026-01-22 06:10:00,F0212,56.92,4.08,0.79,Low
2026-01-22 06:15:00,F0113,75.25,4.13,73.64,Low
2026-01-22 06:20:00,F0755,80.28,4.22,78.43,Low
2026-01-22 06:25:00,F0945,64.15,3.33,57.56,Low
2026-01-22 06:30:00,F0811,79.41,2.72,14.46,Critical
2026-01-22 06:35:00,F0492,68.62,3.91,21.5,Low
2026-01-22 06:40:00,F0785,78.08,0.43,41.02,Low
2026-01-22 06:45:00,F0824,97.46,3.53,43.59,Critical
2026-01-22 06:50:00,F0813,90.87,4.86,87.42,Healthy
2026-01-22 06:55:00,F0859,20.05,1.64,19.65,Low
2026-01-22 07:00:00,F0814,90.18,2.31,87.05,Critical
2026-01-22 07:05:00,F0951,69.11,4.94,39.91,Low
2026-01-22 07:10:00,F0354,91.97,1.51,32.63,Healthy
2026-01-22 07:15:00,F0912,60.27,4.48,58.58,Low
2026-01-22 07:20:00,F0413,87.0,1.48,48.46,Critical
2026-01-22 07:25:00,F0341,71.49,2.58,70.05,Critical
2026-01-22 07:30:00,F0307,88.3,4.64,20.62,Critical
2026-01-22 07:35:00,F0728,86.81,0.71,57.34,Critical
2026-01-22 07:40:00,F0642,90.06,1.88,82.1,Critical
2026-01-22 07:45:00,F0175,77.81,2.61,15.36,Healthy
2026-01-22 07:50:00,F0740,99.64,4.76,87.95,Critical
2026-01-22 07:55:00,F0021,87.81,1.24,83.84,Critical
2026-01-22 08:00:00,F0143,65.8,1.83,49.71,Healthy
2026-01-22 08:05:00,F0223,95.0,2.05,91.42,Critical
2026-01-22 08:10:00,F0296,69.29,2.49,37.08,Critical
2026-01-22 08:15:00,F0853,76.39,2.34,39.54,Healthy
2026-01-22 08:20:00,F0801,84.51,4.18,83.12,Critical
2026-01-22 08:25:00,F0067,88.1,4.7,69.7,Low
2026-01-22 08:30:00,F0694,56.24,1.98,48.33,Critical
2026-01-22 08:35:00,F0800,49.9,0.66,27.73,Healthy
2026-01-22 08:40:00,F0283,62.29,3.43,33.91,Critical
2026-01-22 08:45:00,F0251,85.01,2.7,54.15,Critical
2026-01-22 08:50:00,F0279,90.57,1.81,78.06,Low
2026-01-22 08:55:00,F0597,87.8,1.88,44.49,Healthy
2026-01-22 09:00:00,F0628,63.85,1.94,48.14,Low
2026-01-22 09:05:00,F0314,87.3,3.6,64.86,Healthy
2026-01-22 09:10:00,F0505,99.15,2.27,98.4,Healthy
2026-01-22 09:15:00,F0974,71.04,2.17,33.63,Healthy
2026-01-22 09:20:00,F0628,79.87,4.18,72.59,Healthy
2026-01-22 09:25:00,F0306,84.3,4.74,48.69,Healthy
2026-01-22 09:30:00,F0128,64.92,1.93,34.58,Healthy
2026-01-22 09:35:00,F0659,98.31,0.73,66.4,Low
2026-01-22 09:40:00,F0630,87.44,4.32,46.23,Low
2026-01-22 09:45:00,F0269,91.98,0.54,24.04,Critical
2026-01-22 09:50:00,F0375,69.99,0.84,53.66,Low
2026-01-22 09:55:00,F0229,97.16,1.82,96.19,Low
2026-01-22 10:00:00,F0317,73.29,4.84,27.04,Healthy
2026-01-22 10:05:00,F0479,78.69,1.78,39.35,Healthy
2026-01-22 10:10:00,F0149,71.01,1.71,61.96,Critical
2026-01-22 10:15:00,F0855,71.67,1.99,36.67,Critical
2026-01-22 10:20:00,F0498,95.92,3.97,74.99,Critical
2026-01-22 10:25:00,F0514,74.34,4.2,59.78,Healthy
2026-01-22 10:30:00,F0920,70.74,2.13,65.36,Critical
2026-01-22 10:35:00,F0796,91.85,1.46,77.34,Healthy
2026-01-22 10:40:00,F0671,84.77,1.34,41.05,Critical
2026-01-22 10:45:00,F0105,31.47,0.21,30.2,Low
2026-01-22 10:50:00,F0649,98.55,3.05,40.04,Critical
2026-01-22 10:55:00,F0605,54.14,3.7,9.6,Low
2026-01-22 11:00:00,F0998,91.43,4.07,72.04,Low
2026-01-22 11:05:00,F0349,40.41,1.88,12.45,Healthy
2026-01-22 11:10:00,F0382,97.05,1.24,51.82,Critical
2026-01-22 11:15:00,F0196,87.43,0.38,76.66,Critical
2026-01-22 11:20:00,F0357,83.83,0.68,82.46,Critical
2026-01-22 11:25:00,F0108,69.05,3.36,67.78,Low
2026-01-22 11:30:00,F0810,86.48,4.71,74.97,Critical
2026-01-22 11:35:00,F0718,66.63,0.36,26.97,Critical
2026-01-22 11:40:00,F0101,43.6,2.74,17.81,Low
2026-01-22 11:45:00,F0374,97.59,0.95,90.39,Critical
2026-01-22 11:50:00,F0811,91.46,1.33,81.04,Critical
2026-01-22 11:55:00,F0203,56.81,2.13,42.42,Low
2026-01-22 12:00:00,F0815,93.8,1.35,48.68,Low
2026-01-22 12:05:00,F0060,71.67,3.05,70.32,Low
2026-01-22 12:10:00,F0798,31.5,2.76,12.81,Healthy
2026-01-22 12:15:00,F0110,97.84,1.31,96.7,Healthy
2026-01-22 12:20:00,F0619,68.56,0.56,61.21,Low
2026-01-22 12:25:00,F0318,95.47,1.69,91.08,Critical
2026-01-22 12:30:00,F0231,74.66,2.14,22.67,Low
2026-01-22 12:35:00,F0453,77.52,3.91,47.98,Healthy
2026-01-22 12:40:00,F0201,99.82,1.49,95.07,Critical
2026-01-22 12:45:00,F0681,92.27,4.87,76.76,Healthy
2026-01-22 12:50:00,F0373,93.38,3.43,91.42,Critical
2026-01-22 12:55:00,F0400,89.51,1.95,43.7,Healthy
2026-01-22 13:00:00,F0972,68.04,4.88,51.37,Critical
2026-01-22 13:05:00,F0606,69.05,4.51,41.51,Low
2026-01-22 13:10:00,F0519,74.89,4.04,70.75,Critical
2026-01-22 13:15:00,F0830,45.35,4.71,39.03,Healthy
2026-01-22 13:20:00,F0171,93.34,4.79,67.22,Healthy
2026-01-22 13:25:00,F0163,50.11,3.36,26.39,Low
2026-01-22 13:30:00,F0658,53.14,0.72,8.26,Critical
2026-01-22 13:35:00,F0830,93.21,4.9,56.76,Critical
2026-01-22 13:40:00,F0327,96.74,2.09,86.51,Low
2026-01-22 13:45:00,F0937,97.37,3.22,96.38,Low
2026-01-22 13:50:00,F0325,90.6,1.07,70.01,Low
2026-01-22 13:55:00,F0817,65.8,0.57,28.64,Critical
2026-01-22 14:00:00,F0351,95.56,4.28,53.23,Healthy
2026-01-22 14:05:00,F0990,36.13,4.62,21.38,Healthy
2026-01-22 14:10:00,F0846,75.16,0.89,68.71,Critical
2026-01-22 14:15:00,F0456,85.49,0.68,64.35,Critical
2026-01-22 14:20:00,F0798,48.58,1.64,42.88,Low
2026-01-22 14:25:00,F0687,89.79,4.71,86.2,Healthy
2026-01-22 14:30:00,F0535,38.36,4.74,16.58,Healthy
2026-01-22 14:35:00,F0921,97.98,1.75,19.83,Healthy
2026-01-22 14:40:00,F0934,59.27,2.33,11.13,Low
2026-01-22 14:45:00,F0797,48.76,0.21,1.14,Low
2026-01-22 14:50:00,F0750,95.87,2.45,92.01,Critical
2026-01-22 14:55:00,F0446,66.86,2.22,1.06,Healthy
2026-01-22 15:00:00,F0148,98.46,1.34,97.13,Critical
2026-01-22 15:05:00,F0495,77.06,0.21,60.37,Critical
2026-01-22 15:10:00,F0097,86.83,3.26,83.83,Low
2026-01-22 15:15:00,F0529,59.37,1.55,14.73,Low
2026-01-22 15:20:00,F0400,60.61,3.35,56.09,Critical
2026-01-22 15:25:00,F0166,86.56,1.29,22.24,Low
2026-01-22 15:30:00,F0263,96.84,3.34,84.5,Critical
2026-01-22 15:35:00,F0086,76.54,1.63,42.94,Low
2026-01-22 15:40:00,F0237,69.64,3.65,3.7,Critical
2026-01-22 15:45:00,F0816,97.19,2.06,68.17,Critical
2026-01-22 15:50:00,F0499,71.93,2.91,3.32,Critical
2026-01-22 15:55:00,F0678,34.66,1.63,1.55,Healthy
2026-01-22 16:00:00,F0127,90.65,3.06,70.52,Critical
2026-01-22 16:05:00,F0103,58.92,4.34,6.92,Healthy
2026-01-22 16:10:00,F0476,74.65,2.82,39.71,Healthy
2026-01-22 16:15:00,F0945,97.89,1.04,46.24,Healthy
2026-01-22 16:20:00,F0747,90.79,1.4,6.7,Healthy
2026-01-22 16:25:00,F0815,81.86,1.84,78.1,Healthy
2026-01-22 16:30:00,F0952,63.16,0.74,14.06,Healthy
2026-01-22 16:35:00,F0283,71.53,2.65,55.04,Critical
2026-01-22 16:40:00,F0238,92.88,4.35,1.05,Healthy
2026-01-22 16:45:00,F0516,82.52,1.97,77.27,Low
2026-01-22 16:50:00,F0005,70.82,4.23,19.21,Low
2026-01-22 16:55:00,F0872,87.46,1.35,36.21,Healthy
2026-01-22 17:00:00,F0588,61.19,1.82,48.0,Healthy
2026-01-22 17:05:00,F0898,79.94,3.59,77.15,Healthy
2026-01-22 17:10:00,F0784,97.54,1.66,73.44,Healthy
2026-01-22 17:15:00,F0586,31.14,2.81,15.05,Low
2026-01-22 17:20:00,F0494,73.62,4.77,36.76,Critical
2026-01-22 17:25:00,F0777,72.11,4.67,57.82,Critical
2026-01-22 17:30:00,F0878,72.3,2.57,45.38,Low
2026-01-22 17:35:00,F0513,80.32,1.12,69.93,Low
2026-01-22 17:40:00,F0133,93.56,4.49,90.76,Low
2026-01-22 17:45:00,F0096,91.05,3.55,91.01,Low
2026-01-22 17:50:00,F0647,82.14,4.08,25.34,Critical
2026-01-22 17:55:00,F0573,77.41,1.2,59.06,Low
2026-01-22 18:00:00,F0414,79.12,2.88,11.53,Low
2026-01-22 18:05:00,F0010,92.38,3.4,46.48,Low
2026-01-22 18:10:00,F0672,95.8,1.69,27.98,Critical
2026-01-22 18:15:00,F0651,96.25,4.04,93.12,Critical
2026-01-22 18:20:00,F0484,94.3,4.25,84.2,Healthy
2026-01-22 18:25:00,F0811,29.7,1.28,4.46,Low
2026-01-22 18:30:00,F0935,86.19,3.67,74.84,Low
2026-01-22 18:35:00,F0120,98.63,1.47,89.61,Healthy
2026-01-22 18:40:00,F0045,67.44,1.55,30.22,Critical
2026-01-22 18:45:00,F0822,60.91,4.39,30.35,Healthy
2026-01-22 18:50:00,F0397,99.86,2.8,84.37,Healthy
2026-01-22 18:55:00,F0053,87.97,4.26,85.64,Low
2026-01-22 19:00:00,F0369,95.58,4.27,59.44,Critical
2026-01-22 19:05:00,F0852,85.27,1.63,71.81,Healthy
2026-01-22 19:10:00,F0590,95.83,0.45,10.52,Low
2026-01-22 19:15:00,F0690,61.23,4.43,39.22,Critical
2026-01-22 19:20:00,F0579,44.83,1.84,35.11,Low
2026-01-22 19:25:00,F0304,64.08,2.06,15.17,Critical
2026-01-22 19:30:00,F0777,78.83,4.73,33.79,Healthy
2026-01-22 19:35:00,F0702,68.83,3.12,58.0,Low
2026-01-22 19:40:00,F0864,72.5,1.87,52.84,Low
2026-01-22 19:45:00,F0945,75.0,3.03,37.9,Critical
2026-01-22 19:50:00,F0136,77.95,2.16,71.78,Low
2026-01-22 19:55:00,F0883,91.81,2.49,78.18,Low
2026-01-22 20:00:00,F0384,93.45,4.47,88.32,Low
2026-01-22 20:05:00,F0915,58.71,3.34,4.09,Low
2026-01-22 20:10:00,F0189,54.51,1.27,14.43,Critical
2026-01-22 20:15:00,F0805,82.13,4.63,80.79,Healthy
2026-01-22 20:20:00,F0367,28.04,2.3,5.52,Healthy
2026-01-22 20:25:00,F0677,28.0,3.07,13.0,Healthy
2026-01-22 20:30:00,F0172,79.43,4.84,40.69,Low
2026-01-22 20:35:00,F0795,74.81,1.31,20.17,Healthy
2026-01-22 20:40:00,F0952,63.67,0.89,5.19,Healthy
2026-01-22 20:45:00,F0834,84.11,2.02,25.22,Critical
2026-01-22 20:50:00,F0387,99.47,4.21,88.96,Critical
2026-01-22 20:55:00,F0940,98.83,1.44,98.49,Healthy
2026-01-22 21:00:00,F0350,47.73,1.85,39.88,Low
2026-01-22 21:05:00,F0614,89.76,2.08,53.77,Low
2026-01-22 21:10:00,F0733,31.08,2.63,9.03,Healthy
2026-01-22 21:15:00,F0260,94.22,2.04,3.3,Critical
2026-01-22 21:20:00,F0491,91.86,2.87,88.58,Low
2026-01-22 21:25:00,F0772,68.21,0.76,24.54,Critical
2026-01-22 21:30:00,F0987,86.18,1.43,78.33,Low
2026-01-22 21:35:00,F0254,90.51,2.74,90.45,Low
2026-01-22 21:40:00,F0374,98.27,4.97,41.02,Low
2026-01-22 21:45:00,F0975,97.2,2.5,80.07,Low
2026-01-22 21:50:00,F0407,75.13,3.26,55.06,Healthy
2026-01-22 21:55:00,F0974,91.07,0.4,67.87,Healthy
2026-01-22 22:00:00,F0493,23.13,1.4,16.88,Healthy
2026-01-22 22:05:00,F0926,99.69,0.65,90.2,Low
2026-01-22 22:10:00,F0975,96.59,4.83,56.02,Critical
2026-01-22 22:15:00,F0484,89.68,3.38,77.57,Critical
2026-01-22 22:20:00,F0532,96.18,2.52,52.45,Low
2026-01-22 22:25:00,F0821,26.38,4.03,20.3,Healthy
2026-01-22 22:30:00,F0178,96.06,2.92,80.56,Critical
2026-01-22 22:35:00,F0402,93.91,2.47,81.74,Low
2026-01-22 22:40:00,F0779,46.44,2.25,30.04,Healthy
2026-01-22 22:45:00,F0020,75.77,2.63,54.19,Low
2026-01-22 22:50:00,F0320,56.42,0.4,7.86,Low
2026-01-22 22:55:00,F0698,69.15,0.92,68.48,Healthy
2026-01-22 23:00:00,F0741,73.16,3.35,73.06,Low
2026-01-22 23:05:00,F0408,53.45,1.96,36.09,Low
2026-01-22 23:10:00,F0713,83.94,3.17,52.98,Healthy
2026-01-22 23:15:00,F0135,43.88,4.46,5.56,Low
2026-01-22 23:20:00,F0365,85.02,3.75,31.95,Healthy
2026-01-22 23:25:00,F0283,67.16,3.47,40.58,Healthy
2026-01-22 23:30:00,F0057,95.13,1.3,82.52,Low
2026-01-22 23:35:00,F0556,67.07,3.88,53.46,Healthy
2026-01-22 23:40:00,F0976,49.9,2.95,20.17,Low
2026-01-22 23:45:00,F0408,61.84,1.34,14.18,Critical
2026-01-22 23:50:00,F0091,72.15,0.25,70.72,Low
2026-01-22 23:55:00,F0138,43.76,4.89,33.56,Low
2026-01-23 00:00:00,F0351,82.69,1.49,48.54,Critical
2026-01-23 00:05:00,F0098,84.01,3.18,70.37,Low
2026-01-23 00:10:00,F0624,45.74,0.71,4.43,Low
2026-01-23 00:15:00,F0076,71.2,0.33,66.93,Critical
2026-01-23 00:20:00,F0563,61.96,0.77,13.07,Critical
2026-01-23 00:25:00,F0153,78.42,0.81,72.09,Critical
2026-01-23 00:30:00,F0663,59.78,0.22,45.0,Healthy
2026-01-23 00:35:00,F0608,87.84,3.01,75.4,Healthy
2026-01-23 00:40:00,F0381,75.82,4.83,34.37,Low
2026-01-23 00:45:00,F0822,97.01,0.57,81.06,Critical
2026-01-23 00:50:00,F0997,85.89,0.6,64.59,Healthy
2026-01-23 00:55:00,F0471,98.37,2.44,90.4,Low
2026-01-23 01:00:00,F0318,93.67,0.73,69.6,Healthy
2026-01-23 01:05:00,F0597,87.85,4.09,29.9,Low
2026-01-23 01:10:00,F0530,66.45,0.83,15.85,Critical
2026-01-23 01:15:00,F0589,46.67,0.54,23.77,Low
2026-01-23 01:20:00,F0445,97.93,1.33,72.76,Critical
2026-01-23 01:25:00,F0265,97.51,2.5,78.94,Low
2026-01-23 01:30:00,F0351,70.05,1.67,19.13,Low
2026-01-23 01:35:00,F0619,80.96,2.42,62.26,Low
2026-01-23 01:40:00,F0771,93.87,0.73,36.19,Critical
2026-01-23 01:45:00,F0693,92.85,1.27,85.14,Critical
2026-01-23 01:50:00,F0049,91.94,0.95,4.3,Healthy
2026-01-23 01:55:00,F0304,28.39,2.76,27.02,Healthy
2026-01-23 02:00:00,F0052,58.91,2.99,29.3,Critical
2026-01-23 02:05:00,F0616,30.89,0.44,3.06,Healthy
2026-01-23 02:10:00,F0426,55.15,1.9,41.9,Healthy
2026-01-23 02:15:00,F0798,55.99,1.01,28.8,Critical
2026-01-23 02:20:00,F0158,87.69,0.8,83.33,Healthy
2026-01-23 02:25:00,F0610,40.07,3.95,22.08,Healthy
2026-01-23 02:30:00,F0998,95.21,1.49,71.78,Healthy
2026-01-23 02:35:00,F0248,92.54,3.46,91.24,Healthy
2026-01-23 02:40:00,F0840,96.99,0.75,94.42,Healthy
2026-01-23 02:45:00,F0984,55.22,4.57,39.6,Low
2026-01-23 02:50:00,F0012,42.85,4.85,42.11,Critical
2026-01-23 02:55:00,F0817,92.38,1.48,6.58,Healthy
2026-01-23 03:00:00,F0755,63.02,1.78,21.74,Low
2026-01-23 03:05:00,F0552,53.55,1.67,44.84,Critical
2026-01-23 03:10:00,F0781,81.94,4.01,24.24,Low
2026-01-23 03:15:00,F0493,96.61,3.49,61.65,Low
2026-01-23 03:20:00,F0884,86.88,0.6,79.73,Critical
2026-01-23 03:25:00,F0935,44.26,1.01,1.99,Healthy
2026-01-23 03:30:00,F0413,94.3,2.43,74.18,Low
2026-01-23 03:35:00,F0577,15.23,3.65,1.06,Healthy
2026-01-23 03:40:00,F0443,84.52,3.58,57.46,Low
2026-01-23 03:45:00,F0661,97.87,2.15,84.24,Low
2026-01-23 03:50:00,F0863,64.28,2.37,30.11,Critical
2026-01-23 03:55:00,F0054,89.95,1.73,70.57,Critical
2026-01-23 04:00:00,F0411,94.07,1.04,92.11,Critical
2026-01-23 04:05:00,F0063,85.05,0.89,49.27,Critical
2026-01-23 04:10:00,F0275,89.31,4.76,43.29,Critical
2026-01-23 04:15:00,F0701,96.58,1.14,22.46,Critical
2026-01-23 04:20:00,F0218,59.18,0.29,40.02,Critical
2026-01-23 04:25:00,F0706,81.86,3.03,77.79,Low
2026-01-23 04:30:00,F0343,74.73,2.45,17.45,Low
2026-01-23 04:35:00,F0101,86.05,4.17,19.81,Healthy
2026-01-23 04:40:00,F0349,42.15,4.68,24.63,Healthy
2026-01-23 04:45:00,F0186,70.63,4.22,62.91,Healthy
2026-01-23 04:50:00,F0301,52.62,0.69,42.31,Low
2026-01-23 04:55:00,F0384,97.14,0.3,93.34,Healthy
2026-01-23 05:00:00,F0236,73.03,2.4,71.46,Low
2026-01-23 05:05:00,F0129,42.67,4.6,4.48,Healthy
2026-01-23 05:10:00,F0500,96.77,1.77,82.15,Critical
2026-01-23 05:15:00,F0880,38.49,4.75,8.98,Low
2026-01-23 05:20:00,F0650,96.82,3.02,5.41,Critical
2026-01-23 05:25:00,F0838,90.08,0.93,5.23,Critical
2026-01-23 05:30:00,F0073,80.29,4.74,67.51,Healthy
2026-01-23 05:35:00,F0877,92.4,0.95,59.37,Healthy
2026-01-23 05:40:00,F0037,82.7,1.32,13.16,Low
2026-01-23 05:45:00,F0256,79.16,0.56,77.07,Critical
2026-01-23 05:50:00,F0733,97.43,1.86,97.37,Critical
2026-01-23 05:55:00,F0261,69.8,3.51,22.32,Healthy
2026-01-23 06:00:00,F0709,65.87,4.4,61.65,Low
2026-01-23 06:05:00,F0125,92.86,1.71,85.83,Low
2026-01-23 06:10:00,F0647,97.66,1.31,43.22,Critical
2026-01-23 06:15:00,F0861,34.52,1.53,13.15,Low
2026-01-23 06:20:00,F0077,86.4,2.17,12.03,Critical
2026-01-23 06:25:00,F0972,79.01,2.77,66.96,Critical
2026-01-23 06:30:00,F0798,43.79,1.72,43.26,Healthy
2026-01-23 06:35:00,F0297,62.76,4.71,45.82,Healthy
2026-01-23 06:40:00,F0513,67.82,3.11,5.47,Low
2026-01-23 06:45:00,F0899,81.56,2.22,66.76,Healthy
2026-01-23 06:50:00,F0433,78.68,3.49,30.61,Healthy
2026-01-23 06:55:00,F0608,97.78,2.62,91.29,Healthy
2026-01-23 07:00:00,F0773,36.27,0.58,10.93,Low
2026-01-23 07:05:00,F0615,92.85,4.28,73.27,Healthy
2026-01-23 07:10:00,F0101,74.32,2.66,48.56,Critical
2026-01-23 07:15:00,F0918,91.85,0.38,59.39,Low
2026-01-23 07:20:00,F0536,73.99,2.05,65.64,Healthy
2026-01-23 07:25:00,F0752,82.69,2.64,40.76,Low
2026-01-23 07:30:00,F0431,41.05,4.12,8.86,Critical
2026-01-23 07:35:00,F0606,7.93,1.88,4.57,Low
2026-01-23 07:40:00,F0777,70.49,2.12,33.41,Healthy
2026-01-23 07:45:00,F0491,40.14,1.05,38.02,Healthy
2026-01-23 07:50:00,F0654,71.5,0.95,71.45,Critical
2026-01-23 07:55:00,F0459,88.0,3.41,11.23,Healthy
2026-01-23 08:00:00,F0290,76.16,2.4,63.23,Healthy
2026-01-23 08:05:00,F0800,85.29,1.27,46.61,Healthy
2026-01-23 08:10:00,F0619,99.06,1.27,95.94,Low
2026-01-23 08:15:00,F0644,98.08,2.7,95.23,Critical
2026-01-23 08:20:00,F0291,58.92,3.28,37.12,Critical
2026-01-23 08:25:00,F0267,95.11,2.18,54.86,Low
2026-01-23 08:30:00,F0389,97.08,2.91,48.08,Critical
2026-01-23 08:35:00,F0890,69.58,2.21,51.51,Critical
2026-01-23 08:40:00,F0436,40.45,2.56,33.76,Low
2026-01-23 08:45:00,F0815,78.62,0.42,35.43,Low
2026-01-23 08:50:00,F0949,87.54,1.19,82.1,Healthy
2026-01-23 08:55:00,F0215,82.92,4.6,50.38,Critical
2026-01-23 09:00:00,F0358,93.42,0.28,93.2,Critical
2026-01-23 09:05:00,F0810,88.96,1.86,83.49,Healthy
2026-01-23 09:10:00,F0814,60.25,2.45,24.02,Healthy
2026-01-23 09:15:00,F0705,39.0,1.16,1.84,Critical
2026-01-23 09:20:00,F0426,56.45,3.04,48.1,Healthy
2026-01-23 09:25:00,F0013,79.46,2.83,37.12,Healthy
2026-01-23 09:30:00,F0384,26.22,3.39,14.36,Low
2026-01-23 09:35:00,F0351,37.53,0.31,33.7,Low
2026-01-23 09:40:00,F0738,99.73,0.35,58.99,Healthy
2026-01-23 09:45:00,F0214,84.98,3.01,66.58,Critical
2026-01-23 09:50:00,F0533,91.69,2.13,84.66,Critical
2026-01-23 09:55:00,F0220,52.91,1.69,47.83,Healthy
2026-01-23 10:00:00,F0539,42.73,4.01,20.22,Healthy
2026-01-23 10:05:00,F0082,77.92,0.49,77.24,Low
2026-01-23 10:10:00,F0960,46.2,0.96,22.34,Healthy
2026-01-23 10:15:00,F0285,99.96,2.56,98.59,Healthy
2026-01-23 10:20:00,F0423,97.85,2.93,43.77,Low
2026-01-23 10:25:00,F0525,99.41,2.18,99.04,Critical
2026-01-23 10:30:00,F0621,54.67,1.13,49.65,Low
2026-01-23 10:35:00,F0336,53.82,1.82,15.68,Critical
2026-01-23 10:40:00,F0039,48.01,0.22,40.42,Healthy
2026-01-23 10:45:00,F0392,25.47,4.78,22.45,Critical
2026-01-23 10:50:00,F0105,98.7,4.29,46.81,Healthy
2026-01-23 10:55:00,F0755,69.17,3.36,35.94,Healthy
2026-01-23 11:00:00,F0645,91.59,0.69,82.61,Healthy
2026-01-23 11:05:00,F0345,97.91,2.63,77.22,Healthy
2026-01-23 11:10:00,F0821,82.95,2.27,41.28,Healthy
2026-01-23 11:15:00,F0540,86.89,1.24,84.98,Critical
2026-01-23 11:20:00,F0035,74.22,1.52,29.39,Critical
2026-01-23 11:25:00,F0335,74.14,4.04,55.69,Healthy
2026-01-23 11:30:00,F0830,91.01,3.14,47.36,Low
2026-01-23 11:35:00,F0819,40.36,0.95,30.27,Low
2026-01-23 11:40:00,F0857,85.83,0.92,69.41,Low
2026-01-23 11:45:00,F0241,89.35,0.54,19.14,Low
2026-01-23 11:50:00,F0076,28.58,1.96,7.68,Healthy
2026-01-23 11:55:00,F0696,92.66,0.35,91.34,Low
2026-01-23 12:00:00,F0807,97.05,4.1,63.13,Healthy
2026-01-23 12:05:00,F0007,83.13,1.39,60.43,Low
2026-01-23 12:10:00,F0807,93.66,1.47,8.53,Healthy
2026-01-23 12:15:00,F0851,96.76,2.93,87.34,Healthy
2026-01-23 12:20:00,F0752,92.87,4.06,81.46,Low
2026-01-23 12:25:00,F0614,94.76,2.02,84.7,Healthy
2026-01-23 12:30:00,F0566,93.41,3.69,88.84,Critical
2026-01-23 12:35:00,F0226,99.31,1.59,77.71,Low
2026-01-23 12:40:00,F0529,77.48,0.65,7.85,Healthy
2026-01-23 12:45:00,F0649,87.1,4.32,11.09,Healthy
2026-01-23 12:50:00,F0088,54.72,4.75,31.21,Critical
2026-01-23 12:55:00,F0456,89.23,0.95,70.39,Critical
2026-01-23 13:00:00,F0515,81.78,1.69,66.85,Low
2026-01-23 13:05:00,F0049,57.52,2.95,41.41,Low
2026-01-23 13:10:00,F0470,90.02,1.62,45.32,Critical
2026-01-23 13:15:00,F0829,29.5,0.3,21.27,Low
2026-01-23 13:20:00,F0129,83.75,2.07,76.29,Healthy
2026-01-23 13:25:00,F0276,71.39,3.37,45.77,Healthy
2026-01-23 13:30:00,F0879,57.63,1.49,45.5,Low
2026-01-23 13:35:00,F0944,69.2,3.17,26.55,Critical
2026-01-23 13:40:00,F0624,57.62,3.1,44.98,Healthy
2026-01-23 13:45:00,F0630,99.11,2.09,70.8,Low
2026-01-23 13:50:00,F0308,45.75,4.12,8.9,Healthy
2026-01-23 13:55:00,F0437,22.75,2.05,0.43,Low
2026-01-23 14:00:00,F0570,80.7,4.71,35.06,Healthy
2026-01-23 14:05:00,F0090,60.64,4.64,34.77,Critical
2026-01-23 14:10:00,F0618,99.94,0.59,83.65,Low
2026-01-23 14:15:00,F0170,92.41,1.62,64.4,Low
2026-01-23 14:20:00,F0022,94.66,0.38,22.59,Healthy
2026-01-23 14:25:00,F0476,65.56,1.59,28.09,Critical
2026-01-23 14:30:00,F0652,84.25,2.89,30.03,Critical
2026-01-23 14:35:00,F0530,90.98,3.04,81.63,Healthy
2026-01-23 14:40:00,F0828,59.86,4.51,46.73,Healthy
2026-01-23 14:45:00,F0818,89.48,0.46,2.54,Low
2026-01-23 14:50:00,F0979,48.83,0.54,0.39,Healthy
2026-01-23 14:55:00,F0610,96.8,1.7,65.38,Healthy
2026-01-23 15:00:00,F0455,98.74,4.12,80.89,Critical
2026-01-23 15:05:00,F0110,16.96,4.67,10.33,Critical
2026-01-23 15:10:00,F0038,71.89,2.23,70.35,Low
2026-01-23 15:15:00,F0294,65.17,1.02,61.61,Low
2026-01-23 15:20:00,F0870,41.21,4.86,8.61,Critical
2026-01-23 15:25:00,F0682,55.7,1.54,42.29,Critical
2026-01-23 15:30:00,F0719,87.03,3.39,51.9,Low
2026-01-23 15:35:00,F0112,72.93,0.98,37.4,Low
2026-01-23 15:40:00,F0240,82.34,0.33,77.62,Low
2026-01-23 15:45:00,F0057,95.22,0.21,24.38,Low
2026-01-23 15:50:00,F0394,84.06,4.03,61.72,Critical
2026-01-23 15:55:00,F0735,83.28,1.87,40.42,Healthy
2026-01-23 16:00:00,F0468,98.49,3.14,95.72,Healthy
2026-01-23 16:05:00,F0890,96.55,2.38,10.38,Low
2026-01-23 16:10:00,F0519,79.99,3.53,76.33,Low
2026-01-23 16:15:00,F0812,97.69,0.93,71.77,Critical
2026-01-23 16:20:00,F0386,97.1,4.15,81.18,Low
2026-01-23 16:25:00,F0887,98.85,1.37,96.97,Low
2026-01-23 16:30:00,F0095,81.35,2.06,65.89,Low
2026-01-23 16:35:00,F0281,98.77,4.96,70.13,Critical
2026-01-23 16:40:00,F0940,81.23,0.8,20.08,Critical
2026-01-23 16:45:00,F0375,65.28,4.7,39.05,Low
2026-01-23 16:50:00,F0845,94.39,0.69,55.92,Low
2026-01-23 16:55:00,F0125,93.59,0.8,46.25,Low
2026-01-23 17:00:00,F0602,73.87,0.32,13.62,Critical
2026-01-23 17:05:00,F0270,75.62,4.69,61.24,Low
2026-01-23 17:10:00,F0711,71.57,1.2,30.23,Critical
2026-01-23 17:15:00,F0644,61.13,0.69,44.79,Critical
2026-01-23 17:20:00,F0237,89.71,2.53,32.77,Critical
2026-01-23 17:25:00,F0713,75.47,1.4,71.73,Healthy
2026-01-23 17:30:00,F0766,83.39,4.93,72.43,Critical
2026-01-23 17:35:00,F0854,96.93,1.94,96.49,Critical
2026-01-23 17:40:00,F0399,92.81,0.31,5.48,Healthy
2026-01-23 17:45:00,F0816,78.53,3.4,0.71,Healthy
2026-01-23 17:50:00,F0335,69.49,3.8,66.72,Low
2026-01-23 17:55:00,F0198,61.6,0.54,7.38,Critical
2026-01-23 18:00:00,F0639,83.03,1.41,25.79,Critical
2026-01-23 18:05:00,F0237,55.69,0.87,51.43,Healthy
2026-01-23 18:10:00,F0671,53.49,3.75,4.69,Healthy
2026-01-23 18:15:00,F0853,98.66,1.65,53.09,Critical
2026-01-23 18:20:00,F0912,88.23,3.87,62.45,Critical
2026-01-23 18:25:00,F0202,90.6,4.29,81.99,Critical
2026-01-23 18:30:00,F0269,95.01,0.55,93.22,Critical
2026-01-23 18:35:00,F0478,95.09,3.45,12.49,Critical
2026-01-23 18:40:00,F0962,89.13,4.96,24.5,Low
2026-01-23 18:45:00,F0142,97.15,3.68,96.94,Healthy
2026-01-23 18:50:00,F0140,99.43,3.91,98.78,Healthy
2026-01-23 18:55:00,F0745,10.09,1.22,2.1,Low
2026-01-23 19:00:00,F0654,89.04,0.78,82.19,Critical
2026-01-23 19:05:00,F0160,93.61,3.65,62.74,Healthy
2026-01-23 19:10:00,F0447,81.83,3.87,41.35,Critical
2026-01-23 19:15:00,F0641,47.99,2.63,23.87,Critical
2026-01-23 19:20:00,F0281,78.02,2.19,59.11,Healthy
2026-01-23 19:25:00,F0683,96.43,0.91,83.66,Healthy
2026-01-23 19:30:00,F0352,90.2,3.72,71.3,Healthy
2026-01-23 19:35:00,F0651,97.58,2.76,78.84,Low
2026-01-23 19:40:00,F0910,83.91,4.58,80.5,Critical
2026-01-23 19:45:00,F0640,70.0,3.0,24.04,Critical
2026-01-23 19:50:00,F0321,95.67,4.33,32.09,Healthy
2026-01-23 19:55:00,F0309,93.09,2.19,90.7,Critical
2026-01-23 20:00:00,F0944,63.93,3.85,52.02,Critical
2026-01-23 20:05:00,F0446,89.99,3.88,62.98,Critical
2026-01-23 20:10:00,F0317,21.6,4.87,11.3,Healthy
2026-01-23 20:15:00,F0725,23.97,2.25,22.08,Critical
2026-01-23 20:20:00,F0862,49.17,2.9,2.45,Low
2026-01-23 20:25:00,F0801,77.8,1.87,31.73,Critical
2026-01-23 20:30:00,F0911,42.28,3.27,5.58,Healthy
2026-01-23 20:35:00,F0054,98.44,2.75,78.0,Healthy
2026-01-23 20:40:00,F0017,97.58,2.97,92.23,Critical
2026-01-23 20:45:00,F0480,98.75,4.78,72.97,Healthy
2026-01-23 20:50:00,F0407,75.65,1.06,11.62,Low
2026-01-23 20:55:00,F0521,77.72,1.24,72.48,Low
2026-01-23 21:00:00,F0328,23.5,4.02,7.25,Low
2026-01-23 21:05:00,F0480,98.34,3.03,65.79,Healthy
2026-01-23 21:10:00,F0201,94.34,4.86,72.15,Critical
2026-01-23 21:15:00,F0324,97.5,4.89,83.06,Low
2026-01-23 21:20:00,F0261,82.85,4.82,6.74,Critical
2026-01-23 21:25:00,F0491,49.17,3.47,45.14,Critical
2026-01-23 21:30:00,F0013,93.92,2.08,21.66,Healthy
2026-01-23 21:35:00,F0403,98.88,2.24,71.05,Critical
2026-01-23 21:40:00,F0374,51.85,2.27,46.3,Critical
2026-01-23 21:45:00,F0032,43.71,4.28,29.17,Healthy
2026-01-23 21:50:00,F0033,98.0,1.94,54.3,Critical
2026-01-23 21:55:00,F0171,97.79,3.56,94.77,Critical
2026-01-23 22:00:00,F0478,35.68,3.26,25.27,Healthy
2026-01-23 22:05:00,F0114,96.81,4.23,96.15,Healthy
2026-01-23 22:10:00,F0208,94.64,3.48,88.8,Healthy
2026-01-23 22:15:00,F0362,76.5,2.32,17.18,Low
2026-01-23 22:20:00,F0137,54.6,0.92,54.48,Healthy
2026-01-23 22:25:00,F0303,8.52,2.36,6.41,Healthy
2026-01-23 22:30:00,F0448,85.13,1.42,54.48,Critical
2026-01-23 22:35:00,F0781,91.44,2.55,71.65,Healthy
2026-01-23 22:40:00,F0749,68.74,1.77,62.92,Critical
2026-01-23 22:45:00,F0020,78.77,1.79,32.72,Healthy
2026-01-23 22:50:00,F0118,95.84,4.45,95.7,Critical
2026-01-23 22:55:00,F0132,48.18,2.78,30.36,Healthy
2026-01-23 23:00:00,F0014,82.31,1.03,42.93,Healthy
2026-01-23 23:05:00,F0247,49.66,4.98,41.83,Low
2026-01-23 23:10:00,F0003,54.7,3.78,3.83,Critical
2026-01-23 23:15:00,F0899,96.97,3.41,90.44,Critical
2026-01-23 23:20:00,F0210,51.47,4.98,27.47,Critical
2026-01-23 23:25:00,F0870,62.21,2.29,11.47,Critical
2026-01-23 23:30:00,F0727,87.51,3.11,3.01,Low
2026-01-23 23:35:00,F0437,92.2,2.23,22.11,Critical
2026-01-23 23:40:00,F0313,83.22,2.88,38.55,Healthy
2026-01-23 23:45:00,F0286,43.97,4.32,24.87,Low
2026-01-23 23:50:00,F0401,15.75,0.29,6.43,Low
2026-01-23 23:55:00,F0295,86.81,0.22,58.03,Low
2026-01-24 00:00:00,F0338,79.46,1.79,78.88,Critical
2026-01-24 00:05:00,F0595,75.89,2.55,65.59,Low
2026-01-24 00:10:00,F0133,83.07,1.02,83.01,Low
2026-01-24 00:15:00,F0019,38.33,1.92,9.59,Critical
2026-01-24 00:20:00,F0723,84.99,4.07,60.98,Low
2026-01-24 00:25:00,F0338,27.46,3.65,9.87,Healthy
2026-01-24 00:30:00,F0714,91.19,1.99,70.83,Healthy
2026-01-24 00:35:00,F0050,61.23,4.01,13.32,Low
2026-01-24 00:40:00,F0664,99.21,2.83,50.32,Low
2026-01-24 00:45:00,F0758,97.13,1.33,63.6,Healthy
2026-01-24 00:50:00,F0415,96.85,4.28,95.46,Healthy
2026-01-24 00:55:00,F0611,98.01,3.78,93.84,Low
2026-01-24 01:00:00,F0338,15.71,0.71,4.67,Healthy
2026-01-24 01:05:00,F0855,94.25,1.73,81.71,Healthy
2026-01-24 01:10:00,F0182,75.95,3.58,46.3,Low
2026-01-24 01:15:00,F0545,46.76,0.6,4.04,Critical
2026-01-24 01:20:00,F0987,26.87,1.34,1.87,Low
2026-01-24 01:25:00,F0008,96.0,2.76,80.23,Critical
2026-01-24 01:30:00,F0443,96.07,2.46,75.92,Healthy
2026-01-24 01:35:00,F0923,86.14,4.28,79.93,Healthy
2026-01-24 01:40:00,F0981,35.91,4.96,17.81,Critical
2026-01-24 01:45:00,F0749,52.66,3.52,32.85,Low
2026-01-24 01:50:00,F0813,72.79,1.07,59.63,Low
2026-01-24 01:55:00,F0614,75.77,2.33,56.35,Critical
2026-01-24 02:00:00,F0805,99.44,0.62,98.26,Low
2026-01-24 02:05:00,F0726,99.18,4.03,98.94,Low
2026-01-24 02:10:00,F0453,99.31,2.45,75.86,Low
2026-01-24 02:15:00,F0399,39.53,4.37,32.51,Healthy
2026-01-24 02:20:00,F0992,93.19,4.9,54.95,Critical
2026-01-24 02:25:00,F0775,58.71,4.58,57.04,Healthy
2026-01-24 02:30:00,F0186,99.56,3.36,87.82,Healthy
2026-01-24 02:35:00,F0610,93.51,1.17,77.66,Low
2026-01-24 02:40:00,F0470,24.47,4.59,6.08,Low
2026-01-24 02:45:00,F0651,89.52,0.54,68.08,Critical
2026-01-24 02:50:00,F0008,96.88,3.02,88.81,Critical
2026-01-24 02:55:00,F0109,99.29,2.58,98.84,Critical
2026-01-24 03:00:00,F0619,85.61,1.38,11.68,Critical
2026-01-24 03:05:00,F0130,91.96,4.44,47.92,Low
2026-01-24 03:10:00,F0404,39.89,4.55,10.51,Healthy
2026-01-24 03:15:00,F0534,93.17,4.31,91.24,Critical
2026-01-24 03:20:00,F0362,75.27,2.8,48.58,Healthy
2026-01-24 03:25:00,F0575,98.21,3.72,51.34,Critical
2026-01-24 03:30:00,F0792,56.33,2.66,51.21,Low
2026-01-24 03:35:00,F0714,88.06,4.85,77.59,Healthy
2026-01-24 03:40:00,F0661,59.05,4.56,5.11,Healthy
2026-01-24 03:45:00,F0597,62.1,2.58,47.03,Critical
2026-01-24 03:50:00,F0305,94.79,4.72,84.97,Low
2026-01-24 03:55:00,F0259,75.43,3.48,31.26,Low
2026-01-24 04:00:00,F0413,30.83,4.28,27.71,Critical
2026-01-24 04:05:00,F0395,94.58,1.02,90.56,Critical
2026-01-24 04:10:00,F0305,92.09,1.85,77.12,Low
2026-01-24 04:15:00,F0401,84.88,4.97,83.03,Healthy
2026-01-24 04:20:00,F0594,95.25,3.72,93.67,Critical
2026-01-24 04:25:00,F0338,96.87,1.2,91.96,Critical
2026-01-24 04:30:00,F0474,90.58,4.34,63.68,Critical
2026-01-24 04:35:00,F0519,83.1,2.95,70.4,Low
2026-01-24 04:40:00,F0509,95.71,3.83,45.04,Low
2026-01-24 04:45:00,F0388,73.87,4.93,41.66,Low
2026-01-24 04:50:00,F0314,62.95,4.98,52.62,Critical
2026-01-24 04:55:00,F0059,70.53,4.24,3.89,Low
2026-01-24 05:00:00,F0478,89.1,0.67,65.22,Low
2026-01-24 05:05:00,F0653,99.66,0.65,95.73,Healthy
2026-01-24 05:10:00,F0504,74.46,0.32,31.63,Critical
2026-01-24 05:15:00,F0196,60.75,2.06,53.46,Healthy
2026-01-24 05:20:00,F0242,79.59,2.61,71.55,Healthy
2026-01-24 05:25:00,F0977,60.98,3.02,40.88,Critical
2026-01-24 05:30:00,F0230,81.86,3.88,33.3,Healthy
2026-01-24 05:35:00,F0700,98.35,4.82,76.5,Low
2026-01-24 05:40:00,F0712,47.8,0.96,31.51,Critical
2026-01-24 05:45:00,F0462,79.32,4.08,71.09,Healthy
2026-01-24 05:50:00,F0992,40.14,3.51,26.25,Healthy
2026-01-24 05:55:00,F0435,30.21,2.51,24.57,Critical
2026-01-24 06:00:00,F0366,49.26,0.36,32.97,Low
2026-01-24 06:05:00,F0043,99.16,3.54,36.81,Healthy
2026-01-24 06:10:00,F0076,48.97,2.17,3.67,Healthy
2026-01-24 06:15:00,F0812,96.34,1.68,41.81,Low
2026-01-24 06:20:00,F0114,91.24,4.04,56.36,Healthy
2026-01-24 06:25:00,F0612,93.5,2.91,10.78,Healthy
2026-01-24 06:30:00,F0774,98.6,0.91,95.66,Healthy
2026-01-24 06:35:00,F0415,91.15,1.76,84.27,Healthy
2026-01-24 06:40:00,F0555,92.01,1.01,90.61,Critical
2026-01-24 06:45:00,F0396,25.71,3.61,23.69,Low
2026-01-24 06:50:00,F0688,53.61,2.88,28.33,Healthy
2026-01-24 06:55:00,F0963,95.73,1.98,93.68,Low
2026-01-24 07:00:00,F0218,98.72,0.45,58.06,Critical
2026-01-24 07:05:00,F0787,66.53,0.23,33.28,Critical
2026-01-24 07:10:00,F0222,96.96,3.43,60.57,Healthy
2026-01-24 07:15:00,F0197,94.97,2.54,64.62,Critical
2026-01-24 07:20:00,F0421,91.1,0.5,72.32,Healthy
2026-01-24 07:25:00,F0251,74.94,1.05,2.92,Low
2026-01-24 07:30:00,F0856,99.26,3.66,56.56,Healthy
2026-01-24 07:35:00,F0018,99.63,2.24,94.8,Healthy
2026-01-24 07:40:00,F0455,95.02,1.08,94.69,Low
2026-01-24 07:45:00,F0469,96.94,3.45,94.89,Critical
2026-01-24 07:50:00,F0025,91.91,3.29,3.71,Critical
2026-01-24 07:55:00,F0040,16.77,1.84,6.71,Healthy
2026-01-24 08:00:00,F0627,40.77,4.27,20.72,Healthy
2026-01-24 08:05:00,F0935,94.25,3.08,45.71,Healthy
2026-01-24 08:10:00,F0199,72.28,3.69,38.24,Critical
2026-01-24 08:15:00,F0753,41.4,3.49,23.77,Critical
2026-01-24 08:20:00,F0592,94.15,0.55,85.52,Low
2026-01-24 08:25:00,F0871,80.76,3.13,78.32,Low
2026-01-24 08:30:00,F0942,34.81,2.51,22.43,Low
2026-01-24 08:35:00,F0906,57.78,0.47,4.21,Healthy
2026-01-24 08:40:00,F0287,72.83,3.33,51.09,Healthy
2026-01-24 08:45:00,F0574,61.02,0.46,45.4,Low
2026-01-24 08:50:00,F0809,94.36,2.8,49.1,Healthy
2026-01-24 08:55:00,F0199,89.75,4.68,89.07,Healthy
2026-01-24 09:00:00,F0766,85.75,3.37,15.88,Critical
2026-01-24 09:05:00,F0432,99.69,0.58,2.58,Critical
2026-01-24 09:10:00,F0721,66.89,4.53,55.34,Low
2026-01-24 09:15:00,F0903,45.28,2.98,36.57,Low
2026-01-24 09:20:00,F0839,78.01,0.26,49.11,Critical
2026-01-24 09:25:00,F0974,97.97,3.3,82.19,Low
2026-01-24 09:30:00,F0837,58.4,3.53,44.0,Low
2026-01-24 09:35:00,F0477,54.98,2.41,17.69,Critical
2026-01-24 09:40:00,F0268,92.97,2.58,25.06,Healthy
2026-01-24 09:45:00,F0280,83.19,4.09,44.15,Low
2026-01-24 09:50:00,F0055,84.69,2.45,31.81,Low
2026-01-24 09:55:00,F0622,55.59,4.54,8.64,Low
2026-01-24 10:00:00,F0409,96.77,0.94,95.35,Critical
2026-01-24 10:05:00,F0151,54.25,3.07,6.13,Low
2026-01-24 10:10:00,F0387,88.85,0.54,68.7,Low
2026-01-24 10:15:00,F0887,42.03,0.33,11.95,Low
2026-01-24 10:20:00,F0343,46.71,2.68,7.45,Low
2026-01-24 10:25:00,F0814,86.85,2.11,72.86,Healthy
2026-01-24 10:30:00,F0388,66.79,4.23,7.43,Low
2026-01-24 10:35:00,F0377,99.98,4.85,99.95,Critical
2026-01-24 10:40:00,F0920,55.42,2.44,6.41,Healthy
2026-01-24 10:45:00,F0137,99.96,3.85,88.01,Critical
2026-01-24 10:50:00,F0703,80.23,1.34,68.47,Low
2026-01-24 10:55:00,F0591,9.97,2.11,8.32,Critical
2026-01-24 11:00:00,F0570,70.82,3.16,8.56,Healthy
2026-01-24 11:05:00,F0483,85.79,0.21,52.23,Healthy
2026-01-24 11:10:00,F0498,90.31,3.94,69.21,Healthy
2026-01-24 11:15:00,F0106,66.28,0.39,36.7,Critical
2026-01-24 11:20:00,F0292,96.36,2.46,94.91,Healthy
2026-01-24 11:25:00,F0750,67.37,4.88,22.49,Low
2026-01-24 11:30:00,F0934,65.82,2.37,59.71,Low
2026-01-24 11:35:00,F0069,60.48,3.41,41.23,Healthy
2026-01-24 11:40:00,F0053,92.78,4.18,3.5,Critical
2026-01-24 11:45:00,F0755,73.26,4.11,46.9,Low
2026-01-24 11:50:00,F0153,38.99,1.05,2.81,Low
2026-01-24 11:55:00,F0781,71.98,2.91,66.51,Critical
2026-01-24 12:00:00,F0084,36.49,3.48,22.96,Healthy
2026-01-24 12:05:00,F0482,99.9,1.03,98.98,Low
2026-01-24 12:10:00,F0664,94.97,3.99,90.45,Low
2026-01-24 12:15:00,F0342,95.44,3.34,67.44,Critical
2026-01-24 12:20:00,F0888,47.75,3.08,23.01,Critical
2026-01-24 12:25:00,F0779,99.09,3.79,98.78,Healthy
2026-01-24 12:30:00,F0631,78.97,2.04,34.65,Critical
2026-01-24 12:35:00,F0086,29.96,3.31,25.79,Low
2026-01-24 12:40:00,F0452,79.87,1.88,28.42,Low
2026-01-24 12:45:00,F0376,69.25,4.01,3.93,Healthy
2026-01-24 12:50:00,F0960,92.42,4.98,90.05,Critical
2026-01-24 12:55:00,F0816,95.1,4.37,76.74,Low
2026-01-24 13:00:00,F0459,91.91,3.9,74.16,Low
2026-01-24 13:05:00,F0786,95.36,3.77,53.36,Healthy
2026-01-24 13:10:00,F0091,91.82,1.74,83.75,Low
2026-01-24 13:15:00,F0534,86.02,3.36,30.12,Low
2026-01-24 13:20:00,F0282,81.12,2.08,61.54,Low
2026-01-24 13:25:00,F0979,61.22,0.37,58.82,Low
2026-01-24 13:30:00,F0691,86.81,1.02,50.33,Low
2026-01-24 13:35:00,F0633,45.91,1.47,44.42,Critical
2026-01-24 13:40:00,F0784,67.21,1.2,55.78,Healthy
2026-01-24 13:45:00,F0112,82.02,4.88,31.73,Healthy
2026-01-24 13:50:00,F0933,99.63,0.63,90.14,Critical
2026-01-24 13:55:00,F0986,93.33,4.04,51.81,Critical
2026-01-24 14:00:00,F0625,92.28,3.45,25.03,Critical
2026-01-24 14:05:00,F0839,86.61,3.69,66.83,Healthy
2026-01-24 14:10:00,F0121,60.92,1.91,7.64,Critical
2026-01-24 14:15:00,F0741,88.61,0.45,66.6,Critical
2026-01-24 14:20:00,F0545,94.95,1.52,19.86,Healthy
2026-01-24 14:25:00,F0673,89.67,0.39,87.76,Low
2026-01-24 14:30:00,F0508,97.63,1.86,26.47,Critical
2026-01-24 14:35:00,F0304,99.0,0.24,93.24,Critical
2026-01-24 14:40:00,F0906,91.61,4.15,82.62,Low
2026-01-24 14:45:00,F0625,92.94,2.83,92.14,Healthy
2026-01-24 14:50:00,F0482,99.38,4.3,96.84,Critical
2026-01-24 14:55:00,F0313,46.39,3.7,25.54,Low
2026-01-24 15:00:00,F0467,25.16,1.04,0.49,Healthy
2026-01-24 15:05:00,F0486,61.24,2.83,48.18,Healthy
2026-01-24 15:10:00,F0512,50.17,2.26,8.06,Low
2026-01-24 15:15:00,F0148,69.52,4.08,53.53,Critical
2026-01-24 15:20:00,F0966,90.7,1.07,83.22,Low
2026-01-24 15:25:00,F0466,86.65,2.62,61.97,Critical
2026-01-24 15:30:00,F0339,99.96,2.72,99.32,Low
2026-01-24 15:35:00,F0777,91.6,2.66,27.88,Low
2026-01-24 15:40:00,F0941,96.66,1.33,96.65,Critical
2026-01-24 15:45:00,F0709,99.52,0.85,92.62,Healthy
2026-01-24 15:50:00,F0337,41.78,4.47,41.59,Critical
2026-01-24 15:55:00,F0066,62.31,3.54,43.5,Critical
2026-01-24 16:00:00,F0529,95.64,1.41,58.14,Critical
2026-01-24 16:05:00,F0541,29.84,0.94,2.72,Low
2026-01-24 16:10:00,F0737,83.91,2.5,78.76,Critical
2026-01-24 16:15:00,F0369,92.66,0.77,34.95,Low
2026-01-24 16:20:00,F0719,86.87,2.13,55.44,Healthy
2026-01-24 16:25:00,F0477,99.23,0.5,86.78,Healthy
2026-01-24 16:30:00,F0031,74.37,1.81,65.72,Low
2026-01-24 16:35:00,F0724,96.89,0.69,96.78,Healthy
2026-01-24 16:40:00,F0055,58.23,4.63,44.95,Healthy
2026-01-24 16:45:00,F0907,86.57,4.81,83.7,Critical
2026-01-24 16:50:00,F0424,73.47,4.56,71.55,Critical
2026-01-24 16:55:00,F0896,80.91,1.56,64.87,Low
2026-01-24 17:00:00,F0108,88.36,4.34,41.84,Healthy
2026-01-24 17:05:00,F0504,88.71,1.21,62.55,Critical
2026-01-24 17:10:00,F0777,92.19,2.88,84.74,Healthy
2026-01-24 17:15:00,F0904,93.61,2.2,90.62,Low
2026-01-24 17:20:00,F0411,56.32,4.34,34.67,Low
2026-01-24 17:25:00,F0304,77.61,2.28,23.16,Healthy
2026-01-24 17:30:00,F0565,82.27,0.34,52.29,Critical
2026-01-24 17:35:00,F0176,55.86,1.83,52.23,Critical
2026-01-24 17:40:00,F0043,72.96,2.79,52.33,Low
2026-01-24 17:45:00,F0945,89.89,3.14,83.42,Critical
2026-01-24 17:50:00,F0514,67.49,3.85,60.57,Healthy
2026-01-24 17:55:00,F0460,99.99,4.24,99.35,Healthy
2026-01-24 18:00:00,F0226,38.15,0.41,32.83,Critical
2026-01-24 18:05:00,F0927,63.0,3.16,16.76,Low
2026-01-24 18:10:00,F0215,87.72,3.72,9.12,Critical
2026-01-24 18:15:00,F0968,88.86,0.28,15.93,Low
2026-01-24 18:20:00,F0454,58.35,4.9,52.3,Critical
2026-01-24 18:25:00,F0555,70.26,2.07,48.05,Critical
2026-01-24 18:30:00,F0542,82.2,1.82,66.34,Low
2026-01-24 18:35:00,F0154,92.75,4.91,73.88,Healthy
2026-01-24 18:40:00,F0232,72.76,4.58,50.58,Low
2026-01-24 18:45:00,F0417,85.57,0.58,43.76,Healthy
2026-01-24 18:50:00,F0654,73.99,1.29,66.58,Critical
2026-01-24 18:55:00,F0979,84.12,4.38,34.7,Critical
2026-01-24 19:00:00,F0436,80.54,2.51,70.42,Healthy
2026-01-24 19:05:00,F0872,88.6,3.32,19.29,Low
2026-01-24 19:10:00,F0261,51.8,3.63,49.97,Low
2026-01-24 19:15:00,F0482,76.84,2.75,21.3,Healthy
2026-01-24 19:20:00,F0764,49.5,0.8,6.09,Critical
2026-01-24 19:25:00,F0836,85.14,0.81,66.92,Low
2026-01-24 19:30:00,F0808,97.75,0.31,92.28,Low
2026-01-24 19:35:00,F0351,18.78,3.69,4.18,Low
2026-01-24 19:40:00,F0809,71.87,2.17,29.04,Critical
2026-01-24 19:45:00,F0914,93.54,4.91,68.39,Low
2026-01-24 19:50:00,F0489,68.57,1.61,64.92,Critical
2026-01-24 19:55:00,F0598,70.38,4.78,53.74,Low
2026-01-24 20:00:00,F0661,78.25,4.35,63.76,Low
2026-01-24 20:05:00,F0895,83.64,2.08,23.28,Low
2026-01-24 20:10:00,F0286,97.76,0.25,38.01,Critical
2026-01-24 20:15:00,F0442,91.65,4.51,67.12,Low
2026-01-24 20:20:00,F0639,92.68,1.19,74.61,Healthy
2026-01-24 20:25:00,F0339,98.4,0.98,96.48,Low
2026-01-24 20:30:00,F0011,73.84,4.61,53.47,Critical
2026-01-24 20:35:00,F0630,88.51,4.48,84.9,Low
2026-01-24 20:40:00,F0863,97.56,3.0,94.0,Low
2026-01-24 20:45:00,F0423,96.02,2.22,95.89,Healthy
2026-01-24 20:50:00,F0088,71.13,3.05,63.62,Healthy
2026-01-24 20:55:00,F0251,99.21,0.43,94.41,Critical
2026-01-24 21:00:00,F0969,62.95,3.53,51.17,Critical
2026-01-24 21:05:00,F0558,68.72,4.36,49.88,Healthy
2026-01-24 21:10:00,F0329,71.76,2.24,24.78,Critical
2026-01-24 21:15:00,F0018,89.67,0.56,77.51,Healthy
2026-01-24 21:20:00,F0858,65.58,1.25,36.6,Healthy
2026-01-24 21:25:00,F0672,41.32,2.4,32.61,Low
2026-01-24 21:30:00,F0327,72.56,2.66,49.1,Low
2026-01-24 21:35:00,F0474,75.96,2.27,36.58,Critical
2026-01-24 21:40:00,F0984,94.12,3.41,91.65,Low
2026-01-24 21:45:00,F1000,71.65,1.85,34.06,Low
2026-01-24 21:50:00,F0246,89.92,1.84,2.54,Critical
2026-01-24 21:55:00,F0085,89.25,0.84,62.92,Low
2026-01-24 22:00:00,F0981,88.96,2.67,11.47,Low
2026-01-24 22:05:00,F0965,96.15,2.88,89.76,Healthy
2026-01-24 22:10:00,F0919,95.45,0.83,68.97,Low
2026-01-24 22:15:00,F0916,95.07,4.68,14.34,Critical
2026-01-24 22:20:00,F0794,88.69,3.3,77.36,Healthy
2026-01-24 22:25:00,F0625,92.35,1.7,39.44,Critical
2026-01-24 22:30:00,F0384,95.13,0.64,70.98,Low
2026-01-24 22:35:00,F0824,40.03,1.62,29.54,Healthy
2026-01-24 22:40:00,F0646,17.04,4.07,4.04,Low
2026-01-24 22:45:00,F0027,87.39,4.43,76.5,Critical
2026-01-24 22:50:00,F0059,81.15,2.83,73.07,Healthy
2026-01-24 22:55:00,F0177,97.48,1.94,82.25,Critical
2026-01-24 23:00:00,F0292,98.35,3.97,93.72,Low
2026-01-24 23:05:00,F0792,58.68,3.57,0.96,Low
2026-01-24 23:10:00,F0023,84.24,3.29,23.36,Critical
2026-01-24 23:15:00,F0843,78.76,1.04,25.05,Critical
2026-01-24 23:20:00,F0169,98.32,1.94,90.12,Low
2026-01-24 23:25:00,F0725,77.47,1.72,47.82,Healthy
2026-01-24 23:30:00,F0259,71.85,4.12,28.23,Healthy
2026-01-24 23:35:00,F0158,34.07,4.57,13.63,Low
2026-01-24 23:40:00,F0609,68.87,0.24,30.25,Healthy
2026-01-24 23:45:00,F0310,96.4,3.95,95.48,Critical
2026-01-24 23:50:00,F0515,97.28,4.89,96.32,Critical
2026-01-24 23:55:00,F0786,50.26,0.53,36.69,Critical
2026-01-25 00:00:00,F0438,95.95,3.52,62.34,Critical
2026-01-25 00:05:00,F0840,55.57,1.09,41.6,Healthy
2026-01-25 00:10:00,F0170,13.89,0.76,11.6,Critical
2026-01-25 00:15:00,F0086,27.25,3.54,8.63,Healthy
2026-01-25 00:20:00,F0574,86.48,1.59,3.94,Healthy
2026-01-25 00:25:00,F0570,66.71,2.72,16.28,Critical
2026-01-25 00:30:00,F0694,85.02,3.61,64.47,Low
2026-01-25 00:35:00,F0845,43.34,1.93,30.2,Critical
2026-01-25 00:40:00,F0526,63.42,2.96,10.77,Healthy
2026-01-25 00:45:00,F0988,36.85,1.24,7.01,Critical
2026-01-25 00:50:00,F0983,75.28,3.54,72.71,Healthy
2026-01-25 00:55:00,F0409,89.47,2.27,23.35,Low
2026-01-25 01:00:00,F0902,92.98,1.64,5.38,Critical
2026-01-25 01:05:00,F0879,99.13,4.57,99.05,Critical
2026-01-25 01:10:00,F0634,65.83,2.83,21.77,Healthy
2026-01-25 01:15:00,F0037,94.16,4.01,88.79,Low
2026-01-25 01:20:00,F0211,85.78,0.34,81.31,Healthy
2026-01-25 01:25:00,F0976,26.62,4.46,2.29,Low
2026-01-25 01:30:00,F0079,98.29,2.26,59.24,Low
2026-01-25 01:35:00,F0060,93.57,2.48,89.44,Critical
2026-01-25 01:40:00,F0367,85.05,1.86,49.59,Critical
2026-01-25 01:45:00,F0846,89.14,2.4,85.97,Low
2026-01-25 01:50:00,F0856,85.22,1.2,75.59,Healthy
2026-01-25 01:55:00,F0079,83.23,4.81,66.21,Healthy
2026-01-25 02:00:00,F0788,91.11,4.29,65.23,Healthy
2026-01-25 02:05:00,F1000,83.23,4.47,31.55,Healthy
2026-01-25 02:10:00,F0389,98.04,3.85,95.41,Healthy
2026-01-25 02:15:00,F0014,49.42,2.11,6.04,Low
2026-01-25 02:20:00,F0884,96.51,1.55,59.38,Low
2026-01-25 02:25:00,F0141,91.64,3.1,39.72,Healthy
2026-01-25 02:30:00,F0111,24.11,2.41,21.82,Critical
2026-01-25 02:35:00,F0028,68.4,2.71,68.12,Critical
2026-01-25 02:40:00,F0050,63.39,4.58,49.55,Critical
2026-01-25 02:45:00,F0221,54.61,1.4,42.09,Healthy
2026-01-25 02:50:00,F0797,97.78,2.15,79.91,Low
2026-01-25 02:55:00,F0539,67.61,4.43,29.32,Critical
2026-01-25 03:00:00,F0480,33.08,4.4,19.27,Low
2026-01-25 03:05:00,F0191,83.1,0.22,59.98,Healthy
2026-01-25 03:10:00,F0859,95.88,4.47,52.46,Critical
2026-01-25 03:15:00,F0761,95.32,1.99,14.14,Low
2026-01-25 03:20:00,F0636,42.86,4.99,35.61,Healthy
2026-01-25 03:25:00,F0987,97.69,4.78,89.42,Healthy
2026-01-25 03:30:00,F0770,93.26,2.69,91.93,Healthy
2026-01-25 03:35:00,F0561,94.79,2.8,42.84,Critical
2026-01-25 03:40:00,F0651,77.65,2.1,48.9,Healthy
2026-01-25 03:45:00,F0265,15.99,1.35,14.54,Critical
2026-01-25 03:50:00,F0319,51.38,1.43,23.54,Low
2026-01-25 03:55:00,F0756,72.05,4.04,42.11,Low
2026-01-25 04:00:00,F0503,96.58,1.48,94.37,Healthy
2026-01-25 04:05:00,F0341,22.22,2.12,13.03,Low
2026-01-25 04:10:00,F0039,94.3,2.96,89.03,Healthy
2026-01-25 04:15:00,F0106,26.37,2.66,26.01,Healthy
2026-01-25 04:20:00,F0379,94.97,1.49,74.93,Low
2026-01-25 04:25:00,F0220,43.43,0.74,17.83,Critical
2026-01-25 04:30:00,F0391,63.63,0.53,37.92,Healthy
2026-01-25 04:35:00,F0204,12.99,2.06,10.2,Low
2026-01-25 04:40:00,F0767,22.98,2.68,7.61,Critical
2026-01-25 04:45:00,F0646,35.44,1.8,2.21,Low
2026-01-25 04:50:00,F0760,53.94,1.88,37.91,Low
2026-01-25 04:55:00,F0262,75.37,1.38,50.08,Healthy
2026-01-25 05:00:00,F0028,63.33,0.63,49.98,Healthy
2026-01-25 05:05:00,F0703,48.37,4.04,29.01,Low
2026-01-25 05:10:00,F0691,68.83,1.82,28.08,Low
2026-01-25 05:15:00,F0008,83.69,0.34,78.79,Healthy
2026-01-25 05:20:00,F0141,67.66,4.79,9.27,Healthy
2026-01-25 05:25:00,F0536,60.75,0.92,49.65,Low
2026-01-25 05:30:00,F0129,85.33,2.46,79.99,Critical
2026-01-25 05:35:00,F0456,96.93,4.31,9.9,Critical
2026-01-25 05:40:00,F0238,97.42,1.2,87.23,Critical
2026-01-25 05:45:00,F0595,40.27,3.97,36.77,Low
2026-01-25 05:50:00,F0809,84.12,3.23,83.77,Critical
2026-01-25 05:55:00,F0588,77.11,0.34,19.37,Healthy
2026-01-25 06:00:00,F0557,62.05,4.61,40.64,Healthy
2026-01-25 06:05:00,F0266,71.45,2.18,6.96,Healthy
2026-01-25 06:10:00,F0576,71.77,4.12,24.05,Low
2026-01-25 06:15:00,F0475,57.32,3.78,18.88,Healthy
2026-01-25 06:20:00,F0951,81.34,2.22,1.56,Critical
2026-01-25 06:25:00,F0727,55.52,3.37,33.07,Healthy
2026-01-25 06:30:00,F0262,96.85,1.07,30.49,Low
2026-01-25 06:35:00,F0301,83.6,2.06,61.31,Healthy
2026-01-25 06:40:00,F0488,95.91,4.91,83.53,Critical
2026-01-25 06:45:00,F0487,82.95,1.9,69.82,Low
2026-01-25 06:50:00,F0425,17.86,0.24,16.86,Critical
2026-01-25 06:55:00,F0069,96.87,4.46,88.9,Critical
2026-01-25 07:00:00,F0594,99.5,1.18,99.28,Critical
2026-01-25 07:05:00,F0189,85.23,3.55,78.32,Healthy
2026-01-25 07:10:00,F0218,59.42,0.76,31.3,Critical
2026-01-25 07:15:00,F0750,44.3,0.98,22.8,Critical
2026-01-25 07:20:00,F0700,87.66,3.65,60.6,Healthy
2026-01-25 07:25:00,F0990,49.35,2.34,5.3,Healthy
2026-01-25 07:30:00,F0672,37.37,3.62,12.54,Low
2026-01-25 07:35:00,F0246,85.53,4.77,44.85,Healthy
2026-01-25 07:40:00,F0963,96.81,4.39,85.64,Critical
2026-01-25 07:45:00,F0874,78.97,1.55,30.17,Low
2026-01-25 07:50:00,F0911,70.01,3.59,17.37,Healthy
2026-01-25 07:55:00,F0909,41.62,1.88,31.34,Critical
2026-01-25 08:00:00,F0548,33.68,1.22,20.2,Low
2026-01-25 08:05:00,F0588,90.19,4.33,71.29,Critical
2026-01-25 08:10:00,F0425,92.85,1.2,12.47,Low
2026-01-25 08:15:00,F0484,96.93,3.26,37.84,Healthy
2026-01-25 08:20:00,F0905,92.43,1.84,82.79,Critical
2026-01-25 08:25:00,F0984,87.11,0.51,72.89,Low
2026-01-25 08:30:00,F0609,98.08,3.44,95.98,Low
2026-01-25 08:35:00,F0746,7.49,3.66,7.3,Critical
2026-01-25 08:40:00,F0308,22.57,4.95,12.08,Low
2026-01-25 08:45:00,F0992,74.0,2.03,25.78,Healthy
2026-01-25 08:50:00,F0777,99.95,4.31,99.94,Critical
2026-01-25 08:55:00,F0786,55.11,4.04,45.75,Low
2026-01-25 09:00:00,F0833,99.49,2.55,87.32,Critical
2026-01-25 09:05:00,F0345,83.14,2.82,51.62,Critical
2026-01-25 09:10:00,F0495,77.3,2.59,18.47,Low
2026-01-25 09:15:00,F0470,88.02,4.23,55.96,Healthy
2026-01-25 09:20:00,F0648,89.37,2.89,5.65,Healthy
2026-01-25 09:25:00,F0161,95.48,1.03,34.06,Healthy
2026-01-25 09:30:00,F0032,88.92,3.69,75.1,Critical
2026-01-25 09:35:00,F0586,98.15,3.82,96.89,Critical
2026-01-25 09:40:00,F0746,44.18,2.16,6.04,Healthy
2026-01-25 09:45:00,F0864,92.38,2.27,14.84,Healthy
2026-01-25 09:50:00,F0370,80.67,1.23,54.93,Low
2026-01-25 09:55:00,F0685,77.33,1.68,6.32,Critical
2026-01-25 10:00:00,F0850,75.51,0.72,13.36,Healthy
2026-01-25 10:05:00,F0852,57.21,4.97,18.89,Critical
2026-01-25 10:10:00,F0831,77.53,4.92,59.37,Healthy
2026-01-25 10:15:00,F0525,75.79,3.93,48.74,Critical
2026-01-25 10:20:00,F0770,86.22,3.63,41.69,Critical
2026-01-25 10:25:00,F0814,84.54,0.38,22.48,Critical
2026-01-25 10:30:00,F0241,89.4,4.83,3.51,Low
2026-01-25 10:35:00,F0709,83.77,3.05,50.46,Low
2026-01-25 10:40:00,F0420,71.55,1.66,49.17,Critical
2026-01-25 10:45:00,F0487,22.48,2.17,17.6,Low
2026-01-25 10:50:00,F0325,78.44,1.49,67.32,Low
2026-01-25 10:55:00,F0283,44.56,2.46,13.32,Healthy
2026-01-25 11:00:00,F0458,88.72,2.65,77.34,Critical
2026-01-25 11:05:00,F0880,52.64,2.49,27.14,Healthy
2026-01-25 11:10:00,F0153,30.05,1.8,19.38,Healthy
2026-01-25 11:15:00,F0232,50.93,4.88,18.59,Healthy
2026-01-25 11:20:00,F0975,52.14,4.26,21.67,Low
2026-01-25 11:25:00,F0454,58.83,4.77,34.53,Healthy
2026-01-25 11:30:00,F0034,78.44,3.14,24.15,Low
2026-01-25 11:35:00,F0041,94.47,4.14,75.35,Critical
2026-01-25 11:40:00,F0352,64.89,1.81,38.11,Healthy
2026-01-25 11:45:00,F0491,78.83,1.5,64.73,Low
2026-01-25 11:50:00,F0494,61.2,1.84,12.22,Critical
2026-01-25 11:55:00,F0818,60.11,4.92,57.48,Low
2026-01-25 12:00:00,F0947,90.43,4.42,84.06,Low
2026-01-25 12:05:00,F0445,65.48,1.2,60.05,Healthy
2026-01-25 12:10:00,F0967,33.41,1.44,21.71,Low
2026-01-25 12:15:00,F0533,98.38,0.96,69.72,Healthy
2026-01-25 12:20:00,F0834,91.07,4.5,46.54,Healthy
2026-01-25 12:25:00,F0594,66.67,1.05,49.73,Healthy
2026-01-25 12:30:00,F0483,30.8,1.32,10.2,Critical
2026-01-25 12:35:00,F0710,70.11,4.45,69.9,Critical
2026-01-25 12:40:00,F0918,48.48,3.34,31.22,Healthy
2026-01-25 12:45:00,F0196,41.69,2.34,20.44,Healthy
2026-01-25 12:50:00,F0642,90.09,1.14,88.69,Critical
2026-01-25 12:55:00,F0376,94.74,2.67,88.72,Low
2026-01-25 13:00:00,F0662,68.13,4.85,63.46,Low
2026-01-25 13:05:00,F0476,89.23,3.2,89.09,Healthy
2026-01-25 13:10:00,F0658,88.85,3.04,43.99,Critical
2026-01-25 13:15:00,F0489,79.74,4.69,37.17,Low
2026-01-25 13:20:00,F0669,57.85,2.05,57.14,Critical
2026-01-25 13:25:00,F0315,81.96,1.97,38.62,Low
2026-01-25 13:30:00,F0502,75.4,3.52,72.79,Critical
2026-01-25 13:35:00,F0685,83.73,4.0,69.67,Healthy
2026-01-25 13:40:00,F0149,55.16,0.34,43.51,Critical
2026-01-25 13:45:00,F0992,99.47,1.15,82.39,Critical
2026-01-25 13:50:00,F0270,78.1,2.74,42.87,Critical
2026-01-25 13:55:00,F0651,98.3,2.73,96.16,Critical
2026-01-25 14:00:00,F0622,62.83,3.1,3.8,Low
2026-01-25 14:05:00,F0223,95.84,3.45,91.37,Critical
2026-01-25 14:10:00,F0169,22.92,3.53,21.12,Healthy
2026-01-25 14:15:00,F0691,83.01,2.0,59.39,Low
2026-01-25 14:20:00,F0698,99.21,4.03,96.4,Critical
2026-01-25 14:25:00,F0447,73.07,0.81,72.75,Low
2026-01-25 14:30:00,F0654,94.15,3.73,87.7,Critical
2026-01-25 14:35:00,F0305,87.39,2.14,76.74,Low
2026-01-25 14:40:00,F0582,59.11,0.65,41.76,Critical
2026-01-25 14:45:00,F0598,72.43,2.26,67.85,Low
2026-01-25 14:50:00,F0237,92.57,0.63,72.42,Critical
2026-01-25 14:55:00,F0391,90.46,1.69,33.49,Healthy
2026-01-25 15:00:00,F0411,63.23,1.76,15.27,Healthy
2026-01-25 15:05:00,F0693,92.65,2.32,90.75,Low
2026-01-25 15:10:00,F0939,70.28,3.1,22.79,Critical
2026-01-25 15:15:00,F0329,68.92,1.17,28.9,Critical
2026-01-25 15:20:00,F0669,84.2,1.94,28.6,Low
2026-01-25 15:25:00,F0223,61.01,2.46,19.84,Healthy
2026-01-25 15:30:00,F0679,13.98,3.74,5.36,Healthy
2026-01-25 15:35:00,F0390,98.42,4.74,73.63,Critical
2026-01-25 15:40:00,F0360,98.31,3.48,37.6,Critical
2026-01-25 15:45:00,F0722,51.54,4.01,39.05,Healthy
2026-01-25 15:50:00,F0518,40.66,3.7,17.0,Low
2026-01-25 15:55:00,F0437,98.51,1.23,26.79,Critical
2026-01-25 16:00:00,F0035,74.45,4.03,39.14,Critical
2026-01-25 16:05:00,F0738,43.67,2.83,1.04,Critical
2026-01-25 16:10:00,F0764,97.67,2.32,2.29,Healthy
2026-01-25 16:15:00,F0793,85.65,1.66,41.34,Critical
2026-01-25 16:20:00,F0481,90.9,3.21,88.66,Critical
2026-01-25 16:25:00,F0094,96.11,1.94,35.74,Low
2026-01-25 16:30:00,F0632,99.82,4.02,99.17,Critical
2026-01-25 16:35:00,F0425,11.77,1.15,2.32,Low
2026-01-25 16:40:00,F0375,97.09,3.9,91.53,Critical
2026-01-25 16:45:00,F0770,96.4,0.72,94.96,Low
2026-01-25 16:50:00,F0985,89.22,3.64,81.46,Critical
2026-01-25 16:55:00,F0219,91.67,1.42,83.54,Critical
2026-01-25 17:00:00,F0563,97.78,1.32,96.04,Healthy
2026-01-25 17:05:00,F0334,98.59,3.97,74.42,Healthy
2026-01-25 17:10:00,F0399,83.0,2.95,50.12,Low
2026-01-25 17:15:00,F0454,70.72,4.94,34.48,Critical
2026-01-25 17:20:00,F0093,88.92,1.65,79.88,Critical
2026-01-25 17:25:00,F0456,76.55,3.82,52.87,Low
2026-01-25 17:30:00,F0840,27.82,1.47,24.55,Low
2026-01-25 17:35:00,F0405,75.57,3.17,50.81,Healthy
2026-01-25 17:40:00,F0524,80.76,0.48,74.69,Critical
2026-01-25 17:45:00,F0403,78.34,4.18,64.49,Critical
2026-01-25 17:50:00,F0306,99.67,0.99,95.23,Healthy
2026-01-25 17:55:00,F0182,74.0,2.74,35.83,Healthy
2026-01-25 18:00:00,F0033,47.6,0.69,18.67,Healthy
2026-01-25 18:05:00,F0047,76.27,0.5,50.44,Healthy
2026-01-25 18:10:00,F0391,74.67,1.69,33.01,Low
2026-01-25 18:15:00,F0218,80.25,1.64,0.07,Low
2026-01-25 18:20:00,F0753,67.7,2.32,40.24,Critical
2026-01-25 18:25:00,F0084,19.44,3.76,12.25,Healthy
2026-01-25 18:30:00,F0773,21.38,4.1,17.74,Healthy
2026-01-25 18:35:00,F0321,83.76,4.12,72.7,Low
2026-01-25 18:40:00,F0949,77.68,2.16,55.12,Critical
2026-01-25 18:45:00,F0044,66.41,2.9,7.01,Low
2026-01-25 18:50:00,F0222,31.7,2.7,12.26,Low
2026-01-25 18:55:00,F0678,75.2,2.81,13.1,Low
2026-01-25 19:00:00,F0324,51.63,4.11,0.13,Critical
2026-01-25 19:05:00,F0347,16.76,4.34,0.03,Low
2026-01-25 19:10:00,F0897,27.85,2.69,19.3,Healthy
2026-01-25 19:15:00,F0877,82.36,4.31,6.86,Low
2026-01-25 19:20:00,F0573,91.96,2.8,9.47,Healthy
2026-01-25 19:25:00,F0613,88.21,4.59,38.48,Low
2026-01-25 19:30:00,F0936,65.31,3.9,60.76,Low
2026-01-25 19:35:00,F0365,63.91,3.68,62.55,Low
2026-01-25 19:40:00,F0831,83.56,0.66,12.08,Critical
2026-01-25 19:45:00,F0449,54.27,4.66,22.26,Healthy
2026-01-25 19:50:00,F0495,74.71,4.02,50.17,Healthy
2026-01-25 19:55:00,F0152,81.93,3.28,53.63,Critical
2026-01-25 20:00:00,F0971,96.29,3.59,85.07,Critical
2026-01-25 20:05:00,F0375,98.58,4.78,90.72,Healthy
2026-01-25 20:10:00,F0433,54.21,4.58,49.04,Healthy
2026-01-25 20:15:00,F0144,32.93,3.04,15.37,Healthy
2026-01-25 20:20:00,F0985,84.63,1.54,76.24,Healthy
2026-01-25 20:25:00,F0828,86.55,4.38,4.21,Low
2026-01-25 20:30:00,F0219,99.24,0.45,4.13,Low
2026-01-25 20:35:00,F0508,99.1,0.55,87.28,Low
2026-01-25 20:40:00,F0460,59.6,1.87,52.22,Low
2026-01-25 20:45:00,F0708,58.97,2.07,54.09,Healthy
2026-01-25 20:50:00,F0739,97.54,3.99,90.51,Healthy
2026-01-25 20:55:00,F0607,99.81,4.6,64.97,Low
2026-01-25 21:00:00,F0096,97.11,2.26,94.32,Healthy
2026-01-25 21:05:00,F0659,15.3,2.86,11.02,Healthy
2026-01-25 21:10:00,F0135,84.76,4.52,54.2,Critical
2026-01-25 21:15:00,F0630,96.38,3.94,71.05,Critical
2026-01-25 21:20:00,F0366,93.96,1.14,92.62,Critical
2026-01-25 21:25:00,F0738,93.68,2.64,87.48,Healthy
2026-01-25 21:30:00,F0810,26.76,3.98,5.96,Low
2026-01-25 21:35:00,F0674,89.52,1.84,81.6,Critical
2026-01-25 21:40:00,F0108,92.39,3.11,50.49,Healthy
2026-01-25 21:45:00,F0585,95.65,3.58,88.15,Low
2026-01-25 21:50:00,F0032,90.05,0.43,86.02,Low
2026-01-25 21:55:00,F0863,79.46,0.51,16.33,Healthy
2026-01-25 22:00:00,F0805,81.8,0.23,79.26,Low
2026-01-25 22:05:00,F0788,97.54,4.72,77.6,Healthy
2026-01-25 22:10:00,F0860,85.61,3.79,25.32,Healthy
2026-01-25 22:15:00,F0512,96.19,3.57,87.64,Healthy
2026-01-25 22:20:00,F0242,66.69,4.06,25.67,Low
2026-01-25 22:25:00,F0897,58.62,1.76,42.49,Low
2026-01-25 22:30:00,F0832,60.28,2.14,2.98,Critical
2026-01-25 22:35:00,F0424,66.72,4.56,33.24,Healthy
2026-01-25 22:40:00,F0443,79.71,2.39,69.23,Critical
2026-01-25 22:45:00,F0937,83.97,3.48,55.75,Low
2026-01-25 22:50:00,F0623,68.2,0.39,57.15,Low
2026-01-25 22:55:00,F0017,64.85,0.89,7.82,Low
2026-01-25 23:00:00,F0667,94.66,2.38,62.03,Low
2026-01-25 23:05:00,F0691,98.6,1.06,90.77,Critical
2026-01-25 23:10:00,F0620,88.47,2.38,53.37,Healthy
2026-01-25 23:15:00,F0099,90.19,4.07,87.81,Low
2026-01-25 23:20:00,F0538,96.88,4.84,93.82,Critical
2026-01-25 23:25:00,F0730,57.67,2.45,40.09,Low
2026-01-25 23:30:00,F0138,98.97,1.74,89.01,Critical
2026-01-25 23:35:00,F0398,66.06,3.12,38.74,Healthy
2026-01-25 23:40:00,F0737,24.15,2.07,12.1,Critical
2026-01-25 23:45:00,F0612,51.3,0.24,39.9,Critical
2026-01-25 23:50:00,F0562,47.65,4.08,12.75,Critical
2026-01-25 23:55:00,F0495,97.32,4.99,91.75,Critical
2026-01-26 00:00:00,F0860,40.71,2.1,4.6,Low
2026-01-26 00:05:00,F0162,82.1,4.14,74.6,Healthy
2026-01-26 00:10:00,F0136,94.81,4.14,89.68,Healthy
2026-01-26 00:15:00,F0281,38.1,4.7,8.67,Healthy
2026-01-26 00:20:00,F0761,97.43,1.83,96.1,Low
2026-01-26 00:25:00,F0858,88.53,0.2,83.11,Critical
2026-01-26 00:30:00,F0065,90.11,1.68,83.77,Low
2026-01-26 00:35:00,F0348,87.63,1.94,17.98,Healthy
2026-01-26 00:40:00,F0234,73.44,1.93,0.83,Low
2026-01-26 00:45:00,F0528,77.5,0.62,19.92,Low
2026-01-26 00:50:00,F0984,57.85,2.19,37.15,Critical
2026-01-26 00:55:00,F0130,41.64,3.39,22.99,Critical
2026-01-26 01:00:00,F0905,88.84,0.79,71.78,Healthy
2026-01-26 01:05:00,F0911,99.34,2.98,92.14,Critical
2026-01-26 01:10:00,F0931,85.64,0.72,22.62,Critical
2026-01-26 01:15:00,F0827,95.05,0.56,64.07,Critical
2026-01-26 01:20:00,F0712,94.26,2.53,92.62,Healthy
2026-01-26 01:25:00,F0494,96.04,3.25,68.09,Critical
2026-01-26 01:30:00,F0047,97.0,0.93,76.21,Healthy
2026-01-26 01:35:00,F0151,93.73,0.75,9.67,Healthy
2026-01-26 01:40:00,F0887,94.59,2.56,9.27,Critical
2026-01-26 01:45:00,F0669,95.08,2.68,90.12,Healthy
2026-01-26 01:50:00,F0155,98.27,4.06,96.01,Low
2026-01-26 01:55:00,F0532,99.45,2.16,16.26,Critical
2026-01-26 02:00:00,F0341,80.8,2.29,75.48,Low
2026-01-26 02:05:00,F0967,64.39,2.37,50.39,Low
2026-01-26 02:10:00,F0308,96.9,2.2,86.68,Critical
2026-01-26 02:15:00,F0776,61.6,2.76,52.27,Low
2026-01-26 02:20:00,F0766,87.87,0.92,82.4,Healthy
2026-01-26 02:25:00,F0070,41.33,1.75,12.83,Low
2026-01-26 02:30:00,F0567,99.27,3.46,97.0,Healthy
2026-01-26 02:35:00,F0375,49.95,4.93,33.11,Healthy
2026-01-26 02:40:00,F0484,78.18,2.73,55.4,Healthy
2026-01-26 02:45:00,F0446,40.1,1.46,0.71,Low
2026-01-26 02:50:00,F0554,96.03,3.6,91.51,Critical
2026-01-26 02:55:00,F0848,99.12,1.64,96.99,Critical
2026-01-26 03:00:00,F0641,51.83,3.67,44.67,Low
2026-01-26 03:05:00,F0221,89.15,0.55,31.34,Critical
2026-01-26 03:10:00,F0106,96.49,2.87,91.13,Low
2026-01-26 03:15:00,F0098,86.54,3.6,77.71,Critical
2026-01-26 03:20:00,F0921,75.68,2.51,65.48,Healthy
2026-01-26 03:25:00,F0651,42.03,4.78,25.69,Healthy
2026-01-26 03:30:00,F0294,28.83,2.06,1.52,Low
2026-01-26 03:35:00,F0954,65.48,3.98,14.23,Low
2026-01-26 03:40:00,F0210,52.81,2.41,35.25,Healthy
2026-01-26 03:45:00,F0100,86.06,4.02,6.91,Healthy
2026-01-26 03:50:00,F0249,75.54,1.94,68.35,Low
2026-01-26 03:55:00,F0443,82.08,4.68,78.55,Critical
2026-01-26 04:00:00,F0765,86.69,0.64,46.74,Healthy
2026-01-26 04:05:00,F0615,85.31,1.65,79.18,Critical
2026-01-26 04:10:00,F0365,76.97,3.75,49.63,Critical
2026-01-26 04:15:00,F0537,92.46,3.21,71.69,Critical
2026-01-26 04:20:00,F0055,55.68,4.68,9.23,Critical
2026-01-26 04:25:00,F0376,99.65,4.08,99.6,Critical
2026-01-26 04:30:00,F0468,69.52,2.6,59.08,Low
2026-01-26 04:35:00,F0925,98.05,1.25,97.76,Low
2026-01-26 04:40:00,F0220,96.66,0.42,58.34,Healthy
2026-01-26 04:45:00,F0330,89.16,1.09,16.02,Low
2026-01-26 04:50:00,F0297,75.13,4.66,55.67,Low
2026-01-26 04:55:00,F0965,45.44,0.76,20.67,Critical
2026-01-26 05:00:00,F0569,97.53,2.72,87.79,Low
2026-01-26 05:05:00,F0262,90.23,2.46,30.97,Healthy
2026-01-26 05:10:00,F0881,66.73,1.26,45.9,Low
2026-01-26 05:15:00,F0387,98.03,0.22,40.22,Critical
2026-01-26 05:20:00,F0159,61.23,4.3,13.92,Healthy
2026-01-26 05:25:00,F0552,95.8,1.07,86.55,Healthy
2026-01-26 05:30:00,F0877,30.77,4.18,12.09,Critical
2026-01-26 05:35:00,F0569,51.18,4.8,41.53,Low
2026-01-26 05:40:00,F0810,82.47,0.84,76.26,Healthy
2026-01-26 05:45:00,F0307,60.32,1.15,59.87,Critical
2026-01-26 05:50:00,F0442,99.96,3.29,77.92,Critical
2026-01-26 05:55:00,F0411,91.67,3.85,16.61,Critical
2026-01-26 06:00:00,F0361,97.57,0.36,96.66,Healthy
2026-01-26 06:05:00,F0271,68.62,1.17,9.45,Healthy
2026-01-26 06:10:00,F0593,99.96,2.7,99.85,Critical
2026-01-26 06:15:00,F0881,68.92,4.84,9.16,Low
2026-01-26 06:20:00,F0122,52.1,0.94,35.15,Healthy
2026-01-26 06:25:00,F0699,93.23,3.8,87.29,Healthy
2026-01-26 06:30:00,F0728,63.53,3.6,47.38,Critical
2026-01-26 06:35:00,F0973,95.37,3.99,93.8,Critical
2026-01-26 06:40:00,F0594,75.25,3.51,9.48,Low
2026-01-26 06:45:00,F0826,98.66,3.74,92.57,Critical
2026-01-26 06:50:00,F0076,78.47,2.95,70.98,Critical
2026-01-26 06:55:00,F0107,39.54,2.95,24.67,Healthy
2026-01-26 07:00:00,F0404,97.86,2.17,76.31,Low
2026-01-26 07:05:00,F0438,74.56,1.05,57.62,Critical
2026-01-26 07:10:00,F0370,78.07,2.54,49.24,Critical
2026-01-26 07:15:00,F0092,87.1,1.2,42.51,Low
2026-01-26 07:20:00,F0226,69.14,3.06,25.68,Critical
2026-01-26 07:25:00,F0305,55.51,2.83,2.35,Healthy
2026-01-26 07:30:00,F0206,50.63,2.56,43.24,Critical
2026-01-26 07:35:00,F0416,79.95,3.46,60.69,Healthy
2026-01-26 07:40:00,F0084,42.31,0.33,36.33,Healthy
2026-01-26 07:45:00,F0001,81.49,1.8,60.98,Low
2026-01-26 07:50:00,F0258,57.9,3.8,28.31,Low
2026-01-26 07:55:00,F0600,71.83,3.84,61.85,Critical
2026-01-26 08:00:00,F0974,72.96,0.21,1.28,Low
2026-01-26 08:05:00,F0930,79.9,4.68,9.72,Low
2026-01-26 08:10:00,F0860,82.87,3.58,82.55,Critical
2026-01-26 08:15:00,F0092,99.18,3.36,98.08,Low
2026-01-26 08:20:00,F0945,99.12,2.51,98.12,Healthy
2026-01-26 08:25:00,F0473,73.54,3.14,38.14,Critical
2026-01-26 08:30:00,F0599,98.29,2.37,23.12,Critical
2026-01-26 08:35:00,F0199,50.42,0.42,39.44,Low
2026-01-26 08:40:00,F0059,73.36,1.67,18.12,Low
2026-01-26 08:45:00,F0163,78.68,2.06,50.89,Low
2026-01-26 08:50:00,F0681,95.28,3.18,91.12,Critical
2026-01-26 08:55:00,F0201,64.63,4.59,36.4,Healthy
2026-01-26 09:00:00,F0119,76.98,2.55,76.82,Critical
2026-01-26 09:05:00,F0989,39.93,3.45,33.56,Low
2026-01-26 09:10:00,F0748,93.79,1.19,67.59,Low
2026-01-26 09:15:00,F0349,42.67,4.84,0.46,Low
2026-01-26 09:20:00,F0704,93.49,3.5,50.84,Critical
2026-01-26 09:25:00,F0537,95.82,0.5,42.01,Low
2026-01-26 09:30:00,F0513,98.1,2.48,67.36,Low
2026-01-26 09:35:00,F0943,99.77,2.5,98.63,Critical
2026-01-26 09:40:00,F0200,78.58,1.22,29.33,Low
2026-01-26 09:45:00,F0392,31.09,4.44,27.38,Healthy
2026-01-26 09:50:00,F0435,56.91,2.1,15.04,Low
2026-01-26 09:55:00,F0754,91.83,4.08,59.45,Low
2026-01-26 10:00:00,F0634,70.48,3.35,51.82,Low
2026-01-26 10:05:00,F0763,99.5,3.24,81.93,Healthy
2026-01-26 10:10:00,F0245,87.57,4.24,34.89,Low
2026-01-26 10:15:00,F0664,98.0,4.55,85.37,Healthy
2026-01-26 10:20:00,F0374,72.36,0.82,71.69,Healthy
2026-01-26 10:25:00,F0573,80.35,1.01,44.27,Critical
2026-01-26 10:30:00,F0408,65.41,4.19,27.29,Low
2026-01-26 10:35:00,F0899,90.99,3.28,87.85,Healthy
2026-01-26 10:40:00,F0568,50.36,4.06,23.7,Healthy
2026-01-26 10:45:00,F0236,77.46,2.51,77.29,Critical
2026-01-26 10:50:00,F0413,50.75,3.7,21.59,Critical
2026-01-26 10:55:00,F0417,28.66,3.66,18.85,Critical
2026-01-26 11:00:00,F0714,70.53,4.88,37.98,Low
2026-01-26 11:05:00,F0215,85.32,0.34,81.14,Healthy
2026-01-26 11:10:00,F0002,97.04,4.4,96.76,Critical
2026-01-26 11:15:00,F0724,97.73,1.25,87.99,Low
2026-01-26 11:20:00,F0756,84.58,1.71,83.84,Healthy
2026-01-26 11:25:00,F0463,92.26,2.68,40.76,Critical
2026-01-26 11:30:00,F0947,95.43,1.19,58.14,Low
2026-01-26 11:35:00,F0808,60.93,3.31,46.73,Low
2026-01-26 11:40:00,F0872,89.75,3.78,86.38,Healthy
2026-01-26 11:45:00,F0635,97.91,1.14,90.34,Low
2026-01-26 11:50:00,F0055,37.24,1.81,26.45,Critical
2026-01-26 11:55:00,F0072,99.18,2.96,95.49,Healthy
2026-01-26 12:00:00,F0447,95.43,0.3,87.71,Healthy
2026-01-26 12:05:00,F0611,83.56,2.76,48.29,Low
2026-01-26 12:10:00,F0607,57.32,1.64,11.5,Low
2026-01-26 12:15:00,F0202,58.18,3.24,47.58,Healthy
2026-01-26 12:20:00,F0258,87.49,0.3,86.3,Healthy
2026-01-26 12:25:00,F0277,96.19,2.35,88.94,Critical
2026-01-26 12:30:00,F0350,95.78,2.73,94.65,Healthy
2026-01-26 12:35:00,F0787,98.2,4.57,94.58,Critical
2026-01-26 12:40:00,F0479,74.46,2.17,68.63,Healthy
2026-01-26 12:45:00,F0444,85.5,4.33,72.62,Low
2026-01-26 12:50:00,F0717,85.54,0.61,6.05,Critical
2026-01-26 12:55:00,F0187,73.13,0.77,68.02,Healthy
2026-01-26 13:00:00,F0224,89.41,2.12,88.3,Critical
2026-01-26 13:05:00,F0373,52.08,1.1,10.98,Critical
2026-01-26 13:10:00,F0689,75.04,2.7,64.46,Healthy
2026-01-26 13:15:00,F0255,97.28,4.84,69.99,Low
2026-01-26 13:20:00,F0939,41.65,2.6,41.12,Critical
2026-01-26 13:25:00,F0068,74.72,4.9,50.5,Healthy
2026-01-26 13:30:00,F0373,94.23,3.82,62.8,Healthy
2026-01-26 13:35:00,F0508,91.68,4.13,88.64,Healthy
2026-01-26 13:40:00,F0698,99.18,2.73,96.56,Critical
2026-01-26 13:45:00,F0993,48.93,2.75,30.14,Healthy
2026-01-26 13:50:00,F0788,90.62,1.29,80.55,Low
2026-01-26 13:55:00,F0676,92.8,2.28,46.24,Low
2026-01-26 14:00:00,F0269,78.03,0.23,69.01,Critical
2026-01-26 14:05:00,F0011,17.96,1.09,12.93,Healthy
2026-01-26 14:10:00,F0519,88.45,2.37,11.77,Healthy
2026-01-26 14:15:00,F0263,95.91,3.97,79.19,Healthy
2026-01-26 14:20:00,F0532,86.77,0.6,73.94,Low
2026-01-26 14:25:00,F0268,81.39,2.61,74.61,Low
2026-01-26 14:30:00,F0923,96.21,2.84,88.88,Low
2026-01-26 14:35:00,F0191,99.66,3.02,99.65,Critical
2026-01-26 14:40:00,F0006,39.29,3.21,3.37,Critical
2026-01-26 14:45:00,F0800,93.33,0.94,82.48,Healthy
2026-01-26 14:50:00,F0934,30.52,1.94,12.42,Critical
2026-01-26 14:55:00,F0675,94.96,0.83,3.78,Critical
2026-01-26 15:00:00,F0615,41.5,1.14,40.22,Healthy
2026-01-26 15:05:00,F0362,99.68,1.92,91.03,Low
2026-01-26 15:10:00,F0612,97.0,4.9,96.91,Critical
2026-01-26 15:15:00,F0814,70.51,4.06,59.32,Healthy
2026-01-26 15:20:00,F0168,84.51,3.48,80.43,Healthy
2026-01-26 15:25:00,F0366,67.17,4.36,11.75,Healthy
2026-01-26 15:30:00,F0023,38.93,4.89,9.34,Low
2026-01-26 15:35:00,F0144,95.41,0.58,12.8,Critical
2026-01-26 15:40:00,F0956,86.0,4.98,3.9,Critical
2026-01-26 15:45:00,F0896,38.92,4.56,12.63,Healthy
2026-01-26 15:50:00,F0991,83.36,0.36,78.18,Healthy
2026-01-26 15:55:00,F0726,95.75,1.86,90.95,Low
2026-01-26 16:00:00,F0845,56.45,2.68,21.75,Low
2026-01-26 16:05:00,F0539,83.48,4.45,60.0,Critical
2026-01-26 16:10:00,F0697,43.04,4.19,15.04,Low
2026-01-26 16:15:00,F0087,52.27,4.18,23.67,Critical
2026-01-26 16:20:00,F0784,72.89,0.9,15.68,Critical
2026-01-26 16:25:00,F0135,90.59,2.3,87.03,Critical
2026-01-26 16:30:00,F0190,68.04,4.79,35.5,Low
2026-01-26 16:35:00,F0541,63.1,2.44,36.51,Critical
2026-01-26 16:40:00,F0606,96.79,0.58,66.14,Healthy
2026-01-26 16:45:00,F0434,33.74,4.7,24.37,Critical
2026-01-26 16:50:00,F0311,81.64,4.19,72.67,Low
2026-01-26 16:55:00,F0819,76.84,2.38,74.17,Low
2026-01-26 17:00:00,F0568,30.47,3.6,1.49,Low
2026-01-26 17:05:00,F0334,88.1,0.75,58.52,Critical
2026-01-26 17:10:00,F0296,66.49,2.95,3.04,Low
2026-01-26 17:15:00,F0028,97.62,0.4,71.18,Low
2026-01-26 17:20:00,F0355,99.53,2.18,93.28,Low
2026-01-26 17:25:00,F0378,97.37,4.04,60.13,Low
2026-01-26 17:30:00,F0775,53.88,0.57,50.83,Critical
2026-01-26 17:35:00,F0338,51.39,0.93,13.41,Low
2026-01-26 17:40:00,F0957,79.41,4.21,44.7,Low
2026-01-26 17:45:00,F0291,40.26,2.96,27.15,Critical
2026-01-26 17:50:00,F0872,51.23,1.24,11.75,Low
2026-01-26 17:55:00,F0611,80.21,4.1,73.67,Low
2026-01-26 18:00:00,F0292,63.96,0.28,61.57,Low
2026-01-26 18:05:00,F0853,92.32,3.08,89.27,Low
2026-01-26 18:10:00,F0272,76.82,3.74,56.92,Critical
2026-01-26 18:15:00,F0203,91.14,0.71,84.55,Critical
2026-01-26 18:20:00,F0501,85.12,3.98,56.36,Healthy
2026-01-26 18:25:00,F0924,34.1,1.95,15.4,Healthy
2026-01-26 18:30:00,F0270,96.02,3.93,93.01,Critical
2026-01-26 18:35:00,F0802,81.42,0.3,73.42,Healthy
2026-01-26 18:40:00,F0696,95.48,4.93,91.13,Low
2026-01-26 18:45:00,F0290,43.51,1.15,39.73,Low
2026-01-26 18:50:00,F0106,95.88,3.53,94.84,Low
2026-01-26 18:55:00,F0348,91.1,3.26,90.64,Low
2026-01-26 19:00:00,F0297,96.99,1.81,96.04,Low
2026-01-26 19:05:00,F0373,92.77,4.82,35.56,Low
2026-01-26 19:10:00,F0572,88.56,4.8,80.14,Critical
2026-01-26 19:15:00,F0674,97.65,1.99,21.47,Low
2026-01-26 19:20:00,F0522,82.4,4.33,69.94,Healthy
2026-01-26 19:25:00,F0008,71.7,3.96,56.05,Low
2026-01-26 19:30:00,F0515,98.96,3.77,98.85,Low
2026-01-26 19:35:00,F0486,80.75,0.44,75.91,Healthy
2026-01-26 19:40:00,F0329,66.74,1.78,37.06,Healthy
2026-01-26 19:45:00,F0238,50.76,3.65,9.35,Healthy
2026-01-26 19:50:00,F0961,41.92,2.04,39.1,Critical
2026-01-26 19:55:00,F0697,70.34,1.36,68.16,Low
2026-01-26 20:00:00,F0531,96.48,2.96,3.6,Critical
2026-01-26 20:05:00,F0091,55.74,3.3,54.63,Healthy
2026-01-26 20:10:00,F0612,71.7,3.99,36.86,Healthy
2026-01-26 20:15:00,F0045,27.84,1.97,9.28,Healthy
2026-01-26 20:20:00,F0195,76.89,0.43,40.59,Critical
2026-01-26 20:25:00,F0585,74.78,1.34,67.79,Low
2026-01-26 20:30:00,F0003,38.3,3.02,24.3,Critical
2026-01-26 20:35:00,F0459,85.46,1.33,66.91,Critical
2026-01-26 20:40:00,F0574,96.02,3.34,16.96,Critical
2026-01-26 20:45:00,F0962,72.4,2.74,61.49,Low
2026-01-26 20:50:00,F0464,71.77,3.81,51.97,Low
2026-01-26 20:55:00,F0864,56.68,3.79,40.42,Healthy
2026-01-26 21:00:00,F0717,81.71,2.81,73.91,Healthy
2026-01-26 21:05:00,F0446,80.94,1.09,18.56,Low
2026-01-26 21:10:00,F0315,90.45,0.91,48.07,Low
2026-01-26 21:15:00,F0199,94.66,1.44,84.82,Critical
2026-01-26 21:20:00,F0445,90.58,3.86,76.5,Low
2026-01-26 21:25:00,F0531,73.48,3.05,23.96,Healthy
2026-01-26 21:30:00,F0876,82.37,2.84,68.31,Low
2026-01-26 21:35:00,F0540,49.89,2.92,27.26,Low
2026-01-26 21:40:00,F0394,98.31,1.67,66.38,Critical
2026-01-26 21:45:00,F0343,69.99,4.01,21.72,Healthy
2026-01-26 21:50:00,F0414,82.57,1.77,9.19,Low
2026-01-26 21:55:00,F0965,75.03,1.14,65.36,Healthy
2026-01-26 22:00:00,F0012,84.44,4.0,62.66,Critical
2026-01-26 22:05:00,F0979,95.51,4.06,93.87,Critical
2026-01-26 22:10:00,F0532,99.76,2.21,38.86,Healthy
2026-01-26 22:15:00,F0187,99.94,0.78,95.87,Healthy
2026-01-26 22:20:00,F0791,67.94,4.0,57.65,Critical
2026-01-26 22:25:00,F0393,68.06,4.43,63.01,Critical
2026-01-26 22:30:00,F0479,51.73,1.09,49.06,Healthy
2026-01-26 22:35:00,F0055,82.57,3.59,23.04,Low
2026-01-26 22:40:00,F0504,84.25,0.51,67.55,Low
2026-01-26 22:45:00,F0508,98.93,4.95,70.68,Critical
2026-01-26 22:50:00,F0336,83.93,4.66,24.46,Critical
2026-01-26 22:55:00,F0692,93.2,4.04,38.5,Low
2026-01-26 23:00:00,F0810,88.73,3.33,66.26,Low
2026-01-26 23:05:00,F0694,89.29,2.41,82.57,Healthy
2026-01-26 23:10:00,F0753,11.76,1.89,5.41,Healthy
2026-01-26 23:15:00,F0435,95.65,3.26,91.66,Low
2026-01-26 23:20:00,F0992,73.44,4.72,63.91,Low
2026-01-26 23:25:00,F0421,91.86,0.99,91.55,Healthy
2026-01-26 23:30:00,F0258,39.9,2.29,25.54,Low
2026-01-26 23:35:00,F0702,30.17,0.49,17.76,Critical
2026-01-26 23:40:00,F0887,83.81,1.4,43.13,Low
2026-01-26 23:45:00,F0589,20.88,1.4,13.73,Healthy
2026-01-26 23:50:00,F0674,85.89,2.73,57.16,Healthy
2026-01-26 23:55:00,F0242,92.71,2.16,80.45,Healthy
2026-01-27 00:00:00,F0557,53.49,4.29,31.66,Healthy
2026-01-27 00:05:00,F0853,96.72,4.95,62.59,Healthy
2026-01-27 00:10:00,F0921,97.94,2.6,70.96,Low
2026-01-27 00:15:00,F0502,52.05,4.98,41.08,Critical
2026-01-27 00:20:00,F0132,90.98,3.64,59.1,Healthy
2026-01-27 00:25:00,F0943,52.45,0.66,20.45,Critical
2026-01-27 00:30:00,F0844,81.59,3.15,80.04,Low
2026-01-27 00:35:00,F0084,16.46,1.95,4.32,Critical
2026-01-27 00:40:00,F0798,88.17,2.4,26.73,Low
2026-01-27 00:45:00,F0613,73.22,3.88,58.04,Healthy
2026-01-27 00:50:00,F0185,34.64,0.84,33.38,Low
2026-01-27 00:55:00,F0822,98.37,2.26,61.64,Low
2026-01-27 01:00:00,F0199,61.08,4.54,21.56,Healthy
2026-01-27 01:05:00,F0491,74.38,4.36,31.21,Critical
2026-01-27 01:10:00,F0042,90.95,3.65,89.68,Low
2026-01-27 01:15:00,F0911,21.82,3.06,7.68,Healthy
2026-01-27 01:20:00,F0348,51.49,2.84,10.87,Healthy
2026-01-27 01:25:00,F0245,99.97,0.73,82.31,Healthy
2026-01-27 01:30:00,F0455,62.67,1.38,4.37,Low
2026-01-27 01:35:00,F0422,55.97,0.62,24.89,Low
2026-01-27 01:40:00,F0412,53.15,0.41,39.81,Healthy
2026-01-27 01:45:00,F0023,93.68,4.85,90.43,Low
2026-01-27 01:50:00,F0347,84.01,1.4,76.28,Healthy
2026-01-27 01:55:00,F0691,93.88,4.71,42.1,Healthy
2026-01-27 02:00:00,F0148,84.97,4.48,40.52,Low
2026-01-27 02:05:00,F0984,72.61,0.74,72.4,Low
2026-01-27 02:10:00,F0946,99.2,4.26,90.34,Low
2026-01-27 02:15:00,F0327,81.05,0.4,54.99,Low
2026-01-27 02:20:00,F0086,99.88,3.91,95.69,Critical
2026-01-27 02:25:00,F0705,73.92,4.28,52.26,Critical
2026-01-27 02:30:00,F0819,39.47,1.07,20.26,Healthy
2026-01-27 02:35:00,F0237,87.07,1.3,57.43,Healthy
2026-01-27 02:40:00,F0752,82.58,1.98,62.96,Critical
2026-01-27 02:45:00,F0429,96.14,4.85,70.09,Low
2026-01-27 02:50:00,F0304,70.62,0.47,47.31,Healthy
2026-01-27 02:55:00,F0033,59.66,0.72,14.53,Healthy
2026-01-27 03:00:00,F0768,46.45,2.1,27.14,Critical
2026-01-27 03:05:00,F0757,93.18,3.21,78.41,Healthy
2026-01-27 03:10:00,F0071,58.82,0.88,57.35,Critical
2026-01-27 03:15:00,F0517,93.46,1.75,90.59,Healthy
2026-01-27 03:20:00,F0195,91.31,0.67,77.91,Low
2026-01-27 03:25:00,F0427,54.22,1.95,39.14,Healthy
2026-01-27 03:30:00,F0791,87.78,0.23,76.4,Low
2026-01-27 03:35:00,F0055,91.01,1.13,69.99,Healthy
2026-01-27 03:40:00,F0416,69.66,2.79,57.76,Low
2026-01-27 03:45:00,F0663,25.86,4.66,23.33,Healthy
2026-01-27 03:50:00,F0765,84.49,2.42,9.59,Low
2026-01-27 03:55:00,F0721,54.37,0.73,44.08,Critical
2026-01-27 04:00:00,F0855,98.72,1.01,87.38,Healthy
2026-01-27 04:05:00,F0579,94.88,4.62,86.26,Critical
2026-01-27 04:10:00,F0553,91.56,2.36,47.07,Low
2026-01-27 04:15:00,F0456,61.52,0.72,38.07,Low
2026-01-27 04:20:00,F0758,51.22,3.1,3.68,Healthy
2026-01-27 04:25:00,F0782,97.56,3.92,96.79,Critical
2026-01-27 04:30:00,F0372,39.23,0.47,6.92,Critical
2026-01-27 04:35:00,F0194,78.85,2.02,8.4,Healthy
2026-01-27 04:40:00,F0911,88.39,0.55,71.75,Low
2026-01-27 04:45:00,F0731,65.74,2.6,28.75,Low
2026-01-27 04:50:00,F0735,81.99,0.41,72.27,Critical
2026-01-27 04:55:00,F0153,54.59,4.97,29.6,Critical
2026-01-27 05:00:00,F0479,89.41,1.17,33.4,Healthy
2026-01-27 05:05:00,F0886,99.68,4.29,66.39,Low
2026-01-27 05:10:00,F0013,18.54,1.45,0.67,Low
2026-01-27 05:15:00,F0669,73.45,3.31,53.8,Critical
2026-01-27 05:20:00,F0164,72.33,0.73,18.23,Low
2026-01-27 05:25:00,F0647,93.41,0.82,2.61,Critical
2026-01-27 05:30:00,F0125,97.5,3.75,38.3,Critical
2026-01-27 05:35:00,F0121,44.74,4.33,43.61,Healthy
2026-01-27 05:40:00,F0447,99.79,4.45,98.99,Healthy
2026-01-27 05:45:00,F0586,70.24,0.53,58.76,Healthy
2026-01-27 05:50:00,F0051,90.12,0.52,81.46,Healthy
2026-01-27 05:55:00,F0173,99.69,2.6,99.47,Critical
2026-01-27 06:00:00,F0683,80.7,4.66,2.41,Critical
2026-01-27 06:05:00,F0508,75.76,2.43,52.39,Healthy
2026-01-27 06:10:00,F0715,50.95,3.42,8.46,Low
2026-01-27 06:15:00,F0577,55.61,4.43,50.65,Low
2026-01-27 06:20:00,F0931,84.82,3.35,42.68,Low
2026-01-27 06:25:00,F0208,64.66,0.34,30.59,Critical
2026-01-27 06:30:00,F0818,58.42,3.05,31.79,Critical
2026-01-27 06:35:00,F0153,94.26,4.95,68.58,Healthy
2026-01-27 06:40:00,F0995,89.94,4.12,35.41,Healthy
2026-01-27 06:45:00,F0854,95.42,1.35,36.84,Critical
2026-01-27 06:50:00,F0749,98.66,3.38,93.38,Critical
2026-01-27 06:55:00,F0050,85.89,3.13,78.24,Low
2026-01-27 07:00:00,F0901,83.73,2.24,35.69,Critical
2026-01-27 07:05:00,F0555,61.48,3.27,52.49,Healthy
2026-01-27 07:10:00,F0509,77.1,3.71,55.1,Low
2026-01-27 07:15:00,F0462,64.8,4.73,50.96,Critical
2026-01-27 07:20:00,F0638,70.63,4.34,23.88,Critical
2026-01-27 07:25:00,F0222,85.52,1.8,67.81,Critical
2026-01-27 07:30:00,F0481,67.78,2.06,23.52,Healthy
2026-01-27 07:35:00,F0083,20.71,0.89,17.74,Critical
2026-01-27 07:40:00,F0437,91.37,3.55,20.01,Critical
2026-01-27 07:45:00,F0115,91.97,0.91,57.79,Critical
2026-01-27 07:50:00,F0194,62.22,2.22,8.9,Healthy
2026-01-27 07:55:00,F0079,50.38,3.46,36.96,Healthy
2026-01-27 08:00:00,F0329,81.57,2.5,76.47,Critical
2026-01-27 08:05:00,F0742,87.74,0.84,39.33,Low
2026-01-27 08:10:00,F0183,90.18,1.33,37.39,Low
2026-01-27 08:15:00,F0284,87.52,0.46,68.95,Critical
2026-01-27 08:20:00,F0117,97.82,1.42,95.61,Healthy
2026-01-27 08:25:00,F0604,93.58,2.14,55.85,Healthy
2026-01-27 08:30:00,F0585,61.12,1.97,29.04,Healthy
2026-01-27 08:35:00,F0452,84.47,0.86,80.06,Critical
2026-01-27 08:40:00,F0009,94.91,2.27,46.01,Healthy
2026-01-27 08:45:00,F0865,87.95,1.53,56.77,Low
2026-01-27 08:50:00,F0324,77.97,3.84,37.35,Low
2026-01-27 08:55:00,F0495,98.25,3.53,96.54,Critical
2026-01-27 09:00:00,F0129,14.72,1.64,7.89,Critical
2026-01-27 09:05:00,F0359,52.44,1.65,30.13,Healthy
2026-01-27 09:10:00,F0339,53.71,3.54,50.29,Low
2026-01-27 09:15:00,F0992,44.29,4.31,35.17,Low
2026-01-27 09:20:00,F0751,59.21,3.17,15.79,Healthy
2026-01-27 09:25:00,F0660,61.17,3.57,38.05,Low
2026-01-27 09:30:00,F0202,99.68,1.09,99.18,Healthy
2026-01-27 09:35:00,F0847,73.65,2.15,57.66,Low
2026-01-27 09:40:00,F0333,98.91,4.07,97.65,Healthy
2026-01-27 09:45:00,F0945,53.65,3.84,39.97,Critical
2026-01-27 09:50:00,F0062,92.93,1.51,64.32,Critical
2026-01-27 09:55:00,F0799,86.77,1.64,6.75,Critical
2026-01-27 10:00:00,F0286,67.15,1.45,59.3,Critical
2026-01-27 10:05:00,F0872,15.15,4.62,15.03,Critical
2026-01-27 10:10:00,F0630,97.54,2.62,79.97,Low
2026-01-27 10:15:00,F0220,86.07,4.7,61.13,Healthy
2026-01-27 10:20:00,F0379,90.18,4.34,76.27,Low
2026-01-27 10:25:00,F0816,98.64,1.74,97.11,Critical
2026-01-27 10:30:00,F0734,89.77,0.57,88.77,Low
2026-01-27 10:35:00,F0406,47.84,1.11,3.76,Healthy
2026-01-27 10:40:00,F0294,94.19,4.38,64.3,Critical
2026-01-27 10:45:00,F0343,85.93,1.1,16.14,Low
2026-01-27 10:50:00,F0183,28.61,4.95,28.38,Healthy
2026-01-27 10:55:00,F0399,87.3,1.84,83.05,Critical
2026-01-27 11:00:00,F0584,90.22,1.01,70.92,Low
2026-01-27 11:05:00,F0456,8.7,4.22,0.4,Healthy
2026-01-27 11:10:00,F0935,79.48,1.3,66.64,Healthy
2026-01-27 11:15:00,F0854,99.39,4.05,91.83,Low
2026-01-27 11:20:00,F0428,82.16,0.44,47.23,Healthy
2026-01-27 11:25:00,F0874,91.25,1.4,79.61,Healthy
2026-01-27 11:30:00,F0111,78.54,2.97,5.15,Low
2026-01-27 11:35:00,F0781,40.03,0.84,18.99,Critical
2026-01-27 11:40:00,F0170,92.01,1.05,8.54,Low
2026-01-27 11:45:00,F0393,77.96,2.54,63.31,Critical
2026-01-27 11:50:00,F0681,45.96,3.12,4.16,Healthy
2026-01-27 11:55:00,F0125,68.7,4.78,52.88,Healthy
2026-01-27 12:00:00,F0749,52.48,1.15,21.83,Healthy
2026-01-27 12:05:00,F0820,94.88,1.83,14.05,Healthy
2026-01-27 12:10:00,F0328,83.82,2.27,32.87,Critical
2026-01-27 12:15:00,F0383,20.4,3.3,11.66,Critical
2026-01-27 12:20:00,F0338,50.48,1.02,47.34,Healthy
2026-01-27 12:25:00,F0088,78.45,1.66,73.77,Critical
2026-01-27 12:30:00,F0290,87.69,3.29,86.28,Healthy
2026-01-27 12:35:00,F0116,68.65,4.57,57.04,Low
2026-01-27 12:40:00,F0836,18.5,0.23,11.02,Critical
2026-01-27 12:45:00,F0592,97.68,3.53,96.15,Critical
2026-01-27 12:50:00,F0423,88.23,0.78,18.96,Low
2026-01-27 12:55:00,F0841,85.52,4.55,15.38,Critical
2026-01-27 13:00:00,F0156,89.34,2.36,3.05,Healthy
2026-01-27 13:05:00,F0315,73.45,2.63,61.93,Low
2026-01-27 13:10:00,F0401,98.49,2.62,61.83,Low
2026-01-27 13:15:00,F0556,41.11,1.63,36.4,Healthy
2026-01-27 13:20:00,F0254,78.53,4.71,46.34,Critical
2026-01-27 13:25:00,F0622,58.65,4.46,38.56,Healthy
2026-01-27 13:30:00,F0655,93.68,1.7,91.31,Critical
2026-01-27 13:35:00,F0815,39.84,4.56,12.38,Healthy
2026-01-27 13:40:00,F0098,72.64,2.89,71.93,Healthy
2026-01-27 13:45:00,F0223,90.5,2.68,19.07,Healthy
2026-01-27 13:50:00,F0175,70.12,4.18,35.93,Healthy
2026-01-27 13:55:00,F0997,95.32,2.81,28.98,Healthy
2026-01-27 14:00:00,F0753,92.54,0.91,72.73,Low
2026-01-27 14:05:00,F0084,68.31,4.72,39.45,Critical
2026-01-27 14:10:00,F0143,25.03,3.95,24.27,Low
2026-01-27 14:15:00,F0260,81.74,4.21,24.69,Healthy
2026-01-27 14:20:00,F0834,84.82,2.23,24.17,Low
2026-01-27 14:25:00,F0634,88.05,0.34,47.41,Critical
2026-01-27 14:30:00,F0677,94.68,4.97,19.79,Critical
2026-01-27 14:35:00,F0922,92.69,2.57,75.13,Low
2026-01-27 14:40:00,F0995,79.65,4.57,70.83,Critical
2026-01-27 14:45:00,F0884,85.02,4.5,70.08,Healthy
2026-01-27 14:50:00,F0813,38.77,2.35,7.5,Low
2026-01-27 14:55:00,F0224,88.07,0.45,84.28,Critical
2026-01-27 15:00:00,F0020,85.97,4.0,3.58,Critical
2026-01-27 15:05:00,F0884,86.87,4.06,67.32,Low
2026-01-27 15:10:00,F0824,99.32,0.89,96.65,Healthy
2026-01-27 15:15:00,F0907,57.17,1.08,34.47,Healthy
2026-01-27 15:20:00,F0607,99.37,4.09,43.69,Critical
2026-01-27 15:25:00,F0445,99.85,1.05,20.74,Critical
2026-01-27 15:30:00,F0565,96.44,3.61,95.35,Low
2026-01-27 15:35:00,F0825,89.7,1.25,69.93,Critical
2026-01-27 15:40:00,F0930,64.82,4.65,16.93,Low
2026-01-27 15:45:00,F0796,86.86,4.86,64.81,Low
2026-01-27 15:50:00,F0906,55.89,2.25,54.93,Critical
2026-01-27 15:55:00,F0238,97.16,1.52,91.86,Low
2026-01-27 16:00:00,F0081,96.64,2.39,90.38,Critical
2026-01-27 16:05:00,F0841,70.5,1.96,61.42,Healthy
2026-01-27 16:10:00,F0691,88.83,3.47,72.55,Healthy
2026-01-27 16:15:00,F0479,75.99,1.73,65.08,Critical
2026-01-27 16:20:00,F0876,49.95,0.23,5.7,Critical
2026-01-27 16:25:00,F0572,0.94,2.5,0.33,Critical
2026-01-27 16:30:00,F0675,96.48,4.53,91.88,Critical
2026-01-27 16:35:00,F0802,76.54,4.0,60.94,Low
2026-01-27 16:40:00,F0425,83.92,2.62,45.61,Healthy
2026-01-27 16:45:00,F0832,98.48,1.34,76.87,Low
2026-01-27 16:50:00,F0843,96.58,1.92,91.2,Low
2026-01-27 16:55:00,F0176,67.68,3.75,55.24,Healthy
2026-01-27 17:00:00,F0201,93.38,3.0,90.02,Healthy
2026-01-27 17:05:00,F0360,88.68,3.76,70.8,Low
2026-01-27 17:10:00,F0363,69.22,2.18,9.63,Healthy
2026-01-27 17:15:00,F0027,99.34,3.58,92.07,Critical
2026-01-27 17:20:00,F0236,47.39,1.68,41.07,Low
2026-01-27 17:25:00,F0011,79.51,3.83,22.94,Low
2026-01-27 17:30:00,F0509,86.47,1.41,73.4,Healthy
2026-01-27 17:35:00,F0719,50.14,1.45,14.07,Low
2026-01-27 17:40:00,F0984,91.63,3.98,84.33,Healthy
2026-01-27 17:45:00,F0695,99.97,1.15,99.3,Healthy
2026-01-27 17:50:00,F0529,30.43,4.16,21.65,Healthy
2026-01-27 17:55:00,F0836,92.92,4.46,44.13,Critical
2026-01-27 18:00:00,F0968,73.34,2.94,65.38,Low
2026-01-27 18:05:00,F0328,95.17,3.76,67.47,Healthy
2026-01-27 18:10:00,F0452,99.56,0.78,95.42,Critical
2026-01-27 18:15:00,F0878,48.39,2.99,31.72,Low
2026-01-27 18:20:00,F0621,90.06,1.24,89.11,Healthy
2026-01-27 18:25:00,F0548,92.21,4.94,23.86,Critical
2026-01-27 18:30:00,F0443,43.49,4.88,40.27,Critical
2026-01-27 18:35:00,F0266,90.24,3.95,76.68,Critical
2026-01-27 18:40:00,F0546,96.85,0.33,83.05,Healthy
2026-01-27 18:45:00,F0305,85.53,0.29,50.94,Critical
2026-01-27 18:50:00,F0940,98.45,3.63,95.18,Healthy
2026-01-27 18:55:00,F0724,39.43,2.6,12.9,Low
2026-01-27 19:00:00,F0531,6.82,0.62,2.37,Low
2026-01-27 19:05:00,F0482,98.99,0.5,97.25,Critical
2026-01-27 19:10:00,F0778,55.18,4.0,44.56,Healthy
2026-01-27 19:15:00,F0937,62.51,3.11,28.15,Healthy
2026-01-27 19:20:00,F0193,22.59,0.82,20.96,Critical
2026-01-27 19:25:00,F0210,45.81,2.58,31.14,Low
2026-01-27 19:30:00,F0068,59.11,0.7,30.54,Healthy
2026-01-27 19:35:00,F0068,88.19,1.61,80.48,Healthy
2026-01-27 19:40:00,F0345,67.42,0.73,62.9,Low
2026-01-27 19:45:00,F0137,71.44,3.78,33.4,Healthy
2026-01-27 19:50:00,F0702,99.96,3.85,72.08,Critical
2026-01-27 19:55:00,F0434,96.52,1.31,12.79,Critical
2026-01-27 20:00:00,F0814,72.63,3.35,46.43,Healthy
2026-01-27 20:05:00,F0777,88.43,4.04,71.08,Critical
2026-01-27 20:10:00,F0928,98.32,2.86,94.09,Low
2026-01-27 20:15:00,F0380,71.4,2.49,49.11,Healthy
2026-01-27 20:20:00,F0132,73.11,2.51,21.77,Healthy
2026-01-27 20:25:00,F0229,98.86,0.6,60.65,Critical
2026-01-27 20:30:00,F0285,54.39,3.25,45.65,Critical
2026-01-27 20:35:00,F0602,66.57,0.39,47.66,Low
2026-01-27 20:40:00,F0523,59.82,3.75,31.91,Healthy
2026-01-27 20:45:00,F0229,93.91,3.99,64.52,Low
2026-01-27 20:50:00,F0511,72.13,2.87,11.35,Critical
2026-01-27 20:55:00,F0042,90.68,3.94,65.73,Healthy
2026-01-27 21:00:00,F0497,75.64,4.02,62.64,Low
2026-01-27 21:05:00,F0109,95.45,3.18,51.0,Critical
2026-01-27 21:10:00,F0144,77.94,1.34,63.76,Healthy
2026-01-27 21:15:00,F0196,55.68,1.54,36.17,Healthy
2026-01-27 21:20:00,F0324,86.43,2.35,58.35,Low
2026-01-27 21:25:00,F0868,53.16,2.17,3.11,Low
2026-01-27 21:30:00,F0757,99.76,0.24,89.64,Low
2026-01-27 21:35:00,F0470,97.65,0.56,96.35,Critical
2026-01-27 21:40:00,F0355,89.25,1.09,65.67,Low
2026-01-27 21:45:00,F0225,78.93,1.87,68.24,Critical
2026-01-27 21:50:00,F0037,83.62,1.56,31.96,Low
2026-01-27 21:55:00,F0694,92.96,4.61,75.88,Low
2026-01-27 22:00:00,F0539,72.98,3.55,45.6,Critical
2026-01-27 22:05:00,F0660,99.65,3.02,97.2,Critical
2026-01-27 22:10:00,F0109,99.73,0.85,89.75,Healthy
2026-01-27 22:15:00,F0683,77.66,2.39,74.03,Healthy
2026-01-27 22:20:00,F0318,98.19,0.3,92.56,Low
2026-01-27 22:25:00,F0178,78.98,0.53,75.98,Low
2026-01-27 22:30:00,F0504,62.18,3.5,40.25,Critical
2026-01-27 22:35:00,F0966,77.87,4.48,69.29,Healthy
2026-01-27 22:40:00,F0419,97.88,4.93,95.26,Low
2026-01-27 22:45:00,F0153,95.5,2.21,8.18,Low
2026-01-27 22:50:00,F0985,84.6,1.6,12.61,Low
2026-01-27 22:55:00,F0482,57.54,1.44,5.93,Healthy
2026-01-27 23:00:00,F0475,21.9,0.28,11.5,Low
2026-01-27 23:05:00,F0475,81.34,1.31,77.86,Healthy
2026-01-27 23:10:00,F0773,76.17,3.37,69.29,Healthy
2026-01-27 23:15:00,F0676,91.42,0.85,46.36,Low
2026-01-27 23:20:00,F0495,91.22,2.92,77.27,Critical
2026-01-27 23:25:00,F0062,97.96,3.08,89.21,Healthy
2026-01-27 23:30:00,F0234,92.71,0.47,63.91,Critical
2026-01-27 23:35:00,F0610,99.03,4.05,98.26,Critical
2026-01-27 23:40:00,F0414,57.15,3.03,50.02,Critical
2026-01-27 23:45:00,F0541,39.79,2.44,16.08,Healthy
2026-01-27 23:50:00,F0096,27.68,4.69,10.53,Critical
2026-01-27 23:55:00,F0254,56.67,4.89,42.6,Healthy
2026-01-28 00:00:00,F0836,94.22,4.63,81.41,Low
2026-01-28 00:05:00,F0377,24.69,3.98,9.69,Critical
2026-01-28 00:10:00,F0252,13.3,4.12,8.07,Low
2026-01-28 00:15:00,F0747,44.73,3.84,24.2,Healthy
2026-01-28 00:20:00,F0304,79.5,2.03,35.41,Healthy
2026-01-28 00:25:00,F0339,99.4,4.01,97.25,Healthy
2026-01-28 00:30:00,F0688,92.27,1.71,37.99,Healthy
2026-01-28 00:35:00,F0112,47.29,0.55,20.55,Critical
2026-01-28 00:40:00,F0028,92.55,3.04,6.65,Critical
2026-01-28 00:45:00,F0254,55.91,2.02,13.75,Critical
2026-01-28 00:50:00,F0034,43.35,3.0,40.2,Low
2026-01-28 00:55:00,F0317,99.71,1.05,87.11,Low
2026-01-28 01:00:00,F0449,81.96,4.35,16.4,Critical
2026-01-28 01:05:00,F0836,99.66,1.37,98.63,Healthy
2026-01-28 01:10:00,F0435,69.94,3.41,56.05,Healthy
2026-01-28 01:15:00,F0321,96.79,2.16,12.37,Critical
2026-01-28 01:20:00,F0277,90.84,2.94,76.44,Critical
2026-01-28 01:25:00,F0282,21.49,4.0,14.17,Low
2026-01-28 01:30:00,F0899,84.51,2.31,31.46,Low
2026-01-28 01:35:00,F0738,78.16,0.94,53.53,Critical
2026-01-28 01:40:00,F0872,66.48,0.49,62.49,Critical
2026-01-28 01:45:00,F0033,71.09,4.29,58.05,Healthy
2026-01-28 01:50:00,F0380,86.89,0.84,79.91,Critical
2026-01-28 01:55:00,F0212,27.31,1.87,23.0,Critical
2026-01-28 02:00:00,F0176,96.73,3.22,73.68,Critical
2026-01-28 02:05:00,F0508,96.44,1.81,51.79,Low
2026-01-28 02:10:00,F0091,68.09,2.59,4.56,Critical
2026-01-28 02:15:00,F0828,94.39,4.48,68.61,Healthy
2026-01-28 02:20:00,F0934,88.65,3.98,36.07,Healthy
2026-01-28 02:25:00,F0505,80.82,1.55,35.81,Low
2026-01-28 02:30:00,F0580,95.33,1.57,48.24,Low
2026-01-28 02:35:00,F0438,28.95,3.02,26.45,Low
2026-01-28 02:40:00,F0582,80.84,0.43,80.67,Critical
2026-01-28 02:45:00,F0560,92.3,4.63,87.38,Low
2026-01-28 02:50:00,F0826,52.58,3.76,12.59,Low
2026-01-28 02:55:00,F0805,91.97,2.58,80.23,Critical
2026-01-28 03:00:00,F0824,53.98,3.33,35.16,Low
2026-01-28 03:05:00,F0908,13.95,0.68,2.07,Low
2026-01-28 03:10:00,F0830,37.61,0.95,2.44,Low
2026-01-28 03:15:00,F0774,74.28,3.09,73.11,Low
2026-01-28 03:20:00,F0834,63.78,4.2,6.04,Healthy
2026-01-28 03:25:00,F0032,35.84,3.23,14.13,Low
2026-01-28 03:30:00,F0685,62.31,2.11,56.37,Healthy
2026-01-28 03:35:00,F0404,74.32,1.62,70.67,Healthy
2026-01-28 03:40:00,F0237,72.54,1.98,21.76,Critical
2026-01-28 03:45:00,F0253,86.72,3.52,68.04,Critical
2026-01-28 03:50:00,F0971,82.87,2.64,63.46,Low
2026-01-28 03:55:00,F0160,97.35,2.41,93.78,Critical
2026-01-28 04:00:00,F0512,98.39,2.25,92.46,Critical
2026-01-28 04:05:00,F0345,97.54,2.94,91.03,Low
2026-01-28 04:10:00,F0639,74.46,3.79,60.45,Low
2026-01-28 04:15:00,F0178,98.05,3.72,84.27,Low
2026-01-28 04:20:00,F0896,86.06,3.68,72.51,Low
2026-01-28 04:25:00,F0450,93.65,4.34,68.11,Critical
2026-01-28 04:30:00,F0955,86.6,1.3,10.65,Critical
2026-01-28 04:35:00,F0989,43.35,0.31,27.99,Healthy
2026-01-28 04:40:00,F0397,47.25,3.4,39.41,Healthy
2026-01-28 04:45:00,F0032,60.74,4.61,46.17,Critical
2026-01-28 04:50:00,F0399,80.36,0.39,27.68,Low
2026-01-28 04:55:00,F0387,71.87,0.68,66.38,Healthy
2026-01-28 05:00:00,F0359,98.26,4.79,50.46,Healthy
2026-01-28 05:05:00,F0545,98.78,3.6,93.77,Critical
2026-01-28 05:10:00,F0299,91.07,0.38,60.31,Critical
2026-01-28 05:15:00,F0970,69.81,3.02,63.64,Critical
2026-01-28 05:20:00,F0954,98.73,4.75,97.73,Low
2026-01-28 05:25:00,F0640,58.34,4.01,49.04,Healthy
2026-01-28 05:30:00,F0235,93.91,1.47,31.83,Critical
2026-01-28 05:35:00,F0137,99.86,2.39,99.48,Critical
2026-01-28 05:40:00,F0789,78.06,4.82,44.05,Critical
2026-01-28 05:45:00,F0123,98.25,0.58,57.85,Healthy
2026-01-28 05:50:00,F0775,49.58,2.02,1.19,Healthy
2026-01-28 05:55:00,F0258,65.32,1.13,6.77,Critical
2026-01-28 06:00:00,F0807,79.41,4.79,52.19,Low
2026-01-28 06:05:00,F0896,98.12,4.65,97.13,Low
2026-01-28 06:10:00,F0115,51.22,4.53,6.83,Healthy
2026-01-28 06:15:00,F0200,72.17,0.22,35.61,Healthy
2026-01-28 06:20:00,F0582,85.14,1.27,55.61,Low
2026-01-28 06:25:00,F0479,84.95,3.19,5.17,Low
2026-01-28 06:30:00,F0134,86.58,4.54,85.0,Critical
2026-01-28 06:35:00,F0964,97.2,1.13,47.63,Healthy
2026-01-28 06:40:00,F0786,75.54,2.68,74.21,Healthy
2026-01-28 06:45:00,F0383,97.24,2.38,68.44,Critical
2026-01-28 06:50:00,F0153,64.86,4.5,63.89,Low
2026-01-28 06:55:00,F0484,82.11,0.29,54.41,Healthy
2026-01-28 07:00:00,F0088,69.25,2.89,17.28,Healthy
2026-01-28 07:05:00,F0771,97.66,0.78,94.38,Low
2026-01-28 07:10:00,F0717,99.74,1.38,34.72,Low
2026-01-28 07:15:00,F0215,62.67,3.91,57.02,Healthy
2026-01-28 07:20:00,F0916,98.26,4.09,81.29,Critical
2026-01-28 07:25:00,F0472,68.58,2.43,51.61,Low
2026-01-28 07:30:00,F0202,55.51,3.18,44.55,Healthy
2026-01-28 07:35:00,F0814,91.65,2.84,81.91,Low
2026-01-28 07:40:00,F0069,90.23,4.45,86.37,Low
2026-01-28 07:45:00,F0287,86.41,1.01,33.62,Healthy
2026-01-28 07:50:00,F0526,94.93,4.68,94.68,Critical
2026-01-28 07:55:00,F0718,70.49,2.57,54.63,Low
2026-01-28 08:00:00,F0006,55.29,3.48,32.45,Critical
2026-01-28 08:05:00,F0045,53.96,3.81,33.88,Low
2026-01-28 08:10:00,F0255,68.57,4.56,61.86,Low
2026-01-28 08:15:00,F0457,64.35,1.6,41.23,Healthy
2026-01-28 08:20:00,F0934,55.37,4.79,50.17,Healthy
2026-01-28 08:25:00,F0813,31.6,3.51,28.8,Healthy
2026-01-28 08:30:00,F0936,88.22,1.5,65.13,Healthy
2026-01-28 08:35:00,F0150,97.03,3.51,68.2,Healthy
2026-01-28 08:40:00,F0952,82.68,2.05,48.7,Low
2026-01-28 08:45:00,F0294,83.16,1.17,60.48,Healthy
2026-01-28 08:50:00,F0771,96.99,4.42,42.57,Low
2026-01-28 08:55:00,F0916,69.24,4.85,44.91,Critical
2026-01-28 09:00:00,F0524,74.44,4.41,55.97,Critical
2026-01-28 09:05:00,F0970,98.31,4.69,83.4,Low
2026-01-28 09:10:00,F0981,82.28,2.34,53.29,Healthy
2026-01-28 09:15:00,F0469,94.07,3.3,5.46,Critical
2026-01-28 09:20:00,F0517,95.72,2.26,15.12,Low
2026-01-28 09:25:00,F0626,79.36,3.33,62.48,Low
2026-01-28 09:30:00,F0164,27.34,2.47,21.66,Low
2026-01-28 09:35:00,F0759,62.15,4.42,57.5,Low
2026-01-28 09:40:00,F0151,69.21,3.42,35.64,Low
2026-01-28 09:45:00,F0015,99.0,4.94,98.22,Low
2026-01-28 09:50:00,F0604,71.04,1.61,44.04,Healthy
2026-01-28 09:55:00,F0458,70.0,0.53,38.9,Low
2026-01-28 10:00:00,F0922,99.14,2.98,39.39,Critical
2026-01-28 10:05:00,F0995,90.77,0.87,90.28,Healthy
2026-01-28 10:10:00,F0976,72.1,4.75,66.82,Healthy
2026-01-28 10:15:00,F0373,96.82,3.93,96.39,Low
2026-01-28 10:20:00,F0159,99.88,4.95,89.1,Healthy
2026-01-28 10:25:00,F0676,34.46,2.85,0.49,Critical
2026-01-28 10:30:00,F0377,94.32,1.87,86.25,Healthy
2026-01-28 10:35:00,F0398,43.4,1.66,14.19,Low
2026-01-28 10:40:00,F0875,78.87,2.99,1.97,Healthy
2026-01-28 10:45:00,F0551,93.66,1.8,87.55,Healthy
2026-01-28 10:50:00,F0211,82.09,3.11,40.73,Healthy
2026-01-28 10:55:00,F0933,26.06,4.57,20.22,Healthy
2026-01-28 11:00:00,F0129,93.84,2.15,82.18,Critical
2026-01-28 11:05:00,F0274,96.91,2.28,51.56,Critical
2026-01-28 11:10:00,F0887,98.45,3.09,89.0,Critical
2026-01-28 11:15:00,F0511,80.81,4.12,80.27,Healthy
2026-01-28 11:20:00,F0387,58.25,0.32,42.62,Healthy
2026-01-28 11:25:00,F0456,87.33,3.98,83.16,Healthy
2026-01-28 11:30:00,F0082,99.81,3.96,99.29,Critical
2026-01-28 11:35:00,F0973,90.86,2.54,86.77,Low
2026-01-28 11:40:00,F0746,26.32,2.89,19.7,Critical
2026-01-28 11:45:00,F0933,86.74,4.54,82.59,Critical
2026-01-28 11:50:00,F0367,50.14,1.1,45.84,Low
2026-01-28 11:55:00,F0757,95.11,4.04,70.79,Low
2026-01-28 12:00:00,F0440,62.87,2.0,25.5,Healthy
2026-01-28 12:05:00,F0512,78.04,1.59,52.35,Low
2026-01-28 12:10:00,F0904,53.91,1.02,6.71,Healthy
2026-01-28 12:15:00,F0619,89.79,1.4,62.78,Critical
2026-01-28 12:20:00,F0265,60.41,1.03,50.06,Critical
2026-01-28 12:25:00,F0210,64.09,0.59,57.2,Critical
2026-01-28 12:30:00,F0537,87.07,4.37,21.88,Healthy
2026-01-28 12:35:00,F0473,14.36,2.9,12.27,Critical
2026-01-28 12:40:00,F0678,99.46,1.22,82.22,Critical
2026-01-28 12:45:00,F0265,94.84,3.65,0.67,Low
2026-01-28 12:50:00,F0373,70.01,4.63,41.99,Critical
2026-01-28 12:55:00,F0713,60.7,3.72,26.59,Low
2026-01-28 13:00:00,F0604,64.51,1.62,39.06,Healthy
2026-01-28 13:05:00,F0839,74.68,4.48,57.67,Critical
2026-01-28 13:10:00,F0943,58.65,2.31,31.01,Critical
2026-01-28 13:15:00,F0382,96.76,3.81,94.61,Low
2026-01-28 13:20:00,F0493,96.11,2.05,71.96,Low
2026-01-28 13:25:00,F0688,5.49,1.89,4.69,Critical
2026-01-28 13:30:00,F0447,93.83,4.28,92.83,Low
2026-01-28 13:35:00,F0503,45.36,1.74,32.95,Low
2026-01-28 13:40:00,F0507,56.6,2.95,6.2,Critical
2026-01-28 13:45:00,F0148,55.65,2.88,13.44,Low
2026-01-28 13:50:00,F0006,45.12,3.75,36.06,Low
2026-01-28 13:55:00,F0042,41.1,3.56,7.7,Low
2026-01-28 14:00:00,F0479,98.1,1.02,89.04,Critical
2026-01-28 14:05:00,F0283,83.5,2.73,23.22,Healthy
2026-01-28 14:10:00,F0425,19.28,4.04,6.17,Low
2026-01-28 14:15:00,F0888,33.16,0.38,20.22,Healthy
2026-01-28 14:20:00,F0714,32.3,0.47,25.69,Healthy
2026-01-28 14:25:00,F0841,99.98,4.14,99.98,Healthy
2026-01-28 14:30:00,F0890,90.84,0.72,89.68,Critical
2026-01-28 14:35:00,F0514,52.35,0.3,26.28,Critical
2026-01-28 14:40:00,F0137,53.98,2.71,32.34,Critical
2026-01-28 14:45:00,F0352,56.85,0.94,28.95,Healthy
2026-01-28 14:50:00,F0260,60.75,2.18,27.65,Low
2026-01-28 14:55:00,F0075,56.99,4.78,45.48,Low
2026-01-28 15:00:00,F0514,96.61,4.42,95.76,Low
2026-01-28 15:05:00,F0358,78.2,0.63,71.26,Low
2026-01-28 15:10:00,F0898,97.46,4.59,95.52,Healthy
2026-01-28 15:15:00,F0730,94.55,1.18,65.71,Critical
2026-01-28 15:20:00,F0681,70.17,4.45,35.54,Low
2026-01-28 15:25:00,F0335,92.87,3.34,6.83,Critical
2026-01-28 15:30:00,F0630,46.23,0.42,38.71,Critical
2026-01-28 15:35:00,F0753,92.59,0.73,58.32,Low
2026-01-28 15:40:00,F0314,94.27,4.33,12.89,Critical
2026-01-28 15:45:00,F0201,55.95,3.58,47.05,Low
2026-01-28 15:50:00,F0141,90.81,3.48,80.17,Low
2026-01-28 15:55:00,F0990,58.07,1.94,52.52,Critical
2026-01-28 16:00:00,F0859,76.38,2.28,45.76,Critical
2026-01-28 16:05:00,F0005,97.87,0.43,88.64,Healthy
2026-01-28 16:10:00,F0833,94.8,4.67,65.5,Healthy
2026-01-28 16:15:00,F0636,91.61,0.48,60.67,Low
2026-01-28 16:20:00,F0857,98.04,3.76,85.61,Healthy
2026-01-28 16:25:00,F0104,55.68,4.78,18.79,Healthy
2026-01-28 16:30:00,F0078,44.42,4.33,12.42,Critical
2026-01-28 16:35:00,F0816,37.87,1.52,4.15,Low
2026-01-28 16:40:00,F0278,98.86,1.66,17.15,Low
2026-01-28 16:45:00,F0345,71.78,0.92,68.86,Low
2026-01-28 16:50:00,F0218,54.76,3.23,40.8,Critical
2026-01-28 16:55:00,F0750,53.92,2.71,35.28,Healthy
2026-01-28 17:00:00,F0094,79.87,1.75,38.33,Low
2026-01-28 17:05:00,F0321,50.18,0.46,1.45,Critical
2026-01-28 17:10:00,F0281,77.26,4.22,75.67,Healthy
2026-01-28 17:15:00,F0195,55.81,4.44,6.13,Low
2026-01-28 17:20:00,F0978,6.31,1.54,4.93,Critical
2026-01-28 17:25:00,F0189,69.89,3.74,60.02,Critical
2026-01-28 17:30:00,F0579,94.35,3.0,5.41,Critical
2026-01-28 17:35:00,F0005,84.65,0.32,79.12,Low
2026-01-28 17:40:00,F0635,92.96,1.17,92.79,Healthy
2026-01-28 17:45:00,F0242,76.45,0.66,46.81,Critical
2026-01-28 17:50:00,F0133,95.88,3.51,32.85,Low
2026-01-28 17:55:00,F0364,73.18,3.29,47.47,Low
2026-01-28 18:00:00,F0455,58.23,2.11,25.73,Low
2026-01-28 18:05:00,F0571,64.38,1.28,47.58,Healthy
2026-01-28 18:10:00,F0399,41.6,4.7,28.81,Low
2026-01-28 18:15:00,F0595,81.89,1.83,42.8,Healthy
2026-01-28 18:20:00,F0622,97.38,2.97,79.86,Low
2026-01-28 18:25:00,F0985,86.23,3.6,17.92,Healthy
2026-01-28 18:30:00,F0906,41.0,4.68,34.57,Low
2026-01-28 18:35:00,F0052,87.28,1.27,83.05,Low
2026-01-28 18:40:00,F0996,78.17,3.17,15.76,Critical
2026-01-28 18:45:00,F0295,70.84,1.79,64.4,Low
2026-01-28 18:50:00,F0579,93.92,1.23,47.32,Healthy
2026-01-28 18:55:00,F0045,93.31,3.09,83.13,Healthy
2026-01-28 19:00:00,F0152,78.02,0.74,44.99,Low
2026-01-28 19:05:00,F0372,80.19,1.36,34.66,Low
2026-01-28 19:10:00,F0822,97.25,4.62,46.2,Healthy
2026-01-28 19:15:00,F0690,47.02,3.75,8.43,Healthy
2026-01-28 19:20:00,F0401,99.87,0.36,98.3,Critical
2026-01-28 19:25:00,F0004,74.63,1.76,72.16,Critical
2026-01-28 19:30:00,F0898,56.12,1.41,27.61,Healthy
2026-01-28 19:35:00,F0165,52.01,1.59,39.23,Critical
2026-01-28 19:40:00,F0096,87.09,4.08,77.81,Low
2026-01-28 19:45:00,F0725,98.34,3.51,14.74,Healthy
2026-01-28 19:50:00,F0942,68.69,2.42,63.15,Low
2026-01-28 19:55:00,F0473,59.01,2.6,39.8,Critical
2026-01-28 20:00:00,F0943,90.7,3.21,4.7,Low
2026-01-28 20:05:00,F0058,95.95,1.73,92.17,Critical
2026-01-28 20:10:00,F0224,97.91,1.1,91.6,Healthy
2026-01-28 20:15:00,F0682,90.09,3.02,1.43,Low
2026-01-28 20:20:00,F0749,48.14,4.88,21.17,Low
2026-01-28 20:25:00,F0339,80.35,2.48,64.54,Low
2026-01-28 20:30:00,F0170,47.46,2.85,40.25,Critical
2026-01-28 20:35:00,F0248,88.18,4.83,65.81,Low
2026-01-28 20:40:00,F0189,43.14,2.22,27.42,Critical
2026-01-28 20:45:00,F0996,74.94,2.02,28.7,Critical
2026-01-28 20:50:00,F0843,58.04,4.35,41.31,Healthy
2026-01-28 20:55:00,F0341,82.35,3.79,33.42,Healthy
2026-01-28 21:00:00,F0775,63.31,2.58,46.55,Healthy
2026-01-28 21:05:00,F0747,83.73,2.67,81.76,Low
2026-01-28 21:10:00,F0837,61.28,3.44,39.59,Critical
2026-01-28 21:15:00,F0422,57.0,2.98,36.09,Healthy
2026-01-28 21:20:00,F0941,92.48,4.66,4.18,Healthy
2026-01-28 21:25:00,F0187,79.81,2.35,70.53,Critical
2026-01-28 21:30:00,F0653,92.4,3.74,84.3,Healthy
2026-01-28 21:35:00,F0909,25.61,2.91,8.83,Healthy
2026-01-28 21:40:00,F0492,55.42,3.72,32.61,Critical
2026-01-28 21:45:00,F0657,70.64,4.23,63.39,Healthy
2026-01-28 21:50:00,F0072,26.46,2.1,22.99,Low
2026-01-28 21:55:00,F0190,32.71,2.26,14.39,Critical
2026-01-28 22:00:00,F0810,85.82,0.42,84.63,Low
2026-01-28 22:05:00,F0017,27.59,3.03,15.53,Critical
2026-01-28 22:10:00,F0319,94.64,1.94,77.92,Critical
2026-01-28 22:15:00,F0379,68.2,0.93,19.02,Healthy
2026-01-28 22:20:00,F0958,69.6,4.95,8.69,Low
2026-01-28 22:25:00,F0027,80.85,4.51,56.78,Low
2026-01-28 22:30:00,F0830,93.53,3.45,80.53,Low
2026-01-28 22:35:00,F0552,63.58,0.46,19.81,Healthy
2026-01-28 22:40:00,F0413,91.53,3.35,65.92,Low
2026-01-28 22:45:00,F0449,98.46,0.32,68.7,Critical
2026-01-28 22:50:00,F0402,51.96,1.66,15.58,Low
2026-01-28 22:55:00,F0952,69.47,3.5,60.76,Critical
2026-01-28 23:00:00,F0317,92.15,3.46,81.96,Healthy
2026-01-28 23:05:00,F0762,94.16,2.63,51.8,Low
2026-01-28 23:10:00,F0594,93.63,0.28,90.54,Healthy
2026-01-28 23:15:00,F0489,44.42,3.24,33.42,Healthy
2026-01-28 23:20:00,F0216,90.67,2.91,37.7,Healthy
2026-01-28 23:25:00,F0251,43.42,3.73,32.74,Critical
2026-01-28 23:30:00,F0944,99.36,3.65,94.55,Critical
2026-01-28 23:35:00,F0985,84.98,3.11,82.0,Healthy
2026-01-28 23:40:00,F0800,77.59,1.5,72.77,Critical
2026-01-28 23:45:00,F0899,76.04,1.42,67.99,Low
2026-01-28 23:50:00,F0960,62.25,0.71,41.62,Low
2026-01-28 23:55:00,F0050,63.43,3.77,59.95,Low
2026-01-29 00:00:00,F0563,93.53,2.1,87.01,Low
2026-01-29 00:05:00,F0979,92.62,3.78,75.78,Low
2026-01-29 00:10:00,F0996,95.23,3.16,94.26,Low
2026-01-29 00:15:00,F0773,95.63,4.93,60.41,Healthy
2026-01-29 00:20:00,F0931,88.81,4.02,68.02,Critical
2026-01-29 00:25:00,F0725,63.36,2.7,36.02,Low
2026-01-29 00:30:00,F0280,80.6,0.62,41.71,Healthy
2026-01-29 00:35:00,F0672,88.43,4.88,85.01,Healthy
2026-01-29 00:40:00,F0125,94.02,2.81,86.88,Low
2026-01-29 00:45:00,F0600,77.66,1.11,57.93,Healthy
2026-01-29 00:50:00,F0209,95.89,3.3,80.45,Low
2026-01-29 00:55:00,F0647,99.26,3.09,96.56,Critical
2026-01-29 01:00:00,F0898,89.94,0.21,55.1,Healthy
2026-01-29 01:05:00,F0221,22.44,4.04,15.99,Healthy
2026-01-29 01:10:00,F0643,51.67,1.96,50.12,Healthy
2026-01-29 01:15:00,F0075,35.59,0.68,24.05,Healthy
2026-01-29 01:20:00,F0703,72.51,4.16,24.24,Healthy
2026-01-29 01:25:00,F0567,68.05,1.6,67.89,Healthy
2026-01-29 01:30:00,F0126,24.85,2.53,7.95,Critical
2026-01-29 01:35:00,F0854,67.07,2.25,59.48,Healthy
2026-01-29 01:40:00,F0869,19.77,1.87,18.29,Healthy
2026-01-29 01:45:00,F0328,53.62,3.91,9.77,Low
2026-01-29 01:50:00,F0716,90.53,3.55,90.4,Healthy
2026-01-29 01:55:00,F0770,88.82,3.35,69.03,Critical
2026-01-29 02:00:00,F0864,87.92,2.42,7.92,Healthy
2026-01-29 02:05:00,F0317,87.35,1.04,82.08,Critical
2026-01-29 02:10:00,F0523,83.56,4.96,23.85,Low
2026-01-29 02:15:00,F0737,39.08,4.58,11.37,Low
2026-01-29 02:20:00,F1000,38.34,3.17,30.44,Critical
2026-01-29 02:25:00,F0012,57.87,3.63,5.86,Healthy
2026-01-29 02:30:00,F0034,57.9,2.76,48.26,Low
2026-01-29 02:35:00,F0751,67.5,3.19,5.32,Critical
2026-01-29 02:40:00,F0745,78.16,4.33,51.97,Healthy
2026-01-29 02:45:00,F0184,74.3,3.62,28.3,Healthy
2026-01-29 02:50:00,F0026,73.47,2.03,16.77,Low
2026-01-29 02:55:00,F0272,89.09,4.38,86.11,Critical
2026-01-29 03:00:00,F0773,70.73,1.32,7.61,Low
2026-01-29 03:05:00,F0152,31.71,2.36,18.69,Critical
2026-01-29 03:10:00,F0115,88.05,4.44,86.89,Healthy
2026-01-29 03:15:00,F0170,84.54,2.91,43.67,Critical
2026-01-29 03:20:00,F0396,96.22,3.78,95.46,Low
2026-01-29 03:25:00,F0411,92.23,0.69,67.96,Low
2026-01-29 03:30:00,F0946,71.96,0.74,50.55,Low
2026-01-29 03:35:00,F0139,87.92,3.76,79.47,Critical
2026-01-29 03:40:00,F0520,33.78,1.74,0.71,Low
2026-01-29 03:45:00,F0240,92.89,3.82,87.47,Healthy
2026-01-29 03:50:00,F0086,64.62,0.4,17.06,Low
2026-01-29 03:55:00,F0657,79.2,4.67,68.58,Healthy
2026-01-29 04:00:00,F0203,54.18,3.43,28.29,Healthy
2026-01-29 04:05:00,F0681,63.74,1.55,60.83,Low
2026-01-29 04:10:00,F0541,33.84,1.75,2.75,Low
2026-01-29 04:15:00,F0952,64.69,0.99,50.18,Low
2026-01-29 04:20:00,F0257,72.14,1.32,44.66,Low
2026-01-29 04:25:00,F0573,85.42,2.56,45.21,Critical
2026-01-29 04:30:00,F0403,90.42,4.98,72.61,Low
2026-01-29 04:35:00,F0523,77.54,4.19,65.99,Healthy
2026-01-29 04:40:00,F0510,32.72,3.65,32.19,Healthy
2026-01-29 04:45:00,F0454,77.39,2.38,44.19,Healthy
2026-01-29 04:50:00,F0027,94.3,0.86,92.98,Healthy
2026-01-29 04:55:00,F0012,88.3,2.83,84.68,Low
2026-01-29 05:00:00,F0198,16.43,3.81,10.79,Low
2026-01-29 05:05:00,F0547,85.4,4.5,2.77,Healthy
2026-01-29 05:10:00,F0031,10.97,3.17,7.3,Healthy
2026-01-29 05:15:00,F0691,34.76,2.13,30.28,Low
2026-01-29 05:20:00,F0487,94.78,4.19,63.8,Healthy
2026-01-29 05:25:00,F0279,90.68,2.41,71.9,Critical
2026-01-29 05:30:00,F0447,63.69,4.1,35.16,Critical
2026-01-29 05:35:00,F0092,83.61,4.77,55.62,Healthy
2026-01-29 05:40:00,F0058,92.11,3.97,89.42,Low
2026-01-29 05:45:00,F0305,81.89,3.1,73.83,Critical
2026-01-29 05:50:00,F0674,85.57,4.71,68.47,Critical
2026-01-29 05:55:00,F0772,22.98,0.5,12.05,Low
2026-01-29 06:00:00,F0815,89.38,1.81,82.09,Critical
2026-01-29 06:05:00,F0599,94.15,2.31,40.21,Low
2026-01-29 06:10:00,F0099,77.17,2.91,12.92,Low
2026-01-29 06:15:00,F0433,12.99,0.94,3.9,Low
2026-01-29 06:20:00,F0971,65.43,4.67,33.11,Low
2026-01-29 06:25:00,F0682,97.2,0.39,75.84,Healthy
2026-01-29 06:30:00,F0981,99.34,1.41,55.51,Healthy
2026-01-29 06:35:00,F0472,41.8,2.62,30.53,Critical
2026-01-29 06:40:00,F0061,76.54,4.34,13.6,Critical
2026-01-29 06:45:00,F0187,97.06,3.25,91.74,Critical
2026-01-29 06:50:00,F0242,61.51,2.91,26.78,Low
2026-01-29 06:55:00,F0981,99.37,2.59,70.88,Healthy
2026-01-29 07:00:00,F0644,69.18,4.41,61.94,Critical
2026-01-29 07:05:00,F0017,79.16,2.47,33.95,Healthy
2026-01-29 07:10:00,F0628,96.83,1.42,70.0,Healthy
2026-01-29 07:15:00,F0732,75.52,2.12,57.53,Critical
2026-01-29 07:20:00,F0547,87.68,1.68,79.99,Low
2026-01-29 07:25:00,F0571,44.88,3.45,26.66,Healthy
2026-01-29 07:30:00,F0356,86.11,3.84,31.91,Healthy
2026-01-29 07:35:00,F0567,87.04,3.09,71.01,Low
2026-01-29 07:40:00,F0160,92.86,2.15,66.15,Low
2026-01-29 07:45:00,F0851,89.97,4.87,24.89,Healthy
2026-01-29 07:50:00,F0646,99.13,4.5,85.69,Healthy
2026-01-29 07:55:00,F0252,45.67,0.7,5.65,Low
2026-01-29 08:00:00,F0137,93.19,0.76,77.95,Healthy
2026-01-29 08:05:00,F0706,53.42,3.51,37.44,Low
2026-01-29 08:10:00,F0176,35.14,4.39,17.71,Critical
2026-01-29 08:15:00,F0374,65.29,1.07,55.66,Low
2026-01-29 08:20:00,F0819,38.43,1.52,3.22,Critical
2026-01-29 08:25:00,F0314,69.31,4.56,11.72,Healthy
2026-01-29 08:30:00,F0080,37.83,1.59,27.09,Healthy
2026-01-29 08:35:00,F0301,77.4,1.47,46.72,Critical
2026-01-29 08:40:00,F0833,44.37,3.28,33.24,Healthy
2026-01-29 08:45:00,F0877,74.2,2.75,63.18,Critical
2026-01-29 08:50:00,F0921,88.55,2.02,76.83,Low
2026-01-29 08:55:00,F0932,18.84,3.2,7.46,Low
2026-01-29 09:00:00,F0924,71.68,2.56,27.31,Low
2026-01-29 09:05:00,F0900,85.97,1.58,66.06,Critical
2026-01-29 09:10:00,F0210,99.48,1.03,99.07,Low
2026-01-29 09:15:00,F0904,70.02,4.56,21.44,Low
2026-01-29 09:20:00,F0369,88.24,3.3,37.47,Healthy
2026-01-29 09:25:00,F0123,90.02,0.49,85.41,Low
2026-01-29 09:30:00,F0542,41.61,4.73,36.86,Healthy
2026-01-29 09:35:00,F0940,93.82,2.5,85.66,Critical
2026-01-29 09:40:00,F0833,99.57,0.43,89.77,Critical
2026-01-29 09:45:00,F0079,33.44,1.76,17.15,Healthy
2026-01-29 09:50:00,F0308,79.34,0.64,72.42,Healthy
2026-01-29 09:55:00,F0394,91.78,2.77,74.28,Healthy
2026-01-29 10:00:00,F0651,99.16,3.77,30.85,Healthy
2026-01-29 10:05:00,F0431,92.19,3.23,92.09,Critical
2026-01-29 10:10:00,F0387,92.95,2.07,74.34,Critical
2026-01-29 10:15:00,F0317,79.31,1.36,62.67,Critical
2026-01-29 10:20:00,F0815,81.96,4.1,10.24,Healthy
2026-01-29 10:25:00,F0644,97.87,2.56,51.89,Healthy
2026-01-29 10:30:00,F0792,43.34,0.24,38.58,Low
2026-01-29 10:35:00,F0111,44.29,1.88,43.78,Healthy
2026-01-29 10:40:00,F0084,99.38,0.87,31.84,Low
2026-01-29 10:45:00,F0192,77.21,4.57,4.41,Low
2026-01-29 10:50:00,F0426,68.36,4.66,16.51,Critical
2026-01-29 10:55:00,F0177,96.62,3.27,96.19,Healthy
2026-01-29 11:00:00,F0719,67.2,4.47,55.42,Critical
2026-01-29 11:05:00,F0474,56.46,0.88,54.8,Critical
2026-01-29 11:10:00,F0652,76.07,2.03,39.5,Low
2026-01-29 11:15:00,F0064,52.13,1.45,50.53,Critical
2026-01-29 11:20:00,F0140,84.91,0.61,6.74,Low
2026-01-29 11:25:00,F0501,52.77,3.28,39.23,Healthy
2026-01-29 11:30:00,F0070,93.77,4.25,24.67,Critical
2026-01-29 11:35:00,F0722,98.32,2.98,97.98,Low
2026-01-29 11:40:00,F0468,89.59,3.6,73.99,Low
2026-01-29 11:45:00,F0772,73.23,3.55,65.97,Low
2026-01-29 11:50:00,F0236,75.3,3.12,70.23,Healthy
2026-01-29 11:55:00,F0676,71.94,2.59,34.0,Critical
2026-01-29 12:00:00,F0455,71.63,4.27,64.13,Low
2026-01-29 12:05:00,F0042,63.17,1.7,1.59,Low
2026-01-29 12:10:00,F0549,88.83,3.11,58.66,Healthy
2026-01-29 12:15:00,F0236,87.51,3.91,31.65,Critical
2026-01-29 12:20:00,F0445,97.46,1.33,5.57,Critical
2026-01-29 12:25:00,F0565,37.19,0.84,2.54,Critical
2026-01-29 12:30:00,F0734,63.59,3.24,40.98,Healthy
2026-01-29 12:35:00,F0693,90.65,2.21,85.46,Low
2026-01-29 12:40:00,F0335,99.13,2.09,90.72,Healthy
2026-01-29 12:45:00,F0298,81.52,0.62,79.72,Healthy
2026-01-29 12:50:00,F0859,62.12,3.38,38.94,Critical
2026-01-29 12:55:00,F0804,30.24,0.7,28.57,Healthy
2026-01-29 13:00:00,F0514,89.73,1.86,85.46,Low
2026-01-29 13:05:00,F0416,98.68,3.11,98.27,Low
2026-01-29 13:10:00,F0251,45.04,0.96,24.04,Low
2026-01-29 13:15:00,F0339,98.76,3.87,77.29,Healthy
2026-01-29 13:20:00,F0699,89.69,3.67,82.3,Low
2026-01-29 13:25:00,F0498,97.64,1.75,77.34,Low
2026-01-29 13:30:00,F0745,87.98,3.8,56.01,Critical
2026-01-29 13:35:00,F0339,29.89,0.57,15.47,Critical
2026-01-29 13:40:00,F0607,75.65,1.59,55.08,Critical
2026-01-29 13:45:00,F0792,81.54,3.37,5.14,Healthy
2026-01-29 13:50:00,F0650,93.92,4.29,85.21,Healthy
2026-01-29 13:55:00,F0439,90.94,2.9,62.12,Low
2026-01-29 14:00:00,F0509,95.39,1.2,87.74,Low
2026-01-29 14:05:00,F0632,97.93,3.01,67.86,Healthy
2026-01-29 14:10:00,F0348,71.24,4.14,14.22,Low
2026-01-29 14:15:00,F0778,57.7,0.2,3.8,Healthy
2026-01-29 14:20:00,F0290,96.14,3.63,34.25,Healthy
2026-01-29 14:25:00,F0328,68.98,3.75,41.49,Healthy
2026-01-29 14:30:00,F0207,84.85,2.81,83.72,Critical
2026-01-29 14:35:00,F0254,96.35,4.38,94.16,Low
2026-01-29 14:40:00,F0134,22.0,1.56,16.1,Critical
2026-01-29 14:45:00,F0524,58.77,1.0,43.44,Low
2026-01-29 14:50:00,F0270,35.21,2.11,14.07,Low
2026-01-29 14:55:00,F0508,53.64,2.73,7.62,Healthy
2026-01-29 15:00:00,F0924,80.75,2.7,44.88,Low
2026-01-29 15:05:00,F0224,99.72,4.49,99.66,Critical
2026-01-29 15:10:00,F0628,85.81,1.58,50.76,Healthy
2026-01-29 15:15:00,F0050,89.9,4.06,48.1,Healthy
2026-01-29 15:20:00,F0237,84.32,4.18,20.23,Healthy
2026-01-29 15:25:00,F0542,64.4,1.99,50.46,Critical
2026-01-29 15:30:00,F0441,86.33,2.21,30.14,Healthy
2026-01-29 15:35:00,F0941,87.62,3.45,66.5,Healthy
2026-01-29 15:40:00,F0050,59.23,2.46,8.72,Critical
2026-01-29 15:45:00,F0247,18.47,4.56,15.83,Low
2026-01-29 15:50:00,F0511,96.49,4.89,48.55,Low
2026-01-29 15:55:00,F0351,96.82,2.38,78.31,Low
2026-01-29 16:00:00,F0633,56.35,1.91,37.75,Healthy
2026-01-29 16:05:00,F0629,60.74,4.52,20.8,Low
2026-01-29 16:10:00,F0791,84.51,3.54,80.59,Critical
2026-01-29 16:15:00,F0391,73.6,0.72,72.19,Critical
2026-01-29 16:20:00,F0843,36.78,1.71,20.43,Healthy
2026-01-29 16:25:00,F0708,60.0,3.71,53.74,Healthy
2026-01-29 16:30:00,F0374,25.53,4.74,18.86,Critical
2026-01-29 16:35:00,F0533,99.33,0.54,74.52,Low
2026-01-29 16:40:00,F0147,64.46,3.97,33.64,Low
2026-01-29 16:45:00,F0433,85.03,2.27,25.04,Healthy
2026-01-29 16:50:00,F0648,45.07,1.55,38.55,Healthy
2026-01-29 16:55:00,F0489,95.31,1.63,74.64,Low
2026-01-29 17:00:00,F0431,91.95,4.68,15.72,Low
2026-01-29 17:05:00,F0677,99.51,1.37,56.25,Healthy
2026-01-29 17:10:00,F0465,94.07,4.42,45.32,Healthy
2026-01-29 17:15:00,F0581,10.53,3.0,5.45,Low
2026-01-29 17:20:00,F0683,88.54,4.61,82.51,Healthy
2026-01-29 17:25:00,F0370,81.05,3.75,15.77,Critical
2026-01-29 17:30:00,F0165,91.2,2.38,62.0,Low
2026-01-29 17:35:00,F0785,78.7,2.78,54.62,Critical
2026-01-29 17:40:00,F0848,86.88,0.61,60.26,Critical
2026-01-29 17:45:00,F0367,93.03,4.81,58.95,Healthy
2026-01-29 17:50:00,F0069,76.9,3.68,38.41,Critical
2026-01-29 17:55:00,F0837,79.88,3.0,70.69,Low
2026-01-29 18:00:00,F0258,75.93,1.61,65.68,Low
2026-01-29 18:05:00,F0265,14.95,4.16,14.44,Healthy
2026-01-29 18:10:00,F0898,99.6,1.02,96.85,Critical
2026-01-29 18:15:00,F0262,69.94,2.58,52.63,Low
2026-01-29 18:20:00,F0482,94.55,3.98,89.06,Low
2026-01-29 18:25:00,F0915,61.72,1.86,59.91,Critical
2026-01-29 18:30:00,F0956,33.17,2.37,30.13,Critical
2026-01-29 18:35:00,F0777,83.64,1.3,67.91,Critical
2026-01-29 18:40:00,F0930,98.79,4.54,95.31,Critical
2026-01-29 18:45:00,F0683,90.66,0.48,69.77,Healthy
2026-01-29 18:50:00,F0651,47.89,4.52,46.14,Low
2026-01-29 18:55:00,F0690,56.25,3.57,24.13,Healthy
2026-01-29 19:00:00,F0013,69.92,0.67,10.58,Critical
2026-01-29 19:05:00,F0764,89.84,3.17,48.73,Healthy
2026-01-29 19:10:00,F0864,68.12,1.49,38.53,Healthy
2026-01-29 19:15:00,F0515,57.96,1.59,48.78,Critical
2026-01-29 19:20:00,F0779,98.97,4.4,92.16,Critical
2026-01-29 19:25:00,F0347,97.52,2.55,75.44,Healthy
2026-01-29 19:30:00,F0906,97.66,3.46,95.95,Low
2026-01-29 19:35:00,F0761,68.75,2.64,52.11,Low
2026-01-29 19:40:00,F0694,85.39,1.76,10.98,Low
2026-01-29 19:45:00,F0597,59.53,2.22,8.1,Low
2026-01-29 19:50:00,F0765,98.86,2.92,98.04,Healthy
2026-01-29 19:55:00,F0583,39.67,2.16,38.8,Low
2026-01-29 20:00:00,F0929,39.36,3.54,31.36,Healthy
2026-01-29 20:05:00,F0193,54.34,3.02,21.91,Healthy
2026-01-29 20:10:00,F0524,94.02,4.55,13.17,Healthy
2026-01-29 20:15:00,F0132,41.54,3.11,37.32,Healthy
2026-01-29 20:20:00,F0582,97.08,3.28,94.88,Low
2026-01-29 20:25:00,F0779,93.18,4.48,84.57,Critical
2026-01-29 20:30:00,F0539,94.53,2.98,87.74,Low
2026-01-29 20:35:00,F0419,84.02,4.17,57.11,Critical
2026-01-29 20:40:00,F0060,94.36,2.94,19.82,Low
2026-01-29 20:45:00,F0210,37.98,3.21,16.2,Low
2026-01-29 20:50:00,F0781,64.93,4.19,57.07,Low
2026-01-29 20:55:00,F0137,89.23,3.71,81.37,Healthy
2026-01-29 21:00:00,F0416,48.49,0.78,0.43,Critical
2026-01-29 21:05:00,F0400,92.59,3.88,91.67,Healthy
2026-01-29 21:10:00,F0846,97.54,3.82,97.3,Critical
2026-01-29 21:15:00,F0668,99.95,1.37,86.23,Healthy
2026-01-29 21:20:00,F0832,89.33,1.94,83.69,Low
2026-01-29 21:25:00,F0013,17.74,3.98,0.44,Low
2026-01-29 21:30:00,F0755,35.58,2.2,18.86,Low
2026-01-29 21:35:00,F0297,80.65,1.99,49.03,Healthy
2026-01-29 21:40:00,F0002,95.34,2.7,76.64,Low
2026-01-29 21:45:00,F0223,96.52,4.22,87.99,Critical
2026-01-29 21:50:00,F0131,34.26,1.18,15.93,Low
2026-01-29 21:55:00,F0886,87.06,1.04,76.7,Critical
2026-01-29 22:00:00,F0131,99.73,1.19,98.7,Critical
2026-01-29 22:05:00,F0083,95.57,3.98,72.46,Healthy
2026-01-29 22:10:00,F0989,62.38,3.51,55.68,Healthy
2026-01-29 22:15:00,F0440,94.82,2.79,83.48,Critical
2026-01-29 22:20:00,F0423,85.35,3.0,70.36,Healthy
2026-01-29 22:25:00,F0666,72.9,2.9,66.13,Critical
2026-01-29 22:30:00,F0953,88.64,3.61,87.46,Healthy
2026-01-29 22:35:00,F0618,74.35,0.58,50.25,Healthy
2026-01-29 22:40:00,F0395,88.4,1.2,80.95,Low
2026-01-29 22:45:00,F0312,95.26,3.32,22.85,Low
2026-01-29 22:50:00,F0425,37.83,0.55,17.52,Low
2026-01-29 22:55:00,F0206,58.58,1.54,58.15,Critical
2026-01-29 23:00:00,F0680,57.93,0.44,49.13,Critical
2026-01-29 23:05:00,F0503,87.92,4.97,27.81,Low
2026-01-29 23:10:00,F0761,37.33,3.24,21.87,Healthy
2026-01-29 23:15:00,F0352,74.55,0.95,66.02,Healthy
2026-01-29 23:20:00,F0425,95.19,2.35,84.54,Low
2026-01-29 23:25:00,F0833,88.85,2.99,83.05,Critical
2026-01-29 23:30:00,F0569,62.57,1.97,24.95,Healthy
2026-01-29 23:35:00,F0792,83.74,0.52,45.61,Low
2026-01-29 23:40:00,F0300,90.24,1.56,32.98,Critical
2026-01-29 23:45:00,F0741,66.7,2.6,60.36,Critical
2026-01-29 23:50:00,F0174,97.82,1.34,95.62,Healthy
2026-01-29 23:55:00,F0602,91.81,0.55,90.69,Low
2026-01-30 00:00:00,F0252,76.24,2.19,44.17,Low
2026-01-30 00:05:00,F0424,82.24,2.16,72.59,Low
2026-01-30 00:10:00,F0138,28.13,4.53,13.77,Critical
2026-01-30 00:15:00,F0582,95.25,3.8,94.67,Critical
2026-01-30 00:20:00,F0683,95.23,1.49,32.78,Healthy
2026-01-30 00:25:00,F0576,95.16,4.79,88.94,Low
2026-01-30 00:30:00,F0763,86.19,1.62,58.04,Low
2026-01-30 00:35:00,F0829,86.51,1.74,74.04,Low
2026-01-30 00:40:00,F0941,98.38,0.57,86.34,Critical
2026-01-30 00:45:00,F0017,82.62,2.3,53.61,Critical
2026-01-30 00:50:00,F0597,98.73,4.6,95.66,Healthy
2026-01-30 00:55:00,F0763,91.54,3.05,69.74,Low
2026-01-30 01:00:00,F0714,61.65,0.88,51.56,Critical
2026-01-30 01:05:00,F0959,98.28,3.96,97.3,Critical
2026-01-30 01:10:00,F0120,76.03,2.04,75.66,Critical
2026-01-30 01:15:00,F0032,92.02,0.62,78.02,Low
2026-01-30 01:20:00,F0236,58.48,2.9,38.29,Low
2026-01-30 01:25:00,F0959,55.09,2.75,3.43,Low
2026-01-30 01:30:00,F0879,16.09,3.41,13.58,Healthy
2026-01-30 01:35:00,F0563,96.69,3.62,92.64,Healthy
2026-01-30 01:40:00,F0592,98.63,0.96,94.35,Critical
2026-01-30 01:45:00,F0226,67.25,4.29,42.69,Low
2026-01-30 01:50:00,F0229,70.47,0.28,16.39,Low
2026-01-30 01:55:00,F0385,99.7,2.62,77.43,Low
2026-01-30 02:00:00,F0594,79.17,0.2,42.05,Critical
2026-01-30 02:05:00,F0334,89.66,1.87,69.65,Low
2026-01-30 02:10:00,F0604,97.01,4.23,80.55,Low
2026-01-30 02:15:00,F0839,62.23,0.36,48.91,Low
2026-01-30 02:20:00,F0744,51.47,1.37,20.12,Critical
2026-01-30 02:25:00,F0278,99.46,4.74,0.56,Low
2026-01-30 02:30:00,F0991,94.66,3.34,89.43,Healthy
2026-01-30 02:35:00,F0992,81.82,0.44,71.87,Critical
2026-01-30 02:40:00,F0339,91.42,0.8,42.88,Healthy
2026-01-30 02:45:00,F0181,99.22,0.86,98.1,Low
2026-01-30 02:50:00,F0508,89.0,2.21,83.91,Critical
2026-01-30 02:55:00,F0529,95.4,3.49,89.46,Healthy
2026-01-30 03:00:00,F0396,84.7,4.28,30.59,Healthy
2026-01-30 03:05:00,F0751,91.04,3.12,83.2,Healthy
2026-01-30 03:10:00,F0057,59.71,0.54,4.09,Healthy
2026-01-30 03:15:00,F0264,96.6,2.69,45.07,Low
2026-01-30 03:20:00,F0317,57.06,3.84,44.1,Critical
2026-01-30 03:25:00,F0587,69.86,1.37,49.61,Healthy
2026-01-30 03:30:00,F0619,82.61,3.25,82.03,Low
2026-01-30 03:35:00,F0970,58.02,0.72,10.46,Critical
2026-01-30 03:40:00,F0112,51.42,0.52,37.8,Healthy
2026-01-30 03:45:00,F0677,96.42,1.88,95.91,Critical
2026-01-30 03:50:00,F0368,89.47,3.34,63.74,Critical
2026-01-30 03:55:00,F0672,90.96,0.62,6.78,Healthy
2026-01-30 04:00:00,F0766,43.76,1.9,19.63,Healthy
2026-01-30 04:05:00,F0065,82.16,1.0,57.78,Healthy
2026-01-30 04:10:00,F0841,74.25,2.35,31.35,Critical
2026-01-30 04:15:00,F0143,76.91,3.48,3.64,Healthy
2026-01-30 04:20:00,F0480,85.82,3.61,55.78,Low
2026-01-30 04:25:00,F0852,94.59,0.37,85.26,Healthy
2026-01-30 04:30:00,F0918,99.02,2.71,84.15,Healthy
2026-01-30 04:35:00,F0018,98.22,3.95,89.42,Critical
2026-01-30 04:40:00,F0564,97.93,3.14,21.25,Healthy
2026-01-30 04:45:00,F0669,84.57,1.58,53.38,Healthy
2026-01-30 04:50:00,F0245,21.37,0.68,2.13,Healthy
2026-01-30 04:55:00,F0639,75.39,2.93,69.06,Critical
2026-01-30 05:00:00,F0771,85.16,3.59,81.89,Low
2026-01-30 05:05:00,F0126,24.57,1.0,24.24,Low
2026-01-30 05:10:00,F0121,97.01,2.88,93.34,Healthy
2026-01-30 05:15:00,F0482,28.36,4.36,22.33,Critical
2026-01-30 05:20:00,F0416,90.01,1.84,41.5,Low
2026-01-30 05:25:00,F0802,99.37,3.05,49.33,Critical
2026-01-30 05:30:00,F0896,89.55,3.11,55.87,Healthy
2026-01-30 05:35:00,F0455,97.19,0.95,5.91,Low
2026-01-30 05:40:00,F0640,87.39,1.5,80.38,Healthy
2026-01-30 05:45:00,F0014,39.76,4.21,23.82,Low
2026-01-30 05:50:00,F0893,50.02,2.74,43.79,Critical
2026-01-30 05:55:00,F0952,56.17,3.85,16.97,Healthy
2026-01-30 06:00:00,F0066,92.56,1.84,37.8,Healthy
2026-01-30 06:05:00,F0489,98.79,1.55,92.34,Low
2026-01-30 06:10:00,F0324,92.3,0.65,69.8,Healthy
2026-01-30 06:15:00,F0737,64.72,3.87,45.26,Low
2026-01-30 06:20:00,F0844,99.48,1.63,97.26,Critical
2026-01-30 06:25:00,F0738,68.31,4.92,53.18,Low
2026-01-30 06:30:00,F0050,85.27,4.75,65.47,Critical
2026-01-30 06:35:00,F0781,95.41,2.7,11.25,Healthy
2026-01-30 06:40:00,F0915,89.73,1.71,81.89,Healthy
2026-01-30 06:45:00,F0328,86.05,2.81,78.73,Low
2026-01-30 06:50:00,F0038,71.07,3.73,42.78,Critical
2026-01-30 06:55:00,F0867,84.26,3.37,36.83,Critical
2026-01-30 07:00:00,F0753,20.96,3.12,0.92,Healthy
2026-01-30 07:05:00,F0445,99.42,4.33,99.25,Low
2026-01-30 07:10:00,F0522,84.67,1.05,70.25,Low
2026-01-30 07:15:00,F0764,33.54,4.62,5.16,Low
2026-01-30 07:20:00,F0797,90.91,3.5,37.68,Critical
2026-01-30 07:25:00,F0907,84.12,1.37,57.81,Low
2026-01-30 07:30:00,F0348,52.79,3.89,13.84,Healthy
2026-01-30 07:35:00,F0482,54.72,4.43,31.68,Critical
2026-01-30 07:40:00,F0549,96.33,3.26,93.86,Critical
2026-01-30 07:45:00,F0985,80.56,3.27,0.76,Low
2026-01-30 07:50:00,F0476,99.96,3.75,99.54,Healthy
2026-01-30 07:55:00,F0400,84.28,3.39,37.75,Healthy
2026-01-30 08:00:00,F0387,97.42,3.5,71.53,Critical
2026-01-30 08:05:00,F0428,95.17,4.8,93.55,Critical
2026-01-30 08:10:00,F0648,99.95,4.77,80.54,Low
2026-01-30 08:15:00,F0286,36.07,3.49,2.46,Low
2026-01-30 08:20:00,F0190,94.3,2.33,56.03,Low
2026-01-30 08:25:00,F0941,93.74,2.94,52.66,Healthy
2026-01-30 08:30:00,F0975,94.38,0.94,79.65,Low
2026-01-30 08:35:00,F0956,96.64,4.01,9.03,Critical
2026-01-30 08:40:00,F0888,76.47,2.65,22.29,Low
2026-01-30 08:45:00,F0889,65.77,1.36,18.54,Critical
2026-01-30 08:50:00,F0377,34.33,2.61,9.48,Low
2026-01-30 08:55:00,F0552,21.8,2.79,6.44,Critical
2026-01-30 09:00:00,F0785,89.74,4.6,88.78,Healthy
2026-01-30 09:05:00,F0029,43.29,1.31,5.12,Healthy
2026-01-30 09:10:00,F0487,91.9,0.96,90.46,Healthy
2026-01-30 09:15:00,F0316,73.89,1.65,32.64,Low
2026-01-30 09:20:00,F0369,97.95,3.82,57.96,Low
2026-01-30 09:25:00,F0731,55.35,4.18,10.03,Low
2026-01-30 09:30:00,F0757,70.53,0.64,65.42,Low
2026-01-30 09:35:00,F0418,85.94,2.21,5.97,Critical
2026-01-30 09:40:00,F0306,74.27,1.6,31.37,Low
2026-01-30 09:45:00,F0895,70.79,3.49,38.66,Critical
2026-01-30 09:50:00,F0371,31.51,0.3,17.48,Critical
2026-01-30 09:55:00,F0656,88.31,2.7,43.94,Low
2026-01-30 10:00:00,F0403,79.7,4.68,39.51,Healthy
2026-01-30 10:05:00,F0568,9.32,1.17,7.8,Low
2026-01-30 10:10:00,F0404,48.4,0.7,38.74,Healthy
2026-01-30 10:15:00,F0718,97.31,0.27,51.41,Low
2026-01-30 10:20:00,F0291,87.98,0.44,31.16,Critical
2026-01-30 10:25:00,F0444,81.57,2.94,49.96,Healthy
2026-01-30 10:30:00,F0697,42.01,3.33,25.41,Healthy
2026-01-30 10:35:00,F0707,77.89,0.66,22.87,Healthy
2026-01-30 10:40:00,F0184,61.78,1.33,38.82,Healthy
2026-01-30 10:45:00,F0075,67.56,1.94,52.42,Low
2026-01-30 10:50:00,F0631,83.29,2.76,75.01,Low
2026-01-30 10:55:00,F0783,45.07,4.5,15.23,Healthy
2026-01-30 11:00:00,F0082,82.69,2.65,63.39,Healthy
2026-01-30 11:05:00,F0045,63.86,4.92,38.26,Critical
2026-01-30 11:10:00,F0913,95.45,0.49,65.98,Healthy
2026-01-30 11:15:00,F0453,74.46,3.04,29.62,Low
2026-01-30 11:20:00,F0650,81.06,1.81,61.25,Critical
2026-01-30 11:25:00,F0841,44.55,4.15,10.6,Healthy
2026-01-30 11:30:00,F0427,99.65,1.53,90.15,Low
2026-01-30 11:35:00,F0482,73.4,2.82,62.65,Healthy
2026-01-30 11:40:00,F0358,85.99,0.91,84.84,Healthy
2026-01-30 11:45:00,F0919,90.92,4.57,87.49,Healthy
2026-01-30 11:50:00,F0761,85.24,2.95,77.42,Low
2026-01-30 11:55:00,F0070,85.88,0.27,84.71,Critical
2026-01-30 12:00:00,F0632,98.17,3.5,92.5,Critical
2026-01-30 12:05:00,F0027,78.82,1.01,37.49,Low
2026-01-30 12:10:00,F0445,94.24,3.8,63.87,Low
2026-01-30 12:15:00,F0228,30.62,2.8,9.43,Critical
2026-01-30 12:20:00,F0261,81.1,0.79,19.92,Low
2026-01-30 12:25:00,F0830,68.35,1.72,57.49,Healthy
2026-01-30 12:30:00,F0712,88.92,4.61,17.07,Healthy
2026-01-30 12:35:00,F0006,41.84,3.84,29.27,Healthy
2026-01-30 12:40:00,F0366,77.79,3.42,50.76,Critical
2026-01-30 12:45:00,F0697,88.5,2.64,18.1,Low
2026-01-30 12:50:00,F0561,89.06,4.25,13.87,Healthy
2026-01-30 12:55:00,F0441,48.71,4.11,12.02,Healthy
2026-01-30 13:00:00,F0059,55.23,0.42,33.42,Low
2026-01-30 13:05:00,F0768,77.25,4.94,73.67,Critical
2026-01-30 13:10:00,F0056,34.0,4.46,6.34,Healthy
2026-01-30 13:15:00,F0047,84.9,3.5,81.83,Critical
2026-01-30 13:20:00,F0834,90.24,2.53,75.57,Healthy
2026-01-30 13:25:00,F0984,83.71,1.35,78.83,Low
2026-01-30 13:30:00,F0997,95.18,3.84,29.57,Critical
2026-01-30 13:35:00,F0264,90.28,2.51,83.98,Healthy
2026-01-30 13:40:00,F0749,65.84,3.04,59.61,Critical
2026-01-30 13:45:00,F0231,76.21,3.74,75.75,Healthy
2026-01-30 13:50:00,F0295,91.46,3.27,52.27,Critical
2026-01-30 13:55:00,F0665,48.69,1.38,41.15,Healthy
2026-01-30 14:00:00,F0059,67.66,4.1,51.53,Low
2026-01-30 14:05:00,F0109,96.84,2.65,93.74,Low
2026-01-30 14:10:00,F0129,63.36,4.21,58.46,Healthy
2026-01-30 14:15:00,F0054,49.83,1.02,46.66,Low
2026-01-30 14:20:00,F0238,68.06,1.43,25.31,Critical
2026-01-30 14:25:00,F0963,21.87,0.54,10.72,Low
2026-01-30 14:30:00,F0263,88.33,0.25,85.41,Low
2026-01-30 14:35:00,F0284,69.97,3.46,39.45,Critical
2026-01-30 14:40:00,F0214,69.01,3.44,39.61,Low
2026-01-30 14:45:00,F0387,56.1,1.54,29.38,Healthy
2026-01-30 14:50:00,F0060,65.35,1.25,44.25,Low
2026-01-30 14:55:00,F0152,89.04,4.02,85.12,Healthy
2026-01-30 15:00:00,F0530,64.35,2.81,55.83,Critical
2026-01-30 15:05:00,F0879,49.14,3.27,21.07,Healthy
2026-01-30 15:10:00,F0289,91.32,3.46,79.05,Healthy
2026-01-30 15:15:00,F0120,84.3,2.99,30.61,Low
2026-01-30 15:20:00,F0337,77.83,2.1,1.82,Low
2026-01-30 15:25:00,F0441,99.2,1.99,97.43,Low
2026-01-30 15:30:00,F0223,97.16,4.75,56.06,Critical
2026-01-30 15:35:00,F0536,84.45,2.25,74.06,Healthy
2026-01-30 15:40:00,F0567,91.05,0.92,45.99,Healthy
2026-01-30 15:45:00,F0275,53.82,1.37,24.85,Healthy
2026-01-30 15:50:00,F0775,81.08,4.42,60.98,Critical
2026-01-30 15:55:00,F0367,70.69,1.2,22.02,Healthy
2026-01-30 16:00:00,F0870,87.91,0.85,59.94,Low
2026-01-30 16:05:00,F0193,98.25,3.34,4.18,Healthy
2026-01-30 16:10:00,F0243,78.72,2.88,60.01,Low
2026-01-30 16:15:00,F0635,72.96,0.34,70.48,Critical
2026-01-30 16:20:00,F0337,72.15,3.66,48.88,Low
2026-01-30 16:25:00,F0461,96.44,1.17,72.75,Low
2026-01-30 16:30:00,F0041,95.45,3.85,3.69,Critical
2026-01-30 16:35:00,F0318,98.41,2.4,98.29,Low
2026-01-30 16:40:00,F0589,97.52,2.07,82.29,Low
2026-01-30 16:45:00,F0799,96.67,1.32,94.58,Healthy
2026-01-30 16:50:00,F0352,74.78,3.91,66.33,Low
2026-01-30 16:55:00,F0870,63.57,4.51,20.56,Critical
2026-01-30 17:00:00,F0764,79.82,4.63,58.06,Healthy
2026-01-30 17:05:00,F0990,76.99,0.73,29.33,Low
2026-01-30 17:10:00,F0033,93.75,3.27,42.93,Low
2026-01-30 17:15:00,F0920,97.18,4.58,85.55,Critical
2026-01-30 17:20:00,F0465,72.97,4.01,50.29,Healthy
2026-01-30 17:25:00,F0603,97.52,2.24,67.74,Healthy
2026-01-30 17:30:00,F0421,49.81,2.63,38.72,Healthy
2026-01-30 17:35:00,F0551,33.04,0.54,30.82,Low
2026-01-30 17:40:00,F0461,83.97,2.87,43.97,Healthy
2026-01-30 17:45:00,F0711,98.87,2.05,94.09,Healthy
2026-01-30 17:50:00,F0862,98.59,0.52,54.92,Critical
2026-01-30 17:55:00,F0576,91.85,1.0,84.01,Critical
2026-01-30 18:00:00,F0665,77.3,2.76,64.13,Healthy
2026-01-30 18:05:00,F0640,69.03,4.79,25.83,Low
2026-01-30 18:10:00,F0713,12.31,2.74,2.58,Low
2026-01-30 18:15:00,F0377,78.54,2.89,67.74,Healthy
2026-01-30 18:20:00,F0285,84.29,1.29,46.52,Healthy
2026-01-30 18:25:00,F0329,52.32,2.2,45.57,Low
2026-01-30 18:30:00,F0842,57.5,4.86,56.55,Healthy
2026-01-30 18:35:00,F0561,57.95,3.19,43.52,Critical
2026-01-30 18:40:00,F0003,98.05,0.66,92.2,Healthy
2026-01-30 18:45:00,F0456,9.32,3.72,5.91,Low
2026-01-30 18:50:00,F0126,86.69,0.92,41.03,Healthy
2026-01-30 18:55:00,F0456,93.86,1.7,72.66,Critical
2026-01-30 19:00:00,F0166,75.55,3.0,48.63,Healthy
2026-01-30 19:05:00,F0768,97.29,2.62,73.3,Low
2026-01-30 19:10:00,F0265,78.22,4.63,15.39,Critical
2026-01-30 19:15:00,F0153,92.52,2.96,71.12,Low
2026-01-30 19:20:00,F0492,92.89,4.29,11.49,Critical
2026-01-30 19:25:00,F0899,70.3,2.17,19.49,Low
2026-01-30 19:30:00,F0521,99.95,2.34,99.18,Low
2026-01-30 19:35:00,F0991,99.02,3.57,83.63,Critical
2026-01-30 19:40:00,F0933,93.17,3.4,24.34,Healthy
2026-01-30 19:45:00,F0763,99.58,1.75,83.95,Critical
2026-01-30 19:50:00,F0816,64.87,3.31,14.29,Low
2026-01-30 19:55:00,F0332,73.01,2.58,69.32,Healthy
2026-01-30 20:00:00,F0487,89.59,0.21,71.47,Low
2026-01-30 20:05:00,F0987,94.68,3.56,92.84,Healthy
2026-01-30 20:10:00,F0301,38.85,4.78,35.02,Healthy
2026-01-30 20:15:00,F0868,74.6,0.68,20.1,Low
2026-01-30 20:20:00,F0001,88.03,0.91,46.48,Low
2026-01-30 20:25:00,F0724,50.89,0.95,11.05,Critical
2026-01-30 20:30:00,F0760,82.24,0.69,68.85,Low
2026-01-30 20:35:00,F0183,76.33,4.39,0.93,Critical
2026-01-30 20:40:00,F0025,78.75,2.93,45.85,Critical
2026-01-30 20:45:00,F0499,73.82,2.66,29.41,Critical
2026-01-30 20:50:00,F0172,96.02,2.11,40.72,Low
2026-01-30 20:55:00,F0974,33.58,3.74,3.46,Healthy
2026-01-30 21:00:00,F0069,53.64,4.92,39.63,Low
2026-01-30 21:05:00,F0495,64.38,4.98,51.03,Healthy
2026-01-30 21:10:00,F0827,52.34,0.46,33.55,Low
2026-01-30 21:15:00,F0046,99.98,2.66,98.88,Critical
2026-01-30 21:20:00,F0930,51.52,3.18,20.42,Healthy
2026-01-30 21:25:00,F0680,55.88,4.02,32.03,Healthy
2026-01-30 21:30:00,F0719,54.91,0.51,39.29,Critical
2026-01-30 21:35:00,F0139,88.29,2.46,87.08,Healthy
2026-01-30 21:40:00,F0730,96.18,3.43,79.3,Low
2026-01-30 21:45:00,F0294,98.16,2.29,38.39,Critical
2026-01-30 21:50:00,F0285,63.65,1.32,0.43,Healthy
2026-01-30 21:55:00,F0422,88.5,3.33,62.72,Critical
2026-01-30 22:00:00,F0968,78.42,1.81,27.75,Critical
2026-01-30 22:05:00,F0682,86.41,4.58,74.54,Healthy
2026-01-30 22:10:00,F0991,51.78,4.47,36.57,Critical
2026-01-30 22:15:00,F0119,24.92,1.8,3.2,Healthy
2026-01-30 22:20:00,F0776,91.12,4.07,37.82,Critical
2026-01-30 22:25:00,F0382,70.63,1.62,56.01,Healthy
2026-01-30 22:30:00,F0012,42.66,1.71,40.88,Critical
2026-01-30 22:35:00,F0373,67.24,1.95,34.78,Healthy
2026-01-30 22:40:00,F0545,83.49,1.99,62.29,Low
2026-01-30 22:45:00,F0791,89.97,1.48,88.95,Healthy
2026-01-30 22:50:00,F0872,72.6,3.43,34.37,Critical
2026-01-30 22:55:00,F0957,62.49,2.28,54.62,Low
2026-01-30 23:00:00,F0253,94.48,3.06,56.13,Low
2026-01-30 23:05:00,F0343,79.98,0.37,43.09,Critical
2026-01-30 23:10:00,F0780,66.15,1.96,34.58,Critical
2026-01-30 23:15:00,F0078,99.39,2.34,87.26,Critical
2026-01-30 23:20:00,F0343,40.1,4.41,20.08,Healthy
2026-01-30 23:25:00,F0203,49.08,4.9,6.69,Low
2026-01-30 23:30:00,F0543,96.9,1.41,76.52,Critical
2026-01-30 23:35:00,F0434,99.37,0.52,1.99,Critical
2026-01-30 23:40:00,F0782,38.55,1.15,15.95,Healthy
2026-01-30 23:45:00,F0153,44.31,3.48,39.67,Critical
2026-01-30 23:50:00,F0155,87.01,2.27,80.45,Healthy
2026-01-30 23:55:00,F0900,35.58,3.44,12.75,Low
2026-01-31 00:00:00,F0003,13.02,3.45,3.91,Healthy
2026-01-31 00:05:00,F0738,39.23,3.52,26.98,Low
2026-01-31 00:10:00,F0793,32.51,2.88,7.23,Critical
2026-01-31 00:15:00,F0459,70.13,4.84,60.11,Low
2026-01-31 00:20:00,F0745,93.96,3.87,55.38,Critical
2026-01-31 00:25:00,F0528,98.75,4.09,88.17,Healthy
2026-01-31 00:30:00,F0746,61.55,4.64,48.75,Healthy
2026-01-31 00:35:00,F0826,76.78,0.29,52.12,Critical
2026-01-31 00:40:00,F0931,94.23,0.26,60.8,Critical
2026-01-31 00:45:00,F0222,5.72,0.78,4.18,Low
2026-01-31 00:50:00,F0567,99.83,0.32,71.24,Critical
2026-01-31 00:55:00,F0386,15.51,3.66,11.23,Critical
2026-01-31 01:00:00,F0844,62.49,4.79,22.14,Critical
2026-01-31 01:05:00,F0650,76.73,4.05,43.21,Healthy
2026-01-31 01:10:00,F0100,100.0,3.93,96.14,Low
2026-01-31 01:15:00,F0912,82.64,2.93,70.17,Healthy
2026-01-31 01:20:00,F0902,99.66,0.56,96.08,Low
2026-01-31 01:25:00,F0795,98.39,4.82,90.57,Low
2026-01-31 01:30:00,F0742,74.81,0.75,14.42,Critical
2026-01-31 01:35:00,F0796,47.09,2.71,34.67,Healthy
2026-01-31 01:40:00,F0522,30.53,4.13,5.16,Critical
2026-01-31 01:45:00,F0742,97.87,1.46,78.34,Low
2026-01-31 01:50:00,F0883,75.48,4.27,59.88,Critical
2026-01-31 01:55:00,F0864,21.59,1.37,14.86,Low
2026-01-31 02:00:00,F0363,99.2,1.97,74.51,Low
2026-01-31 02:05:00,F0401,93.14,4.38,71.54,Low
2026-01-31 02:10:00,F0099,75.18,4.33,49.1,Healthy
2026-01-31 02:15:00,F0870,63.22,4.9,2.27,Healthy
2026-01-31 02:20:00,F0772,70.02,4.65,30.32,Low
2026-01-31 02:25:00,F0041,48.27,0.68,29.07,Critical
2026-01-31 02:30:00,F0578,81.96,4.4,38.56,Low
2026-01-31 02:35:00,F0868,81.28,4.46,19.0,Healthy
2026-01-31 02:40:00,F0915,99.34,4.98,2.3,Critical
2026-01-31 02:45:00,F0261,98.93,2.85,97.9,Healthy
2026-01-31 02:50:00,F0686,99.11,2.18,91.69,Critical
2026-01-31 02:55:00,F0502,85.96,4.23,36.41,Low
2026-01-31 03:00:00,F0014,66.3,2.1,32.06,Critical
2026-01-31 03:05:00,F0320,71.33,2.62,32.29,Healthy
2026-01-31 03:10:00,F0948,82.34,1.97,51.81,Low
2026-01-31 03:15:00,F0544,91.6,3.44,84.04,Low
2026-01-31 03:20:00,F0177,61.9,4.65,56.46,Healthy
2026-01-31 03:25:00,F0201,64.92,2.04,43.34,Healthy
2026-01-31 03:30:00,F0146,63.16,4.59,37.05,Low
2026-01-31 03:35:00,F0552,57.11,0.98,43.56,Healthy
2026-01-31 03:40:00,F0928,39.51,1.04,8.29,Low
2026-01-31 03:45:00,F0721,77.15,1.19,12.28,Low
2026-01-31 03:50:00,F0575,98.16,3.25,96.53,Critical
2026-01-31 03:55:00,F0803,97.9,0.36,77.91,Healthy
2026-01-31 04:00:00,F0510,98.53,0.29,89.4,Healthy
2026-01-31 04:05:00,F0304,71.98,0.33,67.79,Low
2026-01-31 04:10:00,F0677,96.67,0.29,86.75,Critical
2026-01-31 04:15:00,F0683,84.08,2.38,28.63,Healthy
2026-01-31 04:20:00,F0289,88.36,4.97,27.76,Critical
2026-01-31 04:25:00,F0191,80.64,0.55,24.67,Healthy
2026-01-31 04:30:00,F0859,87.55,0.79,73.6,Critical
2026-01-31 04:35:00,F0653,96.4,4.84,74.84,Healthy
2026-01-31 04:40:00,F0763,94.27,2.23,88.84,Low
2026-01-31 04:45:00,F0053,54.25,3.3,47.07,Critical
2026-01-31 04:50:00,F0303,99.07,0.58,92.67,Healthy
2026-01-31 04:55:00,F0480,66.21,2.64,55.13,Critical
2026-01-31 05:00:00,F0560,24.36,0.29,17.34,Low
2026-01-31 05:05:00,F0355,79.86,2.48,46.88,Critical
2026-01-31 05:10:00,F0290,80.31,4.36,22.17,Healthy
2026-01-31 05:15:00,F0631,32.92,1.22,13.33,Healthy
2026-01-31 05:20:00,F0505,90.05,0.82,13.39,Low
2026-01-31 05:25:00,F0371,70.14,1.07,45.1,Low
2026-01-31 05:30:00,F0675,99.84,0.43,67.45,Critical
2026-01-31 05:35:00,F0959,56.97,1.85,52.55,Low
2026-01-31 05:40:00,F0729,54.28,2.27,52.63,Low
2026-01-31 05:45:00,F0729,85.99,1.31,18.96,Critical
2026-01-31 05:50:00,F0181,93.52,4.19,48.92,Healthy
2026-01-31 05:55:00,F0340,82.71,4.02,75.81,Critical
2026-01-31 06:00:00,F0253,91.47,4.45,62.59,Low
2026-01-31 06:05:00,F0771,76.81,4.0,66.34,Low
2026-01-31 06:10:00,F0740,71.83,2.04,5.6,Healthy
2026-01-31 06:15:00,F0134,79.06,1.05,68.25,Critical
2026-01-31 06:20:00,F0325,99.04,0.92,63.9,Low
2026-01-31 06:25:00,F0721,82.97,4.29,40.73,Critical
2026-01-31 06:30:00,F0456,69.06,4.76,47.42,Critical
2026-01-31 06:35:00,F0780,48.97,3.39,45.23,Critical
2026-01-31 06:40:00,F0765,86.35,2.29,51.68,Healthy
2026-01-31 06:45:00,F0736,91.44,4.37,87.31,Low
2026-01-31 06:50:00,F0139,95.28,1.77,78.03,Critical
2026-01-31 06:55:00,F0767,98.79,0.75,97.24,Low
2026-01-31 07:00:00,F0646,44.77,4.77,17.29,Healthy
2026-01-31 07:05:00,F0500,28.25,1.55,8.74,Critical
2026-01-31 07:10:00,F0938,53.61,2.12,42.25,Critical
2026-01-31 07:15:00,F0983,56.04,4.19,37.91,Critical
2026-01-31 07:20:00,F0584,98.19,4.41,94.37,Healthy
2026-01-31 07:25:00,F0830,89.24,2.86,70.8,Healthy
2026-01-31 07:30:00,F0024,65.2,2.84,2.03,Healthy
2026-01-31 07:35:00,F0418,55.29,1.43,9.74,Critical
2026-01-31 07:40:00,F0088,52.26,0.48,41.62,Low
2026-01-31 07:45:00,F0888,54.35,3.01,48.84,Critical
2026-01-31 07:50:00,F0408,89.87,3.85,76.72,Low
2026-01-31 07:55:00,F0824,70.3,3.55,9.82,Healthy
2026-01-31 08:00:00,F0647,90.36,0.24,66.38,Low
2026-01-31 08:05:00,F0161,60.38,2.52,51.48,Critical
2026-01-31 08:10:00,F0301,91.73,4.32,17.45,Critical
2026-01-31 08:15:00,F0721,82.26,4.8,69.23,Critical
2026-01-31 08:20:00,F0874,57.84,1.63,12.85,Healthy
2026-01-31 08:25:00,F0601,97.28,1.86,94.99,Low
2026-01-31 08:30:00,F0223,30.74,1.79,15.53,Low
2026-01-31 08:35:00,F0968,46.59,4.73,20.57,Low
2026-01-31 08:40:00,F0510,82.82,3.44,46.33,Low
2026-01-31 08:45:00,F0134,83.23,4.54,21.27,Low
2026-01-31 08:50:00,F0494,90.6,3.89,79.92,Low
2026-01-31 08:55:00,F0726,5.67,3.39,4.81,Critical
2026-01-31 09:00:00,F0482,69.55,3.08,59.03,Low
2026-01-31 09:05:00,F0889,65.57,4.5,7.5,Critical
2026-01-31 09:10:00,F0677,11.26,3.98,2.98,Critical
2026-01-31 09:15:00,F0404,70.3,2.51,59.63,Low
2026-01-31 09:20:00,F0510,95.54,4.9,88.74,Critical
2026-01-31 09:25:00,F0939,88.71,0.93,27.29,Critical
2026-01-31 09:30:00,F0297,94.15,0.77,9.01,Healthy
2026-01-31 09:35:00,F0251,78.3,2.23,36.83,Critical
2026-01-31 09:40:00,F0397,76.94,0.94,5.04,Critical
2026-01-31 09:45:00,F0545,59.94,0.89,37.17,Low
2026-01-31 09:50:00,F0328,86.1,4.47,72.76,Critical
2026-01-31 09:55:00,F0765,76.18,4.85,1.05,Healthy
2026-01-31 10:00:00,F0669,89.45,1.04,66.12,Critical
2026-01-31 10:05:00,F0971,56.87,2.41,29.75,Critical
2026-01-31 10:10:00,F0188,96.47,3.46,41.52,Critical
2026-01-31 10:15:00,F0808,81.22,1.45,37.89,Critical
2026-01-31 10:20:00,F0110,94.59,2.14,20.46,Critical
2026-01-31 10:25:00,F0342,94.95,4.33,39.49,Low
2026-01-31 10:30:00,F0781,87.32,1.43,69.8,Healthy
2026-01-31 10:35:00,F0345,83.54,0.51,58.31,Low
2026-01-31 10:40:00,F0064,99.99,2.12,88.87,Critical
2026-01-31 10:45:00,F0121,82.48,2.07,39.39,Healthy
2026-01-31 10:50:00,F0457,52.48,0.57,35.87,Critical
2026-01-31 10:55:00,F0730,97.85,3.76,46.23,Critical
2026-01-31 11:00:00,F0111,91.45,1.64,5.55,Healthy
2026-01-31 11:05:00,F0914,81.32,3.34,20.45,Healthy
2026-01-31 11:10:00,F0647,93.38,3.5,87.36,Critical
2026-01-31 11:15:00,F0164,76.56,3.1,63.1,Low
2026-01-31 11:20:00,F0610,98.17,4.46,92.19,Low
2026-01-31 11:25:00,F0481,76.55,2.81,58.07,Critical
2026-01-31 11:30:00,F0599,54.64,1.93,6.12,Critical
2026-01-31 11:35:00,F0711,99.67,2.48,77.03,Critical
2026-01-31 11:40:00,F0953,98.12,2.04,91.99,Healthy
2026-01-31 11:45:00,F0842,44.92,3.58,32.57,Low
2026-01-31 11:50:00,F0223,57.79,3.35,0.95,Critical
2026-01-31 11:55:00,F0522,84.79,1.22,82.54,Critical
2026-01-31 12:00:00,F0161,53.37,4.11,19.5,Healthy
2026-01-31 12:05:00,F0295,88.32,3.84,24.97,Healthy
2026-01-31 12:10:00,F0760,80.35,2.51,35.97,Critical
2026-01-31 12:15:00,F0641,99.24,2.73,99.08,Critical
2026-01-31 12:20:00,F0424,59.54,3.67,37.44,Healthy
2026-01-31 12:25:00,F0345,95.11,3.4,47.29,Critical
2026-01-31 12:30:00,F0371,87.71,0.94,60.0,Healthy
2026-01-31 12:35:00,F0027,84.24,1.75,69.08,Low
2026-01-31 12:40:00,F0152,31.68,3.96,19.5,Critical
2026-01-31 12:45:00,F0229,91.32,3.62,77.83,Healthy
2026-01-31 12:50:00,F0540,90.6,0.89,35.68,Critical
2026-01-31 12:55:00,F0360,94.67,2.0,49.79,Critical
2026-01-31 13:00:00,F0421,98.01,1.64,64.89,Critical
2026-01-31 13:05:00,F0423,83.17,4.28,66.42,Low
2026-01-31 13:10:00,F0155,82.33,1.74,67.59,Critical
2026-01-31 13:15:00,F0126,94.21,3.84,24.54,Critical
2026-01-31 13:20:00,F0560,95.17,3.68,94.92,Healthy
2026-01-31 13:25:00,F0318,96.1,2.5,93.46,Low
2026-01-31 13:30:00,F0114,83.47,3.79,75.02,Critical
2026-01-31 13:35:00,F0576,11.96,2.74,1.2,Critical
2026-01-31 13:40:00,F0609,74.27,3.47,55.61,Low
2026-01-31 13:45:00,F0082,90.18,1.45,80.37,Critical
2026-01-31 13:50:00,F0562,82.03,2.75,21.21,Low
2026-01-31 13:55:00,F0303,86.65,4.18,37.69,Low
2026-01-31 14:00:00,F0308,81.48,1.36,76.28,Low
2026-01-31 14:05:00,F0235,67.03,3.77,44.27,Healthy
2026-01-31 14:10:00,F0160,99.34,2.97,95.27,Critical
2026-01-31 14:15:00,F0631,71.63,4.48,43.04,Healthy
2026-01-31 14:20:00,F0212,66.26,1.07,34.49,Critical
2026-01-31 14:25:00,F0321,91.89,2.59,88.61,Healthy
2026-01-31 14:30:00,F0009,72.94,0.99,32.31,Low
2026-01-31 14:35:00,F0770,95.17,0.22,90.83,Low
2026-01-31 14:40:00,F0578,91.15,2.5,2.64,Low
2026-01-31 14:45:00,F0602,46.1,0.56,16.38,Low
2026-01-31 14:50:00,F0017,67.59,4.89,45.09,Critical
2026-01-31 14:55:00,F0118,68.08,3.76,53.26,Critical
2026-01-31 15:00:00,F0738,68.88,2.31,55.66,Healthy
2026-01-31 15:05:00,F0662,76.41,1.95,38.89,Critical
2026-01-31 15:10:00,F0519,90.84,2.72,52.72,Critical
2026-01-31 15:15:00,F0894,96.08,3.46,59.56,Low
2026-01-31 15:20:00,F0627,89.04,1.37,45.27,Critical
2026-01-31 15:25:00,F0741,96.87,1.46,25.32,Critical
2026-01-31 15:30:00,F0865,96.2,0.51,93.27,Critical
2026-01-31 15:35:00,F0489,49.07,1.83,32.01,Low
2026-01-31 15:40:00,F0146,39.17,2.31,27.77,Healthy
2026-01-31 15:45:00,F0393,72.64,2.67,50.76,Healthy
2026-01-31 15:50:00,F0562,80.29,4.6,78.54,Critical
2026-01-31 15:55:00,F0607,89.51,2.45,83.26,Critical
2026-01-31 16:00:00,F0192,59.65,4.87,53.79,Critical
2026-01-31 16:05:00,F0332,92.15,3.94,4.05,Critical
2026-01-31 16:10:00,F0449,74.26,1.58,1.23,Healthy
2026-01-31 16:15:00,F0331,55.62,2.84,37.98,Critical
2026-01-31 16:20:00,F0948,68.73,2.94,56.73,Healthy
2026-01-31 16:25:00,F0891,75.71,0.8,29.04,Low
2026-01-31 16:30:00,F0253,65.03,0.85,10.31,Healthy
2026-01-31 16:35:00,F0208,85.05,3.86,77.48,Low
2026-01-31 16:40:00,F0628,96.49,1.13,87.73,Low
2026-01-31 16:45:00,F0555,71.54,4.55,31.38,Healthy
2026-01-31 16:50:00,F0191,63.75,4.99,57.03,Critical
2026-01-31 16:55:00,F0538,97.52,3.05,70.39,Low
2026-01-31 17:00:00,F0482,70.32,3.87,56.01,Critical
2026-01-31 17:05:00,F0806,92.27,2.85,65.16,Low
2026-01-31 17:10:00,F0254,99.9,2.43,98.42,Healthy
2026-01-31 17:15:00,F0657,67.84,2.45,58.8,Critical
2026-01-31 17:20:00,F0422,95.75,4.36,72.47,Healthy
2026-01-31 17:25:00,F0516,99.82,3.36,56.92,Low
2026-01-31 17:30:00,F0773,98.53,4.89,92.99,Healthy
2026-01-31 17:35:00,F0678,99.87,1.6,68.61,Healthy
2026-01-31 17:40:00,F0968,66.61,0.87,44.37,Critical
2026-01-31 17:45:00,F0759,99.69,3.7,89.47,Healthy
2026-01-31 17:50:00,F0237,82.48,0.28,68.63,Critical
2026-01-31 17:55:00,F0152,51.31,4.76,18.2,Low
2026-01-31 18:00:00,F0017,70.32,1.86,51.68,Low
2026-01-31 18:05:00,F0436,90.07,3.42,62.12,Low
2026-01-31 18:10:00,F0599,40.19,2.4,12.11,Critical
2026-01-31 18:15:00,F0453,99.13,4.79,84.02,Healthy
2026-01-31 18:20:00,F0734,67.77,3.26,27.8,Critical
2026-01-31 18:25:00,F0036,88.48,4.27,78.65,Critical
2026-01-31 18:30:00,F0729,83.4,1.66,67.13,Low
2026-01-31 18:35:00,F0374,95.45,3.52,76.48,Healthy
2026-01-31 18:40:00,F0146,90.36,1.83,74.17,Low
2026-01-31 18:45:00,F0035,97.4,4.38,52.16,Low
2026-01-31 18:50:00,F0817,83.13,4.87,74.08,Healthy
2026-01-31 18:55:00,F0187,91.35,2.16,85.21,Healthy
2026-01-31 19:00:00,F0561,84.95,2.77,77.95,Healthy
2026-01-31 19:05:00,F0188,92.31,3.95,55.28,Low
2026-01-31 19:10:00,F0461,91.01,2.7,86.51,Critical
2026-01-31 19:15:00,F0296,89.65,2.87,87.74,Critical
2026-01-31 19:20:00,F0106,66.85,1.69,57.35,Low
2026-01-31 19:25:00,F0197,56.46,4.38,24.13,Critical
2026-01-31 19:30:00,F0221,39.41,4.8,3.53,Healthy
2026-01-31 19:35:00,F0210,95.34,1.45,40.8,Low
2026-01-31 19:40:00,F0434,98.42,3.86,77.84,Low
2026-01-31 19:45:00,F0683,51.86,2.77,16.19,Low
2026-01-31 19:50:00,F0957,50.46,2.12,4.59,Low
2026-01-31 19:55:00,F0936,67.02,2.35,56.41,Low
2026-01-31 20:00:00,F0763,51.65,4.09,29.06,Critical
2026-01-31 20:05:00,F0134,96.7,2.32,66.91,Low
2026-01-31 20:10:00,F0705,98.13,1.61,97.72,Critical
2026-01-31 20:15:00,F0067,76.76,3.15,53.32,Healthy
2026-01-31 20:20:00,F0542,92.78,4.58,62.82,Low
2026-01-31 20:25:00,F0775,57.89,1.84,15.12,Low
2026-01-31 20:30:00,F0022,79.42,3.22,78.42,Healthy
2026-01-31 20:35:00,F0088,85.26,0.75,28.81,Low
2026-01-31 20:40:00,F0782,95.29,2.44,5.93,Low
2026-01-31 20:45:00,F0536,73.91,0.76,57.99,Critical
2026-01-31 20:50:00,F0089,84.33,3.88,11.89,Low
2026-01-31 20:55:00,F0092,98.88,3.22,63.52,Healthy
2026-01-31 21:00:00,F0680,74.49,0.28,64.79,Critical
2026-01-31 21:05:00,F0320,91.74,0.4,35.63,Low
2026-01-31 21:10:00,F0602,83.9,0.36,55.2,Healthy
2026-01-31 21:15:00,F0914,48.34,2.49,13.01,Critical
2026-01-31 21:20:00,F0318,86.84,0.38,62.3,Critical
2026-01-31 21:25:00,F0665,85.95,3.19,78.96,Low
2026-01-31 21:30:00,F0519,90.85,4.29,73.91,Healthy
2026-01-31 21:35:00,F0217,97.25,1.28,92.03,Critical
2026-01-31 21:40:00,F0169,32.71,1.61,21.75,Low
2026-01-31 21:45:00,F0100,94.67,3.9,36.28,Low
2026-01-31 21:50:00,F0067,26.51,3.7,3.84,Low
2026-01-31 21:55:00,F0663,90.48,3.41,87.12,Critical
2026-01-31 22:00:00,F0417,97.82,3.14,87.2,Low
2026-01-31 22:05:00,F0042,71.28,3.42,70.23,Critical
2026-01-31 22:10:00,F0971,60.59,1.91,3.49,Critical
2026-01-31 22:15:00,F0924,98.78,1.51,54.88,Critical
2026-01-31 22:20:00,F0428,90.96,3.85,55.01,Low
2026-01-31 22:25:00,F0011,67.05,4.24,63.2,Critical
2026-01-31 22:30:00,F0579,76.12,0.73,57.54,Critical
2026-01-31 22:35:00,F0845,53.86,2.35,50.2,Healthy
2026-01-31 22:40:00,F0408,95.79,2.61,95.24,Low
2026-01-31 22:45:00,F0915,96.34,4.57,95.92,Healthy
2026-01-31 22:50:00,F0618,45.63,3.21,22.98,Healthy
2026-01-31 22:55:00,F0104,79.64,2.84,67.94,Low
2026-01-31 23:00:00,F0158,55.81,1.45,25.24,Low
2026-01-31 23:05:00,F0225,92.49,0.74,43.92,Low
2026-01-31 23:10:00,F0464,63.74,2.32,10.8,Low
2026-01-31 23:15:00,F0967,82.34,4.36,17.22,Critical
2026-01-31 23:20:00,F0599,83.58,2.59,35.47,Low
2026-01-31 23:25:00,F0647,77.25,1.95,48.83,Critical
2026-01-31 23:30:00,F0478,80.67,3.16,64.76,Healthy
2026-01-31 23:35:00,F0508,76.92,0.63,65.2,Healthy
2026-01-31 23:40:00,F0392,95.15,0.38,93.28,Healthy
2026-01-31 23:45:00,F0090,45.06,4.56,26.51,Low
2026-01-31 23:50:00,F0108,50.81,4.27,33.3,Low
2026-01-31 23:55:00,F0699,97.44,1.45,18.54,Critical
2026-02-01 00:00:00,F0811,79.99,3.24,50.02,Low
2026-02-01 00:05:00,F0264,99.63,1.57,73.85,Healthy
2026-02-01 00:10:00,F0118,93.14,4.23,65.99,Healthy
2026-02-01 00:15:00,F0261,96.99,4.13,93.2,Critical
2026-02-01 00:20:00,F0618,57.27,4.18,50.6,Healthy
2026-02-01 00:25:00,F0609,89.47,4.08,81.06,Low
2026-02-01 00:30:00,F0178,95.25,3.73,93.09,Low
2026-02-01 00:35:00,F0289,93.46,0.21,67.01,Critical
2026-02-01 00:40:00,F0782,76.07,1.69,67.59,Low
2026-02-01 00:45:00,F0195,69.48,1.02,0.34,Low
2026-02-01 00:50:00,F0395,47.7,0.94,19.13,Healthy
2026-02-01 00:55:00,F0738,97.55,0.89,55.7,Healthy
2026-02-01 01:00:00,F0126,87.43,1.2,83.11,Critical
2026-02-01 01:05:00,F0684,36.58,0.55,36.01,Low
2026-02-01 01:10:00,F0371,97.66,0.84,27.32,Healthy
2026-02-01 01:15:00,F0925,91.55,1.83,86.63,Critical
2026-02-01 01:20:00,F0663,95.27,0.5,50.33,Critical
2026-02-01 01:25:00,F0483,95.66,3.55,92.27,Healthy
2026-02-01 01:30:00,F0709,41.17,1.1,15.13,Critical
2026-02-01 01:35:00,F0959,58.29,3.17,18.43,Healthy
2026-02-01 01:40:00,F0163,84.18,1.39,73.33,Low
2026-02-01 01:45:00,F0460,55.56,0.94,24.75,Low
2026-02-01 01:50:00,F0904,94.04,2.26,91.59,Critical
2026-02-01 01:55:00,F0127,67.36,2.63,33.57,Critical
2026-02-01 02:00:00,F0993,77.52,1.61,63.46,Low
2026-02-01 02:05:00,F0703,74.61,2.4,64.02,Healthy
2026-02-01 02:10:00,F0199,99.04,1.59,97.56,Healthy
2026-02-01 02:15:00,F0507,71.02,2.55,20.13,Healthy
2026-02-01 02:20:00,F0413,99.71,4.18,98.82,Low
2026-02-01 02:25:00,F0898,80.36,3.6,50.46,Healthy
2026-02-01 02:30:00,F0433,94.63,1.79,90.98,Low
2026-02-01 02:35:00,F0196,71.23,1.2,64.62,Healthy
2026-02-01 02:40:00,F0212,82.58,4.53,39.68,Healthy
2026-02-01 02:45:00,F0310,66.0,3.06,48.37,Healthy
2026-02-01 02:50:00,F0194,96.04,2.86,91.51,Healthy
2026-02-01 02:55:00,F0964,97.56,1.73,10.18,Critical
2026-02-01 03:00:00,F0287,45.57,0.28,9.58,Critical
2026-02-01 03:05:00,F0551,89.49,0.96,81.78,Healthy
2026-02-01 03:10:00,F0542,89.79,4.38,86.87,Critical
2026-02-01 03:15:00,F0978,96.68,3.15,73.76,Healthy
2026-02-01 03:20:00,F0685,79.11,1.9,7.2,Healthy
2026-02-01 03:25:00,F0497,60.45,2.81,56.34,Healthy
2026-02-01 03:30:00,F0823,49.5,0.62,26.01,Healthy
2026-02-01 03:35:00,F0513,43.86,2.01,2.15,Low
2026-02-01 03:40:00,F0062,90.45,1.33,84.6,Low
2026-02-01 03:45:00,F0669,64.46,4.76,39.72,Healthy
2026-02-01 03:50:00,F0566,99.08,1.69,80.97,Critical
2026-02-01 03:55:00,F0345,96.98,0.89,60.51,Healthy
2026-02-01 04:00:00,F0890,89.02,2.84,63.83,Low
2026-02-01 04:05:00,F0251,99.2,0.68,96.17,Low
2026-02-01 04:10:00,F0543,10.54,2.2,4.31,Low
2026-02-01 04:15:00,F0629,49.73,1.75,3.32,Critical
2026-02-01 04:20:00,F0727,69.52,3.33,49.64,Critical
2026-02-01 04:25:00,F0627,94.96,0.51,88.43,Low
2026-02-01 04:30:00,F0544,98.43,1.08,64.26,Low
2026-02-01 04:35:00,F0220,98.87,2.0,41.84,Low
2026-02-01 04:40:00,F0829,80.17,3.86,55.23,Critical
2026-02-01 04:45:00,F0977,93.57,0.75,93.29,Healthy
2026-02-01 04:50:00,F0998,74.9,1.14,47.1,Low
2026-02-01 04:55:00,F0019,26.41,1.55,8.28,Healthy
2026-02-01 05:00:00,F0027,98.25,3.09,61.91,Healthy
2026-02-01 05:05:00,F0182,77.93,3.99,34.13,Low
2026-02-01 05:10:00,F0668,92.51,2.52,79.61,Low
2026-02-01 05:15:00,F0669,65.81,2.67,49.24,Low
2026-02-01 05:20:00,F0631,94.1,3.64,62.37,Healthy
2026-02-01 05:25:00,F0121,27.71,1.01,6.31,Low
2026-02-01 05:30:00,F0213,98.69,0.93,93.93,Healthy
2026-02-01 05:35:00,F0988,72.24,2.38,13.52,Low
2026-02-01 05:40:00,F0874,69.69,0.74,25.59,Critical
2026-02-01 05:45:00,F0303,88.41,3.48,24.88,Low
2026-02-01 05:50:00,F0088,82.47,1.97,77.09,Critical
2026-02-01 05:55:00,F0275,70.41,3.98,53.7,Low
2026-02-01 06:00:00,F0852,91.56,0.48,54.61,Critical
2026-02-01 06:05:00,F0222,79.63,4.92,17.37,Low
2026-02-01 06:10:00,F0490,71.92,3.07,41.11,Low
2026-02-01 06:15:00,F0018,59.36,3.26,35.95,Low
2026-02-01 06:20:00,F0505,87.27,1.81,83.16,Low
2026-02-01 06:25:00,F0476,51.92,4.4,3.87,Healthy
2026-02-01 06:30:00,F0455,68.92,0.46,61.71,Healthy
2026-02-01 06:35:00,F0785,81.32,4.42,9.5,Low
2026-02-01 06:40:00,F0198,99.14,3.59,99.14,Healthy
2026-02-01 06:45:00,F0431,52.26,4.07,23.65,Critical
2026-02-01 06:50:00,F0320,44.88,0.29,42.05,Low
2026-02-01 06:55:00,F0944,68.72,4.46,3.1,Healthy
2026-02-01 07:00:00,F0171,95.69,0.23,32.69,Healthy
2026-02-01 07:05:00,F0213,94.03,2.04,80.95,Healthy
2026-02-01 07:10:00,F0396,99.1,3.77,98.97,Low
2026-02-01 07:15:00,F0097,85.69,1.29,83.79,Low
2026-02-01 07:20:00,F0108,20.05,2.84,5.25,Healthy
2026-02-01 07:25:00,F0617,48.4,0.61,6.38,Critical
2026-02-01 07:30:00,F0048,81.56,2.43,29.51,Low
2026-02-01 07:35:00,F0371,91.37,3.1,76.24,Healthy
2026-02-01 07:40:00,F0006,87.06,3.07,55.41,Low
2026-02-01 07:45:00,F0653,88.77,2.32,41.31,Low
2026-02-01 07:50:00,F0613,34.76,2.2,15.73,Low
2026-02-01 07:55:00,F0187,30.49,4.04,8.7,Low
2026-02-01 08:00:00,F0722,13.45,3.33,10.94,Healthy
2026-02-01 08:05:00,F0386,95.8,4.87,80.63,Low
2026-02-01 08:10:00,F0761,99.66,0.46,99.42,Low
2026-02-01 08:15:00,F0198,18.57,1.62,2.17,Low
2026-02-01 08:20:00,F0681,91.71,2.31,88.36,Low
2026-02-01 08:25:00,F0346,61.59,1.96,58.0,Healthy
2026-02-01 08:30:00,F0640,88.43,3.62,15.12,Critical
2026-02-01 08:35:00,F0787,96.82,2.57,84.7,Low
2026-02-01 08:40:00,F0476,42.76,4.93,16.32,Critical
2026-02-01 08:45:00,F0610,97.17,4.57,62.44,Critical
2026-02-01 08:50:00,F0256,60.53,4.12,11.53,Healthy
2026-02-01 08:55:00,F0117,92.99,0.71,47.74,Healthy
2026-02-01 09:00:00,F0161,31.22,0.98,6.67,Low
2026-02-01 09:05:00,F0909,99.82,2.6,70.17,Low
2026-02-01 09:10:00,F0689,96.87,2.31,96.62,Healthy
2026-02-01 09:15:00,F0862,70.51,4.63,44.37,Critical
2026-02-01 09:20:00,F0699,94.26,2.95,26.37,Low
2026-02-01 09:25:00,F0326,94.3,1.74,40.23,Critical
2026-02-01 09:30:00,F0006,75.42,1.89,5.35,Healthy
2026-02-01 09:35:00,F0815,73.86,4.49,25.42,Healthy
2026-02-01 09:40:00,F0473,99.37,2.14,93.31,Healthy
2026-02-01 09:45:00,F0117,92.45,1.19,38.7,Healthy
2026-02-01 09:50:00,F0878,84.66,2.37,67.21,Healthy
2026-02-01 09:55:00,F0090,94.24,2.71,66.47,Low
2026-02-01 10:00:00,F0482,97.05,4.7,16.23,Critical
2026-02-01 10:05:00,F0013,64.2,4.78,38.07,Healthy
2026-02-01 10:10:00,F0666,78.9,0.51,6.37,Critical
2026-02-01 10:15:00,F0409,92.25,1.6,91.09,Critical
2026-02-01 10:20:00,F0840,46.99,4.49,5.73,Healthy
2026-02-01 10:25:00,F0287,91.42,0.56,85.18,Healthy
2026-02-01 10:30:00,F0677,49.2,3.5,27.12,Critical
2026-02-01 10:35:00,F0900,98.83,0.53,98.67,Low
2026-02-01 10:40:00,F0447,58.74,1.6,31.71,Healthy
2026-02-01 10:45:00,F0235,38.06,3.81,27.48,Healthy
2026-02-01 10:50:00,F0130,95.81,4.49,64.42,Critical
2026-02-01 10:55:00,F0268,92.64,0.58,7.33,Low
2026-02-01 11:00:00,F0612,95.21,2.69,5.48,Low
2026-02-01 11:05:00,F0244,65.12,3.57,9.78,Low
2026-02-01 11:10:00,F0067,94.5,2.23,91.93,Low
2026-02-01 11:15:00,F0948,42.1,1.43,28.66,Healthy
2026-02-01 11:20:00,F0595,87.94,2.28,9.85,Low
2026-02-01 11:25:00,F0842,33.0,0.36,0.95,Low
2026-02-01 11:30:00,F0951,29.46,3.52,10.34,Critical
2026-02-01 11:35:00,F0657,70.82,1.27,10.42,Low
2026-02-01 11:40:00,F0776,90.55,3.99,74.28,Critical
2026-02-01 11:45:00,F0701,60.34,2.58,1.19,Healthy
2026-02-01 11:50:00,F0701,84.72,2.77,63.9,Critical
2026-02-01 11:55:00,F0571,35.75,3.79,32.12,Critical
2026-02-01 12:00:00,F0690,30.97,0.27,22.74,Low
2026-02-01 12:05:00,F0501,86.78,4.84,63.4,Low
2026-02-01 12:10:00,F0229,88.12,1.35,83.78,Low
2026-02-01 12:15:00,F0481,99.79,4.18,98.57,Healthy
2026-02-01 12:20:00,F0681,45.16,3.09,43.2,Low
2026-02-01 12:25:00,F0372,91.84,1.93,50.2,Healthy
2026-02-01 12:30:00,F0817,72.52,4.08,7.65,Low
2026-02-01 12:35:00,F0220,80.52,4.92,4.88,Low
2026-02-01 12:40:00,F0336,13.19,4.58,1.85,Critical
2026-02-01 12:45:00,F0660,66.74,2.95,39.78,Healthy
2026-02-01 12:50:00,F0336,88.59,1.92,73.78,Critical
2026-02-01 12:55:00,F0359,79.47,4.7,78.78,Low
2026-02-01 13:00:00,F0274,92.7,0.94,92.17,Low
2026-02-01 13:05:00,F0407,86.64,2.07,72.99,Healthy
2026-02-01 13:10:00,F0177,90.55,3.11,74.1,Low
2026-02-01 13:15:00,F0612,16.45,4.71,7.7,Low
2026-02-01 13:20:00,F0742,95.72,0.37,86.18,Critical
2026-02-01 13:25:00,F0500,85.95,3.99,82.92,Critical
2026-02-01 13:30:00,F0546,65.53,4.48,64.61,Critical
2026-02-01 13:35:00,F0207,87.31,0.46,74.51,Healthy
2026-02-01 13:40:00,F0121,92.1,0.92,76.21,Low
2026-02-01 13:45:00,F0568,94.54,1.79,93.66,Healthy
2026-02-01 13:50:00,F0979,82.49,4.43,77.85,Healthy
2026-02-01 13:55:00,F0355,59.14,2.07,18.54,Healthy
2026-02-01 14:00:00,F0872,86.22,3.6,82.46,Low
2026-02-01 14:05:00,F0180,94.99,4.48,94.29,Critical
2026-02-01 14:10:00,F0095,98.11,0.76,46.05,Healthy
2026-02-01 14:15:00,F0507,74.97,1.04,27.93,Healthy
2026-02-01 14:20:00,F0717,56.51,1.71,14.4,Low
2026-02-01 14:25:00,F0693,97.04,1.06,86.29,Low
2026-02-01 14:30:00,F0036,79.25,0.26,72.24,Low
2026-02-01 14:35:00,F0379,69.99,4.5,59.39,Critical
2026-02-01 14:40:00,F0295,85.68,0.51,50.82,Healthy
2026-02-01 14:45:00,F0581,77.81,4.89,34.24,Healthy
2026-02-01 14:50:00,F0976,77.43,4.27,66.31,Critical
2026-02-01 14:55:00,F0373,95.48,0.21,80.67,Low
2026-02-01 15:00:00,F0507,85.93,3.75,68.91,Critical
2026-02-01 15:05:00,F0303,84.53,3.59,80.07,Critical
2026-02-01 15:10:00,F0357,88.33,2.55,78.37,Low
2026-02-01 15:15:00,F0433,68.24,2.7,14.9,Critical
2026-02-01 15:20:00,F0088,91.03,0.54,78.49,Healthy
2026-02-01 15:25:00,F0076,92.4,0.69,32.06,Healthy
2026-02-01 15:30:00,F0337,66.57,0.44,65.56,Healthy
2026-02-01 15:35:00,F0890,40.08,3.87,37.3,Low
2026-02-01 15:40:00,F0853,97.3,2.97,40.5,Low
2026-02-01 15:45:00,F0143,76.07,4.41,71.15,Critical
2026-02-01 15:50:00,F0035,27.48,1.3,12.61,Critical
2026-02-01 15:55:00,F0908,87.24,1.4,48.41,Critical
2026-02-01 16:00:00,F0776,99.18,2.48,86.01,Critical
2026-02-01 16:05:00,F0108,92.82,1.19,57.55,Healthy
2026-02-01 16:10:00,F0576,98.7,4.92,48.0,Low
2026-02-01 16:15:00,F0127,98.43,1.18,95.88,Healthy
2026-02-01 16:20:00,F0759,99.08,0.74,94.99,Critical
2026-02-01 16:25:00,F0007,22.98,2.0,18.58,Critical
2026-02-01 16:30:00,F0382,99.75,3.06,99.55,Healthy
2026-02-01 16:35:00,F0557,79.32,0.56,62.46,Low
2026-02-01 16:40:00,F0792,67.82,3.07,27.0,Healthy
2026-02-01 16:45:00,F0666,83.36,1.15,54.03,Low
2026-02-01 16:50:00,F0099,94.89,4.06,88.79,Healthy
2026-02-01 16:55:00,F0589,93.19,2.34,79.3,Low
2026-02-01 17:00:00,F0316,61.7,1.67,39.57,Healthy
2026-02-01 17:05:00,F0016,99.09,2.54,43.96,Low
2026-02-01 17:10:00,F0966,94.15,4.61,91.38,Critical
2026-02-01 17:15:00,F0566,96.02,4.3,51.88,Critical
2026-02-01 17:20:00,F0684,56.06,0.8,10.11,Critical
2026-02-01 17:25:00,F0530,95.2,2.91,81.11,Low
2026-02-01 17:30:00,F0548,74.49,4.67,5.8,Low
2026-02-01 17:35:00,F0170,77.32,3.04,49.22,Low
2026-02-01 17:40:00,F0072,62.16,3.73,51.54,Low
2026-02-01 17:45:00,F0871,61.05,1.61,42.62,Healthy
2026-02-01 17:50:00,F0391,82.12,0.36,21.64,Low
2026-02-01 17:55:00,F0912,45.16,4.48,41.61,Critical
2026-02-01 18:00:00,F0093,97.14,1.22,69.81,Healthy
2026-02-01 18:05:00,F0714,87.99,4.94,57.31,Healthy
2026-02-01 18:10:00,F0346,99.95,4.95,99.89,Critical
2026-02-01 18:15:00,F0744,60.24,3.06,22.02,Healthy
2026-02-01 18:20:00,F0500,85.01,1.43,84.1,Low
2026-02-01 18:25:00,F0971,62.6,4.87,62.28,Healthy
2026-02-01 18:30:00,F0425,59.42,3.23,48.56,Healthy
2026-02-01 18:35:00,F0918,97.71,2.99,81.08,Healthy
2026-02-01 18:40:00,F0047,65.58,4.61,28.68,Low
2026-02-01 18:45:00,F0277,30.01,0.66,14.39,Low
2026-02-01 18:50:00,F0573,98.16,1.63,97.38,Low
2026-02-01 18:55:00,F0809,95.63,1.37,93.17,Low
2026-02-01 19:00:00,F0138,36.92,2.24,6.06,Critical
2026-02-01 19:05:00,F0225,90.38,0.32,66.06,Low
2026-02-01 19:10:00,F0123,92.75,4.71,80.71,Healthy
2026-02-01 19:15:00,F0919,17.93,2.36,2.42,Critical
2026-02-01 19:20:00,F0833,85.78,3.18,72.83,Critical
2026-02-01 19:25:00,F0713,97.68,0.31,96.97,Critical
2026-02-01 19:30:00,F0583,68.56,4.62,32.08,Critical
2026-02-01 19:35:00,F0553,96.3,3.99,75.35,Critical
2026-02-01 19:40:00,F0721,50.38,1.74,26.31,Low
2026-02-01 19:45:00,F0799,99.97,3.77,99.89,Healthy
2026-02-01 19:50:00,F0190,87.61,2.35,82.44,Healthy
2026-02-01 19:55:00,F0652,99.78,1.45,96.97,Low
2026-02-01 20:00:00,F0946,99.25,4.87,90.42,Critical
2026-02-01 20:05:00,F0288,93.24,2.22,66.6,Healthy
2026-02-01 20:10:00,F0404,61.5,1.04,56.4,Critical
2026-02-01 20:15:00,F0696,86.77,1.72,49.84,Healthy
2026-02-01 20:20:00,F0906,10.44,4.91,3.54,Low
2026-02-01 20:25:00,F0358,98.28,0.58,86.41,Critical
2026-02-01 20:30:00,F0020,86.28,0.45,62.91,Critical
2026-02-01 20:35:00,F0977,80.07,1.42,7.22,Low
2026-02-01 20:40:00,F0051,36.3,2.69,35.94,Healthy
2026-02-01 20:45:00,F0731,6.18,1.61,4.02,Low
2026-02-01 20:50:00,F0395,71.93,1.92,25.49,Critical
2026-02-01 20:55:00,F0830,99.33,1.62,79.19,Low
2026-02-01 21:00:00,F0917,36.33,1.93,35.1,Critical
2026-02-01 21:05:00,F0436,69.92,0.88,58.1,Healthy
2026-02-01 21:10:00,F0198,37.32,2.23,31.63,Critical
2026-02-01 21:15:00,F0082,35.78,2.46,3.95,Healthy
2026-02-01 21:20:00,F0110,99.59,0.74,98.77,Low
2026-02-01 21:25:00,F0571,59.42,3.47,35.29,Critical
2026-02-01 21:30:00,F0316,64.85,2.92,11.75,Healthy
2026-02-01 21:35:00,F0859,50.02,4.71,10.88,Healthy
2026-02-01 21:40:00,F0701,91.75,1.43,77.59,Low
2026-02-01 21:45:00,F0994,92.57,4.06,48.1,Critical
2026-02-01 21:50:00,F0854,93.85,4.41,66.13,Healthy
2026-02-01 21:55:00,F0796,95.99,3.52,62.58,Healthy
2026-02-01 22:00:00,F0484,83.79,0.78,70.06,Healthy
2026-02-01 22:05:00,F0424,47.7,1.67,16.22,Critical
2026-02-01 22:10:00,F0430,53.73,1.6,25.4,Low
2026-02-01 22:15:00,F0925,68.6,4.75,36.55,Healthy
2026-02-01 22:20:00,F0556,95.62,1.68,25.13,Healthy
2026-02-01 22:25:00,F0091,24.0,4.49,18.52,Healthy
2026-02-01 22:30:00,F0764,90.09,3.24,86.39,Critical
2026-02-01 22:35:00,F0610,97.88,3.88,68.07,Critical
2026-02-01 22:40:00,F0333,78.77,2.98,15.71,Critical
2026-02-01 22:45:00,F0307,92.33,4.32,9.23,Critical
2026-02-01 22:50:00,F0911,93.72,2.96,90.95,Healthy
2026-02-01 22:55:00,F0779,71.9,1.69,57.44,Critical
2026-02-01 23:00:00,F0815,91.21,2.14,25.51,Critical
2026-02-01 23:05:00,F0864,62.84,3.79,15.47,Critical
2026-02-01 23:10:00,F0770,97.85,0.29,49.43,Healthy
2026-02-01 23:15:00,F0489,82.97,3.4,47.84,Low
2026-02-01 23:20:00,F0211,89.55,4.3,80.28,Low
2026-02-01 23:25:00,F0152,65.97,1.74,53.11,Low
2026-02-01 23:30:00,F0126,58.95,0.68,11.15,Low
2026-02-01 23:35:00,F0453,51.66,2.78,12.68,Low
2026-02-01 23:40:00,F0410,94.09,2.28,80.67,Healthy
2026-02-01 23:45:00,F0195,72.92,0.59,69.21,Low
2026-02-01 23:50:00,F0591,26.92,4.23,16.37,Critical
2026-02-01 23:55:00,F0886,80.61,1.21,64.86,Critical
2026-02-02 00:00:00,F0813,50.4,4.66,49.62,Low
2026-02-02 00:05:00,F0120,60.51,4.32,42.05,Healthy
2026-02-02 00:10:00,F0806,79.04,4.26,62.84,Healthy
2026-02-02 00:15:00,F0845,92.92,3.72,79.65,Low
2026-02-02 00:20:00,F0804,92.57,3.38,48.49,Low
2026-02-02 00:25:00,F0114,90.85,2.51,47.75,Low
2026-02-02 00:30:00,F0480,85.11,4.06,3.4,Healthy
2026-02-02 00:35:00,F0019,95.82,1.95,13.48,Critical
2026-02-02 00:40:00,F0633,34.36,1.97,8.56,Low
2026-02-02 00:45:00,F0638,63.45,4.19,3.58,Critical
2026-02-02 00:50:00,F0399,41.05,4.1,32.07,Critical
2026-02-02 00:55:00,F0957,92.67,1.44,21.65,Critical
2026-02-02 01:00:00,F0727,87.95,1.91,54.96,Critical
2026-02-02 01:05:00,F0771,94.25,2.07,65.45,Critical
2026-02-02 01:10:00,F0279,60.96,1.36,41.0,Healthy
2026-02-02 01:15:00,F0579,33.61,4.54,0.32,Low
2026-02-02 01:20:00,F0165,98.49,3.95,95.2,Low
2026-02-02 01:25:00,F0724,96.63,2.46,92.85,Critical
2026-02-02 01:30:00,F0689,90.35,2.48,77.46,Critical
2026-02-02 01:35:00,F0569,99.36,2.59,88.07,Critical
2026-02-02 01:40:00,F0754,99.88,4.24,99.1,Critical
2026-02-02 01:45:00,F0420,98.29,4.12,98.25,Low
2026-02-02 01:50:00,F0192,95.99,2.79,81.1,Low
2026-02-02 01:55:00,F0177,58.44,4.4,43.52,Critical
2026-02-02 02:00:00,F0293,98.32,3.08,90.45,Healthy
2026-02-02 02:05:00,F0618,98.78,0.42,69.2,Low
2026-02-02 02:10:00,F0508,84.63,2.28,80.2,Low
2026-02-02 02:15:00,F0109,76.96,1.43,68.08,Low
2026-02-02 02:20:00,F0115,99.42,2.91,99.38,Low
2026-02-02 02:25:00,F0023,66.26,3.47,19.3,Critical
2026-02-02 02:30:00,F0353,79.22,1.03,47.07,Healthy
2026-02-02 02:35:00,F0628,41.32,3.11,9.91,Low
2026-02-02 02:40:00,F0214,76.96,2.51,53.02,Healthy
2026-02-02 02:45:00,F0202,75.16,0.42,47.82,Healthy
2026-02-02 02:50:00,F0594,95.69,3.8,75.42,Healthy
2026-02-02 02:55:00,F0238,55.38,4.75,14.14,Healthy
2026-02-02 03:00:00,F0180,97.64,2.27,83.12,Low
2026-02-02 03:05:00,F0714,62.49,0.67,62.35,Low
2026-02-02 03:10:00,F0628,96.98,3.27,67.27,Healthy
2026-02-02 03:15:00,F0308,62.28,3.53,11.8,Low
2026-02-02 03:20:00,F0110,90.78,0.39,90.11,Critical
2026-02-02 03:25:00,F0097,66.19,2.42,15.57,Low
2026-02-02 03:30:00,F0085,63.19,1.91,43.46,Critical
2026-02-02 03:35:00,F0577,85.16,4.09,14.51,Critical
2026-02-02 03:40:00,F0395,99.26,4.97,98.14,Low
2026-02-02 03:45:00,F0223,76.12,3.3,68.0,Critical
2026-02-02 03:50:00,F0692,95.73,1.59,94.74,Healthy
2026-02-02 03:55:00,F0764,96.14,1.91,72.1,Low
2026-02-02 04:00:00,F0249,92.06,2.74,88.66,Low
2026-02-02 04:05:00,F0646,89.56,1.36,71.95,Low
2026-02-02 04:10:00,F0749,82.62,1.37,5.37,Healthy
2026-02-02 04:15:00,F0812,89.14,2.48,87.42,Healthy
2026-02-02 04:20:00,F0411,99.91,2.96,99.54,Healthy
2026-02-02 04:25:00,F0203,56.97,4.75,35.77,Healthy
2026-02-02 04:30:00,F0883,50.83,3.16,42.45,Critical
2026-02-02 04:35:00,F0252,89.12,3.44,63.37,Critical
2026-02-02 04:40:00,F0473,76.41,2.09,46.59,Critical
2026-02-02 04:45:00,F0901,86.35,4.45,48.74,Critical
2026-02-02 04:50:00,F0082,93.4,4.19,52.65,Healthy
2026-02-02 04:55:00,F0519,91.92,4.84,85.5,Low
2026-02-02 05:00:00,F0942,76.0,2.59,48.01,Critical
2026-02-02 05:05:00,F0722,48.96,1.61,8.35,Healthy
2026-02-02 05:10:00,F0391,98.27,4.36,59.68,Low
2026-02-02 05:15:00,F0325,26.46,3.8,18.26,Low
2026-02-02 05:20:00,F0019,25.95,3.4,22.04,Low
2026-02-02 05:25:00,F0472,89.79,0.57,2.02,Healthy
2026-02-02 05:30:00,F0287,90.28,0.85,56.68,Healthy
2026-02-02 05:35:00,F0949,79.87,1.39,78.67,Healthy
2026-02-02 05:40:00,F0299,95.56,2.3,42.23,Critical
2026-02-02 05:45:00,F0081,58.78,4.04,39.57,Critical
2026-02-02 05:50:00,F0082,25.94,1.2,20.95,Healthy
2026-02-02 05:55:00,F0379,94.25,3.65,88.23,Low
2026-02-02 06:00:00,F0833,93.05,1.28,44.29,Healthy
2026-02-02 06:05:00,F0734,85.56,3.53,47.71,Healthy
2026-02-02 06:10:00,F0196,99.07,3.53,98.71,Healthy
2026-02-02 06:15:00,F0029,94.45,2.36,90.52,Low
2026-02-02 06:20:00,F0723,99.99,0.23,99.89,Critical
2026-02-02 06:25:00,F0465,99.9,4.28,99.82,Healthy
2026-02-02 06:30:00,F0675,85.58,3.06,23.6,Healthy
2026-02-02 06:35:00,F0677,8.86,4.45,8.34,Low
2026-02-02 06:40:00,F0819,59.9,2.19,56.57,Critical
2026-02-02 06:45:00,F0973,94.83,0.96,61.66,Critical
2026-02-02 06:50:00,F0426,99.45,1.45,67.73,Healthy
2026-02-02 06:55:00,F0710,42.23,2.03,20.87,Critical
2026-02-02 07:00:00,F0666,52.45,2.13,42.64,Low
2026-02-02 07:05:00,F0350,89.44,4.88,85.52,Critical
2026-02-02 07:10:00,F0086,95.24,4.21,72.19,Healthy
2026-02-02 07:15:00,F0806,83.54,3.61,83.01,Healthy
2026-02-02 07:20:00,F0324,96.05,1.83,95.69,Critical
2026-02-02 07:25:00,F0967,32.76,0.54,24.24,Low
2026-02-02 07:30:00,F0833,98.53,4.57,61.12,Critical
2026-02-02 07:35:00,F0416,49.61,4.19,40.64,Critical
2026-02-02 07:40:00,F0281,93.48,4.03,78.05,Low
2026-02-02 07:45:00,F0868,99.81,3.11,99.67,Low
2026-02-02 07:50:00,F0386,91.89,2.61,25.67,Healthy
2026-02-02 07:55:00,F0174,88.89,1.88,31.68,Healthy
2026-02-02 08:00:00,F0397,83.23,4.35,30.96,Critical
2026-02-02 08:05:00,F0425,96.21,3.38,87.67,Healthy
2026-02-02 08:10:00,F0265,85.45,3.85,78.04,Healthy
2026-02-02 08:15:00,F0112,94.18,0.96,73.87,Healthy
2026-02-02 08:20:00,F0392,85.21,2.88,30.01,Healthy
2026-02-02 08:25:00,F0582,96.67,2.87,36.91,Low
2026-02-02 08:30:00,F0502,78.76,4.34,67.12,Healthy
2026-02-02 08:35:00,F0391,88.39,2.13,55.67,Low
2026-02-02 08:40:00,F0094,97.01,1.46,88.76,Low
2026-02-02 08:45:00,F0997,91.9,1.54,90.61,Low
2026-02-02 08:50:00,F0645,88.14,3.79,76.58,Healthy
2026-02-02 08:55:00,F0045,69.29,0.49,53.0,Healthy
2026-02-02 09:00:00,F0525,62.27,0.79,32.84,Critical
2026-02-02 09:05:00,F0523,51.85,3.9,41.51,Low
2026-02-02 09:10:00,F0301,93.21,4.75,87.78,Healthy
2026-02-02 09:15:00,F0518,67.47,2.17,25.48,Healthy
2026-02-02 09:20:00,F0456,94.85,4.4,29.48,Low
2026-02-02 09:25:00,F0046,88.2,0.58,65.95,Low
2026-02-02 09:30:00,F0369,63.72,4.53,53.49,Critical
2026-02-02 09:35:00,F0767,59.14,3.42,47.24,Critical
2026-02-02 09:40:00,F0700,94.4,2.08,78.68,Healthy
2026-02-02 09:45:00,F0086,62.83,0.78,31.29,Low
2026-02-02 09:50:00,F0083,45.39,4.02,3.78,Critical
2026-02-02 09:55:00,F0114,95.92,2.39,83.17,Critical
2026-02-02 10:00:00,F0460,74.4,4.43,74.26,Low
2026-02-02 10:05:00,F0377,68.04,1.06,55.36,Low
2026-02-02 10:10:00,F0944,79.63,0.69,45.66,Low
2026-02-02 10:15:00,F0135,70.38,0.42,48.22,Critical
2026-02-02 10:20:00,F0182,81.7,3.69,9.23,Critical
2026-02-02 10:25:00,F0266,96.74,1.64,75.97,Healthy
2026-02-02 10:30:00,F0114,79.77,3.25,1.07,Low
2026-02-02 10:35:00,F0638,78.57,4.77,15.84,Low
2026-02-02 10:40:00,F0475,97.85,1.14,53.47,Low
2026-02-02 10:45:00,F0591,89.77,0.46,78.51,Healthy
2026-02-02 10:50:00,F0599,45.7,3.9,17.06,Low
2026-02-02 10:55:00,F0792,92.86,3.5,80.81,Low
2026-02-02 11:00:00,F0553,99.55,4.27,59.09,Healthy
2026-02-02 11:05:00,F0774,24.08,3.42,9.06,Low
2026-02-02 11:10:00,F0099,84.14,0.49,79.76,Critical
2026-02-02 11:15:00,F0367,5.23,2.88,1.46,Low
2026-02-02 11:20:00,F0414,83.61,0.38,82.38,Critical
2026-02-02 11:25:00,F0736,71.21,0.43,16.84,Healthy
2026-02-02 11:30:00,F0346,65.93,1.29,45.77,Critical
2026-02-02 11:35:00,F0127,42.02,4.44,35.17,Low
2026-02-02 11:40:00,F0723,48.13,2.02,43.81,Low
2026-02-02 11:45:00,F0992,89.48,2.95,15.17,Low
2026-02-02 11:50:00,F0198,94.2,2.1,54.17,Low
2026-02-02 11:55:00,F0250,96.84,0.46,85.59,Low
2026-02-02 12:00:00,F0063,58.36,1.1,51.34,Critical
2026-02-02 12:05:00,F0048,38.32,1.77,14.82,Critical
2026-02-02 12:10:00,F0275,99.64,4.59,99.42,Healthy
2026-02-02 12:15:00,F0840,97.34,2.88,61.25,Healthy
2026-02-02 12:20:00,F0510,97.55,4.55,82.24,Healthy
2026-02-02 12:25:00,F0911,85.38,2.77,81.72,Low
2026-02-02 12:30:00,F0656,99.81,3.82,89.2,Healthy
2026-02-02 12:35:00,F0295,60.19,1.75,43.7,Healthy
2026-02-02 12:40:00,F0237,96.89,3.83,85.17,Healthy
2026-02-02 12:45:00,F0719,77.16,1.53,75.65,Low
2026-02-02 12:50:00,F0547,83.67,3.63,83.65,Critical
2026-02-02 12:55:00,F0040,84.71,4.77,69.63,Low
2026-02-02 13:00:00,F0482,77.06,4.34,27.59,Low
2026-02-02 13:05:00,F0905,73.01,0.23,62.38,Critical
2026-02-02 13:10:00,F0766,99.88,3.25,97.75,Critical
2026-02-02 13:15:00,F0130,90.53,0.48,82.14,Low
2026-02-02 13:20:00,F0467,71.0,2.97,65.49,Low
2026-02-02 13:25:00,F0703,40.15,0.75,26.29,Healthy
2026-02-02 13:30:00,F0875,35.45,3.23,32.06,Healthy
2026-02-02 13:35:00,F0938,99.48,2.82,89.5,Low
2026-02-02 13:40:00,F0521,93.48,2.51,32.84,Healthy
2026-02-02 13:45:00,F0392,68.27,1.06,54.19,Healthy
2026-02-02 13:50:00,F0456,89.43,2.61,51.05,Healthy
2026-02-02 13:55:00,F0711,35.31,1.27,34.45,Healthy
2026-02-02 14:00:00,F0379,97.42,1.93,96.21,Healthy
2026-02-02 14:05:00,F0083,34.04,1.78,11.71,Healthy
2026-02-02 14:10:00,F0780,89.53,2.85,80.1,Low
2026-02-02 14:15:00,F0887,21.9,1.93,1.35,Critical
2026-02-02 14:20:00,F0274,88.09,0.78,74.62,Healthy
2026-02-02 14:25:00,F0297,55.8,1.92,51.29,Healthy
2026-02-02 14:30:00,F0004,94.44,4.85,12.72,Low
2026-02-02 14:35:00,F0753,98.33,4.64,25.83,Low
2026-02-02 14:40:00,F0858,63.05,2.25,6.77,Healthy
2026-02-02 14:45:00,F0717,58.69,3.9,21.63,Critical
2026-02-02 14:50:00,F0915,62.55,3.92,14.54,Critical
2026-02-02 14:55:00,F0627,60.72,1.29,26.52,Healthy
2026-02-02 15:00:00,F0183,68.81,4.69,4.2,Healthy
2026-02-02 15:05:00,F0423,62.31,2.0,60.27,Healthy
2026-02-02 15:10:00,F0309,45.91,0.42,41.15,Healthy
2026-02-02 15:15:00,F0631,87.68,1.18,20.36,Healthy
2026-02-02 15:20:00,F0072,99.0,1.7,13.69,Critical
2026-02-02 15:25:00,F0891,67.21,2.27,22.18,Healthy
2026-02-02 15:30:00,F0695,67.41,1.2,43.07,Critical
2026-02-02 15:35:00,F0992,92.04,3.36,19.5,Low
2026-02-02 15:40:00,F0382,93.62,3.06,69.3,Low
2026-02-02 15:45:00,F0557,56.61,0.76,55.19,Critical
2026-02-02 15:50:00,F0719,51.93,0.72,31.96,Healthy
2026-02-02 15:55:00,F0459,81.25,4.66,78.98,Critical
2026-02-02 16:00:00,F0234,73.52,2.5,55.06,Healthy
2026-02-02 16:05:00,F0009,97.88,3.85,97.57,Low
2026-02-02 16:10:00,F0228,35.89,4.16,15.57,Critical
2026-02-02 16:15:00,F0678,63.34,3.23,51.81,Critical
2026-02-02 16:20:00,F0626,58.56,3.89,38.66,Critical
2026-02-02 16:25:00,F0006,71.83,0.94,71.37,Healthy
2026-02-02 16:30:00,F0939,96.34,1.38,77.82,Low
2026-02-02 16:35:00,F0042,95.05,2.26,92.89,Low
2026-02-02 16:40:00,F0476,90.9,2.07,65.23,Low
2026-02-02 16:45:00,F0437,69.56,2.63,47.66,Healthy
2026-02-02 16:50:00,F0498,53.37,0.34,41.33,Healthy
2026-02-02 16:55:00,F1000,89.41,4.25,52.99,Healthy
2026-02-02 17:00:00,F0472,23.57,4.44,20.12,Healthy
2026-02-02 17:05:00,F0174,61.99,4.03,9.34,Low
2026-02-02 17:10:00,F0371,83.25,0.44,46.41,Healthy
2026-02-02 17:15:00,F0004,58.96,4.63,52.36,Critical
2026-02-02 17:20:00,F0850,89.95,3.2,50.7,Low
2026-02-02 17:25:00,F0703,92.41,2.14,83.95,Healthy
2026-02-02 17:30:00,F0558,94.03,3.32,50.55,Critical
2026-02-02 17:35:00,F0921,86.21,0.27,38.72,Low
2026-02-02 17:40:00,F0065,98.65,2.62,85.35,Healthy
2026-02-02 17:45:00,F0168,85.97,0.43,48.63,Low
2026-02-02 17:50:00,F0516,48.45,3.43,17.19,Healthy
2026-02-02 17:55:00,F0612,81.38,3.93,42.23,Healthy
2026-02-02 18:00:00,F0625,71.82,1.57,15.68,Low
2026-02-02 18:05:00,F0043,99.48,2.33,99.34,Critical
2026-02-02 18:10:00,F0005,58.63,1.22,6.23,Critical
2026-02-02 18:15:00,F0265,94.78,4.28,54.61,Low
2026-02-02 18:20:00,F0046,95.88,4.93,90.83,Low
2026-02-02 18:25:00,F0427,91.71,2.76,89.74,Low
2026-02-02 18:30:00,F0754,75.02,4.61,53.92,Critical
2026-02-02 18:35:00,F0072,22.19,0.49,13.55,Critical
2026-02-02 18:40:00,F0433,99.76,3.5,99.58,Critical
2026-02-02 18:45:00,F0656,81.45,1.63,72.71,Critical
2026-02-02 18:50:00,F0228,96.33,2.49,88.41,Critical
2026-02-02 18:55:00,F0863,56.66,2.59,2.43,Critical
2026-02-02 19:00:00,F0658,93.88,2.72,21.16,Low
2026-02-02 19:05:00,F0130,83.5,4.24,70.6,Low
2026-02-02 19:10:00,F0024,87.48,4.4,73.5,Low
2026-02-02 19:15:00,F0328,99.85,0.59,99.3,Low
2026-02-02 19:20:00,F0752,64.85,3.26,54.05,Low
2026-02-02 19:25:00,F0997,85.49,0.57,20.03,Healthy
2026-02-02 19:30:00,F0141,90.25,3.41,84.07,Low
2026-02-02 19:35:00,F0259,98.21,3.09,48.05,Healthy
2026-02-02 19:40:00,F0163,98.07,0.73,19.64,Low
2026-02-02 19:45:00,F0885,49.83,4.07,22.6,Critical
2026-02-02 19:50:00,F0317,49.43,2.29,47.76,Healthy
2026-02-02 19:55:00,F0938,94.31,2.31,92.16,Low
2026-02-02 20:00:00,F0453,33.89,0.27,25.31,Low
2026-02-02 20:05:00,F0615,39.23,4.86,29.43,Critical
2026-02-02 20:10:00,F0438,79.36,2.65,69.8,Low
2026-02-02 20:15:00,F0875,75.79,1.72,63.11,Low
2026-02-02 20:20:00,F0412,81.99,1.8,14.97,Low
2026-02-02 20:25:00,F0475,67.57,1.06,17.45,Healthy
2026-02-02 20:30:00,F0278,54.36,3.65,13.53,Healthy
2026-02-02 20:35:00,F0793,61.16,0.31,43.35,Low
2026-02-02 20:40:00,F0947,49.68,2.68,10.42,Healthy
2026-02-02 20:45:00,F0243,78.99,3.42,55.71,Critical
2026-02-02 20:50:00,F0769,59.9,1.17,13.5,Critical
2026-02-02 20:55:00,F0903,69.49,0.86,52.47,Low
2026-02-02 21:00:00,F0577,66.62,2.6,42.32,Low
2026-02-02 21:05:00,F0370,89.98,4.92,89.34,Low
2026-02-02 21:10:00,F0573,72.07,1.49,37.29,Low
2026-02-02 21:15:00,F0313,26.41,3.33,20.08,Critical
2026-02-02 21:20:00,F0375,35.54,0.9,16.09,Healthy
2026-02-02 21:25:00,F0153,90.47,0.35,64.75,Low
2026-02-02 21:30:00,F0848,64.19,1.57,41.26,Healthy
2026-02-02 21:35:00,F0802,70.35,2.28,58.55,Healthy
2026-02-02 21:40:00,F0612,56.94,4.31,56.66,Healthy
2026-02-02 21:45:00,F0894,80.95,1.91,42.97,Low
2026-02-02 21:50:00,F0255,95.54,4.73,30.89,Healthy
2026-02-02 21:55:00,F0276,54.52,2.48,5.47,Low
2026-02-02 22:00:00,F0306,55.72,3.73,13.03,Critical
2026-02-02 22:05:00,F0663,69.22,4.06,69.09,Low
2026-02-02 22:10:00,F0691,45.93,3.63,18.09,Critical
2026-02-02 22:15:00,F0953,76.72,4.68,57.06,Healthy
2026-02-02 22:20:00,F0112,24.36,3.91,5.65,Low
2026-02-02 22:25:00,F0410,99.82,1.99,99.19,Critical
2026-02-02 22:30:00,F0643,93.73,0.42,88.66,Critical
2026-02-02 22:35:00,F0886,97.03,2.14,67.88,Healthy
2026-02-02 22:40:00,F0259,93.84,0.65,81.38,Healthy
2026-02-02 22:45:00,F0417,98.21,1.92,63.93,Low
2026-02-02 22:50:00,F0930,99.5,4.9,17.61,Low
2026-02-02 22:55:00,F0782,73.31,4.19,24.52,Critical
2026-02-02 23:00:00,F0703,66.65,0.87,41.39,Low
2026-02-02 23:05:00,F0512,24.16,1.74,6.09,Low
2026-02-02 23:10:00,F0422,69.87,1.46,67.19,Healthy
2026-02-02 23:15:00,F0361,64.01,2.0,15.7,Healthy
2026-02-02 23:20:00,F0551,98.7,4.92,71.7,Critical
2026-02-02 23:25:00,F0575,81.91,1.92,49.85,Low
2026-02-02 23:30:00,F0061,97.99,2.91,92.3,Low
2026-02-02 23:35:00,F0168,96.73,3.43,72.36,Critical
2026-02-02 23:40:00,F0234,78.1,4.23,73.78,Healthy
2026-02-02 23:45:00,F0281,98.52,0.68,80.58,Critical
2026-02-02 23:50:00,F0990,42.02,4.57,23.1,Healthy
2026-02-02 23:55:00,F0302,88.29,2.58,60.31,Critical
2026-02-03 00:00:00,F0999,94.94,1.29,77.45,Healthy
2026-02-03 00:05:00,F0538,86.94,1.68,59.31,Low
2026-02-03 00:10:00,F0750,98.43,4.59,94.87,Low
2026-02-03 00:15:00,F0920,99.96,0.46,87.82,Low
2026-02-03 00:20:00,F0783,97.93,0.82,94.31,Low
2026-02-03 00:25:00,F0806,85.43,4.58,71.94,Critical
2026-02-03 00:30:00,F0106,95.6,1.21,80.55,Critical
2026-02-03 00:35:00,F0812,92.37,2.17,79.51,Critical
2026-02-03 00:40:00,F0453,94.77,0.3,87.03,Critical
2026-02-03 00:45:00,F0170,72.63,4.92,29.16,Critical
2026-02-03 00:50:00,F0135,84.35,0.52,56.99,Healthy
2026-02-03 00:55:00,F0358,43.84,0.81,12.87,Critical
2026-02-03 01:00:00,F0888,98.28,3.92,46.98,Healthy
2026-02-03 01:05:00,F0659,28.55,3.04,28.42,Low
2026-02-03 01:10:00,F0786,51.66,2.95,46.96,Critical
2026-02-03 01:15:00,F0360,91.75,1.3,74.34,Low
2026-02-03 01:20:00,F0790,44.61,0.76,35.03,Healthy
2026-02-03 01:25:00,F0734,48.31,4.61,28.68,Low
2026-02-03 01:30:00,F0874,69.8,2.67,69.18,Critical
2026-02-03 01:35:00,F0337,40.4,4.71,21.65,Critical
2026-02-03 01:40:00,F0553,97.64,1.35,64.85,Critical
2026-02-03 01:45:00,F0635,96.9,4.6,78.34,Healthy
2026-02-03 01:50:00,F0853,92.04,1.2,74.24,Healthy
2026-02-03 01:55:00,F0814,69.38,0.98,15.6,Healthy
2026-02-03 02:00:00,F0996,30.69,1.68,18.25,Critical
2026-02-03 02:05:00,F0508,63.93,1.73,51.09,Critical
2026-02-03 02:10:00,F0995,73.5,1.24,50.52,Low
2026-02-03 02:15:00,F0455,86.32,0.48,5.18,Healthy
2026-02-03 02:20:00,F0654,89.47,4.75,62.17,Low
2026-02-03 02:25:00,F0455,94.72,2.05,93.26,Low
2026-02-03 02:30:00,F0782,71.83,1.43,17.93,Healthy
2026-02-03 02:35:00,F0981,26.3,1.81,13.0,Low
2026-02-03 02:40:00,F0042,89.72,0.45,60.64,Low
2026-02-03 02:45:00,F0657,87.47,4.99,51.34,Healthy
2026-02-03 02:50:00,F0680,71.98,4.64,44.09,Low
2026-02-03 02:55:00,F0604,32.28,4.86,16.31,Critical
2026-02-03 03:00:00,F0825,65.45,4.2,43.47,Healthy
2026-02-03 03:05:00,F0111,86.32,1.64,81.08,Critical
2026-02-03 03:10:00,F0520,84.99,2.82,80.65,Low
2026-02-03 03:15:00,F0540,76.38,3.65,45.24,Healthy
2026-02-03 03:20:00,F0104,76.27,0.9,39.98,Low
2026-02-03 03:25:00,F0741,86.54,1.89,80.33,Critical
2026-02-03 03:30:00,F0873,50.87,2.51,31.37,Critical
2026-02-03 03:35:00,F0370,99.29,4.97,83.12,Critical
2026-02-03 03:40:00,F0073,97.41,1.27,33.15,Critical
2026-02-03 03:45:00,F0813,57.22,4.72,44.6,Critical
2026-02-03 03:50:00,F0919,60.27,1.63,21.32,Low
2026-02-03 03:55:00,F0098,93.07,3.16,87.99,Low
2026-02-03 04:00:00,F0822,46.79,3.23,37.95,Healthy
2026-02-03 04:05:00,F0542,83.58,3.97,80.18,Low
2026-02-03 04:10:00,F0910,69.75,3.13,30.77,Critical
2026-02-03 04:15:00,F0058,95.97,3.83,67.03,Healthy
2026-02-03 04:20:00,F0233,96.26,3.26,35.1,Critical
2026-02-03 04:25:00,F0432,96.41,0.46,89.75,Healthy
2026-02-03 04:30:00,F0221,39.49,3.56,9.56,Low
2026-02-03 04:35:00,F0175,93.36,2.04,83.47,Critical
2026-02-03 04:40:00,F0701,95.87,3.24,55.63,Healthy
2026-02-03 04:45:00,F0692,85.39,4.64,70.89,Low
2026-02-03 04:50:00,F0693,97.99,1.06,77.47,Critical
2026-02-03 04:55:00,F0903,51.59,1.13,47.57,Low
2026-02-03 05:00:00,F0552,82.7,1.45,16.35,Low
2026-02-03 05:05:00,F0457,51.89,3.35,13.4,Critical
2026-02-03 05:10:00,F0307,88.79,0.67,19.28,Low
2026-02-03 05:15:00,F0118,92.49,1.48,65.41,Critical
2026-02-03 05:20:00,F0993,78.58,2.0,70.65,Critical
2026-02-03 05:25:00,F0394,89.91,4.87,57.47,Healthy
2026-02-03 05:30:00,F0007,83.59,3.41,63.3,Critical
2026-02-03 05:35:00,F0505,95.53,3.64,94.79,Low
2026-02-03 05:40:00,F0875,96.21,0.56,94.13,Healthy
2026-02-03 05:45:00,F0663,77.66,2.19,66.58,Low
2026-02-03 05:50:00,F0160,90.18,3.43,5.88,Low
2026-02-03 05:55:00,F0961,80.89,4.56,8.87,Healthy
2026-02-03 06:00:00,F0020,50.19,2.75,8.96,Low
2026-02-03 06:05:00,F0760,53.43,0.71,35.51,Low
2026-02-03 06:10:00,F0418,45.95,4.77,41.43,Low
2026-02-03 06:15:00,F0992,94.46,3.49,72.82,Healthy
2026-02-03 06:20:00,F0279,79.56,0.46,71.99,Healthy
2026-02-03 06:25:00,F0670,81.16,0.2,76.87,Low
2026-02-03 06:30:00,F0380,54.22,2.02,34.22,Low
2026-02-03 06:35:00,F0405,97.47,4.26,84.42,Low
2026-02-03 06:40:00,F0603,93.02,4.44,74.6,Critical
2026-02-03 06:45:00,F0061,52.04,4.88,47.66,Low
2026-02-03 06:50:00,F0812,61.53,2.69,0.27,Critical
2026-02-03 06:55:00,F0305,67.09,1.37,15.19,Low
2026-02-03 07:00:00,F0497,83.51,1.09,76.08,Critical
2026-02-03 07:05:00,F0385,11.88,2.21,2.34,Low
2026-02-03 07:10:00,F0857,58.12,4.22,22.03,Healthy
2026-02-03 07:15:00,F0169,91.44,3.92,32.2,Critical
2026-02-03 07:20:00,F0072,88.27,4.76,59.64,Critical
2026-02-03 07:25:00,F0064,95.41,2.21,89.1,Critical
2026-02-03 07:30:00,F0058,87.23,2.01,80.31,Low
2026-02-03 07:35:00,F0125,49.52,4.24,11.16,Low
2026-02-03 07:40:00,F0471,93.95,1.26,60.39,Healthy
2026-02-03 07:45:00,F0472,41.08,0.48,33.17,Critical
2026-02-03 07:50:00,F0454,94.89,3.27,83.99,Critical
2026-02-03 07:55:00,F0292,76.91,1.17,43.07,Low
2026-02-03 08:00:00,F0690,78.95,2.93,44.32,Healthy
2026-02-03 08:05:00,F0071,73.88,1.5,54.95,Healthy
2026-02-03 08:10:00,F0019,58.44,4.34,14.96,Critical
2026-02-03 08:15:00,F0730,84.04,2.55,66.95,Low
2026-02-03 08:20:00,F0517,73.08,2.9,45.23,Healthy
2026-02-03 08:25:00,F0413,51.51,1.24,25.6,Critical
2026-02-03 08:30:00,F0182,85.25,2.78,74.08,Low
2026-02-03 08:35:00,F0713,98.9,4.62,98.65,Healthy
2026-02-03 08:40:00,F0731,4.75,3.94,1.22,Low
2026-02-03 08:45:00,F0341,52.13,1.76,6.48,Critical
2026-02-03 08:50:00,F0200,99.77,0.28,98.8,Healthy
2026-02-03 08:55:00,F0090,83.19,4.32,38.46,Healthy
2026-02-03 09:00:00,F0535,96.12,2.03,83.53,Healthy
2026-02-03 09:05:00,F0187,93.23,2.77,27.7,Low
2026-02-03 09:10:00,F0658,98.47,2.15,75.23,Healthy
2026-02-03 09:15:00,F0334,79.17,2.36,64.07,Healthy
2026-02-03 09:20:00,F0830,64.04,3.42,56.79,Healthy
2026-02-03 09:25:00,F0655,85.41,1.99,66.07,Healthy
2026-02-03 09:30:00,F0121,89.19,2.79,46.92,Critical
2026-02-03 09:35:00,F0745,84.78,0.5,82.97,Healthy
2026-02-03 09:40:00,F0024,87.79,2.03,70.92,Healthy
2026-02-03 09:45:00,F0443,31.07,2.31,27.58,Critical
2026-02-03 09:50:00,F0356,34.7,3.07,30.53,Critical
2026-02-03 09:55:00,F0779,82.45,0.51,80.54,Healthy
2026-02-03 10:00:00,F0579,80.6,4.56,61.62,Healthy
2026-02-03 10:05:00,F0638,100.0,3.58,99.97,Critical
2026-02-03 10:10:00,F0056,60.96,3.99,16.05,Healthy
2026-02-03 10:15:00,F0695,78.39,4.25,62.36,Healthy
2026-02-03 10:20:00,F0914,82.84,4.17,64.05,Low
2026-02-03 10:25:00,F0437,92.84,0.59,30.83,Critical
2026-02-03 10:30:00,F0702,85.28,0.69,38.87,Healthy
2026-02-03 10:35:00,F0420,99.51,1.54,83.53,Low
2026-02-03 10:40:00,F0532,37.53,4.85,5.02,Critical
2026-02-03 10:45:00,F0695,98.47,2.86,97.87,Healthy
2026-02-03 10:50:00,F0701,61.59,3.31,25.49,Critical
2026-02-03 10:55:00,F0292,98.71,1.75,97.5,Healthy
2026-02-03 11:00:00,F0067,11.42,0.48,3.35,Critical
2026-02-03 11:05:00,F0356,80.61,4.35,78.64,Critical
2026-02-03 11:10:00,F0703,89.98,2.29,55.84,Low
2026-02-03 11:15:00,F0271,79.3,3.24,61.08,Critical
2026-02-03 11:20:00,F0864,98.35,3.13,95.97,Low
2026-02-03 11:25:00,F0372,88.85,4.67,86.38,Healthy
2026-02-03 11:30:00,F0882,60.31,0.38,59.91,Low
2026-02-03 11:35:00,F0138,71.04,1.46,23.24,Healthy
2026-02-03 11:40:00,F0485,83.15,3.81,44.31,Healthy
2026-02-03 11:45:00,F0170,92.99,2.97,53.15,Low
2026-02-03 11:50:00,F0370,83.15,1.33,50.62,Critical
2026-02-03 11:55:00,F0552,54.58,1.15,37.07,Healthy
2026-02-03 12:00:00,F0124,9.52,2.71,9.14,Low
2026-02-03 12:05:00,F0284,79.07,1.83,64.8,Healthy
2026-02-03 12:10:00,F0216,99.15,1.98,67.22,Critical
2026-02-03 12:15:00,F0826,99.21,4.49,54.57,Healthy
2026-02-03 12:20:00,F0015,55.37,4.69,15.71,Critical
2026-02-03 12:25:00,F0474,81.67,3.13,75.81,Low
2026-02-03 12:30:00,F0735,91.26,4.12,89.72,Healthy
2026-02-03 12:35:00,F0099,74.3,1.33,14.72,Critical
2026-02-03 12:40:00,F0811,79.49,1.88,20.45,Critical
2026-02-03 12:45:00,F0565,93.57,1.76,88.58,Healthy
2026-02-03 12:50:00,F0013,68.11,4.46,49.08,Low
2026-02-03 12:55:00,F0334,80.41,4.31,70.95,Critical
2026-02-03 13:00:00,F0531,66.85,5.0,52.32,Healthy
2026-02-03 13:05:00,F0696,79.72,1.6,61.31,Critical
2026-02-03 13:10:00,F0356,46.64,2.02,15.92,Critical
2026-02-03 13:15:00,F0751,54.66,1.06,44.07,Critical
2026-02-03 13:20:00,F0162,93.24,3.88,45.18,Critical
2026-02-03 13:25:00,F0742,98.26,4.37,63.98,Healthy
2026-02-03 13:30:00,F0552,60.8,2.71,38.05,Healthy
2026-02-03 13:35:00,F0208,85.13,0.85,82.64,Critical
2026-02-03 13:40:00,F0383,99.79,4.87,66.44,Healthy
2026-02-03 13:45:00,F0652,85.96,1.98,6.35,Low
2026-02-03 13:50:00,F0308,80.16,4.94,74.73,Healthy
2026-02-03 13:55:00,F0455,98.93,4.4,82.94,Low
2026-02-03 14:00:00,F0558,98.88,3.83,92.49,Critical
2026-02-03 14:05:00,F0092,91.99,2.22,69.66,Healthy
2026-02-03 14:10:00,F0484,99.47,4.94,98.72,Healthy
2026-02-03 14:15:00,F0870,85.29,4.34,52.5,Low
2026-02-03 14:20:00,F0564,95.12,1.08,24.82,Critical
2026-02-03 14:25:00,F0671,99.89,4.03,99.63,Healthy
2026-02-03 14:30:00,F0848,99.06,4.37,98.45,Low
2026-02-03 14:35:00,F0778,91.52,3.79,45.29,Critical
2026-02-03 14:40:00,F0296,62.52,3.85,48.67,Low
2026-02-03 14:45:00,F0159,93.51,3.21,11.38,Healthy
2026-02-03 14:50:00,F0211,89.57,2.8,15.32,Low
2026-02-03 14:55:00,F0820,92.61,4.19,77.16,Healthy
2026-02-03 15:00:00,F0215,74.74,3.5,58.81,Critical
2026-02-03 15:05:00,F0966,69.61,0.56,5.69,Low
2026-02-03 15:10:00,F0817,58.94,3.7,4.44,Critical
2026-02-03 15:15:00,F0038,47.35,3.07,20.24,Low
2026-02-03 15:20:00,F0156,83.54,2.74,65.8,Critical
2026-02-03 15:25:00,F0529,97.8,2.03,14.09,Critical
2026-02-03 15:30:00,F0520,49.32,1.67,37.77,Low
2026-02-03 15:35:00,F0059,73.27,4.02,70.11,Healthy
2026-02-03 15:40:00,F0386,42.87,1.12,42.15,Critical
2026-02-03 15:45:00,F0935,83.7,4.78,33.31,Healthy
2026-02-03 15:50:00,F0629,71.36,0.37,31.6,Low
2026-02-03 15:55:00,F0542,22.91,1.23,7.33,Critical
2026-02-03 16:00:00,F0694,93.17,3.44,61.45,Critical
2026-02-03 16:05:00,F0393,94.69,3.85,88.96,Healthy
2026-02-03 16:10:00,F0472,95.06,0.64,52.53,Healthy
2026-02-03 16:15:00,F0210,93.83,3.77,28.23,Critical
2026-02-03 16:20:00,F0524,98.39,1.37,40.03,Healthy
2026-02-03 16:25:00,F0518,78.25,1.8,50.76,Low
2026-02-03 16:30:00,F0853,41.58,3.9,26.11,Low
2026-02-03 16:35:00,F0442,30.61,0.74,13.43,Critical
2026-02-03 16:40:00,F0218,95.77,4.97,71.08,Critical
2026-02-03 16:45:00,F0733,98.75,1.27,78.13,Critical
2026-02-03 16:50:00,F0312,12.66,4.63,7.59,Healthy
2026-02-03 16:55:00,F0790,62.98,1.63,51.25,Critical
2026-02-03 17:00:00,F0982,99.15,2.94,98.34,Low
2026-02-03 17:05:00,F0569,59.87,3.98,51.26,Healthy
2026-02-03 17:10:00,F0539,58.53,4.81,55.61,Critical
2026-02-03 17:15:00,F0731,78.81,2.42,47.25,Critical
2026-02-03 17:20:00,F0396,90.81,0.7,89.07,Low
2026-02-03 17:25:00,F0223,76.68,2.32,61.91,Healthy
2026-02-03 17:30:00,F0502,24.66,1.22,13.11,Critical
2026-02-03 17:35:00,F0182,12.83,3.98,11.33,Critical
2026-02-03 17:40:00,F0539,89.12,0.87,24.45,Critical
2026-02-03 17:45:00,F0626,79.05,4.39,55.14,Healthy
2026-02-03 17:50:00,F0120,86.05,1.25,2.42,Low
2026-02-03 17:55:00,F0406,45.39,4.35,34.41,Healthy
2026-02-03 18:00:00,F0353,55.75,2.92,55.32,Healthy
2026-02-03 18:05:00,F0846,97.61,0.4,9.69,Healthy
2026-02-03 18:10:00,F0332,55.74,3.36,45.97,Healthy
2026-02-03 18:15:00,F0200,35.71,4.36,22.55,Critical
2026-02-03 18:20:00,F0978,88.27,0.56,65.23,Healthy
2026-02-03 18:25:00,F0574,71.4,4.28,17.66,Healthy
2026-02-03 18:30:00,F0938,84.5,1.7,83.25,Low
2026-02-03 18:35:00,F0242,91.76,2.06,38.82,Low
2026-02-03 18:40:00,F0503,17.36,2.43,3.59,Healthy
2026-02-03 18:45:00,F0713,38.75,3.77,3.63,Critical
2026-02-03 18:50:00,F0863,75.74,2.85,57.14,Healthy
2026-02-03 18:55:00,F0247,79.87,4.46,68.99,Healthy
2026-02-03 19:00:00,F0192,61.89,0.74,36.24,Low
2026-02-03 19:05:00,F0864,16.3,4.88,13.2,Critical
2026-02-03 19:10:00,F0037,62.54,4.7,27.21,Low
2026-02-03 19:15:00,F0103,98.25,4.09,66.55,Healthy
2026-02-03 19:20:00,F0454,68.2,0.8,22.13,Healthy
2026-02-03 19:25:00,F0960,60.93,4.35,5.51,Healthy
2026-02-03 19:30:00,F0654,51.2,0.2,29.34,Healthy
2026-02-03 19:35:00,F0346,61.58,3.23,33.8,Healthy
2026-02-03 19:40:00,F0231,84.38,0.44,23.65,Critical
2026-02-03 19:45:00,F0285,98.74,4.79,98.03,Healthy
2026-02-03 19:50:00,F0517,47.05,0.69,22.13,Healthy
2026-02-03 19:55:00,F0105,86.69,0.33,70.26,Low
2026-02-03 20:00:00,F0095,45.11,2.01,14.16,Critical
2026-02-03 20:05:00,F0275,75.74,2.69,31.01,Low
2026-02-03 20:10:00,F0231,86.08,4.83,36.27,Critical
2026-02-03 20:15:00,F0889,98.91,3.24,25.57,Low
2026-02-03 20:20:00,F0298,86.23,3.44,51.09,Low
2026-02-03 20:25:00,F0101,88.28,1.58,86.03,Critical
2026-02-03 20:30:00,F0144,64.03,3.3,10.56,Healthy
2026-02-03 20:35:00,F0108,98.13,0.66,16.92,Critical
2026-02-03 20:40:00,F0762,52.56,4.67,52.23,Healthy
2026-02-03 20:45:00,F0358,91.94,0.74,84.31,Healthy
2026-02-03 20:50:00,F0761,95.6,1.85,45.64,Critical
2026-02-03 20:55:00,F0485,99.28,2.07,92.5,Critical
2026-02-03 21:00:00,F0907,61.34,0.3,35.43,Low
2026-02-03 21:05:00,F0930,88.5,3.38,64.75,Critical
2026-02-03 21:10:00,F0619,70.05,1.56,62.73,Critical
2026-02-03 21:15:00,F0892,93.16,2.24,43.13,Critical
2026-02-03 21:20:00,F0980,77.86,3.84,55.81,Healthy
2026-02-03 21:25:00,F0994,26.47,4.46,1.02,Critical
2026-02-03 21:30:00,F0233,97.97,0.59,97.91,Low
2026-02-03 21:35:00,F0386,84.47,1.83,78.3,Low
2026-02-03 21:40:00,F0987,21.84,1.6,8.84,Critical
2026-02-03 21:45:00,F0597,95.62,2.45,86.05,Low
2026-02-03 21:50:00,F0304,94.17,1.82,93.77,Low
2026-02-03 21:55:00,F0985,98.2,1.9,58.05,Healthy
2026-02-03 22:00:00,F0437,90.28,3.22,4.97,Critical
2026-02-03 22:05:00,F0323,66.44,1.66,58.27,Low
2026-02-03 22:10:00,F0705,98.33,1.42,91.13,Healthy
2026-02-03 22:15:00,F0039,84.93,1.18,59.35,Critical
2026-02-03 22:20:00,F0332,18.03,2.7,2.48,Healthy
2026-02-03 22:25:00,F0681,89.7,0.76,64.5,Low
2026-02-03 22:30:00,F0007,55.25,0.92,44.2,Low
2026-02-03 22:35:00,F0014,84.81,2.56,29.56,Healthy
2026-02-03 22:40:00,F0938,44.05,1.02,17.35,Healthy
2026-02-03 22:45:00,F0096,74.71,0.59,66.07,Low
2026-02-03 22:50:00,F0930,73.73,4.97,42.13,Critical
2026-02-03 22:55:00,F0273,66.78,4.65,34.64,Critical
2026-02-03 23:00:00,F0460,97.82,2.06,3.16,Critical
2026-02-03 23:05:00,F0169,29.47,3.9,3.62,Critical
2026-02-03 23:10:00,F0774,29.46,1.1,11.36,Critical
2026-02-03 23:15:00,F0027,97.53,3.17,74.29,Critical
2026-02-03 23:20:00,F1000,70.87,3.01,16.36,Low
2026-02-03 23:25:00,F0801,89.37,0.72,43.41,Low
2026-02-03 23:30:00,F0966,57.72,1.53,28.49,Low
2026-02-03 23:35:00,F0392,88.56,2.42,37.6,Healthy
2026-02-03 23:40:00,F0362,50.59,0.43,33.09,Healthy
2026-02-03 23:45:00,F0907,96.6,0.57,74.47,Low
2026-02-03 23:50:00,F0595,97.36,4.92,24.78,Critical
2026-02-03 23:55:00,F0595,16.84,2.45,15.52,Critical
2026-02-04 00:00:00,F0148,89.8,2.67,88.41,Critical
2026-02-04 00:05:00,F0257,89.03,1.81,34.44,Healthy
2026-02-04 00:10:00,F0342,68.06,4.32,52.87,Healthy
2026-02-04 00:15:00,F0890,92.63,1.09,1.12,Critical
2026-02-04 00:20:00,F0121,92.34,2.17,54.15,Critical
2026-02-04 00:25:00,F0811,96.18,0.79,76.26,Critical
2026-02-04 00:30:00,F0211,54.67,1.87,3.53,Critical
2026-02-04 00:35:00,F0347,96.58,4.43,77.14,Healthy
2026-02-04 00:40:00,F0016,23.11,2.28,1.51,Critical
2026-02-04 00:45:00,F0576,68.82,1.28,67.07,Critical
2026-02-04 00:50:00,F0487,59.56,0.7,28.95,Low
2026-02-04 00:55:00,F0892,93.67,3.04,79.17,Healthy
2026-02-04 01:00:00,F0337,88.89,3.3,58.17,Healthy
2026-02-04 01:05:00,F0036,93.45,4.43,84.46,Critical
2026-02-04 01:10:00,F0778,98.16,2.53,35.4,Low
2026-02-04 01:15:00,F0447,36.43,3.59,34.83,Critical
2026-02-04 01:20:00,F0254,99.38,4.97,94.37,Critical
2026-02-04 01:25:00,F0659,56.76,2.28,45.46,Low
2026-02-04 01:30:00,F0326,94.4,3.9,24.57,Critical
2026-02-04 01:35:00,F0323,88.55,2.18,80.1,Critical
2026-02-04 01:40:00,F0185,96.27,3.2,91.47,Critical
2026-02-04 01:45:00,F0172,69.02,0.99,40.89,Low
2026-02-04 01:50:00,F0693,95.0,2.55,94.78,Critical
2026-02-04 01:55:00,F0335,99.55,2.94,61.58,Low
2026-02-04 02:00:00,F0112,88.45,1.74,40.55,Low
2026-02-04 02:05:00,F0915,24.21,1.32,6.29,Low
2026-02-04 02:10:00,F0973,53.63,3.33,39.72,Critical
2026-02-04 02:15:00,F0561,95.84,2.33,78.02,Healthy
2026-02-04 02:20:00,F0363,65.29,3.79,64.09,Critical
2026-02-04 02:25:00,F0008,80.28,3.0,62.73,Healthy
2026-02-04 02:30:00,F0768,75.66,1.09,68.07,Healthy
2026-02-04 02:35:00,F0256,56.15,3.7,44.14,Critical
2026-02-04 02:40:00,F0270,11.71,1.25,4.53,Healthy
2026-02-04 02:45:00,F0494,89.98,1.1,28.72,Critical
2026-02-04 02:50:00,F0424,61.38,2.3,11.93,Healthy
2026-02-04 02:55:00,F0391,33.36,3.75,6.54,Healthy
2026-02-04 03:00:00,F0494,47.48,1.18,2.52,Healthy
2026-02-04 03:05:00,F0988,80.79,1.7,73.3,Low
2026-02-04 03:10:00,F0313,96.02,4.01,93.17,Low
2026-02-04 03:15:00,F0101,90.89,4.95,90.27,Low
2026-02-04 03:20:00,F0413,59.79,1.77,51.19,Healthy
2026-02-04 03:25:00,F0890,48.07,3.69,47.34,Critical
2026-02-04 03:30:00,F0200,62.94,3.1,52.27,Healthy
2026-02-04 03:35:00,F0520,44.49,2.83,12.46,Critical
2026-02-04 03:40:00,F0444,99.71,0.7,99.54,Healthy
2026-02-04 03:45:00,F0812,94.71,4.85,51.91,Low
2026-02-04 03:50:00,F0770,96.1,2.64,89.71,Critical
2026-02-04 03:55:00,F0733,47.98,1.56,12.99,Healthy
2026-02-04 04:00:00,F0479,74.77,3.95,55.57,Healthy
2026-02-04 04:05:00,F0832,94.65,2.01,26.23,Critical
2026-02-04 04:10:00,F0207,69.29,3.87,45.75,Healthy
2026-02-04 04:15:00,F0088,33.11,1.14,26.19,Healthy
2026-02-04 04:20:00,F0756,53.46,0.84,45.14,Healthy
2026-02-04 04:25:00,F0007,66.67,4.98,52.01,Critical
2026-02-04 04:30:00,F0807,72.42,3.93,22.92,Critical
2026-02-04 04:35:00,F0412,73.4,2.92,22.99,Low
2026-02-04 04:40:00,F0489,58.44,1.42,49.01,Healthy
2026-02-04 04:45:00,F0099,80.46,4.87,56.09,Healthy
2026-02-04 04:50:00,F0135,93.59,4.64,87.78,Critical
2026-02-04 04:55:00,F0572,74.47,2.54,16.14,Healthy
2026-02-04 05:00:00,F0675,95.5,1.95,55.83,Critical
2026-02-04 05:05:00,F0035,62.12,3.5,18.54,Healthy
2026-02-04 05:10:00,F0053,14.62,2.11,8.84,Critical
2026-02-04 05:15:00,F0744,29.38,2.62,23.85,Low
2026-02-04 05:20:00,F0524,76.24,2.38,75.92,Low
2026-02-04 05:25:00,F0424,63.56,4.97,30.98,Critical
2026-02-04 05:30:00,F0347,70.8,2.75,68.57,Critical
2026-02-04 05:35:00,F0550,43.51,3.02,3.03,Healthy
2026-02-04 05:40:00,F0625,37.47,2.65,17.36,Critical
2026-02-04 05:45:00,F0650,47.75,3.31,22.14,Critical
2026-02-04 05:50:00,F0570,26.82,3.83,22.33,Healthy
2026-02-04 05:55:00,F0662,99.27,4.01,96.55,Critical
2026-02-04 06:00:00,F0608,41.12,2.24,9.64,Low
2026-02-04 06:05:00,F0747,69.05,3.92,24.51,Healthy
2026-02-04 06:10:00,F0450,37.5,4.84,24.3,Healthy
2026-02-04 06:15:00,F0881,78.46,4.11,63.23,Critical
2026-02-04 06:20:00,F0852,89.88,2.27,8.55,Healthy
2026-02-04 06:25:00,F0511,76.55,0.45,23.12,Critical
2026-02-04 06:30:00,F0504,30.06,3.46,2.94,Healthy
2026-02-04 06:35:00,F0870,99.99,1.53,99.5,Healthy
2026-02-04 06:40:00,F0449,67.34,4.98,56.14,Healthy
2026-02-04 06:45:00,F0576,99.32,4.46,99.19,Healthy
2026-02-04 06:50:00,F0315,89.04,0.82,75.73,Critical
2026-02-04 06:55:00,F0558,87.69,1.09,32.97,Critical
2026-02-04 07:00:00,F0949,97.69,2.24,97.52,Healthy
2026-02-04 07:05:00,F0993,89.21,0.82,80.3,Low
2026-02-04 07:10:00,F0626,76.42,2.2,2.53,Critical
2026-02-04 07:15:00,F0418,90.78,3.27,68.66,Critical
2026-02-04 07:20:00,F0792,75.29,2.99,56.9,Low
2026-02-04 07:25:00,F0258,71.22,3.55,29.18,Critical
2026-02-04 07:30:00,F0726,53.52,4.46,21.93,Healthy
2026-02-04 07:35:00,F0381,94.62,2.48,67.55,Low
2026-02-04 07:40:00,F0363,89.21,4.55,78.11,Healthy
2026-02-04 07:45:00,F0911,81.23,2.37,34.27,Critical
2026-02-04 07:50:00,F0988,75.09,0.86,36.22,Low
2026-02-04 07:55:00,F0698,77.02,2.19,50.51,Critical
2026-02-04 08:00:00,F0555,93.77,1.12,91.2,Critical
2026-02-04 08:05:00,F0387,96.35,1.11,90.4,Healthy
2026-02-04 08:10:00,F0187,51.49,1.49,28.2,Low
2026-02-04 08:15:00,F0160,93.98,2.07,83.26,Healthy
2026-02-04 08:20:00,F0341,98.85,4.1,98.61,Critical
2026-02-04 08:25:00,F0778,96.14,4.58,55.54,Healthy
2026-02-04 08:30:00,F0421,84.45,4.82,72.33,Healthy
2026-02-04 08:35:00,F0855,76.47,3.03,76.41,Critical
2026-02-04 08:40:00,F0220,99.3,3.69,99.28,Low
2026-02-04 08:45:00,F0914,58.09,3.2,25.55,Critical
2026-02-04 08:50:00,F0327,96.11,2.66,93.78,Healthy
2026-02-04 08:55:00,F0630,85.54,2.18,1.52,Critical
2026-02-04 09:00:00,F0869,92.83,4.91,46.25,Critical
2026-02-04 09:05:00,F0695,94.69,1.19,74.63,Healthy
2026-02-04 09:10:00,F0693,25.96,3.19,23.49,Low
2026-02-04 09:15:00,F0924,83.17,3.02,79.43,Healthy
2026-02-04 09:20:00,F0374,41.48,4.71,6.6,Low
2026-02-04 09:25:00,F0650,57.66,1.65,31.93,Healthy
2026-02-04 09:30:00,F0683,86.01,4.87,55.52,Low
2026-02-04 09:35:00,F0404,92.87,3.82,66.96,Healthy
2026-02-04 09:40:00,F0216,91.19,1.82,87.14,Critical
2026-02-04 09:45:00,F0119,95.42,3.86,71.71,Healthy
2026-02-04 09:50:00,F0442,58.45,0.23,57.22,Low
2026-02-04 09:55:00,F0691,99.55,2.16,82.8,Healthy
2026-02-04 10:00:00,F0388,68.7,1.13,66.0,Low
2026-02-04 10:05:00,F0711,30.8,3.53,2.08,Low
2026-02-04 10:10:00,F0523,74.43,2.42,37.66,Healthy
2026-02-04 10:15:00,F0900,78.13,1.3,29.34,Low
2026-02-04 10:20:00,F0341,91.05,4.88,86.68,Low
2026-02-04 10:25:00,F0196,54.63,3.97,26.29,Low
2026-02-04 10:30:00,F0200,77.96,1.07,77.48,Healthy
2026-02-04 10:35:00,F0318,97.59,2.82,87.11,Critical
2026-02-04 10:40:00,F0387,87.83,4.77,70.44,Critical
2026-02-04 10:45:00,F0744,86.22,3.58,5.02,Critical
2026-02-04 10:50:00,F0570,39.86,2.44,11.53,Healthy
2026-02-04 10:55:00,F0430,30.24,1.59,28.84,Healthy
2026-02-04 11:00:00,F0108,95.39,2.73,93.77,Healthy
2026-02-04 11:05:00,F0901,98.17,2.07,80.2,Healthy
2026-02-04 11:10:00,F0162,98.21,3.14,86.66,Critical
2026-02-04 11:15:00,F0616,96.89,3.12,74.24,Critical
2026-02-04 11:20:00,F0072,98.24,1.61,68.78,Critical
2026-02-04 11:25:00,F0871,39.31,4.0,16.33,Critical
2026-02-04 11:30:00,F0611,73.39,4.19,32.35,Healthy
2026-02-04 11:35:00,F0397,94.72,2.48,91.97,Critical
2026-02-04 11:40:00,F0657,51.47,4.7,48.51,Healthy
2026-02-04 11:45:00,F0999,99.2,1.87,94.12,Healthy
2026-02-04 11:50:00,F0112,82.2,0.55,44.21,Healthy
2026-02-04 11:55:00,F0495,63.22,1.33,28.48,Low
2026-02-04 12:00:00,F0673,99.94,3.11,99.68,Critical
2026-02-04 12:05:00,F0136,90.01,3.77,64.38,Low
2026-02-04 12:10:00,F0082,89.86,2.04,87.03,Critical
2026-02-04 12:15:00,F0597,87.25,1.71,42.17,Healthy
2026-02-04 12:20:00,F0343,92.46,0.34,80.91,Low
2026-02-04 12:25:00,F0640,84.76,4.63,67.0,Critical
2026-02-04 12:30:00,F0755,68.21,1.63,27.78,Critical
2026-02-04 12:35:00,F0586,52.33,4.23,13.82,Low
2026-02-04 12:40:00,F0499,97.31,1.33,95.6,Low
2026-02-04 12:45:00,F0619,96.29,2.7,76.65,Critical
2026-02-04 12:50:00,F0491,70.72,4.38,39.08,Critical
2026-02-04 12:55:00,F0978,46.93,2.91,42.39,Low
2026-02-04 13:00:00,F0040,40.62,3.52,12.22,Critical
2026-02-04 13:05:00,F0704,89.26,3.19,72.48,Low
2026-02-04 13:10:00,F0470,84.86,1.45,79.0,Healthy
2026-02-04 13:15:00,F0744,60.19,1.94,45.27,Healthy
2026-02-04 13:20:00,F0343,51.21,2.18,48.04,Low
2026-02-04 13:25:00,F0284,75.68,3.32,46.01,Healthy
2026-02-04 13:30:00,F0252,93.05,4.9,45.64,Critical
2026-02-04 13:35:00,F0245,82.29,1.41,12.39,Low
2026-02-04 13:40:00,F0032,97.31,4.91,54.61,Healthy
2026-02-04 13:45:00,F0706,72.45,2.71,31.41,Healthy
2026-02-04 13:50:00,F0382,88.73,0.29,67.6,Critical
2026-02-04 13:55:00,F0481,94.48,2.4,49.48,Low
2026-02-04 14:00:00,F0640,66.42,1.12,2.94,Healthy
2026-02-04 14:05:00,F0331,86.61,3.08,83.8,Low
2026-02-04 14:10:00,F0490,98.77,2.37,96.84,Critical
2026-02-04 14:15:00,F0835,95.66,3.91,77.16,Healthy
2026-02-04 14:20:00,F0069,79.82,4.92,9.2,Critical
2026-02-04 14:25:00,F0753,83.96,2.15,40.33,Critical
2026-02-04 14:30:00,F0232,54.81,2.14,41.12,Critical
2026-02-04 14:35:00,F0011,46.48,4.0,39.23,Healthy
2026-02-04 14:40:00,F0702,25.37,4.04,14.24,Critical
2026-02-04 14:45:00,F0413,81.11,1.66,51.57,Low
2026-02-04 14:50:00,F0464,72.56,4.16,36.63,Healthy
2026-02-04 14:55:00,F0987,84.37,1.28,77.77,Healthy
2026-02-04 15:00:00,F0295,93.6,4.84,81.71,Healthy
2026-02-04 15:05:00,F0050,46.21,3.33,13.2,Critical
2026-02-04 15:10:00,F0885,89.58,4.27,65.21,Critical
2026-02-04 15:15:00,F0168,96.84,4.5,61.57,Critical
2026-02-04 15:20:00,F0167,67.71,0.31,0.92,Healthy
2026-02-04 15:25:00,F0296,56.25,4.32,35.54,Critical
2026-02-04 15:30:00,F0614,75.42,2.72,35.49,Healthy
2026-02-04 15:35:00,F0224,20.12,0.58,3.83,Healthy
2026-02-04 15:40:00,F0308,21.06,4.55,8.95,Healthy
2026-02-04 15:45:00,F0321,95.58,4.48,94.96,Critical
2026-02-04 15:50:00,F0821,60.13,2.67,45.62,Healthy
2026-02-04 15:55:00,F0096,98.71,2.68,46.22,Critical
2026-02-04 16:00:00,F0746,96.48,2.51,81.08,Critical
2026-02-04 16:05:00,F0245,80.49,1.15,74.28,Low
2026-02-04 16:10:00,F0159,61.12,4.24,43.59,Healthy
2026-02-04 16:15:00,F0459,81.56,1.49,9.37,Low
2026-02-04 16:20:00,F0735,99.52,0.6,96.32,Critical
2026-02-04 16:25:00,F0936,99.12,4.44,94.46,Critical
2026-02-04 16:30:00,F0067,86.61,0.45,77.13,Healthy
2026-02-04 16:35:00,F0667,26.33,2.77,21.38,Low
2026-02-04 16:40:00,F0378,95.94,3.41,88.77,Healthy
2026-02-04 16:45:00,F0718,54.93,3.25,21.2,Low
2026-02-04 16:50:00,F0675,37.3,3.79,28.14,Healthy
2026-02-04 16:55:00,F0422,43.9,3.84,22.04,Low
2026-02-04 17:00:00,F0054,77.37,2.29,67.54,Healthy
2026-02-04 17:05:00,F0633,96.86,4.73,87.27,Healthy
2026-02-04 17:10:00,F0915,88.26,2.65,70.54,Low
2026-02-04 17:15:00,F0348,99.43,4.17,67.96,Critical
