timestamp,farm_id,temperature,humidity,soil_moisture,soil_temperature,light_intensity,battery_level
2026-01-01 00:00:00,F0655,20.67,78.2,33.37,18.21,14434,74.14
2026-01-01 00:05:00,F0914,31.09,68.38,17.38,17.15,31495,60.43
2026-01-01 00:10:00,F0028,31.47,76.54,67.6,24.65,59878,67.14
2026-01-01 00:15:00,F0829,38.86,79.32,26.97,24.72,37421,32.44
2026-01-01 00:20:00,F0981,36.32,36.64,43.49,23.26,46082,68.3
2026-01-01 00:25:00,F0827,19.04,59.86,24.36,36.21,11328,64.16
2026-01-01 00:30:00,F0850,33.09,87.55,42.12,19.42,10116,23.67
2026-01-01 00:35:00,F0234,36.55,94.04,79.15,34.93,50823,42.24
2026-01-01 00:40:00,F0651,38.02,40.57,41.65,30.41,92988,94.93
2026-01-01 00:45:00,F0664,19.71,71.27,55.06,20.63,61589,50.36
2026-01-01 00:50:00,F0948,33.36,66.2,66.35,34.39,8331,38.32
2026-01-01 00:55:00,F0033,37.32,56.08,19.96,36.0,75341,90.11
2026-01-01 01:00:00,F0323,23.1,62.45,81.35,29.79,19726,41.19
2026-01-01 01:05:00,F0253,35.88,65.03,71.03,24.85,77484,51.95
2026-01-01 01:10:00,F0225,41.94,38.99,52.01,32.38,15371,32.23
2026-01-01 01:15:00,F0164,37.01,57.44,19.76,23.78,62348,62.33
2026-01-01 01:20:00,F0995,31.28,91.26,66.02,17.63,71381,80.07
2026-01-01 01:25:00,F0788,33.38,37.25,47.61,25.44,95646,90.07
2026-01-01 01:30:00,F0270,41.33,79.53,53.08,17.45,82959,43.88
2026-01-01 01:35:00,F0655,30.18,42.93,43.04,18.72,70514,93.48
2026-01-01 01:40:00,F0614,25.78,31.27,84.68,35.21,41306,39.16
2026-01-01 01:45:00,F0247,39.07,91.55,21.42,26.18,10071,98.24
2026-01-01 01:50:00,F0546,36.38,38.35,50.65,27.65,35741,62.21
2026-01-01 01:55:00,F0622,28.16,43.77,55.45,31.79,27365,77.04
2026-01-01 02:00:00,F0409,41.88,72.24,47.86,26.9,16860,39.83
2026-01-01 02:05:00,F0066,26.11,68.24,32.26,20.06,10305,76.63
2026-01-01 02:10:00,F0061,23.49,88.85,79.47,16.63,32195,42.28
2026-01-01 02:15:00,F0498,23.14,38.6,85.16,28.13,62953,39.44
2026-01-01 02:20:00,F0485,37.38,42.38,22.27,24.91,56519,52.89
2026-01-01 02:25:00,F0885,35.5,73.77,88.81,17.26,53772,78.26
2026-01-01 02:30:00,F0820,38.68,46.16,29.27,25.32,56296,34.68
2026-01-01 02:35:00,F0474,24.0,90.01,48.23,34.81,73132,27.83
2026-01-01 02:40:00,F0668,41.98,84.34,87.67,36.31,31982,33.3
2026-01-01 02:45:00,F0498,29.55,86.2,82.68,18.79,1282,98.82
2026-01-01 02:50:00,F0272,40.24,81.03,36.39,31.02,96748,99.63
2026-01-01 02:55:00,F0570,33.88,61.63,29.24,20.01,8665,66.33
2026-01-01 03:00:00,F0556,19.46,50.38,18.76,25.97,70615,32.59
2026-01-01 03:05:00,F0984,30.19,85.34,20.14,16.56,31828,52.3
2026-01-01 03:10:00,F0965,39.37,46.0,59.59,29.25,55948,72.59
2026-01-01 03:15:00,F0579,30.55,90.76,30.32,31.47,32285,41.25
2026-01-01 03:20:00,F0135,34.12,49.5,38.71,32.29,10508,20.75
2026-01-01 03:25:00,F0637,41.96,94.75,20.49,19.9,35760,30.6
2026-01-01 03:30:00,F0358,39.14,87.15,42.71,18.63,72200,76.28
2026-01-01 03:35:00,F0627,41.61,82.46,54.67,30.36,73692,43.95
2026-01-01 03:40:00,F0680,20.49,87.08,34.83,35.46,98310,64.26
2026-01-01 03:45:00,F0279,24.76,43.69,40.72,30.81,35600,60.43
2026-01-01 03:50:00,F0258,39.73,85.0,21.92,24.74,37265,23.53
2026-01-01 03:55:00,F0342,36.51,71.41,34.65,32.05,73309,76.45
2026-01-01 04:00:00,F0575,18.23,34.89,81.23,35.79,72511,22.88
2026-01-01 04:05:00,F0379,31.98,39.63,24.56,22.09,6229,91.91
2026-01-01 04:10:00,F0216,34.37,73.35,41.53,27.88,54264,97.91
2026-01-01 04:15:00,F0768,21.71,90.44,79.85,37.45,24206,90.51
2026-01-01 04:20:00,F0026,22.3,90.09,73.68,24.47,88806,89.13
2026-01-01 04:25:00,F0831,23.96,40.35,67.6,23.8,6075,88.69
2026-01-01 04:30:00,F0228,22.79,89.7,41.22,33.87,30831,37.83
2026-01-01 04:35:00,F0676,22.64,51.34,79.83,37.24,37585,48.09
2026-01-01 04:40:00,F0522,27.59,93.77,55.22,36.6,16118,90.16
2026-01-01 04:45:00,F0268,22.29,92.56,34.91,17.49,57959,47.65
2026-01-01 04:50:00,F0806,25.53,69.4,53.36,23.86,76574,35.21
2026-01-01 04:55:00,F0046,35.01,30.11,84.42,27.38,95297,95.22
2026-01-01 05:00:00,F0755,34.1,53.67,20.25,30.28,44279,69.85
2026-01-01 05:05:00,F0680,38.35,76.78,37.52,22.11,54528,46.09
2026-01-01 05:10:00,F0714,25.1,38.27,46.53,36.63,89777,79.85
2026-01-01 05:15:00,F0179,32.77,49.56,56.1,15.01,38606,36.81
2026-01-01 05:20:00,F0805,31.92,72.56,49.87,25.17,29010,60.89
2026-01-01 05:25:00,F0813,39.63,81.74,27.73,16.95,68561,73.11
2026-01-01 05:30:00,F0635,26.04,83.2,71.34,30.47,30444,84.53
2026-01-01 05:35:00,F0151,18.59,45.91,50.64,34.54,10545,56.43
2026-01-01 05:40:00,F0908,33.11,42.64,67.23,26.37,32979,31.81
2026-01-01 05:45:00,F0705,18.13,78.81,72.75,17.45,56724,37.51
2026-01-01 05:50:00,F0824,40.99,63.67,18.77,20.73,16906,56.52
2026-01-01 05:55:00,F0821,29.15,64.52,56.92,22.3,99992,91.31
2026-01-01 06:00:00,F0628,37.56,87.98,47.01,35.86,59446,91.78
2026-01-01 06:05:00,F0762,38.68,59.25,71.38,34.32,37347,81.27
2026-01-01 06:10:00,F0534,29.63,45.55,47.99,31.41,31735,41.74
2026-01-01 06:15:00,F0328,39.43,35.24,26.31,23.81,21028,76.51
2026-01-01 06:20:00,F0066,27.96,51.51,49.94,16.43,56069,51.16
2026-01-01 06:25:00,F0789,32.02,75.21,79.25,32.61,50857,58.16
2026-01-01 06:30:00,F0966,26.44,78.98,79.01,36.93,55921,63.06
2026-01-01 06:35:00,F0753,31.11,69.21,31.54,20.05,58125,58.85
2026-01-01 06:40:00,F0399,26.07,74.14,45.32,18.8,62261,93.56
2026-01-01 06:45:00,F0638,30.82,88.95,59.39,30.25,12003,71.42
2026-01-01 06:50:00,F0139,38.8,41.81,34.51,22.53,60598,46.15
2026-01-01 06:55:00,F0780,39.11,48.09,86.34,24.7,11735,57.62
2026-01-01 07:00:00,F0768,30.95,94.99,41.25,29.95,86426,23.22
2026-01-01 07:05:00,F0032,40.79,42.96,16.53,18.5,17544,57.88
2026-01-01 07:10:00,F0118,31.54,44.17,67.46,32.64,22992,68.47
2026-01-01 07:15:00,F0987,35.95,37.44,76.45,37.19,15168,66.29
2026-01-01 07:20:00,F0952,25.49,74.03,86.86,24.12,94718,35.87
2026-01-01 07:25:00,F0607,34.57,70.77,22.64,32.77,90687,68.03
2026-01-01 07:30:00,F0124,37.11,66.79,18.08,27.25,87706,49.65
2026-01-01 07:35:00,F0519,33.54,30.82,46.5,26.27,57822,96.86
2026-01-01 07:40:00,F0651,39.4,59.88,26.47,19.05,69386,97.24
2026-01-01 07:45:00,F0277,32.78,89.78,73.1,25.69,96817,67.4
2026-01-01 07:50:00,F0331,38.44,84.0,21.5,35.28,32963,80.04
2026-01-01 07:55:00,F0584,32.65,54.63,17.15,34.57,24834,59.0
2026-01-01 08:00:00,F0364,37.15,52.12,81.02,31.13,37211,64.46
2026-01-01 08:05:00,F0530,40.75,35.56,69.01,26.24,32499,75.25
2026-01-01 08:10:00,F0662,35.08,59.13,16.29,21.77,54005,75.34
2026-01-01 08:15:00,F0314,33.94,53.99,56.51,22.91,98771,64.03
2026-01-01 08:20:00,F0361,34.87,47.61,33.86,17.78,26242,45.24
2026-01-01 08:25:00,F0761,30.86,79.54,28.89,19.98,64464,42.12
2026-01-01 08:30:00,F0604,41.44,64.1,36.22,17.31,26443,43.7
2026-01-01 08:35:00,F0370,22.31,30.92,55.06,21.31,8146,64.27
2026-01-01 08:40:00,F0715,40.66,71.46,71.46,17.36,2607,65.93
2026-01-01 08:45:00,F0481,29.49,52.15,87.41,20.81,63616,29.13
2026-01-01 08:50:00,F0067,27.62,34.82,62.21,16.23,20555,84.89
2026-01-01 08:55:00,F0972,25.29,94.6,23.88,32.58,80471,67.69
2026-01-01 09:00:00,F0634,23.42,63.97,48.79,25.18,78139,99.2
2026-01-01 09:05:00,F0313,31.65,33.91,87.01,17.28,28235,70.04
2026-01-01 09:10:00,F0271,33.85,40.21,28.04,16.73,1350,52.68
2026-01-01 09:15:00,F0706,32.25,48.93,32.36,31.26,93141,88.77
2026-01-01 09:20:00,F0073,34.5,90.05,74.09,29.38,87662,84.31
2026-01-01 09:25:00,F0203,28.2,65.4,63.57,35.89,19643,25.71
2026-01-01 09:30:00,F0170,37.02,68.68,76.82,36.19,58560,29.95
2026-01-01 09:35:00,F0706,25.3,56.16,35.42,27.42,58377,26.44
2026-01-01 09:40:00,F0041,39.35,77.74,60.28,15.59,31005,96.95
2026-01-01 09:45:00,F0857,38.65,68.16,16.56,32.59,36325,66.1
2026-01-01 09:50:00,F0782,36.15,60.58,63.86,36.07,24788,99.76
2026-01-01 09:55:00,F0447,33.23,61.96,21.84,23.0,44687,45.68
2026-01-01 10:00:00,F0108,38.59,51.44,67.03,21.63,53488,85.09
2026-01-01 10:05:00,F0564,18.88,35.72,33.93,17.67,53976,89.19
2026-01-01 10:10:00,F0845,41.71,72.75,55.69,24.5,25586,61.48
2026-01-01 10:15:00,F0638,36.15,70.65,72.0,19.68,72987,30.48
2026-01-01 10:20:00,F0295,28.51,75.39,24.11,37.38,80806,83.95
2026-01-01 10:25:00,F0727,21.8,65.8,56.42,17.14,15871,56.92
2026-01-01 10:30:00,F0121,33.55,40.01,84.95,21.71,93459,41.87
2026-01-01 10:35:00,F0855,29.58,60.69,49.26,18.33,25983,93.75
2026-01-01 10:40:00,F0521,35.91,38.87,20.24,32.77,55387,47.19
2026-01-01 10:45:00,F0807,30.19,83.34,36.21,21.87,77931,66.39
2026-01-01 10:50:00,F0676,29.75,39.66,55.39,22.94,73340,81.03
2026-01-01 10:55:00,F0387,28.93,50.92,29.15,31.04,75946,50.64
2026-01-01 11:00:00,F0877,36.61,32.84,70.85,31.22,50968,50.89
2026-01-01 11:05:00,F0680,37.02,72.38,26.41,37.19,17547,60.18
2026-01-01 11:10:00,F0605,25.97,36.52,78.38,17.29,60890,21.23
2026-01-01 11:15:00,F0148,27.84,72.56,26.58,25.8,35737,47.08
2026-01-01 11:20:00,F0710,27.54,35.22,39.64,30.51,70942,50.4
2026-01-01 11:25:00,F0325,33.04,87.68,51.6,27.44,81931,25.47
2026-01-01 11:30:00,F0647,34.43,48.68,32.06,17.08,13903,80.83
2026-01-01 11:35:00,F0721,38.94,58.84,67.05,35.78,7028,45.95
2026-01-01 11:40:00,F0058,25.04,54.36,25.92,27.22,75177,74.54
2026-01-01 11:45:00,F0185,22.08,35.13,80.31,29.25,32566,59.81
2026-01-01 11:50:00,F0598,21.43,59.97,34.05,20.87,2231,91.91
2026-01-01 11:55:00,F0477,39.63,74.04,26.85,25.16,46293,99.01
2026-01-01 12:00:00,F0307,33.33,57.58,33.76,34.44,27111,99.95
2026-01-01 12:05:00,F0874,29.6,45.42,57.89,28.22,92655,43.62
2026-01-01 12:10:00,F0850,33.8,47.84,57.44,30.77,98605,97.89
2026-01-01 12:15:00,F0933,32.55,62.29,82.81,21.58,31162,68.57
2026-01-01 12:20:00,F0361,23.26,42.36,33.8,32.38,87400,74.47
2026-01-01 12:25:00,F0141,33.08,88.72,63.48,22.11,58779,22.67
2026-01-01 12:30:00,F0374,35.58,35.86,37.13,32.19,24021,36.06
2026-01-01 12:35:00,F0806,30.95,93.15,54.81,36.01,22567,40.56
2026-01-01 12:40:00,F0845,40.66,92.88,37.14,35.02,16095,57.47
2026-01-01 12:45:00,F0078,21.38,92.82,79.51,31.66,53089,97.38
2026-01-01 12:50:00,F0824,31.38,35.87,44.59,21.08,17199,56.38
2026-01-01 12:55:00,F0689,35.98,47.04,43.58,29.69,49689,28.67
2026-01-01 13:00:00,F0240,29.32,70.27,85.74,22.54,80964,37.71
2026-01-01 13:05:00,F0065,33.25,60.18,67.58,29.93,16292,31.18
2026-01-01 13:10:00,F0969,18.89,94.74,23.71,20.4,71457,30.85
2026-01-01 13:15:00,F0465,26.9,91.71,67.24,27.42,77983,79.38
2026-01-01 13:20:00,F0159,39.25,72.57,77.53,29.16,37666,22.62
2026-01-01 13:25:00,F0380,23.21,58.91,32.71,23.34,90873,49.39
2026-01-01 13:30:00,F0924,41.47,53.31,44.86,19.37,17011,95.92
2026-01-01 13:35:00,F0844,28.91,73.08,63.13,28.73,3799,24.05
2026-01-01 13:40:00,F0342,23.85,38.19,57.34,16.58,73641,36.57
2026-01-01 13:45:00,F0222,37.51,45.14,73.08,33.14,79116,20.23
2026-01-01 13:50:00,F0880,41.62,94.19,55.52,33.37,15408,72.88
2026-01-01 13:55:00,F0027,21.16,53.29,74.13,28.54,3068,33.94
2026-01-01 14:00:00,F0054,21.04,57.36,23.52,16.46,59756,82.24
2026-01-01 14:05:00,F0526,32.25,59.38,31.62,29.15,96321,82.66
2026-01-01 14:10:00,F0888,33.81,49.61,63.25,15.72,63781,87.78
2026-01-01 14:15:00,F0437,34.47,61.87,83.23,16.69,11589,45.77
2026-01-01 14:20:00,F0152,19.58,47.88,62.48,27.61,43622,50.47
2026-01-01 14:25:00,F0612,30.73,59.49,60.41,17.28,92983,29.15
2026-01-01 14:30:00,F0671,33.62,79.98,69.06,19.95,60186,91.05
2026-01-01 14:35:00,F0424,26.13,59.48,46.2,17.19,56936,45.0
2026-01-01 14:40:00,F0262,26.98,39.92,84.22,16.54,12188,27.46
2026-01-01 14:45:00,F0099,35.87,54.22,24.76,16.38,74608,64.93
2026-01-01 14:50:00,F0687,20.93,52.98,64.9,32.26,95510,24.12
2026-01-01 14:55:00,F0295,32.41,52.86,58.34,19.89,87079,58.58
2026-01-01 15:00:00,F0868,20.6,84.95,42.57,32.54,76248,38.09
2026-01-01 15:05:00,F0440,38.28,93.35,76.38,29.11,85239,64.54
2026-01-01 15:10:00,F0624,40.3,83.91,35.06,19.15,93104,80.99
2026-01-01 15:15:00,F0944,26.16,30.4,80.24,28.03,53531,25.57
2026-01-01 15:20:00,F0759,33.2,31.99,70.96,19.95,56028,56.29
2026-01-01 15:25:00,F0162,26.88,76.9,73.26,28.05,12135,90.67
2026-01-01 15:30:00,F0160,21.78,70.16,65.55,21.26,87761,53.92
2026-01-01 15:35:00,F0622,28.61,47.76,71.62,17.62,57349,28.87
2026-01-01 15:40:00,F0695,34.28,61.63,65.03,16.04,52807,98.76
2026-01-01 15:45:00,F0057,18.18,49.59,30.84,18.16,34491,43.16
2026-01-01 15:50:00,F0123,18.19,78.56,28.18,23.74,93231,38.41
2026-01-01 15:55:00,F0573,38.0,82.4,20.41,34.82,6544,54.9
2026-01-01 16:00:00,F0471,40.11,86.04,58.18,28.19,93995,71.21
2026-01-01 16:05:00,F0297,20.76,31.36,39.36,33.43,82018,56.81
2026-01-01 16:10:00,F0707,40.07,35.73,78.34,20.6,78184,52.04
2026-01-01 16:15:00,F0081,27.5,50.17,40.46,22.66,23037,26.11
2026-01-01 16:20:00,F0649,20.74,63.15,82.94,23.04,96339,96.66
2026-01-01 16:25:00,F0661,37.56,45.36,25.98,19.54,79957,32.23
2026-01-01 16:30:00,F0778,33.73,41.51,72.96,26.36,99886,65.1
2026-01-01 16:35:00,F0594,28.77,90.07,57.34,29.61,82857,45.86
2026-01-01 16:40:00,F0995,33.05,39.81,20.12,25.17,40691,83.71
2026-01-01 16:45:00,F0606,19.35,62.98,38.28,25.39,8456,49.5
2026-01-01 16:50:00,F0294,19.84,86.18,79.15,29.15,67462,50.76
2026-01-01 16:55:00,F0595,31.3,81.47,82.19,25.34,75928,72.15
2026-01-01 17:00:00,F0330,32.52,62.59,86.83,25.36,46015,98.59
2026-01-01 17:05:00,F0087,30.11,41.22,33.58,25.07,58595,61.93
2026-01-01 17:10:00,F0625,21.81,54.24,36.22,24.4,45350,74.31
2026-01-01 17:15:00,F0054,36.94,72.07,19.94,17.17,89916,50.93
2026-01-01 17:20:00,F0259,35.37,72.68,82.98,35.09,44694,26.52
2026-01-01 17:25:00,F0680,21.39,52.74,87.58,31.07,52374,30.32
2026-01-01 17:30:00,F0726,40.51,50.12,43.25,33.21,17750,73.61
2026-01-01 17:35:00,F0849,40.73,94.82,83.43,17.15,88878,53.87
2026-01-01 17:40:00,F0371,18.44,50.08,86.34,22.86,64736,35.36
2026-01-01 17:45:00,F0141,21.72,49.23,74.11,26.68,71748,86.81
2026-01-01 17:50:00,F0905,30.64,73.03,80.73,29.21,79282,50.14
2026-01-01 17:55:00,F0167,22.34,75.03,61.86,35.76,95526,55.01
2026-01-01 18:00:00,F0421,26.74,76.77,87.72,29.04,99617,79.88
2026-01-01 18:05:00,F0460,23.62,45.55,87.42,33.04,26430,49.43
2026-01-01 18:10:00,F0970,31.69,58.64,72.71,32.9,66916,62.2
2026-01-01 18:15:00,F0990,21.89,42.98,60.35,35.08,7839,71.29
2026-01-01 18:20:00,F0896,26.91,90.73,68.36,26.87,17341,42.81
2026-01-01 18:25:00,F0782,21.85,59.21,53.5,34.11,13021,95.71
2026-01-01 18:30:00,F0228,37.6,87.5,84.79,24.54,52964,60.16
2026-01-01 18:35:00,F0242,27.27,35.3,31.84,22.33,13987,87.13
2026-01-01 18:40:00,F0666,26.05,39.49,17.87,36.1,62925,75.69
2026-01-01 18:45:00,F0143,36.21,60.49,61.15,35.83,3490,40.47
2026-01-01 18:50:00,F0856,21.59,91.11,60.67,24.73,38762,39.01
2026-01-01 18:55:00,F0125,19.15,57.29,74.54,25.51,15530,86.94
2026-01-01 19:00:00,F0512,32.32,31.07,53.65,20.56,19818,43.3
2026-01-01 19:05:00,F0002,32.76,45.64,46.24,30.28,12221,61.88
2026-01-01 19:10:00,F0370,19.62,64.19,53.05,37.73,73633,21.63
2026-01-01 19:15:00,F0895,29.28,71.32,88.58,20.83,3128,48.57
2026-01-01 19:20:00,F0070,26.28,77.64,62.12,32.74,97362,80.53
2026-01-01 19:25:00,F0137,19.06,65.49,76.01,19.03,90742,57.17
2026-01-01 19:30:00,F0713,29.48,41.85,25.11,31.47,60988,22.96
2026-01-01 19:35:00,F0207,19.05,42.97,18.14,36.47,68552,51.86
2026-01-01 19:40:00,F0835,31.03,46.47,71.5,19.4,47789,88.97
2026-01-01 19:45:00,F0049,38.78,51.58,24.34,23.46,53431,79.46
2026-01-01 19:50:00,F0917,40.96,52.04,29.01,30.92,49148,93.94
2026-01-01 19:55:00,F0532,24.4,35.37,46.84,24.9,24652,63.64
2026-01-01 20:00:00,F0329,20.46,51.31,37.17,25.26,95065,54.09
2026-01-01 20:05:00,F0707,28.65,59.06,69.51,35.97,81589,99.85
2026-01-01 20:10:00,F0282,33.35,81.45,19.3,30.44,54242,49.06
2026-01-01 20:15:00,F0821,36.0,40.4,17.34,34.52,89878,82.5
2026-01-01 20:20:00,F0036,21.03,45.34,63.39,23.33,75349,22.59
2026-01-01 20:25:00,F0158,34.3,91.67,42.9,32.55,76225,31.02
2026-01-01 20:30:00,F0376,27.55,72.22,33.72,17.61,97426,34.88
2026-01-01 20:35:00,F0531,27.29,66.51,34.63,20.99,59493,37.17
2026-01-01 20:40:00,F0627,24.85,89.57,51.84,17.82,10706,56.16
2026-01-01 20:45:00,F0921,35.12,94.82,75.79,37.25,42889,73.43
2026-01-01 20:50:00,F0727,19.56,65.24,81.85,34.58,94298,76.77
2026-01-01 20:55:00,F0718,33.3,81.59,53.16,17.79,27342,83.37
2026-01-01 21:00:00,F0243,36.97,31.71,56.55,23.48,73305,30.38
2026-01-01 21:05:00,F0906,20.07,50.1,89.97,31.53,69903,52.86
2026-01-01 21:10:00,F0420,37.76,34.79,87.93,29.77,59979,57.27
2026-01-01 21:15:00,F0530,26.27,87.07,73.52,29.72,24850,81.42
2026-01-01 21:20:00,F0133,28.38,89.2,19.16,17.86,21056,44.33
2026-01-01 21:25:00,F0166,25.74,76.11,40.95,36.64,38230,87.67
2026-01-01 21:30:00,F0257,22.71,92.16,35.58,29.38,81534,62.68
2026-01-01 21:35:00,F0515,33.38,68.47,58.55,18.94,82851,77.65
2026-01-01 21:40:00,F0620,26.1,90.06,18.09,34.87,11646,23.64
2026-01-01 21:45:00,F0657,36.5,47.2,30.81,28.16,82016,71.12
2026-01-01 21:50:00,F0510,39.34,65.46,63.14,21.95,33096,84.38
2026-01-01 21:55:00,F0702,27.75,59.48,66.65,18.64,55476,58.74
2026-01-01 22:00:00,F0209,26.16,39.34,79.61,22.34,46268,98.03
2026-01-01 22:05:00,F0134,36.26,63.47,22.96,20.56,17059,41.4
2026-01-01 22:10:00,F0254,21.38,33.29,85.9,34.88,55805,39.86
2026-01-01 22:15:00,F0887,39.66,82.88,85.03,31.59,25881,81.05
2026-01-01 22:20:00,F0511,41.9,60.34,80.93,26.44,12802,95.62
2026-01-01 22:25:00,F0518,28.97,45.65,58.75,16.12,37877,59.59
2026-01-01 22:30:00,F0904,38.23,73.71,36.43,15.19,15089,54.47
2026-01-01 22:35:00,F0904,24.35,53.78,45.24,16.04,7705,65.62
2026-01-01 22:40:00,F0200,26.7,48.76,43.98,25.36,73070,42.38
2026-01-01 22:45:00,F0639,34.33,37.72,88.13,24.06,45444,64.63
2026-01-01 22:50:00,F0375,36.12,42.94,53.18,26.5,6938,23.11
2026-01-01 22:55:00,F0731,25.99,60.79,49.27,28.94,68568,31.18
2026-01-01 23:00:00,F0954,32.71,40.56,89.3,32.0,40221,67.5
2026-01-01 23:05:00,F0520,37.88,64.6,68.16,21.9,3180,49.47
2026-01-01 23:10:00,F0690,20.63,57.08,38.08,35.67,91183,70.34
2026-01-01 23:15:00,F0612,29.39,92.86,73.72,32.85,76711,38.2
2026-01-01 23:20:00,F0053,32.0,41.08,62.18,29.25,50832,31.82
2026-01-01 23:25:00,F0698,23.81,67.22,67.54,19.39,58807,45.1
2026-01-01 23:30:00,F0156,27.91,43.25,52.64,29.06,62814,89.83
2026-01-01 23:35:00,F0754,35.46,75.88,53.9,27.9,87799,58.27
2026-01-01 23:40:00,F0386,25.53,41.26,83.41,22.87,47437,74.07
2026-01-01 23:45:00,F0889,35.3,71.82,67.0,29.03,26200,96.59
2026-01-01 23:50:00,F0286,31.39,44.62,87.97,21.85,38880,76.39
2026-01-01 23:55:00,F0707,34.92,50.61,41.16,36.48,95589,41.88
2026-01-02 00:00:00,F0125,31.76,65.31,82.18,24.07,46237,96.37
2026-01-02 00:05:00,F0824,21.52,32.73,86.65,16.82,58983,72.48
2026-01-02 00:10:00,F0766,29.5,43.13,55.39,36.46,92248,41.73
2026-01-02 00:15:00,F0112,32.78,68.14,33.18,30.41,70604,38.05
2026-01-02 00:20:00,F0239,19.26,56.86,68.8,17.31,19018,20.41
2026-01-02 00:25:00,F0564,41.47,40.27,63.97,35.25,63350,58.2
2026-01-02 00:30:00,F0205,36.14,48.67,36.41,16.36,12725,72.18
2026-01-02 00:35:00,F0238,30.84,77.0,85.25,36.0,23946,53.43
2026-01-02 00:40:00,F0858,22.22,89.78,89.79,24.13,65930,34.9
2026-01-02 00:45:00,F0767,41.09,90.19,80.76,15.21,75443,68.22
2026-01-02 00:50:00,F0951,41.59,48.5,89.18,27.5,65738,91.14
2026-01-02 00:55:00,F0138,38.43,60.42,29.46,17.59,22298,78.49
2026-01-02 01:00:00,F0664,24.17,42.1,70.25,33.19,75420,73.95
2026-01-02 01:05:00,F0198,22.21,85.65,82.28,34.02,68538,46.23
2026-01-02 01:10:00,F0411,34.06,42.01,25.55,22.44,33512,20.55
2026-01-02 01:15:00,F0393,23.65,78.99,86.55,21.94,95749,65.83
2026-01-02 01:20:00,F0268,33.69,75.03,19.66,17.72,41213,32.78
2026-01-02 01:25:00,F0703,30.06,88.18,67.77,22.15,16389,71.1
2026-01-02 01:30:00,F0964,25.08,69.95,31.43,18.07,21078,56.4
2026-01-02 01:35:00,F0621,26.97,75.63,83.46,32.42,88044,86.05
2026-01-02 01:40:00,F0781,23.94,79.06,80.49,16.88,59556,62.25
2026-01-02 01:45:00,F0371,19.87,66.67,19.63,27.6,67255,36.17
2026-01-02 01:50:00,F0550,21.6,51.33,54.03,17.67,27922,77.35
2026-01-02 01:55:00,F0501,20.18,63.17,75.65,25.43,68272,53.23
2026-01-02 02:00:00,F0578,19.39,60.05,75.52,31.64,52897,40.36
2026-01-02 02:05:00,F0004,35.9,67.59,18.4,22.92,9357,63.29
2026-01-02 02:10:00,F0062,40.43,34.49,85.03,15.73,54591,34.4
2026-01-02 02:15:00,F0139,36.38,93.59,63.44,24.67,51132,55.88
2026-01-02 02:20:00,F0940,39.76,54.42,66.2,30.22,71687,30.64
2026-01-02 02:25:00,F0881,26.35,41.6,55.29,27.16,96401,98.3
2026-01-02 02:30:00,F0855,18.08,31.48,37.38,30.49,72361,53.93
2026-01-02 02:35:00,F0389,37.76,46.09,40.96,21.34,96030,81.24
2026-01-02 02:40:00,F0033,37.43,57.25,72.45,35.33,3050,39.25
2026-01-02 02:45:00,F0069,20.42,32.18,59.83,31.18,7380,39.58
2026-01-02 02:50:00,F0046,27.65,45.23,31.3,34.87,8398,31.21
2026-01-02 02:55:00,F0297,23.62,89.57,58.21,28.28,89150,85.47
2026-01-02 03:00:00,F0243,25.24,39.31,64.52,20.08,40387,42.01
2026-01-02 03:05:00,F0571,40.76,87.18,83.37,29.4,56994,64.47
2026-01-02 03:10:00,F0049,41.33,91.2,65.35,33.07,42777,75.7
2026-01-02 03:15:00,F0419,21.58,54.47,71.58,25.89,30536,44.06
2026-01-02 03:20:00,F0725,21.46,60.1,19.32,24.49,55592,64.58
2026-01-02 03:25:00,F0138,27.32,46.57,39.77,16.82,59954,87.77
2026-01-02 03:30:00,F0095,30.86,83.91,18.87,23.67,80294,68.23
2026-01-02 03:35:00,F0895,19.75,82.3,59.07,30.44,29444,58.35
2026-01-02 03:40:00,F0891,39.77,49.71,83.17,19.87,25906,96.97
2026-01-02 03:45:00,F0121,35.93,79.03,83.58,31.0,93244,36.36
2026-01-02 03:50:00,F0938,23.74,50.9,36.23,25.72,86029,48.74
2026-01-02 03:55:00,F0268,26.63,87.38,49.95,33.46,95688,57.56
2026-01-02 04:00:00,F0860,25.69,43.2,38.47,16.05,30002,79.3
2026-01-02 04:05:00,F0017,24.26,90.76,58.44,24.6,20976,35.7
2026-01-02 04:10:00,F0236,27.12,84.17,52.45,30.06,90764,47.01
2026-01-02 04:15:00,F0782,37.72,92.82,63.13,26.28,23050,78.62
2026-01-02 04:20:00,F0361,22.06,76.82,51.62,36.09,72058,99.23
2026-01-02 04:25:00,F0981,19.41,32.2,78.5,36.74,88584,23.88
2026-01-02 04:30:00,F0007,27.9,84.77,32.36,31.26,2198,37.5
2026-01-02 04:35:00,F0467,26.96,70.16,65.01,29.18,64334,72.74
2026-01-02 04:40:00,F0017,18.16,65.86,15.89,27.18,37010,62.86
2026-01-02 04:45:00,F0294,18.41,82.86,65.55,33.54,24496,28.56
2026-01-02 04:50:00,F0099,30.59,45.66,61.48,20.81,47457,41.39
2026-01-02 04:55:00,F0407,19.9,92.35,49.42,20.59,92388,38.07
2026-01-02 05:00:00,F0701,37.87,35.24,89.38,29.95,5152,27.48
2026-01-02 05:05:00,F0389,27.05,60.94,62.76,31.17,11837,59.99
2026-01-02 05:10:00,F0445,33.48,51.53,88.3,37.4,70226,93.53
2026-01-02 05:15:00,F0236,23.07,86.43,81.57,25.94,7102,93.93
2026-01-02 05:20:00,F0701,40.21,88.46,57.26,15.76,42220,21.25
2026-01-02 05:25:00,F0213,32.09,78.9,68.45,24.16,11084,43.94
2026-01-02 05:30:00,F0578,23.77,84.25,44.19,35.62,44480,50.71
2026-01-02 05:35:00,F0758,21.36,94.25,69.31,26.52,46332,24.3
2026-01-02 05:40:00,F0448,23.57,34.94,60.39,29.12,79067,51.74
2026-01-02 05:45:00,F0793,25.83,71.22,73.77,25.36,30902,48.46
2026-01-02 05:50:00,F0964,27.01,42.07,58.94,23.74,82083,43.63
2026-01-02 05:55:00,F0253,35.11,35.33,26.57,31.37,84086,32.34
2026-01-02 06:00:00,F0399,25.6,36.93,15.39,22.09,48175,80.91
2026-01-02 06:05:00,F0105,21.18,42.18,48.66,27.76,54483,28.26
2026-01-02 06:10:00,F0092,26.49,36.05,59.85,22.46,51493,20.99
2026-01-02 06:15:00,F0424,27.31,35.51,82.59,35.82,32816,65.76
2026-01-02 06:20:00,F0174,34.45,41.02,35.17,21.17,20127,25.06
2026-01-02 06:25:00,F0446,24.62,49.48,73.7,23.31,33321,77.67
2026-01-02 06:30:00,F0508,32.25,42.71,23.02,22.01,52864,46.58
2026-01-02 06:35:00,F0636,27.12,86.04,48.02,24.9,86332,97.94
2026-01-02 06:40:00,F0140,25.21,69.21,67.15,26.02,24283,97.17
2026-01-02 06:45:00,F0992,25.66,77.77,62.47,37.26,32775,46.07
2026-01-02 06:50:00,F0288,37.6,55.54,23.54,27.97,78624,99.78
2026-01-02 06:55:00,F0185,34.36,65.76,86.48,25.62,93847,36.77
2026-01-02 07:00:00,F0817,24.99,75.03,76.42,33.3,54627,73.84
2026-01-02 07:05:00,F0143,33.2,45.73,64.4,31.45,50412,25.92
2026-01-02 07:10:00,F0613,29.5,56.05,53.0,36.17,91663,53.46
2026-01-02 07:15:00,F0038,36.98,53.37,82.16,27.35,84647,93.15
2026-01-02 07:20:00,F0112,36.45,72.74,41.63,29.88,6806,65.06
2026-01-02 07:25:00,F0661,34.26,55.98,71.45,37.21,57420,28.48
2026-01-02 07:30:00,F0101,24.21,63.19,53.91,28.35,76397,37.68
2026-01-02 07:35:00,F0384,27.39,80.2,59.14,26.51,46215,99.82
2026-01-02 07:40:00,F0495,20.51,57.04,87.13,17.67,96702,31.33
2026-01-02 07:45:00,F0320,26.23,80.98,54.08,23.01,13795,55.05
2026-01-02 07:50:00,F0714,28.86,34.37,18.35,31.35,3960,87.93
2026-01-02 07:55:00,F0664,20.62,82.0,84.74,32.03,68632,33.96
2026-01-02 08:00:00,F0164,25.94,57.71,49.65,33.35,83543,34.76
2026-01-02 08:05:00,F0656,33.78,55.71,70.3,35.31,59926,67.38
2026-01-02 08:10:00,F0399,18.11,43.96,35.88,31.19,9200,66.19
2026-01-02 08:15:00,F0819,38.93,42.15,39.45,25.52,35387,73.66
2026-01-02 08:20:00,F0502,30.67,71.54,59.77,29.06,77939,29.14
2026-01-02 08:25:00,F0361,38.29,70.13,76.03,31.24,39986,93.49
2026-01-02 08:30:00,F0605,20.03,38.71,23.84,22.02,24992,49.86
2026-01-02 08:35:00,F0145,30.26,57.19,25.34,23.83,25347,58.93
2026-01-02 08:40:00,F0551,34.64,71.94,89.99,27.76,65178,43.11
2026-01-02 08:45:00,F0192,25.55,59.32,19.02,23.26,2256,58.77
2026-01-02 08:50:00,F0200,37.57,92.65,52.91,26.38,90744,59.34
2026-01-02 08:55:00,F0728,38.16,61.77,21.2,15.71,29905,43.37
2026-01-02 09:00:00,F0282,23.4,48.76,73.56,28.01,65921,63.98
2026-01-02 09:05:00,F0116,31.75,47.41,55.73,37.79,72046,85.81
2026-01-02 09:10:00,F0043,36.24,58.69,31.39,24.78,97467,86.41
2026-01-02 09:15:00,F0770,23.94,86.86,17.42,21.04,12401,55.13
2026-01-02 09:20:00,F0121,36.62,45.4,75.8,28.52,46957,88.88
2026-01-02 09:25:00,F0625,33.19,40.79,25.44,19.75,28124,84.44
2026-01-02 09:30:00,F0584,26.42,48.27,55.41,22.44,93281,43.41
2026-01-02 09:35:00,F0587,24.42,85.77,88.91,30.62,13481,30.85
2026-01-02 09:40:00,F0769,36.86,89.72,89.44,34.94,17631,76.11
2026-01-02 09:45:00,F0136,23.99,76.24,77.14,32.51,89635,51.42
2026-01-02 09:50:00,F0146,31.86,47.47,46.07,25.4,84050,83.57
2026-01-02 09:55:00,F0788,20.23,63.51,35.87,36.54,49374,56.38
2026-01-02 10:00:00,F0500,25.85,30.16,73.06,31.85,96804,97.77
2026-01-02 10:05:00,F0651,33.94,53.28,19.75,27.29,29551,97.45
2026-01-02 10:10:00,F0845,23.08,47.45,77.13,22.77,76750,30.45
2026-01-02 10:15:00,F0873,29.65,52.34,66.19,16.11,14051,70.09
2026-01-02 10:20:00,F0857,29.03,38.08,79.32,25.15,1088,99.35
2026-01-02 10:25:00,F0439,22.86,74.76,24.89,29.95,21837,89.95
2026-01-02 10:30:00,F0898,24.58,72.55,33.78,23.55,86054,33.24
2026-01-02 10:35:00,F0406,33.01,77.19,71.64,24.87,12953,76.3
2026-01-02 10:40:00,F0002,23.12,35.07,59.53,26.95,59335,20.74
2026-01-02 10:45:00,F0713,26.25,37.84,79.53,30.96,63613,25.67
2026-01-02 10:50:00,F0393,20.14,82.39,22.74,23.45,40223,30.97
2026-01-02 10:55:00,F0793,37.52,86.84,63.12,30.57,9966,62.44
2026-01-02 11:00:00,F0009,32.65,40.67,41.34,19.9,99077,32.11
2026-01-02 11:05:00,F0422,32.79,58.75,31.29,35.62,19351,80.2
2026-01-02 11:10:00,F0604,35.52,52.85,47.2,33.19,33477,42.16
2026-01-02 11:15:00,F0087,23.96,69.06,69.09,21.55,91502,22.15
2026-01-02 11:20:00,F0868,33.8,49.61,53.83,26.72,99021,51.34
2026-01-02 11:25:00,F0662,19.31,88.36,86.6,26.38,15777,39.29
2026-01-02 11:30:00,F0654,32.25,64.34,88.33,37.7,42480,30.56
2026-01-02 11:35:00,F0882,38.14,57.36,55.98,18.97,62736,96.36
2026-01-02 11:40:00,F0789,19.75,68.18,16.03,19.96,8925,95.89
2026-01-02 11:45:00,F0408,30.16,70.86,52.58,24.55,92987,52.18
2026-01-02 11:50:00,F0656,30.88,70.04,35.81,22.13,68017,93.67
2026-01-02 11:55:00,F0998,37.39,64.87,44.3,29.59,86175,74.48
2026-01-02 12:00:00,F0068,25.44,58.44,86.51,20.49,33044,26.9
2026-01-02 12:05:00,F0445,20.78,69.8,19.13,30.32,87252,79.25
2026-01-02 12:10:00,F0123,18.3,38.92,15.85,26.42,46443,61.84
2026-01-02 12:15:00,F0802,37.74,46.85,42.89,32.24,36227,78.63
2026-01-02 12:20:00,F0121,36.51,31.91,75.53,21.26,9371,41.04
2026-01-02 12:25:00,F0999,31.84,35.01,49.14,23.28,66484,88.75
2026-01-02 12:30:00,F0171,26.82,46.58,22.72,28.2,95736,29.23
2026-01-02 12:35:00,F0759,30.21,32.86,79.72,20.62,62835,49.12
2026-01-02 12:40:00,F0943,21.6,90.53,79.31,27.72,94588,79.25
2026-01-02 12:45:00,F0430,23.39,46.14,83.69,22.36,11208,65.72
2026-01-02 12:50:00,F0123,30.05,88.63,28.45,33.5,7019,96.33
2026-01-02 12:55:00,F0071,39.05,86.29,73.01,22.15,12322,64.25
2026-01-02 13:00:00,F0009,26.85,48.95,73.84,32.01,32795,57.11
2026-01-02 13:05:00,F0606,41.32,94.86,73.19,31.85,72638,80.84
2026-01-02 13:10:00,F0252,21.61,90.61,16.79,27.46,84354,87.17
2026-01-02 13:15:00,F0899,18.23,51.78,71.92,23.65,97741,78.18
2026-01-02 13:20:00,F0107,22.92,93.9,46.49,37.11,19661,76.93
2026-01-02 13:25:00,F0096,19.05,45.05,78.41,24.5,49823,56.68
2026-01-02 13:30:00,F0766,20.04,36.21,25.01,33.86,10808,67.35
2026-01-02 13:35:00,F0064,28.44,92.67,32.76,21.0,42288,94.08
2026-01-02 13:40:00,F0403,34.82,77.8,38.85,21.25,10789,95.48
2026-01-02 13:45:00,F0140,36.72,68.01,26.66,18.78,62086,45.12
2026-01-02 13:50:00,F0124,30.86,92.7,30.57,22.09,35735,88.2
2026-01-02 13:55:00,F0093,21.78,74.59,76.98,31.03,6286,37.2
2026-01-02 14:00:00,F0878,25.87,35.93,33.62,23.18,68300,23.92
2026-01-02 14:05:00,F0307,24.24,94.39,17.33,24.3,60270,64.48
2026-01-02 14:10:00,F0564,24.0,60.03,75.29,18.22,2567,24.93
2026-01-02 14:15:00,F0800,41.58,38.5,76.78,23.56,83614,95.01
2026-01-02 14:20:00,F0087,31.98,46.82,75.96,15.5,9450,35.82
2026-01-02 14:25:00,F0662,28.64,38.37,82.88,34.08,44456,29.8
2026-01-02 14:30:00,F0965,29.06,40.92,58.04,33.9,52773,59.69
2026-01-02 14:35:00,F0392,34.4,41.23,31.1,19.3,37681,55.68
2026-01-02 14:40:00,F0153,18.83,70.25,33.43,21.79,55000,90.62
2026-01-02 14:45:00,F0491,19.46,48.19,25.29,19.59,69919,39.93
2026-01-02 14:50:00,F0822,31.05,31.27,43.69,31.41,63873,63.56
2026-01-02 14:55:00,F0497,26.26,66.77,39.12,21.22,4416,45.51
2026-01-02 15:00:00,F0225,18.7,82.69,36.07,33.6,62824,62.35
2026-01-02 15:05:00,F0786,32.02,45.13,26.97,20.7,32608,41.32
2026-01-02 15:10:00,F0836,36.99,77.91,72.3,36.8,76457,87.72
2026-01-02 15:15:00,F0817,27.32,90.79,89.37,19.0,32005,67.4
2026-01-02 15:20:00,F0826,35.71,53.32,59.37,31.18,47095,95.8
2026-01-02 15:25:00,F0578,21.41,91.64,77.75,33.64,65517,63.37
2026-01-02 15:30:00,F0180,29.77,35.87,32.45,20.03,70002,58.24
2026-01-02 15:35:00,F0340,40.03,43.1,24.79,31.49,43413,24.76
2026-01-02 15:40:00,F0152,32.08,89.62,73.08,34.47,48826,96.84
2026-01-02 15:45:00,F0383,34.91,73.04,58.95,22.74,43284,30.92
2026-01-02 15:50:00,F0162,35.58,58.4,62.94,26.21,42586,33.94
2026-01-02 15:55:00,F0992,31.49,87.82,61.03,23.21,88232,67.12
2026-01-02 16:00:00,F0180,27.08,77.71,37.09,19.09,1235,95.9
2026-01-02 16:05:00,F0972,31.75,85.3,72.81,28.05,24865,68.19
2026-01-02 16:10:00,F0944,37.41,69.74,62.97,17.39,66035,31.25
2026-01-02 16:15:00,F0764,19.87,52.54,38.96,29.63,12629,85.73
2026-01-02 16:20:00,F0687,33.34,87.63,48.5,21.1,33707,75.45
2026-01-02 16:25:00,F0359,24.16,37.02,15.1,23.88,97021,53.57
2026-01-02 16:30:00,F0171,39.23,62.05,43.4,27.56,14294,86.3
2026-01-02 16:35:00,F0808,38.74,72.31,66.54,18.74,10661,83.94
2026-01-02 16:40:00,F0035,25.08,50.72,86.37,16.71,23296,91.03
2026-01-02 16:45:00,F0165,35.57,65.56,82.36,17.14,78860,98.82
2026-01-02 16:50:00,F0915,29.59,32.01,85.68,18.79,57911,32.57
2026-01-02 16:55:00,F0104,25.95,93.34,45.7,27.74,96679,63.21
2026-01-02 17:00:00,F0677,24.76,45.44,18.72,28.15,65349,32.29
2026-01-02 17:05:00,F0370,18.09,35.7,76.79,29.38,63957,35.97
2026-01-02 17:10:00,F0027,22.97,71.48,88.28,25.89,16139,44.67
2026-01-02 17:15:00,F0408,29.3,88.17,34.88,29.76,51793,34.79
2026-01-02 17:20:00,F0907,27.15,42.13,18.35,25.11,35524,38.1
2026-01-02 17:25:00,F0276,31.54,39.82,67.24,17.22,88574,47.5
2026-01-02 17:30:00,F0555,27.94,79.17,32.06,16.4,51738,85.47
2026-01-02 17:35:00,F0429,41.18,74.66,85.23,28.17,31886,58.1
2026-01-02 17:40:00,F0081,27.48,85.51,17.6,28.14,68740,84.04
2026-01-02 17:45:00,F0694,41.59,39.58,86.19,25.33,22910,97.77
2026-01-02 17:50:00,F0828,22.63,32.77,20.88,30.71,27465,99.78
2026-01-02 17:55:00,F0643,21.55,68.68,38.98,31.72,9783,26.96
2026-01-02 18:00:00,F0570,27.54,51.2,35.72,25.54,2620,82.92
2026-01-02 18:05:00,F0639,32.1,80.81,23.44,18.44,75264,67.03
2026-01-02 18:10:00,F0777,41.16,36.51,22.92,32.93,38498,89.4
2026-01-02 18:15:00,F0902,26.25,56.71,43.73,26.17,80817,57.84
2026-01-02 18:20:00,F0177,24.61,39.35,60.65,30.95,6083,51.66
2026-01-02 18:25:00,F0901,25.96,45.44,70.93,36.18,49816,21.62
2026-01-02 18:30:00,F0838,37.05,50.21,78.21,34.74,90764,27.86
2026-01-02 18:35:00,F0890,23.47,49.53,70.78,32.8,43056,41.55
2026-01-02 18:40:00,F0427,32.52,35.8,48.13,36.01,54368,79.28
2026-01-02 18:45:00,F0778,30.4,54.3,19.22,33.2,9600,44.89
2026-01-02 18:50:00,F0519,27.68,80.73,54.32,28.08,23772,35.42
2026-01-02 18:55:00,F0853,22.82,33.75,17.48,16.16,48235,76.37
2026-01-02 19:00:00,F0281,26.84,60.17,44.77,36.23,90282,22.45
2026-01-02 19:05:00,F0382,29.73,59.0,87.04,25.92,73264,47.98
2026-01-02 19:10:00,F0168,38.1,46.81,77.32,17.08,4597,50.93
2026-01-02 19:15:00,F0167,38.49,80.69,31.07,20.09,30505,74.22
2026-01-02 19:20:00,F0276,33.64,63.36,79.85,37.24,90417,20.71
2026-01-02 19:25:00,F0934,21.18,41.26,75.06,20.15,80736,84.41
2026-01-02 19:30:00,F0313,35.11,76.11,35.65,35.6,46706,56.72
2026-01-02 19:35:00,F0224,29.2,74.02,76.82,24.13,14410,20.59
2026-01-02 19:40:00,F0679,41.2,84.56,57.11,28.66,38051,43.88
2026-01-02 19:45:00,F0111,29.56,51.86,35.74,22.48,37291,40.89
2026-01-02 19:50:00,F0729,40.85,72.35,29.13,26.9,32496,91.97
2026-01-02 19:55:00,F0825,38.58,82.65,45.31,22.35,19340,77.7
2026-01-02 20:00:00,F0672,29.94,49.21,83.02,24.31,97564,22.83
2026-01-02 20:05:00,F0726,41.87,83.04,40.74,31.41,90957,62.77
2026-01-02 20:10:00,F0804,29.42,91.14,41.89,21.9,23280,87.25
2026-01-02 20:15:00,F0898,31.4,49.1,50.31,32.04,96051,84.67
2026-01-02 20:20:00,F0782,39.9,91.55,82.47,30.05,30131,48.42
2026-01-02 20:25:00,F0763,38.91,57.33,81.51,23.55,77751,43.52
2026-01-02 20:30:00,F0872,20.83,33.49,62.58,28.35,82350,25.7
2026-01-02 20:35:00,F0911,22.67,37.79,66.05,27.19,55146,24.32
2026-01-02 20:40:00,F0875,21.62,94.5,40.7,37.71,60974,31.46
2026-01-02 20:45:00,F0884,35.18,80.63,51.57,29.51,24176,45.07
2026-01-02 20:50:00,F0060,18.11,47.78,72.09,18.88,21766,59.17
2026-01-02 20:55:00,F0782,36.71,38.41,47.53,24.88,57233,97.23
2026-01-02 21:00:00,F0393,18.11,64.7,69.8,36.85,43233,80.55
2026-01-02 21:05:00,F0544,22.57,73.99,62.0,20.72,91901,90.16
2026-01-02 21:10:00,F0320,21.09,54.93,59.15,18.84,6992,43.86
2026-01-02 21:15:00,F0298,28.94,63.82,54.31,24.97,91017,99.64
2026-01-02 21:20:00,F0351,41.91,61.86,71.26,18.79,53873,21.53
2026-01-02 21:25:00,F0230,35.45,38.53,70.06,28.56,23149,29.85
2026-01-02 21:30:00,F0729,33.61,32.43,80.74,20.88,71088,69.85
2026-01-02 21:35:00,F0609,41.87,73.03,64.02,15.45,91406,29.26
2026-01-02 21:40:00,F0455,27.13,65.57,50.58,18.52,92120,74.86
2026-01-02 21:45:00,F0010,25.23,73.01,64.69,21.21,80381,76.06
2026-01-02 21:50:00,F0429,37.94,36.82,68.91,17.71,15943,82.78
2026-01-02 21:55:00,F0510,22.77,42.98,34.72,27.03,27433,48.63
2026-01-02 22:00:00,F0420,25.09,32.56,52.23,19.78,64001,46.45
2026-01-02 22:05:00,F0003,18.31,35.79,23.28,28.21,65763,31.93
2026-01-02 22:10:00,F0093,36.71,34.88,69.27,35.81,85454,38.49
2026-01-02 22:15:00,F0304,24.34,33.26,75.99,35.11,39085,48.82
2026-01-02 22:20:00,F0694,25.5,78.01,22.12,32.44,7014,20.77
2026-01-02 22:25:00,F0142,33.92,41.08,41.81,25.07,82501,41.46
2026-01-02 22:30:00,F0751,20.23,82.97,28.72,24.22,60839,41.75
2026-01-02 22:35:00,F0395,34.56,61.09,46.63,35.38,22860,29.04
2026-01-02 22:40:00,F0713,35.43,93.8,78.33,17.39,78430,58.61
2026-01-02 22:45:00,F0583,34.28,41.78,43.48,23.25,4777,89.01
2026-01-02 22:50:00,F0902,38.12,93.27,24.8,36.17,15802,91.01
2026-01-02 22:55:00,F0452,19.1,47.0,38.57,31.21,89857,61.99
2026-01-02 23:00:00,F0762,31.84,66.73,88.34,30.41,45341,61.53
2026-01-02 23:05:00,F0705,34.81,36.19,64.63,20.72,46318,73.1
2026-01-02 23:10:00,F0657,27.24,84.54,56.88,37.72,8152,20.93
2026-01-02 23:15:00,F0957,21.77,85.17,78.89,35.0,10812,80.11
2026-01-02 23:20:00,F0329,23.78,93.06,18.78,20.12,85320,50.29
2026-01-02 23:25:00,F0837,23.64,59.84,75.09,25.31,66333,55.77
2026-01-02 23:30:00,F0122,41.54,78.44,16.33,24.28,5696,64.57
2026-01-02 23:35:00,F0001,37.82,81.47,87.24,29.66,67628,64.99
2026-01-02 23:40:00,F0671,34.12,91.77,42.25,16.25,30218,87.55
2026-01-02 23:45:00,F0340,31.44,70.28,50.49,30.11,94836,56.2
2026-01-02 23:50:00,F0100,36.22,44.41,40.6,34.09,39270,63.82
2026-01-02 23:55:00,F0383,34.85,32.98,27.31,18.23,94959,79.4
2026-01-03 00:00:00,F0420,20.57,69.71,29.07,36.39,52497,37.25
2026-01-03 00:05:00,F0845,36.75,76.59,23.08,24.53,84000,87.0
2026-01-03 00:10:00,F0603,20.96,87.96,49.3,28.55,67086,30.77
2026-01-03 00:15:00,F0511,18.1,77.85,56.49,24.95,77692,58.63
2026-01-03 00:20:00,F0521,36.75,89.16,66.89,18.99,17827,28.28
2026-01-03 00:25:00,F0674,32.41,87.38,52.81,23.85,80822,93.27
2026-01-03 00:30:00,F0781,23.96,55.86,40.71,21.77,18481,31.05
2026-01-03 00:35:00,F0617,34.8,78.65,37.42,31.13,42144,76.95
2026-01-03 00:40:00,F0958,31.29,44.13,30.73,31.43,90995,47.62
2026-01-03 00:45:00,F0689,21.18,76.18,88.14,19.09,72105,75.54
2026-01-03 00:50:00,F0331,35.05,79.45,57.17,28.4,88445,76.81
2026-01-03 00:55:00,F0691,35.95,84.69,36.44,34.49,2673,61.82
2026-01-03 01:00:00,F0026,27.14,33.45,19.25,21.14,22094,98.68
2026-01-03 01:05:00,F0700,24.01,84.56,66.79,21.79,99775,63.29
2026-01-03 01:10:00,F0368,37.54,36.66,80.1,32.01,30400,79.39
2026-01-03 01:15:00,F0575,27.33,63.21,74.76,31.01,91824,73.16
2026-01-03 01:20:00,F0949,27.16,57.08,74.11,30.76,73368,24.3
2026-01-03 01:25:00,F0762,24.03,70.34,73.57,35.01,30563,92.92
2026-01-03 01:30:00,F0722,35.03,53.9,59.13,31.98,26751,82.09
2026-01-03 01:35:00,F0988,22.64,59.17,88.76,16.71,23779,78.81
2026-01-03 01:40:00,F0123,27.05,57.85,56.74,17.99,77544,87.68
2026-01-03 01:45:00,F0006,25.93,76.13,26.61,18.54,43287,67.75
2026-01-03 01:50:00,F0793,40.38,70.01,64.64,26.28,76061,64.01
2026-01-03 01:55:00,F0075,36.82,50.66,31.5,19.23,9936,82.9
2026-01-03 02:00:00,F0164,27.98,64.91,21.9,20.09,28964,73.07
2026-01-03 02:05:00,F0340,26.66,44.2,71.45,27.2,74575,85.9
2026-01-03 02:10:00,F0665,18.21,73.48,48.43,35.8,81439,93.49
2026-01-03 02:15:00,F0250,41.01,74.37,39.07,36.07,15860,50.87
2026-01-03 02:20:00,F0554,35.38,31.61,53.77,32.72,68411,84.23
2026-01-03 02:25:00,F0457,29.68,49.27,63.86,22.37,11793,95.86
2026-01-03 02:30:00,F0172,41.32,80.27,54.99,29.42,28627,73.63
2026-01-03 02:35:00,F0793,23.12,74.55,77.67,19.73,93109,90.29
2026-01-03 02:40:00,F0760,36.6,72.03,85.48,32.18,21152,21.9
2026-01-03 02:45:00,F0735,25.96,35.69,19.07,33.27,74149,25.64
2026-01-03 02:50:00,F0842,23.46,46.81,44.1,29.49,57757,45.31
2026-01-03 02:55:00,F0399,34.16,64.76,63.11,29.22,98773,66.85
2026-01-03 03:00:00,F0718,38.36,53.25,52.71,21.67,90899,44.11
2026-01-03 03:05:00,F0089,24.76,90.23,43.61,33.91,5039,57.92
2026-01-03 03:10:00,F0547,23.28,78.54,74.76,34.54,39663,96.81
2026-01-03 03:15:00,F0148,25.15,87.65,87.4,34.94,85926,49.85
2026-01-03 03:20:00,F0973,18.27,86.86,25.6,15.96,76067,67.73
2026-01-03 03:25:00,F0551,31.14,35.53,30.75,32.05,96150,47.51
2026-01-03 03:30:00,F0423,39.74,85.34,25.68,19.23,81856,86.78
2026-01-03 03:35:00,F0199,20.75,73.61,57.55,16.25,99440,94.59
2026-01-03 03:40:00,F0563,29.07,65.73,36.8,16.55,13871,35.79
2026-01-03 03:45:00,F0595,29.69,51.51,24.62,30.08,14113,42.81
2026-01-03 03:50:00,F0072,39.6,50.66,48.8,29.18,41065,75.48
2026-01-03 03:55:00,F0157,31.57,53.69,38.72,24.85,1633,45.06
2026-01-03 04:00:00,F0805,23.32,78.09,47.71,34.32,18603,74.37
2026-01-03 04:05:00,F0340,39.07,60.09,41.91,22.03,73308,28.71
2026-01-03 04:10:00,F0662,32.56,84.72,79.4,18.22,71597,35.71
2026-01-03 04:15:00,F0752,39.27,34.97,20.65,15.43,67476,70.53
2026-01-03 04:20:00,F0833,31.97,56.33,59.25,35.84,73298,40.85
2026-01-03 04:25:00,F0916,41.97,60.69,73.14,23.41,30269,91.32
2026-01-03 04:30:00,F0604,35.6,48.91,49.85,26.74,53007,49.11
2026-01-03 04:35:00,F0011,33.9,85.12,75.49,29.12,22737,80.58
2026-01-03 04:40:00,F0144,28.71,41.64,86.15,30.17,20162,78.87
2026-01-03 04:45:00,F0496,40.54,32.63,72.11,20.33,35649,49.55
2026-01-03 04:50:00,F0044,34.05,63.66,74.36,23.93,60591,90.52
2026-01-03 04:55:00,F0041,41.53,51.06,67.78,26.99,36847,86.79
2026-01-03 05:00:00,F0270,31.89,67.06,43.25,23.71,78028,72.27
2026-01-03 05:05:00,F0856,19.87,46.35,87.95,20.13,54194,48.23
2026-01-03 05:10:00,F0889,26.28,81.52,81.54,15.15,19214,55.19
2026-01-03 05:15:00,F0236,19.85,71.83,30.86,19.3,48477,68.16
2026-01-03 05:20:00,F0837,20.84,44.97,75.84,31.57,64113,74.02
2026-01-03 05:25:00,F0491,23.06,40.48,77.5,15.52,6655,30.23
2026-01-03 05:30:00,F0607,21.87,70.92,17.94,28.16,8328,33.31
2026-01-03 05:35:00,F0945,22.32,92.29,59.95,27.96,3440,90.28
2026-01-03 05:40:00,F0746,33.88,48.42,21.43,25.33,62789,89.38
2026-01-03 05:45:00,F0175,23.26,56.7,25.7,28.4,24839,69.86
2026-01-03 05:50:00,F0524,24.35,77.07,40.7,25.43,78410,25.51
2026-01-03 05:55:00,F0388,27.25,37.06,30.18,34.77,67107,74.75
2026-01-03 06:00:00,F0847,21.59,36.26,50.69,29.14,6116,90.22
2026-01-03 06:05:00,F0545,30.08,37.64,51.17,18.0,80098,63.14
2026-01-03 06:10:00,F0002,39.53,80.37,63.69,27.01,49546,89.99
2026-01-03 06:15:00,F0715,30.72,44.92,75.17,33.16,50969,48.04
2026-01-03 06:20:00,F0824,35.79,79.5,67.25,17.25,18548,40.36
2026-01-03 06:25:00,F0785,23.58,85.84,36.25,35.17,54562,40.62
2026-01-03 06:30:00,F0006,35.02,81.31,58.35,17.71,1942,50.0
2026-01-03 06:35:00,F0211,34.51,50.53,42.17,18.56,86403,66.83
2026-01-03 06:40:00,F0268,38.52,57.53,42.42,21.34,90208,51.8
2026-01-03 06:45:00,F0209,27.92,80.95,51.19,23.51,73733,58.7
2026-01-03 06:50:00,F0315,31.86,80.32,44.86,18.18,87413,29.53
2026-01-03 06:55:00,F0236,28.72,75.46,27.13,19.93,53502,82.89
2026-01-03 07:00:00,F0821,31.21,75.31,68.01,18.7,84345,20.42
2026-01-03 07:05:00,F0094,37.76,60.66,60.02,17.03,35483,37.74
2026-01-03 07:10:00,F0082,32.62,77.09,84.8,24.21,87006,61.68
2026-01-03 07:15:00,F0729,41.12,33.74,73.02,19.03,65797,55.12
2026-01-03 07:20:00,F0207,38.41,90.5,53.86,19.48,79579,60.84
2026-01-03 07:25:00,F0716,23.56,41.02,17.7,20.5,1037,98.05
2026-01-03 07:30:00,F0089,41.92,80.68,41.48,24.09,77818,36.02
2026-01-03 07:35:00,F0016,35.69,34.46,21.76,21.54,74284,93.2
2026-01-03 07:40:00,F0357,26.34,83.01,31.97,37.15,60606,94.38
2026-01-03 07:45:00,F0589,18.11,41.38,52.97,27.85,66951,43.54
2026-01-03 07:50:00,F0970,20.81,63.36,34.33,27.37,76352,40.01
2026-01-03 07:55:00,F0454,41.19,66.61,72.75,32.42,61142,74.53
2026-01-03 08:00:00,F0919,32.08,31.78,23.72,16.55,84055,83.09
2026-01-03 08:05:00,F0226,34.25,44.95,38.68,36.98,68699,62.85
2026-01-03 08:10:00,F0718,37.97,46.14,21.98,30.5,45825,26.08
2026-01-03 08:15:00,F0954,22.28,50.4,31.39,28.2,24957,95.77
2026-01-03 08:20:00,F0700,40.33,42.36,70.28,20.4,32726,89.82
2026-01-03 08:25:00,F0212,23.5,84.27,77.73,23.19,14983,29.59
2026-01-03 08:30:00,F0081,34.22,73.12,61.04,32.58,71972,96.64
2026-01-03 08:35:00,F0869,29.58,70.34,51.93,37.66,76303,89.5
2026-01-03 08:40:00,F0503,22.39,79.68,53.34,24.15,99326,66.13
2026-01-03 08:45:00,F0056,30.62,57.51,85.47,15.75,46519,51.5
2026-01-03 08:50:00,F0703,36.62,59.72,24.03,26.92,42373,75.14
2026-01-03 08:55:00,F0013,34.18,54.66,22.56,23.32,35039,34.97
2026-01-03 09:00:00,F0270,23.69,60.64,60.98,23.42,66374,53.92
2026-01-03 09:05:00,F0430,34.82,54.2,79.07,21.43,24578,65.71
2026-01-03 09:10:00,F0590,34.46,82.92,69.06,33.49,73789,54.58
2026-01-03 09:15:00,F0391,22.71,82.0,70.39,25.88,2276,34.13
2026-01-03 09:20:00,F0512,21.23,88.06,62.3,27.28,42383,82.83
2026-01-03 09:25:00,F0308,24.02,85.8,18.58,17.28,22409,24.8
2026-01-03 09:30:00,F0834,24.1,84.53,22.22,32.13,35048,48.88
2026-01-03 09:35:00,F0574,31.38,82.65,40.81,24.47,47018,89.39
2026-01-03 09:40:00,F0987,32.53,67.5,63.74,27.38,38304,48.41
2026-01-03 09:45:00,F0690,30.25,80.36,48.52,16.8,81434,42.92
2026-01-03 09:50:00,F0647,40.96,86.44,63.04,36.36,56288,70.5
2026-01-03 09:55:00,F0586,27.71,88.96,20.93,22.9,42088,45.35
2026-01-03 10:00:00,F0299,35.05,69.35,44.66,35.42,48600,79.83
2026-01-03 10:05:00,F0534,41.17,56.91,28.79,15.53,96390,38.77
2026-01-03 10:10:00,F0258,40.57,75.55,21.0,18.84,14501,27.64
2026-01-03 10:15:00,F0960,39.09,65.65,16.98,24.13,11911,28.31
2026-01-03 10:20:00,F0633,21.73,72.56,81.41,22.12,33426,79.01
2026-01-03 10:25:00,F0454,33.04,38.53,77.89,15.66,87972,48.55
2026-01-03 10:30:00,F0938,25.8,60.95,88.12,27.43,36705,63.88
2026-01-03 10:35:00,F0139,41.27,75.35,28.28,28.74,83712,79.91
2026-01-03 10:40:00,F0899,31.54,64.02,62.96,22.12,46504,58.53
2026-01-03 10:45:00,F0233,37.31,58.72,42.43,20.98,40789,20.84
2026-01-03 10:50:00,F0536,37.57,85.12,40.79,25.79,2090,75.02
2026-01-03 10:55:00,F0504,40.73,61.01,15.68,24.9,39393,67.76
2026-01-03 11:00:00,F0816,18.17,54.29,45.88,27.89,52740,39.99
2026-01-03 11:05:00,F0733,35.69,55.33,43.38,21.05,56343,70.03
2026-01-03 11:10:00,F0530,36.35,89.15,75.57,30.75,38313,71.88
2026-01-03 11:15:00,F0545,37.41,56.84,79.01,19.2,38957,28.83
2026-01-03 11:20:00,F0467,32.83,47.69,61.71,19.32,3542,32.17
2026-01-03 11:25:00,F0993,30.84,42.09,22.67,21.19,94742,55.07
2026-01-03 11:30:00,F0009,23.59,39.79,52.02,22.86,41838,82.86
2026-01-03 11:35:00,F0511,41.95,60.14,74.36,22.6,99378,96.13
2026-01-03 11:40:00,F0058,24.4,55.51,55.74,19.18,33778,85.38
2026-01-03 11:45:00,F0849,18.3,93.35,68.6,23.85,59059,39.77
2026-01-03 11:50:00,F0035,22.78,77.8,22.05,30.32,28321,57.83
2026-01-03 11:55:00,F0698,41.07,90.85,26.9,31.75,98612,94.99
2026-01-03 12:00:00,F0534,20.93,61.28,37.41,23.29,7827,89.09
2026-01-03 12:05:00,F0224,41.36,45.34,47.56,15.35,37188,66.78
2026-01-03 12:10:00,F0406,36.94,30.58,18.15,33.02,63294,75.07
2026-01-03 12:15:00,F0159,26.91,35.82,26.83,17.1,82087,47.07
2026-01-03 12:20:00,F0993,41.93,70.63,19.48,29.83,92924,62.91
2026-01-03 12:25:00,F0110,21.02,45.12,88.63,33.14,46523,84.44
2026-01-03 12:30:00,F0450,35.6,31.39,43.33,31.66,33859,91.89
2026-01-03 12:35:00,F0497,34.96,66.34,55.71,26.27,75278,34.93
2026-01-03 12:40:00,F0357,25.77,60.45,80.07,28.77,73682,32.83
2026-01-03 12:45:00,F0544,21.72,49.22,34.75,23.44,1094,82.07
2026-01-03 12:50:00,F0519,27.1,42.06,16.4,34.71,82290,39.1
2026-01-03 12:55:00,F0739,19.52,92.87,76.43,19.37,90551,59.8
2026-01-03 13:00:00,F0565,21.7,48.4,45.74,22.41,13616,61.86
2026-01-03 13:05:00,F0069,19.05,90.96,28.4,15.72,15031,58.83
2026-01-03 13:10:00,F0102,18.76,71.71,44.14,26.27,82785,76.11
2026-01-03 13:15:00,F0263,19.18,44.35,68.84,15.3,28359,72.46
2026-01-03 13:20:00,F0951,39.35,35.2,75.08,16.4,74140,79.48
2026-01-03 13:25:00,F0912,27.98,53.99,68.13,33.94,35840,62.32
2026-01-03 13:30:00,F0752,19.69,49.75,85.85,37.09,13729,28.1
2026-01-03 13:35:00,F0237,30.76,42.31,54.46,20.72,82962,95.8
2026-01-03 13:40:00,F0572,35.98,56.99,22.91,29.69,47918,73.96
2026-01-03 13:45:00,F0720,33.97,87.38,27.51,19.15,53632,60.38
2026-01-03 13:50:00,F0674,21.8,94.9,48.23,23.1,42307,64.01
2026-01-03 13:55:00,F0333,38.28,56.8,62.49,34.0,43395,68.67
2026-01-03 14:00:00,F0577,31.1,54.38,56.27,32.13,48187,96.93
2026-01-03 14:05:00,F0459,41.04,30.01,17.6,21.54,3136,61.41
2026-01-03 14:10:00,F0912,25.24,49.52,31.64,34.68,3844,81.72
2026-01-03 14:15:00,F0966,34.55,47.94,56.52,27.8,75922,32.38
2026-01-03 14:20:00,F0039,29.05,40.15,34.87,35.46,33749,38.64
2026-01-03 14:25:00,F0831,25.21,67.08,57.68,20.0,11118,77.89
2026-01-03 14:30:00,F0812,29.58,61.74,82.43,31.17,13499,67.62
2026-01-03 14:35:00,F0308,18.9,82.54,43.62,32.94,44829,47.83
2026-01-03 14:40:00,F0837,28.42,90.47,24.04,32.72,98999,72.22
2026-01-03 14:45:00,F0617,40.29,71.2,62.41,16.24,69731,23.29
2026-01-03 14:50:00,F0553,31.56,51.24,67.33,18.52,89294,78.53
2026-01-03 14:55:00,F0403,41.3,78.93,58.14,17.07,57614,43.18
2026-01-03 15:00:00,F0404,21.55,51.85,50.69,32.14,72847,51.94
2026-01-03 15:05:00,F0088,27.56,58.24,67.34,32.53,64035,64.74
2026-01-03 15:10:00,F0500,27.49,67.14,57.09,37.93,69714,39.7
2026-01-03 15:15:00,F0074,24.39,57.95,66.36,28.25,15749,73.74
2026-01-03 15:20:00,F0434,26.77,42.38,40.84,30.07,40953,33.54
2026-01-03 15:25:00,F0359,32.79,94.36,48.17,18.35,6882,93.94
2026-01-03 15:30:00,F0240,22.79,54.3,71.83,34.61,15728,79.17
2026-01-03 15:35:00,F0249,40.77,90.24,80.16,33.86,2800,47.46
2026-01-03 15:40:00,F0824,20.67,59.25,16.71,19.81,71517,36.95
2026-01-03 15:45:00,F0560,30.56,46.81,51.23,31.79,19526,75.61
2026-01-03 15:50:00,F0685,18.44,67.9,64.76,16.0,23324,24.81
2026-01-03 15:55:00,F0206,36.94,70.17,18.98,30.06,2092,25.33
2026-01-03 16:00:00,F0677,24.51,85.39,64.51,34.88,3500,43.4
2026-01-03 16:05:00,F0905,33.59,45.03,43.55,37.46,14055,92.31
2026-01-03 16:10:00,F0497,38.8,64.55,28.98,26.51,61029,64.86
2026-01-03 16:15:00,F0730,18.52,46.08,54.71,22.67,52563,79.55
2026-01-03 16:20:00,F0019,26.32,52.87,61.89,20.43,66700,42.07
2026-01-03 16:25:00,F0064,33.02,87.11,81.78,33.74,4862,95.53
2026-01-03 16:30:00,F0972,24.72,39.86,82.29,30.11,12507,78.39
2026-01-03 16:35:00,F0534,41.05,69.81,61.91,20.23,32504,65.83
2026-01-03 16:40:00,F0437,41.29,89.13,39.7,27.47,28100,72.2
2026-01-03 16:45:00,F0595,30.99,82.01,79.69,22.11,93423,91.89
2026-01-03 16:50:00,F0932,21.25,94.72,88.18,18.34,75035,93.37
2026-01-03 16:55:00,F0326,19.63,64.64,68.96,19.24,20073,78.17
2026-01-03 17:00:00,F0784,25.65,93.24,87.09,21.98,98728,94.7
2026-01-03 17:05:00,F0916,33.28,77.99,26.4,19.32,18241,34.78
2026-01-03 17:10:00,F0781,41.66,70.1,60.42,29.08,79166,38.57
2026-01-03 17:15:00,F0704,18.63,35.17,73.49,18.08,80260,57.5
2026-01-03 17:20:00,F0666,26.98,85.39,51.86,18.16,26330,38.1
2026-01-03 17:25:00,F0419,36.35,30.98,35.24,24.5,98303,73.71
2026-01-03 17:30:00,F0208,36.19,34.3,84.53,37.67,81879,59.2
2026-01-03 17:35:00,F0333,38.8,87.69,47.07,32.85,80682,78.83
2026-01-03 17:40:00,F0390,35.28,55.62,85.44,28.15,71275,62.02
2026-01-03 17:45:00,F0897,34.9,32.5,23.2,25.51,6559,90.22
2026-01-03 17:50:00,F0252,30.45,55.71,70.14,27.83,68649,81.21
2026-01-03 17:55:00,F0986,19.18,48.93,44.85,22.0,38475,56.91
2026-01-03 18:00:00,F0433,25.07,89.74,66.75,35.78,61762,86.39
2026-01-03 18:05:00,F0463,20.17,62.54,28.48,28.47,92241,63.71
2026-01-03 18:10:00,F0403,27.93,59.31,28.42,28.58,94406,91.66
2026-01-03 18:15:00,F0904,28.91,46.26,66.88,35.86,22495,77.47
2026-01-03 18:20:00,F0127,20.19,75.9,62.56,16.96,93704,50.73
2026-01-03 18:25:00,F0811,41.4,69.78,26.99,27.66,6754,81.46
2026-01-03 18:30:00,F0935,26.04,86.63,79.7,18.73,19953,34.31
2026-01-03 18:35:00,F0730,19.23,50.02,69.76,37.1,38851,70.12
2026-01-03 18:40:00,F0121,39.57,92.43,15.26,32.6,2600,56.69
2026-01-03 18:45:00,F0876,29.97,82.48,60.6,26.35,29426,67.11
2026-01-03 18:50:00,F0488,28.89,58.72,60.09,15.15,72741,42.25
2026-01-03 18:55:00,F0644,31.38,83.64,18.67,18.41,86626,47.92
2026-01-03 19:00:00,F0149,38.49,73.35,77.85,21.86,12495,23.92
2026-01-03 19:05:00,F0427,41.85,40.49,36.33,30.2,92730,67.6
2026-01-03 19:10:00,F0807,31.49,92.81,71.2,23.28,5697,27.45
2026-01-03 19:15:00,F0307,25.75,88.34,76.52,32.44,73151,25.19
2026-01-03 19:20:00,F0483,21.23,75.15,35.58,27.12,69766,36.79
2026-01-03 19:25:00,F0215,32.69,37.1,69.73,29.47,12491,58.69
2026-01-03 19:30:00,F0706,32.51,81.23,68.01,24.82,42482,40.77
2026-01-03 19:35:00,F0589,41.88,53.0,24.73,27.94,69118,78.33
2026-01-03 19:40:00,F0510,29.82,41.69,60.71,31.3,26369,20.13
2026-01-03 19:45:00,F0025,29.16,81.79,70.31,19.77,81649,99.92
2026-01-03 19:50:00,F0424,19.09,52.73,75.45,19.88,84967,36.09
2026-01-03 19:55:00,F0289,24.11,34.41,37.52,27.65,1803,29.11
2026-01-03 20:00:00,F0342,26.19,77.09,61.2,15.67,24020,35.52
2026-01-03 20:05:00,F0854,26.11,73.71,83.71,33.34,85626,30.86
2026-01-03 20:10:00,F0160,33.05,87.98,55.27,22.71,55257,94.22
2026-01-03 20:15:00,F0058,38.04,49.46,69.37,22.26,71239,21.5
2026-01-03 20:20:00,F0592,34.45,81.97,81.6,23.13,20569,42.44
2026-01-03 20:25:00,F0032,26.14,54.39,55.07,18.82,80388,51.17
2026-01-03 20:30:00,F0610,20.8,80.85,38.12,34.73,94040,22.53
2026-01-03 20:35:00,F0424,20.08,87.01,42.87,34.08,40666,37.29
2026-01-03 20:40:00,F0310,22.2,54.32,17.8,19.65,13137,55.5
2026-01-03 20:45:00,F0026,37.18,88.82,26.56,22.82,64369,78.6
2026-01-03 20:50:00,F0537,25.45,51.28,72.71,17.26,68652,74.14
2026-01-03 20:55:00,F0136,22.92,32.38,44.07,34.89,16182,20.33
2026-01-03 21:00:00,F0955,19.06,85.13,80.39,22.67,7047,28.25
2026-01-03 21:05:00,F0785,33.82,50.31,58.32,22.18,28504,45.67
2026-01-03 21:10:00,F0198,24.88,64.6,72.96,30.44,36737,31.95
2026-01-03 21:15:00,F0281,20.75,92.29,56.97,17.35,72110,48.03
2026-01-03 21:20:00,F0327,24.51,91.31,75.3,28.2,23449,25.7
2026-01-03 21:25:00,F0628,39.41,65.14,18.8,15.67,89538,24.04
2026-01-03 21:30:00,F0393,19.29,57.72,28.42,28.71,78693,70.36
2026-01-03 21:35:00,F0707,34.78,70.06,38.43,33.8,94441,80.67
2026-01-03 21:40:00,F0829,30.8,93.29,71.68,25.71,18274,27.43
2026-01-03 21:45:00,F0822,40.07,60.44,49.17,30.74,94089,81.32
2026-01-03 21:50:00,F0482,23.56,44.55,79.58,29.19,48638,51.37
2026-01-03 21:55:00,F0717,40.01,51.47,79.56,22.47,64898,22.42
2026-01-03 22:00:00,F0487,20.71,61.11,78.43,21.49,46693,68.36
2026-01-03 22:05:00,F0131,30.19,56.37,68.57,17.46,73895,71.96
2026-01-03 22:10:00,F0812,25.25,59.96,59.29,20.49,32941,63.84
2026-01-03 22:15:00,F0998,29.58,34.29,30.62,30.96,57511,82.75
2026-01-03 22:20:00,F0446,31.61,52.24,67.06,18.98,88766,26.23
2026-01-03 22:25:00,F0954,35.09,84.39,23.57,28.71,43647,64.41
2026-01-03 22:30:00,F0842,28.69,50.02,45.43,28.76,90850,85.13
2026-01-03 22:35:00,F0790,37.68,51.28,63.37,16.41,29522,85.36
2026-01-03 22:40:00,F0909,31.94,79.07,75.74,32.41,87623,31.94
2026-01-03 22:45:00,F0545,25.0,70.01,48.54,19.73,42497,43.98
2026-01-03 22:50:00,F0814,39.92,49.8,85.75,25.0,46123,99.22
2026-01-03 22:55:00,F0597,18.19,94.12,45.31,17.93,39559,24.99
2026-01-03 23:00:00,F0923,31.17,33.45,67.75,33.88,48086,28.78
2026-01-03 23:05:00,F0289,38.78,45.29,67.67,24.07,42697,76.94
2026-01-03 23:10:00,F0416,27.16,65.43,64.69,25.92,25671,64.43
2026-01-03 23:15:00,F0864,40.19,84.6,26.57,37.94,88826,30.04
2026-01-03 23:20:00,F0012,19.72,31.02,69.1,26.19,58243,98.0
2026-01-03 23:25:00,F0140,20.03,71.75,46.19,25.49,92146,68.35
2026-01-03 23:30:00,F0436,32.96,59.54,46.81,33.86,51425,48.42
2026-01-03 23:35:00,F0191,28.19,30.48,52.36,31.81,94340,60.14
2026-01-03 23:40:00,F0421,40.24,67.46,17.51,15.87,64342,76.39
2026-01-03 23:45:00,F0116,31.93,92.51,21.0,31.79,69997,98.69
2026-01-03 23:50:00,F0769,36.69,60.22,20.87,35.47,12592,39.62
2026-01-03 23:55:00,F0646,35.8,92.43,20.86,29.57,76973,45.0
2026-01-04 00:00:00,F0055,39.69,64.78,15.81,25.44,62503,65.92
2026-01-04 00:05:00,F0340,28.1,92.44,74.87,21.65,5630,75.6
2026-01-04 00:10:00,F0612,35.99,77.25,57.28,16.41,63018,66.25
2026-01-04 00:15:00,F0587,19.24,94.37,75.67,29.36,38593,58.78
2026-01-04 00:20:00,F0130,30.13,85.34,35.84,18.05,37827,42.02
2026-01-04 00:25:00,F0264,18.34,37.25,28.1,28.61,20809,72.73
2026-01-04 00:30:00,F0379,37.39,46.98,67.56,26.15,70125,88.96
2026-01-04 00:35:00,F0352,41.62,92.88,59.67,33.9,66004,80.22
2026-01-04 00:40:00,F0423,36.49,45.47,48.01,29.66,28637,66.22
2026-01-04 00:45:00,F0863,26.28,71.75,71.66,17.67,22967,57.12
2026-01-04 00:50:00,F0488,25.23,78.5,71.43,27.25,50781,74.68
2026-01-04 00:55:00,F0400,29.39,39.43,80.27,15.27,59827,50.56
2026-01-04 01:00:00,F0324,41.08,74.39,18.08,36.11,84548,48.31
2026-01-04 01:05:00,F0865,28.36,89.67,79.38,22.7,36007,84.19
2026-01-04 01:10:00,F0262,33.7,55.42,72.99,32.23,97247,73.75
2026-01-04 01:15:00,F0789,22.68,51.93,66.77,19.14,72776,20.85
2026-01-04 01:20:00,F0009,37.96,30.78,22.33,17.39,59450,48.12
2026-01-04 01:25:00,F0743,24.8,42.55,16.78,17.11,78874,72.53
2026-01-04 01:30:00,F0856,23.2,68.96,24.13,37.03,12322,88.52
2026-01-04 01:35:00,F0134,27.02,79.65,63.59,33.47,25217,91.68
2026-01-04 01:40:00,F0713,22.42,49.15,64.54,16.74,60433,93.82
2026-01-04 01:45:00,F0284,36.46,74.99,65.07,32.71,34729,32.96
2026-01-04 01:50:00,F0076,24.65,34.06,44.14,37.91,34847,96.45
2026-01-04 01:55:00,F0272,22.27,34.51,88.46,19.62,52463,34.28
2026-01-04 02:00:00,F0504,20.6,65.14,47.34,29.12,14926,93.01
2026-01-04 02:05:00,F0733,24.22,32.27,20.28,31.73,59442,21.5
2026-01-04 02:10:00,F0510,21.57,71.62,84.97,30.29,35922,32.13
2026-01-04 02:15:00,F0338,39.71,67.35,53.65,36.62,65314,58.25
2026-01-04 02:20:00,F0414,38.26,80.76,73.9,27.42,1433,50.75
2026-01-04 02:25:00,F0706,37.63,61.33,57.54,36.51,48044,46.68
2026-01-04 02:30:00,F0311,27.61,71.1,86.91,17.09,71074,88.27
2026-01-04 02:35:00,F0349,19.93,59.88,72.49,29.9,24149,64.36
2026-01-04 02:40:00,F0991,27.22,42.42,67.19,35.62,83656,75.11
2026-01-04 02:45:00,F0499,20.04,71.13,70.15,18.22,26309,22.03
2026-01-04 02:50:00,F0608,23.72,55.27,74.46,29.8,66494,62.72
2026-01-04 02:55:00,F0855,37.48,92.83,16.23,22.8,45265,83.02
2026-01-04 03:00:00,F0044,27.73,43.76,64.04,27.03,89877,89.62
2026-01-04 03:05:00,F0550,21.57,67.66,84.36,15.85,19558,59.11
2026-01-04 03:10:00,F0020,29.31,89.67,18.44,31.13,18109,21.15
2026-01-04 03:15:00,F0648,19.2,49.98,74.53,25.49,23372,86.83
2026-01-04 03:20:00,F0066,37.63,36.91,52.29,33.38,29910,25.05
2026-01-04 03:25:00,F0208,28.23,82.75,88.66,30.6,43498,29.66
2026-01-04 03:30:00,F0701,31.82,38.93,77.73,33.24,6975,67.45
2026-01-04 03:35:00,F0344,19.52,47.8,71.82,18.87,49487,64.27
2026-01-04 03:40:00,F0450,23.85,67.83,25.0,33.19,83863,69.0
2026-01-04 03:45:00,F0797,21.79,87.18,21.05,15.17,12683,76.54
2026-01-04 03:50:00,F0608,39.29,57.05,75.56,32.77,91748,30.15
2026-01-04 03:55:00,F0147,33.36,64.0,45.9,36.58,81024,75.33
2026-01-04 04:00:00,F0611,22.32,62.49,86.27,29.43,40478,47.83
2026-01-04 04:05:00,F0005,31.39,42.47,89.0,37.47,82123,48.95
2026-01-04 04:10:00,F0780,41.68,62.99,49.82,29.41,28277,42.11
2026-01-04 04:15:00,F0199,20.7,39.7,78.28,35.96,66210,34.11
2026-01-04 04:20:00,F0687,40.14,33.51,42.31,19.82,33949,46.74
2026-01-04 04:25:00,F0825,39.36,59.45,22.83,16.21,71432,34.07
2026-01-04 04:30:00,F0805,18.7,63.47,20.31,20.41,59303,67.42
2026-01-04 04:35:00,F0334,28.06,78.56,82.38,20.29,15435,46.09
2026-01-04 04:40:00,F0101,23.69,56.82,30.0,35.5,10637,57.68
2026-01-04 04:45:00,F0497,19.3,58.33,31.21,29.02,24338,50.99
2026-01-04 04:50:00,F0140,28.99,42.62,41.89,21.2,45025,30.18
2026-01-04 04:55:00,F0709,31.65,48.24,23.33,25.71,55817,33.7
2026-01-04 05:00:00,F0352,23.28,49.19,26.76,33.28,81154,92.45
2026-01-04 05:05:00,F0592,41.28,85.58,21.49,34.71,65122,88.98
2026-01-04 05:10:00,F0222,32.2,84.4,35.94,31.79,97492,89.81
2026-01-04 05:15:00,F0254,25.86,67.67,81.89,28.61,20525,93.1
2026-01-04 05:20:00,F0920,18.12,93.71,18.0,25.83,67088,22.69
2026-01-04 05:25:00,F0544,27.46,82.63,67.25,17.25,65918,39.24
2026-01-04 05:30:00,F0572,36.07,75.06,45.5,20.01,47976,43.66
2026-01-04 05:35:00,F0664,41.97,31.04,65.18,18.72,61199,88.63
2026-01-04 05:40:00,F0766,32.01,93.47,49.78,18.19,93161,52.43
2026-01-04 05:45:00,F0809,38.92,70.74,67.79,15.03,83222,25.66
2026-01-04 05:50:00,F0915,34.58,64.51,37.24,32.32,92495,95.69
2026-01-04 05:55:00,F0556,31.81,43.46,66.35,29.27,45000,78.86
2026-01-04 06:00:00,F0057,30.35,89.15,42.3,16.19,51194,49.25
2026-01-04 06:05:00,F0634,18.98,53.82,63.61,31.21,74499,76.75
2026-01-04 06:10:00,F0210,21.32,51.77,55.47,29.93,97649,95.13
2026-01-04 06:15:00,F0595,38.91,75.68,71.49,32.5,43003,48.22
2026-01-04 06:20:00,F0274,30.09,57.49,19.08,23.57,60298,58.9
2026-01-04 06:25:00,F0540,37.91,60.56,54.89,33.98,39307,56.16
2026-01-04 06:30:00,F0377,37.2,91.45,75.66,36.64,9601,35.07
2026-01-04 06:35:00,F0906,28.99,35.21,82.35,21.63,11085,28.75
2026-01-04 06:40:00,F0283,20.69,39.62,26.29,19.7,83218,21.82
2026-01-04 06:45:00,F0427,41.27,65.19,24.9,22.97,59177,79.02
2026-01-04 06:50:00,F0022,25.0,34.09,80.38,20.34,69107,71.57
2026-01-04 06:55:00,F0422,31.89,72.62,74.01,26.18,88274,75.75
2026-01-04 07:00:00,F0863,31.16,59.77,57.54,35.66,41172,33.74
2026-01-04 07:05:00,F0267,23.44,54.17,36.61,34.45,20443,48.25
2026-01-04 07:10:00,F0467,40.95,70.21,27.06,27.31,24891,97.86
2026-01-04 07:15:00,F0860,34.99,88.81,74.58,18.71,16324,23.29
2026-01-04 07:20:00,F0325,31.79,58.66,42.73,19.72,93685,22.78
2026-01-04 07:25:00,F0325,41.47,39.62,48.63,37.44,70945,44.12
2026-01-04 07:30:00,F0943,18.6,90.52,72.64,36.8,42971,32.48
2026-01-04 07:35:00,F0994,35.72,93.41,39.85,31.23,63116,91.68
2026-01-04 07:40:00,F0993,40.66,93.74,58.03,18.38,75086,78.28
2026-01-04 07:45:00,F0945,28.61,74.79,69.87,35.7,19274,74.24
2026-01-04 07:50:00,F0120,25.39,56.11,78.07,25.26,13121,46.11
2026-01-04 07:55:00,F0623,33.39,67.92,31.66,36.52,37428,35.66
2026-01-04 08:00:00,F0086,30.92,58.95,65.37,17.01,68081,51.55
2026-01-04 08:05:00,F0503,25.63,69.33,85.76,35.89,48325,51.8
2026-01-04 08:10:00,F0734,38.49,54.03,42.96,21.55,47052,44.65
2026-01-04 08:15:00,F0457,38.98,35.69,69.59,25.22,55474,84.29
2026-01-04 08:20:00,F0296,21.93,77.32,82.33,31.76,55289,31.17
2026-01-04 08:25:00,F0602,32.35,39.34,37.74,37.73,69852,98.93
2026-01-04 08:30:00,F0068,40.4,68.39,43.18,15.15,84729,93.15
2026-01-04 08:35:00,F0425,22.2,60.04,57.59,36.04,27117,34.88
2026-01-04 08:40:00,F0391,24.95,61.89,76.71,21.95,77704,44.31
2026-01-04 08:45:00,F0573,35.76,44.59,74.34,18.54,40343,96.48
2026-01-04 08:50:00,F0855,33.28,38.07,64.94,21.62,24510,59.35
2026-01-04 08:55:00,F0705,33.47,31.85,72.35,26.34,9745,67.91
2026-01-04 09:00:00,F0371,31.95,66.76,80.13,29.44,63395,97.94
2026-01-04 09:05:00,F0838,20.87,63.31,58.14,34.44,22344,66.53
2026-01-04 09:10:00,F0150,25.67,87.09,25.16,18.76,36739,48.89
2026-01-04 09:15:00,F0652,39.89,53.14,36.74,27.18,11069,61.11
2026-01-04 09:20:00,F0785,33.07,79.7,59.91,18.84,43284,89.8
2026-01-04 09:25:00,F0847,38.28,81.99,35.36,31.05,48516,27.67
2026-01-04 09:30:00,F0594,26.44,39.34,25.27,21.47,64556,52.96
2026-01-04 09:35:00,F0944,39.86,36.66,26.59,20.09,25696,83.61
2026-01-04 09:40:00,F0573,32.72,84.04,54.42,27.24,73235,76.18
2026-01-04 09:45:00,F0822,20.74,59.93,20.73,33.83,3277,58.36
2026-01-04 09:50:00,F0320,34.59,39.04,48.15,37.71,69566,81.09
2026-01-04 09:55:00,F0351,22.13,49.8,70.83,17.73,17870,88.55
2026-01-04 10:00:00,F0146,34.51,49.98,30.74,37.57,56680,75.27
2026-01-04 10:05:00,F0803,20.68,31.22,51.32,24.92,26736,28.63
2026-01-04 10:10:00,F0813,33.83,68.56,50.18,35.9,6672,25.3
2026-01-04 10:15:00,F0684,18.25,36.27,24.28,28.84,78018,92.09
2026-01-04 10:20:00,F0190,34.09,31.9,25.92,32.16,37356,95.9
2026-01-04 10:25:00,F0357,26.45,85.58,73.56,29.1,67179,65.62
2026-01-04 10:30:00,F0102,37.67,79.61,54.66,31.46,37943,33.74
2026-01-04 10:35:00,F0773,30.89,93.28,22.4,19.92,67085,88.1
2026-01-04 10:40:00,F0487,26.8,68.31,47.97,37.03,24704,86.78
2026-01-04 10:45:00,F0389,28.18,63.43,45.57,32.51,42193,29.89
2026-01-04 10:50:00,F0113,30.47,62.23,42.09,21.63,95651,23.25
2026-01-04 10:55:00,F0336,29.85,55.01,49.27,31.93,91052,98.09
2026-01-04 11:00:00,F0455,23.42,56.47,88.87,24.84,10123,91.58
2026-01-04 11:05:00,F0822,29.42,74.14,28.45,37.97,65441,73.77
2026-01-04 11:10:00,F0406,28.51,72.81,21.38,18.3,53510,75.6
2026-01-04 11:15:00,F0105,35.79,88.01,27.65,23.37,27094,47.09
2026-01-04 11:20:00,F0610,38.26,56.28,32.47,24.77,66419,42.28
2026-01-04 11:25:00,F0731,36.38,68.59,71.72,33.42,53459,48.49
2026-01-04 11:30:00,F0683,32.48,56.29,51.34,21.41,60589,28.64
2026-01-04 11:35:00,F0257,29.74,45.0,85.68,15.68,97704,24.23
2026-01-04 11:40:00,F0070,29.96,31.74,28.43,28.91,43854,32.22
2026-01-04 11:45:00,F0637,32.96,79.41,64.58,26.96,65512,83.42
2026-01-04 11:50:00,F0207,25.05,62.36,52.86,27.48,71848,63.73
2026-01-04 11:55:00,F0976,36.34,94.4,81.01,17.74,59997,45.16
2026-01-04 12:00:00,F0386,28.62,32.34,28.27,30.17,40720,90.78
2026-01-04 12:05:00,F0169,29.8,38.74,68.68,26.21,15336,65.51
2026-01-04 12:10:00,F0503,33.84,74.55,57.92,25.95,21487,60.53
2026-01-04 12:15:00,F0401,24.32,68.42,43.33,30.56,38281,45.64
2026-01-04 12:20:00,F0029,32.17,38.33,42.48,33.62,77541,22.15
2026-01-04 12:25:00,F0913,33.0,54.74,47.11,37.81,54992,48.1
2026-01-04 12:30:00,F0678,23.86,45.25,38.41,16.95,91176,25.24
2026-01-04 12:35:00,F0313,20.75,41.04,55.38,15.86,87214,89.07
2026-01-04 12:40:00,F0582,30.35,57.38,16.53,25.8,3914,98.86
2026-01-04 12:45:00,F0387,31.69,50.96,22.33,26.23,91552,74.01
2026-01-04 12:50:00,F0345,29.92,82.74,65.05,18.83,40258,49.07
2026-01-04 12:55:00,F0447,22.84,71.3,88.06,16.73,71232,37.13
2026-01-04 13:00:00,F0272,19.14,94.75,45.15,20.2,98371,96.64
2026-01-04 13:05:00,F0735,38.26,36.16,40.26,16.55,70607,58.02
2026-01-04 13:10:00,F0215,26.34,34.98,76.78,26.61,40309,54.63
2026-01-04 13:15:00,F0553,25.52,56.93,33.84,26.85,89022,81.08
2026-01-04 13:20:00,F0185,39.14,70.81,53.72,19.29,66431,37.04
2026-01-04 13:25:00,F0986,37.77,90.98,35.1,29.67,81533,88.22
2026-01-04 13:30:00,F0929,28.41,66.8,62.01,27.01,48746,57.0
2026-01-04 13:35:00,F0247,21.61,74.54,37.52,25.01,42766,88.81
2026-01-04 13:40:00,F0934,19.55,43.23,45.93,33.95,85678,32.85
2026-01-04 13:45:00,F0704,32.43,56.38,23.52,19.41,33189,83.76
2026-01-04 13:50:00,F0318,29.14,66.39,47.71,29.88,5850,36.16
2026-01-04 13:55:00,F0280,21.27,46.8,75.27,30.15,24066,71.54
2026-01-04 14:00:00,F0044,41.13,61.58,16.49,34.77,12000,45.11
2026-01-04 14:05:00,F0306,38.81,88.54,45.53,23.36,87170,90.86
2026-01-04 14:10:00,F0407,40.64,77.08,25.54,17.57,97269,60.02
2026-01-04 14:15:00,F0124,30.53,83.88,86.23,36.43,34004,59.72
2026-01-04 14:20:00,F0093,23.71,37.95,75.5,22.57,77588,78.98
2026-01-04 14:25:00,F0826,35.96,45.34,46.72,18.32,23957,37.13
2026-01-04 14:30:00,F0282,28.55,46.53,59.21,26.28,50113,75.97
2026-01-04 14:35:00,F0116,25.6,57.55,66.21,37.16,19993,49.04
2026-01-04 14:40:00,F0733,26.83,50.03,63.4,35.82,5562,87.32
2026-01-04 14:45:00,F0679,37.17,33.55,83.81,30.45,34158,64.22
2026-01-04 14:50:00,F0317,33.33,75.54,82.74,30.76,71111,89.36
2026-01-04 14:55:00,F0879,28.62,30.51,87.06,36.33,34493,44.07
2026-01-04 15:00:00,F0959,37.74,45.3,30.78,35.48,58520,70.51
2026-01-04 15:05:00,F0901,37.49,71.89,74.2,21.3,11498,85.86
2026-01-04 15:10:00,F0964,29.8,77.9,84.49,22.65,56360,90.14
2026-01-04 15:15:00,F0840,20.41,40.42,34.57,16.53,56164,68.17
2026-01-04 15:20:00,F0833,31.15,51.24,67.14,32.53,85066,71.33
2026-01-04 15:25:00,F0646,28.64,71.67,15.23,19.6,41048,45.1
2026-01-04 15:30:00,F0085,20.66,46.22,68.52,32.65,86089,81.05
2026-01-04 15:35:00,F0868,32.26,56.67,85.46,25.38,97360,30.68
2026-01-04 15:40:00,F0178,34.5,83.74,74.96,19.57,55328,49.41
2026-01-04 15:45:00,F0403,39.03,91.41,81.33,20.16,4010,93.85
2026-01-04 15:50:00,F0663,32.69,44.87,21.67,25.64,35312,76.1
2026-01-04 15:55:00,F0173,19.19,70.17,60.03,18.43,49224,33.61
2026-01-04 16:00:00,F0581,20.82,76.71,47.64,36.16,60468,86.18
2026-01-04 16:05:00,F0507,20.84,76.38,29.29,34.82,35891,43.04
2026-01-04 16:10:00,F0507,27.17,58.04,30.5,19.96,38089,78.14
2026-01-04 16:15:00,F0194,28.04,56.55,25.95,21.67,35314,38.84
2026-01-04 16:20:00,F0462,39.78,54.03,66.32,25.54,2352,57.51
2026-01-04 16:25:00,F0893,25.76,75.05,66.51,31.41,93858,53.86
2026-01-04 16:30:00,F0612,24.15,36.19,19.41,22.66,31781,57.67
2026-01-04 16:35:00,F0363,41.92,91.06,87.54,28.76,99073,84.79
2026-01-04 16:40:00,F0006,24.09,70.28,37.69,24.08,49614,30.58
2026-01-04 16:45:00,F0914,31.43,67.73,34.52,26.59,45456,90.23
2026-01-04 16:50:00,F0136,20.15,76.17,47.47,20.99,42060,23.53
2026-01-04 16:55:00,F0131,29.98,93.27,36.08,23.29,57372,42.63
2026-01-04 17:00:00,F0898,24.32,83.92,84.5,26.89,58117,91.41
2026-01-04 17:05:00,F0324,35.68,61.93,86.25,27.78,87169,70.93
2026-01-04 17:10:00,F0451,19.28,39.66,32.24,15.82,35108,33.08
2026-01-04 17:15:00,F0479,28.47,94.69,84.54,15.94,47729,99.11
2026-01-04 17:20:00,F0575,29.64,62.04,78.44,34.94,17207,47.97
2026-01-04 17:25:00,F0209,38.84,41.74,27.62,26.7,36755,65.06
2026-01-04 17:30:00,F0680,32.06,67.93,87.87,27.1,75814,34.45
2026-01-04 17:35:00,F0943,19.84,79.94,65.77,35.41,4402,42.74
2026-01-04 17:40:00,F0697,20.93,54.28,84.69,17.44,43406,32.3
2026-01-04 17:45:00,F0084,29.05,76.0,50.99,29.45,36300,67.54
2026-01-04 17:50:00,F0006,25.91,32.85,61.68,25.42,96885,99.99
2026-01-04 17:55:00,F0929,40.98,67.0,30.85,16.12,85363,42.64
2026-01-04 18:00:00,F0818,19.33,34.6,86.39,23.77,53279,40.41
2026-01-04 18:05:00,F0246,41.16,86.26,21.69,34.6,22356,51.08
2026-01-04 18:10:00,F0413,24.84,78.92,64.05,17.77,65336,84.09
2026-01-04 18:15:00,F0754,37.35,50.16,66.37,18.02,88231,27.69
2026-01-04 18:20:00,F0377,30.3,61.83,81.41,25.96,74801,68.03
2026-01-04 18:25:00,F0093,36.16,82.71,61.04,24.98,56838,27.44
2026-01-04 18:30:00,F0526,26.2,60.13,31.82,30.78,21325,94.45
2026-01-04 18:35:00,F0540,33.11,64.1,36.8,25.06,63601,44.03
2026-01-04 18:40:00,F0131,34.42,49.53,33.65,24.84,75519,23.82
2026-01-04 18:45:00,F0079,40.02,63.37,53.3,24.5,61903,72.87
2026-01-04 18:50:00,F0583,37.51,53.1,58.92,32.68,3132,29.11
2026-01-04 18:55:00,F0678,29.11,81.1,78.22,16.04,55558,90.14
2026-01-04 19:00:00,F0305,25.53,77.07,71.8,25.35,35743,47.31
2026-01-04 19:05:00,F0941,38.91,42.17,28.88,32.18,80174,40.75
2026-01-04 19:10:00,F0690,20.55,64.73,15.44,17.68,23509,72.46
2026-01-04 19:15:00,F0472,34.6,86.47,87.44,28.84,64795,44.22
2026-01-04 19:20:00,F0833,41.37,53.45,65.54,30.88,52773,84.37
2026-01-04 19:25:00,F0090,21.0,30.9,23.39,15.37,25670,88.72
2026-01-04 19:30:00,F0215,29.55,39.44,33.13,34.37,71593,35.27
2026-01-04 19:35:00,F0309,36.47,39.63,46.64,17.68,20978,79.1
2026-01-04 19:40:00,F0456,41.13,60.65,79.48,28.46,27389,43.59
2026-01-04 19:45:00,F0850,38.01,33.31,15.59,29.5,94466,54.54
2026-01-04 19:50:00,F0426,38.37,77.91,59.69,27.75,39112,22.96
2026-01-04 19:55:00,F0410,29.67,68.42,60.86,30.61,64950,38.55
2026-01-04 20:00:00,F0063,30.68,57.43,38.69,16.46,85974,53.37
2026-01-04 20:05:00,F0485,20.81,70.48,63.46,25.31,58177,21.66
2026-01-04 20:10:00,F0295,35.43,60.5,47.86,26.68,78025,92.73
2026-01-04 20:15:00,F0348,40.12,85.47,68.64,25.77,39455,77.84
2026-01-04 20:20:00,F0400,41.04,84.15,65.48,31.9,62908,83.98
2026-01-04 20:25:00,F0865,21.89,43.47,66.8,16.98,64293,30.33
2026-01-04 20:30:00,F0205,21.75,61.99,74.51,36.69,65713,44.29
2026-01-04 20:35:00,F0215,31.36,94.95,41.91,21.0,89726,32.69
2026-01-04 20:40:00,F0848,38.63,62.73,75.51,22.77,15938,69.41
2026-01-04 20:45:00,F0124,31.49,61.61,89.52,33.05,7117,81.61
2026-01-04 20:50:00,F0571,24.42,39.83,66.76,26.85,88750,28.33
2026-01-04 20:55:00,F0052,40.24,58.46,49.29,34.36,15539,97.97
2026-01-04 21:00:00,F0801,32.65,80.84,86.05,33.94,6501,60.58
2026-01-04 21:05:00,F0172,33.12,86.61,83.32,18.61,39289,76.65
2026-01-04 21:10:00,F0781,30.14,77.62,22.45,29.88,44857,85.53
2026-01-04 21:15:00,F0126,38.37,58.54,46.18,32.69,33154,86.79
2026-01-04 21:20:00,F0486,26.19,62.83,21.39,23.57,99939,53.2
2026-01-04 21:25:00,F0645,33.96,39.85,71.51,24.7,30908,31.04
2026-01-04 21:30:00,F0440,27.92,56.61,49.41,34.6,90417,48.94
2026-01-04 21:35:00,F0031,28.62,80.06,68.82,26.9,10120,26.78
2026-01-04 21:40:00,F0323,27.64,80.2,47.56,24.05,5861,72.81
2026-01-04 21:45:00,F0657,21.62,67.35,88.33,37.54,87554,90.07
2026-01-04 21:50:00,F0997,25.1,56.13,66.07,27.73,40888,77.72
2026-01-04 21:55:00,F0322,39.82,30.51,35.98,27.14,20249,76.02
2026-01-04 22:00:00,F0457,33.45,87.69,61.83,29.22,58952,75.8
2026-01-04 22:05:00,F0909,37.48,72.17,73.16,35.26,12046,22.96
2026-01-04 22:10:00,F0343,27.36,76.73,80.99,26.97,71882,42.71
2026-01-04 22:15:00,F0096,30.28,50.3,40.55,29.62,4069,22.23
2026-01-04 22:20:00,F0816,30.96,46.81,77.42,21.99,56410,98.96
2026-01-04 22:25:00,F0114,35.57,84.7,34.48,26.67,17228,23.82
2026-01-04 22:30:00,F0667,40.59,59.17,57.93,15.12,45430,98.64
2026-01-04 22:35:00,F0825,35.9,67.8,68.6,36.56,88231,62.66
2026-01-04 22:40:00,F0610,23.61,49.45,65.02,33.75,76073,73.79
2026-01-04 22:45:00,F0732,27.06,77.94,22.89,26.88,26238,85.83
2026-01-04 22:50:00,F0370,28.9,39.53,46.93,24.48,13091,24.98
2026-01-04 22:55:00,F0910,21.12,43.96,20.86,30.57,53789,67.06
2026-01-04 23:00:00,F0532,36.69,86.68,58.82,29.64,58682,75.12
2026-01-04 23:05:00,F0971,29.75,93.26,76.79,18.32,17662,58.78
2026-01-04 23:10:00,F0469,21.11,75.79,79.75,17.72,28871,56.43
2026-01-04 23:15:00,F0034,35.92,91.36,42.7,36.89,79852,88.19
2026-01-04 23:20:00,F0113,20.9,67.16,18.02,18.53,49688,44.39
2026-01-04 23:25:00,F0384,25.28,61.59,74.34,18.27,78283,53.74
2026-01-04 23:30:00,F0960,39.46,87.79,31.17,33.84,65067,20.17
2026-01-04 23:35:00,F0561,26.37,86.58,46.32,28.18,75155,56.19
2026-01-04 23:40:00,F0346,36.75,60.89,69.0,28.93,19156,60.38
2026-01-04 23:45:00,F0472,36.28,73.37,26.17,31.74,12706,83.98
2026-01-04 23:50:00,F0681,32.97,55.17,82.52,22.8,7005,96.65
2026-01-04 23:55:00,F0912,28.63,48.03,21.64,18.81,4251,65.76
2026-01-05 00:00:00,F0816,36.52,50.08,63.39,29.81,12161,35.39
2026-01-05 00:05:00,F0634,31.0,79.24,86.8,27.0,99377,58.07
2026-01-05 00:10:00,F0919,18.45,72.79,54.89,37.13,37039,82.94
2026-01-05 00:15:00,F0252,37.91,84.53,58.47,16.95,70932,68.55
2026-01-05 00:20:00,F0412,32.13,61.95,85.04,22.82,24659,53.19
2026-01-05 00:25:00,F0881,30.67,54.83,21.83,37.54,72012,33.45
2026-01-05 00:30:00,F0148,22.38,79.94,26.57,36.9,89946,33.54
2026-01-05 00:35:00,F0630,41.07,41.79,68.5,21.85,13942,45.6
2026-01-05 00:40:00,F0423,39.43,46.77,85.62,35.69,7799,36.2
2026-01-05 00:45:00,F0771,32.33,45.37,53.15,26.6,16083,41.54
2026-01-05 00:50:00,F0326,29.16,56.46,51.31,24.37,31636,93.1
2026-01-05 00:55:00,F0020,24.46,92.63,65.63,20.67,73706,72.12
2026-01-05 01:00:00,F0129,25.31,56.44,21.29,29.62,27667,82.63
2026-01-05 01:05:00,F0146,26.96,94.05,73.65,27.36,56542,96.91
2026-01-05 01:10:00,F0569,28.84,30.07,49.85,34.08,38912,72.24
2026-01-05 01:15:00,F0172,18.01,90.68,51.16,28.75,90128,50.41
2026-01-05 01:20:00,F0360,38.22,43.83,78.05,21.47,22157,79.13
2026-01-05 01:25:00,F0577,19.68,35.83,67.38,34.1,96036,64.52
2026-01-05 01:30:00,F0287,39.08,43.71,52.86,33.45,90404,95.63
2026-01-05 01:35:00,F0651,24.27,78.93,48.95,20.66,43157,47.33
2026-01-05 01:40:00,F0471,41.02,51.35,83.55,18.08,1268,68.7
2026-01-05 01:45:00,F0005,39.63,73.73,45.99,35.59,93182,59.12
2026-01-05 01:50:00,F0403,30.92,81.17,63.68,16.78,5056,91.41
2026-01-05 01:55:00,F0836,34.12,73.7,41.47,33.69,79815,48.64
2026-01-05 02:00:00,F0182,38.14,82.77,88.78,17.87,49559,94.9
2026-01-05 02:05:00,F0456,18.22,78.3,71.88,30.65,93955,48.63
2026-01-05 02:10:00,F0093,37.59,70.64,75.63,20.09,65724,97.38
2026-01-05 02:15:00,F0038,24.74,88.79,68.02,19.81,26701,98.74
2026-01-05 02:20:00,F0654,27.51,86.54,57.68,26.36,73323,35.5
2026-01-05 02:25:00,F0757,31.58,74.35,57.39,16.5,17809,79.68
2026-01-05 02:30:00,F0131,24.23,67.04,32.1,27.03,36956,35.35
2026-01-05 02:35:00,F0695,18.55,93.04,65.83,29.13,90218,64.81
2026-01-05 02:40:00,F0465,18.05,57.76,65.48,29.95,43336,54.6
2026-01-05 02:45:00,F0417,24.58,74.21,49.99,23.31,6697,90.7
2026-01-05 02:50:00,F0230,19.13,89.7,54.93,22.27,52361,35.57
2026-01-05 02:55:00,F0084,39.12,82.5,89.27,20.19,91380,53.91
2026-01-05 03:00:00,F0077,40.01,42.8,39.69,16.45,82958,27.74
2026-01-05 03:05:00,F0492,28.37,31.56,74.79,36.51,33821,39.77
2026-01-05 03:10:00,F0485,23.72,52.15,19.08,22.67,32030,95.48
2026-01-05 03:15:00,F0795,32.4,58.5,22.18,25.27,17361,26.84
2026-01-05 03:20:00,F0063,40.0,54.53,81.76,30.95,17716,24.96
2026-01-05 03:25:00,F0822,28.61,49.6,61.96,16.51,89809,24.46
2026-01-05 03:30:00,F0054,25.08,54.79,22.19,32.3,31554,89.17
2026-01-05 03:35:00,F0807,33.83,30.69,43.79,33.29,82292,69.54
2026-01-05 03:40:00,F0348,33.62,73.93,16.95,26.9,78045,35.4
2026-01-05 03:45:00,F0106,18.29,76.36,59.47,34.34,76132,30.08
2026-01-05 03:50:00,F0522,24.15,57.37,69.35,25.23,32870,31.01
2026-01-05 03:55:00,F0046,19.45,50.26,47.69,37.07,99877,48.62
2026-01-05 04:00:00,F0598,39.25,80.41,26.06,22.1,45944,43.29
2026-01-05 04:05:00,F0994,18.19,68.12,65.87,16.32,67467,85.53
2026-01-05 04:10:00,F0573,38.61,57.43,29.66,19.61,27379,82.82
2026-01-05 04:15:00,F0350,22.54,60.92,66.89,25.75,91756,46.49
2026-01-05 04:20:00,F0593,31.59,51.82,37.47,22.56,14742,56.34
2026-01-05 04:25:00,F0809,39.85,62.24,84.0,29.69,91861,38.42
2026-01-05 04:30:00,F0639,23.12,61.25,72.63,33.74,98003,50.07
2026-01-05 04:35:00,F0410,22.42,94.34,42.21,16.7,4934,64.38
2026-01-05 04:40:00,F0146,24.97,42.64,58.93,32.61,6754,98.02
2026-01-05 04:45:00,F0204,22.75,41.32,81.4,31.53,45540,87.8
2026-01-05 04:50:00,F0252,22.28,31.4,78.22,35.94,3751,86.52
2026-01-05 04:55:00,F0141,27.09,81.18,23.32,36.53,40986,56.5
2026-01-05 05:00:00,F0379,37.43,72.96,85.59,37.47,82684,90.53
2026-01-05 05:05:00,F0900,35.06,37.7,81.2,18.01,25856,35.33
2026-01-05 05:10:00,F0388,34.66,50.67,47.22,29.63,7054,81.05
2026-01-05 05:15:00,F0602,22.54,64.81,74.22,22.54,7980,70.36
2026-01-05 05:20:00,F0287,38.95,85.35,87.63,35.37,28425,78.18
2026-01-05 05:25:00,F0804,29.3,73.13,19.87,26.7,99475,90.59
2026-01-05 05:30:00,F0770,30.22,62.41,49.82,22.4,50005,62.04
2026-01-05 05:35:00,F0495,35.18,62.16,35.13,24.22,77543,71.98
2026-01-05 05:40:00,F0213,23.27,43.2,79.74,24.11,41107,54.0
2026-01-05 05:45:00,F0387,31.71,90.81,43.06,27.66,18606,80.13
2026-01-05 05:50:00,F0303,28.67,52.85,58.8,25.7,82412,46.91
2026-01-05 05:55:00,F0462,29.22,56.58,75.34,22.29,51118,21.98
2026-01-05 06:00:00,F0453,23.61,71.95,41.93,16.9,66767,61.02
2026-01-05 06:05:00,F0660,19.88,47.97,32.08,17.73,48216,23.06
2026-01-05 06:10:00,F0206,26.01,73.88,33.75,32.14,90592,87.64
2026-01-05 06:15:00,F0196,34.94,94.87,89.88,32.3,97969,63.45
2026-01-05 06:20:00,F0268,18.2,49.47,76.67,33.01,53928,95.67
2026-01-05 06:25:00,F0842,31.92,72.6,50.4,26.79,20566,89.24
2026-01-05 06:30:00,F0234,23.45,78.69,50.58,26.86,73432,80.61
2026-01-05 06:35:00,F0740,37.55,52.14,21.44,34.45,57202,81.61
2026-01-05 06:40:00,F0715,28.02,58.51,78.97,15.69,19212,66.2
2026-01-05 06:45:00,F0132,25.33,77.96,52.49,30.15,47486,47.19
2026-01-05 06:50:00,F0430,28.22,78.92,72.21,30.88,40274,46.09
2026-01-05 06:55:00,F0024,31.62,32.09,25.44,37.48,44286,65.46
2026-01-05 07:00:00,F0819,32.47,69.51,80.02,37.54,27765,95.9
2026-01-05 07:05:00,F0066,30.83,42.24,23.15,28.1,60183,71.12
2026-01-05 07:10:00,F0312,20.24,36.78,56.47,15.74,91311,68.27
2026-01-05 07:15:00,F0028,22.48,34.52,87.22,21.53,31544,43.29
2026-01-05 07:20:00,F0537,19.68,33.73,53.89,18.95,54852,51.29
2026-01-05 07:25:00,F0114,21.1,57.2,70.74,23.95,28063,30.39
2026-01-05 07:30:00,F0211,25.43,83.16,64.86,18.65,76378,95.13
2026-01-05 07:35:00,F0602,22.87,76.59,49.42,19.64,19702,55.66
2026-01-05 07:40:00,F0845,27.58,82.49,54.44,35.94,65350,56.82
2026-01-05 07:45:00,F0590,18.94,35.92,63.47,36.13,46453,76.03
2026-01-05 07:50:00,F0729,37.02,55.42,76.76,34.55,55401,39.93
2026-01-05 07:55:00,F0922,32.83,58.08,43.85,30.16,92556,65.49
2026-01-05 08:00:00,F0403,34.77,32.84,81.42,18.63,83324,63.02
2026-01-05 08:05:00,F0683,39.99,75.37,69.18,20.0,65682,52.9
2026-01-05 08:10:00,F0781,31.27,94.7,20.74,17.42,43731,52.81
2026-01-05 08:15:00,F0169,24.07,62.89,49.66,16.68,92027,74.05
2026-01-05 08:20:00,F0473,27.15,78.49,79.18,24.12,2407,40.05
2026-01-05 08:25:00,F0727,40.01,51.26,71.15,26.15,9943,26.6
2026-01-05 08:30:00,F0673,23.82,91.75,25.52,33.87,22150,33.65
2026-01-05 08:35:00,F0019,32.57,41.52,24.31,32.05,23079,26.21
2026-01-05 08:40:00,F0782,18.27,47.76,48.05,19.09,94639,22.76
2026-01-05 08:45:00,F0692,30.78,58.73,18.58,29.6,69534,71.28
2026-01-05 08:50:00,F0734,33.84,36.68,66.78,25.21,79407,20.37
2026-01-05 08:55:00,F0791,27.06,43.11,33.73,35.9,27212,27.31
2026-01-05 09:00:00,F0432,18.67,30.95,76.54,30.64,9280,37.65
2026-01-05 09:05:00,F0904,20.32,84.3,64.81,31.65,6768,53.25
2026-01-05 09:10:00,F0111,37.57,50.97,62.01,29.37,72002,51.61
2026-01-05 09:15:00,F0439,20.9,43.9,41.74,18.99,53709,72.32
2026-01-05 09:20:00,F0013,27.34,59.82,19.95,33.75,86189,69.91
2026-01-05 09:25:00,F0045,19.62,44.21,37.62,28.77,14344,77.0
2026-01-05 09:30:00,F0811,41.77,85.28,27.86,37.06,79625,45.95
2026-01-05 09:35:00,F0647,34.71,74.06,87.93,30.96,44522,34.03
2026-01-05 09:40:00,F0780,39.22,50.67,78.87,26.09,44922,21.41
2026-01-05 09:45:00,F0934,32.04,54.85,63.04,20.35,78000,76.37
2026-01-05 09:50:00,F0014,23.58,70.06,82.26,22.1,97719,54.28
2026-01-05 09:55:00,F0250,32.87,33.89,43.09,21.82,20879,50.06
2026-01-05 10:00:00,F0658,18.91,90.02,59.86,36.76,97895,90.19
2026-01-05 10:05:00,F0138,24.68,71.83,72.04,26.98,55380,71.84
2026-01-05 10:10:00,F0296,36.01,44.89,69.97,22.88,27976,63.14
2026-01-05 10:15:00,F0929,40.02,94.24,75.11,31.01,30156,68.65
2026-01-05 10:20:00,F0391,30.52,41.93,62.23,16.49,65440,25.6
2026-01-05 10:25:00,F0198,19.25,94.48,85.37,17.89,23764,67.41
2026-01-05 10:30:00,F0852,37.09,43.28,53.06,24.8,62220,44.92
2026-01-05 10:35:00,F0739,22.74,57.56,60.44,21.97,76552,55.86
2026-01-05 10:40:00,F0651,22.83,86.06,51.09,36.87,48131,51.86
2026-01-05 10:45:00,F0172,29.3,57.48,60.7,24.97,21431,85.57
2026-01-05 10:50:00,F0813,29.57,79.53,47.05,16.91,40351,67.61
2026-01-05 10:55:00,F0157,31.27,41.42,43.53,22.03,38122,50.01
2026-01-05 11:00:00,F0621,29.54,51.66,68.61,19.5,25854,20.33
2026-01-05 11:05:00,F0883,30.02,77.15,51.86,36.29,52727,97.64
2026-01-05 11:10:00,F0383,27.22,50.01,89.06,16.64,6089,99.4
2026-01-05 11:15:00,F0128,27.24,66.76,29.57,25.03,34457,81.7
2026-01-05 11:20:00,F0770,35.33,63.12,51.65,30.84,92285,24.62
2026-01-05 11:25:00,F0395,40.24,77.82,33.18,15.79,48371,70.48
2026-01-05 11:30:00,F0693,18.68,73.27,26.09,28.93,90268,31.79
2026-01-05 11:35:00,F0254,32.45,91.87,78.11,15.28,13098,71.55
2026-01-05 11:40:00,F0939,27.22,75.89,88.06,16.85,25749,90.08
2026-01-05 11:45:00,F0170,37.91,46.44,37.67,37.26,87309,90.93
2026-01-05 11:50:00,F0601,25.39,56.75,80.73,31.74,12648,28.74
2026-01-05 11:55:00,F0587,36.64,52.39,25.7,32.22,99079,51.84
2026-01-05 12:00:00,F0316,18.15,40.95,51.88,17.23,92267,53.43
2026-01-05 12:05:00,F0427,33.71,77.65,27.8,23.62,93280,30.75
2026-01-05 12:10:00,F0499,22.37,91.65,48.8,33.73,25331,36.08
2026-01-05 12:15:00,F0768,22.39,79.35,34.45,35.75,54581,55.26
2026-01-05 12:20:00,F0935,32.99,86.44,27.46,21.74,50509,29.97
2026-01-05 12:25:00,F0066,26.21,68.07,50.84,30.47,14213,20.76
2026-01-05 12:30:00,F0273,36.04,30.47,58.68,37.72,13693,36.89
2026-01-05 12:35:00,F0811,18.17,69.19,89.02,32.51,64691,57.86
2026-01-05 12:40:00,F0346,32.5,51.88,66.14,22.89,42317,85.35
2026-01-05 12:45:00,F0964,26.67,55.9,60.81,37.43,44287,84.5
2026-01-05 12:50:00,F0004,28.97,75.39,69.39,35.42,19201,22.05
2026-01-05 12:55:00,F0126,38.86,48.17,67.44,33.75,49290,56.15
2026-01-05 13:00:00,F0703,33.81,60.89,45.98,19.32,84633,96.6
2026-01-05 13:05:00,F0833,25.73,71.2,80.51,37.3,97444,46.04
2026-01-05 13:10:00,F0455,23.61,61.49,70.44,33.26,46656,54.23
2026-01-05 13:15:00,F0954,40.6,60.95,64.38,31.09,14166,78.74
2026-01-05 13:20:00,F0301,32.57,76.28,80.24,35.15,94934,60.37
2026-01-05 13:25:00,F0131,29.95,35.66,77.43,37.92,62184,33.44
2026-01-05 13:30:00,F0457,40.92,61.34,55.55,20.6,23338,80.26
2026-01-05 13:35:00,F0676,34.8,36.86,89.5,15.67,43795,92.21
2026-01-05 13:40:00,F0785,24.73,76.75,64.94,36.88,88897,29.85
2026-01-05 13:45:00,F0140,40.15,71.18,51.9,33.3,44620,89.76
2026-01-05 13:50:00,F0955,31.82,90.05,19.85,22.89,95036,79.44
2026-01-05 13:55:00,F0743,27.16,71.74,57.14,34.69,31587,37.88
2026-01-05 14:00:00,F0119,24.98,37.24,40.52,28.62,25662,79.57
2026-01-05 14:05:00,F0119,31.75,38.28,38.5,23.74,97589,20.13
2026-01-05 14:10:00,F0064,32.16,42.34,44.11,24.75,48844,83.8
2026-01-05 14:15:00,F0957,37.12,63.78,60.12,20.11,52814,20.74
2026-01-05 14:20:00,F0873,29.05,39.41,85.72,34.26,66514,74.4
2026-01-05 14:25:00,F0151,32.44,39.48,64.9,33.43,93139,22.75
2026-01-05 14:30:00,F0328,25.41,94.37,24.26,37.93,93605,65.92
2026-01-05 14:35:00,F0647,37.89,62.18,67.81,23.66,44665,32.22
2026-01-05 14:40:00,F0734,23.05,77.62,75.78,31.11,7889,93.85
2026-01-05 14:45:00,F0795,22.3,61.69,44.39,37.64,87409,92.99
2026-01-05 14:50:00,F0164,41.79,65.62,40.31,30.59,46653,80.62
2026-01-05 14:55:00,F0401,19.72,77.24,36.18,36.23,92895,88.5
2026-01-05 15:00:00,F0404,20.34,51.02,74.35,34.91,8094,87.98
2026-01-05 15:05:00,F0727,25.3,72.55,58.29,25.16,64234,43.29
2026-01-05 15:10:00,F0149,23.03,82.28,29.67,29.98,48477,78.08
2026-01-05 15:15:00,F0590,20.45,81.06,79.38,23.66,56982,74.36
2026-01-05 15:20:00,F0173,40.22,36.24,88.06,19.13,7877,29.39
2026-01-05 15:25:00,F0528,33.6,68.57,87.73,29.42,53952,39.6
2026-01-05 15:30:00,F0122,23.78,61.76,66.6,36.95,86563,79.62
2026-01-05 15:35:00,F0795,34.6,81.7,64.39,32.89,86237,50.57
2026-01-05 15:40:00,F0648,33.68,53.88,24.0,16.9,65122,71.31
2026-01-05 15:45:00,F0931,30.23,31.5,57.97,28.17,36877,75.5
2026-01-05 15:50:00,F0097,37.06,41.77,51.31,29.83,57840,43.87
2026-01-05 15:55:00,F0129,20.39,34.13,83.17,33.29,25233,52.43
2026-01-05 16:00:00,F0718,18.47,66.14,55.23,33.68,65036,25.11
2026-01-05 16:05:00,F0858,32.03,76.39,74.26,17.85,99695,36.6
2026-01-05 16:10:00,F0675,39.54,41.74,59.93,19.14,73708,55.78
2026-01-05 16:15:00,F0322,20.95,38.37,30.47,18.71,74727,40.54
2026-01-05 16:20:00,F0772,18.84,93.7,52.96,23.36,72359,33.73
2026-01-05 16:25:00,F0968,33.8,46.14,18.46,36.75,39456,72.73
2026-01-05 16:30:00,F0456,21.36,61.88,38.47,35.95,47152,68.49
2026-01-05 16:35:00,F0523,23.04,36.44,76.48,20.45,25651,31.33
2026-01-05 16:40:00,F0877,37.98,92.23,60.16,19.97,48063,42.19
2026-01-05 16:45:00,F0747,32.94,34.83,34.12,23.78,22406,52.0
2026-01-05 16:50:00,F0086,40.67,73.97,85.51,18.29,27707,25.64
2026-01-05 16:55:00,F0751,24.47,71.15,63.42,31.43,74877,72.59
2026-01-05 17:00:00,F0841,30.27,40.66,76.62,22.28,57836,50.32
2026-01-05 17:05:00,F0988,32.49,35.04,24.35,17.53,72875,52.54
2026-01-05 17:10:00,F0338,33.36,53.58,40.01,21.28,30591,41.89
2026-01-05 17:15:00,F0101,27.05,92.97,43.4,17.42,17187,34.06
2026-01-05 17:20:00,F0746,39.01,68.27,75.51,17.2,46731,76.04
2026-01-05 17:25:00,F0887,24.77,47.62,22.43,16.1,42680,95.72
2026-01-05 17:30:00,F0399,22.34,82.4,65.84,33.14,73308,67.57
2026-01-05 17:35:00,F0871,27.66,68.5,34.43,30.79,94483,32.44
2026-01-05 17:40:00,F0130,21.42,66.89,35.05,36.12,84780,97.96
2026-01-05 17:45:00,F0725,36.66,74.08,46.37,25.53,58535,98.9
2026-01-05 17:50:00,F0818,29.25,48.64,86.45,26.97,95170,90.51
2026-01-05 17:55:00,F0834,23.49,71.32,21.52,22.03,41991,87.62
2026-01-05 18:00:00,F0650,19.91,77.45,85.87,18.8,8525,26.77
2026-01-05 18:05:00,F0293,31.3,62.04,80.58,37.13,56572,74.16
2026-01-05 18:10:00,F0955,35.54,61.18,53.63,37.95,70783,75.83
2026-01-05 18:15:00,F0416,18.33,42.36,77.35,15.17,56702,76.21
2026-01-05 18:20:00,F0768,26.28,94.62,64.59,36.17,70220,74.73
2026-01-05 18:25:00,F0044,32.58,92.7,65.59,35.28,69618,92.3
2026-01-05 18:30:00,F0180,19.8,84.56,53.53,36.91,56407,59.64
2026-01-05 18:35:00,F0175,26.96,37.36,83.55,20.74,71663,88.06
2026-01-05 18:40:00,F0879,20.83,49.45,37.02,19.9,97734,70.49
2026-01-05 18:45:00,F0404,23.22,49.81,84.98,29.79,5643,94.83
2026-01-05 18:50:00,F0914,32.83,61.74,41.68,29.16,44063,43.87
2026-01-05 18:55:00,F0110,18.12,87.86,28.96,23.15,14282,54.46
2026-01-05 19:00:00,F0203,20.03,63.43,26.53,17.85,64886,20.55
2026-01-05 19:05:00,F0788,33.76,44.7,44.65,21.88,57143,91.38
2026-01-05 19:10:00,F0550,37.48,37.07,47.89,34.31,22211,31.19
2026-01-05 19:15:00,F0766,28.42,53.35,80.29,19.56,25846,42.79
2026-01-05 19:20:00,F0137,27.47,78.36,82.57,18.69,27082,95.87
2026-01-05 19:25:00,F0983,33.97,47.28,46.58,27.65,90356,77.15
2026-01-05 19:30:00,F0333,36.03,80.72,44.99,31.7,98241,87.45
2026-01-05 19:35:00,F0399,21.15,92.25,74.45,17.9,46104,60.0
2026-01-05 19:40:00,F0786,34.43,33.38,77.24,24.88,79261,78.99
2026-01-05 19:45:00,F0445,29.52,48.34,21.2,24.87,81951,32.2
2026-01-05 19:50:00,F0524,22.48,48.27,23.63,21.06,92875,39.79
2026-01-05 19:55:00,F0841,28.3,60.8,73.7,17.37,96742,60.19
2026-01-05 20:00:00,F0186,22.53,85.57,62.17,18.42,16789,30.58
2026-01-05 20:05:00,F0040,24.57,42.49,25.97,15.41,27167,27.27
2026-01-05 20:10:00,F0053,27.13,64.12,67.51,37.54,30068,46.89
2026-01-05 20:15:00,F0491,19.47,57.76,18.87,17.53,48654,42.44
2026-01-05 20:20:00,F0360,35.08,46.05,82.13,19.18,1070,24.17
2026-01-05 20:25:00,F0763,25.72,48.55,36.01,28.95,57479,34.79
2026-01-05 20:30:00,F0972,29.79,51.73,23.36,30.39,90517,64.14
2026-01-05 20:35:00,F0883,21.13,53.44,75.75,32.09,78189,62.31
2026-01-05 20:40:00,F0381,23.72,47.94,58.82,17.01,14941,30.44
2026-01-05 20:45:00,F0761,32.44,32.67,87.62,35.33,25960,35.43
2026-01-05 20:50:00,F0457,40.21,34.87,55.99,22.89,96073,57.94
2026-01-05 20:55:00,F0780,22.85,76.85,18.29,19.41,73154,76.93
2026-01-05 21:00:00,F0913,39.05,85.47,83.01,37.43,48973,55.88
2026-01-05 21:05:00,F0735,20.82,58.35,51.21,27.05,67043,83.27
2026-01-05 21:10:00,F0171,32.38,75.29,24.67,16.05,75209,24.86
2026-01-05 21:15:00,F0996,34.65,78.15,44.81,30.75,68303,97.72
2026-01-05 21:20:00,F0170,28.51,63.1,57.19,23.98,80589,41.72
2026-01-05 21:25:00,F0189,18.09,67.17,59.41,15.2,68213,56.44
2026-01-05 21:30:00,F0725,35.29,46.82,78.94,21.82,36194,64.17
2026-01-05 21:35:00,F0176,23.37,64.68,36.89,29.71,37406,94.18
2026-01-05 21:40:00,F0277,38.96,33.35,88.5,37.76,28521,62.77
2026-01-05 21:45:00,F0002,33.57,71.12,87.92,22.46,93466,90.72
2026-01-05 21:50:00,F0271,35.33,56.54,60.86,22.47,8505,70.08
2026-01-05 21:55:00,F0011,37.77,44.25,87.39,19.06,3049,62.99
2026-01-05 22:00:00,F0889,36.68,80.73,22.98,32.15,51067,95.65
2026-01-05 22:05:00,F0264,38.88,71.23,56.32,33.79,29919,45.94
2026-01-05 22:10:00,F0209,31.96,82.5,71.47,18.58,31372,78.38
2026-01-05 22:15:00,F0445,26.85,88.64,22.03,19.17,25251,85.25
2026-01-05 22:20:00,F0181,22.53,61.88,69.71,29.89,3758,44.81
2026-01-05 22:25:00,F0907,22.27,55.62,60.59,16.6,10443,54.11
2026-01-05 22:30:00,F0466,39.82,93.08,22.52,27.12,96258,80.04
2026-01-05 22:35:00,F0013,32.48,54.56,16.55,34.01,85473,94.77
2026-01-05 22:40:00,F0136,23.96,35.43,25.7,29.43,2769,83.39
2026-01-05 22:45:00,F0010,40.98,36.91,70.21,22.78,93727,26.8
2026-01-05 22:50:00,F0143,29.53,66.59,48.32,18.75,44483,58.31
2026-01-05 22:55:00,F0250,19.34,74.98,62.06,17.83,6836,28.23
2026-01-05 23:00:00,F0304,20.46,87.62,46.15,15.03,30401,21.92
2026-01-05 23:05:00,F0438,27.25,52.97,36.51,36.2,90707,50.78
2026-01-05 23:10:00,F0906,35.16,88.6,51.89,37.79,30428,28.14
2026-01-05 23:15:00,F0979,24.76,34.96,40.03,23.29,12115,91.65
2026-01-05 23:20:00,F0620,21.63,57.86,40.11,19.17,56737,32.02
2026-01-05 23:25:00,F0684,34.49,70.61,36.53,35.13,36532,93.3
2026-01-05 23:30:00,F0678,26.86,47.25,83.02,33.37,1285,88.94
2026-01-05 23:35:00,F0153,36.67,39.53,26.08,25.27,63709,85.17
2026-01-05 23:40:00,F0116,31.87,92.37,35.89,17.08,17716,34.55
2026-01-05 23:45:00,F0395,26.46,62.12,51.1,37.38,79871,83.48
2026-01-05 23:50:00,F0342,21.32,91.36,84.12,23.81,73002,59.77
2026-01-05 23:55:00,F0547,29.82,64.85,32.26,16.92,94706,53.75
2026-01-06 00:00:00,F0592,36.64,82.73,31.45,17.01,48409,20.23
2026-01-06 00:05:00,F0872,18.41,66.29,86.82,36.18,8808,92.91
2026-01-06 00:10:00,F0370,38.37,86.34,76.43,21.78,19892,86.82
2026-01-06 00:15:00,F0565,41.32,89.34,33.19,34.04,8322,79.76
2026-01-06 00:20:00,F0121,41.09,75.76,43.31,15.61,56667,49.73
2026-01-06 00:25:00,F0719,20.54,67.8,50.76,28.66,21732,22.41
2026-01-06 00:30:00,F0375,21.39,45.93,15.94,34.11,55590,31.98
2026-01-06 00:35:00,F0187,29.27,39.11,54.56,36.82,62628,52.92
2026-01-06 00:40:00,F0346,28.66,71.92,15.99,17.56,8864,90.49
2026-01-06 00:45:00,F0033,32.5,41.28,27.03,24.12,56524,74.39
2026-01-06 00:50:00,F0897,28.9,76.24,34.35,28.16,41112,76.75
2026-01-06 00:55:00,F0434,40.35,47.67,21.9,23.68,17401,79.45
2026-01-06 01:00:00,F0411,32.86,44.23,28.78,32.16,74307,68.41
2026-01-06 01:05:00,F0080,37.6,60.45,38.49,29.76,50868,33.19
2026-01-06 01:10:00,F0823,26.92,57.57,35.24,17.4,48540,68.26
2026-01-06 01:15:00,F0867,26.05,45.57,27.21,17.45,28775,67.77
2026-01-06 01:20:00,F0775,39.83,42.2,30.13,36.37,32501,41.53
2026-01-06 01:25:00,F0584,31.56,66.64,74.27,16.05,42232,27.46
2026-01-06 01:30:00,F0317,18.2,53.18,36.18,24.16,26543,45.16
2026-01-06 01:35:00,F0401,35.42,93.3,67.7,17.24,54383,91.72
2026-01-06 01:40:00,F0516,20.42,82.49,26.26,28.51,51084,58.16
2026-01-06 01:45:00,F0890,38.45,48.86,26.37,25.65,83044,27.46
2026-01-06 01:50:00,F0736,23.56,44.02,66.11,18.24,95182,32.88
2026-01-06 01:55:00,F0987,30.04,94.5,60.66,27.04,45749,55.8
2026-01-06 02:00:00,F0135,26.14,53.42,79.2,24.91,94423,81.93
2026-01-06 02:05:00,F0397,23.74,94.81,60.52,37.03,75304,70.22
2026-01-06 02:10:00,F0510,20.34,30.97,72.47,22.12,12425,59.91
2026-01-06 02:15:00,F0466,25.53,90.71,27.11,21.44,48622,48.27
2026-01-06 02:20:00,F0073,22.3,80.18,34.35,25.89,34557,81.05
2026-01-06 02:25:00,F0453,33.61,39.13,24.3,28.08,6189,49.08
2026-01-06 02:30:00,F0294,27.62,85.71,83.79,17.97,49068,61.0
2026-01-06 02:35:00,F0640,40.85,54.29,66.17,26.64,35449,90.19
2026-01-06 02:40:00,F0699,19.02,93.53,19.28,33.18,92717,85.7
2026-01-06 02:45:00,F0009,21.71,36.84,43.19,28.11,10565,37.84
2026-01-06 02:50:00,F0896,29.09,36.08,49.94,29.78,61929,28.73
2026-01-06 02:55:00,F0185,35.56,89.63,84.19,32.67,27145,52.12
2026-01-06 03:00:00,F0067,25.61,94.77,51.47,31.15,63419,29.15
2026-01-06 03:05:00,F0466,18.92,40.12,50.25,29.72,42967,65.46
2026-01-06 03:10:00,F0616,36.58,34.06,75.64,33.16,63050,37.07
2026-01-06 03:15:00,F0217,38.83,91.92,66.28,21.21,84320,34.09
2026-01-06 03:20:00,F0146,19.66,56.33,37.38,31.38,56013,61.98
2026-01-06 03:25:00,F0686,39.43,41.97,19.03,35.58,57168,47.36
2026-01-06 03:30:00,F0772,25.13,42.91,85.65,26.08,71189,75.11
2026-01-06 03:35:00,F0165,41.17,58.39,83.44,28.12,2301,64.87
2026-01-06 03:40:00,F0916,32.33,35.06,65.1,29.18,43432,73.13
2026-01-06 03:45:00,F0844,40.54,78.28,70.25,22.28,20727,91.72
2026-01-06 03:50:00,F0957,21.54,86.18,23.52,37.31,54265,41.02
2026-01-06 03:55:00,F0740,18.09,59.29,77.44,17.89,59894,71.11
2026-01-06 04:00:00,F0593,20.34,44.21,88.43,24.66,72576,81.95
2026-01-06 04:05:00,F0616,27.06,52.63,86.43,37.35,76607,96.41
2026-01-06 04:10:00,F0380,37.53,31.05,82.25,26.55,17350,75.95
2026-01-06 04:15:00,F0665,41.98,56.91,41.38,34.05,56816,61.85
2026-01-06 04:20:00,F0784,26.06,90.21,49.41,23.58,73450,67.59
2026-01-06 04:25:00,F0556,28.46,48.53,64.47,30.65,84113,42.66
2026-01-06 04:30:00,F0636,40.51,88.88,22.44,17.02,14606,27.17
2026-01-06 04:35:00,F0017,32.79,56.73,52.23,32.29,72399,27.98
2026-01-06 04:40:00,F0455,30.08,82.38,65.08,34.59,28770,37.83
2026-01-06 04:45:00,F0466,31.24,37.44,79.23,36.86,46955,97.41
2026-01-06 04:50:00,F0936,29.13,89.02,63.36,33.05,52879,20.61
2026-01-06 04:55:00,F0384,36.77,62.99,35.07,30.15,41291,87.08
2026-01-06 05:00:00,F0815,39.82,73.76,15.31,35.91,5282,21.24
2026-01-06 05:05:00,F0158,36.97,84.65,53.92,32.05,42611,46.81
2026-01-06 05:10:00,F0983,31.73,57.95,56.68,24.0,81775,71.55
2026-01-06 05:15:00,F0849,19.24,90.58,47.18,36.61,52172,98.19
2026-01-06 05:20:00,F0178,27.67,50.68,26.88,20.31,94064,84.09
2026-01-06 05:25:00,F0517,20.84,67.5,44.4,32.53,35108,86.99
2026-01-06 05:30:00,F0163,40.77,43.24,21.99,25.06,83430,81.6
2026-01-06 05:35:00,F0157,18.67,75.99,84.04,16.81,51122,22.02
2026-01-06 05:40:00,F0752,21.13,59.49,62.36,23.24,32420,72.2
2026-01-06 05:45:00,F0228,25.13,64.8,33.39,32.94,50559,81.63
2026-01-06 05:50:00,F0676,19.24,35.39,25.78,15.53,76937,89.36
2026-01-06 05:55:00,F0114,29.02,68.73,23.03,21.5,24675,27.42
2026-01-06 06:00:00,F0507,38.27,89.33,30.6,17.32,3877,53.1
2026-01-06 06:05:00,F0499,41.02,34.96,66.55,23.63,42102,70.68
2026-01-06 06:10:00,F0462,37.41,41.69,15.76,19.11,75356,70.5
2026-01-06 06:15:00,F0876,18.75,93.43,89.53,26.13,81478,68.0
2026-01-06 06:20:00,F0006,21.8,78.21,84.49,19.44,4873,62.88
2026-01-06 06:25:00,F0531,30.28,39.9,80.02,17.64,29437,22.36
2026-01-06 06:30:00,F0142,23.27,77.3,85.49,21.15,64120,35.94
2026-01-06 06:35:00,F0095,26.37,65.85,37.07,32.14,65985,54.88
2026-01-06 06:40:00,F0970,27.6,42.55,27.97,30.8,95030,42.49
2026-01-06 06:45:00,F0403,20.47,81.55,59.07,18.81,27978,96.3
2026-01-06 06:50:00,F0500,28.4,59.0,59.72,21.25,42779,69.83
2026-01-06 06:55:00,F0622,27.19,42.98,41.47,35.65,9423,55.95
2026-01-06 07:00:00,F0911,18.81,63.24,59.02,21.75,85554,96.03
2026-01-06 07:05:00,F0544,26.45,31.95,28.49,22.42,25368,48.62
2026-01-06 07:10:00,F0075,23.16,54.16,25.88,22.23,2262,45.49
2026-01-06 07:15:00,F0012,35.2,43.9,57.56,22.4,31493,64.93
2026-01-06 07:20:00,F0395,24.81,43.79,31.31,27.9,94882,68.63
2026-01-06 07:25:00,F0905,37.38,73.64,58.05,29.86,90408,80.5
2026-01-06 07:30:00,F0326,37.52,42.88,18.72,26.36,7133,99.22
2026-01-06 07:35:00,F0432,20.86,59.43,60.11,28.6,31988,66.11
2026-01-06 07:40:00,F0292,18.43,80.91,58.18,15.11,61525,42.75
2026-01-06 07:45:00,F0862,41.2,32.41,55.01,27.13,45222,71.58
2026-01-06 07:50:00,F0072,29.28,83.94,46.13,21.92,42574,80.3
2026-01-06 07:55:00,F0410,19.91,80.35,52.04,16.08,40117,75.72
2026-01-06 08:00:00,F0466,29.84,71.67,83.29,34.39,81999,28.22
2026-01-06 08:05:00,F0230,19.15,30.68,22.89,22.43,91124,77.94
2026-01-06 08:10:00,F0232,22.08,42.43,82.67,23.48,71458,99.17
2026-01-06 08:15:00,F0957,34.52,33.41,81.25,15.99,7291,95.77
2026-01-06 08:20:00,F0077,24.33,74.71,74.37,23.73,92575,33.63
2026-01-06 08:25:00,F0142,32.0,37.79,38.95,18.4,77563,91.02
2026-01-06 08:30:00,F0990,39.49,71.4,65.12,27.0,32525,66.23
2026-01-06 08:35:00,F0678,29.76,48.24,72.95,26.1,13032,41.1
2026-01-06 08:40:00,F0304,35.07,52.95,77.67,20.57,85821,78.82
2026-01-06 08:45:00,F0211,34.68,34.88,52.1,19.89,88883,37.29
2026-01-06 08:50:00,F0839,27.24,61.7,40.53,33.72,70159,61.11
2026-01-06 08:55:00,F0321,36.25,50.27,49.05,18.54,67127,28.45
2026-01-06 09:00:00,F0134,23.25,53.64,88.13,34.96,68300,36.24
2026-01-06 09:05:00,F0410,22.51,48.06,27.31,22.06,76660,71.87
2026-01-06 09:10:00,F0151,29.06,36.97,23.26,15.38,61404,34.96
2026-01-06 09:15:00,F0030,29.43,64.51,41.4,17.72,73129,26.73
2026-01-06 09:20:00,F0442,23.09,55.8,47.31,22.68,58847,41.81
2026-01-06 09:25:00,F0101,19.18,54.86,84.6,19.46,25831,52.22
2026-01-06 09:30:00,F0609,24.62,69.48,53.9,17.51,7536,71.71
2026-01-06 09:35:00,F0982,20.67,37.49,82.13,28.23,32295,25.27
2026-01-06 09:40:00,F0104,24.61,87.37,67.46,24.3,52496,28.1
2026-01-06 09:45:00,F0752,37.78,74.96,52.14,18.93,27683,47.81
2026-01-06 09:50:00,F0295,34.94,48.72,15.23,19.26,92812,69.77
2026-01-06 09:55:00,F0757,25.33,88.93,32.9,22.25,10103,33.33
2026-01-06 10:00:00,F0341,39.6,39.22,15.96,25.92,44785,21.67
2026-01-06 10:05:00,F0998,24.33,35.0,65.94,34.62,78857,48.17
2026-01-06 10:10:00,F0486,32.0,61.74,33.56,17.52,3279,65.38
2026-01-06 10:15:00,F0298,38.05,64.14,27.55,18.37,13308,28.0
2026-01-06 10:20:00,F0824,35.67,59.42,70.11,37.77,34730,73.07
2026-01-06 10:25:00,F0260,26.74,30.88,41.45,31.33,68873,81.96
2026-01-06 10:30:00,F0878,38.76,84.84,51.33,21.21,69066,78.26
2026-01-06 10:35:00,F0022,21.55,56.67,31.52,37.86,47818,59.83
2026-01-06 10:40:00,F0251,31.86,75.23,47.3,19.75,12701,35.51
2026-01-06 10:45:00,F0978,27.07,37.02,35.54,29.42,72423,91.94
2026-01-06 10:50:00,F0461,41.7,86.95,28.12,35.94,46723,91.04
2026-01-06 10:55:00,F0401,32.14,91.44,35.72,19.38,76958,61.61
2026-01-06 11:00:00,F0352,38.02,37.99,74.65,28.03,46481,43.07
2026-01-06 11:05:00,F0993,18.2,90.27,26.03,30.66,69575,97.33
2026-01-06 11:10:00,F0639,31.4,40.57,51.51,16.49,39630,21.25
2026-01-06 11:15:00,F0042,23.22,83.66,24.26,26.23,1667,54.43
2026-01-06 11:20:00,F0677,38.02,33.24,25.33,35.21,66797,73.23
2026-01-06 11:25:00,F0788,31.46,91.99,68.49,18.28,97082,35.74
2026-01-06 11:30:00,F0600,40.04,48.9,17.41,36.46,33601,84.94
2026-01-06 11:35:00,F0653,27.27,55.94,82.81,35.54,40586,67.76
2026-01-06 11:40:00,F0178,31.53,74.13,39.19,28.3,90564,81.41
2026-01-06 11:45:00,F0257,21.26,66.03,37.58,16.97,75273,94.17
2026-01-06 11:50:00,F0473,31.1,54.44,80.69,25.05,19167,62.13
2026-01-06 11:55:00,F0711,25.52,90.77,68.44,25.77,57055,57.32
2026-01-06 12:00:00,F0985,27.85,31.8,56.92,37.02,56170,27.07
2026-01-06 12:05:00,F0144,32.77,49.66,33.2,26.78,17682,69.67
2026-01-06 12:10:00,F0922,31.57,49.07,71.65,24.03,53814,73.61
2026-01-06 12:15:00,F0474,37.38,86.87,49.52,16.25,8168,41.61
2026-01-06 12:20:00,F0666,20.57,68.63,76.65,28.01,91517,46.5
2026-01-06 12:25:00,F0063,20.91,68.0,53.31,31.49,92956,36.41
2026-01-06 12:30:00,F0148,31.49,92.87,25.23,35.59,84842,88.18
2026-01-06 12:35:00,F0309,33.08,76.74,85.24,33.53,82744,75.02
2026-01-06 12:40:00,F0118,19.61,39.95,80.99,26.96,33401,36.34
2026-01-06 12:45:00,F0486,18.59,62.88,44.3,36.3,40311,52.36
2026-01-06 12:50:00,F0189,37.69,84.71,56.0,33.9,90302,55.13
2026-01-06 12:55:00,F0674,32.81,58.1,62.71,19.25,98596,72.6
2026-01-06 13:00:00,F0175,30.28,75.48,30.03,26.05,38938,73.4
2026-01-06 13:05:00,F0983,32.13,53.88,35.64,23.87,15068,57.12
2026-01-06 13:10:00,F0834,28.2,31.82,49.28,27.98,2444,66.44
2026-01-06 13:15:00,F0035,33.48,88.06,61.49,15.98,47494,97.02
2026-01-06 13:20:00,F0480,39.18,59.79,15.68,18.64,66619,88.47
2026-01-06 13:25:00,F0516,23.06,88.67,54.38,26.8,23871,72.47
2026-01-06 13:30:00,F0361,33.74,66.6,49.46,34.75,19355,42.27
2026-01-06 13:35:00,F0781,33.8,90.03,20.12,34.3,64405,50.12
2026-01-06 13:40:00,F0484,32.54,41.72,68.14,26.66,87364,62.03
2026-01-06 13:45:00,F0133,34.75,68.28,58.55,28.44,53923,25.41
2026-01-06 13:50:00,F0031,38.45,40.35,22.24,17.44,90040,58.11
2026-01-06 13:55:00,F0779,23.56,80.16,83.8,33.3,14819,91.98
2026-01-06 14:00:00,F0179,35.48,54.97,88.0,36.21,9116,68.95
2026-01-06 14:05:00,F0118,18.9,78.75,48.11,23.61,83744,87.25
2026-01-06 14:10:00,F0946,22.18,37.0,48.71,18.06,84544,65.9
2026-01-06 14:15:00,F0205,22.7,61.92,65.91,20.19,98275,32.97
2026-01-06 14:20:00,F0834,30.68,81.35,21.45,15.56,88642,27.7
2026-01-06 14:25:00,F0035,37.44,88.06,41.97,24.38,72641,89.16
2026-01-06 14:30:00,F0349,22.45,77.45,83.32,29.77,66034,35.21
2026-01-06 14:35:00,F0213,31.69,60.79,41.41,29.23,74229,88.27
2026-01-06 14:40:00,F0821,19.61,57.79,43.21,16.63,11242,30.18
2026-01-06 14:45:00,F0530,25.16,37.67,32.29,28.83,44374,21.8
2026-01-06 14:50:00,F0842,40.57,89.95,33.85,31.18,9906,89.8
2026-01-06 14:55:00,F0162,41.23,34.86,58.15,34.62,81117,60.0
2026-01-06 15:00:00,F0409,32.85,65.49,81.89,28.4,35478,72.26
2026-01-06 15:05:00,F0034,26.11,46.96,40.09,32.59,19256,36.34
2026-01-06 15:10:00,F0837,35.61,90.07,64.75,35.2,31882,59.48
2026-01-06 15:15:00,F0825,40.75,88.78,67.73,32.61,5634,47.67
2026-01-06 15:20:00,F0073,40.8,68.88,60.93,16.85,73276,58.3
2026-01-06 15:25:00,F0133,24.49,32.71,17.67,26.67,86240,48.02
2026-01-06 15:30:00,F0490,25.28,85.24,87.86,15.49,8255,22.11
2026-01-06 15:35:00,F0801,37.47,64.72,79.52,30.68,97721,21.45
2026-01-06 15:40:00,F0494,19.25,79.77,67.16,24.88,56945,63.96
2026-01-06 15:45:00,F0119,28.51,88.31,88.69,23.46,26381,47.45
2026-01-06 15:50:00,F0941,19.39,45.08,59.15,20.22,98973,80.21
2026-01-06 15:55:00,F0828,37.04,66.92,89.32,15.34,95349,39.99
2026-01-06 16:00:00,F0059,19.84,38.24,28.54,16.01,46831,68.19
2026-01-06 16:05:00,F0912,23.86,49.01,60.46,26.01,17040,72.53
2026-01-06 16:10:00,F0079,24.0,65.34,52.12,31.91,47787,91.81
2026-01-06 16:15:00,F0880,23.29,76.35,85.61,32.94,39362,89.52
2026-01-06 16:20:00,F0251,30.64,47.39,67.33,26.58,8077,47.73
2026-01-06 16:25:00,F0421,34.93,70.42,35.98,19.68,18974,87.31
2026-01-06 16:30:00,F0534,23.53,78.22,30.81,23.56,19607,22.87
2026-01-06 16:35:00,F0241,34.76,72.24,49.03,17.63,66392,86.91
2026-01-06 16:40:00,F0277,24.67,54.97,77.04,16.94,37581,88.37
2026-01-06 16:45:00,F0394,29.89,86.08,43.85,16.02,27965,50.35
2026-01-06 16:50:00,F0676,28.35,33.4,37.89,27.46,46587,94.98
2026-01-06 16:55:00,F0932,32.61,88.06,84.2,35.87,99738,67.28
2026-01-06 17:00:00,F0776,18.66,77.18,61.61,34.91,96581,94.29
2026-01-06 17:05:00,F0771,19.37,37.1,44.11,31.59,89862,42.99
2026-01-06 17:10:00,F0961,30.83,57.55,68.94,32.69,35091,33.0
2026-01-06 17:15:00,F0391,29.22,94.52,32.87,35.88,37791,83.97
2026-01-06 17:20:00,F0974,24.59,94.92,72.85,21.8,75852,51.57
2026-01-06 17:25:00,F0631,24.58,47.47,33.79,30.02,80691,20.99
2026-01-06 17:30:00,F0315,31.64,50.86,34.84,19.11,61650,21.38
2026-01-06 17:35:00,F0010,29.19,92.78,51.02,34.42,29553,52.69
2026-01-06 17:40:00,F0594,40.53,47.97,60.77,22.22,9394,55.24
2026-01-06 17:45:00,F0265,36.38,47.95,80.18,17.93,83619,33.96
2026-01-06 17:50:00,F0893,32.83,33.22,23.58,15.89,90711,60.54
2026-01-06 17:55:00,F0451,31.92,32.73,68.8,16.4,94657,99.36
2026-01-06 18:00:00,F0999,24.18,74.1,79.31,23.13,95151,23.58
2026-01-06 18:05:00,F0241,26.39,35.04,48.29,26.75,32061,36.32
2026-01-06 18:10:00,F0585,26.91,83.48,46.2,29.76,38104,31.45
2026-01-06 18:15:00,F0335,32.57,53.42,88.13,35.64,50114,57.65
2026-01-06 18:20:00,F0997,25.06,32.03,42.62,21.69,20669,92.95
2026-01-06 18:25:00,F0027,20.55,43.75,38.48,31.46,98261,60.65
2026-01-06 18:30:00,F0596,35.11,91.1,43.41,28.4,87122,78.1
2026-01-06 18:35:00,F0391,36.3,72.2,86.64,37.05,30436,65.23
2026-01-06 18:40:00,F0589,33.13,77.71,55.42,17.79,70174,83.86
2026-01-06 18:45:00,F0622,29.34,64.09,48.08,21.19,76398,43.45
2026-01-06 18:50:00,F0250,25.89,81.94,88.31,20.31,42263,79.86
2026-01-06 18:55:00,F0119,34.63,58.93,86.82,24.43,11445,48.16
2026-01-06 19:00:00,F0518,19.83,53.55,51.31,20.3,55899,38.38
2026-01-06 19:05:00,F0848,37.84,38.14,55.32,32.86,54427,73.93
2026-01-06 19:10:00,F0682,21.32,46.92,36.52,22.22,11683,52.68
2026-01-06 19:15:00,F0518,41.6,67.44,62.45,32.77,24581,90.11
2026-01-06 19:20:00,F0016,22.0,57.21,72.41,31.36,62585,79.43
2026-01-06 19:25:00,F0130,38.87,84.2,16.79,18.84,10570,30.59
2026-01-06 19:30:00,F0888,30.7,55.23,46.68,17.93,92347,64.56
2026-01-06 19:35:00,F0730,25.04,51.89,76.85,22.74,80791,69.33
2026-01-06 19:40:00,F0740,19.09,78.02,41.62,25.32,54592,70.47
2026-01-06 19:45:00,F0759,38.04,48.8,50.78,18.1,25045,77.9
2026-01-06 19:50:00,F0604,39.99,90.88,21.28,35.6,78798,67.44
2026-01-06 19:55:00,F0691,33.59,54.66,47.89,26.7,78080,42.34
2026-01-06 20:00:00,F0792,20.33,49.33,40.58,27.98,69838,66.39
2026-01-06 20:05:00,F0865,40.27,48.54,43.81,32.42,19769,23.35
2026-01-06 20:10:00,F0968,35.63,94.3,30.8,26.94,76384,90.37
2026-01-06 20:15:00,F0322,20.39,48.51,23.89,21.3,58529,37.89
2026-01-06 20:20:00,F0174,24.92,89.65,89.16,32.33,31366,73.31
2026-01-06 20:25:00,F0145,20.3,65.89,53.15,18.88,79432,92.2
2026-01-06 20:30:00,F0983,39.38,64.96,29.63,26.23,4378,49.56
2026-01-06 20:35:00,F0289,40.6,67.13,69.91,26.98,60486,43.6
2026-01-06 20:40:00,F0113,35.19,89.75,24.0,35.44,65651,41.04
2026-01-06 20:45:00,F0886,21.28,48.1,65.15,37.27,11363,79.54
2026-01-06 20:50:00,F0228,35.46,51.26,53.03,21.35,83657,78.84
2026-01-06 20:55:00,F0689,36.65,75.94,38.61,36.27,57803,28.04
2026-01-06 21:00:00,F0723,37.06,50.64,78.11,30.21,83061,22.85
2026-01-06 21:05:00,F0650,33.05,45.98,58.98,35.06,29863,73.87
2026-01-06 21:10:00,F0272,29.28,61.49,29.03,26.42,18274,35.89
2026-01-06 21:15:00,F0897,20.13,63.56,69.25,19.93,57927,25.38
2026-01-06 21:20:00,F0572,32.67,76.15,17.91,30.82,81396,50.42
2026-01-06 21:25:00,F0598,23.63,52.67,54.78,36.95,40334,87.26
2026-01-06 21:30:00,F0897,25.01,61.53,74.76,24.02,47809,63.47
2026-01-06 21:35:00,F0303,20.32,37.3,81.07,32.36,38653,53.57
2026-01-06 21:40:00,F0458,25.81,73.06,23.69,25.69,42799,72.85
2026-01-06 21:45:00,F0356,34.73,75.81,73.03,26.13,65117,68.08
2026-01-06 21:50:00,F0704,23.64,48.91,53.06,35.47,54609,24.86
2026-01-06 21:55:00,F0791,25.76,73.87,45.84,33.61,56731,51.89
2026-01-06 22:00:00,F0935,19.31,61.56,31.42,29.63,6980,44.68
2026-01-06 22:05:00,F0420,23.31,86.92,55.2,32.93,15459,95.83
2026-01-06 22:10:00,F0629,32.66,38.4,55.48,36.86,3767,84.19
2026-01-06 22:15:00,F0093,36.73,51.66,41.45,32.62,9318,72.39
2026-01-06 22:20:00,F0532,23.05,64.81,88.89,34.28,52842,88.78
2026-01-06 22:25:00,F0235,24.96,40.49,43.04,24.51,73476,78.67
2026-01-06 22:30:00,F0963,18.33,84.96,71.63,27.11,66732,51.83
2026-01-06 22:35:00,F0497,19.01,48.4,16.82,29.53,91186,39.78
2026-01-06 22:40:00,F0279,36.0,82.84,43.34,24.22,98062,90.13
2026-01-06 22:45:00,F0883,20.04,34.8,69.16,32.53,55444,21.61
2026-01-06 22:50:00,F0761,37.93,69.32,26.39,31.93,52265,35.54
2026-01-06 22:55:00,F0621,38.62,81.01,46.89,32.1,40603,41.92
2026-01-06 23:00:00,F0208,20.39,93.0,58.22,23.66,57299,27.44
2026-01-06 23:05:00,F0991,27.75,48.11,36.33,31.17,67400,39.57
2026-01-06 23:10:00,F0018,41.84,77.29,86.36,32.54,94661,28.66
2026-01-06 23:15:00,F0230,31.87,31.62,72.84,25.28,63495,65.05
2026-01-06 23:20:00,F0659,25.45,39.35,62.24,16.92,74516,33.54
2026-01-06 23:25:00,F0886,40.61,68.57,21.29,24.27,63064,61.87
2026-01-06 23:30:00,F0860,31.6,45.11,72.56,20.8,41823,79.24
2026-01-06 23:35:00,F0855,21.61,50.89,57.4,24.35,1730,41.45
2026-01-06 23:40:00,F0215,36.12,81.66,55.92,22.2,86460,38.86
2026-01-06 23:45:00,F0473,35.01,63.44,79.4,37.83,11673,93.7
2026-01-06 23:50:00,F0436,34.78,54.42,71.77,18.73,99061,29.72
2026-01-06 23:55:00,F0203,28.5,93.17,17.93,24.76,23376,70.09
2026-01-07 00:00:00,F0538,29.69,78.68,56.03,24.19,39895,29.41
2026-01-07 00:05:00,F0302,35.28,87.21,35.33,22.41,49710,65.1
2026-01-07 00:10:00,F0170,21.4,64.01,30.33,29.12,94647,49.7
2026-01-07 00:15:00,F0620,24.03,60.09,85.22,36.32,95388,99.69
2026-01-07 00:20:00,F0951,21.25,64.08,77.21,15.23,55565,34.34
2026-01-07 00:25:00,F0482,19.61,93.5,38.39,19.32,91969,27.51
2026-01-07 00:30:00,F0470,25.94,33.97,50.15,18.6,46934,70.91
2026-01-07 00:35:00,F0905,23.42,70.87,84.59,21.32,56858,66.76
2026-01-07 00:40:00,F0314,26.81,79.85,85.07,27.91,85095,72.75
2026-01-07 00:45:00,F0080,32.22,36.69,31.23,19.1,74880,28.19
2026-01-07 00:50:00,F0817,30.54,71.91,43.72,28.24,78616,68.38
2026-01-07 00:55:00,F0990,37.38,86.64,65.14,25.89,23033,20.21
2026-01-07 01:00:00,F0238,41.74,35.94,75.25,18.37,22603,58.04
2026-01-07 01:05:00,F0001,25.76,88.24,18.91,26.77,58630,54.03
2026-01-07 01:10:00,F0484,25.85,62.52,23.8,27.88,50454,81.91
2026-01-07 01:15:00,F0724,29.39,50.26,54.15,27.21,80348,87.38
2026-01-07 01:20:00,F0979,21.99,71.2,35.83,18.29,58310,64.84
2026-01-07 01:25:00,F0502,34.68,46.29,24.02,35.69,86471,47.85
2026-01-07 01:30:00,F0026,38.79,85.6,72.81,22.96,56584,37.1
2026-01-07 01:35:00,F0574,39.03,89.84,29.32,23.61,98993,99.64
2026-01-07 01:40:00,F0201,28.61,64.19,15.42,22.14,13334,92.88
2026-01-07 01:45:00,F0938,24.09,89.9,60.51,15.77,37038,71.33
2026-01-07 01:50:00,F0408,19.05,75.21,33.98,29.38,75996,85.87
2026-01-07 01:55:00,F0884,35.23,60.6,60.57,25.45,23776,57.88
2026-01-07 02:00:00,F0896,33.54,65.46,22.79,23.5,81336,91.54
2026-01-07 02:05:00,F0157,34.94,41.5,78.82,16.9,16653,24.48
2026-01-07 02:10:00,F0653,35.05,50.43,79.34,21.38,26451,72.41
2026-01-07 02:15:00,F0756,18.4,84.42,78.62,22.28,93970,33.54
2026-01-07 02:20:00,F0601,35.33,53.81,16.06,30.28,55575,87.02
2026-01-07 02:25:00,F0686,19.48,42.54,72.1,18.39,35948,26.72
2026-01-07 02:30:00,F0455,19.07,69.55,66.65,24.41,84270,79.75
2026-01-07 02:35:00,F0858,40.59,50.23,57.04,17.71,62112,65.45
2026-01-07 02:40:00,F0714,20.07,90.47,21.61,36.11,24920,78.36
2026-01-07 02:45:00,F0191,25.62,70.73,16.51,18.89,2368,37.4
2026-01-07 02:50:00,F0384,29.05,87.02,85.74,22.08,90245,71.39
2026-01-07 02:55:00,F0924,38.75,78.58,70.36,22.14,50716,76.47
2026-01-07 03:00:00,F0183,24.7,66.73,46.05,34.21,36756,90.69
2026-01-07 03:05:00,F0182,41.5,46.86,47.97,17.13,47550,66.3
2026-01-07 03:10:00,F0358,36.54,64.0,77.21,30.8,23344,22.94
2026-01-07 03:15:00,F0855,32.05,40.12,57.65,37.86,57866,47.75
2026-01-07 03:20:00,F0831,34.37,48.76,40.66,37.28,73300,86.39
2026-01-07 03:25:00,F0814,24.45,63.36,30.8,20.02,35189,22.52
2026-01-07 03:30:00,F0119,30.41,71.02,50.64,25.75,43335,49.78
2026-01-07 03:35:00,F0387,33.8,88.58,39.18,17.41,48039,89.55
2026-01-07 03:40:00,F0009,21.81,60.91,40.25,35.77,25525,93.05
2026-01-07 03:45:00,F0314,21.91,65.54,71.4,25.1,81820,56.52
2026-01-07 03:50:00,F0590,34.67,77.51,50.52,20.6,95813,49.86
2026-01-07 03:55:00,F0346,29.58,56.07,18.01,36.37,31710,81.05
2026-01-07 04:00:00,F0923,40.25,37.01,46.94,21.2,76692,52.06
2026-01-07 04:05:00,F0030,21.94,40.82,37.54,28.73,92439,95.43
2026-01-07 04:10:00,F0204,40.84,66.92,25.47,30.26,8051,97.63
2026-01-07 04:15:00,F0317,37.03,39.19,40.96,24.11,61370,20.07
2026-01-07 04:20:00,F0152,22.81,41.18,38.06,19.25,27649,54.92
2026-01-07 04:25:00,F0742,23.87,74.51,78.43,23.61,63566,32.75
2026-01-07 04:30:00,F0103,29.3,74.64,67.41,36.0,88613,50.1
2026-01-07 04:35:00,F0475,34.95,79.6,22.19,17.96,18501,51.99
2026-01-07 04:40:00,F0335,39.55,83.29,69.78,24.77,52622,62.73
2026-01-07 04:45:00,F0356,29.72,78.13,58.98,20.1,80760,34.25
2026-01-07 04:50:00,F0241,26.86,52.09,76.74,29.04,99524,51.85
2026-01-07 04:55:00,F0080,33.49,38.98,29.1,19.86,58068,27.43
2026-01-07 05:00:00,F0394,33.7,57.67,36.37,23.9,64000,22.79
2026-01-07 05:05:00,F0982,40.92,41.67,44.87,26.9,14950,57.19
2026-01-07 05:10:00,F0085,26.31,77.62,64.19,24.3,2602,32.87
2026-01-07 05:15:00,F0132,31.79,54.96,49.1,26.18,88843,52.14
2026-01-07 05:20:00,F0790,19.31,57.62,70.65,17.67,60017,60.16
2026-01-07 05:25:00,F0800,29.37,51.78,55.13,23.39,24440,98.46
2026-01-07 05:30:00,F0545,36.23,86.57,21.0,15.16,93741,67.21
2026-01-07 05:35:00,F0203,30.36,69.94,80.42,25.0,61917,42.54
2026-01-07 05:40:00,F0125,38.83,59.92,18.76,28.78,49404,40.19
2026-01-07 05:45:00,F0346,34.2,79.84,16.76,21.15,39435,48.55
2026-01-07 05:50:00,F0018,28.72,49.35,17.67,17.57,96932,22.93
2026-01-07 05:55:00,F0757,27.51,41.39,55.12,17.9,19958,70.63
2026-01-07 06:00:00,F0442,39.43,52.45,49.35,29.2,97034,85.64
2026-01-07 06:05:00,F0583,29.0,34.97,42.96,18.38,95871,71.03
2026-01-07 06:10:00,F0904,20.43,63.32,69.4,22.77,84458,79.94
2026-01-07 06:15:00,F0433,27.62,41.96,71.01,31.6,98345,90.63
2026-01-07 06:20:00,F0857,39.9,92.74,74.52,28.13,40741,69.25
2026-01-07 06:25:00,F0553,38.5,45.84,74.92,23.61,62986,37.22
2026-01-07 06:30:00,F0958,28.49,78.55,73.37,21.37,89006,23.66
2026-01-07 06:35:00,F0409,39.83,74.08,35.45,24.37,3453,82.56
2026-01-07 06:40:00,F0673,21.11,47.36,59.93,37.45,42701,27.77
2026-01-07 06:45:00,F0231,18.43,51.1,19.78,21.62,94327,68.75
2026-01-07 06:50:00,F0472,32.11,71.26,39.66,23.95,74093,21.01
2026-01-07 06:55:00,F0349,25.67,83.47,26.38,34.65,66401,36.85
2026-01-07 07:00:00,F0715,22.08,55.35,45.22,30.2,75883,97.42
2026-01-07 07:05:00,F0647,29.68,94.02,21.23,32.2,70414,49.54
2026-01-07 07:10:00,F0299,36.02,59.35,50.05,18.59,77668,33.34
2026-01-07 07:15:00,F0361,31.56,57.0,72.37,32.28,38209,64.52
2026-01-07 07:20:00,F0503,41.75,54.39,55.32,23.7,17186,27.76
2026-01-07 07:25:00,F0224,23.07,37.19,36.7,34.89,97267,98.31
2026-01-07 07:30:00,F0564,27.8,78.83,46.36,28.78,42864,81.64
2026-01-07 07:35:00,F0646,20.54,87.51,87.02,32.52,42651,60.18
2026-01-07 07:40:00,F0546,27.41,85.84,52.11,25.67,59911,32.56
2026-01-07 07:45:00,F0895,22.26,48.75,54.95,22.68,61820,72.5
2026-01-07 07:50:00,F0700,39.77,54.92,63.98,37.41,54778,35.11
2026-01-07 07:55:00,F0030,32.85,39.01,61.49,37.97,79586,65.65
2026-01-07 08:00:00,F0419,40.69,51.13,33.75,28.09,62854,74.75
2026-01-07 08:05:00,F0975,26.89,78.29,81.26,30.04,73359,60.91
2026-01-07 08:10:00,F0198,38.41,40.49,42.68,35.12,23965,57.77
2026-01-07 08:15:00,F0730,40.11,50.98,36.97,35.57,28132,66.21
2026-01-07 08:20:00,F0471,23.88,69.21,89.23,33.33,61477,60.02
2026-01-07 08:25:00,F0114,37.29,84.46,80.41,35.9,33094,56.98
2026-01-07 08:30:00,F0986,19.68,78.66,66.15,24.35,69126,99.64
2026-01-07 08:35:00,F0883,27.25,80.9,86.82,35.32,71430,29.68
2026-01-07 08:40:00,F0796,32.57,94.3,68.61,25.09,96162,24.78
2026-01-07 08:45:00,F0832,27.56,83.45,72.66,23.36,94929,94.19
2026-01-07 08:50:00,F0645,33.59,57.86,24.3,18.36,35406,80.64
2026-01-07 08:55:00,F0594,36.09,37.27,27.67,24.5,45542,31.36
2026-01-07 09:00:00,F0249,37.09,43.66,22.28,29.77,10708,56.66
2026-01-07 09:05:00,F0727,29.8,45.91,34.5,21.79,59284,46.45
2026-01-07 09:10:00,F0462,34.79,66.94,59.58,32.51,20401,61.74
2026-01-07 09:15:00,F0027,23.3,54.11,42.2,21.7,94826,32.66
2026-01-07 09:20:00,F0650,25.31,76.35,65.5,18.55,92105,30.28
2026-01-07 09:25:00,F0623,25.02,54.97,62.76,15.64,28742,66.66
2026-01-07 09:30:00,F0152,32.02,46.86,69.09,32.15,68740,52.47
2026-01-07 09:35:00,F0634,39.6,93.21,63.29,28.5,66679,45.14
2026-01-07 09:40:00,F0384,27.07,90.2,63.63,35.03,64183,34.03
2026-01-07 09:45:00,F0919,27.12,73.47,19.86,20.17,28057,37.94
2026-01-07 09:50:00,F0285,32.61,77.37,23.97,19.53,66377,56.75
2026-01-07 09:55:00,F0935,33.33,30.79,70.97,33.83,69697,91.85
2026-01-07 10:00:00,F0760,22.86,73.18,44.89,17.27,44190,60.59
2026-01-07 10:05:00,F0278,31.28,64.76,70.59,35.07,8336,55.73
2026-01-07 10:10:00,F0536,23.95,46.64,70.46,30.86,86302,88.6
2026-01-07 10:15:00,F0234,34.55,59.64,18.02,29.01,73348,42.2
2026-01-07 10:20:00,F0761,22.56,84.0,19.78,35.77,69492,44.22
2026-01-07 10:25:00,F0213,23.46,68.07,58.6,25.68,71376,90.53
2026-01-07 10:30:00,F0053,25.65,71.2,29.73,17.68,11929,58.08
2026-01-07 10:35:00,F0103,31.02,43.97,51.54,28.09,77246,54.38
2026-01-07 10:40:00,F0927,20.68,87.62,73.3,19.48,84221,69.15
2026-01-07 10:45:00,F0468,41.81,46.36,45.54,21.23,83723,34.12
2026-01-07 10:50:00,F0520,29.6,48.44,63.4,21.08,70755,39.92
2026-01-07 10:55:00,F0282,34.27,62.7,61.94,17.56,24878,59.01
2026-01-07 11:00:00,F0327,39.44,63.12,52.18,19.11,57625,73.84
2026-01-07 11:05:00,F0097,40.21,58.81,62.84,27.39,24941,35.49
2026-01-07 11:10:00,F0112,36.31,43.86,52.63,22.36,70520,57.75
2026-01-07 11:15:00,F0702,25.2,69.62,57.83,18.56,21498,35.35
2026-01-07 11:20:00,F0406,36.86,85.4,60.76,18.61,68694,98.49
2026-01-07 11:25:00,F0670,32.29,57.1,69.49,20.26,35452,57.76
2026-01-07 11:30:00,F0877,38.03,54.1,37.97,31.71,98676,45.23
2026-01-07 11:35:00,F0316,28.21,55.58,46.28,32.53,53963,24.42
2026-01-07 11:40:00,F0419,26.49,82.35,88.12,32.64,3553,85.48
2026-01-07 11:45:00,F0208,23.01,76.58,37.11,23.59,43184,54.2
2026-01-07 11:50:00,F0392,25.82,66.4,29.96,19.94,66921,55.21
2026-01-07 11:55:00,F0281,20.56,45.8,39.41,26.03,95537,67.44
2026-01-07 12:00:00,F0975,41.31,32.99,64.46,30.82,93600,58.96
2026-01-07 12:05:00,F0287,41.69,68.1,19.45,16.29,45917,42.08
2026-01-07 12:10:00,F0379,28.51,48.48,50.39,35.26,10697,45.96
2026-01-07 12:15:00,F0794,35.58,83.58,80.55,28.57,76246,36.0
2026-01-07 12:20:00,F0091,28.52,51.31,55.99,30.2,73964,62.48
2026-01-07 12:25:00,F0299,34.55,39.13,72.74,35.03,92652,76.91
2026-01-07 12:30:00,F0322,40.97,53.48,72.95,32.19,29155,34.73
2026-01-07 12:35:00,F0480,23.46,53.54,29.92,37.34,34951,40.43
2026-01-07 12:40:00,F0766,40.38,39.12,63.17,24.83,64747,83.85
2026-01-07 12:45:00,F0852,30.68,89.34,53.42,15.37,58305,99.65
2026-01-07 12:50:00,F0983,30.1,81.89,74.26,26.32,76342,46.7
2026-01-07 12:55:00,F0069,35.63,66.74,88.07,32.95,70699,32.66
2026-01-07 13:00:00,F0526,38.31,35.7,84.19,29.03,26020,80.15
2026-01-07 13:05:00,F0786,34.41,83.15,49.93,35.46,97853,32.18
2026-01-07 13:10:00,F0339,19.75,72.11,40.49,27.14,91778,79.16
2026-01-07 13:15:00,F0972,28.38,31.4,58.11,15.15,52111,21.51
2026-01-07 13:20:00,F0231,25.74,39.78,79.17,28.44,43810,62.59
2026-01-07 13:25:00,F0670,33.97,80.05,58.08,23.16,94703,89.38
2026-01-07 13:30:00,F0157,22.53,39.64,38.14,17.32,70916,68.15
2026-01-07 13:35:00,F0865,18.95,38.28,41.14,16.59,42331,94.28
2026-01-07 13:40:00,F0674,23.01,49.69,46.82,21.23,29473,81.79
2026-01-07 13:45:00,F0028,21.3,88.43,47.97,34.19,50166,22.03
2026-01-07 13:50:00,F0889,35.85,78.09,43.53,25.28,53321,35.89
2026-01-07 13:55:00,F0790,27.13,82.94,21.96,19.03,76799,77.96
2026-01-07 14:00:00,F0125,21.91,43.63,85.55,32.03,47974,79.97
2026-01-07 14:05:00,F0325,27.96,43.67,21.81,26.66,63649,40.42
2026-01-07 14:10:00,F0115,40.68,31.05,43.5,24.66,14115,48.37
2026-01-07 14:15:00,F0969,25.44,34.24,85.95,30.0,31062,99.98
2026-01-07 14:20:00,F0087,33.61,82.66,80.7,15.36,37007,78.37
2026-01-07 14:25:00,F0919,25.76,39.15,33.67,27.99,17770,61.49
2026-01-07 14:30:00,F0144,34.68,79.55,19.59,33.45,97973,72.88
2026-01-07 14:35:00,F0381,32.82,83.51,46.44,19.02,68973,97.22
2026-01-07 14:40:00,F0760,37.43,73.46,42.38,36.27,22282,22.4
2026-01-07 14:45:00,F0209,25.35,70.65,83.17,21.1,43083,22.28
2026-01-07 14:50:00,F0027,25.96,87.77,17.57,35.06,54432,23.72
2026-01-07 14:55:00,F0387,36.3,76.96,27.73,17.3,46700,91.78
2026-01-07 15:00:00,F0095,28.08,34.31,87.65,25.68,55404,88.49
2026-01-07 15:05:00,F0550,28.57,85.7,75.71,15.02,63422,57.56
2026-01-07 15:10:00,F0925,24.16,50.99,55.5,37.01,88612,77.31
2026-01-07 15:15:00,F0490,29.83,84.02,57.84,17.89,68467,30.38
2026-01-07 15:20:00,F0965,21.42,72.85,70.74,31.5,38001,90.95
2026-01-07 15:25:00,F0108,23.99,46.29,69.75,21.93,94121,97.92
2026-01-07 15:30:00,F0685,32.18,63.6,89.07,21.13,18263,46.24
2026-01-07 15:35:00,F0384,33.87,67.66,85.1,15.79,51466,70.55
2026-01-07 15:40:00,F0814,22.75,41.84,25.72,15.78,32172,32.95
2026-01-07 15:45:00,F0331,18.28,61.25,79.33,19.32,76654,52.45
2026-01-07 15:50:00,F0220,28.88,47.08,47.99,32.13,86912,81.48
2026-01-07 15:55:00,F0947,26.1,94.78,28.97,22.84,64878,81.76
2026-01-07 16:00:00,F0468,33.92,73.42,40.68,26.94,9272,82.56
2026-01-07 16:05:00,F0437,33.42,92.71,24.47,20.22,60956,86.41
2026-01-07 16:10:00,F0124,31.21,49.22,80.5,22.06,58168,64.26
2026-01-07 16:15:00,F0963,19.99,86.35,52.85,24.14,67965,35.59
2026-01-07 16:20:00,F0861,34.33,80.43,29.9,32.13,69888,68.07
2026-01-07 16:25:00,F0156,31.51,64.49,18.52,27.26,71707,38.43
2026-01-07 16:30:00,F0970,41.93,40.84,26.91,30.65,84218,70.75
2026-01-07 16:35:00,F0634,23.43,90.49,68.71,27.44,80910,53.92
2026-01-07 16:40:00,F0208,24.68,92.34,86.17,21.82,69386,97.76
2026-01-07 16:45:00,F0916,29.44,50.92,69.12,21.9,10813,40.11
2026-01-07 16:50:00,F0570,34.03,43.57,70.01,28.66,9757,24.74
2026-01-07 16:55:00,F0421,21.37,61.26,27.02,37.36,32780,51.3
2026-01-07 17:00:00,F0164,33.51,55.41,29.5,34.19,10244,38.1
2026-01-07 17:05:00,F0972,24.63,88.02,24.26,32.01,89121,32.15
2026-01-07 17:10:00,F0455,21.42,47.91,39.56,29.65,69238,44.89
2026-01-07 17:15:00,F0106,36.52,68.9,32.41,25.08,17366,63.3
2026-01-07 17:20:00,F0625,28.9,34.58,88.42,35.94,45744,90.02
2026-01-07 17:25:00,F0973,41.71,54.8,81.83,17.6,62148,54.07
2026-01-07 17:30:00,F0173,39.03,74.94,74.58,32.44,30443,61.83
2026-01-07 17:35:00,F0091,41.94,69.22,59.93,23.34,88151,59.56
2026-01-07 17:40:00,F0719,41.12,57.41,62.85,34.9,37726,87.39
2026-01-07 17:45:00,F0751,24.62,46.36,53.09,24.65,33931,98.65
2026-01-07 17:50:00,F0086,18.31,76.35,51.42,28.47,30017,67.29
2026-01-07 17:55:00,F0682,24.38,94.82,76.97,26.22,80513,86.99
2026-01-07 18:00:00,F0385,32.56,86.58,65.07,15.97,15129,67.23
2026-01-07 18:05:00,F0813,33.42,36.41,22.12,37.23,32275,48.86
2026-01-07 18:10:00,F0689,35.02,69.25,76.15,31.52,6225,47.78
2026-01-07 18:15:00,F0808,28.57,59.95,79.76,15.86,53257,85.05
2026-01-07 18:20:00,F0644,35.87,58.07,83.11,19.97,24689,21.93
2026-01-07 18:25:00,F0969,25.9,49.0,45.91,15.65,60850,87.95
2026-01-07 18:30:00,F0260,26.61,74.4,41.43,37.21,37258,55.68
2026-01-07 18:35:00,F0049,25.79,75.44,62.61,32.68,22049,36.75
2026-01-07 18:40:00,F0790,38.72,72.14,70.55,32.33,23551,87.58
2026-01-07 18:45:00,F0878,20.13,52.87,55.37,33.52,30828,45.32
2026-01-07 18:50:00,F0314,20.43,76.93,62.96,22.2,66168,71.16
2026-01-07 18:55:00,F0775,27.18,47.2,68.05,23.06,58379,91.66
2026-01-07 19:00:00,F0773,21.82,40.96,16.19,19.37,41701,92.71
2026-01-07 19:05:00,F0718,33.42,49.25,56.99,19.09,82064,75.65
2026-01-07 19:10:00,F0204,20.24,76.26,83.6,30.25,35520,31.66
2026-01-07 19:15:00,F0349,30.79,55.79,84.09,17.38,97506,85.17
2026-01-07 19:20:00,F0909,37.16,69.87,87.81,22.45,30468,55.4
2026-01-07 19:25:00,F0042,23.9,40.08,89.45,15.61,30421,86.66
2026-01-07 19:30:00,F0225,23.89,44.68,63.59,19.97,2627,43.74
2026-01-07 19:35:00,F0988,18.5,69.79,77.84,24.53,73250,99.87
2026-01-07 19:40:00,F0197,27.9,85.11,58.57,29.43,51738,79.74
2026-01-07 19:45:00,F0724,37.12,53.66,75.13,24.92,48777,92.0
2026-01-07 19:50:00,F0960,23.63,65.12,20.78,30.94,43160,88.8
2026-01-07 19:55:00,F0720,23.93,64.99,24.66,37.56,67512,76.67
2026-01-07 20:00:00,F0549,25.52,82.47,60.31,31.56,95052,76.17
2026-01-07 20:05:00,F1000,31.3,94.03,49.9,28.21,7973,56.82
2026-01-07 20:10:00,F0449,29.93,58.35,86.49,18.94,74394,55.88
2026-01-07 20:15:00,F0666,19.38,52.59,80.07,18.4,90392,48.35
2026-01-07 20:20:00,F0978,35.25,67.03,86.05,31.74,94534,67.82
2026-01-07 20:25:00,F0442,34.9,91.28,88.97,19.95,60259,44.79
2026-01-07 20:30:00,F0714,34.19,51.48,57.74,35.15,54364,31.54
2026-01-07 20:35:00,F0553,41.52,68.15,79.71,37.33,7943,76.97
2026-01-07 20:40:00,F0367,32.1,80.35,20.33,16.46,55225,78.43
2026-01-07 20:45:00,F0751,22.67,93.69,73.03,37.76,24755,22.36
2026-01-07 20:50:00,F0952,29.88,37.77,21.68,36.76,76235,76.07
2026-01-07 20:55:00,F0702,27.3,56.49,67.23,18.19,45996,34.64
2026-01-07 21:00:00,F0319,26.52,75.97,80.93,26.49,25191,40.84
2026-01-07 21:05:00,F0206,23.44,94.07,62.48,22.81,99541,27.52
2026-01-07 21:10:00,F0264,18.49,69.4,88.65,16.36,49909,27.64
2026-01-07 21:15:00,F0002,41.13,64.39,15.35,23.85,4624,84.0
2026-01-07 21:20:00,F0582,31.52,85.86,86.68,19.34,82378,59.86
2026-01-07 21:25:00,F0549,23.24,52.44,80.41,35.99,79606,49.93
2026-01-07 21:30:00,F0182,39.39,75.91,80.98,19.08,20510,85.15
2026-01-07 21:35:00,F0456,18.73,32.52,55.32,37.03,16765,84.58
2026-01-07 21:40:00,F0320,40.44,37.01,66.23,28.57,22939,92.02
2026-01-07 21:45:00,F0510,22.64,40.09,60.99,22.76,60594,94.29
2026-01-07 21:50:00,F0562,37.96,80.96,85.8,30.38,9580,47.07
2026-01-07 21:55:00,F0375,21.39,92.43,51.81,33.26,6451,48.67
2026-01-07 22:00:00,F0939,41.58,61.23,78.27,30.17,99908,87.12
2026-01-07 22:05:00,F0102,38.35,35.91,64.11,35.97,74793,66.01
2026-01-07 22:10:00,F0545,30.52,79.2,63.24,21.5,18757,55.83
2026-01-07 22:15:00,F0203,25.03,70.71,45.32,23.67,65286,21.91
2026-01-07 22:20:00,F0107,25.72,61.47,44.16,26.45,38643,81.67
2026-01-07 22:25:00,F0716,19.32,84.03,29.11,17.05,78000,79.83
2026-01-07 22:30:00,F0585,31.03,71.66,70.44,27.29,7187,97.34
2026-01-07 22:35:00,F0395,22.52,92.67,18.93,33.98,57859,79.08
2026-01-07 22:40:00,F0537,38.38,63.07,66.09,16.03,29114,27.89
2026-01-07 22:45:00,F0973,22.46,44.4,39.02,31.42,65916,36.54
2026-01-07 22:50:00,F0656,32.71,32.94,43.61,35.71,16247,93.94
2026-01-07 22:55:00,F0005,39.71,72.87,83.64,22.61,24207,98.97
2026-01-07 23:00:00,F0847,23.48,89.64,45.15,18.59,79479,39.69
2026-01-07 23:05:00,F0685,24.2,89.94,66.03,31.33,83076,44.78
2026-01-07 23:10:00,F0963,39.09,77.88,35.45,30.88,55511,85.88
2026-01-07 23:15:00,F0387,24.67,88.57,76.25,26.23,79660,20.83
2026-01-07 23:20:00,F0710,27.49,75.24,48.68,30.25,30225,25.64
2026-01-07 23:25:00,F0118,20.77,88.64,51.64,19.22,43910,33.39
2026-01-07 23:30:00,F0758,24.16,74.26,84.8,24.16,71288,42.92
2026-01-07 23:35:00,F0877,31.68,37.05,23.96,33.93,27493,96.02
2026-01-07 23:40:00,F0569,38.31,43.05,53.87,15.82,63759,28.75
2026-01-07 23:45:00,F0235,18.91,55.22,21.27,30.95,9834,39.34
2026-01-07 23:50:00,F0631,26.9,77.99,48.15,32.69,87884,94.69
2026-01-07 23:55:00,F0786,41.39,79.96,69.37,16.01,2862,95.89
2026-01-08 00:00:00,F0350,38.63,46.3,28.16,25.63,85428,24.51
2026-01-08 00:05:00,F0390,21.67,48.97,19.77,19.23,26472,46.87
2026-01-08 00:10:00,F0739,28.53,86.64,20.2,20.65,70278,43.02
2026-01-08 00:15:00,F0165,21.44,92.67,19.25,30.75,54729,61.44
2026-01-08 00:20:00,F0018,32.85,41.04,84.96,23.52,19807,92.12
2026-01-08 00:25:00,F0701,23.61,54.78,57.2,33.72,75311,29.57
2026-01-08 00:30:00,F0230,36.29,32.29,55.92,15.46,63446,94.98
2026-01-08 00:35:00,F0661,27.27,74.56,44.01,35.94,32151,74.63
2026-01-08 00:40:00,F0628,24.0,93.71,62.75,26.02,21072,56.34
2026-01-08 00:45:00,F0901,26.64,39.39,62.78,19.01,51915,99.93
2026-01-08 00:50:00,F0904,21.85,78.1,47.38,21.9,6577,56.79
2026-01-08 00:55:00,F0728,39.12,85.36,89.06,17.88,83116,48.24
2026-01-08 01:00:00,F0965,27.74,87.44,49.54,25.4,51913,57.08
2026-01-08 01:05:00,F0346,25.82,55.93,69.25,19.74,29437,77.01
2026-01-08 01:10:00,F0583,22.67,86.78,64.45,29.23,61735,63.86
2026-01-08 01:15:00,F0783,37.01,54.36,38.02,24.04,62634,28.69
2026-01-08 01:20:00,F0668,28.86,88.8,86.68,35.01,55017,24.07
2026-01-08 01:25:00,F0223,26.1,87.85,64.47,36.55,57594,34.43
2026-01-08 01:30:00,F0454,18.57,43.42,57.55,18.96,98776,74.45
2026-01-08 01:35:00,F0788,21.74,56.12,73.64,19.55,54908,45.32
2026-01-08 01:40:00,F0252,38.83,38.49,84.84,22.27,81258,62.45
2026-01-08 01:45:00,F0644,39.02,73.95,74.02,16.97,2136,93.61
2026-01-08 01:50:00,F0891,19.27,85.42,38.5,35.74,27608,79.49
2026-01-08 01:55:00,F0981,23.11,84.64,42.22,35.91,77473,92.36
2026-01-08 02:00:00,F0458,29.4,75.73,36.73,17.33,74647,32.78
2026-01-08 02:05:00,F0902,21.65,56.99,54.92,29.22,21746,64.93
2026-01-08 02:10:00,F0644,29.27,93.91,66.75,35.78,15858,73.11
2026-01-08 02:15:00,F0151,39.82,36.31,17.95,35.25,62972,50.35
2026-01-08 02:20:00,F0175,36.41,68.1,89.08,23.33,58794,66.79
2026-01-08 02:25:00,F0187,28.74,31.29,51.88,30.45,46066,90.85
2026-01-08 02:30:00,F0088,39.28,34.48,25.12,21.9,52592,93.34
2026-01-08 02:35:00,F0114,41.83,81.41,65.17,37.12,43034,43.39
2026-01-08 02:40:00,F0812,40.77,35.4,60.21,33.38,3091,69.75
2026-01-08 02:45:00,F0605,28.03,40.99,78.84,19.42,37732,98.56
2026-01-08 02:50:00,F0926,39.98,61.82,82.94,16.2,32300,76.04
2026-01-08 02:55:00,F0270,28.77,58.14,18.03,32.25,87074,56.65
2026-01-08 03:00:00,F0083,25.99,32.04,80.4,36.31,2399,78.77
2026-01-08 03:05:00,F0020,25.27,42.98,50.26,23.93,92132,73.75
2026-01-08 03:10:00,F0714,27.0,53.84,53.44,37.85,56641,52.58
2026-01-08 03:15:00,F0351,21.18,52.51,34.62,19.44,37915,41.33
2026-01-08 03:20:00,F0936,28.8,73.67,75.41,36.01,67688,91.67
2026-01-08 03:25:00,F0024,37.46,82.4,23.03,16.71,49940,25.2
2026-01-08 03:30:00,F0586,37.23,80.63,79.78,15.22,2762,78.92
2026-01-08 03:35:00,F0350,38.88,70.13,26.72,29.4,61393,70.48
2026-01-08 03:40:00,F0339,36.87,36.88,24.15,31.2,27151,93.44
2026-01-08 03:45:00,F0949,19.95,35.96,86.35,15.09,90863,38.65
2026-01-08 03:50:00,F0052,35.21,55.15,61.91,19.43,26860,76.66
2026-01-08 03:55:00,F0508,32.53,42.09,36.6,30.55,9030,55.4
2026-01-08 04:00:00,F0520,18.15,41.43,29.83,18.31,72040,66.03
2026-01-08 04:05:00,F0194,34.8,75.69,20.68,19.3,43127,80.5
2026-01-08 04:10:00,F0234,21.9,71.29,59.42,28.84,67408,71.25
2026-01-08 04:15:00,F0224,28.24,83.59,70.16,27.2,86831,91.24
2026-01-08 04:20:00,F0700,24.04,79.03,19.85,16.44,46118,92.22
2026-01-08 04:25:00,F0062,32.88,83.15,21.0,32.58,94861,55.67
2026-01-08 04:30:00,F0763,34.19,50.7,72.85,36.03,92498,74.49
2026-01-08 04:35:00,F0695,41.02,67.0,69.54,22.34,47938,79.38
2026-01-08 04:40:00,F0492,26.89,49.52,51.68,27.56,98644,35.22
2026-01-08 04:45:00,F0602,22.09,74.91,45.73,35.24,43515,93.88
2026-01-08 04:50:00,F0867,40.69,56.21,80.15,25.68,21012,31.37
2026-01-08 04:55:00,F0769,27.25,91.73,80.5,33.13,50998,99.18
2026-01-08 05:00:00,F0648,21.59,53.77,47.58,33.8,23646,32.08
2026-01-08 05:05:00,F0969,22.41,36.17,44.35,18.45,45212,35.82
2026-01-08 05:10:00,F0510,27.41,49.73,86.64,27.63,30850,35.2
2026-01-08 05:15:00,F0622,35.37,58.14,86.05,18.68,88266,24.78
2026-01-08 05:20:00,F0985,20.54,91.94,67.95,28.98,19543,38.81
2026-01-08 05:25:00,F0966,29.86,44.07,51.79,37.01,83773,32.69
2026-01-08 05:30:00,F0646,25.45,70.2,60.87,28.78,70420,42.55
2026-01-08 05:35:00,F0743,26.96,74.75,24.61,28.0,63065,25.05
2026-01-08 05:40:00,F0458,26.88,46.0,85.84,30.83,41964,70.71
2026-01-08 05:45:00,F0924,41.34,81.14,56.62,28.28,44392,75.87
2026-01-08 05:50:00,F0924,21.05,50.92,62.45,37.34,31005,76.65
2026-01-08 05:55:00,F0625,23.69,83.28,51.64,25.8,3542,45.08
2026-01-08 06:00:00,F0902,20.29,78.76,61.77,16.87,65348,57.02
2026-01-08 06:05:00,F0923,39.38,92.29,34.95,25.34,26320,83.3
2026-01-08 06:10:00,F0283,35.09,53.65,73.33,25.9,30272,70.65
2026-01-08 06:15:00,F0336,26.55,70.34,57.14,33.02,42947,58.78
2026-01-08 06:20:00,F0322,32.51,64.86,76.81,29.85,79326,68.41
2026-01-08 06:25:00,F0303,35.6,77.81,29.62,33.37,38022,39.86
2026-01-08 06:30:00,F0386,28.15,83.21,15.82,21.0,19882,43.69
2026-01-08 06:35:00,F0030,33.64,79.55,20.9,25.69,20348,55.73
2026-01-08 06:40:00,F0392,31.33,68.6,71.88,17.48,36855,56.48
2026-01-08 06:45:00,F0203,34.95,59.47,27.22,17.96,3222,29.91
2026-01-08 06:50:00,F0889,25.84,61.01,25.63,34.13,50155,64.01
2026-01-08 06:55:00,F0644,28.42,51.05,28.35,29.1,5526,71.49
2026-01-08 07:00:00,F0332,31.57,66.95,81.24,16.28,95014,77.09
2026-01-08 07:05:00,F0509,19.53,34.41,26.37,27.02,94566,38.8
2026-01-08 07:10:00,F0773,26.65,53.21,21.09,22.9,10119,59.4
2026-01-08 07:15:00,F0559,19.49,57.06,74.23,30.98,72840,85.83
2026-01-08 07:20:00,F0834,22.97,40.34,72.21,34.98,30805,39.14
2026-01-08 07:25:00,F0661,34.4,31.57,63.22,31.04,63743,23.39
2026-01-08 07:30:00,F0225,36.2,91.75,86.58,18.17,42872,45.84
2026-01-08 07:35:00,F0775,33.22,55.73,53.27,21.66,4081,73.57
2026-01-08 07:40:00,F0714,27.96,34.42,30.01,15.83,31081,66.62
2026-01-08 07:45:00,F0008,26.39,35.24,81.12,26.71,22519,51.77
2026-01-08 07:50:00,F0156,30.87,89.49,70.82,21.47,73910,49.94
2026-01-08 07:55:00,F0398,21.84,43.1,60.57,22.69,43868,91.83
2026-01-08 08:00:00,F0403,20.86,48.55,17.16,28.88,86381,73.75
2026-01-08 08:05:00,F0789,27.74,42.01,18.12,33.51,98362,94.65
2026-01-08 08:10:00,F0211,22.8,67.06,71.05,34.16,89369,37.15
2026-01-08 08:15:00,F0608,37.63,53.46,19.08,29.4,75297,91.22
2026-01-08 08:20:00,F0864,24.06,63.22,38.24,19.98,24713,88.83
2026-01-08 08:25:00,F0212,29.99,76.8,69.0,25.53,52216,68.15
2026-01-08 08:30:00,F0170,40.1,61.21,59.76,33.29,88428,88.59
2026-01-08 08:35:00,F0255,19.86,36.97,15.02,15.72,7557,88.57
2026-01-08 08:40:00,F0970,24.58,30.0,48.38,31.76,21904,27.78
2026-01-08 08:45:00,F0377,23.17,42.4,46.74,35.16,10974,42.4
2026-01-08 08:50:00,F0670,18.54,80.08,82.39,21.95,35435,56.55
2026-01-08 08:55:00,F0955,39.3,82.04,30.35,36.15,98551,96.19
2026-01-08 09:00:00,F0812,18.73,90.52,50.74,15.33,12284,77.98
2026-01-08 09:05:00,F0467,38.88,67.69,56.81,21.21,93127,65.06
2026-01-08 09:10:00,F0065,35.55,39.96,19.89,30.59,4918,22.97
2026-01-08 09:15:00,F0443,37.93,56.81,87.97,28.27,6771,72.53
2026-01-08 09:20:00,F0983,36.47,48.25,36.12,26.02,36033,21.95
2026-01-08 09:25:00,F0279,41.12,42.22,66.73,33.64,86220,23.53
2026-01-08 09:30:00,F0577,38.05,58.3,86.41,26.24,31345,77.25
2026-01-08 09:35:00,F0761,19.14,53.66,59.85,25.49,62928,63.57
2026-01-08 09:40:00,F0383,33.81,54.13,56.33,18.35,97363,71.15
2026-01-08 09:45:00,F0417,22.18,56.12,50.06,22.99,39331,31.81
2026-01-08 09:50:00,F0689,36.04,62.14,55.67,23.29,57585,26.92
2026-01-08 09:55:00,F0260,39.23,51.63,41.9,25.73,99789,63.14
2026-01-08 10:00:00,F0697,21.94,32.78,52.98,34.77,82928,31.6
2026-01-08 10:05:00,F0350,30.97,84.08,26.96,33.37,19287,98.18
2026-01-08 10:10:00,F0812,22.94,75.06,21.13,24.64,15664,99.24
2026-01-08 10:15:00,F0558,19.01,36.75,15.3,36.49,88115,95.38
2026-01-08 10:20:00,F0758,23.44,76.13,40.12,17.69,96925,86.92
2026-01-08 10:25:00,F0383,31.16,55.67,64.27,24.03,76631,48.09
2026-01-08 10:30:00,F0418,34.51,94.22,31.94,29.81,21408,86.75
2026-01-08 10:35:00,F0917,36.08,76.55,81.99,37.29,15129,59.62
2026-01-08 10:40:00,F0938,19.73,91.76,33.14,24.34,28426,63.36
2026-01-08 10:45:00,F0099,40.84,42.42,16.22,21.8,28143,34.86
2026-01-08 10:50:00,F0795,34.33,34.36,48.94,17.74,47860,72.93
2026-01-08 10:55:00,F0011,34.75,49.51,44.08,19.79,57167,69.54
2026-01-08 11:00:00,F0942,29.48,69.96,18.14,26.3,5131,60.0
2026-01-08 11:05:00,F0360,18.74,75.54,79.59,23.83,71650,81.58
2026-01-08 11:10:00,F0433,34.53,70.32,41.33,37.34,65265,99.57
2026-01-08 11:15:00,F0390,18.93,61.68,82.94,25.92,72268,27.36
2026-01-08 11:20:00,F0252,35.38,76.51,84.17,25.46,99179,46.99
2026-01-08 11:25:00,F0619,41.62,32.23,38.24,32.87,60139,37.32
2026-01-08 11:30:00,F0421,20.28,74.45,59.51,30.53,4700,94.84
2026-01-08 11:35:00,F0456,19.66,41.78,35.61,28.0,71210,72.3
2026-01-08 11:40:00,F0050,24.08,37.65,53.76,19.0,60208,43.47
2026-01-08 11:45:00,F0167,18.96,69.07,47.0,30.8,11069,35.93
2026-01-08 11:50:00,F0498,23.98,55.17,70.84,30.04,24151,81.8
2026-01-08 11:55:00,F0045,25.25,44.52,79.92,28.42,65664,38.3
2026-01-08 12:00:00,F0456,37.4,91.62,23.71,18.78,18301,79.23
2026-01-08 12:05:00,F0970,32.52,31.54,52.21,33.27,57357,21.64
2026-01-08 12:10:00,F0538,39.54,53.94,55.76,24.63,5395,42.31
2026-01-08 12:15:00,F0571,34.85,34.35,21.54,35.19,88123,48.61
2026-01-08 12:20:00,F0411,30.17,45.81,84.59,18.16,4160,32.96
2026-01-08 12:25:00,F0585,22.48,42.77,64.49,27.56,74055,41.04
2026-01-08 12:30:00,F0069,41.3,72.66,58.66,17.66,6210,38.58
2026-01-08 12:35:00,F0151,25.21,78.53,44.3,23.55,67872,83.05
2026-01-08 12:40:00,F0116,30.59,47.28,54.79,21.98,18964,45.56
2026-01-08 12:45:00,F0250,38.65,82.08,29.15,25.92,63748,37.13
2026-01-08 12:50:00,F0177,27.31,71.17,55.61,33.49,20151,73.37
2026-01-08 12:55:00,F0879,30.24,85.98,20.1,26.81,10514,65.29
2026-01-08 13:00:00,F0253,33.05,56.88,61.92,36.56,35402,52.51
2026-01-08 13:05:00,F0771,28.36,86.59,73.55,15.64,89035,78.12
2026-01-08 13:10:00,F0383,27.38,69.42,80.02,32.22,17688,58.35
2026-01-08 13:15:00,F0973,36.97,87.77,63.45,32.37,21615,39.31
2026-01-08 13:20:00,F0534,24.9,80.25,47.46,15.71,9694,64.93
2026-01-08 13:25:00,F0722,39.4,39.46,63.11,23.5,52546,42.47
2026-01-08 13:30:00,F0666,37.36,89.61,37.76,27.31,43872,93.55
2026-01-08 13:35:00,F0876,40.76,63.24,43.96,35.04,91236,67.16
2026-01-08 13:40:00,F0574,40.16,69.34,64.58,28.2,62515,46.97
2026-01-08 13:45:00,F0709,29.75,52.26,53.77,29.52,33976,70.33
2026-01-08 13:50:00,F0957,24.51,48.78,53.51,22.2,43488,92.58
2026-01-08 13:55:00,F0580,22.59,93.2,29.39,22.7,89617,52.92
2026-01-08 14:00:00,F0271,32.35,73.53,29.13,29.1,19255,84.18
2026-01-08 14:05:00,F0705,25.08,74.66,42.11,27.48,43092,36.36
2026-01-08 14:10:00,F0474,31.96,41.27,69.34,35.15,84701,39.76
2026-01-08 14:15:00,F0613,36.96,83.98,28.73,29.89,66136,50.0
2026-01-08 14:20:00,F0402,29.62,47.6,57.61,27.36,20181,40.38
2026-01-08 14:25:00,F0074,24.06,92.82,75.98,37.63,1428,25.32
2026-01-08 14:30:00,F0832,40.42,90.31,49.11,37.79,77491,85.69
2026-01-08 14:35:00,F0524,31.62,42.95,18.82,24.84,65167,67.62
2026-01-08 14:40:00,F0488,28.49,50.35,25.48,17.83,8143,23.28
2026-01-08 14:45:00,F0072,24.66,65.65,35.13,33.03,98389,74.94
2026-01-08 14:50:00,F0210,18.96,72.92,19.49,17.56,82836,77.57
2026-01-08 14:55:00,F0292,28.32,44.98,61.37,28.12,35961,94.23
2026-01-08 15:00:00,F0363,38.18,39.86,56.53,22.28,29819,33.75
2026-01-08 15:05:00,F0990,37.8,43.2,61.22,36.95,12950,65.7
2026-01-08 15:10:00,F0629,41.49,47.53,51.47,17.2,54267,37.68
2026-01-08 15:15:00,F0471,32.63,87.97,83.82,21.43,1415,39.1
2026-01-08 15:20:00,F0316,28.44,85.96,78.72,25.26,31432,28.03
2026-01-08 15:25:00,F0084,27.8,58.87,26.28,35.43,81616,80.06
2026-01-08 15:30:00,F0024,30.99,47.66,81.14,26.3,69673,47.38
2026-01-08 15:35:00,F0022,29.98,70.02,77.87,28.95,49884,31.56
2026-01-08 15:40:00,F0080,32.42,75.43,43.32,33.13,28149,37.43
2026-01-08 15:45:00,F0362,27.72,46.17,36.8,20.31,79700,90.22
2026-01-08 15:50:00,F0984,18.58,90.79,33.31,31.04,60276,77.05
2026-01-08 15:55:00,F0023,27.33,52.44,43.57,26.29,95919,55.63
2026-01-08 16:00:00,F0435,20.15,46.57,32.14,23.43,35060,58.28
2026-01-08 16:05:00,F0173,23.26,68.06,53.79,27.21,26652,87.67
2026-01-08 16:10:00,F0391,26.75,79.45,21.75,36.06,13108,69.24
2026-01-08 16:15:00,F0567,19.2,35.15,84.9,25.42,39424,31.33
2026-01-08 16:20:00,F0447,24.68,89.54,32.18,22.17,69224,25.34
2026-01-08 16:25:00,F0893,20.21,33.39,64.1,33.04,98136,34.08
2026-01-08 16:30:00,F0562,29.29,57.51,27.59,15.4,26609,68.21
2026-01-08 16:35:00,F0079,19.62,36.6,76.3,19.11,17270,82.32
2026-01-08 16:40:00,F0567,36.26,77.01,26.45,36.44,33197,82.95
2026-01-08 16:45:00,F0334,38.53,79.81,53.49,15.48,67127,91.59
2026-01-08 16:50:00,F0404,21.24,33.14,26.69,18.04,80818,86.74
2026-01-08 16:55:00,F0588,36.8,60.06,49.12,31.33,94510,39.86
2026-01-08 17:00:00,F0656,32.54,32.75,88.71,18.13,38644,56.86
2026-01-08 17:05:00,F0819,29.76,79.03,56.27,31.7,69819,57.33
2026-01-08 17:10:00,F0663,40.64,53.01,60.41,31.52,99217,52.42
2026-01-08 17:15:00,F0258,30.56,56.5,52.74,26.49,5773,36.55
2026-01-08 17:20:00,F0615,41.87,84.73,23.67,35.8,51144,50.08
2026-01-08 17:25:00,F0383,18.57,61.67,71.27,19.96,84683,80.03
2026-01-08 17:30:00,F0461,38.76,81.38,71.19,29.93,40580,51.71
2026-01-08 17:35:00,F0146,18.39,44.76,47.93,26.2,62125,77.03
2026-01-08 17:40:00,F0381,39.18,60.11,46.19,16.18,20075,91.76
2026-01-08 17:45:00,F0945,20.43,54.31,41.29,35.92,86646,89.77
2026-01-08 17:50:00,F0080,32.36,53.06,53.44,25.97,63843,25.42
2026-01-08 17:55:00,F0340,22.64,89.93,27.45,37.82,20128,79.55
2026-01-08 18:00:00,F0576,24.47,31.6,31.4,26.99,4164,55.87
2026-01-08 18:05:00,F0343,37.16,59.92,61.63,21.55,7673,84.1
2026-01-08 18:10:00,F0600,20.96,58.5,51.56,32.56,5739,73.31
2026-01-08 18:15:00,F0562,35.49,66.81,20.05,37.27,50535,46.41
2026-01-08 18:20:00,F0732,28.56,76.97,35.03,18.27,26733,27.46
2026-01-08 18:25:00,F0394,24.62,44.32,18.3,15.28,18424,35.56
2026-01-08 18:30:00,F0583,22.65,81.97,81.24,24.82,75473,40.41
2026-01-08 18:35:00,F0939,23.05,94.42,27.25,15.86,96320,58.61
2026-01-08 18:40:00,F0068,23.26,89.48,27.42,30.47,15973,26.4
2026-01-08 18:45:00,F0471,37.48,52.28,69.59,23.56,62463,96.45
2026-01-08 18:50:00,F0265,31.85,65.62,82.6,32.07,83775,73.2
2026-01-08 18:55:00,F0540,21.73,74.33,68.74,26.96,37564,84.5
2026-01-08 19:00:00,F0797,39.52,44.7,16.67,26.12,44011,95.2
2026-01-08 19:05:00,F0308,29.97,77.08,45.35,36.9,40366,84.13
2026-01-08 19:10:00,F0264,20.56,39.62,31.77,33.02,33602,57.15
2026-01-08 19:15:00,F0157,40.23,75.33,52.94,24.49,53409,53.54
2026-01-08 19:20:00,F0340,25.18,45.76,61.73,36.82,87885,25.31
2026-01-08 19:25:00,F0322,40.23,33.7,45.44,24.94,55293,57.85
2026-01-08 19:30:00,F0032,26.01,54.07,38.1,26.19,65469,94.23
2026-01-08 19:35:00,F0406,32.12,56.35,78.71,21.59,81028,84.36
2026-01-08 19:40:00,F0345,21.82,51.26,43.26,16.91,11760,26.58
2026-01-08 19:45:00,F0756,18.2,65.12,51.95,17.12,92407,71.84
2026-01-08 19:50:00,F0053,18.05,41.54,25.01,37.63,49072,74.3
2026-01-08 19:55:00,F0941,37.84,53.22,57.9,15.93,41601,46.41
2026-01-08 20:00:00,F0040,41.91,35.35,17.96,15.0,26198,83.16
2026-01-08 20:05:00,F0919,27.38,94.58,23.07,28.65,81666,86.95
2026-01-08 20:10:00,F0074,37.96,48.49,19.87,28.94,35076,32.59
2026-01-08 20:15:00,F0795,34.8,36.25,60.49,30.85,5198,51.47
2026-01-08 20:20:00,F0347,33.96,75.17,75.77,23.25,67699,44.51
2026-01-08 20:25:00,F0670,34.94,56.07,75.52,20.41,41543,73.3
2026-01-08 20:30:00,F0216,23.78,39.67,26.64,16.83,78028,90.01
2026-01-08 20:35:00,F0152,20.58,59.18,26.2,16.69,44611,75.02
2026-01-08 20:40:00,F0594,23.74,61.3,45.74,36.39,88591,95.41
2026-01-08 20:45:00,F0566,35.51,49.67,68.18,35.6,87007,22.71
2026-01-08 20:50:00,F0161,27.38,52.43,18.67,34.35,34053,51.16
2026-01-08 20:55:00,F0833,29.94,72.79,44.81,31.31,43412,55.97
2026-01-08 21:00:00,F0836,25.85,92.84,46.68,22.24,99502,65.33
2026-01-08 21:05:00,F0717,22.42,86.5,27.31,20.76,13218,58.95
2026-01-08 21:10:00,F0343,21.56,87.47,33.0,28.89,37419,92.58
2026-01-08 21:15:00,F0739,22.33,32.5,15.69,23.3,45952,84.02
2026-01-08 21:20:00,F0382,26.09,36.8,72.87,37.29,27438,36.88
2026-01-08 21:25:00,F0341,34.33,85.76,70.8,21.29,52208,91.17
2026-01-08 21:30:00,F0605,32.7,69.79,47.62,36.85,6167,56.4
2026-01-08 21:35:00,F0737,32.18,48.86,89.76,25.5,38288,46.61
2026-01-08 21:40:00,F0418,32.14,92.73,19.71,34.08,55689,94.32
2026-01-08 21:45:00,F0937,39.22,67.17,84.23,34.2,30215,55.94
2026-01-08 21:50:00,F0308,39.4,85.39,76.26,30.37,76964,40.33
2026-01-08 21:55:00,F0272,18.1,44.9,31.64,33.89,32323,51.76
2026-01-08 22:00:00,F0441,19.15,34.95,75.25,27.31,72636,95.19
2026-01-08 22:05:00,F0017,30.04,91.92,74.6,29.72,41134,81.51
2026-01-08 22:10:00,F0680,19.23,94.28,31.01,30.21,38690,82.37
2026-01-08 22:15:00,F0876,23.64,94.3,57.06,22.56,72442,72.49
2026-01-08 22:20:00,F0015,34.44,35.18,63.51,36.77,3711,27.96
2026-01-08 22:25:00,F0954,35.99,46.78,64.31,30.45,55470,32.95
2026-01-08 22:30:00,F0437,22.9,40.65,22.32,36.43,41565,99.83
2026-01-08 22:35:00,F0709,31.17,34.46,88.71,35.08,1436,96.29
2026-01-08 22:40:00,F0068,36.69,81.64,85.83,37.2,15859,81.19
2026-01-08 22:45:00,F0346,20.91,79.79,73.47,25.7,17003,58.5
2026-01-08 22:50:00,F0630,24.68,35.41,74.18,23.12,51840,84.53
2026-01-08 22:55:00,F0559,40.68,77.15,83.32,29.27,12327,99.37
2026-01-08 23:00:00,F0167,21.5,40.42,76.14,27.3,63742,99.29
2026-01-08 23:05:00,F0776,33.16,31.94,79.01,33.23,57675,28.29
2026-01-08 23:10:00,F0525,36.62,56.16,27.56,29.28,64363,81.88
2026-01-08 23:15:00,F0766,34.74,93.45,70.85,34.19,65798,64.6
2026-01-08 23:20:00,F0469,27.29,71.76,29.93,15.97,60363,35.05
2026-01-08 23:25:00,F0585,26.53,94.2,85.04,29.92,55464,79.98
2026-01-08 23:30:00,F0008,41.27,86.03,21.39,34.39,78941,61.64
2026-01-08 23:35:00,F0785,20.8,38.83,52.08,37.91,96145,80.93
2026-01-08 23:40:00,F0123,33.0,32.11,77.64,22.29,41902,62.97
2026-01-08 23:45:00,F0436,25.04,85.81,19.12,21.9,18946,75.67
2026-01-08 23:50:00,F0836,27.11,39.95,40.5,24.48,10751,98.01
2026-01-08 23:55:00,F0373,19.8,50.05,37.49,15.52,38375,46.22
2026-01-09 00:00:00,F0729,20.23,38.93,54.37,28.79,14123,49.0
2026-01-09 00:05:00,F0098,41.39,79.92,38.87,17.85,76551,36.98
2026-01-09 00:10:00,F0820,19.89,33.19,38.36,32.49,99938,63.3
2026-01-09 00:15:00,F0880,19.91,76.33,85.14,35.02,72573,43.78
2026-01-09 00:20:00,F0566,33.79,36.53,45.27,36.41,41880,93.51
2026-01-09 00:25:00,F0431,20.23,51.66,70.58,18.15,13362,95.92
2026-01-09 00:30:00,F0603,18.1,87.94,18.19,33.62,54213,63.36
2026-01-09 00:35:00,F0271,21.81,91.08,82.13,20.69,44786,33.47
2026-01-09 00:40:00,F0665,40.04,75.55,22.79,33.68,62645,37.47
2026-01-09 00:45:00,F0726,21.04,77.96,76.66,30.7,32272,99.17
2026-01-09 00:50:00,F0006,34.35,86.88,58.25,31.79,25582,59.41
2026-01-09 00:55:00,F0244,19.42,43.72,65.02,19.43,70177,43.42
2026-01-09 01:00:00,F0140,27.71,68.4,83.31,21.62,33640,69.31
2026-01-09 01:05:00,F0911,20.99,57.31,63.63,26.45,16022,52.44
2026-01-09 01:10:00,F0196,35.92,74.93,58.25,33.73,77048,29.6
2026-01-09 01:15:00,F0688,23.97,76.22,32.31,20.75,7103,78.5
2026-01-09 01:20:00,F0701,27.47,92.74,35.74,17.59,1369,72.15
2026-01-09 01:25:00,F0735,20.66,75.25,46.0,22.85,59598,31.55
2026-01-09 01:30:00,F0742,33.55,38.01,42.66,37.48,50640,72.76
2026-01-09 01:35:00,F0697,24.6,73.1,79.33,18.36,52014,48.25
2026-01-09 01:40:00,F0891,33.98,91.54,33.21,26.25,36900,55.0
2026-01-09 01:45:00,F0259,18.07,60.13,19.61,35.45,8810,79.87
2026-01-09 01:50:00,F0537,24.94,56.87,81.1,18.24,37612,34.16
2026-01-09 01:55:00,F0788,18.33,81.07,54.72,28.49,46592,44.26
2026-01-09 02:00:00,F0230,28.78,74.75,35.67,25.97,52196,41.57
2026-01-09 02:05:00,F0492,23.29,88.81,16.29,20.39,64688,50.77
2026-01-09 02:10:00,F0972,31.24,71.72,25.85,21.16,49605,61.76
2026-01-09 02:15:00,F0707,20.37,86.03,53.74,22.13,53915,21.62
2026-01-09 02:20:00,F0581,40.97,36.96,82.41,20.8,33020,80.62
2026-01-09 02:25:00,F0685,40.35,85.63,58.08,36.26,24979,70.2
2026-01-09 02:30:00,F0542,18.08,92.31,39.55,30.86,73597,53.58
2026-01-09 02:35:00,F0350,18.04,42.57,23.13,22.05,56685,40.09
2026-01-09 02:40:00,F0824,24.53,42.97,45.15,34.36,79849,65.22
2026-01-09 02:45:00,F0366,20.31,60.67,29.72,20.63,7003,88.62
2026-01-09 02:50:00,F0366,29.31,45.68,40.01,20.23,74719,21.31
2026-01-09 02:55:00,F0079,20.48,88.24,32.35,34.93,27864,57.37
2026-01-09 03:00:00,F0548,41.9,34.72,66.07,37.45,58839,77.47
2026-01-09 03:05:00,F0227,35.71,44.2,22.26,20.9,78004,52.73
2026-01-09 03:10:00,F0288,33.43,87.84,81.98,17.15,32025,68.94
2026-01-09 03:15:00,F0096,37.33,81.42,55.27,29.47,32615,23.53
2026-01-09 03:20:00,F0706,24.65,40.86,71.8,31.76,65166,85.37
2026-01-09 03:25:00,F0222,37.1,87.69,22.51,26.59,31058,93.98
2026-01-09 03:30:00,F0285,18.0,75.26,85.1,32.33,73913,75.68
2026-01-09 03:35:00,F0028,35.73,93.75,57.88,30.35,26237,33.77
2026-01-09 03:40:00,F0161,23.62,32.94,28.45,34.03,26905,30.61
2026-01-09 03:45:00,F0472,19.47,59.22,61.4,15.72,96124,92.98
2026-01-09 03:50:00,F0210,26.8,79.18,72.08,34.2,57599,32.31
2026-01-09 03:55:00,F0065,38.01,40.34,43.36,18.94,5604,62.64
2026-01-09 04:00:00,F0701,38.23,57.32,21.36,18.62,10596,32.3
2026-01-09 04:05:00,F0112,28.43,75.48,27.46,31.42,94549,64.4
2026-01-09 04:10:00,F0694,30.74,88.56,59.38,37.12,77758,98.75
2026-01-09 04:15:00,F0908,28.87,83.87,59.57,30.19,29257,96.29
2026-01-09 04:20:00,F0436,22.13,84.38,48.38,22.26,80466,37.13
2026-01-09 04:25:00,F0752,37.16,84.32,29.72,21.8,71182,57.19
2026-01-09 04:30:00,F0094,38.99,37.5,67.09,35.72,31112,78.96
2026-01-09 04:35:00,F0547,40.79,37.36,50.95,35.91,77108,77.0
2026-01-09 04:40:00,F0837,21.25,63.67,55.43,20.33,17571,39.24
2026-01-09 04:45:00,F0052,30.2,69.45,81.33,20.55,73388,26.69
2026-01-09 04:50:00,F0538,30.9,46.88,39.91,18.13,24371,23.52
2026-01-09 04:55:00,F0503,38.41,43.34,75.22,20.07,84394,27.15
2026-01-09 05:00:00,F0152,33.0,34.64,69.07,27.57,97697,80.81
2026-01-09 05:05:00,F0472,21.95,47.96,78.54,15.69,2511,82.4
2026-01-09 05:10:00,F0794,33.96,31.57,75.72,15.7,43270,33.19
2026-01-09 05:15:00,F0761,37.39,68.08,21.2,19.38,13879,55.12
2026-01-09 05:20:00,F0916,30.94,54.15,74.06,32.21,80281,22.07
2026-01-09 05:25:00,F0154,41.72,50.33,65.41,33.28,67062,71.65
2026-01-09 05:30:00,F0771,25.01,40.35,55.93,18.4,88574,66.11
2026-01-09 05:35:00,F0489,24.89,63.94,72.6,18.46,38876,60.11
2026-01-09 05:40:00,F0808,19.02,54.66,18.03,25.0,4440,23.53
2026-01-09 05:45:00,F0051,18.07,46.98,33.42,22.94,45759,27.1
2026-01-09 05:50:00,F0742,30.38,64.45,45.39,27.95,31907,53.04
2026-01-09 05:55:00,F0817,24.47,44.81,39.12,30.21,48999,44.81
2026-01-09 06:00:00,F0175,36.84,54.4,18.14,31.43,82922,57.58
2026-01-09 06:05:00,F0417,22.99,56.66,79.2,27.84,82014,48.41
2026-01-09 06:10:00,F0018,36.54,80.61,86.48,34.69,69920,34.78
2026-01-09 06:15:00,F0067,19.46,82.13,84.61,34.9,34136,86.79
2026-01-09 06:20:00,F0128,39.36,89.49,70.39,21.02,97113,40.69
2026-01-09 06:25:00,F0878,33.45,65.59,50.52,35.25,33638,61.25
2026-01-09 06:30:00,F0388,35.24,42.2,63.58,24.19,32749,32.39
2026-01-09 06:35:00,F0068,21.4,56.01,65.84,31.7,69383,65.71
2026-01-09 06:40:00,F0686,34.01,49.99,37.32,15.48,56023,80.52
2026-01-09 06:45:00,F0134,26.84,77.14,54.62,19.92,41577,96.86
2026-01-09 06:50:00,F0258,19.97,86.77,76.65,21.71,83789,51.19
2026-01-09 06:55:00,F0364,40.71,54.29,36.8,35.09,25456,52.26
2026-01-09 07:00:00,F0235,35.31,53.99,55.76,19.3,26122,96.74
2026-01-09 07:05:00,F0934,35.5,73.46,50.24,22.08,37672,89.05
2026-01-09 07:10:00,F0526,31.82,82.96,52.89,36.12,30604,78.46
2026-01-09 07:15:00,F0378,23.79,75.33,53.91,34.1,37101,46.52
2026-01-09 07:20:00,F0996,21.22,69.66,67.29,30.49,45555,23.0
2026-01-09 07:25:00,F0704,33.34,94.55,36.85,19.71,29329,36.71
2026-01-09 07:30:00,F0784,37.77,42.63,54.47,28.5,93914,29.77
2026-01-09 07:35:00,F0746,23.33,39.19,22.66,17.18,79624,56.38
2026-01-09 07:40:00,F0478,35.31,81.18,55.83,28.95,27033,39.29
2026-01-09 07:45:00,F0094,33.14,42.87,31.26,24.31,43338,99.96
2026-01-09 07:50:00,F0041,39.18,85.56,69.25,36.99,99309,68.95
2026-01-09 07:55:00,F0518,29.92,92.51,89.36,17.19,66625,88.67
2026-01-09 08:00:00,F0798,31.26,86.16,81.89,15.25,25225,36.7
2026-01-09 08:05:00,F0028,41.93,31.91,23.01,32.91,15681,63.98
2026-01-09 08:10:00,F0858,32.33,90.08,33.33,23.68,62901,70.95
2026-01-09 08:15:00,F0510,24.33,48.44,88.43,17.75,95998,92.63
2026-01-09 08:20:00,F0939,18.07,70.37,31.03,23.46,46323,30.71
2026-01-09 08:25:00,F0060,19.83,69.24,75.64,35.03,84792,81.75
2026-01-09 08:30:00,F0294,20.61,49.0,32.35,27.19,45951,87.05
2026-01-09 08:35:00,F0601,21.34,94.8,29.6,33.74,21667,95.33
2026-01-09 08:40:00,F0622,32.45,39.61,33.01,21.33,45262,53.46
2026-01-09 08:45:00,F0095,24.12,32.37,70.95,31.81,18046,61.57
2026-01-09 08:50:00,F0418,40.58,32.79,42.51,15.49,45235,39.01
2026-01-09 08:55:00,F0959,27.49,58.3,74.3,16.07,91922,27.68
2026-01-09 09:00:00,F0765,21.09,80.72,16.35,15.97,26288,89.99
2026-01-09 09:05:00,F0057,30.49,43.21,44.29,35.34,12584,85.45
2026-01-09 09:10:00,F0782,18.65,40.01,49.17,22.37,98669,37.03
2026-01-09 09:15:00,F0976,22.21,44.21,82.31,23.18,57333,60.73
2026-01-09 09:20:00,F0188,28.47,37.07,61.98,26.16,74580,71.53
2026-01-09 09:25:00,F0147,32.91,93.95,77.35,21.68,6287,29.27
2026-01-09 09:30:00,F0312,39.51,30.32,54.59,25.29,26437,47.41
2026-01-09 09:35:00,F0244,29.45,73.36,56.27,35.56,18890,52.6
2026-01-09 09:40:00,F0218,23.61,54.33,69.29,16.23,88428,49.65
2026-01-09 09:45:00,F0708,34.66,69.37,18.56,23.47,74985,66.47
2026-01-09 09:50:00,F0067,37.28,48.57,28.63,15.36,60389,99.35
2026-01-09 09:55:00,F0597,37.38,56.19,59.84,28.17,83046,53.66
2026-01-09 10:00:00,F0640,31.75,54.43,73.54,21.82,73443,71.34
2026-01-09 10:05:00,F0778,32.41,77.43,65.87,37.57,60795,27.17
2026-01-09 10:10:00,F0535,25.09,64.79,42.46,23.83,75548,39.86
2026-01-09 10:15:00,F0339,31.57,49.14,72.92,35.41,75643,69.5
2026-01-09 10:20:00,F0999,38.56,91.96,81.79,17.49,30232,43.55
2026-01-09 10:25:00,F0145,36.63,57.94,57.29,37.09,8179,52.63
2026-01-09 10:30:00,F0717,18.55,66.26,26.63,29.73,60923,81.1
2026-01-09 10:35:00,F0996,39.4,71.73,28.04,19.97,74617,95.44
2026-01-09 10:40:00,F0742,23.47,69.44,39.43,30.24,48422,72.02
2026-01-09 10:45:00,F0921,40.8,39.0,82.28,32.41,38316,86.24
2026-01-09 10:50:00,F0919,26.27,56.49,64.77,37.58,92113,65.3
2026-01-09 10:55:00,F0445,26.19,65.7,78.67,18.39,78399,81.05
2026-01-09 11:00:00,F0558,34.24,58.22,34.95,33.02,51126,65.83
2026-01-09 11:05:00,F0353,27.77,34.73,77.19,15.34,64167,84.7
2026-01-09 11:10:00,F0101,34.13,74.57,25.93,19.38,70272,45.1
2026-01-09 11:15:00,F0345,41.53,78.78,33.89,19.42,36002,51.89
2026-01-09 11:20:00,F0153,23.77,81.76,38.31,26.71,83056,91.92
2026-01-09 11:25:00,F0876,18.71,92.35,50.88,20.15,1853,73.42
2026-01-09 11:30:00,F0527,28.42,55.39,81.39,16.44,8228,29.34
2026-01-09 11:35:00,F0782,27.29,43.13,21.09,19.45,81201,46.79
2026-01-09 11:40:00,F0993,37.76,31.66,85.9,23.63,8338,68.97
2026-01-09 11:45:00,F0286,19.92,70.94,20.49,31.97,8120,56.25
2026-01-09 11:50:00,F0793,22.25,70.92,29.69,28.4,59106,71.37
2026-01-09 11:55:00,F0643,21.45,77.45,31.54,21.44,3204,91.66
2026-01-09 12:00:00,F0452,28.62,48.3,27.17,31.43,59854,90.83
2026-01-09 12:05:00,F0744,27.68,86.1,65.35,28.72,46160,21.56
2026-01-09 12:10:00,F0818,20.21,86.71,69.37,34.0,51393,93.85
2026-01-09 12:15:00,F0165,31.57,90.61,20.01,32.89,3979,51.78
2026-01-09 12:20:00,F0537,34.19,47.08,87.77,19.56,60489,38.57
2026-01-09 12:25:00,F0960,21.18,90.54,41.84,36.4,27557,47.58
2026-01-09 12:30:00,F0985,27.63,60.37,84.54,25.68,27858,87.96
2026-01-09 12:35:00,F0921,39.78,74.07,20.89,18.76,50785,29.01
2026-01-09 12:40:00,F0769,28.13,83.64,88.47,22.31,62306,59.66
2026-01-09 12:45:00,F0588,41.43,54.44,29.28,25.29,88539,63.62
2026-01-09 12:50:00,F0315,24.35,33.2,87.09,34.88,43339,23.82
2026-01-09 12:55:00,F0885,27.49,63.17,87.98,17.17,37096,42.78
2026-01-09 13:00:00,F0055,23.68,43.32,33.76,17.34,62656,62.73
2026-01-09 13:05:00,F0950,21.4,60.11,74.32,30.35,23323,93.21
2026-01-09 13:10:00,F0077,18.34,40.5,21.92,26.31,78200,62.9
2026-01-09 13:15:00,F0187,20.46,42.57,53.96,37.39,23494,65.8
2026-01-09 13:20:00,F0349,35.63,61.93,69.84,28.95,31653,80.63
2026-01-09 13:25:00,F0888,37.83,86.86,55.45,35.16,68541,34.18
2026-01-09 13:30:00,F0698,41.9,56.55,40.39,28.17,59935,96.78
2026-01-09 13:35:00,F0024,29.83,75.68,55.84,29.64,53793,74.46
2026-01-09 13:40:00,F0122,28.89,75.51,45.2,36.58,31926,92.03
2026-01-09 13:45:00,F0531,36.72,39.53,74.43,23.4,1295,50.09
2026-01-09 13:50:00,F0148,20.02,84.64,28.53,29.47,43977,73.91
2026-01-09 13:55:00,F0089,41.81,74.12,64.47,15.34,44915,63.13
2026-01-09 14:00:00,F0459,40.49,74.64,45.37,18.46,10550,61.83
2026-01-09 14:05:00,F0789,40.49,34.73,57.8,22.53,53157,97.51
2026-01-09 14:10:00,F0774,32.26,32.56,59.3,32.77,36195,38.82
2026-01-09 14:15:00,F0639,32.62,48.77,56.0,15.37,21753,30.15
2026-01-09 14:20:00,F0941,18.91,51.51,17.54,28.92,96634,38.38
2026-01-09 14:25:00,F0862,31.01,93.38,59.87,30.9,67500,97.53
2026-01-09 14:30:00,F0664,21.12,87.36,40.33,31.91,68135,64.28
2026-01-09 14:35:00,F0068,33.53,48.43,48.89,27.55,61015,96.99
2026-01-09 14:40:00,F0770,39.91,75.19,48.11,23.21,24467,38.82
2026-01-09 14:45:00,F0558,27.64,55.38,29.7,32.69,87078,34.94
2026-01-09 14:50:00,F0957,32.77,47.87,73.52,37.16,9320,77.55
2026-01-09 14:55:00,F0680,41.36,62.17,54.91,23.84,20649,88.56
2026-01-09 15:00:00,F0589,39.97,62.88,68.89,18.54,17972,45.61
2026-01-09 15:05:00,F0591,22.71,94.62,17.86,29.8,42714,74.53
2026-01-09 15:10:00,F0001,27.57,42.11,61.89,20.46,7798,75.64
2026-01-09 15:15:00,F0905,18.72,88.16,42.03,37.87,50930,78.22
2026-01-09 15:20:00,F0340,34.45,67.0,17.3,17.87,37647,91.98
2026-01-09 15:25:00,F0181,36.68,52.27,43.09,20.78,69627,51.45
2026-01-09 15:30:00,F0608,27.46,39.12,76.99,29.06,25338,71.06
2026-01-09 15:35:00,F0650,40.84,74.43,70.45,34.48,52299,86.42
2026-01-09 15:40:00,F0228,38.79,42.65,87.04,36.25,14513,47.21
2026-01-09 15:45:00,F0169,24.26,74.49,83.7,19.29,45287,77.79
2026-01-09 15:50:00,F0955,29.6,89.41,40.75,18.86,76424,33.75
2026-01-09 15:55:00,F0969,32.14,86.44,31.67,27.18,90972,49.6
2026-01-09 16:00:00,F0229,38.65,91.07,22.97,31.34,49395,49.26
2026-01-09 16:05:00,F0975,33.5,63.73,86.72,36.84,74227,45.95
2026-01-09 16:10:00,F0625,25.69,61.7,66.01,33.97,30387,20.61
2026-01-09 16:15:00,F0314,33.08,37.8,65.66,26.78,76623,25.96
2026-01-09 16:20:00,F0853,20.72,61.28,51.32,16.08,69359,86.64
2026-01-09 16:25:00,F0342,31.97,47.49,17.83,34.29,28549,51.56
2026-01-09 16:30:00,F0091,25.81,59.49,39.51,22.54,15053,37.33
2026-01-09 16:35:00,F0178,26.79,87.6,76.32,25.94,69750,27.79
2026-01-09 16:40:00,F0818,28.23,85.35,18.43,37.08,35832,96.22
2026-01-09 16:45:00,F0154,34.73,71.82,23.18,36.86,12421,22.82
2026-01-09 16:50:00,F0363,22.26,54.89,54.69,37.94,92236,67.34
2026-01-09 16:55:00,F0485,31.48,69.33,77.62,32.43,1881,41.73
2026-01-09 17:00:00,F0133,23.64,63.43,56.84,32.64,53716,33.02
2026-01-09 17:05:00,F0141,40.44,66.23,83.47,32.84,55536,24.67
2026-01-09 17:10:00,F0333,38.74,67.93,46.16,32.35,71636,55.38
2026-01-09 17:15:00,F0306,38.7,38.98,67.96,26.73,98098,91.45
2026-01-09 17:20:00,F0287,30.99,52.07,59.12,37.18,42592,83.01
2026-01-09 17:25:00,F0862,32.73,41.56,24.67,37.03,16552,97.41
2026-01-09 17:30:00,F0832,34.64,94.05,16.9,36.45,1820,90.6
2026-01-09 17:35:00,F0044,21.74,49.94,62.94,28.49,31420,25.82
2026-01-09 17:40:00,F0243,21.15,87.03,81.23,34.02,43726,89.48
2026-01-09 17:45:00,F0071,23.0,51.06,51.04,27.0,84023,70.64
2026-01-09 17:50:00,F0569,35.72,74.33,36.29,21.54,69132,61.98
2026-01-09 17:55:00,F0393,27.26,70.3,68.76,18.31,91486,99.24
2026-01-09 18:00:00,F0228,28.15,88.43,74.16,31.55,39360,71.45
2026-01-09 18:05:00,F0154,35.93,38.43,78.45,37.65,93233,33.42
2026-01-09 18:10:00,F0378,24.91,91.73,20.22,20.02,23658,76.61
2026-01-09 18:15:00,F0828,37.59,77.91,29.28,16.45,27238,68.53
2026-01-09 18:20:00,F0900,38.19,30.46,37.87,17.13,50434,79.06
2026-01-09 18:25:00,F0907,20.16,45.91,34.68,18.68,95050,64.22
2026-01-09 18:30:00,F0354,18.58,40.73,50.37,26.93,12415,73.21
2026-01-09 18:35:00,F0182,36.89,88.49,51.01,22.38,98888,97.86
2026-01-09 18:40:00,F0576,33.07,61.45,43.42,34.84,5285,46.03
2026-01-09 18:45:00,F0634,20.17,83.08,79.12,32.06,51123,91.97
2026-01-09 18:50:00,F0568,23.79,36.65,18.98,34.99,95147,55.16
2026-01-09 18:55:00,F0124,33.49,41.41,49.29,19.95,59051,82.98
2026-01-09 19:00:00,F0746,23.21,66.69,58.69,19.28,4836,46.07
2026-01-09 19:05:00,F0177,21.72,92.09,83.22,19.92,54993,90.52
2026-01-09 19:10:00,F0979,20.42,57.76,39.52,34.64,10877,71.23
2026-01-09 19:15:00,F0242,31.28,39.35,82.25,22.48,48669,76.2
2026-01-09 19:20:00,F0251,36.94,85.62,55.51,22.36,41378,41.34
2026-01-09 19:25:00,F0126,29.74,71.9,70.28,35.3,29687,32.92
2026-01-09 19:30:00,F0403,24.96,91.22,57.83,21.0,34278,66.21
2026-01-09 19:35:00,F0976,36.6,69.73,69.38,19.15,59566,68.29
2026-01-09 19:40:00,F0869,38.65,58.52,29.01,19.01,10159,32.97
2026-01-09 19:45:00,F0340,23.92,88.57,50.14,27.12,66234,77.5
2026-01-09 19:50:00,F0220,29.77,88.2,39.52,28.33,74179,95.66
2026-01-09 19:55:00,F0532,23.83,39.7,75.92,32.31,13917,30.78
2026-01-09 20:00:00,F0374,27.53,81.39,79.72,27.6,23710,23.01
2026-01-09 20:05:00,F0046,24.37,66.02,60.49,36.61,62027,61.49
2026-01-09 20:10:00,F0519,38.73,58.49,66.27,30.95,95639,76.4
2026-01-09 20:15:00,F0382,34.02,53.23,32.76,27.3,8979,83.9
2026-01-09 20:20:00,F0945,36.01,94.84,72.64,19.65,37455,98.24
2026-01-09 20:25:00,F0242,40.14,71.95,76.1,34.67,76215,45.66
2026-01-09 20:30:00,F0472,19.59,84.29,27.23,19.83,96414,65.64
2026-01-09 20:35:00,F0951,38.82,31.48,26.19,28.28,96651,95.35
2026-01-09 20:40:00,F0768,26.36,31.56,37.71,25.99,86688,89.43
2026-01-09 20:45:00,F0524,22.63,69.79,29.72,15.11,55471,99.37
2026-01-09 20:50:00,F0085,23.05,68.58,21.97,37.25,20029,51.83
2026-01-09 20:55:00,F0649,21.62,39.87,30.54,17.72,91018,93.92
2026-01-09 21:00:00,F0984,29.05,60.33,64.51,16.23,80408,81.71
2026-01-09 21:05:00,F0690,20.14,37.33,45.2,17.98,24685,23.35
2026-01-09 21:10:00,F0633,35.32,59.02,69.22,30.22,70357,80.8
2026-01-09 21:15:00,F0955,23.97,90.16,71.01,19.92,39484,65.75
2026-01-09 21:20:00,F0442,27.13,43.55,16.01,19.11,86278,90.15
2026-01-09 21:25:00,F0831,25.24,63.86,26.22,33.06,24086,28.04
2026-01-09 21:30:00,F0292,18.55,66.3,44.61,27.07,45191,88.79
2026-01-09 21:35:00,F0591,33.96,93.83,26.26,21.59,17883,21.37
2026-01-09 21:40:00,F0843,32.19,75.54,42.5,37.26,95578,50.44
2026-01-09 21:45:00,F0810,19.58,78.24,64.14,33.52,29130,77.25
2026-01-09 21:50:00,F0583,32.31,38.33,67.09,26.42,3239,82.11
2026-01-09 21:55:00,F0235,41.25,37.71,35.66,24.75,48056,63.98
2026-01-09 22:00:00,F0553,26.8,49.95,84.3,19.88,4544,40.75
2026-01-09 22:05:00,F0077,39.31,80.6,16.92,37.77,8053,53.8
2026-01-09 22:10:00,F0371,32.74,61.16,56.81,21.39,22804,67.93
2026-01-09 22:15:00,F0063,28.63,76.9,21.4,24.8,78438,21.79
2026-01-09 22:20:00,F0234,21.12,85.9,54.83,36.74,15029,47.39
2026-01-09 22:25:00,F0268,40.87,40.31,80.89,29.53,1993,37.75
2026-01-09 22:30:00,F0728,38.79,32.1,19.4,15.39,48603,92.64
2026-01-09 22:35:00,F0416,40.96,66.69,72.63,25.38,56468,91.44
2026-01-09 22:40:00,F0316,32.95,54.11,59.26,32.9,46617,49.76
2026-01-09 22:45:00,F0436,38.24,91.48,33.85,34.36,18938,86.94
2026-01-09 22:50:00,F0258,29.08,30.18,18.31,16.37,16533,83.78
2026-01-09 22:55:00,F0527,20.94,43.47,75.46,31.94,55076,64.31
2026-01-09 23:00:00,F0103,28.78,47.95,85.74,26.25,56549,61.3
2026-01-09 23:05:00,F0558,18.32,36.33,69.51,23.42,15077,31.85
2026-01-09 23:10:00,F0032,38.84,37.03,40.7,16.4,12067,35.64
2026-01-09 23:15:00,F0044,27.81,36.61,19.04,31.39,44534,26.38
2026-01-09 23:20:00,F0049,37.51,48.7,87.75,36.94,65491,44.02
2026-01-09 23:25:00,F0821,27.61,37.42,29.74,15.4,58028,34.54
2026-01-09 23:30:00,F0545,38.63,73.96,48.51,31.18,79139,40.3
2026-01-09 23:35:00,F0031,22.91,66.48,40.03,37.99,27262,68.56
2026-01-09 23:40:00,F0161,37.74,89.76,47.96,20.85,58340,91.17
2026-01-09 23:45:00,F0448,37.76,35.13,58.89,27.07,19117,75.96
2026-01-09 23:50:00,F0487,18.46,33.74,34.95,24.54,14129,44.85
2026-01-09 23:55:00,F0339,33.04,31.62,20.09,17.68,59580,67.08
2026-01-10 00:00:00,F0683,29.22,89.41,17.8,32.23,35431,66.85
2026-01-10 00:05:00,F0557,36.44,65.88,76.54,27.95,92741,88.63
2026-01-10 00:10:00,F0647,34.71,67.32,38.63,30.36,93763,25.26
2026-01-10 00:15:00,F0804,22.13,46.61,60.66,15.87,78286,43.81
2026-01-10 00:20:00,F0851,32.35,62.3,83.44,33.02,70361,99.18
2026-01-10 00:25:00,F0655,23.37,34.23,49.74,25.1,16765,85.09
2026-01-10 00:30:00,F0392,32.47,78.74,22.65,35.89,14051,31.88
2026-01-10 00:35:00,F0497,24.88,33.19,50.99,21.12,31578,86.47
2026-01-10 00:40:00,F0781,25.74,41.9,70.27,37.24,88783,67.28
2026-01-10 00:45:00,F0297,31.99,89.28,89.68,25.26,2921,25.36
2026-01-10 00:50:00,F0843,39.87,40.73,47.31,37.73,87549,31.17
2026-01-10 00:55:00,F0220,29.21,63.51,76.49,27.43,23482,28.46
2026-01-10 01:00:00,F0421,19.32,40.29,64.9,15.63,87565,70.22
2026-01-10 01:05:00,F0098,38.39,88.63,55.93,37.38,11969,38.82
2026-01-10 01:10:00,F0701,34.84,69.99,53.47,26.6,77639,55.89
2026-01-10 01:15:00,F0151,39.54,35.43,48.33,15.52,71451,60.29
2026-01-10 01:20:00,F0602,41.15,90.31,53.12,33.75,10254,97.64
2026-01-10 01:25:00,F0951,27.58,46.9,55.13,18.7,16760,56.1
2026-01-10 01:30:00,F0902,39.2,63.93,70.31,20.36,58718,97.8
2026-01-10 01:35:00,F0383,28.5,30.75,27.94,33.67,35013,63.21
2026-01-10 01:40:00,F0429,29.38,60.76,22.03,34.38,25761,50.42
2026-01-10 01:45:00,F0088,25.19,56.21,72.35,30.36,21687,60.87
2026-01-10 01:50:00,F0512,34.18,68.38,74.36,28.8,56505,64.78
2026-01-10 01:55:00,F0517,21.61,77.2,44.41,36.7,88854,94.42
2026-01-10 02:00:00,F0489,33.95,33.25,18.24,23.16,94504,29.43
2026-01-10 02:05:00,F0927,36.97,81.36,46.76,23.16,6769,59.55
2026-01-10 02:10:00,F0566,33.42,41.51,36.31,35.56,91561,64.26
2026-01-10 02:15:00,F0230,26.0,54.53,23.03,36.41,77157,83.83
2026-01-10 02:20:00,F0825,33.81,71.68,28.63,29.72,80265,94.1
2026-01-10 02:25:00,F0719,33.35,84.28,43.22,27.58,95418,41.19
2026-01-10 02:30:00,F0627,28.3,47.27,53.38,18.49,59188,20.93
2026-01-10 02:35:00,F0575,26.11,55.09,26.99,36.47,77021,80.8
2026-01-10 02:40:00,F0846,33.13,47.89,56.0,15.01,76218,96.81
2026-01-10 02:45:00,F0798,23.33,64.75,54.95,26.54,81488,23.29
2026-01-10 02:50:00,F0447,21.3,46.8,50.96,37.78,99683,62.18
2026-01-10 02:55:00,F0617,31.82,57.62,61.74,16.46,40308,25.91
2026-01-10 03:00:00,F0850,20.71,88.24,89.57,20.71,87662,80.44
2026-01-10 03:05:00,F0615,33.36,40.61,76.56,19.71,54396,28.64
2026-01-10 03:10:00,F0219,29.4,56.5,15.03,19.29,33587,23.5
2026-01-10 03:15:00,F0261,25.71,63.22,45.05,32.93,92793,21.75
2026-01-10 03:20:00,F0170,26.65,92.15,71.29,26.4,35364,29.97
2026-01-10 03:25:00,F0100,28.29,72.27,80.48,31.03,36861,22.26
2026-01-10 03:30:00,F0581,27.99,84.93,50.25,32.03,98979,25.23
2026-01-10 03:35:00,F0529,21.04,46.81,55.37,32.32,83639,23.35
2026-01-10 03:40:00,F0555,40.95,77.42,79.97,25.62,73240,31.64
2026-01-10 03:45:00,F0279,19.91,47.61,53.77,37.89,30684,87.18
2026-01-10 03:50:00,F0638,22.43,55.64,43.24,21.1,56336,69.32
2026-01-10 03:55:00,F0552,32.82,89.48,67.42,28.38,92288,69.48
2026-01-10 04:00:00,F0451,25.48,62.94,57.54,30.84,12835,46.19
2026-01-10 04:05:00,F0603,24.27,50.38,64.49,17.54,81438,30.78
2026-01-10 04:10:00,F0614,34.31,33.81,66.56,25.99,48358,39.71
2026-01-10 04:15:00,F0952,27.16,75.16,41.34,16.62,11303,53.8
2026-01-10 04:20:00,F0746,19.48,84.11,55.34,32.74,52758,36.57
2026-01-10 04:25:00,F0322,23.97,93.43,63.57,17.3,76925,40.79
2026-01-10 04:30:00,F0382,32.39,54.63,15.58,15.57,86991,72.11
2026-01-10 04:35:00,F0309,37.37,49.42,87.85,20.76,7154,43.47
2026-01-10 04:40:00,F0386,41.97,74.36,35.55,35.77,73974,69.07
2026-01-10 04:45:00,F0442,29.94,33.25,74.19,21.03,2881,85.62
2026-01-10 04:50:00,F0954,25.46,57.53,42.31,32.39,45553,63.0
2026-01-10 04:55:00,F0030,31.71,80.86,38.14,22.34,29931,35.38
2026-01-10 05:00:00,F0519,37.33,31.88,24.81,34.71,49434,40.65
2026-01-10 05:05:00,F0415,39.02,80.91,79.07,19.24,55884,46.92
2026-01-10 05:10:00,F0297,19.3,55.77,40.05,28.99,31002,94.03
2026-01-10 05:15:00,F0010,34.68,73.89,27.02,19.29,23925,32.17
2026-01-10 05:20:00,F0186,41.12,81.88,47.11,35.27,91957,72.53
2026-01-10 05:25:00,F0319,27.63,79.65,61.0,23.97,14586,26.33
2026-01-10 05:30:00,F0288,35.02,36.49,42.94,37.37,66976,85.22
2026-01-10 05:35:00,F0258,30.8,63.61,44.12,16.38,71366,21.2
2026-01-10 05:40:00,F0486,32.13,93.83,51.09,26.37,74246,30.23
2026-01-10 05:45:00,F0896,19.9,67.56,81.19,23.24,2785,94.48
2026-01-10 05:50:00,F0280,28.71,94.62,45.64,21.05,22510,71.09
2026-01-10 05:55:00,F0436,19.83,77.48,83.96,16.23,70305,40.1
2026-01-10 06:00:00,F0754,36.23,61.12,32.1,22.95,78167,78.36
2026-01-10 06:05:00,F0888,36.06,33.13,56.56,37.4,84303,33.5
2026-01-10 06:10:00,F0272,40.75,41.36,24.59,30.45,92057,80.09
2026-01-10 06:15:00,F0516,25.78,46.46,74.77,37.54,36173,23.77
2026-01-10 06:20:00,F0693,40.67,46.54,63.96,21.56,62239,47.08
2026-01-10 06:25:00,F0150,38.88,84.96,20.75,18.22,26368,32.33
2026-01-10 06:30:00,F0731,41.63,48.56,55.3,32.6,96809,98.17
2026-01-10 06:35:00,F0699,40.56,77.67,88.75,25.37,53185,81.13
2026-01-10 06:40:00,F0249,33.95,71.93,65.89,18.83,23245,22.46
2026-01-10 06:45:00,F0889,37.98,65.03,66.38,33.85,63224,48.29
2026-01-10 06:50:00,F0013,33.72,33.95,78.51,28.96,51728,96.99
2026-01-10 06:55:00,F0847,19.0,51.38,62.65,15.76,80807,99.55
2026-01-10 07:00:00,F0236,25.8,65.45,77.23,21.14,31072,46.48
2026-01-10 07:05:00,F0236,39.15,30.77,79.34,34.85,84148,79.22
2026-01-10 07:10:00,F0528,19.66,86.72,48.04,26.62,68395,92.4
2026-01-10 07:15:00,F0863,28.2,94.28,35.91,20.85,88821,96.44
2026-01-10 07:20:00,F0268,24.29,33.48,54.88,33.85,48399,75.07
2026-01-10 07:25:00,F0487,32.47,44.13,67.84,27.71,3040,71.34
2026-01-10 07:30:00,F0667,36.14,82.03,65.21,20.54,79086,29.87
2026-01-10 07:35:00,F0550,28.96,62.65,64.58,35.11,97382,50.88
2026-01-10 07:40:00,F0638,31.63,57.66,58.97,26.83,21316,90.78
2026-01-10 07:45:00,F0783,34.57,33.96,89.49,22.23,76861,76.25
2026-01-10 07:50:00,F0858,29.5,47.83,48.71,18.16,50393,38.6
2026-01-10 07:55:00,F0830,20.15,77.38,59.87,32.2,50982,76.84
2026-01-10 08:00:00,F0180,24.43,88.8,77.37,29.92,78646,55.96
2026-01-10 08:05:00,F0534,23.65,66.92,22.74,37.44,85681,72.76
2026-01-10 08:10:00,F0512,18.72,89.8,26.78,35.28,28536,98.67
2026-01-10 08:15:00,F0530,38.81,90.07,68.38,27.81,28799,33.42
2026-01-10 08:20:00,F0125,19.07,37.6,28.88,19.04,1276,21.3
2026-01-10 08:25:00,F0709,30.53,59.99,43.46,16.04,4906,60.63
2026-01-10 08:30:00,F0647,32.32,86.41,83.97,30.56,94698,50.9
2026-01-10 08:35:00,F0012,31.15,83.16,29.2,23.83,13181,43.1
2026-01-10 08:40:00,F0940,35.39,88.35,36.7,22.34,32977,71.29
2026-01-10 08:45:00,F0088,32.15,79.08,73.96,21.36,99444,81.31
2026-01-10 08:50:00,F0564,33.4,42.67,38.2,34.93,78162,45.31
2026-01-10 08:55:00,F0693,36.96,32.27,29.89,32.78,3215,56.56
2026-01-10 09:00:00,F0770,27.7,41.85,42.75,33.76,44178,96.2
2026-01-10 09:05:00,F0603,27.1,84.22,39.86,35.77,7039,54.87
2026-01-10 09:10:00,F0996,39.53,55.35,35.15,16.7,85843,51.44
2026-01-10 09:15:00,F0380,25.18,35.63,21.77,34.34,30464,98.94
2026-01-10 09:20:00,F0002,37.39,65.21,22.54,29.12,78526,41.51
2026-01-10 09:25:00,F0634,29.27,63.98,16.13,32.78,26512,54.39
2026-01-10 09:30:00,F0562,22.86,66.01,43.34,31.69,75003,69.75
2026-01-10 09:35:00,F0164,27.32,59.84,16.16,20.38,57813,64.64
2026-01-10 09:40:00,F0533,39.54,66.77,50.44,37.89,87561,71.27
2026-01-10 09:45:00,F0801,32.74,53.67,42.82,28.6,24672,49.04
2026-01-10 09:50:00,F0865,19.86,59.54,43.28,30.94,32030,30.12
2026-01-10 09:55:00,F0966,20.09,58.05,67.62,37.73,60579,87.94
2026-01-10 10:00:00,F0647,30.53,66.34,80.45,23.74,40678,98.22
2026-01-10 10:05:00,F0567,38.51,79.47,88.53,28.15,19245,95.26
2026-01-10 10:10:00,F0803,29.06,51.81,38.58,37.02,61367,58.93
2026-01-10 10:15:00,F0298,34.95,73.61,25.35,21.83,79921,34.79
2026-01-10 10:20:00,F0077,20.32,73.74,77.61,27.68,37743,27.35
2026-01-10 10:25:00,F0730,32.21,91.1,47.68,19.07,19469,68.25
2026-01-10 10:30:00,F0489,26.02,68.2,48.7,33.66,35646,77.68
2026-01-10 10:35:00,F0376,24.39,38.57,76.75,22.97,39489,49.83
2026-01-10 10:40:00,F0854,38.04,50.73,73.46,17.91,76756,31.32
2026-01-10 10:45:00,F0865,38.87,62.3,15.0,28.21,97248,23.98
2026-01-10 10:50:00,F0648,27.58,90.15,82.39,24.43,7925,56.75
2026-01-10 10:55:00,F0217,37.85,48.1,79.84,37.81,66942,33.04
2026-01-10 11:00:00,F0574,32.66,87.68,81.41,21.44,8656,27.12
2026-01-10 11:05:00,F0533,33.65,89.31,53.75,18.7,35316,77.37
2026-01-10 11:10:00,F0247,20.16,94.59,20.44,36.66,72073,93.94
2026-01-10 11:15:00,F0814,36.54,30.41,19.94,33.08,74722,71.32
2026-01-10 11:20:00,F0772,40.77,35.95,58.08,37.42,81008,34.24
2026-01-10 11:25:00,F0475,39.26,37.1,76.22,16.98,25370,54.19
2026-01-10 11:30:00,F0766,39.12,78.35,32.06,33.79,58748,24.26
2026-01-10 11:35:00,F0584,21.27,32.85,49.68,33.62,78810,45.11
2026-01-10 11:40:00,F0016,18.11,61.45,82.95,34.09,86674,26.93
2026-01-10 11:45:00,F0517,31.78,50.3,68.35,31.08,30753,84.86
2026-01-10 11:50:00,F0145,37.14,63.92,45.99,27.77,28962,89.22
2026-01-10 11:55:00,F0423,26.27,68.69,35.93,25.86,16147,53.07
2026-01-10 12:00:00,F0751,20.11,70.59,69.07,36.29,63145,36.17
2026-01-10 12:05:00,F0319,37.46,35.37,82.63,31.68,10269,22.84
2026-01-10 12:10:00,F0341,19.09,52.87,57.11,29.05,30069,74.77
2026-01-10 12:15:00,F0071,29.24,49.29,87.81,33.02,96469,48.8
2026-01-10 12:20:00,F0263,30.58,87.29,33.15,35.04,20842,53.65
2026-01-10 12:25:00,F0062,27.74,47.75,55.93,15.9,57264,55.82
2026-01-10 12:30:00,F0603,31.15,94.33,89.73,35.49,72033,60.27
2026-01-10 12:35:00,F0561,25.29,41.5,75.02,23.8,83656,97.52
2026-01-10 12:40:00,F0306,27.74,38.96,18.56,22.68,59394,85.3
2026-01-10 12:45:00,F0950,24.64,33.26,42.01,29.26,47194,26.4
2026-01-10 12:50:00,F0984,27.53,43.39,28.71,33.97,78865,22.72
2026-01-10 12:55:00,F0960,26.0,79.77,23.04,26.35,92729,44.76
2026-01-10 13:00:00,F0029,33.99,69.01,81.71,17.29,11922,99.74
2026-01-10 13:05:00,F0474,36.69,91.19,22.11,37.68,3503,31.39
2026-01-10 13:10:00,F0825,25.08,91.26,66.15,16.24,93103,34.17
2026-01-10 13:15:00,F0650,18.57,76.61,42.82,20.38,36133,75.89
2026-01-10 13:20:00,F0086,34.38,94.88,81.97,30.34,24886,55.02
2026-01-10 13:25:00,F0322,36.84,88.51,41.8,37.13,2386,32.63
2026-01-10 13:30:00,F0428,36.23,75.48,18.81,22.35,45205,37.17
2026-01-10 13:35:00,F0737,40.33,88.92,41.03,33.35,90965,74.91
2026-01-10 13:40:00,F0266,28.56,87.89,40.48,25.08,6744,96.47
2026-01-10 13:45:00,F0505,20.4,58.79,29.34,17.97,78982,64.06
2026-01-10 13:50:00,F0954,26.49,78.31,65.56,29.81,31225,73.31
2026-01-10 13:55:00,F0850,19.58,30.63,44.45,37.02,82532,37.3
2026-01-10 14:00:00,F0312,36.55,30.79,66.75,28.32,1393,42.19
2026-01-10 14:05:00,F0130,40.5,87.09,47.13,26.65,92583,97.78
2026-01-10 14:10:00,F0292,19.55,65.28,62.01,35.93,30016,99.24
2026-01-10 14:15:00,F0345,39.13,70.08,28.07,27.55,46365,80.8
2026-01-10 14:20:00,F0250,39.82,74.59,40.54,16.05,51845,25.65
2026-01-10 14:25:00,F0061,27.78,61.65,85.54,15.3,3519,51.82
2026-01-10 14:30:00,F0439,40.63,89.07,56.06,16.69,51706,77.37
2026-01-10 14:35:00,F0489,24.31,80.59,82.16,37.91,66661,41.36
2026-01-10 14:40:00,F0697,21.01,87.83,31.34,19.46,38876,44.54
2026-01-10 14:45:00,F0716,41.12,54.37,31.88,15.06,65327,56.68
2026-01-10 14:50:00,F0777,38.35,40.22,39.61,20.01,83953,47.84
2026-01-10 14:55:00,F0012,19.75,43.81,43.46,20.87,52270,34.69
2026-01-10 15:00:00,F0109,29.03,46.56,58.66,29.44,87703,95.76
2026-01-10 15:05:00,F0720,36.7,44.22,31.6,22.61,13484,25.58
2026-01-10 15:10:00,F0755,36.9,67.14,63.24,35.52,89705,23.71
2026-01-10 15:15:00,F0251,18.13,79.68,55.58,36.01,67903,40.26
2026-01-10 15:20:00,F0015,21.64,88.69,21.63,24.03,29828,83.57
2026-01-10 15:25:00,F0632,40.26,48.3,65.88,37.03,60839,46.73
2026-01-10 15:30:00,F0898,41.9,66.17,88.65,25.38,75133,88.86
2026-01-10 15:35:00,F0090,22.1,77.9,72.83,22.17,52805,23.71
2026-01-10 15:40:00,F0977,38.24,57.24,75.31,19.12,2110,90.78
2026-01-10 15:45:00,F0145,28.98,52.99,28.99,20.88,61734,91.19
2026-01-10 15:50:00,F0712,32.3,30.07,48.37,17.09,46121,87.35
2026-01-10 15:55:00,F0232,35.13,65.8,28.57,24.92,23052,27.92
2026-01-10 16:00:00,F0815,32.59,72.92,20.06,35.86,69738,82.85
2026-01-10 16:05:00,F0535,31.75,61.77,15.32,23.42,13381,54.7
2026-01-10 16:10:00,F0792,20.69,58.37,55.16,22.64,73168,26.52
2026-01-10 16:15:00,F0603,39.14,66.98,49.78,37.37,22951,76.32
2026-01-10 16:20:00,F0097,27.16,63.59,68.16,32.26,45521,93.37
2026-01-10 16:25:00,F0491,30.84,82.54,60.29,19.97,72760,98.33
2026-01-10 16:30:00,F0624,40.62,63.05,58.64,35.68,67724,42.09
2026-01-10 16:35:00,F0985,39.17,86.31,64.3,37.89,19101,33.45
2026-01-10 16:40:00,F0773,29.44,30.08,28.32,19.92,39606,62.93
2026-01-10 16:45:00,F0641,40.24,93.66,25.15,36.75,8754,40.16
2026-01-10 16:50:00,F0285,24.69,94.18,64.11,31.82,99213,88.82
2026-01-10 16:55:00,F0766,20.63,57.39,86.51,23.28,79963,76.84
2026-01-10 17:00:00,F0718,18.24,38.22,62.05,15.3,5733,70.72
2026-01-10 17:05:00,F0052,24.65,76.44,26.2,34.6,18115,77.36
2026-01-10 17:10:00,F0510,26.62,90.47,67.16,17.37,49880,77.43
2026-01-10 17:15:00,F0043,39.56,79.35,52.75,24.61,7164,52.57
2026-01-10 17:20:00,F0406,22.73,74.34,76.87,22.92,78970,38.46
2026-01-10 17:25:00,F0849,28.56,59.87,44.84,28.44,81098,62.98
2026-01-10 17:30:00,F0136,36.43,74.45,63.88,37.79,12751,53.26
2026-01-10 17:35:00,F0905,37.51,93.59,20.55,21.87,80707,23.27
2026-01-10 17:40:00,F0968,21.82,78.69,54.82,17.74,4823,41.09
2026-01-10 17:45:00,F0863,41.17,65.18,35.69,29.26,52364,32.98
2026-01-10 17:50:00,F0582,19.95,86.46,85.42,24.66,2833,60.09
2026-01-10 17:55:00,F0376,27.74,87.51,87.66,24.61,52544,56.84
2026-01-10 18:00:00,F0772,39.05,32.64,32.54,24.06,21050,26.73
2026-01-10 18:05:00,F0525,37.3,53.53,19.53,28.37,34388,44.04
2026-01-10 18:10:00,F0038,28.58,58.05,88.48,30.75,80253,81.62
2026-01-10 18:15:00,F0735,23.39,57.09,15.64,29.89,50404,33.38
2026-01-10 18:20:00,F0195,21.11,40.98,25.1,35.29,16397,27.08
2026-01-10 18:25:00,F0992,21.52,44.07,45.82,18.16,97841,47.48
2026-01-10 18:30:00,F0671,31.32,50.84,65.51,17.33,68461,88.01
2026-01-10 18:35:00,F0652,39.27,32.55,70.12,36.83,78872,96.03
2026-01-10 18:40:00,F0633,20.35,70.48,45.57,29.71,95942,44.89
2026-01-10 18:45:00,F0841,35.07,72.77,57.82,23.75,29914,36.08
2026-01-10 18:50:00,F0347,37.32,87.68,69.01,37.14,37927,95.78
2026-01-10 18:55:00,F0998,40.99,87.78,65.0,23.39,31913,37.99
2026-01-10 19:00:00,F0267,40.78,91.71,17.61,30.86,11164,26.29
2026-01-10 19:05:00,F0855,26.78,73.45,52.46,15.64,95210,41.37
2026-01-10 19:10:00,F0885,29.21,77.3,83.71,27.97,36201,59.95
2026-01-10 19:15:00,F0816,28.88,68.14,82.12,33.34,36160,77.74
2026-01-10 19:20:00,F0966,39.64,71.32,86.02,23.29,32447,54.93
2026-01-10 19:25:00,F0578,29.33,85.72,44.48,36.42,78941,82.15
2026-01-10 19:30:00,F0392,41.09,34.13,30.65,21.45,11364,34.17
2026-01-10 19:35:00,F0293,26.88,64.81,83.12,28.17,82045,93.37
2026-01-10 19:40:00,F0314,30.19,82.96,28.9,24.18,19690,45.85
2026-01-10 19:45:00,F0963,26.91,54.78,37.66,25.27,15790,88.28
2026-01-10 19:50:00,F0246,18.33,86.56,35.71,20.51,95031,67.08
2026-01-10 19:55:00,F0122,24.38,55.01,84.98,21.58,88516,96.29
2026-01-10 20:00:00,F0667,31.07,42.7,74.45,18.62,55454,85.33
2026-01-10 20:05:00,F0309,36.64,87.6,31.01,33.62,60350,65.33
2026-01-10 20:10:00,F0226,33.79,59.76,22.82,35.87,3368,22.4
2026-01-10 20:15:00,F0662,34.47,37.93,85.51,33.9,22890,31.37
2026-01-10 20:20:00,F0124,19.91,77.44,48.5,36.07,74004,42.47
2026-01-10 20:25:00,F0161,23.02,83.02,64.35,32.0,24097,54.64
2026-01-10 20:30:00,F0928,30.13,59.94,35.03,30.65,89960,59.84
2026-01-10 20:35:00,F0116,29.93,71.78,27.27,29.91,89697,22.03
2026-01-10 20:40:00,F0542,27.86,52.19,70.65,18.39,59288,57.02
2026-01-10 20:45:00,F0136,31.86,56.02,39.29,19.33,62345,20.27
2026-01-10 20:50:00,F0286,39.86,71.97,18.5,32.55,92785,48.57
2026-01-10 20:55:00,F0157,37.53,90.61,19.72,36.33,49167,46.04
2026-01-10 21:00:00,F0532,33.8,32.97,16.9,18.5,90445,34.25
2026-01-10 21:05:00,F0132,19.58,42.11,49.73,34.47,26541,29.59
2026-01-10 21:10:00,F0028,32.5,44.74,58.02,33.21,29523,81.05
2026-01-10 21:15:00,F0542,37.35,75.12,52.08,18.78,5598,35.88
2026-01-10 21:20:00,F0203,27.07,52.48,68.19,26.92,52218,34.08
2026-01-10 21:25:00,F0739,18.64,71.92,58.17,29.52,64522,82.73
2026-01-10 21:30:00,F0353,21.07,54.28,61.15,34.03,87412,74.63
2026-01-10 21:35:00,F0932,23.63,40.98,63.0,32.73,59024,38.15
2026-01-10 21:40:00,F0631,22.56,63.94,60.59,15.03,48656,88.23
2026-01-10 21:45:00,F0708,34.64,88.14,77.37,32.98,30556,30.34
2026-01-10 21:50:00,F0434,28.24,62.97,87.9,25.8,13011,92.59
2026-01-10 21:55:00,F0565,41.43,32.96,29.06,28.96,16832,81.16
2026-01-10 22:00:00,F0827,21.8,85.48,43.58,17.27,65407,29.97
2026-01-10 22:05:00,F0406,20.39,71.91,86.41,37.55,30132,91.44
2026-01-10 22:10:00,F0572,34.27,71.09,28.72,17.06,65617,73.3
2026-01-10 22:15:00,F0863,33.13,90.0,72.15,27.29,34852,82.35
2026-01-10 22:20:00,F0490,22.81,58.77,34.7,18.34,29402,98.57
2026-01-10 22:25:00,F0157,21.4,40.49,68.41,15.39,14910,80.35
2026-01-10 22:30:00,F0300,24.09,40.01,57.02,30.42,98067,65.29
2026-01-10 22:35:00,F0735,37.58,94.4,62.35,19.24,97239,96.67
2026-01-10 22:40:00,F0415,19.37,41.9,81.63,37.84,45241,36.89
2026-01-10 22:45:00,F0672,19.18,55.32,77.48,29.61,95641,58.3
2026-01-10 22:50:00,F0818,23.87,85.58,23.61,16.27,53011,74.69
2026-01-10 22:55:00,F0504,24.62,83.8,15.47,30.39,31030,88.54
2026-01-10 23:00:00,F0973,25.32,37.93,57.13,18.42,87506,25.74
2026-01-10 23:05:00,F0794,27.25,56.08,19.3,33.04,88027,51.94
2026-01-10 23:10:00,F0585,37.88,60.78,42.4,16.45,96747,42.15
2026-01-10 23:15:00,F0488,19.08,50.7,57.65,33.38,83078,72.78
2026-01-10 23:20:00,F0378,20.08,93.53,35.08,16.78,89241,47.38
2026-01-10 23:25:00,F0439,24.52,67.02,65.29,28.25,50279,67.39
2026-01-10 23:30:00,F0217,32.18,59.31,52.25,33.51,8890,58.17
2026-01-10 23:35:00,F0001,37.47,31.18,27.65,37.46,88380,21.19
2026-01-10 23:40:00,F0638,38.81,62.25,25.2,30.22,20617,44.6
2026-01-10 23:45:00,F0964,22.84,45.84,68.73,35.84,82304,52.28
2026-01-10 23:50:00,F0545,31.6,59.5,17.73,36.96,63202,37.25
2026-01-10 23:55:00,F0169,28.23,88.06,32.35,33.35,25297,30.55
2026-01-11 00:00:00,F0668,27.35,79.7,49.53,22.8,76599,97.11
2026-01-11 00:05:00,F0548,32.92,72.17,46.53,20.46,84545,94.88
2026-01-11 00:10:00,F0964,33.14,67.16,83.69,30.94,27609,29.22
2026-01-11 00:15:00,F0094,33.12,54.85,38.16,15.71,68173,73.77
2026-01-11 00:20:00,F0805,31.88,51.77,32.49,18.33,21780,29.68
2026-01-11 00:25:00,F0071,26.45,31.53,41.18,33.57,36689,99.45
2026-01-11 00:30:00,F0577,33.36,81.97,36.31,15.16,7545,20.1
2026-01-11 00:35:00,F0431,41.24,60.18,37.96,27.53,58050,59.71
2026-01-11 00:40:00,F0305,31.74,68.55,84.25,35.35,12668,53.58
2026-01-11 00:45:00,F0207,27.26,52.59,66.8,15.78,44335,22.64
2026-01-11 00:50:00,F0417,23.86,50.46,31.54,19.58,78183,79.13
2026-01-11 00:55:00,F0999,24.54,57.73,28.99,25.68,11364,28.79
2026-01-11 01:00:00,F0651,31.57,53.28,57.7,23.74,43086,36.47
2026-01-11 01:05:00,F0712,26.9,60.29,15.6,23.46,15433,32.92
2026-01-11 01:10:00,F0165,29.1,73.84,46.99,20.4,11271,88.27
2026-01-11 01:15:00,F0629,24.96,64.09,78.75,34.33,44961,68.94
2026-01-11 01:20:00,F0358,40.14,56.91,47.6,21.87,44307,80.3
2026-01-11 01:25:00,F0896,39.63,90.02,70.9,22.07,34737,82.85
2026-01-11 01:30:00,F0811,39.52,69.78,44.66,36.34,78212,39.57
2026-01-11 01:35:00,F0623,23.82,75.87,79.33,21.34,60099,42.81
2026-01-11 01:40:00,F0589,39.14,87.01,34.78,27.09,89607,86.94
2026-01-11 01:45:00,F0717,31.47,39.5,18.58,22.55,56067,30.26
2026-01-11 01:50:00,F0741,29.45,90.79,89.12,30.39,70884,71.4
2026-01-11 01:55:00,F0904,30.54,85.78,35.22,20.73,14580,97.39
2026-01-11 02:00:00,F0916,36.25,58.96,19.59,18.99,63749,80.93
2026-01-11 02:05:00,F0491,25.84,88.45,53.89,19.43,83614,76.78
2026-01-11 02:10:00,F0423,26.89,60.72,58.92,34.76,17470,22.98
2026-01-11 02:15:00,F0011,19.03,48.08,47.46,22.0,9400,31.87
2026-01-11 02:20:00,F0626,23.36,33.55,17.05,35.64,47631,28.53
2026-01-11 02:25:00,F0798,20.76,77.7,49.61,34.74,47692,62.3
2026-01-11 02:30:00,F0610,27.4,51.5,40.3,30.58,62781,97.11
2026-01-11 02:35:00,F0569,40.56,93.11,20.92,28.19,29626,95.55
2026-01-11 02:40:00,F0268,34.94,65.92,29.19,31.0,52976,51.03
2026-01-11 02:45:00,F0087,19.74,90.75,56.3,16.11,27830,43.73
2026-01-11 02:50:00,F0188,22.57,56.48,84.96,32.04,5389,88.64
2026-01-11 02:55:00,F0200,25.44,49.03,34.88,19.78,15127,21.5
2026-01-11 03:00:00,F0238,33.92,76.42,46.18,32.05,89447,84.08
2026-01-11 03:05:00,F0406,36.75,65.12,17.1,27.7,86344,45.1
2026-01-11 03:10:00,F0725,39.53,66.99,36.04,32.33,7569,32.24
2026-01-11 03:15:00,F0825,33.69,72.03,87.92,25.08,38492,25.15
2026-01-11 03:20:00,F0270,22.52,32.44,30.59,22.33,21337,38.27
2026-01-11 03:25:00,F0813,36.99,53.83,18.52,18.73,74280,68.76
2026-01-11 03:30:00,F0288,28.13,51.99,48.63,22.75,99814,93.78
2026-01-11 03:35:00,F0164,22.78,38.68,89.55,29.34,31641,20.75
2026-01-11 03:40:00,F0017,21.23,56.08,89.36,19.96,2305,38.38
2026-01-11 03:45:00,F0225,22.73,56.54,48.07,31.88,17102,73.63
2026-01-11 03:50:00,F0439,36.8,53.74,76.18,25.06,56950,31.36
2026-01-11 03:55:00,F0490,32.63,52.58,76.04,20.73,99093,24.53
2026-01-11 04:00:00,F0285,33.4,43.69,20.87,35.78,31255,78.78
2026-01-11 04:05:00,F0570,36.47,83.04,27.8,15.67,36501,77.34
2026-01-11 04:10:00,F0974,37.02,33.03,55.51,25.54,77221,84.76
2026-01-11 04:15:00,F0817,41.99,80.09,21.82,31.51,22418,72.95
2026-01-11 04:20:00,F0136,25.02,87.27,19.39,33.73,95661,53.09
2026-01-11 04:25:00,F0852,24.21,87.4,49.69,32.85,14315,86.54
2026-01-11 04:30:00,F0488,33.41,74.91,39.08,20.99,14876,69.78
2026-01-11 04:35:00,F0853,32.42,86.05,84.42,16.15,48154,71.19
2026-01-11 04:40:00,F0233,30.88,89.83,26.56,30.59,83434,31.87
2026-01-11 04:45:00,F0518,38.93,34.17,26.67,28.77,77668,82.56
2026-01-11 04:50:00,F0352,27.25,79.29,36.13,20.86,67470,77.98
2026-01-11 04:55:00,F0151,40.73,61.56,62.04,25.38,11001,83.55
2026-01-11 05:00:00,F0103,21.12,35.59,18.54,27.21,68307,23.36
2026-01-11 05:05:00,F0714,26.32,74.74,46.19,36.12,81503,24.0
2026-01-11 05:10:00,F0939,39.38,88.42,49.08,16.14,64534,43.31
2026-01-11 05:15:00,F0037,37.15,90.61,59.87,23.11,78038,97.73
2026-01-11 05:20:00,F0633,24.04,53.07,59.86,31.91,15338,59.52
2026-01-11 05:25:00,F0177,22.21,88.85,85.9,32.21,33738,37.62
2026-01-11 05:30:00,F0466,22.36,31.4,79.29,18.44,15809,50.05
2026-01-11 05:35:00,F0386,34.3,74.53,34.55,35.22,51135,88.0
2026-01-11 05:40:00,F0197,39.81,78.1,15.11,27.41,26624,36.19
2026-01-11 05:45:00,F0297,25.07,58.78,82.86,15.43,66824,87.25
2026-01-11 05:50:00,F0512,30.21,67.71,39.79,21.23,3727,84.36
2026-01-11 05:55:00,F0011,38.64,69.9,43.31,26.67,46791,25.71
2026-01-11 06:00:00,F0785,39.0,42.32,66.14,26.43,82777,76.16
2026-01-11 06:05:00,F0187,27.53,71.25,30.69,36.8,79346,79.29
2026-01-11 06:10:00,F0425,23.6,42.02,84.1,25.91,23347,32.8
2026-01-11 06:15:00,F0368,31.61,31.14,21.04,24.19,72137,26.7
2026-01-11 06:20:00,F0829,32.51,31.81,42.67,31.68,21665,32.07
2026-01-11 06:25:00,F0293,20.81,50.97,79.85,36.37,54806,37.47
2026-01-11 06:30:00,F0156,32.19,50.53,64.86,28.38,31486,54.87
2026-01-11 06:35:00,F0475,34.04,82.8,63.43,18.96,82582,77.82
2026-01-11 06:40:00,F0681,36.33,41.69,47.36,16.75,87932,40.74
2026-01-11 06:45:00,F0527,18.65,73.47,40.47,19.47,95876,28.56
2026-01-11 06:50:00,F0671,30.92,85.34,18.27,28.2,30419,76.35
2026-01-11 06:55:00,F0161,19.54,71.75,28.26,18.49,23661,82.57
2026-01-11 07:00:00,F0382,35.98,63.24,83.38,17.59,49822,63.07
2026-01-11 07:05:00,F0891,28.45,57.12,52.46,24.23,2105,28.32
2026-01-11 07:10:00,F0597,20.63,51.24,56.72,16.35,41541,99.11
2026-01-11 07:15:00,F0769,21.21,84.39,15.07,33.28,24286,65.6
2026-01-11 07:20:00,F0515,39.97,62.36,62.87,26.05,42114,61.66
2026-01-11 07:25:00,F0795,35.68,55.2,45.13,36.75,53336,79.91
2026-01-11 07:30:00,F0794,35.89,68.73,69.32,20.01,87311,34.42
2026-01-11 07:35:00,F0626,21.38,90.46,75.65,19.12,26337,34.64
2026-01-11 07:40:00,F0313,34.56,32.96,27.23,20.82,29437,83.67
2026-01-11 07:45:00,F0116,24.75,61.56,53.33,35.24,92752,89.27
2026-01-11 07:50:00,F0093,29.31,69.97,26.51,32.49,78087,68.75
2026-01-11 07:55:00,F0628,24.66,74.89,22.24,18.7,92528,35.93
2026-01-11 08:00:00,F0754,31.19,33.71,80.64,24.71,3744,79.0
2026-01-11 08:05:00,F0764,22.03,30.14,15.4,36.53,99041,32.9
2026-01-11 08:10:00,F0345,22.64,55.74,80.47,15.09,83812,23.71
2026-01-11 08:15:00,F0830,22.31,45.88,54.71,20.4,94032,20.15
2026-01-11 08:20:00,F0364,31.28,40.52,46.34,33.64,23402,72.8
2026-01-11 08:25:00,F0579,36.42,34.06,48.83,27.28,57648,33.12
2026-01-11 08:30:00,F0469,36.15,90.68,79.33,19.08,73851,99.44
2026-01-11 08:35:00,F0212,39.17,62.6,81.97,30.48,27718,37.16
2026-01-11 08:40:00,F0496,27.78,78.55,52.92,29.6,83720,97.08
2026-01-11 08:45:00,F0935,37.47,83.76,45.19,24.15,14730,39.83
2026-01-11 08:50:00,F0566,25.31,80.5,15.06,16.71,21323,73.11
2026-01-11 08:55:00,F0811,21.76,88.5,68.77,18.5,89214,63.25
2026-01-11 09:00:00,F0521,35.55,44.55,82.33,25.6,79654,78.27
2026-01-11 09:05:00,F0065,30.68,51.15,85.34,31.93,92791,21.58
2026-01-11 09:10:00,F0976,39.5,62.05,22.12,16.0,83463,77.87
2026-01-11 09:15:00,F0846,31.97,30.41,82.41,27.38,14166,88.5
2026-01-11 09:20:00,F0833,24.39,80.07,61.59,25.74,59273,96.52
2026-01-11 09:25:00,F0120,29.06,62.71,23.3,37.31,55919,66.36
2026-01-11 09:30:00,F0547,33.44,65.17,37.42,30.2,24356,78.75
2026-01-11 09:35:00,F0018,41.78,83.42,26.3,23.99,49318,75.67
2026-01-11 09:40:00,F0842,27.58,54.99,27.81,35.01,76333,86.35
2026-01-11 09:45:00,F0142,25.77,43.27,61.26,28.64,22300,47.47
2026-01-11 09:50:00,F0229,32.46,73.63,62.12,15.21,59240,79.05
2026-01-11 09:55:00,F0908,21.28,86.01,16.69,21.17,63282,31.42
2026-01-11 10:00:00,F0633,27.89,68.37,89.78,16.45,58392,65.93
2026-01-11 10:05:00,F0406,29.63,66.56,56.49,28.69,41238,74.88
2026-01-11 10:10:00,F0510,24.12,52.88,61.34,28.13,54166,42.06
2026-01-11 10:15:00,F0977,30.22,82.18,75.15,34.48,15751,52.88
2026-01-11 10:20:00,F0249,24.94,59.79,85.78,22.9,53254,78.65
2026-01-11 10:25:00,F0550,37.4,36.94,43.56,32.86,70953,22.24
2026-01-11 10:30:00,F0297,25.58,81.5,27.5,29.72,52707,90.07
2026-01-11 10:35:00,F0335,41.16,37.69,81.57,15.72,53228,31.16
2026-01-11 10:40:00,F0470,18.94,56.01,56.47,35.74,3369,87.19
2026-01-11 10:45:00,F0184,24.49,84.18,41.89,17.4,30024,20.04
2026-01-11 10:50:00,F0899,30.95,66.11,80.62,33.5,44238,58.6
2026-01-11 10:55:00,F0683,37.56,65.82,61.41,31.95,35329,86.67
2026-01-11 11:00:00,F0762,41.88,65.97,46.2,34.91,2909,31.95
2026-01-11 11:05:00,F0984,28.73,54.09,15.95,15.01,7019,74.37
2026-01-11 11:10:00,F0738,27.37,74.12,22.64,35.44,79176,48.47
2026-01-11 11:15:00,F0209,18.41,92.94,41.81,21.73,74132,40.88
2026-01-11 11:20:00,F0579,22.6,58.49,55.6,34.43,39560,54.56
2026-01-11 11:25:00,F0584,19.24,79.48,83.55,35.98,86672,29.47
2026-01-11 11:30:00,F0484,21.89,87.08,75.27,15.72,83709,80.01
2026-01-11 11:35:00,F0438,26.94,74.72,18.57,21.24,39748,44.24
2026-01-11 11:40:00,F0993,24.05,69.09,85.36,24.05,36947,73.22
2026-01-11 11:45:00,F0978,28.13,88.66,45.07,36.08,22605,44.07
2026-01-11 11:50:00,F0040,27.07,81.18,24.45,22.44,46114,68.9
2026-01-11 11:55:00,F0447,38.93,38.9,84.93,32.67,25148,95.12
2026-01-11 12:00:00,F0186,21.0,30.51,32.69,36.43,85871,72.79
2026-01-11 12:05:00,F0451,37.04,46.81,38.05,35.72,40790,63.29
2026-01-11 12:10:00,F0702,36.85,54.2,31.71,25.05,23376,27.71
2026-01-11 12:15:00,F0844,37.63,64.73,38.44,26.25,11726,97.56
2026-01-11 12:20:00,F0295,25.99,52.6,22.62,31.13,79110,24.51
2026-01-11 12:25:00,F0759,23.98,38.3,28.86,17.1,9911,94.34
2026-01-11 12:30:00,F0798,29.34,90.0,63.01,29.57,61727,59.57
2026-01-11 12:35:00,F0436,36.54,64.84,55.92,20.67,46417,64.45
2026-01-11 12:40:00,F0730,34.2,66.02,27.82,28.44,41012,33.62
2026-01-11 12:45:00,F0862,26.31,76.33,38.45,24.34,66844,46.22
2026-01-11 12:50:00,F0378,32.76,59.16,19.11,36.07,70349,88.13
2026-01-11 12:55:00,F0049,26.72,68.95,34.37,25.44,36290,57.73
2026-01-11 13:00:00,F0784,26.79,43.96,72.93,21.84,70327,78.54
2026-01-11 13:05:00,F0874,35.57,37.29,74.21,25.61,47714,66.45
2026-01-11 13:10:00,F0720,37.34,67.12,29.96,21.66,80040,36.25
2026-01-11 13:15:00,F0342,23.55,63.19,17.27,19.49,70448,37.42
2026-01-11 13:20:00,F0086,38.97,34.46,30.08,33.99,69310,93.48
2026-01-11 13:25:00,F0187,28.25,32.43,50.58,27.3,23948,84.97
2026-01-11 13:30:00,F0571,19.64,81.64,50.99,25.93,2263,42.82
2026-01-11 13:35:00,F0569,28.44,50.54,19.69,19.18,59349,75.32
2026-01-11 13:40:00,F0419,25.84,72.96,84.49,31.77,64259,84.97
2026-01-11 13:45:00,F0804,30.28,36.6,57.34,17.47,56686,74.84
2026-01-11 13:50:00,F0193,25.02,86.51,52.24,31.91,59024,79.38
2026-01-11 13:55:00,F0956,21.9,82.59,59.16,16.5,41683,37.96
2026-01-11 14:00:00,F0834,27.51,68.2,58.17,35.44,83458,83.51
2026-01-11 14:05:00,F0269,41.32,52.19,60.72,28.23,4800,75.16
2026-01-11 14:10:00,F0115,19.16,68.71,40.52,20.24,3223,62.5
2026-01-11 14:15:00,F0240,37.98,74.44,40.53,17.19,12139,63.22
2026-01-11 14:20:00,F0420,33.93,48.88,36.56,29.96,52100,42.15
2026-01-11 14:25:00,F0961,30.35,63.59,61.44,36.6,88817,69.21
2026-01-11 14:30:00,F0469,31.99,58.47,57.08,35.17,65261,46.29
2026-01-11 14:35:00,F0728,31.7,79.03,24.48,26.92,15570,87.41
2026-01-11 14:40:00,F0053,22.3,34.64,70.89,25.64,71623,68.74
2026-01-11 14:45:00,F0919,33.9,71.03,20.55,18.17,70313,63.24
2026-01-11 14:50:00,F0655,32.6,85.89,82.4,25.63,44013,80.05
2026-01-11 14:55:00,F0542,25.18,92.76,84.41,33.65,35848,83.58
2026-01-11 15:00:00,F0212,28.21,79.44,26.99,37.88,69599,28.38
2026-01-11 15:05:00,F0187,35.43,71.48,30.74,26.56,99564,54.75
2026-01-11 15:10:00,F0550,20.74,35.32,33.43,37.68,65446,86.74
2026-01-11 15:15:00,F0082,24.6,89.57,58.23,35.41,3970,79.03
2026-01-11 15:20:00,F0633,33.76,86.32,78.28,28.18,22879,86.67
2026-01-11 15:25:00,F0456,29.23,33.05,38.67,27.89,56735,93.97
2026-01-11 15:30:00,F0600,22.99,83.5,43.03,29.44,87113,45.05
2026-01-11 15:35:00,F0517,30.92,31.34,69.14,37.11,2558,81.5
2026-01-11 15:40:00,F0685,25.64,38.22,44.59,32.16,16930,29.75
2026-01-11 15:45:00,F0247,36.89,35.19,33.65,34.73,17469,88.23
2026-01-11 15:50:00,F0486,25.38,72.01,38.64,17.79,95831,54.13
2026-01-11 15:55:00,F0588,19.42,64.52,76.98,33.34,66835,77.37
2026-01-11 16:00:00,F0044,24.8,33.96,25.17,19.88,61429,36.53
2026-01-11 16:05:00,F0072,39.74,90.62,74.63,27.21,27953,50.33
2026-01-11 16:10:00,F0412,21.36,58.59,31.28,23.02,95453,67.97
2026-01-11 16:15:00,F0582,23.89,52.96,74.89,16.39,1932,70.13
2026-01-11 16:20:00,F0558,25.72,86.8,71.35,37.33,12842,49.34
2026-01-11 16:25:00,F0979,25.01,73.27,21.45,22.69,51572,85.63
2026-01-11 16:30:00,F0246,32.03,66.93,41.78,33.17,16163,28.1
2026-01-11 16:35:00,F0298,23.91,92.17,61.01,30.18,67592,92.88
2026-01-11 16:40:00,F0483,29.67,59.7,79.14,27.53,56289,99.74
2026-01-11 16:45:00,F0666,27.08,30.3,83.56,21.78,69319,26.58
2026-01-11 16:50:00,F0827,24.12,34.46,67.86,24.48,5582,91.46
2026-01-11 16:55:00,F0639,41.98,60.02,86.16,29.6,27835,46.78
2026-01-11 17:00:00,F0894,37.64,89.74,45.72,21.11,49929,97.07
2026-01-11 17:05:00,F0039,22.53,66.41,15.09,26.28,29048,20.66
2026-01-11 17:10:00,F0147,29.68,43.55,25.07,34.72,14428,41.06
2026-01-11 17:15:00,F0266,34.23,59.46,54.67,28.32,78591,45.36
2026-01-11 17:20:00,F0217,40.24,67.4,58.13,16.03,65919,52.17
2026-01-11 17:25:00,F0712,36.15,89.63,79.52,29.41,91709,93.59
2026-01-11 17:30:00,F0584,22.17,62.87,72.26,21.4,81434,60.73
2026-01-11 17:35:00,F0784,24.47,50.79,87.07,17.57,93656,38.97
2026-01-11 17:40:00,F0852,36.41,64.95,81.96,18.12,65351,29.86
2026-01-11 17:45:00,F0273,39.32,31.38,87.59,33.54,74393,98.81
2026-01-11 17:50:00,F0808,20.54,54.94,77.41,21.23,95482,81.25
2026-01-11 17:55:00,F0036,22.87,91.56,59.3,32.48,9520,60.58
2026-01-11 18:00:00,F0211,31.16,58.81,71.06,37.12,30156,78.58
2026-01-11 18:05:00,F0220,27.71,79.46,48.71,34.08,13359,38.6
2026-01-11 18:10:00,F0009,32.52,70.47,23.45,36.88,26297,61.01
2026-01-11 18:15:00,F0653,38.96,93.01,28.97,17.94,18464,47.89
2026-01-11 18:20:00,F0807,22.0,32.57,34.65,30.07,23332,88.99
2026-01-11 18:25:00,F0239,39.47,69.73,69.31,23.19,61532,30.72
2026-01-11 18:30:00,F0275,36.19,34.31,19.24,30.87,91369,67.33
2026-01-11 18:35:00,F0722,24.53,66.73,26.97,23.54,32483,87.22
2026-01-11 18:40:00,F0659,19.81,70.39,68.59,22.12,84137,93.89
2026-01-11 18:45:00,F0148,36.02,65.36,49.92,28.51,97387,64.64
2026-01-11 18:50:00,F0155,35.87,93.89,79.92,28.21,27828,34.67
2026-01-11 18:55:00,F0383,19.88,62.24,37.39,18.32,38960,21.12
2026-01-11 19:00:00,F0853,39.36,71.97,31.05,24.64,15140,62.69
2026-01-11 19:05:00,F0637,19.24,42.51,43.69,24.93,91117,50.52
2026-01-11 19:10:00,F0052,29.4,39.71,44.95,30.97,23260,24.49
2026-01-11 19:15:00,F0953,21.63,32.28,59.59,32.93,31991,51.27
2026-01-11 19:20:00,F0822,27.94,38.81,57.84,19.52,72264,66.67
2026-01-11 19:25:00,F0011,26.14,60.93,38.47,16.38,65871,39.47
2026-01-11 19:30:00,F0342,40.93,66.6,15.92,33.37,29336,69.23
2026-01-11 19:35:00,F0092,22.55,80.62,64.08,18.95,13258,28.73
2026-01-11 19:40:00,F0554,37.51,66.81,70.74,25.87,10905,72.41
2026-01-11 19:45:00,F0508,21.42,37.8,75.32,20.84,94053,81.88
2026-01-11 19:50:00,F0762,27.78,37.27,52.2,28.1,72717,84.62
2026-01-11 19:55:00,F0988,19.64,84.23,49.11,22.05,54354,24.3
2026-01-11 20:00:00,F0149,37.8,79.37,36.99,33.09,18268,34.69
2026-01-11 20:05:00,F0148,20.23,55.83,25.81,19.16,78032,41.59
2026-01-11 20:10:00,F0085,21.41,77.62,85.24,31.8,77459,41.73
2026-01-11 20:15:00,F0760,37.76,81.86,50.58,19.15,81874,21.81
2026-01-11 20:20:00,F0691,22.38,71.7,41.48,17.17,18111,57.63
2026-01-11 20:25:00,F0081,33.64,69.17,37.51,27.82,89752,30.71
2026-01-11 20:30:00,F0971,26.28,74.98,58.83,23.07,51104,22.96
2026-01-11 20:35:00,F0109,20.55,73.38,38.98,36.39,77210,93.77
2026-01-11 20:40:00,F0094,22.1,57.94,81.06,37.85,93159,42.84
2026-01-11 20:45:00,F0622,37.26,87.52,34.15,27.79,68331,73.96
2026-01-11 20:50:00,F0130,23.13,54.66,19.41,15.22,69880,41.54
2026-01-11 20:55:00,F0468,24.21,63.23,32.3,33.88,74071,98.11
2026-01-11 21:00:00,F0579,20.63,32.11,36.87,34.47,18121,26.86
2026-01-11 21:05:00,F0308,19.05,56.24,70.27,32.57,27424,51.44
2026-01-11 21:10:00,F0986,35.53,38.31,29.8,22.5,31207,42.29
2026-01-11 21:15:00,F0276,30.24,47.58,85.84,15.9,21672,29.38
2026-01-11 21:20:00,F0588,41.17,56.66,35.57,19.31,94639,88.45
2026-01-11 21:25:00,F0173,19.58,40.82,70.76,26.31,98326,31.87
2026-01-11 21:30:00,F0015,26.62,51.38,80.9,32.51,1259,24.88
2026-01-11 21:35:00,F0019,31.17,54.5,74.5,32.11,53862,56.27
2026-01-11 21:40:00,F0608,20.67,30.31,53.71,28.15,75465,99.94
2026-01-11 21:45:00,F0125,24.05,56.4,15.2,28.33,13103,50.76
2026-01-11 21:50:00,F0772,35.79,39.9,32.63,30.77,27416,94.71
2026-01-11 21:55:00,F0760,37.96,73.76,85.88,28.27,61270,79.2
2026-01-11 22:00:00,F0633,19.07,30.58,74.64,22.75,72214,99.12
2026-01-11 22:05:00,F0974,19.97,85.55,83.23,24.78,34818,51.08
2026-01-11 22:10:00,F0042,19.22,89.89,76.2,37.37,68508,42.19
2026-01-11 22:15:00,F0225,23.98,37.72,22.26,34.21,59414,26.6
2026-01-11 22:20:00,F0099,30.56,35.54,21.94,28.89,85641,49.55
2026-01-11 22:25:00,F0266,25.91,39.2,58.0,33.51,20671,97.82
2026-01-11 22:30:00,F0194,33.26,82.32,64.85,16.57,27667,45.92
2026-01-11 22:35:00,F0245,24.67,56.72,48.49,23.63,76334,68.58
2026-01-11 22:40:00,F0257,24.8,87.89,35.5,24.3,58883,31.86
2026-01-11 22:45:00,F0055,20.29,65.78,35.02,29.81,3101,84.81
2026-01-11 22:50:00,F0724,36.48,89.17,66.65,18.5,19058,72.21
2026-01-11 22:55:00,F0526,28.72,89.96,36.67,15.03,52259,31.26
2026-01-11 23:00:00,F0544,26.32,87.67,52.27,30.84,18818,57.41
2026-01-11 23:05:00,F0809,39.91,71.42,29.45,22.17,30133,47.56
2026-01-11 23:10:00,F0466,18.42,49.15,26.96,17.18,74402,96.03
2026-01-11 23:15:00,F0565,34.83,36.97,23.71,24.63,10102,70.27
2026-01-11 23:20:00,F0806,33.16,51.28,57.33,21.6,53111,29.15
2026-01-11 23:25:00,F0033,19.46,69.1,31.43,21.08,54529,21.88
2026-01-11 23:30:00,F0088,21.07,45.75,25.75,16.99,12761,77.87
2026-01-11 23:35:00,F0764,39.78,43.03,82.81,28.06,83201,54.18
2026-01-11 23:40:00,F0360,20.15,31.91,82.83,36.77,94759,49.94
2026-01-11 23:45:00,F0510,35.65,58.29,39.38,36.98,96749,93.08
2026-01-11 23:50:00,F0773,24.21,54.82,18.45,35.13,86864,34.22
2026-01-11 23:55:00,F0148,41.48,57.23,31.41,29.58,51176,86.02
2026-01-12 00:00:00,F0026,20.57,35.73,32.74,23.42,95264,79.48
2026-01-12 00:05:00,F0641,41.59,92.66,38.18,34.44,35009,38.79
2026-01-12 00:10:00,F0572,41.07,35.4,89.94,27.3,22388,95.22
2026-01-12 00:15:00,F0776,20.44,74.16,76.95,30.37,25021,51.54
2026-01-12 00:20:00,F0004,30.23,85.07,67.77,23.91,47017,94.55
2026-01-12 00:25:00,F0802,27.6,39.92,24.75,37.62,82448,90.35
2026-01-12 00:30:00,F0906,41.95,85.4,48.15,34.69,36332,83.21
2026-01-12 00:35:00,F0301,29.36,83.94,64.68,28.3,84769,36.62
2026-01-12 00:40:00,F0016,18.88,93.37,23.16,26.74,66614,65.25
2026-01-12 00:45:00,F0309,41.37,38.16,38.49,21.25,28456,44.61
2026-01-12 00:50:00,F0315,35.43,87.12,71.54,27.6,15478,32.07
2026-01-12 00:55:00,F0345,36.98,58.13,33.96,31.98,47698,33.09
2026-01-12 01:00:00,F0263,31.8,41.18,87.74,30.18,37229,84.08
2026-01-12 01:05:00,F0659,37.64,79.82,22.58,31.34,65626,81.93
2026-01-12 01:10:00,F0560,31.21,64.53,49.77,15.06,88646,54.32
2026-01-12 01:15:00,F0315,23.41,74.02,74.17,26.51,66888,84.5
2026-01-12 01:20:00,F0742,19.55,63.59,59.0,24.65,4040,99.45
2026-01-12 01:25:00,F0415,24.23,80.32,41.05,17.26,14206,99.44
2026-01-12 01:30:00,F0187,20.19,82.99,42.83,19.51,99271,42.32
2026-01-12 01:35:00,F0822,35.43,46.06,17.2,31.29,7679,44.88
2026-01-12 01:40:00,F0762,40.83,57.55,76.78,20.51,19648,28.04
2026-01-12 01:45:00,F0748,33.4,62.84,18.97,16.34,22385,25.0
2026-01-12 01:50:00,F0716,22.84,68.65,56.31,28.62,80218,92.99
2026-01-12 01:55:00,F0051,19.92,82.49,17.43,15.3,40035,93.52
2026-01-12 02:00:00,F0487,37.52,45.65,71.27,26.42,13963,67.18
2026-01-12 02:05:00,F0478,36.29,66.06,18.42,32.23,83620,80.61
2026-01-12 02:10:00,F0906,40.26,79.44,85.49,30.73,81850,98.22
2026-01-12 02:15:00,F0053,35.32,46.79,58.64,21.55,84379,57.33
2026-01-12 02:20:00,F0537,25.89,53.7,15.71,17.77,28005,96.66
2026-01-12 02:25:00,F0349,23.36,64.46,67.96,15.52,22819,64.65
2026-01-12 02:30:00,F0693,38.81,58.84,70.85,25.85,62339,67.9
2026-01-12 02:35:00,F0058,35.16,60.42,85.91,17.43,4603,64.2
2026-01-12 02:40:00,F0525,20.67,70.01,88.2,18.56,27581,74.15
2026-01-12 02:45:00,F0901,36.2,71.19,43.81,26.07,16809,62.84
2026-01-12 02:50:00,F0497,26.13,44.73,48.56,24.64,14899,91.97
2026-01-12 02:55:00,F0008,22.37,48.64,16.12,31.62,72963,49.31
2026-01-12 03:00:00,F0361,29.17,93.07,17.36,18.9,34671,73.53
2026-01-12 03:05:00,F0301,22.66,79.92,31.0,24.09,25408,32.98
2026-01-12 03:10:00,F0845,20.92,68.03,74.2,23.84,88672,81.07
2026-01-12 03:15:00,F0565,26.46,59.63,44.88,25.86,51978,84.07
2026-01-12 03:20:00,F0699,34.38,34.31,61.48,17.72,76768,87.98
2026-01-12 03:25:00,F0937,40.36,75.3,85.47,36.7,12723,45.75
2026-01-12 03:30:00,F0754,20.77,56.43,37.36,18.34,10528,20.35
2026-01-12 03:35:00,F0951,18.23,42.85,18.48,36.64,86036,61.81
2026-01-12 03:40:00,F0265,39.43,40.18,78.64,31.16,92073,29.0
2026-01-12 03:45:00,F0552,38.78,67.56,36.64,34.67,66980,25.28
2026-01-12 03:50:00,F0025,18.25,89.34,70.39,28.82,10777,85.12
2026-01-12 03:55:00,F0324,38.6,33.05,22.57,35.97,50421,58.1
2026-01-12 04:00:00,F0374,36.33,76.43,89.19,31.06,53989,77.03
2026-01-12 04:05:00,F0251,23.55,86.4,61.08,22.59,41613,64.0
2026-01-12 04:10:00,F0096,18.08,31.11,23.89,32.5,66361,53.65
2026-01-12 04:15:00,F0788,41.85,61.89,76.52,28.46,56638,88.44
2026-01-12 04:20:00,F0126,25.68,46.04,40.27,32.12,15570,30.95
2026-01-12 04:25:00,F0789,19.83,59.19,51.95,33.57,18561,38.74
2026-01-12 04:30:00,F0382,36.36,62.35,22.38,23.33,21285,50.11
2026-01-12 04:35:00,F0962,33.35,79.56,75.91,25.62,30764,78.75
2026-01-12 04:40:00,F0020,21.68,81.14,47.63,31.98,49471,81.74
2026-01-12 04:45:00,F0433,36.56,60.46,17.75,16.49,14336,22.19
2026-01-12 04:50:00,F0209,19.47,62.5,24.19,23.84,35547,80.38
2026-01-12 04:55:00,F0493,30.76,71.68,32.24,30.29,9021,37.32
2026-01-12 05:00:00,F0499,25.63,93.62,54.76,32.86,58973,43.72
2026-01-12 05:05:00,F0075,38.17,62.71,39.32,25.56,24732,50.67
2026-01-12 05:10:00,F0166,31.5,51.6,72.79,24.07,70216,52.23
2026-01-12 05:15:00,F0152,39.44,42.09,53.71,21.91,6989,55.9
2026-01-12 05:20:00,F0439,24.02,30.67,63.95,23.68,28115,31.51
2026-01-12 05:25:00,F0969,19.62,84.26,30.49,22.78,96240,63.88
2026-01-12 05:30:00,F0943,27.62,57.14,25.38,28.89,29559,91.45
2026-01-12 05:35:00,F0442,35.33,84.33,60.55,24.35,89057,75.53
2026-01-12 05:40:00,F0817,24.32,89.7,54.25,24.05,90053,38.7
2026-01-12 05:45:00,F0059,34.65,80.71,73.31,20.97,46462,83.06
2026-01-12 05:50:00,F0704,30.6,84.23,72.9,25.91,76721,53.45
2026-01-12 05:55:00,F0086,40.97,51.28,79.03,24.87,34734,82.12
2026-01-12 06:00:00,F0322,22.6,72.66,39.13,25.36,97566,57.9
2026-01-12 06:05:00,F0610,39.16,62.49,40.43,20.86,58191,88.04
2026-01-12 06:10:00,F0601,34.91,31.8,77.34,27.12,20288,87.61
2026-01-12 06:15:00,F0489,23.04,56.16,77.8,25.48,28032,34.42
2026-01-12 06:20:00,F0724,22.23,91.34,26.04,17.38,10831,86.87
2026-01-12 06:25:00,F0851,26.9,87.66,46.94,17.78,65463,28.53
2026-01-12 06:30:00,F0169,19.37,49.14,61.26,27.49,15944,43.12
2026-01-12 06:35:00,F0858,31.26,67.51,32.45,23.62,14574,86.84
2026-01-12 06:40:00,F0979,31.89,43.48,79.24,19.12,4878,91.88
2026-01-12 06:45:00,F0765,27.92,92.47,57.65,27.64,13537,99.75
2026-01-12 06:50:00,F0912,24.39,74.11,35.15,34.06,8936,53.78
2026-01-12 06:55:00,F0026,38.84,59.29,81.27,32.47,29316,84.5
2026-01-12 07:00:00,F0083,27.6,42.61,81.53,15.9,45883,74.82
2026-01-12 07:05:00,F0964,18.79,67.91,30.65,24.51,61140,34.68
2026-01-12 07:10:00,F0939,24.71,67.54,78.96,34.85,58746,32.79
2026-01-12 07:15:00,F0286,36.78,58.16,33.12,27.77,71769,37.78
2026-01-12 07:20:00,F0577,18.78,55.85,84.72,20.98,21483,90.48
2026-01-12 07:25:00,F0631,35.48,83.15,56.25,17.5,80118,37.52
2026-01-12 07:30:00,F0620,23.4,60.03,26.85,32.44,24616,63.27
2026-01-12 07:35:00,F0090,21.84,67.22,76.67,20.11,86487,23.82
2026-01-12 07:40:00,F0999,36.54,83.11,19.46,34.1,95178,53.58
2026-01-12 07:45:00,F0405,33.5,83.56,49.02,18.82,85478,44.3
2026-01-12 07:50:00,F0211,32.11,47.21,71.17,28.49,4066,56.21
2026-01-12 07:55:00,F0001,30.14,65.5,37.6,15.06,99065,59.61
2026-01-12 08:00:00,F0373,36.08,85.02,16.63,16.03,2340,73.21
2026-01-12 08:05:00,F0945,20.48,92.39,78.33,28.69,22745,34.89
2026-01-12 08:10:00,F0080,39.7,80.48,85.84,35.29,32220,69.58
2026-01-12 08:15:00,F0287,24.22,67.21,17.59,20.18,21562,47.88
2026-01-12 08:20:00,F0198,23.93,41.27,86.81,20.63,9812,23.26
2026-01-12 08:25:00,F0830,26.98,72.38,39.85,34.63,8782,29.08
2026-01-12 08:30:00,F0906,35.51,94.31,36.28,33.31,90515,91.8
2026-01-12 08:35:00,F0232,38.53,67.76,75.99,33.6,38334,75.61
2026-01-12 08:40:00,F0214,32.97,79.08,33.42,35.13,39606,87.98
2026-01-12 08:45:00,F0404,40.06,68.49,24.92,33.67,4493,47.75
2026-01-12 08:50:00,F0765,35.77,94.99,32.29,17.91,36319,80.21
2026-01-12 08:55:00,F0093,21.88,67.69,48.32,22.67,79439,51.43
2026-01-12 09:00:00,F0930,38.99,69.07,25.04,16.3,19696,39.42
2026-01-12 09:05:00,F0509,27.64,34.89,49.48,28.52,37419,32.8
2026-01-12 09:10:00,F0929,18.36,41.85,73.12,21.17,13177,65.31
2026-01-12 09:15:00,F0924,28.76,70.44,74.76,28.48,24699,51.64
2026-01-12 09:20:00,F0078,34.87,36.49,42.93,31.62,17791,95.53
2026-01-12 09:25:00,F0876,40.82,60.77,26.34,34.62,83517,93.42
2026-01-12 09:30:00,F0258,27.19,88.32,25.64,15.58,82370,54.06
2026-01-12 09:35:00,F0460,37.41,44.86,15.34,28.64,87487,79.35
2026-01-12 09:40:00,F0546,39.66,50.5,25.31,16.4,22786,76.41
2026-01-12 09:45:00,F0065,26.49,44.97,39.89,15.23,13332,41.67
2026-01-12 09:50:00,F0738,36.53,36.52,62.99,21.89,88318,87.31
2026-01-12 09:55:00,F0530,38.43,61.53,59.35,29.67,35200,57.29
2026-01-12 10:00:00,F0998,21.04,75.01,33.85,18.02,13245,60.14
2026-01-12 10:05:00,F0242,35.0,46.53,74.84,22.39,71739,83.3
2026-01-12 10:10:00,F0605,22.33,90.3,15.56,32.75,64321,59.41
2026-01-12 10:15:00,F0442,29.83,54.84,58.09,37.12,31733,80.6
2026-01-12 10:20:00,F0604,32.15,66.28,41.57,23.23,81938,95.42
2026-01-12 10:25:00,F0170,26.17,76.57,64.91,37.08,37036,24.59
2026-01-12 10:30:00,F0533,26.01,62.72,73.83,31.91,70521,35.37
2026-01-12 10:35:00,F0757,31.0,93.22,39.05,25.06,63629,30.8
2026-01-12 10:40:00,F0808,22.13,78.08,34.96,26.09,87305,66.76
2026-01-12 10:45:00,F0173,26.7,90.06,79.67,29.67,42796,78.97
2026-01-12 10:50:00,F0083,36.86,55.47,56.66,18.97,46922,20.69
2026-01-12 10:55:00,F0109,30.8,52.92,74.69,36.48,54180,33.44
2026-01-12 11:00:00,F0905,41.73,59.07,56.44,19.34,34023,90.46
2026-01-12 11:05:00,F0662,18.31,85.32,27.71,18.74,36851,26.98
2026-01-12 11:10:00,F0584,31.76,68.61,74.1,28.93,86868,53.4
2026-01-12 11:15:00,F0175,37.96,58.82,25.08,24.17,35377,93.48
2026-01-12 11:20:00,F0914,26.22,84.54,87.22,23.31,26454,34.81
2026-01-12 11:25:00,F0489,38.06,72.06,16.41,20.33,10813,23.99
2026-01-12 11:30:00,F0779,20.03,44.27,42.81,19.62,82158,34.21
2026-01-12 11:35:00,F0165,25.15,60.14,21.51,28.61,51111,88.17
2026-01-12 11:40:00,F0712,19.12,92.73,84.88,18.3,64681,72.73
2026-01-12 11:45:00,F0329,27.6,56.02,84.26,32.21,8194,57.92
2026-01-12 11:50:00,F0447,38.89,55.41,31.38,27.09,47397,20.83
2026-01-12 11:55:00,F0587,25.81,60.1,29.99,24.74,59286,86.09
2026-01-12 12:00:00,F0675,21.52,44.49,23.35,37.61,26982,82.92
2026-01-12 12:05:00,F0118,18.3,90.9,61.29,21.51,13209,97.2
2026-01-12 12:10:00,F0307,21.29,43.0,22.44,23.03,38710,29.3
2026-01-12 12:15:00,F0767,22.72,41.61,50.24,35.58,69597,48.96
2026-01-12 12:20:00,F0974,28.09,89.71,17.37,34.75,28319,83.2
2026-01-12 12:25:00,F0619,25.02,70.54,18.38,21.38,57173,84.71
2026-01-12 12:30:00,F0485,25.87,52.11,53.37,25.15,12343,86.87
2026-01-12 12:35:00,F0507,32.87,66.7,27.93,31.04,6397,90.58
2026-01-12 12:40:00,F0294,31.45,58.94,35.0,21.15,66039,33.46
2026-01-12 12:45:00,F0276,26.29,80.76,74.71,26.52,51950,65.81
2026-01-12 12:50:00,F0460,31.69,94.83,27.41,35.11,71263,49.58
2026-01-12 12:55:00,F0231,27.08,79.47,46.35,28.06,37814,75.06
2026-01-12 13:00:00,F0178,22.75,58.2,67.96,16.45,2584,98.34
2026-01-12 13:05:00,F0004,32.29,44.76,80.58,29.39,42019,58.54
2026-01-12 13:10:00,F0967,24.43,35.94,69.46,20.39,78328,68.27
2026-01-12 13:15:00,F0856,37.15,67.8,31.53,27.27,35321,73.76
2026-01-12 13:20:00,F0052,25.31,85.02,62.63,31.95,39482,37.77
2026-01-12 13:25:00,F0518,40.95,63.97,35.69,25.51,52928,78.22
2026-01-12 13:30:00,F0085,31.01,59.34,63.89,34.69,55478,40.51
2026-01-12 13:35:00,F0425,38.38,38.54,80.76,32.37,53970,64.28
2026-01-12 13:40:00,F0829,39.63,80.84,42.58,21.83,91964,26.97
2026-01-12 13:45:00,F0382,37.6,78.53,57.84,36.58,20549,56.22
2026-01-12 13:50:00,F0947,34.7,67.5,23.25,32.87,41378,46.76
2026-01-12 13:55:00,F0715,28.91,84.68,57.16,15.47,31957,49.07
2026-01-12 14:00:00,F0771,39.18,32.16,82.46,20.24,33503,55.54
2026-01-12 14:05:00,F0937,28.2,63.1,30.85,24.12,85490,55.2
2026-01-12 14:10:00,F0217,18.53,56.3,67.56,35.42,16760,63.84
2026-01-12 14:15:00,F0139,22.39,41.92,45.77,34.73,76318,71.39
2026-01-12 14:20:00,F0795,19.95,31.05,53.39,26.69,67462,54.47
2026-01-12 14:25:00,F0224,30.06,51.42,59.83,34.01,51752,57.66
2026-01-12 14:30:00,F0211,31.74,43.28,65.98,18.89,68506,75.49
2026-01-12 14:35:00,F0890,38.35,79.14,89.06,15.55,42276,83.91
2026-01-12 14:40:00,F0653,25.74,31.42,65.31,21.96,19094,31.12
2026-01-12 14:45:00,F0121,34.67,33.81,63.59,27.9,92771,81.19
2026-01-12 14:50:00,F0559,38.74,74.38,48.21,24.36,27992,34.95
2026-01-12 14:55:00,F0063,36.3,56.14,27.21,36.41,89626,91.71
2026-01-12 15:00:00,F0016,29.39,91.33,58.52,19.08,67711,87.14
2026-01-12 15:05:00,F0083,34.15,66.83,55.24,18.67,16728,64.95
2026-01-12 15:10:00,F0429,34.86,92.78,72.71,32.77,31589,57.09
2026-01-12 15:15:00,F0469,35.7,89.93,55.04,33.91,41365,68.86
2026-01-12 15:20:00,F0176,27.73,48.98,17.27,31.51,78510,62.84
2026-01-12 15:25:00,F0977,33.96,93.21,21.53,32.73,43838,44.2
2026-01-12 15:30:00,F0656,32.44,31.25,36.17,32.83,81018,98.27
2026-01-12 15:35:00,F0461,18.64,54.72,28.47,29.19,71596,55.14
2026-01-12 15:40:00,F0003,26.83,94.76,54.79,37.05,36593,38.56
2026-01-12 15:45:00,F0935,30.3,80.43,64.4,20.64,8117,75.79
2026-01-12 15:50:00,F0802,38.92,74.09,70.53,25.72,71618,28.93
2026-01-12 15:55:00,F0483,30.05,90.28,43.98,23.67,85003,41.69
2026-01-12 16:00:00,F0228,34.27,52.34,63.39,28.34,7790,28.24
2026-01-12 16:05:00,F0667,38.42,87.36,58.57,31.62,19601,92.1
2026-01-12 16:10:00,F0670,30.26,51.36,29.98,25.32,7079,29.16
2026-01-12 16:15:00,F0056,40.49,93.53,45.92,21.86,59493,90.39
2026-01-12 16:20:00,F0209,18.75,70.89,17.36,29.73,9597,56.34
2026-01-12 16:25:00,F0412,21.61,40.76,85.94,27.66,86364,89.61
2026-01-12 16:30:00,F0304,37.99,84.76,39.47,36.77,87574,88.05
2026-01-12 16:35:00,F0469,21.54,63.0,58.46,22.79,75048,34.71
2026-01-12 16:40:00,F0663,29.21,47.91,20.64,27.42,56441,94.96
2026-01-12 16:45:00,F0702,20.7,68.99,82.08,34.75,23477,83.98
2026-01-12 16:50:00,F0416,27.41,31.01,17.48,18.07,3194,39.21
2026-01-12 16:55:00,F0123,28.95,71.31,75.33,37.87,56217,35.57
2026-01-12 17:00:00,F0923,39.18,48.24,31.38,33.47,51002,70.42
2026-01-12 17:05:00,F0189,33.41,51.71,54.14,33.89,64511,92.0
2026-01-12 17:10:00,F0084,22.29,77.83,37.14,30.22,87212,31.41
2026-01-12 17:15:00,F0167,33.78,54.31,45.59,15.43,12799,95.1
2026-01-12 17:20:00,F0160,40.96,59.8,33.65,19.2,35899,65.59
2026-01-12 17:25:00,F0415,37.75,90.24,19.41,29.03,86069,80.88
2026-01-12 17:30:00,F0001,21.16,79.02,33.17,22.32,91401,44.67
2026-01-12 17:35:00,F0361,26.52,75.4,46.87,26.53,11375,75.99
2026-01-12 17:40:00,F0835,28.55,53.87,85.62,30.63,32859,89.9
2026-01-12 17:45:00,F0847,34.84,84.63,82.41,27.58,16578,48.18
2026-01-12 17:50:00,F0735,31.68,94.88,33.66,23.5,94362,52.01
2026-01-12 17:55:00,F0156,41.98,92.45,32.31,15.88,53852,84.54
2026-01-12 18:00:00,F0619,36.61,93.06,45.58,28.46,17953,49.83
2026-01-12 18:05:00,F0318,31.61,61.5,83.35,35.41,23830,30.79
2026-01-12 18:10:00,F0052,40.83,42.09,54.33,19.24,54835,65.09
2026-01-12 18:15:00,F0132,18.27,57.1,20.45,25.44,75605,66.67
2026-01-12 18:20:00,F0182,22.54,52.41,60.77,28.57,79750,72.58
2026-01-12 18:25:00,F0159,32.11,77.92,74.33,31.88,33499,37.23
2026-01-12 18:30:00,F0770,31.27,61.03,87.94,27.79,61816,76.81
2026-01-12 18:35:00,F0462,32.66,54.19,73.57,15.28,16914,39.76
2026-01-12 18:40:00,F0538,22.14,64.01,80.02,20.78,80692,85.05
2026-01-12 18:45:00,F0098,25.86,69.2,70.95,37.45,79576,26.77
2026-01-12 18:50:00,F0130,27.66,31.91,82.26,21.66,7510,72.19
2026-01-12 18:55:00,F0675,34.76,90.45,26.01,29.19,98909,95.51
2026-01-12 19:00:00,F0980,37.02,78.18,64.6,34.62,38256,78.49
2026-01-12 19:05:00,F0578,19.7,49.53,16.25,26.88,76354,59.66
2026-01-12 19:10:00,F0156,39.63,84.84,50.26,15.76,81333,63.21
2026-01-12 19:15:00,F0660,25.85,73.64,37.28,32.07,88441,95.19
2026-01-12 19:20:00,F0139,25.12,30.74,61.58,31.32,20835,24.45
2026-01-12 19:25:00,F0188,23.6,84.06,17.32,36.45,56918,54.25
2026-01-12 19:30:00,F0966,37.21,70.46,34.58,35.83,53517,30.01
2026-01-12 19:35:00,F0961,31.64,93.49,73.26,36.19,5450,71.92
2026-01-12 19:40:00,F0878,26.88,64.71,80.95,16.96,87360,49.16
2026-01-12 19:45:00,F0644,40.45,59.16,45.64,17.31,69969,54.45
2026-01-12 19:50:00,F0342,41.48,39.94,72.34,36.05,85142,97.09
2026-01-12 19:55:00,F0298,38.39,30.44,33.59,36.61,65323,40.61
2026-01-12 20:00:00,F0728,21.92,44.66,20.44,19.47,87569,69.49
2026-01-12 20:05:00,F0871,27.71,30.83,52.22,26.4,85195,33.56
2026-01-12 20:10:00,F0509,41.77,52.72,31.93,16.98,76444,80.94
2026-01-12 20:15:00,F0184,41.18,39.53,40.01,29.31,77523,67.81
2026-01-12 20:20:00,F0073,32.18,63.52,29.5,25.57,25887,43.86
2026-01-12 20:25:00,F0189,37.45,85.37,38.29,34.47,38566,64.0
2026-01-12 20:30:00,F0001,36.71,62.07,16.93,32.25,71063,53.28
2026-01-12 20:35:00,F0132,36.59,50.49,19.93,37.28,1673,75.35
2026-01-12 20:40:00,F0482,27.92,34.95,71.78,16.64,62763,70.39
2026-01-12 20:45:00,F0941,34.51,85.47,88.12,17.07,92105,39.11
2026-01-12 20:50:00,F0674,22.0,64.98,41.03,21.16,51269,35.41
2026-01-12 20:55:00,F0262,18.89,82.91,56.88,23.14,1190,47.55
2026-01-12 21:00:00,F0558,35.81,77.38,75.58,22.38,60230,40.85
2026-01-12 21:05:00,F0736,37.22,55.51,42.43,28.85,16331,93.75
2026-01-12 21:10:00,F0049,33.52,83.38,15.2,21.56,78048,39.67
2026-01-12 21:15:00,F0849,37.23,76.59,38.92,22.17,71723,42.1
2026-01-12 21:20:00,F0019,41.87,46.16,84.23,31.37,20609,34.26
2026-01-12 21:25:00,F0824,30.95,74.26,59.14,24.05,22013,81.37
2026-01-12 21:30:00,F0757,35.55,45.51,42.88,33.88,73703,51.95
2026-01-12 21:35:00,F0972,24.69,93.19,70.78,30.18,71015,63.24
2026-01-12 21:40:00,F0156,27.4,40.23,67.34,17.08,51087,42.6
2026-01-12 21:45:00,F0448,35.02,43.43,30.28,20.44,95481,53.4
2026-01-12 21:50:00,F0205,19.33,42.34,88.91,21.9,3708,60.25
2026-01-12 21:55:00,F0520,39.6,79.54,78.03,26.21,67268,77.59
2026-01-12 22:00:00,F0620,31.4,94.51,18.19,18.87,90063,77.25
2026-01-12 22:05:00,F0614,34.78,36.02,77.93,33.91,83470,90.86
2026-01-12 22:10:00,F0289,38.78,35.13,29.98,34.69,20039,84.86
2026-01-12 22:15:00,F0388,20.41,51.79,35.68,22.79,7166,47.43
2026-01-12 22:20:00,F0820,27.58,42.12,23.95,28.66,53858,22.59
2026-01-12 22:25:00,F0466,37.17,73.7,26.92,15.42,30607,68.05
2026-01-12 22:30:00,F0482,34.27,60.94,86.4,23.36,37505,43.7
2026-01-12 22:35:00,F0744,34.76,81.35,79.77,30.61,89986,81.81
2026-01-12 22:40:00,F0941,33.37,42.78,48.28,16.46,52170,79.67
2026-01-12 22:45:00,F0843,32.82,52.03,33.29,21.26,64690,84.31
2026-01-12 22:50:00,F0418,21.17,56.48,33.61,31.17,76526,50.07
2026-01-12 22:55:00,F0003,26.72,93.45,25.34,23.84,97975,62.77
2026-01-12 23:00:00,F0017,21.11,61.6,56.66,25.31,29322,92.55
2026-01-12 23:05:00,F0530,27.63,51.49,75.95,24.05,6443,51.7
2026-01-12 23:10:00,F0245,28.42,30.54,18.3,31.81,85026,27.02
2026-01-12 23:15:00,F0649,28.29,84.43,61.79,28.52,2435,88.77
2026-01-12 23:20:00,F0601,19.05,37.69,27.37,33.53,32097,71.13
2026-01-12 23:25:00,F0147,26.76,31.51,34.67,18.64,27218,81.39
2026-01-12 23:30:00,F0472,36.17,66.95,67.21,23.43,15694,65.96
2026-01-12 23:35:00,F0845,22.48,55.51,18.72,31.48,57411,23.44
2026-01-12 23:40:00,F0884,41.21,52.67,76.1,26.34,39702,72.93
2026-01-12 23:45:00,F0264,37.47,93.8,59.29,18.15,42814,42.87
2026-01-12 23:50:00,F0571,41.1,48.3,36.4,22.58,68344,27.25
2026-01-12 23:55:00,F0571,18.39,66.47,68.88,28.69,46594,70.34
2026-01-13 00:00:00,F0543,23.07,87.61,78.4,32.53,53184,98.43
2026-01-13 00:05:00,F0161,38.81,68.81,66.44,18.44,65660,69.32
2026-01-13 00:10:00,F0054,25.56,56.48,15.91,37.3,54528,28.2
2026-01-13 00:15:00,F0431,38.17,50.12,46.73,25.3,39840,55.91
2026-01-13 00:20:00,F0656,21.7,57.4,84.11,15.37,26787,48.27
2026-01-13 00:25:00,F0065,26.78,53.74,20.33,36.96,90246,20.35
2026-01-13 00:30:00,F0452,23.53,77.18,86.33,24.73,13306,45.28
2026-01-13 00:35:00,F0056,26.32,58.6,19.64,17.97,34509,44.18
2026-01-13 00:40:00,F0215,23.89,51.22,48.18,21.1,94015,50.03
2026-01-13 00:45:00,F0271,35.57,53.75,22.28,33.67,92015,95.12
2026-01-13 00:50:00,F0940,29.22,33.54,69.2,17.83,97382,26.4
2026-01-13 00:55:00,F0659,40.38,71.42,54.86,25.0,98464,94.94
2026-01-13 01:00:00,F0868,35.24,67.75,47.23,23.93,17129,64.3
2026-01-13 01:05:00,F0200,39.15,76.38,52.12,29.43,74343,56.8
2026-01-13 01:10:00,F0561,40.92,54.33,50.15,32.76,32835,99.51
2026-01-13 01:15:00,F0711,29.48,60.81,69.83,27.47,33028,88.44
2026-01-13 01:20:00,F0826,33.42,66.64,27.3,28.88,57686,59.11
2026-01-13 01:25:00,F0223,22.55,83.13,66.77,28.89,63791,37.02
2026-01-13 01:30:00,F0699,21.2,66.76,79.55,21.65,6232,34.88
2026-01-13 01:35:00,F0575,40.12,50.94,72.23,33.76,61317,50.08
2026-01-13 01:40:00,F0881,32.25,42.14,27.4,25.89,32032,69.76
2026-01-13 01:45:00,F0727,21.83,76.86,80.06,29.99,7125,30.93
2026-01-13 01:50:00,F0703,22.38,67.39,33.85,37.81,9553,53.86
2026-01-13 01:55:00,F0194,23.47,81.89,53.72,21.75,28842,96.92
2026-01-13 02:00:00,F0507,33.84,69.3,54.4,35.46,2191,83.98
2026-01-13 02:05:00,F0495,25.95,50.87,21.31,34.38,91445,47.37
2026-01-13 02:10:00,F0919,27.34,89.46,48.19,25.04,91403,68.75
2026-01-13 02:15:00,F0072,22.84,92.36,24.32,15.09,52556,83.09
2026-01-13 02:20:00,F0252,23.12,40.06,73.01,24.95,82974,77.98
2026-01-13 02:25:00,F0155,39.93,62.03,50.06,20.02,10887,53.13
2026-01-13 02:30:00,F0744,30.15,92.41,86.62,24.24,40156,78.41
2026-01-13 02:35:00,F0029,40.21,58.79,30.55,23.31,32200,50.28
2026-01-13 02:40:00,F0036,26.04,50.36,61.79,33.31,18730,70.41
2026-01-13 02:45:00,F0087,35.47,32.44,50.47,31.29,96410,24.29
2026-01-13 02:50:00,F0920,29.91,31.2,63.6,24.99,49080,60.51
2026-01-13 02:55:00,F0439,28.88,38.95,57.69,15.06,57321,86.43
2026-01-13 03:00:00,F0015,38.23,45.93,45.36,33.51,87816,98.57
2026-01-13 03:05:00,F0650,38.33,82.62,45.27,36.97,35389,95.67
2026-01-13 03:10:00,F0747,19.7,67.29,35.04,28.69,85631,66.9
2026-01-13 03:15:00,F0107,30.55,44.14,59.03,32.71,90049,58.75
2026-01-13 03:20:00,F0589,38.13,76.02,78.16,28.76,11143,40.61
2026-01-13 03:25:00,F0936,34.95,57.77,59.2,29.27,42286,85.11
2026-01-13 03:30:00,F0015,38.8,68.82,75.03,19.77,55649,82.01
2026-01-13 03:35:00,F0447,25.12,38.29,70.9,37.43,34719,91.46
2026-01-13 03:40:00,F0104,21.14,40.2,56.1,31.19,70948,84.45
2026-01-13 03:45:00,F0077,33.85,89.16,39.72,21.63,45490,38.24
2026-01-13 03:50:00,F0017,18.1,34.76,66.38,25.05,92620,99.02
2026-01-13 03:55:00,F0897,21.92,89.13,76.25,37.36,93169,93.23
2026-01-13 04:00:00,F0962,29.94,41.22,81.71,29.65,45696,51.82
2026-01-13 04:05:00,F0473,35.92,75.25,19.82,26.81,66691,62.11
2026-01-13 04:10:00,F0931,41.16,43.33,54.44,27.56,64318,24.62
2026-01-13 04:15:00,F0674,31.12,85.11,20.05,27.01,51386,75.8
2026-01-13 04:20:00,F0749,22.8,77.02,58.17,23.51,41101,57.4
2026-01-13 04:25:00,F0589,32.39,93.21,87.64,24.0,99702,74.36
2026-01-13 04:30:00,F0528,28.28,58.85,35.2,32.83,51701,35.42
2026-01-13 04:35:00,F0695,31.0,93.12,79.22,34.74,59297,32.33
2026-01-13 04:40:00,F0405,37.3,33.3,55.73,28.2,19442,53.37
2026-01-13 04:45:00,F0394,27.62,30.48,46.4,23.2,42766,78.6
2026-01-13 04:50:00,F0701,30.16,91.82,39.79,30.31,69516,95.76
2026-01-13 04:55:00,F0331,25.87,79.31,81.64,23.1,23563,40.38
2026-01-13 05:00:00,F0442,24.59,30.45,43.98,25.27,69291,82.95
2026-01-13 05:05:00,F0425,37.4,85.63,36.84,16.32,10344,53.18
2026-01-13 05:10:00,F0362,24.13,36.92,28.13,20.9,40654,40.8
2026-01-13 05:15:00,F0789,30.3,69.76,84.97,15.11,27439,36.13
2026-01-13 05:20:00,F0417,39.89,94.88,16.27,32.84,42717,85.65
2026-01-13 05:25:00,F0889,19.01,34.13,16.49,20.64,26426,23.65
2026-01-13 05:30:00,F0638,25.16,90.88,26.54,19.88,85277,52.9
2026-01-13 05:35:00,F0178,19.09,75.09,69.85,27.43,97453,62.77
2026-01-13 05:40:00,F0032,41.59,80.5,35.85,16.59,36273,73.44
2026-01-13 05:45:00,F0013,32.01,58.16,19.97,28.97,79168,58.78
2026-01-13 05:50:00,F0865,40.06,88.2,80.82,18.1,36748,46.93
2026-01-13 05:55:00,F0157,31.33,37.12,42.19,29.02,70026,21.05
2026-01-13 06:00:00,F0326,39.94,60.16,41.55,32.71,99538,75.3
2026-01-13 06:05:00,F0307,41.71,93.29,16.06,22.4,84914,71.13
2026-01-13 06:10:00,F0229,31.75,73.99,81.62,28.44,83304,80.9
2026-01-13 06:15:00,F0047,21.37,93.87,15.08,31.5,33895,41.62
2026-01-13 06:20:00,F0667,38.93,85.68,75.11,37.3,47369,92.91
2026-01-13 06:25:00,F0615,41.4,39.09,54.04,29.04,3301,57.49
2026-01-13 06:30:00,F0865,25.49,32.66,22.23,32.11,88161,56.79
2026-01-13 06:35:00,F0293,30.78,59.92,60.72,36.98,15900,72.5
2026-01-13 06:40:00,F0069,30.32,57.65,35.05,35.91,69508,77.73
2026-01-13 06:45:00,F0207,18.09,63.93,69.29,34.3,42943,82.94
2026-01-13 06:50:00,F0533,38.97,75.26,75.45,21.36,75783,53.62
2026-01-13 06:55:00,F0251,33.52,44.29,87.83,24.88,97577,71.43
2026-01-13 07:00:00,F0740,31.17,76.57,71.76,18.81,56048,87.09
2026-01-13 07:05:00,F0300,40.27,43.64,78.7,25.2,92723,20.2
2026-01-13 07:10:00,F0413,22.36,68.37,64.29,29.77,90310,26.92
2026-01-13 07:15:00,F0095,41.56,64.43,82.01,32.58,62438,63.27
2026-01-13 07:20:00,F0154,25.08,39.53,43.61,23.32,45549,65.05
2026-01-13 07:25:00,F0425,32.95,68.59,16.76,24.67,21022,38.85
2026-01-13 07:30:00,F0472,35.4,44.3,50.53,25.36,66875,95.67
2026-01-13 07:35:00,F0028,41.54,87.45,32.1,30.62,76131,24.53
2026-01-13 07:40:00,F0726,37.5,79.59,47.13,33.95,94646,63.37
2026-01-13 07:45:00,F0654,28.75,73.62,56.41,33.63,59540,66.47
2026-01-13 07:50:00,F0721,24.23,70.76,48.39,26.42,42140,36.2
2026-01-13 07:55:00,F0538,19.86,83.21,79.87,27.44,90848,23.18
2026-01-13 08:00:00,F0464,35.97,60.08,19.97,28.41,42996,59.53
2026-01-13 08:05:00,F0060,31.39,49.66,53.24,29.0,94350,70.18
2026-01-13 08:10:00,F0172,27.72,65.75,52.91,27.66,59103,52.88
2026-01-13 08:15:00,F0538,18.55,40.11,16.27,26.02,11390,32.08
2026-01-13 08:20:00,F0608,27.58,37.07,23.59,29.53,88543,68.21
2026-01-13 08:25:00,F0648,38.39,77.98,56.04,33.57,14076,32.37
2026-01-13 08:30:00,F0581,33.53,65.1,63.27,34.49,13883,60.86
2026-01-13 08:35:00,F0138,37.57,31.73,77.06,15.16,53663,51.04
2026-01-13 08:40:00,F0779,38.4,68.74,80.48,16.08,77826,30.56
2026-01-13 08:45:00,F0493,36.7,68.32,25.8,27.73,31273,37.91
2026-01-13 08:50:00,F0928,34.95,73.08,78.72,30.21,80622,92.17
2026-01-13 08:55:00,F0944,19.11,76.4,18.32,26.29,61324,60.88
2026-01-13 09:00:00,F0424,38.69,80.89,79.88,37.92,26035,47.07
2026-01-13 09:05:00,F0708,28.71,82.02,48.17,32.01,23388,87.19
2026-01-13 09:10:00,F0674,39.57,44.17,39.22,22.83,6597,74.51
2026-01-13 09:15:00,F0787,25.64,73.95,17.46,17.92,13270,61.98
2026-01-13 09:20:00,F0633,32.48,87.02,31.7,21.3,37720,41.07
2026-01-13 09:25:00,F0319,26.82,63.09,30.69,37.35,41811,25.11
2026-01-13 09:30:00,F0910,29.6,33.34,83.98,17.36,20973,94.9
2026-01-13 09:35:00,F0664,37.04,85.3,29.88,27.32,59191,29.11
2026-01-13 09:40:00,F0643,36.0,83.24,73.23,28.84,98472,23.0
2026-01-13 09:45:00,F0655,28.51,86.73,61.34,27.37,19628,38.57
2026-01-13 09:50:00,F0997,25.26,80.57,35.03,24.81,39262,41.07
2026-01-13 09:55:00,F1000,29.35,82.66,16.86,32.51,31395,85.55
2026-01-13 10:00:00,F0434,35.42,57.77,37.36,15.5,57623,37.43
2026-01-13 10:05:00,F0138,32.72,61.18,71.88,26.64,28303,89.49
2026-01-13 10:10:00,F0364,31.98,62.38,48.98,36.09,79829,92.8
2026-01-13 10:15:00,F0686,21.54,58.55,22.83,24.05,74342,81.92
2026-01-13 10:20:00,F0214,35.06,38.89,77.24,22.62,49272,93.74
2026-01-13 10:25:00,F0678,25.3,40.64,76.62,20.21,40332,27.24
2026-01-13 10:30:00,F0876,41.82,54.24,56.25,29.42,34330,63.0
2026-01-13 10:35:00,F0598,28.39,55.29,86.01,35.94,40307,43.33
2026-01-13 10:40:00,F0394,38.32,76.09,44.16,31.72,46269,79.44
2026-01-13 10:45:00,F0587,26.56,48.42,21.17,29.42,36092,79.26
2026-01-13 10:50:00,F0946,40.3,37.47,19.77,15.07,2720,95.86
2026-01-13 10:55:00,F0920,21.97,63.39,22.05,27.98,10411,71.64
2026-01-13 11:00:00,F0966,24.88,94.9,32.09,32.55,36842,73.41
2026-01-13 11:05:00,F0396,34.78,33.81,59.31,33.8,27659,75.52
2026-01-13 11:10:00,F0831,28.79,31.68,89.72,28.6,95236,88.75
2026-01-13 11:15:00,F0549,27.72,73.19,89.77,37.34,4758,84.95
2026-01-13 11:20:00,F0435,41.08,71.24,87.69,32.23,76384,78.08
2026-01-13 11:25:00,F0600,27.23,83.25,23.74,35.49,55475,50.17
2026-01-13 11:30:00,F0471,20.95,78.51,89.25,24.52,11218,20.12
2026-01-13 11:35:00,F0321,35.92,89.49,35.84,33.66,5203,30.75
2026-01-13 11:40:00,F0870,38.12,38.69,67.42,20.06,81441,67.07
2026-01-13 11:45:00,F0041,19.74,94.26,69.39,37.35,73578,37.66
2026-01-13 11:50:00,F0432,29.72,70.12,16.21,25.91,60289,69.14
2026-01-13 11:55:00,F0336,21.59,49.79,76.07,17.77,39504,22.15
2026-01-13 12:00:00,F0169,23.07,80.5,41.28,25.53,52832,92.64
2026-01-13 12:05:00,F0445,39.16,39.11,75.68,33.71,15423,63.97
2026-01-13 12:10:00,F0253,29.75,38.34,31.36,28.06,99361,48.54
2026-01-13 12:15:00,F0927,33.43,88.09,62.53,23.19,21702,71.15
2026-01-13 12:20:00,F0498,34.45,54.42,81.06,33.67,40142,68.63
2026-01-13 12:25:00,F0027,23.19,85.79,74.46,33.73,43385,20.2
2026-01-13 12:30:00,F0184,35.83,51.74,19.77,31.61,28300,86.54
2026-01-13 12:35:00,F0801,41.25,80.67,84.4,20.88,73001,51.95
2026-01-13 12:40:00,F0145,22.33,89.19,32.15,15.02,62449,80.4
2026-01-13 12:45:00,F0980,23.6,46.42,42.09,23.69,97853,75.66
2026-01-13 12:50:00,F0383,34.48,49.01,77.21,18.42,13162,29.16
2026-01-13 12:55:00,F0714,36.76,59.77,53.78,28.56,42525,37.09
2026-01-13 13:00:00,F0138,39.0,30.53,16.05,22.41,32963,55.26
2026-01-13 13:05:00,F0667,28.45,36.16,29.57,31.06,50017,60.16
2026-01-13 13:10:00,F0062,20.4,75.29,51.03,20.59,41897,36.49
2026-01-13 13:15:00,F0087,25.79,90.99,33.76,24.96,71105,53.0
2026-01-13 13:20:00,F0647,20.49,82.01,51.44,27.62,72931,56.49
2026-01-13 13:25:00,F0047,32.76,56.35,54.34,24.73,17891,46.45
2026-01-13 13:30:00,F0466,38.13,56.43,56.09,34.27,19715,89.1
2026-01-13 13:35:00,F0842,31.88,42.86,84.34,31.59,49796,95.37
2026-01-13 13:40:00,F0184,34.96,42.75,45.32,16.21,26590,24.34
2026-01-13 13:45:00,F0982,30.05,86.83,88.26,30.9,44927,92.8
2026-01-13 13:50:00,F0020,34.21,89.51,25.36,21.63,13527,27.67
2026-01-13 13:55:00,F0808,21.68,56.24,51.03,17.37,10881,40.49
2026-01-13 14:00:00,F0757,32.13,39.21,22.16,34.78,56628,91.43
2026-01-13 14:05:00,F0211,38.37,63.75,24.65,34.62,37421,22.99
2026-01-13 14:10:00,F0328,23.57,93.53,24.79,30.29,7185,49.8
2026-01-13 14:15:00,F0144,33.72,36.21,64.74,29.12,7076,88.03
2026-01-13 14:20:00,F0117,36.2,46.64,38.01,20.14,14242,35.4
2026-01-13 14:25:00,F0658,22.18,41.8,43.41,37.38,29138,32.67
2026-01-13 14:30:00,F0751,32.34,51.81,79.49,30.62,44680,30.1
2026-01-13 14:35:00,F0312,22.46,55.98,72.94,21.85,59027,54.26
2026-01-13 14:40:00,F0006,22.16,67.94,47.25,19.45,23789,79.63
2026-01-13 14:45:00,F0748,37.45,91.8,33.56,32.26,84447,73.6
2026-01-13 14:50:00,F0641,39.72,83.36,35.75,28.18,84489,70.01
2026-01-13 14:55:00,F0182,32.92,83.97,41.72,34.2,13073,46.77
2026-01-13 15:00:00,F0182,41.93,93.82,45.32,33.72,74756,87.77
2026-01-13 15:05:00,F0274,29.71,88.32,87.03,23.5,33281,89.79
2026-01-13 15:10:00,F0524,19.45,89.55,46.24,17.42,62961,82.62
2026-01-13 15:15:00,F0379,23.26,56.28,58.62,23.53,38819,90.25
2026-01-13 15:20:00,F0797,41.82,47.6,72.35,24.99,42652,73.35
2026-01-13 15:25:00,F0347,23.0,67.74,66.7,36.3,17683,80.95
2026-01-13 15:30:00,F0902,36.38,65.84,40.43,20.75,38963,36.2
2026-01-13 15:35:00,F0933,34.97,94.34,52.04,28.62,40034,28.26
2026-01-13 15:40:00,F0487,19.96,71.66,79.76,31.05,55833,96.07
2026-01-13 15:45:00,F0763,33.01,90.53,39.3,19.89,87422,42.93
2026-01-13 15:50:00,F0562,25.88,78.69,33.48,28.29,55127,82.78
2026-01-13 15:55:00,F0403,35.54,39.56,57.41,28.58,31980,69.27
2026-01-13 16:00:00,F0771,39.35,65.51,64.3,24.55,47463,88.84
2026-01-13 16:05:00,F0690,40.71,35.41,44.52,32.98,86954,35.74
2026-01-13 16:10:00,F0473,20.12,45.91,52.28,19.79,18144,50.36
2026-01-13 16:15:00,F0483,34.59,80.38,73.0,36.69,36896,62.9
2026-01-13 16:20:00,F0434,37.55,92.33,82.79,15.44,19341,50.93
2026-01-13 16:25:00,F0282,31.77,37.66,88.44,37.52,53197,82.7
2026-01-13 16:30:00,F0607,36.44,80.89,48.15,19.23,85206,42.24
2026-01-13 16:35:00,F0148,35.97,94.45,62.46,23.94,93082,43.72
2026-01-13 16:40:00,F0769,27.73,89.62,29.34,17.5,19178,79.84
2026-01-13 16:45:00,F0600,38.65,68.26,82.45,15.26,52827,85.65
2026-01-13 16:50:00,F0269,30.14,73.22,89.51,17.53,85152,53.09
2026-01-13 16:55:00,F0933,27.2,48.99,49.51,29.27,60178,99.17
2026-01-13 17:00:00,F0027,27.88,87.79,31.81,22.56,79653,28.88
2026-01-13 17:05:00,F0108,40.94,36.98,41.24,32.79,4609,29.09
2026-01-13 17:10:00,F0795,35.24,66.9,35.41,28.46,99874,26.5
2026-01-13 17:15:00,F0232,23.56,93.18,31.16,36.11,55953,86.66
2026-01-13 17:20:00,F0673,37.2,92.2,35.52,33.28,37889,23.65
2026-01-13 17:25:00,F0577,31.09,74.94,21.65,16.43,10326,89.2
2026-01-13 17:30:00,F0506,32.41,32.45,89.55,35.9,12946,28.3
2026-01-13 17:35:00,F0011,41.41,67.59,68.28,30.25,11883,81.73
2026-01-13 17:40:00,F0049,38.36,72.65,84.2,35.55,6066,32.04
2026-01-13 17:45:00,F0576,37.94,57.12,46.27,17.74,72341,99.94
2026-01-13 17:50:00,F0766,41.16,86.95,60.17,20.67,19924,29.76
2026-01-13 17:55:00,F0866,36.47,46.76,82.15,36.49,40631,64.28
2026-01-13 18:00:00,F0910,21.74,33.89,38.94,16.72,9045,75.63
2026-01-13 18:05:00,F0580,41.62,36.25,77.8,36.35,14066,36.43
2026-01-13 18:10:00,F0557,27.17,35.19,74.04,17.27,92998,90.7
2026-01-13 18:15:00,F0810,29.89,43.21,25.14,31.22,77410,74.55
2026-01-13 18:20:00,F0949,38.34,31.05,25.15,35.84,88688,89.39
2026-01-13 18:25:00,F0166,41.3,63.85,75.23,17.03,13060,29.54
2026-01-13 18:30:00,F0861,30.81,85.32,37.43,18.14,64514,94.71
2026-01-13 18:35:00,F0077,36.54,69.49,87.73,25.96,67856,49.48
2026-01-13 18:40:00,F0390,25.07,57.87,60.39,20.49,11445,23.0
2026-01-13 18:45:00,F0653,29.98,69.95,23.34,37.68,17005,82.6
2026-01-13 18:50:00,F0294,22.06,71.69,23.92,21.53,7276,26.09
2026-01-13 18:55:00,F0244,19.98,51.81,39.86,24.45,87960,54.67
2026-01-13 19:00:00,F0678,22.45,34.32,56.09,33.73,45188,33.38
2026-01-13 19:05:00,F0331,22.21,72.64,70.47,35.55,1264,31.11
2026-01-13 19:10:00,F0373,24.79,76.84,19.88,31.27,77513,63.42
2026-01-13 19:15:00,F0722,32.73,63.84,83.62,23.25,52174,68.36
2026-01-13 19:20:00,F0519,31.69,91.73,31.57,16.34,49397,28.48
2026-01-13 19:25:00,F0644,34.82,52.15,48.86,36.6,53676,36.66
2026-01-13 19:30:00,F0373,36.68,49.26,25.92,37.78,59753,71.05
2026-01-13 19:35:00,F0089,28.94,55.33,25.0,30.03,54096,49.36
2026-01-13 19:40:00,F0266,27.19,30.52,16.69,15.99,39543,88.72
2026-01-13 19:45:00,F0670,40.1,37.23,31.69,37.7,50554,60.74
2026-01-13 19:50:00,F0979,41.06,85.97,34.55,33.11,68102,55.61
2026-01-13 19:55:00,F0828,20.46,30.33,87.63,37.55,54982,52.73
2026-01-13 20:00:00,F0614,19.42,47.68,87.9,32.47,64682,30.85
2026-01-13 20:05:00,F0145,18.18,56.5,29.41,31.56,16953,48.09
2026-01-13 20:10:00,F0812,33.83,39.1,25.71,18.41,23936,64.49
2026-01-13 20:15:00,F0291,18.32,48.05,39.51,18.58,26245,48.63
2026-01-13 20:20:00,F0621,32.19,49.32,15.1,17.12,96196,80.1
2026-01-13 20:25:00,F0275,28.86,82.16,32.11,35.47,14340,76.36
2026-01-13 20:30:00,F0959,23.91,73.36,76.95,36.75,42211,35.54
2026-01-13 20:35:00,F0991,36.71,58.79,25.92,32.62,70548,67.36
2026-01-13 20:40:00,F0946,37.82,81.45,47.75,17.71,92777,94.88
2026-01-13 20:45:00,F0369,40.96,66.17,18.07,32.46,69706,39.22
2026-01-13 20:50:00,F0131,40.24,31.12,20.46,35.58,14412,69.76
2026-01-13 20:55:00,F0932,38.8,91.31,33.19,16.78,44636,89.73
2026-01-13 21:00:00,F0130,36.88,63.19,82.98,36.39,35424,43.03
2026-01-13 21:05:00,F0570,27.84,59.52,69.96,29.46,73168,22.91
2026-01-13 21:10:00,F0088,33.4,73.82,84.48,20.14,51531,37.76
2026-01-13 21:15:00,F0353,29.95,89.33,63.19,37.27,89301,99.63
2026-01-13 21:20:00,F0476,31.4,80.25,65.07,17.24,87593,69.65
2026-01-13 21:25:00,F0927,35.25,46.29,83.83,20.51,95436,52.2
2026-01-13 21:30:00,F0590,18.33,82.93,56.44,37.03,65616,82.74
2026-01-13 21:35:00,F0607,31.73,75.36,16.56,32.47,25454,66.07
2026-01-13 21:40:00,F0755,18.02,57.24,87.36,28.03,7401,75.16
2026-01-13 21:45:00,F0368,39.45,63.79,75.08,24.87,50448,25.33
2026-01-13 21:50:00,F0050,27.32,57.32,33.04,25.4,36830,49.7
2026-01-13 21:55:00,F0916,19.04,55.94,25.79,24.53,30185,53.46
2026-01-13 22:00:00,F0574,19.66,68.2,56.39,18.22,29829,70.8
2026-01-13 22:05:00,F0525,24.73,61.13,44.89,29.12,84905,69.03
2026-01-13 22:10:00,F0408,25.1,49.58,73.04,26.47,24638,45.85
2026-01-13 22:15:00,F0898,37.48,64.55,65.65,20.53,19459,92.08
2026-01-13 22:20:00,F0179,23.1,63.3,72.51,21.3,60555,76.76
2026-01-13 22:25:00,F0316,20.65,51.51,33.5,35.08,79689,28.64
2026-01-13 22:30:00,F0548,26.11,59.8,78.44,28.45,4774,50.73
2026-01-13 22:35:00,F0855,29.98,82.58,16.12,21.38,49355,56.17
2026-01-13 22:40:00,F0245,41.92,43.84,64.29,29.27,45294,74.05
2026-01-13 22:45:00,F0299,26.61,90.51,78.62,22.41,71493,93.73
2026-01-13 22:50:00,F0143,30.61,44.71,35.97,35.97,19326,68.41
2026-01-13 22:55:00,F0402,22.41,87.31,61.29,17.08,21700,27.94
2026-01-13 23:00:00,F0303,40.83,69.02,77.19,15.61,12404,52.58
2026-01-13 23:05:00,F0555,40.26,41.49,23.94,30.74,78377,34.09
2026-01-13 23:10:00,F0416,27.18,43.64,79.38,34.19,52932,37.7
2026-01-13 23:15:00,F0130,37.67,78.85,87.84,17.79,31228,66.91
2026-01-13 23:20:00,F0513,19.08,64.56,85.32,23.24,25241,32.1
2026-01-13 23:25:00,F0429,20.29,68.03,22.97,20.51,32918,36.93
2026-01-13 23:30:00,F0634,23.42,69.27,21.36,16.42,8619,71.69
2026-01-13 23:35:00,F0189,35.01,72.12,47.27,23.67,25144,87.33
2026-01-13 23:40:00,F0386,35.17,74.01,67.5,16.47,97988,49.48
2026-01-13 23:45:00,F0994,32.39,30.16,48.71,37.94,19694,38.15
2026-01-13 23:50:00,F0293,37.05,52.37,75.29,20.0,98373,38.75
2026-01-13 23:55:00,F0986,27.24,70.79,49.91,32.98,10891,42.79
2026-01-14 00:00:00,F0386,24.95,77.7,77.84,25.21,98005,29.46
2026-01-14 00:05:00,F0303,40.68,52.93,65.83,31.08,14685,93.6
2026-01-14 00:10:00,F0687,28.83,62.43,87.69,31.36,45562,24.67
2026-01-14 00:15:00,F0182,33.81,72.13,71.97,16.54,4473,82.7
2026-01-14 00:20:00,F0164,31.29,83.39,63.6,25.97,8201,52.54
2026-01-14 00:25:00,F0076,37.13,70.62,26.69,20.66,89496,29.11
2026-01-14 00:30:00,F0490,33.03,74.18,48.13,23.89,63629,70.61
2026-01-14 00:35:00,F0210,26.05,38.81,29.88,26.18,71667,48.46
2026-01-14 00:40:00,F0160,19.72,38.97,76.41,26.89,38287,71.77
2026-01-14 00:45:00,F0377,27.94,89.25,21.28,21.58,20952,68.5
2026-01-14 00:50:00,F0198,18.52,31.88,70.98,25.43,45125,81.83
2026-01-14 00:55:00,F0252,31.68,64.96,83.09,18.42,32888,76.24
2026-01-14 01:00:00,F0075,22.97,46.88,40.84,30.15,66824,88.12
2026-01-14 01:05:00,F0390,32.7,38.24,50.91,37.18,94533,40.63
2026-01-14 01:10:00,F0503,33.82,43.11,66.23,24.49,75727,25.73
2026-01-14 01:15:00,F0350,39.49,89.76,25.46,17.17,37017,73.38
2026-01-14 01:20:00,F0032,37.55,82.25,27.28,24.84,39382,34.72
2026-01-14 01:25:00,F0456,38.78,86.99,80.36,23.48,19939,59.03
2026-01-14 01:30:00,F0287,25.58,52.45,87.17,35.92,65095,96.01
2026-01-14 01:35:00,F0375,34.14,50.41,71.35,29.11,54835,40.81
2026-01-14 01:40:00,F0452,30.27,68.26,26.98,21.41,76727,43.04
2026-01-14 01:45:00,F0377,37.93,31.41,45.51,18.18,1761,96.69
2026-01-14 01:50:00,F0593,21.11,66.89,39.52,27.28,44752,88.7
2026-01-14 01:55:00,F0147,37.64,33.53,46.63,17.91,59629,90.07
2026-01-14 02:00:00,F0729,29.81,68.82,32.36,22.35,3855,69.11
2026-01-14 02:05:00,F0599,36.66,46.73,80.8,34.93,10561,30.48
2026-01-14 02:10:00,F0113,25.23,86.46,64.26,35.72,25385,31.79
2026-01-14 02:15:00,F0201,25.02,62.07,56.26,34.71,92650,73.45
2026-01-14 02:20:00,F0716,18.15,89.2,87.93,31.63,61770,88.64
2026-01-14 02:25:00,F0141,26.97,86.16,36.85,30.08,61156,21.94
2026-01-14 02:30:00,F0236,33.59,64.43,22.02,25.41,90212,87.27
2026-01-14 02:35:00,F0967,41.64,39.36,33.23,25.23,96831,90.47
2026-01-14 02:40:00,F0711,19.35,66.88,67.74,22.28,95079,93.8
2026-01-14 02:45:00,F0500,27.6,77.44,15.88,19.53,83593,37.58
2026-01-14 02:50:00,F0144,38.37,80.95,75.6,24.81,1569,29.03
2026-01-14 02:55:00,F0142,39.2,83.65,17.03,36.83,7423,91.31
2026-01-14 03:00:00,F0738,34.22,48.99,83.86,17.91,34177,81.86
2026-01-14 03:05:00,F0891,31.04,43.3,71.46,24.73,60160,74.06
2026-01-14 03:10:00,F0391,18.55,81.35,27.48,37.48,71812,68.42
2026-01-14 03:15:00,F0511,35.37,71.48,67.3,23.77,44983,71.21
2026-01-14 03:20:00,F0260,32.56,48.59,47.61,36.07,18443,21.92
2026-01-14 03:25:00,F0380,40.01,48.2,68.64,16.2,25614,31.65
2026-01-14 03:30:00,F0637,26.87,86.37,83.11,36.4,50047,23.99
2026-01-14 03:35:00,F0669,41.26,86.85,20.81,35.68,39243,51.32
2026-01-14 03:40:00,F0487,26.28,88.48,68.65,35.58,85185,24.8
2026-01-14 03:45:00,F0899,19.17,91.86,70.03,28.27,96453,78.82
2026-01-14 03:50:00,F0293,24.13,34.43,36.14,21.25,9372,47.89
2026-01-14 03:55:00,F0395,39.45,52.1,66.53,34.17,26025,61.8
2026-01-14 04:00:00,F0671,20.47,63.48,31.29,22.14,42906,48.18
2026-01-14 04:05:00,F0052,22.73,70.59,15.9,36.21,68675,94.51
2026-01-14 04:10:00,F0391,24.76,37.15,78.06,25.37,35375,22.89
2026-01-14 04:15:00,F0986,40.25,32.42,81.64,33.18,87121,28.22
2026-01-14 04:20:00,F0919,32.55,75.1,63.44,19.7,92976,28.23
2026-01-14 04:25:00,F0096,20.56,63.54,44.19,37.56,68811,98.22
2026-01-14 04:30:00,F0116,20.04,67.13,77.0,23.86,47694,66.33
2026-01-14 04:35:00,F0730,30.51,73.16,26.99,16.51,6463,77.55
2026-01-14 04:40:00,F0886,18.67,93.03,55.22,23.62,34499,48.52
2026-01-14 04:45:00,F0553,19.61,52.61,39.54,31.23,72490,49.57
2026-01-14 04:50:00,F0374,40.84,94.18,58.39,28.65,67739,33.05
2026-01-14 04:55:00,F0164,27.31,72.86,22.07,35.82,92802,58.56
2026-01-14 05:00:00,F0573,19.04,74.29,55.46,21.16,56747,54.22
2026-01-14 05:05:00,F0497,32.51,43.52,76.11,32.86,1846,32.13
2026-01-14 05:10:00,F0528,26.18,40.24,76.93,19.11,99821,50.74
2026-01-14 05:15:00,F0607,31.44,72.08,34.13,16.6,49624,84.88
2026-01-14 05:20:00,F0728,19.47,50.8,80.61,23.52,40298,54.12
2026-01-14 05:25:00,F0992,23.73,82.25,50.03,19.38,2003,62.81
2026-01-14 05:30:00,F0578,40.17,38.13,69.15,15.18,60857,81.24
2026-01-14 05:35:00,F0230,31.33,76.48,27.52,26.13,63274,57.53
2026-01-14 05:40:00,F0942,35.93,79.12,24.07,32.48,39337,31.22
2026-01-14 05:45:00,F0132,34.64,61.25,52.8,23.97,1143,82.42
2026-01-14 05:50:00,F0063,18.21,88.98,25.98,16.11,19554,77.31
2026-01-14 05:55:00,F0286,21.38,49.19,36.77,19.98,89841,97.14
2026-01-14 06:00:00,F0358,35.73,61.42,76.62,30.23,62558,27.51
2026-01-14 06:05:00,F0634,38.02,80.94,82.75,36.5,89847,66.37
2026-01-14 06:10:00,F0647,29.39,54.45,68.23,24.99,53266,52.21
2026-01-14 06:15:00,F0467,27.76,32.64,60.7,30.67,69683,88.38
2026-01-14 06:20:00,F0200,24.9,47.29,16.31,31.41,20967,32.92
2026-01-14 06:25:00,F0844,38.15,91.42,88.98,23.74,94407,49.16
2026-01-14 06:30:00,F0800,29.01,43.02,67.09,17.93,12566,66.36
2026-01-14 06:35:00,F0779,24.2,93.96,67.76,25.55,48427,75.46
2026-01-14 06:40:00,F0490,34.12,57.39,72.17,22.7,84956,66.94
2026-01-14 06:45:00,F0085,39.79,51.37,70.89,17.21,10075,51.76
2026-01-14 06:50:00,F0849,39.83,57.24,17.3,15.75,53602,47.89
2026-01-14 06:55:00,F0586,35.23,73.51,78.35,35.92,79364,56.46
2026-01-14 07:00:00,F0570,40.04,43.22,38.9,26.67,94550,36.56
2026-01-14 07:05:00,F0504,39.47,69.01,23.08,28.12,62865,65.61
2026-01-14 07:10:00,F0838,24.05,45.76,82.22,26.62,55154,98.8
2026-01-14 07:15:00,F0397,38.47,74.12,33.0,18.58,28219,27.33
2026-01-14 07:20:00,F0973,29.88,39.02,64.3,24.74,20169,82.29
2026-01-14 07:25:00,F0146,25.45,65.02,34.79,35.45,22816,99.08
2026-01-14 07:30:00,F0511,34.08,48.86,17.95,15.79,97290,74.02
2026-01-14 07:35:00,F0145,18.5,55.42,18.72,22.0,98816,50.16
2026-01-14 07:40:00,F0018,25.67,68.3,56.96,22.77,28324,85.91
2026-01-14 07:45:00,F0508,39.06,56.04,63.88,31.78,85536,75.69
2026-01-14 07:50:00,F0203,41.72,50.82,46.56,30.08,29451,50.51
2026-01-14 07:55:00,F0730,36.3,88.29,75.89,17.06,8630,24.55
2026-01-14 08:00:00,F0039,32.14,64.21,59.64,20.4,73488,55.47
2026-01-14 08:05:00,F0117,35.45,82.62,38.23,33.95,6879,33.88
2026-01-14 08:10:00,F0660,41.58,44.99,67.43,21.41,44922,63.5
2026-01-14 08:15:00,F0966,32.4,41.68,66.22,29.3,31161,23.95
2026-01-14 08:20:00,F0269,34.95,71.17,46.29,17.04,55720,51.51
2026-01-14 08:25:00,F0547,39.99,31.61,74.17,16.89,18970,73.95
2026-01-14 08:30:00,F0440,30.48,52.67,88.81,32.5,40727,82.38
2026-01-14 08:35:00,F0916,34.74,46.67,49.35,15.09,46545,92.91
2026-01-14 08:40:00,F0226,19.77,83.83,89.84,15.84,46724,74.47
2026-01-14 08:45:00,F0970,23.09,80.68,33.34,34.83,57708,59.78
2026-01-14 08:50:00,F0208,32.51,70.22,36.77,18.21,74098,66.76
2026-01-14 08:55:00,F0128,35.93,39.1,46.66,20.35,54502,78.68
2026-01-14 09:00:00,F0365,33.54,79.24,22.79,33.68,56986,58.31
2026-01-14 09:05:00,F0888,20.36,62.19,44.86,35.65,87271,62.46
2026-01-14 09:10:00,F0830,41.0,56.6,32.71,27.53,88136,73.34
2026-01-14 09:15:00,F0026,20.11,72.56,80.93,32.99,22163,56.79
2026-01-14 09:20:00,F0412,22.13,40.33,46.88,25.0,68465,86.46
2026-01-14 09:25:00,F0528,18.27,75.45,29.6,29.8,12223,95.97
2026-01-14 09:30:00,F0837,25.8,42.17,83.76,28.85,94601,63.02
2026-01-14 09:35:00,F0624,18.02,48.94,58.78,33.59,75134,62.84
2026-01-14 09:40:00,F0139,25.76,70.46,51.02,18.5,43299,97.96
2026-01-14 09:45:00,F0857,29.9,49.27,56.18,19.32,74012,49.55
2026-01-14 09:50:00,F0760,30.77,50.61,84.32,36.12,39129,29.98
2026-01-14 09:55:00,F0452,20.62,91.57,44.06,26.11,77377,35.08
2026-01-14 10:00:00,F0072,40.88,39.04,86.79,34.85,52967,48.07
2026-01-14 10:05:00,F0096,30.83,58.69,63.62,34.35,41418,62.05
2026-01-14 10:10:00,F0041,19.35,72.35,73.04,15.1,80097,34.69
2026-01-14 10:15:00,F0277,32.26,71.51,54.21,25.29,65392,47.97
2026-01-14 10:20:00,F0475,41.82,70.72,63.19,32.8,78286,35.69
2026-01-14 10:25:00,F0127,20.44,87.02,40.49,15.3,85377,60.57
2026-01-14 10:30:00,F0856,33.01,62.07,27.82,32.35,4009,52.12
2026-01-14 10:35:00,F0659,32.42,39.7,28.59,20.22,25776,52.65
2026-01-14 10:40:00,F0216,37.7,71.21,16.18,18.87,6485,21.09
2026-01-14 10:45:00,F0976,29.96,42.71,85.53,33.68,23644,92.38
2026-01-14 10:50:00,F0667,35.05,39.03,67.63,28.21,48642,39.14
2026-01-14 10:55:00,F0968,37.02,71.28,89.56,31.04,43812,59.59
2026-01-14 11:00:00,F0801,34.57,82.44,72.2,22.02,87945,96.88
2026-01-14 11:05:00,F0377,39.63,74.09,83.12,20.88,95419,50.43
2026-01-14 11:10:00,F0925,29.83,43.54,63.45,20.82,49847,37.51
2026-01-14 11:15:00,F0339,35.39,48.24,64.15,35.62,71314,73.01
2026-01-14 11:20:00,F0429,26.49,86.81,29.9,32.19,36083,60.53
2026-01-14 11:25:00,F0806,25.12,78.19,32.15,36.61,47291,72.39
2026-01-14 11:30:00,F0968,28.3,40.4,46.24,26.37,57908,98.29
2026-01-14 11:35:00,F0850,25.19,50.36,26.57,34.8,61387,57.82
2026-01-14 11:40:00,F0538,29.3,90.08,82.58,21.69,21849,81.85
2026-01-14 11:45:00,F0667,27.8,82.27,57.06,30.11,86043,40.15
2026-01-14 11:50:00,F0250,38.91,77.37,89.76,30.88,71198,22.53
2026-01-14 11:55:00,F0025,36.32,81.38,38.93,16.37,95467,22.55
2026-01-14 12:00:00,F0180,30.77,56.06,27.39,33.92,7702,56.63
2026-01-14 12:05:00,F0288,22.13,94.08,60.26,19.51,6987,75.76
2026-01-14 12:10:00,F0458,23.45,77.99,83.02,34.42,78370,45.18
2026-01-14 12:15:00,F0651,36.92,52.45,62.17,30.77,32678,64.98
2026-01-14 12:20:00,F0030,19.52,38.95,56.93,23.08,47445,23.08
2026-01-14 12:25:00,F0136,34.54,71.34,37.49,22.9,87236,34.8
2026-01-14 12:30:00,F0576,20.26,43.63,32.02,16.49,61816,67.73
2026-01-14 12:35:00,F0791,34.41,73.7,32.44,20.15,65418,69.64
2026-01-14 12:40:00,F0853,36.2,42.23,74.81,31.67,14181,28.93
2026-01-14 12:45:00,F0245,33.76,67.45,35.61,34.99,53573,48.64
2026-01-14 12:50:00,F0907,29.06,47.17,56.35,34.33,50847,92.49
2026-01-14 12:55:00,F0826,34.03,37.22,18.83,23.36,30287,62.28
2026-01-14 13:00:00,F0568,35.16,52.76,36.94,36.95,35018,70.55
2026-01-14 13:05:00,F0442,41.44,81.88,76.78,29.39,77624,38.57
2026-01-14 13:10:00,F0097,19.88,73.26,84.24,22.91,47855,45.01
2026-01-14 13:15:00,F0701,23.28,59.49,17.34,32.59,18788,57.91
2026-01-14 13:20:00,F0557,38.28,57.02,29.98,25.17,51498,27.64
2026-01-14 13:25:00,F0864,21.37,35.65,38.81,25.94,56466,77.53
2026-01-14 13:30:00,F0781,38.87,40.84,46.91,35.31,23780,80.26
2026-01-14 13:35:00,F0030,30.33,64.17,53.34,33.02,58943,51.38
2026-01-14 13:40:00,F0015,32.14,90.64,46.79,20.38,80102,86.58
2026-01-14 13:45:00,F0247,18.48,84.87,84.22,28.75,10667,54.87
2026-01-14 13:50:00,F0506,40.58,50.2,17.44,22.59,81680,85.72
2026-01-14 13:55:00,F0553,21.43,83.36,83.58,31.19,55889,55.26
2026-01-14 14:00:00,F0693,37.29,91.6,86.42,19.95,31035,86.22
2026-01-14 14:05:00,F0544,40.07,64.49,17.89,26.55,12855,72.61
2026-01-14 14:10:00,F0666,21.65,39.44,60.59,20.57,40030,49.3
2026-01-14 14:15:00,F0880,34.31,65.94,73.91,20.46,33285,40.43
2026-01-14 14:20:00,F0483,26.68,54.12,43.39,19.25,80905,25.11
2026-01-14 14:25:00,F0736,25.95,68.38,71.14,29.46,26438,91.62
2026-01-14 14:30:00,F0534,38.42,43.2,37.44,25.03,81614,49.8
2026-01-14 14:35:00,F0938,37.09,87.63,66.43,34.68,88093,98.51
2026-01-14 14:40:00,F0496,29.61,74.08,23.04,15.36,20277,74.67
2026-01-14 14:45:00,F0118,40.77,90.85,60.37,23.97,45529,84.71
2026-01-14 14:50:00,F0932,28.85,85.72,53.19,34.36,19514,74.82
2026-01-14 14:55:00,F0086,35.85,77.53,51.69,33.86,21397,32.54
2026-01-14 15:00:00,F0608,31.2,55.81,82.49,33.1,59019,37.43
2026-01-14 15:05:00,F0472,28.44,61.46,72.97,23.26,75039,61.11
2026-01-14 15:10:00,F0463,29.7,58.73,36.9,34.56,98056,69.5
2026-01-14 15:15:00,F0747,19.94,86.12,19.24,21.31,7700,20.83
2026-01-14 15:20:00,F0182,18.14,80.45,43.3,33.56,32986,64.84
2026-01-14 15:25:00,F0569,32.71,87.66,70.86,22.12,46379,90.44
2026-01-14 15:30:00,F0175,32.27,62.69,48.94,24.12,32161,71.89
2026-01-14 15:35:00,F0049,24.53,69.3,68.91,19.73,54488,74.79
2026-01-14 15:40:00,F0471,34.31,49.34,20.16,31.35,20162,39.21
2026-01-14 15:45:00,F0435,31.0,36.26,20.66,20.6,73018,73.2
2026-01-14 15:50:00,F0458,22.14,33.15,71.28,17.3,33055,42.47
2026-01-14 15:55:00,F0062,20.41,50.18,26.17,17.27,71178,72.6
2026-01-14 16:00:00,F0174,26.68,45.34,17.36,27.65,26819,74.81
2026-01-14 16:05:00,F0079,39.16,73.69,54.22,31.64,84515,52.89
2026-01-14 16:10:00,F0426,38.19,45.44,57.4,30.35,12266,71.88
2026-01-14 16:15:00,F0719,29.49,45.96,43.53,15.29,99184,60.82
2026-01-14 16:20:00,F0724,25.35,61.6,51.16,16.06,4032,48.29
2026-01-14 16:25:00,F0083,24.17,76.62,73.54,37.23,2158,56.54
2026-01-14 16:30:00,F0445,23.79,66.44,80.35,15.63,86748,73.7
2026-01-14 16:35:00,F0859,32.56,36.77,31.25,15.15,49668,26.47
2026-01-14 16:40:00,F0113,39.17,67.97,21.04,21.09,85224,44.31
2026-01-14 16:45:00,F0266,40.43,57.32,50.45,29.19,46104,47.07
2026-01-14 16:50:00,F0843,20.76,42.09,47.08,16.8,58565,55.69
2026-01-14 16:55:00,F0701,37.46,74.73,65.68,26.51,99314,31.31
2026-01-14 17:00:00,F0436,23.77,53.03,22.99,32.07,51027,93.89
2026-01-14 17:05:00,F0452,31.05,91.1,42.92,26.37,61131,27.88
2026-01-14 17:10:00,F0558,38.31,64.11,71.06,33.93,7099,33.27
2026-01-14 17:15:00,F0144,23.22,72.59,68.8,36.97,88453,50.46
2026-01-14 17:20:00,F0071,25.25,81.18,81.43,19.05,56608,36.38
2026-01-14 17:25:00,F0224,18.02,91.84,23.28,33.53,55538,82.33
2026-01-14 17:30:00,F0701,25.16,70.7,22.67,19.27,68024,38.14
2026-01-14 17:35:00,F0616,27.52,64.57,46.61,35.41,55481,40.95
2026-01-14 17:40:00,F0028,38.2,55.24,43.28,37.47,51790,67.45
2026-01-14 17:45:00,F0925,29.59,31.42,43.31,27.85,31320,20.24
2026-01-14 17:50:00,F0285,30.99,61.62,60.25,29.74,53633,78.31
2026-01-14 17:55:00,F0707,38.23,79.76,58.25,19.17,20001,82.36
2026-01-14 18:00:00,F0724,41.71,68.6,64.6,18.86,8556,50.66
2026-01-14 18:05:00,F0613,23.35,34.19,83.09,16.15,98363,94.93
2026-01-14 18:10:00,F0149,31.9,35.33,48.87,17.95,21562,42.46
2026-01-14 18:15:00,F0128,30.45,31.33,55.24,25.27,77465,81.81
2026-01-14 18:20:00,F0969,27.61,33.47,77.05,22.7,59746,62.07
2026-01-14 18:25:00,F0747,36.96,77.27,64.21,34.15,63529,91.55
2026-01-14 18:30:00,F0596,32.74,70.58,19.27,18.71,18671,28.52
2026-01-14 18:35:00,F0128,20.65,65.51,45.69,22.72,55723,48.48
2026-01-14 18:40:00,F0756,20.28,70.29,64.72,37.88,2233,54.61
2026-01-14 18:45:00,F0505,23.07,82.05,79.06,34.9,42075,52.51
2026-01-14 18:50:00,F0250,20.27,56.52,77.18,18.87,61423,98.49
2026-01-14 18:55:00,F0376,37.99,59.16,28.35,34.93,55318,28.27
2026-01-14 19:00:00,F0612,25.32,56.68,51.6,27.89,10310,27.09
2026-01-14 19:05:00,F0860,39.4,64.16,66.73,28.57,77121,90.96
2026-01-14 19:10:00,F0055,27.41,93.57,27.5,16.09,28155,71.44
2026-01-14 19:15:00,F0014,29.99,57.69,52.03,19.34,90557,75.65
2026-01-14 19:20:00,F0118,27.34,82.16,66.83,24.7,16798,84.19
2026-01-14 19:25:00,F0248,19.85,69.9,54.52,21.16,5801,80.35
2026-01-14 19:30:00,F0047,25.45,69.13,19.22,25.95,22409,68.11
2026-01-14 19:35:00,F0768,25.1,63.53,39.97,20.17,92074,53.69
2026-01-14 19:40:00,F0991,37.69,45.24,59.83,28.48,17208,32.25
2026-01-14 19:45:00,F0872,24.68,77.61,60.28,18.54,43225,82.18
2026-01-14 19:50:00,F0914,26.21,58.47,35.42,34.17,92824,79.18
2026-01-14 19:55:00,F0331,31.38,87.08,62.2,34.39,34300,86.57
2026-01-14 20:00:00,F0889,28.1,41.67,85.13,33.83,24880,76.53
2026-01-14 20:05:00,F0416,37.47,37.9,55.65,20.37,79411,40.89
2026-01-14 20:10:00,F0265,20.34,43.51,72.94,20.79,31638,27.51
2026-01-14 20:15:00,F0399,23.22,33.43,33.18,35.58,62642,67.83
2026-01-14 20:20:00,F0534,33.88,51.95,86.84,16.06,77958,54.29
2026-01-14 20:25:00,F0678,25.34,87.33,58.45,25.69,83527,42.21
2026-01-14 20:30:00,F0747,18.77,94.04,60.85,34.92,93093,28.61
2026-01-14 20:35:00,F0496,33.27,87.98,39.65,36.75,13182,53.48
2026-01-14 20:40:00,F0521,19.54,87.03,31.18,29.3,26180,94.74
2026-01-14 20:45:00,F0464,18.69,75.01,24.08,30.11,93617,43.5
2026-01-14 20:50:00,F0012,34.95,41.72,24.95,18.95,23378,78.8
2026-01-14 20:55:00,F0968,24.49,74.74,54.39,33.21,95613,38.36
2026-01-14 21:00:00,F0829,19.47,73.79,33.42,31.87,57869,45.01
2026-01-14 21:05:00,F0924,18.35,87.95,22.49,33.19,39035,41.48
2026-01-14 21:10:00,F0304,36.26,65.93,78.98,18.57,88576,22.47
2026-01-14 21:15:00,F0710,24.71,82.55,71.55,15.17,79764,44.61
2026-01-14 21:20:00,F0422,26.42,88.14,21.81,30.37,68469,54.06
2026-01-14 21:25:00,F0067,41.52,57.07,35.55,29.09,76491,42.8
2026-01-14 21:30:00,F0317,29.88,42.51,55.44,31.25,26234,57.4
2026-01-14 21:35:00,F0328,25.47,71.36,37.51,22.47,13234,74.75
2026-01-14 21:40:00,F0639,19.34,89.1,28.43,34.78,88477,92.15
2026-01-14 21:45:00,F0799,19.69,71.8,38.87,22.35,36018,34.5
2026-01-14 21:50:00,F0592,32.25,41.4,62.56,19.01,63951,50.58
2026-01-14 21:55:00,F0391,28.39,73.16,89.92,28.8,23004,65.59
2026-01-14 22:00:00,F0240,23.56,54.94,57.65,17.14,9575,70.01
2026-01-14 22:05:00,F0555,36.78,42.47,65.76,34.22,31211,82.68
2026-01-14 22:10:00,F0313,21.04,72.49,79.4,21.76,50616,53.97
2026-01-14 22:15:00,F0182,30.3,42.21,45.76,19.64,40309,73.96
2026-01-14 22:20:00,F0552,32.51,91.9,34.3,25.87,14438,95.13
2026-01-14 22:25:00,F0756,30.64,58.35,60.92,31.83,67549,54.77
2026-01-14 22:30:00,F0828,26.69,48.72,36.32,31.73,24146,50.7
2026-01-14 22:35:00,F0636,40.67,66.04,40.76,25.34,27765,47.2
2026-01-14 22:40:00,F0853,18.52,86.03,27.23,32.46,74327,70.69
2026-01-14 22:45:00,F0959,30.55,70.4,42.99,21.26,63862,87.48
2026-01-14 22:50:00,F0887,18.2,67.01,75.5,28.92,56305,42.67
2026-01-14 22:55:00,F0215,25.75,36.25,79.64,24.31,6872,40.69
2026-01-14 23:00:00,F0128,37.26,64.0,15.34,32.53,78162,47.22
2026-01-14 23:05:00,F0140,31.21,91.72,30.92,21.32,38329,79.17
2026-01-14 23:10:00,F0626,33.48,73.35,53.73,24.97,59978,67.12
2026-01-14 23:15:00,F0626,31.91,59.7,45.64,17.45,92787,88.27
2026-01-14 23:20:00,F0658,18.53,86.11,79.13,28.44,12141,87.7
2026-01-14 23:25:00,F0637,28.57,35.33,16.97,32.45,69629,40.86
2026-01-14 23:30:00,F0975,40.83,90.6,48.6,22.74,63971,86.34
2026-01-14 23:35:00,F0429,28.37,51.18,63.95,16.76,96416,60.41
2026-01-14 23:40:00,F0967,18.48,36.23,51.85,21.73,74790,90.95
2026-01-14 23:45:00,F0700,22.34,48.47,30.56,37.21,81045,91.01
2026-01-14 23:50:00,F0446,31.81,51.3,81.22,37.82,37469,45.94
2026-01-14 23:55:00,F0932,18.4,51.78,45.67,34.71,76577,83.28
2026-01-15 00:00:00,F0235,29.63,50.21,25.18,31.37,35641,92.1
2026-01-15 00:05:00,F0815,31.46,34.69,77.36,27.35,22996,91.96
2026-01-15 00:10:00,F0821,28.7,49.54,17.5,17.99,8300,98.43
2026-01-15 00:15:00,F0699,38.62,65.03,80.35,37.98,57076,79.57
2026-01-15 00:20:00,F0774,27.03,84.01,53.56,33.16,83468,52.9
2026-01-15 00:25:00,F0775,23.98,72.04,57.97,32.45,54373,88.76
2026-01-15 00:30:00,F0890,19.24,55.05,39.23,23.07,3483,77.61
2026-01-15 00:35:00,F0087,18.52,35.17,72.31,25.1,76773,50.19
2026-01-15 00:40:00,F0342,20.02,82.42,63.64,15.04,39528,71.42
2026-01-15 00:45:00,F0516,38.63,39.58,80.12,31.29,61249,48.02
2026-01-15 00:50:00,F0386,36.22,33.17,31.22,22.53,20225,24.13
2026-01-15 00:55:00,F0199,35.94,44.02,37.8,21.47,83426,67.61
2026-01-15 01:00:00,F0413,30.21,68.85,71.04,31.53,31491,28.4
2026-01-15 01:05:00,F0074,34.18,39.79,31.68,25.11,56270,27.1
2026-01-15 01:10:00,F0732,38.21,88.64,48.64,20.06,17257,90.87
2026-01-15 01:15:00,F0309,24.72,53.23,49.62,24.84,89500,53.08
2026-01-15 01:20:00,F0140,27.31,91.31,48.34,22.2,6392,60.76
2026-01-15 01:25:00,F0924,39.83,89.46,60.41,33.72,35729,82.68
2026-01-15 01:30:00,F0990,36.56,54.33,35.45,21.6,32382,95.28
2026-01-15 01:35:00,F0860,30.06,51.73,59.06,34.51,59474,79.99
2026-01-15 01:40:00,F0807,24.09,83.68,17.06,32.32,32460,58.1
2026-01-15 01:45:00,F0477,28.08,60.9,16.88,35.06,3952,96.66
2026-01-15 01:50:00,F0492,28.11,53.05,38.11,25.24,27177,43.84
2026-01-15 01:55:00,F0078,25.61,60.63,30.58,32.87,8785,69.76
2026-01-15 02:00:00,F0060,36.93,71.82,18.49,34.58,97793,22.68
2026-01-15 02:05:00,F0419,26.94,53.21,52.97,20.57,39077,77.79
2026-01-15 02:10:00,F0352,23.86,93.91,75.04,30.06,56399,49.24
2026-01-15 02:15:00,F0351,40.89,89.4,79.87,17.99,54951,54.39
2026-01-15 02:20:00,F0033,33.15,89.5,65.33,15.31,5825,40.82
2026-01-15 02:25:00,F0030,38.53,67.09,20.9,16.38,33180,85.19
2026-01-15 02:30:00,F0599,41.75,73.27,76.84,16.79,79644,75.15
2026-01-15 02:35:00,F0613,30.04,68.45,44.93,22.23,11531,26.94
2026-01-15 02:40:00,F0105,34.39,50.69,31.13,37.12,37265,52.14
2026-01-15 02:45:00,F0079,25.49,49.92,48.65,36.24,67941,71.43
2026-01-15 02:50:00,F0664,27.8,61.65,15.0,31.57,97085,66.68
2026-01-15 02:55:00,F0410,34.11,85.8,77.54,27.59,20301,76.65
2026-01-15 03:00:00,F0017,35.77,76.28,42.66,22.89,79695,66.89
2026-01-15 03:05:00,F0018,30.64,70.22,35.72,18.77,31496,75.33
2026-01-15 03:10:00,F0004,35.52,67.33,28.95,24.72,38456,88.43
2026-01-15 03:15:00,F0324,24.68,61.28,33.15,27.31,23902,93.17
2026-01-15 03:20:00,F0069,24.08,53.05,31.22,17.03,51927,50.09
2026-01-15 03:25:00,F0316,29.63,59.32,33.27,27.69,12834,40.27
2026-01-15 03:30:00,F0751,35.78,52.07,34.59,21.88,40642,86.21
2026-01-15 03:35:00,F0003,22.51,69.37,36.15,15.38,98819,89.9
2026-01-15 03:40:00,F0171,39.99,44.69,52.84,29.84,47838,99.37
2026-01-15 03:45:00,F0551,39.98,74.33,71.61,24.34,41644,94.05
2026-01-15 03:50:00,F0886,29.93,49.66,30.28,37.3,49033,26.11
2026-01-15 03:55:00,F0691,22.51,39.19,53.56,19.5,55841,81.8
2026-01-15 04:00:00,F0548,37.55,52.7,86.31,36.52,71512,49.17
2026-01-15 04:05:00,F0172,34.65,61.78,60.17,22.91,82607,84.54
2026-01-15 04:10:00,F0060,37.41,63.96,67.94,30.58,10958,93.33
2026-01-15 04:15:00,F0995,41.95,93.65,39.77,33.58,15496,50.14
2026-01-15 04:20:00,F0354,36.19,41.56,55.35,36.68,13727,67.01
2026-01-15 04:25:00,F0319,30.78,92.05,21.88,35.51,6380,78.59
2026-01-15 04:30:00,F0201,41.05,34.23,34.37,23.86,34962,30.17
2026-01-15 04:35:00,F0622,41.57,41.25,83.6,17.36,80726,90.1
2026-01-15 04:40:00,F0589,29.12,84.68,88.36,34.48,78021,78.84
2026-01-15 04:45:00,F0105,22.16,63.48,26.61,35.81,39691,27.25
2026-01-15 04:50:00,F0090,25.1,56.1,29.75,16.93,85032,48.51
2026-01-15 04:55:00,F0201,38.38,91.9,39.05,15.9,8718,84.68
2026-01-15 05:00:00,F0304,18.25,58.66,21.6,31.38,7219,69.33
2026-01-15 05:05:00,F0910,35.77,53.44,56.18,30.26,42007,45.58
2026-01-15 05:10:00,F0417,35.79,76.01,32.8,33.41,43668,99.04
2026-01-15 05:15:00,F0311,20.87,66.29,88.03,28.75,13881,31.31
2026-01-15 05:20:00,F0962,32.73,88.81,35.02,18.51,55653,44.54
2026-01-15 05:25:00,F0085,40.44,89.63,75.28,15.53,14715,93.42
2026-01-15 05:30:00,F0767,27.18,71.65,66.75,17.15,8716,91.61
2026-01-15 05:35:00,F0910,38.16,75.65,54.48,18.05,88051,40.0
2026-01-15 05:40:00,F0820,35.76,56.29,25.6,33.96,17507,32.16
2026-01-15 05:45:00,F0086,33.19,62.45,84.59,24.25,86247,82.57
2026-01-15 05:50:00,F0856,32.84,80.64,86.6,15.7,26369,70.51
2026-01-15 05:55:00,F0509,31.75,90.61,21.48,15.09,46254,65.5
2026-01-15 06:00:00,F0143,33.89,71.22,84.19,36.79,47097,59.38
2026-01-15 06:05:00,F0779,21.18,70.77,18.69,19.63,20106,22.44
2026-01-15 06:10:00,F0984,33.49,60.11,78.4,27.85,81699,59.47
2026-01-15 06:15:00,F0132,24.1,42.44,49.73,17.81,80961,47.97
2026-01-15 06:20:00,F0303,26.03,88.56,75.86,22.62,68072,90.77
2026-01-15 06:25:00,F0823,33.42,75.92,26.06,29.53,68634,51.95
2026-01-15 06:30:00,F0826,27.12,48.72,17.15,33.2,24845,40.97
2026-01-15 06:35:00,F0429,36.8,85.07,81.48,21.06,53315,75.41
2026-01-15 06:40:00,F0622,41.18,32.71,58.47,20.92,11935,70.77
2026-01-15 06:45:00,F0996,35.49,62.83,47.67,37.15,35024,36.34
2026-01-15 06:50:00,F0097,39.61,51.4,78.07,24.92,18634,37.64
2026-01-15 06:55:00,F0573,29.81,63.06,53.28,31.74,50927,47.81
2026-01-15 07:00:00,F0714,41.58,93.48,61.76,20.47,28001,51.15
2026-01-15 07:05:00,F0982,19.26,72.07,81.38,18.18,78539,21.84
2026-01-15 07:10:00,F0091,41.81,81.96,80.11,27.79,2195,93.77
2026-01-15 07:15:00,F0494,37.94,48.01,71.49,35.76,11438,80.29
2026-01-15 07:20:00,F0631,18.37,63.08,30.55,17.79,95506,78.42
2026-01-15 07:25:00,F0878,41.87,68.15,89.27,22.42,33229,64.81
2026-01-15 07:30:00,F0974,35.24,48.84,20.51,31.36,16995,40.77
2026-01-15 07:35:00,F0829,31.52,33.11,42.13,22.08,17796,64.86
2026-01-15 07:40:00,F0603,26.6,36.04,70.16,25.91,84834,24.5
2026-01-15 07:45:00,F0578,25.95,44.37,64.31,24.06,2025,84.63
2026-01-15 07:50:00,F0262,38.75,79.34,45.3,29.42,99069,81.62
2026-01-15 07:55:00,F0855,37.19,54.7,64.56,28.64,22862,49.4
2026-01-15 08:00:00,F0680,40.54,64.76,28.92,35.38,69883,92.5
2026-01-15 08:05:00,F0735,30.88,30.1,72.3,27.12,21219,39.64
2026-01-15 08:10:00,F0215,19.0,88.39,53.57,24.82,96353,43.84
2026-01-15 08:15:00,F0965,37.96,61.52,45.71,26.39,3421,68.86
2026-01-15 08:20:00,F0409,24.69,82.11,31.41,37.39,97215,42.46
2026-01-15 08:25:00,F0334,37.94,60.87,25.99,20.31,84385,36.05
2026-01-15 08:30:00,F0961,29.46,88.32,66.28,31.31,79603,70.28
2026-01-15 08:35:00,F0946,30.07,70.47,35.59,31.3,37232,26.96
2026-01-15 08:40:00,F0703,19.54,71.35,87.8,23.87,21511,54.28
2026-01-15 08:45:00,F0331,36.25,84.54,63.89,33.17,82109,59.44
2026-01-15 08:50:00,F0264,26.03,47.43,45.47,33.1,10429,81.4
2026-01-15 08:55:00,F0798,33.39,50.19,23.37,24.28,70387,67.91
2026-01-15 09:00:00,F0244,40.45,30.52,75.67,28.01,28072,48.08
2026-01-15 09:05:00,F0517,37.64,33.97,23.27,33.04,5933,26.87
2026-01-15 09:10:00,F0755,25.85,60.9,62.95,18.97,37802,31.57
2026-01-15 09:15:00,F0537,24.74,65.19,70.88,22.02,87876,68.02
2026-01-15 09:20:00,F0492,27.16,65.96,57.58,26.96,34297,54.87
2026-01-15 09:25:00,F0711,19.18,35.38,62.53,26.64,5402,41.97
2026-01-15 09:30:00,F0813,22.9,89.15,56.52,16.66,44731,89.64
2026-01-15 09:35:00,F0450,35.95,54.36,81.09,24.18,98893,58.88
2026-01-15 09:40:00,F0951,26.3,46.98,46.26,15.36,33118,66.86
2026-01-15 09:45:00,F0914,27.43,69.98,47.81,34.68,99007,85.98
2026-01-15 09:50:00,F0413,33.19,38.96,25.2,29.47,99223,36.5
2026-01-15 09:55:00,F0948,34.72,81.57,61.8,16.45,79551,75.27
2026-01-15 10:00:00,F0728,30.74,93.8,45.66,31.99,90496,32.29
2026-01-15 10:05:00,F0514,26.75,32.77,88.58,35.23,47847,97.59
2026-01-15 10:10:00,F0740,39.27,81.0,77.88,20.0,33230,88.87
2026-01-15 10:15:00,F0690,29.93,52.11,39.0,18.19,21803,50.9
2026-01-15 10:20:00,F0427,24.24,91.26,42.81,25.99,68108,41.36
2026-01-15 10:25:00,F0767,27.49,58.98,60.71,34.14,63979,86.41
2026-01-15 10:30:00,F0085,33.99,88.09,67.27,36.58,80580,60.39
2026-01-15 10:35:00,F0468,29.6,54.07,26.49,30.58,37351,43.91
2026-01-15 10:40:00,F0813,25.36,80.75,40.43,30.46,57288,93.41
2026-01-15 10:45:00,F0635,31.0,63.8,65.47,20.62,85422,46.91
2026-01-15 10:50:00,F0585,29.42,58.6,47.58,23.72,42843,66.59
2026-01-15 10:55:00,F0038,29.55,53.51,37.72,29.09,86018,83.5
2026-01-15 11:00:00,F0216,33.33,49.88,88.8,24.93,62702,72.58
2026-01-15 11:05:00,F0105,26.07,56.68,57.28,36.87,96148,20.21
2026-01-15 11:10:00,F0597,24.38,69.81,82.32,26.2,91955,39.28
2026-01-15 11:15:00,F0886,20.7,43.68,59.53,25.73,7678,73.12
2026-01-15 11:20:00,F0113,20.95,51.65,33.92,25.46,30978,81.32
2026-01-15 11:25:00,F0630,41.06,45.63,20.38,35.57,35395,75.54
2026-01-15 11:30:00,F0496,21.2,52.91,42.4,37.12,45140,52.1
2026-01-15 11:35:00,F0107,23.36,47.57,87.48,29.58,41503,27.62
2026-01-15 11:40:00,F0547,25.89,72.17,50.07,29.25,42166,32.13
2026-01-15 11:45:00,F0882,21.47,53.84,42.97,27.71,89362,79.99
2026-01-15 11:50:00,F0805,41.23,52.36,71.01,21.93,64936,48.97
2026-01-15 11:55:00,F0514,20.35,56.57,18.32,33.11,70586,81.87
2026-01-15 12:00:00,F0269,33.07,37.64,29.51,18.86,28971,79.33
2026-01-15 12:05:00,F0671,36.89,71.48,48.3,21.91,61950,28.14
2026-01-15 12:10:00,F0411,37.36,94.81,48.34,31.48,34355,78.36
2026-01-15 12:15:00,F0505,34.07,61.79,75.7,33.87,33185,97.94
2026-01-15 12:20:00,F0128,31.34,76.39,57.89,37.88,68921,77.03
2026-01-15 12:25:00,F0512,40.53,54.24,72.49,15.85,61487,22.03
2026-01-15 12:30:00,F0624,37.79,36.55,20.84,23.0,89841,22.5
2026-01-15 12:35:00,F0867,18.94,36.82,71.23,36.62,61294,65.82
2026-01-15 12:40:00,F0662,24.47,32.17,55.72,31.12,24343,95.53
2026-01-15 12:45:00,F0321,25.53,36.36,82.79,18.59,99207,83.85
2026-01-15 12:50:00,F0593,37.45,45.36,56.23,33.2,77726,53.94
2026-01-15 12:55:00,F0412,34.24,52.94,29.85,24.85,32477,49.44
2026-01-15 13:00:00,F0690,37.09,75.71,59.58,16.05,8575,56.36
2026-01-15 13:05:00,F0137,30.82,43.94,73.43,37.24,31209,84.07
2026-01-15 13:10:00,F0840,20.56,42.6,15.55,21.26,7177,68.29
2026-01-15 13:15:00,F0933,38.57,40.72,62.64,37.44,30715,54.58
2026-01-15 13:20:00,F0872,34.14,44.63,50.98,32.75,75419,53.12
2026-01-15 13:25:00,F0788,37.68,34.07,67.09,26.96,3929,35.68
2026-01-15 13:30:00,F0787,38.5,87.93,15.83,16.19,60805,73.88
2026-01-15 13:35:00,F0234,37.31,80.32,47.77,23.39,21102,51.19
2026-01-15 13:40:00,F0026,30.33,93.33,40.7,36.82,88738,53.21
2026-01-15 13:45:00,F0919,35.51,82.64,85.95,31.27,9953,31.32
2026-01-15 13:50:00,F0519,38.74,64.0,47.19,28.42,12594,84.82
2026-01-15 13:55:00,F0689,21.08,42.75,75.17,16.74,83132,72.61
2026-01-15 14:00:00,F0331,38.8,82.33,21.2,17.49,65124,83.18
2026-01-15 14:05:00,F0560,31.62,93.6,78.22,33.63,41125,51.55
2026-01-15 14:10:00,F0777,36.21,59.35,34.81,29.47,50485,93.18
2026-01-15 14:15:00,F0717,23.15,54.36,76.42,21.44,11015,28.75
2026-01-15 14:20:00,F0100,37.14,74.69,64.93,32.58,92263,47.41
2026-01-15 14:25:00,F0219,27.17,59.26,53.34,15.42,45319,31.55
2026-01-15 14:30:00,F0212,31.26,72.12,55.49,30.87,29362,55.56
2026-01-15 14:35:00,F0975,35.33,63.34,73.52,27.35,37629,88.96
2026-01-15 14:40:00,F0962,19.93,54.83,25.09,15.64,10764,40.88
2026-01-15 14:45:00,F0535,23.85,45.79,35.02,16.37,13772,28.9
2026-01-15 14:50:00,F0454,22.06,43.46,44.19,19.5,67605,58.53
2026-01-15 14:55:00,F0797,27.48,48.92,83.1,16.06,76105,20.85
2026-01-15 15:00:00,F0432,33.87,61.41,23.13,27.5,61952,50.18
2026-01-15 15:05:00,F0759,32.49,30.17,46.58,26.1,9608,70.92
2026-01-15 15:10:00,F0190,41.0,62.43,18.13,27.55,68652,51.58
2026-01-15 15:15:00,F0051,33.76,36.69,44.24,28.21,6861,38.1
2026-01-15 15:20:00,F0847,34.11,55.16,37.3,22.56,53508,40.54
2026-01-15 15:25:00,F0440,29.21,37.1,60.97,24.23,43323,77.43
2026-01-15 15:30:00,F0702,36.07,69.6,16.53,33.05,33790,83.69
2026-01-15 15:35:00,F0583,18.8,66.7,68.22,26.19,3027,38.36
2026-01-15 15:40:00,F0134,26.07,73.03,23.59,37.11,60064,74.61
2026-01-15 15:45:00,F0127,31.26,77.93,43.03,28.2,25619,51.77
2026-01-15 15:50:00,F0558,21.41,55.43,86.59,25.63,23957,29.43
2026-01-15 15:55:00,F0341,40.13,34.35,33.67,35.73,96502,31.08
2026-01-15 16:00:00,F0896,26.18,41.17,74.69,18.23,15821,53.88
2026-01-15 16:05:00,F0753,40.3,31.63,68.09,25.48,37221,61.15
2026-01-15 16:10:00,F0145,38.76,90.32,32.39,32.77,49241,63.62
2026-01-15 16:15:00,F0775,30.08,49.37,66.18,29.3,11837,20.34
2026-01-15 16:20:00,F0371,28.77,87.55,39.47,16.94,41828,47.05
2026-01-15 16:25:00,F0260,27.06,44.15,66.77,22.94,4407,90.09
2026-01-15 16:30:00,F0753,19.96,33.06,75.59,17.03,72182,39.56
2026-01-15 16:35:00,F0089,31.71,53.9,86.36,28.41,64201,65.3
2026-01-15 16:40:00,F0013,40.36,52.03,71.88,28.87,14102,59.42
2026-01-15 16:45:00,F0505,19.95,61.59,17.01,15.75,54845,60.03
2026-01-15 16:50:00,F0930,19.37,67.25,20.53,20.83,92573,50.56
2026-01-15 16:55:00,F0338,20.24,55.49,55.57,20.33,84177,70.5
2026-01-15 17:00:00,F0605,25.7,45.54,43.89,20.95,74053,56.28
2026-01-15 17:05:00,F0853,27.69,60.21,65.04,34.73,2230,51.02
2026-01-15 17:10:00,F0230,25.44,91.21,64.2,31.43,77955,83.92
2026-01-15 17:15:00,F0466,34.23,73.44,32.49,16.84,62920,80.82
2026-01-15 17:20:00,F0046,23.46,41.51,58.51,24.66,95707,78.02
2026-01-15 17:25:00,F0342,39.9,93.94,82.21,21.07,45601,29.3
2026-01-15 17:30:00,F0001,25.25,48.26,55.0,15.99,40776,76.07
2026-01-15 17:35:00,F0450,35.41,44.12,23.78,17.13,46146,50.96
2026-01-15 17:40:00,F0878,26.18,48.82,51.27,25.47,77503,91.28
2026-01-15 17:45:00,F0369,37.62,76.68,37.42,25.98,16383,28.41
2026-01-15 17:50:00,F0053,29.62,94.56,50.45,22.05,59926,48.96
2026-01-15 17:55:00,F0690,35.84,57.19,49.6,26.77,60757,32.14
2026-01-15 18:00:00,F0397,34.39,43.66,53.02,21.17,90168,21.98
2026-01-15 18:05:00,F0209,31.92,69.58,34.34,30.76,70261,88.66
2026-01-15 18:10:00,F0760,28.0,84.79,43.42,28.57,79310,34.56
2026-01-15 18:15:00,F0887,40.89,76.66,45.58,20.03,18329,94.52
2026-01-15 18:20:00,F0801,31.15,32.2,72.56,25.19,58764,91.23
2026-01-15 18:25:00,F0450,32.31,60.45,71.77,19.72,75055,91.45
2026-01-15 18:30:00,F0417,21.46,44.48,50.13,19.23,98704,84.63
2026-01-15 18:35:00,F0945,28.66,73.56,21.4,36.77,32242,99.07
2026-01-15 18:40:00,F0127,21.12,68.81,27.93,30.2,5257,52.55
2026-01-15 18:45:00,F0991,39.62,89.56,36.56,18.77,26243,74.75
2026-01-15 18:50:00,F0795,23.8,81.21,31.18,28.56,31118,40.18
2026-01-15 18:55:00,F0389,18.54,56.07,68.13,15.63,50525,65.28
2026-01-15 19:00:00,F0998,24.21,44.73,83.78,24.17,46061,72.35
2026-01-15 19:05:00,F0196,26.18,64.95,44.38,32.91,79484,44.44
2026-01-15 19:10:00,F0140,30.14,45.76,68.66,16.12,51140,88.92
2026-01-15 19:15:00,F0272,24.09,87.58,56.68,21.61,63767,82.39
2026-01-15 19:20:00,F0349,23.89,37.57,58.4,32.33,69194,82.66
2026-01-15 19:25:00,F0263,22.0,52.75,38.33,18.29,1846,45.92
2026-01-15 19:30:00,F0998,28.66,79.41,37.7,18.04,44649,84.06
2026-01-15 19:35:00,F0492,31.37,93.11,46.82,27.19,59540,63.55
2026-01-15 19:40:00,F0029,34.29,32.73,69.16,36.87,23122,29.79
2026-01-15 19:45:00,F0910,19.8,61.23,82.65,17.14,94989,92.29
2026-01-15 19:50:00,F0574,27.63,56.96,30.66,28.61,76587,72.95
2026-01-15 19:55:00,F0553,37.47,66.78,73.26,18.67,69078,59.77
2026-01-15 20:00:00,F0847,37.14,34.96,75.11,33.53,75368,48.98
2026-01-15 20:05:00,F0419,22.17,83.13,50.54,30.33,52419,44.78
2026-01-15 20:10:00,F0118,28.25,45.24,72.02,27.46,67395,20.53
2026-01-15 20:15:00,F0005,18.47,35.11,18.1,27.12,41923,47.08
2026-01-15 20:20:00,F0082,21.6,31.38,66.08,31.8,86994,80.17
2026-01-15 20:25:00,F0085,35.36,61.79,37.32,36.78,9758,51.87
2026-01-15 20:30:00,F0543,29.96,38.94,79.87,16.57,36266,52.46
2026-01-15 20:35:00,F0135,38.99,50.77,70.48,32.94,47597,33.69
2026-01-15 20:40:00,F0698,34.33,59.08,35.68,33.98,31121,89.42
2026-01-15 20:45:00,F0408,19.33,64.75,72.53,21.72,72152,94.56
2026-01-15 20:50:00,F0825,22.53,30.87,87.57,26.68,65672,31.34
2026-01-15 20:55:00,F0244,34.53,44.05,55.12,29.82,56868,23.92
2026-01-15 21:00:00,F0091,38.75,51.81,88.34,18.53,18639,52.11
2026-01-15 21:05:00,F0078,24.43,73.14,40.67,31.18,82390,70.74
2026-01-15 21:10:00,F0008,20.3,32.88,23.01,24.94,80862,98.5
2026-01-15 21:15:00,F0999,29.6,38.6,61.31,23.06,75902,30.46
2026-01-15 21:20:00,F0123,38.36,40.06,69.29,23.12,32231,38.15
2026-01-15 21:25:00,F0153,41.27,59.25,15.28,21.18,85861,88.08
2026-01-15 21:30:00,F0773,29.44,52.13,27.11,35.92,46045,62.84
2026-01-15 21:35:00,F0961,33.16,54.18,39.2,17.87,57276,87.39
2026-01-15 21:40:00,F0822,32.5,58.84,36.18,18.79,3542,92.32
2026-01-15 21:45:00,F0478,26.02,90.86,37.7,34.76,41602,93.18
2026-01-15 21:50:00,F0307,31.47,60.4,32.87,24.48,51525,30.42
2026-01-15 21:55:00,F0616,19.91,90.17,32.83,16.61,40371,72.25
2026-01-15 22:00:00,F0976,41.44,81.46,50.24,25.34,85641,54.74
2026-01-15 22:05:00,F0809,29.07,41.17,71.36,21.83,84277,44.46
2026-01-15 22:10:00,F0645,39.2,85.9,61.7,25.64,65934,33.18
2026-01-15 22:15:00,F0998,38.81,53.52,23.27,35.79,99655,76.88
2026-01-15 22:20:00,F0315,23.35,63.7,65.73,15.99,21537,69.07
2026-01-15 22:25:00,F0586,19.13,82.4,35.27,27.28,3459,71.26
2026-01-15 22:30:00,F0129,25.03,67.78,46.41,16.16,5007,77.68
2026-01-15 22:35:00,F0582,24.89,69.09,46.42,23.15,30891,58.23
2026-01-15 22:40:00,F0131,24.91,40.91,43.65,32.92,91947,86.66
2026-01-15 22:45:00,F0129,26.78,68.6,84.21,20.08,79590,38.47
2026-01-15 22:50:00,F0610,36.25,76.66,35.13,34.09,8687,92.99
2026-01-15 22:55:00,F0696,25.97,60.34,23.15,31.35,99584,56.81
2026-01-15 23:00:00,F0840,22.37,50.2,19.94,26.3,44025,53.69
2026-01-15 23:05:00,F0993,36.91,87.12,62.56,27.0,17498,93.47
2026-01-15 23:10:00,F0817,23.35,93.63,60.81,37.66,36769,55.87
2026-01-15 23:15:00,F0314,21.93,67.39,62.8,34.18,85853,80.96
2026-01-15 23:20:00,F0632,28.01,57.0,67.02,33.11,11802,98.64
2026-01-15 23:25:00,F0256,38.71,31.29,27.66,24.92,22433,79.34
2026-01-15 23:30:00,F0477,35.49,45.36,39.33,15.98,27580,31.46
2026-01-15 23:35:00,F0577,18.38,32.47,87.85,16.28,40402,87.39
2026-01-15 23:40:00,F0417,19.62,84.65,38.38,18.35,66960,59.11
2026-01-15 23:45:00,F0863,35.7,51.12,34.49,36.58,94637,93.69
2026-01-15 23:50:00,F0181,33.39,38.12,61.44,28.77,95911,76.43
2026-01-15 23:55:00,F0063,35.63,58.79,42.28,34.85,75829,37.97
2026-01-16 00:00:00,F0202,25.34,45.03,58.09,28.51,37330,45.56
2026-01-16 00:05:00,F0218,35.74,73.67,79.88,33.2,91294,47.74
2026-01-16 00:10:00,F0526,29.25,75.1,40.08,19.56,67970,27.89
2026-01-16 00:15:00,F0227,23.91,90.73,32.43,22.83,83453,91.85
2026-01-16 00:20:00,F0696,23.0,41.75,32.25,22.14,24424,32.2
2026-01-16 00:25:00,F0777,29.42,46.48,62.52,27.39,26018,77.17
2026-01-16 00:30:00,F0470,21.77,45.71,41.01,22.46,10518,51.98
2026-01-16 00:35:00,F0129,23.96,38.58,22.19,15.65,93890,27.18
2026-01-16 00:40:00,F0970,26.56,64.73,52.4,33.49,35966,70.72
2026-01-16 00:45:00,F0716,19.26,39.87,82.15,33.81,89487,43.93
2026-01-16 00:50:00,F0350,27.44,34.63,59.53,18.59,49793,88.47
2026-01-16 00:55:00,F0135,25.7,63.19,75.95,36.65,68747,26.03
2026-01-16 01:00:00,F0094,38.27,83.45,69.96,35.38,3794,47.94
2026-01-16 01:05:00,F0761,23.36,74.76,60.84,20.84,9962,69.32
2026-01-16 01:10:00,F0896,29.29,51.66,52.29,32.4,47916,59.69
2026-01-16 01:15:00,F0125,39.46,55.5,74.82,18.99,68493,70.54
2026-01-16 01:20:00,F0135,41.54,56.62,16.31,33.03,16771,79.6
2026-01-16 01:25:00,F0138,38.29,34.84,65.22,27.34,48799,91.34
2026-01-16 01:30:00,F0734,28.38,50.54,15.69,32.92,61057,54.87
2026-01-16 01:35:00,F0075,25.5,48.8,19.11,28.96,87445,50.83
2026-01-16 01:40:00,F0829,26.6,72.39,59.67,25.59,11137,44.49
2026-01-16 01:45:00,F0703,23.18,92.68,16.8,36.47,6509,79.61
2026-01-16 01:50:00,F0608,18.91,32.87,83.73,32.6,55735,78.62
2026-01-16 01:55:00,F0870,19.2,44.08,26.16,34.11,69740,60.07
2026-01-16 02:00:00,F0101,30.91,43.46,36.08,37.4,52214,72.52
2026-01-16 02:05:00,F0396,40.52,66.07,23.54,37.24,63014,76.62
2026-01-16 02:10:00,F0752,26.46,64.28,66.38,36.45,79103,23.66
2026-01-16 02:15:00,F0359,33.07,72.95,43.64,37.85,73981,62.9
2026-01-16 02:20:00,F0165,27.12,41.45,17.57,26.02,21458,77.16
2026-01-16 02:25:00,F0161,37.78,77.06,88.76,17.58,88656,95.49
2026-01-16 02:30:00,F0298,28.74,71.1,49.36,23.09,38056,21.42
2026-01-16 02:35:00,F0529,23.36,77.09,73.58,37.07,30090,23.98
2026-01-16 02:40:00,F0410,32.49,91.9,54.03,28.76,83419,99.09
2026-01-16 02:45:00,F0381,20.48,46.59,88.27,28.97,27793,52.93
2026-01-16 02:50:00,F0914,19.91,55.19,34.76,15.81,57987,50.31
2026-01-16 02:55:00,F0528,35.36,59.21,20.13,27.91,65411,91.46
2026-01-16 03:00:00,F0087,28.2,53.03,18.41,30.38,48899,85.68
2026-01-16 03:05:00,F0213,41.93,46.18,71.29,26.59,83027,72.47
2026-01-16 03:10:00,F0215,32.13,39.53,68.98,18.1,70370,86.79
2026-01-16 03:15:00,F0355,28.28,79.3,31.04,32.72,93209,58.15
2026-01-16 03:20:00,F0814,23.81,74.01,22.46,26.39,74034,58.48
2026-01-16 03:25:00,F0607,36.79,84.58,23.08,21.51,63978,73.86
2026-01-16 03:30:00,F0013,38.45,39.33,64.86,18.19,50145,96.42
2026-01-16 03:35:00,F0298,26.09,31.55,19.34,22.87,78313,99.4
2026-01-16 03:40:00,F0520,41.84,76.79,64.94,28.48,73163,87.43
2026-01-16 03:45:00,F0582,38.32,56.1,49.37,26.97,63693,30.81
2026-01-16 03:50:00,F0387,20.34,43.95,30.16,33.25,37975,39.9
2026-01-16 03:55:00,F0226,36.54,33.86,17.24,16.83,30281,45.03
2026-01-16 04:00:00,F0630,25.37,90.89,88.94,26.31,94568,42.24
2026-01-16 04:05:00,F0449,41.8,66.82,63.29,22.22,36582,53.06
2026-01-16 04:10:00,F0397,21.66,70.25,66.99,23.26,69402,68.45
2026-01-16 04:15:00,F0387,21.76,51.89,48.93,22.53,53981,24.45
2026-01-16 04:20:00,F0170,21.06,32.43,31.83,36.94,6105,49.78
2026-01-16 04:25:00,F0762,29.23,85.45,88.17,17.35,48110,26.31
2026-01-16 04:30:00,F0378,30.45,77.88,76.95,17.35,68709,88.07
2026-01-16 04:35:00,F0170,36.53,62.94,83.12,22.75,55108,52.2
2026-01-16 04:40:00,F0045,35.03,82.07,78.74,20.0,17657,59.02
2026-01-16 04:45:00,F0567,25.05,47.9,62.62,15.77,73990,50.53
2026-01-16 04:50:00,F0199,27.99,51.22,50.52,29.06,73306,84.83
2026-01-16 04:55:00,F0877,38.59,49.68,26.65,18.33,35016,75.53
2026-01-16 05:00:00,F0153,24.03,65.37,44.47,31.66,33023,89.46
2026-01-16 05:05:00,F0241,29.09,49.51,18.12,36.69,15401,93.07
2026-01-16 05:10:00,F0033,34.69,54.72,43.55,28.5,16962,93.61
2026-01-16 05:15:00,F0807,20.92,79.55,65.22,24.4,51231,26.82
2026-01-16 05:20:00,F0271,28.9,80.86,21.94,26.53,98564,29.93
2026-01-16 05:25:00,F0105,37.55,82.28,61.17,31.87,50593,96.51
2026-01-16 05:30:00,F0693,32.38,87.75,69.47,24.41,73379,73.53
2026-01-16 05:35:00,F0217,24.95,92.97,31.53,16.81,13220,35.84
2026-01-16 05:40:00,F0072,30.38,37.21,79.34,34.66,84032,28.29
2026-01-16 05:45:00,F0010,40.77,52.22,21.44,31.19,21522,45.19
2026-01-16 05:50:00,F0119,28.68,68.17,15.17,22.17,6053,60.19
2026-01-16 05:55:00,F0425,18.03,78.41,74.43,33.55,51645,56.26
2026-01-16 06:00:00,F0304,33.85,62.72,54.49,16.59,26943,28.37
2026-01-16 06:05:00,F0829,37.37,79.59,44.23,22.24,17402,95.71
2026-01-16 06:10:00,F0157,28.99,72.99,50.43,21.18,8163,56.4
2026-01-16 06:15:00,F0275,18.66,43.96,89.48,25.34,34852,69.46
2026-01-16 06:20:00,F0595,32.72,93.02,48.73,28.9,31103,39.75
2026-01-16 06:25:00,F0110,34.99,55.56,87.73,29.14,12660,34.87
2026-01-16 06:30:00,F0646,27.71,49.53,15.32,23.86,30379,33.43
2026-01-16 06:35:00,F0778,37.42,52.79,85.52,31.16,73944,23.64
2026-01-16 06:40:00,F0501,40.21,55.78,21.57,34.24,11644,22.14
2026-01-16 06:45:00,F0547,32.46,71.86,37.15,33.1,22724,45.77
2026-01-16 06:50:00,F0406,18.9,90.52,16.6,21.46,39088,96.05
2026-01-16 06:55:00,F0410,29.13,49.52,57.11,32.82,84381,66.71
2026-01-16 07:00:00,F0532,32.18,63.07,53.76,25.75,86148,39.72
2026-01-16 07:05:00,F0828,20.56,94.23,84.1,25.49,62411,20.31
2026-01-16 07:10:00,F0074,28.67,91.73,72.39,20.1,63976,45.06
2026-01-16 07:15:00,F0930,25.44,42.82,30.15,37.78,5846,55.53
2026-01-16 07:20:00,F0106,20.66,87.52,48.18,28.2,56459,86.57
2026-01-16 07:25:00,F0038,24.67,31.54,84.14,21.17,39499,26.89
2026-01-16 07:30:00,F0996,37.44,51.72,59.39,25.3,30812,38.59
2026-01-16 07:35:00,F0682,33.89,49.7,57.35,24.36,92924,94.05
2026-01-16 07:40:00,F0384,40.56,44.87,88.92,26.04,90090,22.12
2026-01-16 07:45:00,F0217,35.45,53.41,83.02,35.16,8261,44.89
2026-01-16 07:50:00,F0712,37.13,67.93,43.85,24.3,46610,37.16
2026-01-16 07:55:00,F0396,35.22,92.22,61.01,29.89,60816,38.83
2026-01-16 08:00:00,F0466,23.19,66.92,37.76,24.83,21286,41.84
2026-01-16 08:05:00,F0508,35.22,39.9,83.87,33.23,74420,85.81
2026-01-16 08:10:00,F0867,30.63,85.76,87.73,20.6,82491,32.27
2026-01-16 08:15:00,F0491,33.81,55.22,48.99,17.13,92920,26.26
2026-01-16 08:20:00,F0948,41.02,47.78,30.06,17.86,64124,93.39
2026-01-16 08:25:00,F0400,28.57,32.17,15.44,23.37,85028,28.1
2026-01-16 08:30:00,F0894,23.5,50.76,60.56,17.72,94991,29.71
2026-01-16 08:35:00,F0140,26.14,55.56,75.86,27.82,25638,94.76
2026-01-16 08:40:00,F0380,36.0,55.55,45.05,33.85,71138,75.52
2026-01-16 08:45:00,F0459,18.37,91.01,64.7,29.45,43946,48.85
2026-01-16 08:50:00,F0006,38.33,45.0,68.8,20.76,18343,58.03
2026-01-16 08:55:00,F0861,41.57,77.08,88.92,24.14,98958,66.66
2026-01-16 09:00:00,F0155,26.69,38.2,77.53,29.91,44157,21.91
2026-01-16 09:05:00,F0947,22.17,94.02,15.53,30.34,15560,73.38
2026-01-16 09:10:00,F0768,19.33,83.17,46.81,24.55,77732,56.77
2026-01-16 09:15:00,F0576,24.19,46.4,72.85,29.34,68406,26.55
2026-01-16 09:20:00,F0971,20.11,45.01,18.52,32.02,68108,31.19
2026-01-16 09:25:00,F0783,22.64,85.49,64.95,23.64,76099,69.96
2026-01-16 09:30:00,F0783,34.33,91.76,83.49,33.86,54068,58.25
2026-01-16 09:35:00,F0202,34.17,44.17,19.6,30.3,70366,29.99
2026-01-16 09:40:00,F0693,39.34,93.64,86.15,20.64,55092,88.49
2026-01-16 09:45:00,F0962,26.71,50.61,46.42,28.94,17573,99.03
2026-01-16 09:50:00,F0791,41.79,65.55,80.91,15.48,28960,80.05
2026-01-16 09:55:00,F0539,35.45,55.85,36.56,26.06,9274,71.05
2026-01-16 10:00:00,F0643,41.39,44.52,17.18,19.36,35314,81.17
2026-01-16 10:05:00,F0707,33.07,69.49,46.77,19.35,83008,68.76
2026-01-16 10:10:00,F0068,27.93,60.06,35.54,34.24,20312,38.03
2026-01-16 10:15:00,F0592,33.99,76.35,70.06,30.15,45995,31.19
2026-01-16 10:20:00,F0922,30.81,87.56,62.63,24.25,60534,92.92
2026-01-16 10:25:00,F0180,27.13,69.16,49.58,20.98,82869,65.41
2026-01-16 10:30:00,F0866,38.64,90.86,38.48,35.86,55325,80.93
2026-01-16 10:35:00,F0265,25.23,63.82,72.01,20.71,98909,70.38
2026-01-16 10:40:00,F0786,34.88,65.24,53.05,35.06,16223,25.95
2026-01-16 10:45:00,F0802,41.31,44.35,46.96,15.56,93737,61.58
2026-01-16 10:50:00,F0329,31.49,61.13,78.07,22.3,46576,67.51
2026-01-16 10:55:00,F0676,36.76,33.63,63.02,23.94,22875,82.4
2026-01-16 11:00:00,F0544,29.49,69.63,27.88,23.2,13840,75.05
2026-01-16 11:05:00,F0017,35.12,47.32,44.26,20.41,23059,29.3
2026-01-16 11:10:00,F0183,39.27,92.83,44.65,15.52,20104,35.22
2026-01-16 11:15:00,F0521,25.13,64.79,15.5,29.32,46180,72.63
2026-01-16 11:20:00,F0604,31.63,61.83,72.72,31.59,75874,35.65
2026-01-16 11:25:00,F0851,26.62,61.78,58.42,32.56,9840,65.15
2026-01-16 11:30:00,F0659,37.59,46.57,48.86,30.69,10632,25.15
2026-01-16 11:35:00,F0692,23.2,55.45,84.18,15.27,94124,62.22
2026-01-16 11:40:00,F0152,41.07,55.54,63.97,34.85,14641,28.27
2026-01-16 11:45:00,F0374,40.75,48.96,78.76,19.72,5014,83.72
2026-01-16 11:50:00,F0557,19.03,55.86,33.69,32.09,67606,75.95
2026-01-16 11:55:00,F0592,41.14,70.84,89.57,27.85,68014,57.31
2026-01-16 12:00:00,F0985,39.82,86.19,74.95,15.9,62827,74.64
2026-01-16 12:05:00,F0535,30.59,35.41,62.75,20.28,56936,98.53
2026-01-16 12:10:00,F0781,40.07,65.41,26.2,15.06,18528,20.53
2026-01-16 12:15:00,F0632,28.78,31.46,37.12,27.53,34211,86.37
2026-01-16 12:20:00,F0072,28.48,76.57,51.75,31.06,28438,70.34
2026-01-16 12:25:00,F0335,19.59,70.61,69.8,23.13,12976,74.75
2026-01-16 12:30:00,F0020,18.44,53.62,21.06,26.81,82060,44.29
2026-01-16 12:35:00,F0551,36.45,76.15,24.66,35.17,28261,75.21
2026-01-16 12:40:00,F0014,23.04,30.7,48.88,17.97,43236,23.06
2026-01-16 12:45:00,F0764,33.7,45.01,67.9,19.38,36614,74.62
2026-01-16 12:50:00,F0899,37.66,47.85,89.68,22.61,27831,65.95
2026-01-16 12:55:00,F0446,36.42,39.2,86.75,15.69,80448,28.95
2026-01-16 13:00:00,F0426,35.03,44.37,46.65,35.7,56872,68.98
2026-01-16 13:05:00,F0857,31.4,77.25,37.92,20.72,1188,40.34
2026-01-16 13:10:00,F0286,39.84,34.18,16.41,17.29,52244,41.11
2026-01-16 13:15:00,F0476,18.1,74.58,36.55,33.14,44422,64.19
2026-01-16 13:20:00,F0103,25.9,72.63,51.74,21.88,77035,95.63
2026-01-16 13:25:00,F0851,34.64,63.52,58.98,21.8,16599,48.69
2026-01-16 13:30:00,F0326,37.63,72.52,87.32,24.38,76123,98.26
2026-01-16 13:35:00,F0426,20.37,76.72,29.64,22.59,22289,76.67
2026-01-16 13:40:00,F0382,21.84,45.9,27.2,30.2,73440,94.84
2026-01-16 13:45:00,F0333,30.08,65.64,88.81,29.9,84356,44.33
2026-01-16 13:50:00,F0359,40.11,78.11,86.6,34.57,41116,59.76
2026-01-16 13:55:00,F0415,22.18,52.09,80.28,19.56,48727,23.74
2026-01-16 14:00:00,F0110,20.09,89.45,73.22,33.79,42856,60.52
2026-01-16 14:05:00,F0446,38.04,60.1,67.81,27.7,24221,52.15
2026-01-16 14:10:00,F0227,19.98,58.93,54.86,15.43,32189,21.59
2026-01-16 14:15:00,F0931,41.13,82.15,55.02,33.34,1916,76.54
2026-01-16 14:20:00,F0608,29.3,84.39,47.38,33.38,41566,86.15
2026-01-16 14:25:00,F0135,22.27,94.46,31.51,37.02,44054,96.77
2026-01-16 14:30:00,F0787,25.08,77.5,59.72,19.16,43727,78.92
2026-01-16 14:35:00,F0362,31.52,58.79,48.37,28.79,12568,28.56
2026-01-16 14:40:00,F0193,36.85,94.31,74.81,20.14,93883,44.44
2026-01-16 14:45:00,F0340,29.23,93.15,48.16,20.75,90499,28.33
2026-01-16 14:50:00,F0399,18.01,67.05,81.92,23.2,70547,65.64
2026-01-16 14:55:00,F0934,40.77,81.87,23.18,23.02,23005,34.52
2026-01-16 15:00:00,F0796,22.92,54.63,54.13,32.87,8967,20.62
2026-01-16 15:05:00,F0527,22.7,59.8,66.06,16.62,89030,60.61
2026-01-16 15:10:00,F0592,39.31,68.14,69.11,15.16,65991,42.46
2026-01-16 15:15:00,F0925,20.54,37.59,33.48,34.25,80206,80.41
2026-01-16 15:20:00,F0491,31.86,85.92,59.58,25.73,84021,92.51
2026-01-16 15:25:00,F0337,34.7,90.78,83.43,34.69,29878,36.9
2026-01-16 15:30:00,F0694,29.66,65.17,53.93,23.11,20075,61.07
2026-01-16 15:35:00,F0752,33.43,91.32,79.56,26.78,68178,72.16
2026-01-16 15:40:00,F0560,36.55,46.78,32.61,28.23,52894,75.73
2026-01-16 15:45:00,F0053,35.08,88.28,15.64,15.09,32091,59.72
2026-01-16 15:50:00,F0292,32.77,93.71,78.72,36.68,86652,85.91
2026-01-16 15:55:00,F0801,24.64,60.07,82.55,30.17,41593,42.17
2026-01-16 16:00:00,F0871,41.11,59.37,58.61,34.05,98493,54.08
2026-01-16 16:05:00,F0395,33.37,90.21,36.36,20.34,60234,86.43
2026-01-16 16:10:00,F0582,20.62,55.41,85.25,31.87,33700,47.27
2026-01-16 16:15:00,F0668,40.07,43.6,60.84,22.58,83139,70.95
2026-01-16 16:20:00,F0883,31.62,33.52,75.93,31.19,76012,97.29
2026-01-16 16:25:00,F0373,30.15,50.42,53.05,20.13,89071,59.75
2026-01-16 16:30:00,F0427,33.98,81.83,20.4,25.97,41557,99.68
2026-01-16 16:35:00,F0224,41.78,74.02,51.66,36.97,28592,24.54
2026-01-16 16:40:00,F0454,33.65,36.36,66.5,25.72,51846,27.51
2026-01-16 16:45:00,F0944,34.47,85.89,38.72,15.59,83105,20.21
2026-01-16 16:50:00,F0521,30.83,55.21,26.75,19.39,94781,76.93
2026-01-16 16:55:00,F0330,24.78,45.36,29.18,28.38,80169,47.21
2026-01-16 17:00:00,F0977,31.3,74.34,18.24,19.31,12403,81.2
2026-01-16 17:05:00,F0986,21.32,83.39,75.09,22.25,21790,56.69
2026-01-16 17:10:00,F0322,34.66,76.21,75.66,21.55,60046,32.47
2026-01-16 17:15:00,F0609,34.56,42.24,87.64,20.65,64186,58.98
2026-01-16 17:20:00,F0300,28.17,69.8,81.47,28.46,94108,48.55
2026-01-16 17:25:00,F0377,26.27,59.35,89.15,36.0,20503,22.94
2026-01-16 17:30:00,F0421,20.73,46.35,29.59,37.41,35795,94.96
2026-01-16 17:35:00,F0812,26.65,47.82,50.26,24.01,21986,28.62
2026-01-16 17:40:00,F0578,23.98,73.07,21.99,29.6,63601,74.16
2026-01-16 17:45:00,F0774,36.86,84.78,39.37,25.06,54113,28.27
2026-01-16 17:50:00,F0158,22.05,39.71,88.38,29.93,87011,76.81
2026-01-16 17:55:00,F0028,26.75,49.24,46.44,30.98,33549,73.7
2026-01-16 18:00:00,F0960,24.16,54.03,75.85,22.82,44642,24.08
2026-01-16 18:05:00,F0993,27.79,75.87,47.15,26.49,64869,81.45
2026-01-16 18:10:00,F0621,37.25,50.25,74.52,20.34,18943,59.05
2026-01-16 18:15:00,F0879,41.67,67.48,60.05,21.05,54878,22.83
2026-01-16 18:20:00,F0533,22.27,78.22,33.31,28.01,95486,72.86
2026-01-16 18:25:00,F0840,38.04,91.62,46.81,36.37,3276,34.7
2026-01-16 18:30:00,F0703,22.41,34.03,48.31,36.82,89674,21.87
2026-01-16 18:35:00,F0107,28.99,69.36,47.37,36.59,61585,21.9
2026-01-16 18:40:00,F0739,19.61,52.15,23.09,15.89,28158,66.72
2026-01-16 18:45:00,F0214,24.07,69.75,49.28,28.78,22442,92.99
2026-01-16 18:50:00,F0392,22.38,34.8,63.68,30.77,99947,74.9
2026-01-16 18:55:00,F0237,32.12,71.29,77.93,32.03,21650,66.24
2026-01-16 19:00:00,F0387,36.8,69.61,23.44,34.55,30403,21.99
2026-01-16 19:05:00,F0088,21.83,89.78,18.16,16.28,74298,30.07
2026-01-16 19:10:00,F0149,30.26,72.4,48.34,21.43,60510,82.35
2026-01-16 19:15:00,F0324,24.87,66.38,51.82,27.45,59314,83.14
2026-01-16 19:20:00,F0913,31.14,39.44,45.02,18.47,91828,72.82
2026-01-16 19:25:00,F0851,34.65,78.26,87.0,37.56,22942,53.71
2026-01-16 19:30:00,F0591,31.28,88.6,34.4,31.18,48929,60.26
2026-01-16 19:35:00,F0332,21.3,87.27,51.83,15.3,75431,53.36
2026-01-16 19:40:00,F0710,37.73,72.04,81.46,36.87,58666,32.45
2026-01-16 19:45:00,F0643,24.17,83.08,40.7,23.32,29510,56.24
2026-01-16 19:50:00,F0477,34.68,60.5,56.06,27.34,2847,55.32
2026-01-16 19:55:00,F0830,34.73,69.39,46.24,26.01,61050,82.03
2026-01-16 20:00:00,F0055,41.86,35.62,82.87,26.82,80516,56.3
2026-01-16 20:05:00,F0944,21.68,49.91,44.92,16.41,79477,30.91
2026-01-16 20:10:00,F0816,41.73,88.08,66.53,16.64,85397,80.47
2026-01-16 20:15:00,F0264,20.87,31.74,40.62,34.91,10769,71.64
2026-01-16 20:20:00,F0965,28.18,51.75,69.65,24.15,68542,20.85
2026-01-16 20:25:00,F0207,19.78,84.56,63.09,23.69,62859,97.55
2026-01-16 20:30:00,F0592,38.11,71.34,25.83,28.4,26022,91.81
2026-01-16 20:35:00,F0902,22.18,79.51,34.69,27.8,48312,39.06
2026-01-16 20:40:00,F0383,34.13,47.55,77.88,33.21,12107,66.14
2026-01-16 20:45:00,F0088,41.45,66.16,34.63,15.45,58670,20.22
2026-01-16 20:50:00,F0720,20.84,30.08,53.58,31.65,53479,58.87
2026-01-16 20:55:00,F0920,20.47,41.09,50.97,29.92,95965,95.92
2026-01-16 21:00:00,F0483,37.85,33.78,31.96,24.77,72823,66.32
2026-01-16 21:05:00,F0750,28.62,54.65,67.45,29.91,39492,52.98
2026-01-16 21:10:00,F0686,19.29,93.34,21.87,36.31,75796,94.01
2026-01-16 21:15:00,F0053,34.23,33.31,22.96,27.77,48463,22.25
2026-01-16 21:20:00,F0181,18.28,33.12,41.1,21.65,63069,33.08
2026-01-16 21:25:00,F0781,40.33,44.93,66.2,19.04,11735,20.96
2026-01-16 21:30:00,F0691,22.13,88.58,50.3,35.8,80042,57.87
2026-01-16 21:35:00,F0664,29.06,75.03,64.77,36.55,84886,38.41
2026-01-16 21:40:00,F0614,28.13,68.68,71.14,25.38,41531,40.35
2026-01-16 21:45:00,F0779,22.01,39.84,64.73,30.65,98254,40.63
2026-01-16 21:50:00,F0665,21.98,48.28,45.33,17.6,95214,36.9
2026-01-16 21:55:00,F0299,18.94,81.57,66.0,23.43,25596,39.07
2026-01-16 22:00:00,F0960,36.74,69.82,32.23,25.22,56541,83.7
2026-01-16 22:05:00,F0405,35.8,80.14,66.5,25.29,70936,29.22
2026-01-16 22:10:00,F0693,39.61,79.86,15.36,27.19,46023,59.71
2026-01-16 22:15:00,F0091,37.4,59.76,59.9,16.07,48601,61.68
2026-01-16 22:20:00,F0631,35.37,63.55,20.91,21.28,81252,22.79
2026-01-16 22:25:00,F0060,23.07,83.27,40.31,24.22,38125,78.76
2026-01-16 22:30:00,F0691,26.53,46.61,39.8,27.99,76701,64.63
2026-01-16 22:35:00,F0215,22.38,54.3,33.26,18.34,58851,78.93
2026-01-16 22:40:00,F0112,20.33,37.58,66.86,16.31,92899,61.45
2026-01-16 22:45:00,F0820,34.63,34.6,55.07,24.44,56612,91.77
2026-01-16 22:50:00,F0625,31.29,94.71,39.11,20.11,22750,26.11
2026-01-16 22:55:00,F0366,37.84,56.78,52.51,19.82,87386,56.32
2026-01-16 23:00:00,F0712,22.77,47.87,85.27,27.23,6227,90.78
2026-01-16 23:05:00,F0152,33.76,57.21,26.61,29.17,65925,73.02
2026-01-16 23:10:00,F0138,18.21,85.35,37.24,34.0,76293,61.36
2026-01-16 23:15:00,F0906,40.25,89.89,56.1,17.35,80922,31.27
2026-01-16 23:20:00,F0066,38.49,82.28,50.29,30.71,80803,78.31
2026-01-16 23:25:00,F0287,28.72,55.13,37.1,28.43,60725,96.67
2026-01-16 23:30:00,F0494,35.31,89.73,66.16,37.69,24624,26.45
2026-01-16 23:35:00,F0441,19.88,41.91,40.2,16.09,36576,47.53
2026-01-16 23:40:00,F0148,32.92,88.31,46.79,34.88,57080,69.57
2026-01-16 23:45:00,F0516,30.44,70.21,59.23,27.46,61427,95.26
2026-01-16 23:50:00,F0339,25.04,51.41,34.35,25.39,39654,97.32
2026-01-16 23:55:00,F0242,24.66,37.51,60.78,37.89,95639,94.85
2026-01-17 00:00:00,F0709,41.61,57.04,81.79,15.08,44030,97.0
2026-01-17 00:05:00,F0446,22.37,59.49,64.76,16.47,92526,66.51
2026-01-17 00:10:00,F0258,27.05,46.2,60.21,17.55,37542,87.32
2026-01-17 00:15:00,F0541,24.87,49.15,60.3,24.7,88697,47.96
2026-01-17 00:20:00,F0122,40.11,34.54,42.01,27.75,53699,30.89
2026-01-17 00:25:00,F0136,34.83,45.6,82.22,37.22,61992,22.26
2026-01-17 00:30:00,F0429,26.05,46.4,17.27,22.27,31417,28.17
2026-01-17 00:35:00,F0036,21.15,38.48,62.67,21.89,33515,24.23
2026-01-17 00:40:00,F0858,28.56,73.89,75.63,36.01,94778,80.04
2026-01-17 00:45:00,F0504,19.62,56.9,63.65,21.54,60843,89.78
2026-01-17 00:50:00,F0361,28.04,86.0,74.99,17.42,82991,26.12
2026-01-17 00:55:00,F0557,34.76,61.95,78.56,27.82,64998,63.17
2026-01-17 01:00:00,F0818,19.14,55.68,20.82,31.03,40165,47.74
2026-01-17 01:05:00,F0883,30.26,63.38,43.25,23.13,43743,76.69
2026-01-17 01:10:00,F0304,19.92,90.46,27.39,34.65,90215,61.78
2026-01-17 01:15:00,F0347,21.35,90.98,83.62,27.04,71817,50.5
2026-01-17 01:20:00,F0599,19.0,90.15,77.56,29.11,52132,67.15
2026-01-17 01:25:00,F0732,32.54,79.48,28.17,26.53,21489,99.48
2026-01-17 01:30:00,F0861,30.78,48.63,81.26,22.55,6826,39.4
2026-01-17 01:35:00,F0686,23.29,73.84,76.09,27.43,61328,27.29
2026-01-17 01:40:00,F0752,36.11,40.89,70.93,36.11,28261,89.4
2026-01-17 01:45:00,F0968,27.16,58.37,36.97,33.12,99169,58.44
2026-01-17 01:50:00,F0399,21.27,91.41,67.68,32.89,25399,57.7
2026-01-17 01:55:00,F0542,29.11,54.62,17.18,20.59,1824,60.47
2026-01-17 02:00:00,F0935,29.59,66.47,77.34,25.07,11484,96.53
2026-01-17 02:05:00,F0008,27.76,73.28,32.07,20.1,84588,70.66
2026-01-17 02:10:00,F0833,38.88,79.19,86.7,31.2,63958,39.42
2026-01-17 02:15:00,F0913,28.21,42.54,63.78,34.75,60364,59.98
2026-01-17 02:20:00,F0731,36.41,33.64,39.79,22.81,47720,76.46
2026-01-17 02:25:00,F0482,23.24,91.2,73.2,20.07,84365,73.54
2026-01-17 02:30:00,F0130,22.09,52.39,84.34,25.31,3968,44.97
2026-01-17 02:35:00,F0168,36.93,32.71,69.51,18.51,45850,47.02
2026-01-17 02:40:00,F0931,27.85,69.24,74.23,30.73,76870,83.66
2026-01-17 02:45:00,F0914,39.97,59.78,17.9,17.4,55469,58.13
2026-01-17 02:50:00,F0572,30.9,92.03,41.98,28.43,84575,82.75
2026-01-17 02:55:00,F0293,27.59,71.92,32.46,23.99,45993,50.41
2026-01-17 03:00:00,F0011,25.13,92.75,53.62,36.33,35675,79.69
2026-01-17 03:05:00,F0442,29.99,44.84,29.06,19.1,10247,97.19
2026-01-17 03:10:00,F0167,24.8,69.15,41.42,25.7,91370,55.02
2026-01-17 03:15:00,F0011,33.82,57.51,27.13,30.58,35310,95.2
2026-01-17 03:20:00,F0597,38.17,74.04,35.93,18.67,36990,22.54
2026-01-17 03:25:00,F0423,18.58,66.09,39.23,16.36,17878,95.52
2026-01-17 03:30:00,F0049,23.41,92.09,58.19,15.67,16378,39.31
2026-01-17 03:35:00,F0969,30.11,35.92,71.94,18.31,30339,39.82
2026-01-17 03:40:00,F0435,31.19,33.47,81.83,27.61,10921,23.06
2026-01-17 03:45:00,F0690,18.41,37.6,76.4,19.75,37726,87.02
2026-01-17 03:50:00,F0203,25.83,59.79,24.7,30.09,65356,33.26
2026-01-17 03:55:00,F0786,29.06,94.87,84.45,23.41,57556,72.8
2026-01-17 04:00:00,F0377,29.1,89.57,65.08,21.8,65833,47.25
2026-01-17 04:05:00,F0352,32.68,54.11,42.59,35.49,43494,91.72
2026-01-17 04:10:00,F0246,34.52,55.14,57.24,29.53,59079,29.18
2026-01-17 04:15:00,F0527,26.75,87.86,77.99,35.64,74289,37.94
2026-01-17 04:20:00,F0354,40.61,74.83,24.82,34.62,49099,31.47
2026-01-17 04:25:00,F0956,19.48,59.45,65.16,27.18,66617,33.12
2026-01-17 04:30:00,F0778,19.78,72.26,22.22,16.54,83464,76.78
2026-01-17 04:35:00,F0095,25.18,89.0,51.86,31.34,42899,31.92
2026-01-17 04:40:00,F0824,22.91,81.32,64.86,25.89,51556,81.2
2026-01-17 04:45:00,F0903,24.29,43.16,53.47,32.82,19546,44.01
2026-01-17 04:50:00,F0059,22.53,77.37,66.24,20.57,95829,94.98
2026-01-17 04:55:00,F0805,22.04,94.48,80.85,21.57,97571,76.18
2026-01-17 05:00:00,F0597,22.81,80.24,32.52,29.81,3890,66.07
2026-01-17 05:05:00,F0093,22.22,76.58,76.71,35.73,48408,77.47
2026-01-17 05:10:00,F0676,21.95,61.08,38.77,28.07,93720,22.15
2026-01-17 05:15:00,F0948,37.62,69.51,33.97,18.13,86905,38.93
2026-01-17 05:20:00,F0158,25.8,56.43,21.48,35.7,12398,96.38
2026-01-17 05:25:00,F0801,20.73,81.99,70.58,31.79,31569,40.96
2026-01-17 05:30:00,F0515,35.04,60.74,30.16,28.82,90865,69.87
2026-01-17 05:35:00,F0709,22.22,60.01,56.01,17.01,65693,39.14
2026-01-17 05:40:00,F0840,21.08,79.92,26.31,32.79,82165,26.9
2026-01-17 05:45:00,F0713,34.99,62.66,89.54,15.91,39010,67.37
2026-01-17 05:50:00,F0313,31.45,40.58,54.42,28.85,73883,63.6
2026-01-17 05:55:00,F0541,35.07,67.6,65.81,21.95,48246,32.62
2026-01-17 06:00:00,F0120,37.79,37.0,58.18,28.57,68257,32.33
2026-01-17 06:05:00,F0687,23.21,50.86,87.32,31.72,92251,36.55
2026-01-17 06:10:00,F0453,41.02,45.18,47.33,34.84,53257,59.12
2026-01-17 06:15:00,F0308,41.37,76.25,67.18,16.59,64472,26.81
2026-01-17 06:20:00,F0879,33.72,74.9,82.64,17.12,16093,91.03
2026-01-17 06:25:00,F0813,36.31,48.89,39.08,34.94,15681,39.13
2026-01-17 06:30:00,F0211,36.76,31.49,81.55,20.73,35537,67.39
2026-01-17 06:35:00,F0441,18.67,62.05,34.21,26.94,52228,47.6
2026-01-17 06:40:00,F0847,35.17,59.5,71.33,18.53,93731,88.77
2026-01-17 06:45:00,F0471,21.65,34.89,43.3,32.17,16423,51.55
2026-01-17 06:50:00,F0856,22.7,62.34,63.19,31.75,13166,72.19
2026-01-17 06:55:00,F0874,34.12,93.48,19.12,32.72,91443,80.4
2026-01-17 07:00:00,F1000,38.33,32.01,29.1,34.71,81222,50.33
2026-01-17 07:05:00,F0791,22.94,57.59,80.22,15.52,46268,67.5
2026-01-17 07:10:00,F0288,27.66,68.82,77.8,24.13,90970,68.37
2026-01-17 07:15:00,F0882,35.18,94.14,33.59,30.87,8768,22.34
2026-01-17 07:20:00,F0111,35.81,50.69,76.41,32.97,77021,59.64
2026-01-17 07:25:00,F0935,19.58,72.64,56.96,19.55,24934,37.3
2026-01-17 07:30:00,F0221,38.27,81.94,45.47,35.46,65345,43.45
2026-01-17 07:35:00,F0903,34.7,75.08,56.4,29.33,86339,33.69
2026-01-17 07:40:00,F0480,26.04,77.59,78.05,26.34,19630,61.97
2026-01-17 07:45:00,F0911,25.8,65.21,66.93,30.78,73143,95.64
2026-01-17 07:50:00,F0761,24.58,50.56,80.27,19.87,15985,91.53
2026-01-17 07:55:00,F0978,28.1,31.56,31.11,22.15,22639,82.26
2026-01-17 08:00:00,F0241,28.28,65.27,83.17,27.6,65099,35.64
2026-01-17 08:05:00,F0900,31.5,71.27,25.9,20.53,3227,22.6
2026-01-17 08:10:00,F0712,23.65,46.6,42.31,22.16,56193,91.89
2026-01-17 08:15:00,F0281,30.41,77.97,85.78,21.11,52497,38.47
2026-01-17 08:20:00,F0786,20.12,32.51,32.1,25.52,46246,91.22
2026-01-17 08:25:00,F0589,28.61,55.98,24.14,23.24,40571,20.39
2026-01-17 08:30:00,F0106,20.66,80.46,33.98,16.83,58594,34.26
2026-01-17 08:35:00,F0116,34.96,76.24,67.73,35.51,10527,53.13
2026-01-17 08:40:00,F0391,20.84,49.95,83.81,34.77,50158,26.09
2026-01-17 08:45:00,F0529,32.58,55.98,71.13,33.0,45786,47.18
2026-01-17 08:50:00,F0646,24.47,93.14,83.23,19.04,53197,60.06
2026-01-17 08:55:00,F0253,27.11,78.95,84.37,36.69,31339,59.99
2026-01-17 09:00:00,F0092,41.73,82.45,29.88,35.18,89690,41.82
2026-01-17 09:05:00,F0703,25.55,94.47,78.57,23.15,54775,83.03
2026-01-17 09:10:00,F0030,18.21,94.51,78.84,17.13,55219,71.48
2026-01-17 09:15:00,F0141,21.65,80.4,86.73,37.28,50336,83.99
2026-01-17 09:20:00,F0483,39.77,74.65,66.78,29.99,96260,97.27
2026-01-17 09:25:00,F0456,35.85,82.19,44.29,27.2,71133,49.41
2026-01-17 09:30:00,F0805,38.99,91.25,39.36,30.62,60111,21.72
2026-01-17 09:35:00,F0809,32.05,46.81,73.57,28.9,12145,52.51
2026-01-17 09:40:00,F0941,39.77,32.15,23.51,19.35,91855,83.26
2026-01-17 09:45:00,F0877,39.4,80.29,16.44,21.33,70165,70.27
2026-01-17 09:50:00,F0576,24.53,86.65,87.09,33.7,5446,21.25
2026-01-17 09:55:00,F0431,22.15,61.66,57.78,31.39,76550,46.83
2026-01-17 10:00:00,F0727,20.98,82.73,59.54,23.17,38366,69.04
2026-01-17 10:05:00,F0397,28.27,51.4,25.36,16.94,98239,80.13
2026-01-17 10:10:00,F0488,38.22,75.38,41.53,25.01,63213,47.42
2026-01-17 10:15:00,F0513,18.19,30.78,46.12,36.4,95168,89.15
2026-01-17 10:20:00,F0664,41.83,43.31,37.95,28.34,38298,75.77
2026-01-17 10:25:00,F0327,32.04,45.23,65.56,33.77,94270,37.03
2026-01-17 10:30:00,F0234,37.76,57.47,83.21,26.83,64755,77.47
2026-01-17 10:35:00,F0704,40.93,85.4,18.98,25.23,61964,64.49
2026-01-17 10:40:00,F0969,20.48,74.4,61.72,29.63,45281,55.88
2026-01-17 10:45:00,F0975,19.8,78.0,18.07,21.22,75223,44.14
2026-01-17 10:50:00,F0289,20.16,89.87,36.63,29.39,84505,87.82
2026-01-17 10:55:00,F0820,23.89,76.39,73.04,33.11,72017,36.16
2026-01-17 11:00:00,F0219,29.6,73.84,75.73,31.4,54134,72.67
2026-01-17 11:05:00,F0588,41.85,38.11,30.61,36.12,55336,90.82
2026-01-17 11:10:00,F0388,24.57,59.66,68.32,17.2,11851,47.33
2026-01-17 11:15:00,F0574,21.12,77.37,88.84,34.22,62439,96.78
2026-01-17 11:20:00,F0692,39.36,81.38,35.82,36.44,1265,59.01
2026-01-17 11:25:00,F0591,20.9,94.27,23.94,21.92,53602,40.62
2026-01-17 11:30:00,F0391,35.1,35.31,22.73,28.4,67170,39.29
2026-01-17 11:35:00,F0777,31.84,53.61,37.76,31.82,40580,89.85
2026-01-17 11:40:00,F0502,23.11,77.56,72.72,26.87,72646,88.64
2026-01-17 11:45:00,F0784,26.08,76.18,33.09,38.0,88700,58.63
2026-01-17 11:50:00,F0300,31.43,84.52,69.6,25.55,8406,57.5
2026-01-17 11:55:00,F0574,39.3,71.11,40.55,18.97,13426,32.55
2026-01-17 12:00:00,F0769,33.6,80.11,77.12,27.66,22420,80.4
2026-01-17 12:05:00,F0416,29.59,93.15,19.53,24.41,54197,52.95
2026-01-17 12:10:00,F0020,21.56,57.97,83.29,34.4,72999,99.42
2026-01-17 12:15:00,F0849,31.71,94.83,49.45,24.43,53757,80.64
2026-01-17 12:20:00,F0685,30.71,93.38,72.64,15.03,2818,35.11
2026-01-17 12:25:00,F0763,29.34,84.08,71.19,34.38,3775,55.76
2026-01-17 12:30:00,F0831,23.9,63.81,19.56,29.52,99541,78.65
2026-01-17 12:35:00,F0942,35.13,79.64,71.36,36.6,30464,33.14
2026-01-17 12:40:00,F0511,37.21,81.64,67.97,28.12,68482,38.77
2026-01-17 12:45:00,F0517,24.51,40.05,67.14,25.01,95704,44.36
2026-01-17 12:50:00,F0451,38.77,90.7,28.2,24.43,8768,88.19
2026-01-17 12:55:00,F0818,24.87,86.13,75.91,24.08,58886,30.66
2026-01-17 13:00:00,F0483,27.48,74.0,21.74,28.76,21992,60.17
2026-01-17 13:05:00,F0458,41.95,47.64,50.75,23.05,6289,35.51
2026-01-17 13:10:00,F0342,36.35,79.06,19.58,25.06,24534,51.78
2026-01-17 13:15:00,F0232,19.4,38.13,70.74,30.26,34513,47.63
2026-01-17 13:20:00,F0976,40.23,91.91,31.7,15.23,94814,80.71
2026-01-17 13:25:00,F0473,36.08,83.3,73.17,15.9,50951,38.17
2026-01-17 13:30:00,F0089,28.38,52.28,63.55,21.25,53391,79.57
2026-01-17 13:35:00,F0377,20.93,52.27,56.85,26.09,83952,65.98
2026-01-17 13:40:00,F0026,19.48,81.91,78.04,35.23,53355,77.87
2026-01-17 13:45:00,F0786,27.8,90.5,29.56,26.33,31218,37.37
2026-01-17 13:50:00,F0265,21.11,64.63,41.62,24.21,69109,38.47
2026-01-17 13:55:00,F0144,39.49,84.14,76.03,26.44,24162,34.9
2026-01-17 14:00:00,F0769,31.91,36.63,32.48,20.28,62805,85.96
2026-01-17 14:05:00,F0751,34.78,87.55,15.52,30.94,41919,31.41
2026-01-17 14:10:00,F0213,24.02,88.25,30.33,25.25,36009,35.8
2026-01-17 14:15:00,F0239,39.29,42.78,24.28,29.42,68454,36.84
2026-01-17 14:20:00,F0288,26.81,71.25,87.62,17.94,85629,58.95
2026-01-17 14:25:00,F0561,33.02,30.82,49.86,25.12,78652,61.9
2026-01-17 14:30:00,F0728,33.4,54.16,85.14,30.58,63589,95.96
2026-01-17 14:35:00,F0586,33.81,65.12,82.02,30.01,51615,43.66
2026-01-17 14:40:00,F0865,34.94,49.97,69.59,30.9,13564,49.41
2026-01-17 14:45:00,F0682,34.72,81.45,49.77,30.38,58026,43.15
2026-01-17 14:50:00,F0331,22.95,39.46,76.79,19.56,79975,54.29
2026-01-17 14:55:00,F0543,26.7,43.27,69.44,18.05,73888,37.07
2026-01-17 15:00:00,F0823,31.73,44.36,49.26,35.93,62439,93.1
2026-01-17 15:05:00,F0694,34.13,86.06,65.83,16.85,49797,21.83
2026-01-17 15:10:00,F0169,20.27,63.14,71.82,33.96,56129,97.12
2026-01-17 15:15:00,F0818,26.71,35.25,66.37,15.69,44466,20.93
2026-01-17 15:20:00,F0447,28.43,89.25,63.7,24.31,88961,81.39
2026-01-17 15:25:00,F0413,33.51,44.51,37.32,24.6,13271,89.67
2026-01-17 15:30:00,F0849,31.64,74.11,47.14,18.27,77490,48.67
2026-01-17 15:35:00,F0631,20.14,77.5,32.33,22.7,41687,31.73
2026-01-17 15:40:00,F0481,27.15,39.93,39.39,28.02,53486,39.36
2026-01-17 15:45:00,F0694,28.6,43.38,65.75,24.54,79193,68.3
2026-01-17 15:50:00,F0630,26.08,68.77,15.54,27.8,46595,45.63
2026-01-17 15:55:00,F0762,24.86,53.55,73.4,30.02,27002,25.96
2026-01-17 16:00:00,F0060,30.33,44.12,19.02,31.98,12932,21.26
2026-01-17 16:05:00,F0150,35.67,91.42,85.5,23.74,50288,37.72
2026-01-17 16:10:00,F0761,41.35,52.81,44.29,33.28,27855,77.59
2026-01-17 16:15:00,F0847,22.46,91.56,30.34,36.12,60246,41.43
2026-01-17 16:20:00,F0219,32.36,34.25,65.06,15.12,13587,66.42
2026-01-17 16:25:00,F0035,32.48,49.65,53.95,24.12,96323,21.83
2026-01-17 16:30:00,F0453,22.99,85.83,26.57,22.12,59625,81.88
2026-01-17 16:35:00,F0572,39.28,70.82,29.83,25.79,47845,69.12
2026-01-17 16:40:00,F0646,40.55,35.94,89.38,33.28,81787,73.67
2026-01-17 16:45:00,F0614,22.75,36.29,46.11,36.05,93701,72.55
2026-01-17 16:50:00,F0375,33.32,66.35,16.09,23.05,65335,85.17
2026-01-17 16:55:00,F0733,24.53,58.3,58.1,21.9,65717,83.42
2026-01-17 17:00:00,F0706,41.05,45.2,48.04,27.63,8465,79.54
2026-01-17 17:05:00,F0806,39.4,76.25,24.81,36.7,4931,72.73
2026-01-17 17:10:00,F0399,28.48,89.7,21.59,19.4,72083,83.91
2026-01-17 17:15:00,F0311,35.76,58.77,59.51,36.21,71745,60.2
2026-01-17 17:20:00,F0456,24.56,82.99,41.61,28.94,53858,60.65
2026-01-17 17:25:00,F0634,23.14,32.64,26.83,22.44,20634,39.18
2026-01-17 17:30:00,F0524,38.65,71.92,77.15,23.97,52548,84.18
2026-01-17 17:35:00,F0976,33.35,47.24,31.67,32.81,31434,48.67
2026-01-17 17:40:00,F0542,27.74,51.45,89.76,19.29,14385,74.88
2026-01-17 17:45:00,F0399,18.77,45.28,48.89,15.12,72552,23.6
2026-01-17 17:50:00,F0339,38.83,57.27,36.81,24.82,40276,66.99
2026-01-17 17:55:00,F0061,23.09,56.15,48.1,25.57,97292,93.12
2026-01-17 18:00:00,F0126,33.77,87.29,46.95,19.28,16177,85.0
2026-01-17 18:05:00,F0046,41.64,45.45,58.09,30.65,92586,45.04
2026-01-17 18:10:00,F0360,31.23,56.57,52.7,36.3,10192,71.08
2026-01-17 18:15:00,F0925,33.33,32.76,77.14,17.82,69306,68.17
2026-01-17 18:20:00,F0221,23.2,38.52,55.79,31.44,87705,52.09
2026-01-17 18:25:00,F0103,37.56,63.52,38.67,15.01,4396,33.39
2026-01-17 18:30:00,F0347,36.85,61.32,74.24,15.27,5085,25.49
2026-01-17 18:35:00,F0877,25.06,53.0,49.93,37.15,13142,92.9
2026-01-17 18:40:00,F0573,19.32,78.6,64.06,17.08,39692,68.61
2026-01-17 18:45:00,F0790,31.88,42.33,45.09,33.04,49978,22.89
2026-01-17 18:50:00,F0365,26.07,67.41,65.39,32.01,78740,37.81
2026-01-17 18:55:00,F0951,31.83,64.6,21.11,24.96,87542,59.4
2026-01-17 19:00:00,F0495,18.19,30.75,38.34,36.8,79308,88.06
2026-01-17 19:05:00,F0725,21.91,84.31,86.87,27.85,94767,96.34
2026-01-17 19:10:00,F0868,40.46,53.77,51.78,35.97,14292,68.01
2026-01-17 19:15:00,F0086,21.69,68.41,30.57,18.23,26521,42.36
2026-01-17 19:20:00,F0362,21.92,38.76,57.19,36.67,35758,23.31
2026-01-17 19:25:00,F0054,40.65,83.74,50.85,30.55,62759,59.68
2026-01-17 19:30:00,F0535,31.34,55.05,68.73,20.86,1905,51.09
2026-01-17 19:35:00,F0109,19.64,89.68,86.04,19.17,55331,83.12
2026-01-17 19:40:00,F0759,21.15,32.13,32.22,16.37,51899,67.35
2026-01-17 19:45:00,F0851,26.89,34.77,38.85,30.5,23022,28.81
2026-01-17 19:50:00,F0568,28.36,84.05,19.76,16.88,16917,73.38
2026-01-17 19:55:00,F0135,38.72,76.18,73.49,35.12,81554,87.5
2026-01-17 20:00:00,F0949,23.32,33.85,39.34,28.43,98719,60.64
2026-01-17 20:05:00,F0508,31.94,89.49,19.47,33.12,29988,29.2
2026-01-17 20:10:00,F0292,37.58,52.15,47.29,30.14,67177,76.09
2026-01-17 20:15:00,F0867,37.57,84.98,81.11,31.19,84003,28.62
2026-01-17 20:20:00,F0782,27.71,65.59,87.52,23.26,46059,33.06
2026-01-17 20:25:00,F0067,21.38,33.18,31.29,24.71,69008,29.8
2026-01-17 20:30:00,F0805,24.58,36.71,66.68,27.81,2747,40.25
2026-01-17 20:35:00,F0766,37.11,56.46,18.19,27.45,10879,75.34
2026-01-17 20:40:00,F0512,39.77,46.68,75.33,27.69,31944,41.85
2026-01-17 20:45:00,F0578,25.82,48.23,80.65,15.69,53945,20.92
2026-01-17 20:50:00,F0697,37.48,78.11,77.15,35.97,5552,53.12
2026-01-17 20:55:00,F0135,34.62,59.69,40.54,24.94,74072,37.64
2026-01-17 21:00:00,F0634,33.3,89.45,41.13,30.04,64846,40.63
2026-01-17 21:05:00,F0623,41.59,35.08,25.73,29.23,3107,43.23
2026-01-17 21:10:00,F0368,28.9,85.86,63.79,35.88,24480,45.3
2026-01-17 21:15:00,F0196,34.19,70.76,36.57,24.34,52188,68.39
2026-01-17 21:20:00,F0900,32.41,52.45,18.37,23.99,38446,59.63
2026-01-17 21:25:00,F0538,41.53,56.06,50.21,21.75,94349,50.03
2026-01-17 21:30:00,F0532,25.68,88.93,25.11,32.99,90965,50.99
2026-01-17 21:35:00,F0624,37.36,92.23,21.36,32.45,51717,30.97
2026-01-17 21:40:00,F0737,30.96,58.3,72.6,22.09,69431,30.2
2026-01-17 21:45:00,F0828,40.59,86.95,59.59,29.52,89489,53.05
2026-01-17 21:50:00,F0667,19.1,55.73,43.39,34.3,98781,59.29
2026-01-17 21:55:00,F0701,25.09,40.28,82.26,33.9,66174,96.15
2026-01-17 22:00:00,F0212,20.08,90.96,39.17,21.29,27617,47.22
2026-01-17 22:05:00,F0350,37.87,55.37,17.54,26.98,98665,86.95
2026-01-17 22:10:00,F0858,32.86,69.01,80.89,25.41,15155,48.96
2026-01-17 22:15:00,F0870,19.36,80.23,15.62,23.28,96964,91.77
2026-01-17 22:20:00,F0339,22.78,35.7,68.92,26.85,49688,93.48
2026-01-17 22:25:00,F0018,25.91,92.44,61.78,21.63,20583,39.38
2026-01-17 22:30:00,F0130,35.41,76.22,15.5,16.96,20252,93.71
2026-01-17 22:35:00,F0593,24.5,46.78,70.81,31.69,37328,92.7
2026-01-17 22:40:00,F0657,37.17,48.27,17.32,35.78,64632,60.96
2026-01-17 22:45:00,F0272,34.67,82.02,29.76,34.39,62024,90.08
2026-01-17 22:50:00,F0494,32.2,65.36,66.69,21.99,20475,27.73
2026-01-17 22:55:00,F0118,28.25,64.51,32.11,19.99,82619,95.23
2026-01-17 23:00:00,F0887,34.35,78.48,21.06,17.51,3030,96.81
2026-01-17 23:05:00,F0824,34.35,54.89,79.61,18.74,54529,47.5
2026-01-17 23:10:00,F0475,30.46,70.08,75.41,33.65,90034,46.6
2026-01-17 23:15:00,F0517,29.36,93.21,73.22,35.03,17711,53.36
2026-01-17 23:20:00,F0786,34.85,62.65,86.28,18.31,99171,80.58
2026-01-17 23:25:00,F0506,37.78,39.69,38.31,32.2,17811,71.15
2026-01-17 23:30:00,F0208,25.85,34.39,49.95,27.11,74020,80.58
2026-01-17 23:35:00,F0567,18.61,32.99,33.71,22.74,31199,64.32
2026-01-17 23:40:00,F0540,22.48,92.54,26.91,37.7,58852,51.74
2026-01-17 23:45:00,F0446,27.11,54.63,18.32,17.96,72562,97.59
2026-01-17 23:50:00,F0307,25.7,75.26,52.54,16.82,88179,30.35
2026-01-17 23:55:00,F0641,29.34,43.49,66.3,33.9,94950,92.9
2026-01-18 00:00:00,F0569,26.64,42.32,42.86,32.25,18860,51.69
2026-01-18 00:05:00,F0098,33.76,32.24,78.1,31.37,11774,40.55
2026-01-18 00:10:00,F0978,24.32,30.25,76.43,15.35,51815,26.53
2026-01-18 00:15:00,F0945,24.87,39.25,74.13,28.74,41093,48.2
2026-01-18 00:20:00,F0473,25.49,90.55,31.02,28.69,81259,88.02
2026-01-18 00:25:00,F0100,37.46,74.43,42.18,20.22,32855,90.97
2026-01-18 00:30:00,F0805,31.94,59.31,61.67,34.37,62263,22.28
2026-01-18 00:35:00,F0026,36.0,78.51,74.39,21.96,39599,44.12
2026-01-18 00:40:00,F0615,29.91,78.03,55.71,23.19,73292,77.36
2026-01-18 00:45:00,F0642,19.65,64.49,52.99,34.27,63411,60.94
2026-01-18 00:50:00,F0055,40.75,94.74,75.67,18.01,49019,65.82
2026-01-18 00:55:00,F0158,29.98,46.58,49.23,37.49,29782,61.2
2026-01-18 01:00:00,F0503,39.67,67.92,18.38,36.16,29100,29.4
2026-01-18 01:05:00,F0172,22.47,86.61,39.11,27.81,58536,21.1
2026-01-18 01:10:00,F0462,22.96,37.65,38.41,36.66,97705,90.23
2026-01-18 01:15:00,F0538,23.24,55.76,49.75,25.58,95772,88.68
2026-01-18 01:20:00,F0262,18.15,31.17,45.2,24.46,47301,52.18
2026-01-18 01:25:00,F0004,34.13,59.2,87.18,18.2,73040,88.2
2026-01-18 01:30:00,F0124,38.77,41.76,66.56,27.39,16849,66.48
2026-01-18 01:35:00,F0951,23.1,85.67,46.15,37.04,22631,58.46
2026-01-18 01:40:00,F0810,24.28,58.62,47.0,31.29,29245,67.9
2026-01-18 01:45:00,F0203,38.41,88.91,69.14,23.28,77838,99.86
2026-01-18 01:50:00,F0442,31.68,73.05,17.75,24.25,87524,97.33
2026-01-18 01:55:00,F0034,39.3,65.3,89.14,17.17,27526,40.19
2026-01-18 02:00:00,F0937,24.35,94.9,54.08,31.72,76796,90.26
2026-01-18 02:05:00,F0576,20.2,92.83,64.34,37.57,57753,48.12
2026-01-18 02:10:00,F0158,41.2,41.79,17.18,23.94,31807,57.41
2026-01-18 02:15:00,F0699,20.12,79.21,16.42,27.86,96137,95.04
2026-01-18 02:20:00,F0809,27.03,70.68,54.68,16.91,54840,78.13
2026-01-18 02:25:00,F0594,26.39,53.49,88.87,27.71,82975,76.78
2026-01-18 02:30:00,F0587,40.37,40.85,61.7,26.49,99920,35.79
2026-01-18 02:35:00,F0107,23.01,85.46,29.51,30.85,45099,66.1
2026-01-18 02:40:00,F0182,29.73,59.98,53.98,25.95,48986,65.44
2026-01-18 02:45:00,F0370,36.92,57.63,30.65,32.84,12704,58.84
2026-01-18 02:50:00,F0610,19.75,52.49,73.08,37.91,4078,96.79
2026-01-18 02:55:00,F0669,31.07,49.36,47.43,26.3,18075,35.36
2026-01-18 03:00:00,F0623,32.57,74.17,51.75,24.34,48621,89.27
2026-01-18 03:05:00,F0034,20.26,35.33,60.73,22.69,69903,97.36
2026-01-18 03:10:00,F0316,24.79,78.71,45.95,20.78,82064,32.5
2026-01-18 03:15:00,F0077,24.28,68.03,15.96,15.06,96174,61.97
2026-01-18 03:20:00,F0404,20.33,90.69,73.3,35.87,33779,86.04
2026-01-18 03:25:00,F0721,32.53,50.27,62.16,33.42,80008,65.65
2026-01-18 03:30:00,F0092,26.22,88.87,31.81,30.21,4507,50.51
2026-01-18 03:35:00,F0628,40.53,54.76,64.97,23.9,24790,98.22
2026-01-18 03:40:00,F0599,34.21,37.68,75.07,32.52,61040,34.5
2026-01-18 03:45:00,F0313,23.37,41.27,42.29,33.36,75398,65.27
2026-01-18 03:50:00,F0163,39.5,89.23,61.53,25.79,88106,87.54
2026-01-18 03:55:00,F0662,26.74,89.48,48.29,19.5,65080,57.35
2026-01-18 04:00:00,F0122,20.78,51.82,65.84,17.21,62150,74.07
2026-01-18 04:05:00,F0211,33.01,41.89,77.75,24.52,77839,53.92
2026-01-18 04:10:00,F0349,27.75,65.87,55.2,29.74,73128,53.61
2026-01-18 04:15:00,F0065,18.84,79.15,40.73,28.91,27275,95.34
2026-01-18 04:20:00,F0513,27.08,92.93,79.65,33.81,78484,43.47
2026-01-18 04:25:00,F0218,40.77,89.53,89.46,24.45,36591,90.7
2026-01-18 04:30:00,F0053,22.04,43.05,51.75,34.31,87226,53.94
2026-01-18 04:35:00,F0822,36.37,52.79,44.53,35.05,35581,78.83
2026-01-18 04:40:00,F0531,28.67,78.19,43.88,20.96,77463,70.64
2026-01-18 04:45:00,F0996,28.62,35.09,41.52,29.45,97767,39.09
2026-01-18 04:50:00,F0875,28.64,46.43,38.98,15.83,84692,30.38
2026-01-18 04:55:00,F0025,36.59,45.69,52.14,28.81,1728,64.73
2026-01-18 05:00:00,F0280,34.3,78.62,60.84,22.24,30752,71.33
2026-01-18 05:05:00,F0265,25.99,31.75,48.07,33.74,37655,64.32
2026-01-18 05:10:00,F0965,18.78,92.91,54.37,23.62,70742,37.27
2026-01-18 05:15:00,F0747,30.81,90.12,58.53,19.29,80582,29.67
2026-01-18 05:20:00,F0417,32.42,49.69,70.52,15.99,37267,84.91
2026-01-18 05:25:00,F0030,29.39,59.81,19.15,33.47,37023,26.99
2026-01-18 05:30:00,F0002,35.32,55.11,28.25,37.76,34759,87.07
2026-01-18 05:35:00,F0322,20.48,82.14,80.96,24.38,68702,38.44
2026-01-18 05:40:00,F0546,28.85,67.79,30.45,35.49,52716,57.38
2026-01-18 05:45:00,F0664,28.25,74.96,89.84,36.94,52654,89.1
2026-01-18 05:50:00,F0764,18.9,44.2,79.28,18.14,64660,35.73
2026-01-18 05:55:00,F0803,31.69,60.84,23.36,28.68,8036,76.7
2026-01-18 06:00:00,F0777,31.81,83.18,20.24,35.17,3771,34.32
2026-01-18 06:05:00,F0501,28.47,61.39,55.0,30.69,79161,46.23
2026-01-18 06:10:00,F0402,25.18,63.65,59.39,25.61,75158,70.71
2026-01-18 06:15:00,F0208,30.44,94.73,79.73,15.5,12428,41.09
2026-01-18 06:20:00,F0221,39.35,59.07,64.15,21.2,63004,62.25
2026-01-18 06:25:00,F0216,38.52,31.49,75.64,22.91,85060,74.9
2026-01-18 06:30:00,F0420,18.76,79.43,17.17,24.28,70187,57.63
2026-01-18 06:35:00,F0444,36.15,33.93,21.39,34.46,92697,63.34
2026-01-18 06:40:00,F0965,20.87,40.39,28.68,35.31,53314,93.8
2026-01-18 06:45:00,F0884,23.24,37.14,29.07,25.62,48699,67.86
2026-01-18 06:50:00,F0603,30.5,49.34,65.41,31.1,28145,92.74
2026-01-18 06:55:00,F0255,29.96,90.79,48.44,22.69,91888,60.4
2026-01-18 07:00:00,F0012,29.74,34.3,18.37,33.46,54013,87.6
2026-01-18 07:05:00,F0373,20.86,31.95,47.05,15.94,5694,97.25
2026-01-18 07:10:00,F0541,22.92,64.96,63.41,25.15,96781,41.51
2026-01-18 07:15:00,F0993,22.71,30.69,34.07,34.35,47041,57.0
2026-01-18 07:20:00,F0444,40.31,51.36,36.36,30.6,39149,90.21
2026-01-18 07:25:00,F0636,21.1,42.01,19.33,15.23,16425,89.35
2026-01-18 07:30:00,F0568,38.86,62.89,74.39,33.08,34597,39.66
2026-01-18 07:35:00,F0971,19.98,62.01,53.94,32.16,66873,86.29
2026-01-18 07:40:00,F0971,24.27,47.36,18.12,27.93,76043,92.08
2026-01-18 07:45:00,F0761,32.1,31.56,89.69,37.35,5413,56.89
2026-01-18 07:50:00,F0909,26.92,30.33,68.49,22.87,56486,69.55
2026-01-18 07:55:00,F0800,19.3,78.31,26.92,34.17,86062,23.02
2026-01-18 08:00:00,F0134,32.57,68.88,61.68,23.77,29697,21.71
2026-01-18 08:05:00,F0615,37.74,40.73,33.44,34.54,53369,48.21
2026-01-18 08:10:00,F0993,18.08,45.91,48.01,29.78,16379,84.26
2026-01-18 08:15:00,F0282,37.32,84.7,75.32,30.7,28325,93.95
2026-01-18 08:20:00,F0027,20.82,86.31,62.1,23.22,13244,64.67
2026-01-18 08:25:00,F0944,25.83,31.43,24.6,16.8,70690,31.2
2026-01-18 08:30:00,F0040,36.19,75.04,43.84,26.9,8270,44.08
2026-01-18 08:35:00,F0896,20.99,75.05,57.5,35.93,8328,92.76
2026-01-18 08:40:00,F0355,25.14,48.71,48.62,36.05,48043,55.48
2026-01-18 08:45:00,F0845,29.65,59.06,30.34,33.66,99103,32.03
2026-01-18 08:50:00,F0851,35.2,71.48,39.56,27.1,14759,49.98
2026-01-18 08:55:00,F0087,30.86,61.59,79.47,19.32,68530,89.63
2026-01-18 09:00:00,F0448,40.36,85.38,59.02,34.97,13906,60.36
2026-01-18 09:05:00,F0190,38.9,53.73,50.03,24.63,70188,82.68
2026-01-18 09:10:00,F0678,35.37,51.88,40.38,15.94,8030,94.95
2026-01-18 09:15:00,F0127,31.8,77.32,78.93,29.27,40758,40.94
2026-01-18 09:20:00,F0514,28.88,36.72,74.94,15.34,93878,80.98
2026-01-18 09:25:00,F0525,31.31,68.04,23.63,31.4,43642,78.97
2026-01-18 09:30:00,F0523,31.73,72.54,36.61,31.37,6383,38.99
2026-01-18 09:35:00,F0341,18.64,90.63,45.97,36.4,46438,82.71
2026-01-18 09:40:00,F0616,34.75,80.28,30.77,34.8,67624,60.86
2026-01-18 09:45:00,F0880,19.49,79.18,25.06,18.51,58493,82.08
2026-01-18 09:50:00,F0308,28.73,84.36,62.07,36.48,36587,49.77
2026-01-18 09:55:00,F0895,22.32,48.45,68.1,17.9,68412,55.79
2026-01-18 10:00:00,F0872,24.92,68.14,75.86,26.1,62595,69.26
2026-01-18 10:05:00,F0018,29.84,76.2,80.56,35.53,79622,98.66
2026-01-18 10:10:00,F0561,37.97,67.0,70.29,25.62,35753,93.76
2026-01-18 10:15:00,F0866,39.42,58.36,24.94,30.59,45684,83.05
2026-01-18 10:20:00,F0675,38.29,37.63,39.74,28.48,46024,92.13
2026-01-18 10:25:00,F0953,22.05,59.28,48.51,29.35,3729,50.05
2026-01-18 10:30:00,F0127,36.77,89.23,88.93,26.29,90068,58.61
2026-01-18 10:35:00,F0370,22.74,34.08,36.23,23.46,15834,75.47
2026-01-18 10:40:00,F0207,24.63,62.27,84.67,33.84,8324,47.12
2026-01-18 10:45:00,F0984,26.75,66.12,74.27,23.12,82590,97.07
2026-01-18 10:50:00,F0910,37.94,90.04,75.11,37.04,56569,99.37
2026-01-18 10:55:00,F0980,41.28,43.95,42.98,37.31,87248,58.69
2026-01-18 11:00:00,F0994,38.66,56.95,53.17,27.89,81315,48.49
2026-01-18 11:05:00,F0008,25.24,82.23,58.54,15.69,55706,80.73
2026-01-18 11:10:00,F0053,25.05,35.16,21.66,35.95,90193,57.72
2026-01-18 11:15:00,F0329,36.38,36.08,68.86,25.51,31344,37.85
2026-01-18 11:20:00,F0570,27.21,33.0,85.36,30.68,32794,89.63
2026-01-18 11:25:00,F0685,34.32,32.34,58.18,37.16,68849,98.67
2026-01-18 11:30:00,F0560,26.41,74.15,88.46,15.77,49733,83.2
2026-01-18 11:35:00,F0566,22.73,35.09,23.1,34.35,23703,23.5
2026-01-18 11:40:00,F0416,24.84,32.14,68.11,30.78,97150,38.99
2026-01-18 11:45:00,F0223,40.57,58.17,52.48,15.98,1319,73.26
2026-01-18 11:50:00,F0911,23.67,66.43,48.57,18.9,86836,99.54
2026-01-18 11:55:00,F0065,31.43,69.97,54.62,21.52,59955,61.58
2026-01-18 12:00:00,F0771,36.14,80.24,47.42,20.71,36778,90.45
2026-01-18 12:05:00,F0824,21.24,30.51,32.44,26.79,13151,34.85
2026-01-18 12:10:00,F0191,35.83,56.31,36.91,21.4,96411,85.29
2026-01-18 12:15:00,F0315,24.6,31.95,49.73,27.85,90682,81.2
2026-01-18 12:20:00,F0780,29.88,83.33,45.48,25.17,86354,46.18
2026-01-18 12:25:00,F0096,34.39,65.73,48.27,34.66,36733,68.75
2026-01-18 12:30:00,F0173,25.47,64.22,64.78,22.04,34717,50.72
2026-01-18 12:35:00,F0625,23.21,81.56,61.25,22.7,13039,84.83
2026-01-18 12:40:00,F0339,37.39,56.22,64.02,19.51,37588,20.82
2026-01-18 12:45:00,F0157,33.04,81.5,58.75,15.26,73813,95.1
2026-01-18 12:50:00,F0825,27.0,79.77,59.19,23.98,88513,99.68
2026-01-18 12:55:00,F0532,19.53,88.33,64.6,27.37,19232,66.12
2026-01-18 13:00:00,F0810,21.5,73.22,63.74,37.42,85620,30.91
2026-01-18 13:05:00,F0393,31.44,38.93,82.75,20.21,28235,38.43
2026-01-18 13:10:00,F0724,31.39,47.54,88.59,30.54,9430,36.3
2026-01-18 13:15:00,F0424,29.81,49.55,81.24,26.98,43831,59.66
2026-01-18 13:20:00,F0251,19.23,47.26,39.73,28.43,90979,84.01
2026-01-18 13:25:00,F0911,25.81,80.41,64.69,29.99,88305,93.28
2026-01-18 13:30:00,F0381,37.82,59.92,43.9,30.57,8092,90.94
2026-01-18 13:35:00,F0346,19.61,77.76,83.74,29.66,63780,72.13
2026-01-18 13:40:00,F0268,33.34,91.14,34.8,37.27,30385,33.25
2026-01-18 13:45:00,F0038,26.82,36.98,87.16,23.17,33939,83.97
2026-01-18 13:50:00,F0182,19.02,48.97,21.58,30.75,57530,55.45
2026-01-18 13:55:00,F0467,35.17,86.25,25.3,20.74,11855,70.53
2026-01-18 14:00:00,F0095,31.72,64.3,65.3,30.12,45607,52.71
2026-01-18 14:05:00,F0643,20.43,44.55,80.93,27.59,7509,63.47
2026-01-18 14:10:00,F0641,24.31,42.19,28.92,19.27,74748,60.06
2026-01-18 14:15:00,F0952,29.42,57.52,68.27,19.71,65221,73.73
2026-01-18 14:20:00,F0709,35.2,80.66,24.66,19.7,13555,20.13
2026-01-18 14:25:00,F0042,40.08,78.36,52.91,37.32,97557,85.88
2026-01-18 14:30:00,F0045,18.92,39.82,60.24,27.16,46819,56.73
2026-01-18 14:35:00,F0859,33.7,84.17,37.16,34.13,54271,48.95
2026-01-18 14:40:00,F0613,18.5,85.07,50.48,31.18,47051,69.31
2026-01-18 14:45:00,F0440,20.3,37.35,36.74,22.28,67034,85.73
2026-01-18 14:50:00,F0046,25.49,86.38,62.06,26.02,98257,77.56
2026-01-18 14:55:00,F0127,23.3,57.83,15.81,32.28,19341,28.7
2026-01-18 15:00:00,F0563,32.1,48.69,75.27,19.63,61280,28.82
2026-01-18 15:05:00,F0458,23.74,84.23,18.28,20.65,80900,30.1
2026-01-18 15:10:00,F0289,23.97,35.65,46.03,24.46,53185,88.47
2026-01-18 15:15:00,F0180,23.32,56.11,82.82,37.26,45532,60.82
2026-01-18 15:20:00,F0429,36.31,46.29,39.44,22.78,56179,56.55
2026-01-18 15:25:00,F0143,39.46,73.84,45.39,35.51,98961,24.6
2026-01-18 15:30:00,F0466,35.38,37.33,15.58,37.08,99084,87.64
2026-01-18 15:35:00,F0940,34.44,58.38,51.56,24.8,1359,45.54
2026-01-18 15:40:00,F0980,19.82,34.61,28.34,31.05,12968,87.95
2026-01-18 15:45:00,F0465,38.87,68.92,75.76,37.35,48838,83.96
2026-01-18 15:50:00,F0193,31.78,44.93,67.22,20.32,83528,89.2
2026-01-18 15:55:00,F0280,30.71,77.71,67.56,37.27,55867,46.47
2026-01-18 16:00:00,F0838,19.35,58.75,37.26,18.34,15191,76.5
2026-01-18 16:05:00,F0233,18.77,47.64,44.7,21.1,99287,62.27
2026-01-18 16:10:00,F0343,33.07,74.47,70.44,28.19,19701,77.66
2026-01-18 16:15:00,F0312,19.65,80.36,82.94,22.43,40948,63.55
2026-01-18 16:20:00,F0034,36.7,36.4,60.51,19.38,52295,81.98
2026-01-18 16:25:00,F0741,23.95,93.73,30.23,20.48,42380,58.56
2026-01-18 16:30:00,F0791,26.84,49.67,49.91,35.02,1379,66.21
2026-01-18 16:35:00,F0554,39.59,37.77,72.83,21.06,60092,94.33
2026-01-18 16:40:00,F0034,33.35,39.54,73.97,15.25,98870,41.56
2026-01-18 16:45:00,F0063,20.67,41.96,67.78,35.1,23232,64.14
2026-01-18 16:50:00,F0697,38.03,44.56,30.91,35.96,75107,79.59
2026-01-18 16:55:00,F0095,28.78,84.64,55.43,23.76,15213,56.32
2026-01-18 17:00:00,F0620,28.67,32.39,60.32,26.35,97927,38.94
2026-01-18 17:05:00,F0706,36.58,45.53,72.26,16.59,8498,74.85
2026-01-18 17:10:00,F0739,26.71,83.64,21.3,23.7,72853,35.14
2026-01-18 17:15:00,F0735,33.61,61.73,30.89,35.46,38686,71.49
2026-01-18 17:20:00,F0029,30.46,76.37,34.33,21.9,51555,48.03
2026-01-18 17:25:00,F0735,37.23,49.24,89.46,23.16,20561,98.33
2026-01-18 17:30:00,F0343,31.7,90.54,42.65,15.49,66203,88.2
2026-01-18 17:35:00,F0392,38.76,30.44,34.57,19.14,2618,57.52
2026-01-18 17:40:00,F0902,33.55,57.65,63.94,31.59,60004,28.85
2026-01-18 17:45:00,F0678,37.65,56.69,72.01,37.5,83782,72.61
2026-01-18 17:50:00,F0807,35.75,92.36,24.1,25.03,3617,79.16
2026-01-18 17:55:00,F0028,41.76,87.6,74.1,25.03,1423,67.01
2026-01-18 18:00:00,F0070,32.15,84.88,15.26,27.78,86679,57.39
2026-01-18 18:05:00,F0051,38.94,94.65,52.47,24.34,23031,62.19
2026-01-18 18:10:00,F0353,40.3,82.15,65.02,27.05,61940,85.86
2026-01-18 18:15:00,F0872,29.9,33.23,35.81,28.54,18580,75.81
2026-01-18 18:20:00,F0519,21.11,92.33,22.89,22.72,85866,72.48
2026-01-18 18:25:00,F0753,32.4,56.08,47.55,37.18,59929,36.18
2026-01-18 18:30:00,F0326,41.08,53.53,67.15,27.95,15689,99.24
2026-01-18 18:35:00,F0838,22.01,32.4,79.9,35.74,16745,97.67
2026-01-18 18:40:00,F0378,27.63,85.61,69.7,28.09,97800,73.03
2026-01-18 18:45:00,F0817,24.78,64.49,65.27,19.02,6883,23.9
2026-01-18 18:50:00,F0366,20.54,60.35,34.93,33.64,69805,53.29
2026-01-18 18:55:00,F0485,22.54,65.19,56.32,31.81,65233,78.16
2026-01-18 19:00:00,F0269,30.23,91.35,36.16,25.38,32294,49.91
2026-01-18 19:05:00,F0629,40.28,73.33,85.88,30.06,41225,37.29
2026-01-18 19:10:00,F0241,26.95,69.29,59.27,32.29,24257,48.05
2026-01-18 19:15:00,F0792,18.87,35.22,30.01,31.03,34314,54.06
2026-01-18 19:20:00,F0592,20.95,54.8,51.82,28.28,75527,53.62
2026-01-18 19:25:00,F0600,31.8,43.7,32.92,15.86,83197,26.1
2026-01-18 19:30:00,F0784,31.32,66.19,17.97,29.75,70516,30.61
2026-01-18 19:35:00,F0817,35.71,80.89,43.04,20.41,44448,34.23
2026-01-18 19:40:00,F0707,22.12,38.82,65.67,32.84,65351,40.29
2026-01-18 19:45:00,F0517,20.97,42.11,26.82,28.59,88091,67.14
2026-01-18 19:50:00,F0298,35.9,37.94,32.31,37.39,17716,31.0
2026-01-18 19:55:00,F0227,19.98,71.91,53.3,22.72,2058,83.46
2026-01-18 20:00:00,F0582,33.62,74.57,75.83,25.11,85432,71.87
2026-01-18 20:05:00,F0324,25.82,61.35,64.51,31.67,74733,26.31
2026-01-18 20:10:00,F0308,22.89,89.45,65.2,19.87,84982,45.54
2026-01-18 20:15:00,F0359,23.94,90.12,20.74,30.87,65874,48.14
2026-01-18 20:20:00,F0878,32.1,88.5,49.46,16.15,36608,61.25
2026-01-18 20:25:00,F0751,36.89,54.73,67.64,23.58,85364,48.19
2026-01-18 20:30:00,F0428,22.47,69.77,29.78,28.26,54338,62.87
2026-01-18 20:35:00,F0912,37.84,59.94,15.36,26.98,42343,45.96
2026-01-18 20:40:00,F0410,31.74,47.7,73.05,28.32,36728,41.28
2026-01-18 20:45:00,F0109,19.45,76.6,16.17,18.36,64803,82.36
2026-01-18 20:50:00,F0608,29.37,70.45,41.16,34.35,20694,29.18
2026-01-18 20:55:00,F0981,18.03,85.3,74.98,26.61,84935,69.2
2026-01-18 21:00:00,F0626,39.45,70.46,23.52,37.07,83268,66.9
2026-01-18 21:05:00,F0379,28.76,91.96,30.76,22.05,66902,91.02
2026-01-18 21:10:00,F0080,20.42,51.12,52.46,34.67,40264,56.64
2026-01-18 21:15:00,F0406,19.28,36.01,88.33,24.48,91061,32.91
2026-01-18 21:20:00,F0192,25.25,91.15,83.14,21.53,22321,20.26
2026-01-18 21:25:00,F0183,41.08,83.98,40.63,20.77,52037,69.84
2026-01-18 21:30:00,F0713,22.07,73.13,57.72,15.09,11926,80.06
2026-01-18 21:35:00,F0253,33.99,44.89,43.87,36.0,82818,94.07
2026-01-18 21:40:00,F0854,40.23,60.7,18.72,30.23,55672,24.06
2026-01-18 21:45:00,F0811,24.0,67.09,78.99,16.77,58867,66.25
2026-01-18 21:50:00,F0793,26.58,55.43,40.3,16.71,83890,81.0
2026-01-18 21:55:00,F0088,35.77,30.03,27.78,21.69,14984,59.01
2026-01-18 22:00:00,F0409,19.62,63.45,82.91,22.76,34173,73.16
2026-01-18 22:05:00,F0088,30.69,92.03,40.18,17.8,29617,73.93
2026-01-18 22:10:00,F0446,27.41,77.5,15.92,26.91,79286,84.01
2026-01-18 22:15:00,F0069,25.89,58.02,71.93,22.35,16279,55.14
2026-01-18 22:20:00,F0628,20.37,54.26,50.51,18.92,8804,76.31
2026-01-18 22:25:00,F0182,35.71,49.76,28.37,16.97,77663,89.02
2026-01-18 22:30:00,F0659,34.45,72.28,27.0,28.41,80639,41.63
2026-01-18 22:35:00,F0116,24.96,48.48,71.33,19.98,68270,96.92
2026-01-18 22:40:00,F0711,34.88,88.58,58.58,28.35,38291,88.38
2026-01-18 22:45:00,F0423,25.71,30.37,24.05,18.73,94140,22.44
2026-01-18 22:50:00,F0462,25.25,32.79,18.87,35.75,85751,44.22
2026-01-18 22:55:00,F0315,28.46,93.68,53.51,26.97,53854,49.12
2026-01-18 23:00:00,F0305,31.05,74.92,26.02,19.29,79624,29.97
2026-01-18 23:05:00,F0678,27.25,87.65,39.52,28.95,14340,93.05
2026-01-18 23:10:00,F0320,40.96,75.1,58.25,37.91,42072,35.31
2026-01-18 23:15:00,F0154,35.26,66.38,16.91,17.19,25993,24.93
2026-01-18 23:20:00,F0323,39.18,44.15,41.95,34.06,70942,81.4
2026-01-18 23:25:00,F0909,41.15,48.84,55.74,36.48,2621,78.18
2026-01-18 23:30:00,F0152,39.15,86.99,84.09,24.07,52519,58.13
2026-01-18 23:35:00,F0084,33.11,94.94,26.86,37.88,42043,39.75
2026-01-18 23:40:00,F0856,41.22,87.27,26.92,27.35,58804,83.99
2026-01-18 23:45:00,F0834,28.76,55.02,38.32,18.1,96910,35.83
2026-01-18 23:50:00,F0650,40.41,72.94,71.35,26.35,93547,92.79
2026-01-18 23:55:00,F0437,35.0,89.15,37.68,37.34,92855,90.12
2026-01-19 00:00:00,F0886,29.98,86.11,20.63,25.32,45307,34.28
2026-01-19 00:05:00,F0300,38.23,33.36,33.08,20.03,5691,90.6
2026-01-19 00:10:00,F0380,38.51,31.21,65.49,33.49,79426,77.17
2026-01-19 00:15:00,F0505,41.2,39.4,74.87,33.5,19031,47.57
2026-01-19 00:20:00,F0188,28.37,48.81,19.85,32.13,88349,99.1
2026-01-19 00:25:00,F0607,34.1,68.58,51.4,34.41,99625,77.91
2026-01-19 00:30:00,F0772,35.03,45.21,56.32,31.08,29774,64.44
2026-01-19 00:35:00,F0106,37.32,41.0,84.59,28.26,50981,71.85
2026-01-19 00:40:00,F0994,34.09,40.82,77.56,27.63,56899,61.28
2026-01-19 00:45:00,F0490,39.23,77.94,17.98,19.15,31441,48.18
2026-01-19 00:50:00,F0937,28.96,72.28,20.93,29.13,49131,66.31
2026-01-19 00:55:00,F0073,37.69,77.16,66.13,28.64,89403,26.47
2026-01-19 01:00:00,F0196,25.65,50.31,50.07,16.31,1896,85.21
2026-01-19 01:05:00,F0876,41.92,30.21,50.96,15.14,74215,64.13
2026-01-19 01:10:00,F0793,39.66,66.81,64.4,29.02,53363,35.83
2026-01-19 01:15:00,F0355,28.95,62.8,67.83,24.54,10265,39.01
2026-01-19 01:20:00,F0957,18.28,51.15,58.41,16.68,34712,64.2
2026-01-19 01:25:00,F0758,26.62,78.64,27.22,23.53,44622,46.93
2026-01-19 01:30:00,F0201,37.61,83.59,68.1,32.08,81259,25.39
2026-01-19 01:35:00,F0302,20.31,56.88,64.46,23.15,98997,76.32
2026-01-19 01:40:00,F0939,20.39,68.78,52.34,22.88,89149,38.43
2026-01-19 01:45:00,F0882,37.36,57.88,45.14,23.18,80351,20.79
2026-01-19 01:50:00,F0874,26.04,31.98,19.87,20.46,19659,31.25
2026-01-19 01:55:00,F0268,21.22,86.3,51.51,26.55,62095,89.47
2026-01-19 02:00:00,F0981,18.95,76.11,81.26,34.0,23608,37.32
2026-01-19 02:05:00,F0846,31.08,39.1,21.01,16.45,69986,85.28
2026-01-19 02:10:00,F0670,35.41,78.76,41.5,34.8,89440,55.45
2026-01-19 02:15:00,F0699,38.44,50.81,25.43,33.89,10254,92.25
2026-01-19 02:20:00,F0452,35.98,91.62,46.73,32.42,66279,91.29
2026-01-19 02:25:00,F0223,19.69,49.88,78.09,19.73,14782,91.81
2026-01-19 02:30:00,F0548,30.09,40.53,33.06,33.78,96945,81.35
2026-01-19 02:35:00,F0801,41.31,87.76,65.5,15.61,31785,85.12
2026-01-19 02:40:00,F0546,20.29,82.08,33.26,24.6,72714,96.15
2026-01-19 02:45:00,F0733,20.22,32.43,18.34,16.56,21062,44.36
2026-01-19 02:50:00,F0724,24.07,65.36,48.58,18.1,35313,97.8
2026-01-19 02:55:00,F0065,28.19,65.76,54.97,29.76,83881,35.32
2026-01-19 03:00:00,F0778,19.54,66.91,58.05,34.82,2408,36.77
2026-01-19 03:05:00,F0132,41.1,48.21,63.32,30.28,34529,37.04
2026-01-19 03:10:00,F0210,25.36,38.43,18.25,23.31,6896,84.38
2026-01-19 03:15:00,F0302,38.24,30.13,15.9,21.72,27119,29.76
2026-01-19 03:20:00,F0345,26.79,92.4,49.14,21.98,7202,77.66
2026-01-19 03:25:00,F0779,41.42,39.54,66.07,30.62,79223,96.81
2026-01-19 03:30:00,F0434,36.12,94.71,49.82,30.11,65110,50.22
2026-01-19 03:35:00,F0800,19.84,63.98,72.32,35.5,74308,95.28
2026-01-19 03:40:00,F0568,29.92,65.99,78.67,25.44,56511,58.09
2026-01-19 03:45:00,F0449,40.03,86.21,31.33,26.05,87020,26.12
2026-01-19 03:50:00,F0809,23.11,64.91,54.98,28.2,81573,56.52
2026-01-19 03:55:00,F0652,37.2,32.71,53.0,20.17,37033,48.9
2026-01-19 04:00:00,F0602,24.07,52.2,52.6,36.38,12074,71.62
2026-01-19 04:05:00,F0810,28.95,77.07,36.04,27.39,90861,22.45
2026-01-19 04:10:00,F0985,41.39,72.73,73.41,31.74,6249,39.84
2026-01-19 04:15:00,F0649,37.09,52.61,51.33,22.34,44444,69.59
2026-01-19 04:20:00,F0929,31.65,79.87,55.45,22.48,87727,51.3
2026-01-19 04:25:00,F0144,18.79,88.53,77.04,28.82,31872,66.68
2026-01-19 04:30:00,F0459,19.95,66.63,33.87,36.69,30871,61.32
2026-01-19 04:35:00,F0868,28.09,59.65,25.52,16.25,62375,97.08
2026-01-19 04:40:00,F0077,36.43,42.82,56.92,21.42,8231,74.94
2026-01-19 04:45:00,F0355,26.62,72.18,68.92,32.38,89312,45.57
2026-01-19 04:50:00,F0290,40.49,85.21,48.76,36.6,68652,76.66
2026-01-19 04:55:00,F0694,27.92,60.42,87.58,35.11,71522,97.76
2026-01-19 05:00:00,F0602,40.25,40.71,68.69,31.79,14874,80.98
2026-01-19 05:05:00,F0033,35.77,59.61,25.49,30.32,37337,21.73
2026-01-19 05:10:00,F0775,32.85,62.14,87.74,37.7,23778,43.6
2026-01-19 05:15:00,F0109,34.51,53.86,51.88,30.94,37633,27.58
2026-01-19 05:20:00,F0910,18.55,75.11,38.3,24.83,64370,26.55
2026-01-19 05:25:00,F0429,24.17,47.77,86.99,17.9,39318,44.05
2026-01-19 05:30:00,F0970,41.07,33.85,34.41,27.62,62606,26.57
2026-01-19 05:35:00,F0825,18.38,37.64,49.74,32.91,31268,39.38
2026-01-19 05:40:00,F0335,29.12,33.06,36.39,21.76,99922,22.33
2026-01-19 05:45:00,F0251,21.23,84.61,64.46,32.77,75225,99.35
2026-01-19 05:50:00,F0896,29.59,87.99,60.05,33.65,8843,80.38
2026-01-19 05:55:00,F0655,36.62,46.95,87.04,26.81,14251,84.22
2026-01-19 06:00:00,F0453,32.98,87.09,52.52,28.57,19708,40.89
2026-01-19 06:05:00,F0862,31.77,48.44,16.67,34.67,16887,28.42
2026-01-19 06:10:00,F0958,34.32,33.85,53.37,32.66,38802,39.6
2026-01-19 06:15:00,F0254,20.01,47.18,41.8,23.72,49704,27.75
2026-01-19 06:20:00,F0807,20.99,60.14,59.6,35.64,63210,24.55
2026-01-19 06:25:00,F0252,24.51,88.73,49.52,19.55,21258,48.33
2026-01-19 06:30:00,F0391,37.35,60.48,17.13,33.69,91285,46.45
2026-01-19 06:35:00,F0390,21.31,35.94,63.71,18.56,17183,25.84
2026-01-19 06:40:00,F0345,24.19,71.4,23.52,34.23,4541,71.21
2026-01-19 06:45:00,F0029,27.1,61.77,33.59,24.25,77422,36.31
2026-01-19 06:50:00,F0803,18.79,86.62,28.24,37.49,41539,41.18
2026-01-19 06:55:00,F0663,38.75,80.97,47.83,37.69,33026,79.86
2026-01-19 07:00:00,F0375,37.59,66.43,65.23,22.27,56629,29.59
2026-01-19 07:05:00,F0853,27.82,92.62,38.45,32.58,75825,77.23
2026-01-19 07:10:00,F0319,24.48,39.21,74.41,16.96,37072,88.08
2026-01-19 07:15:00,F0338,25.55,58.51,73.05,35.19,71164,97.7
2026-01-19 07:20:00,F0412,30.72,76.79,61.86,16.38,14954,41.58
2026-01-19 07:25:00,F0627,31.93,85.39,38.32,15.72,26100,30.69
2026-01-19 07:30:00,F0356,31.32,68.56,76.91,26.76,91919,36.5
2026-01-19 07:35:00,F0686,35.68,70.86,80.69,18.94,68878,22.42
2026-01-19 07:40:00,F0029,40.23,62.23,18.42,26.43,88248,60.68
2026-01-19 07:45:00,F0600,34.47,87.96,76.6,33.59,48279,40.74
2026-01-19 07:50:00,F0809,37.74,89.28,41.86,21.45,92911,57.87
2026-01-19 07:55:00,F0501,29.58,48.54,83.23,28.01,35674,83.55
2026-01-19 08:00:00,F0252,18.81,57.76,75.5,16.12,2141,50.92
2026-01-19 08:05:00,F0545,38.97,90.06,44.26,27.57,17502,96.82
2026-01-19 08:10:00,F0688,28.98,82.4,75.17,26.43,78816,38.23
2026-01-19 08:15:00,F0908,37.57,66.56,82.74,34.9,86619,84.36
2026-01-19 08:20:00,F0022,31.99,39.08,16.66,34.47,4192,57.42
2026-01-19 08:25:00,F0881,26.65,82.64,41.57,19.56,58024,23.48
2026-01-19 08:30:00,F0774,28.42,67.28,89.37,34.65,30170,31.31
2026-01-19 08:35:00,F0648,35.84,60.47,48.03,18.3,18835,48.85
2026-01-19 08:40:00,F0961,39.43,36.77,50.77,19.63,90867,51.54
2026-01-19 08:45:00,F0059,23.22,54.16,63.68,20.32,90181,98.28
2026-01-19 08:50:00,F0796,32.03,46.02,62.6,26.7,70620,40.69
2026-01-19 08:55:00,F0274,40.51,59.9,57.99,18.57,32823,54.19
2026-01-19 09:00:00,F0806,38.43,68.45,34.84,24.53,35414,46.89
2026-01-19 09:05:00,F0818,25.35,75.41,82.19,31.36,47404,87.42
2026-01-19 09:10:00,F0751,30.17,37.54,48.65,19.44,15312,59.44
2026-01-19 09:15:00,F0896,24.91,77.31,64.41,18.31,96597,28.52
2026-01-19 09:20:00,F0235,21.19,39.43,66.21,35.75,22155,37.06
2026-01-19 09:25:00,F0989,23.01,86.06,83.57,25.94,14416,56.93
2026-01-19 09:30:00,F0941,37.58,76.18,72.48,21.37,6299,42.25
2026-01-19 09:35:00,F0946,27.35,73.15,22.45,18.76,50515,38.51
2026-01-19 09:40:00,F0082,40.97,92.71,41.27,36.57,93713,89.56
2026-01-19 09:45:00,F0135,30.77,69.2,17.84,32.82,39266,74.33
2026-01-19 09:50:00,F0347,32.1,41.03,85.97,27.1,95131,95.79
2026-01-19 09:55:00,F0453,36.72,88.49,51.78,33.28,24928,36.5
2026-01-19 10:00:00,F0216,25.64,47.22,83.3,20.27,84722,99.58
2026-01-19 10:05:00,F0468,22.64,81.19,68.66,26.96,29304,68.63
2026-01-19 10:10:00,F0789,35.91,42.16,76.87,22.93,6382,20.95
2026-01-19 10:15:00,F0389,18.03,58.67,27.39,20.92,83317,70.13
2026-01-19 10:20:00,F0977,41.92,63.93,86.73,28.09,51155,97.7
2026-01-19 10:25:00,F0949,37.95,44.08,52.25,23.31,47723,58.11
2026-01-19 10:30:00,F0115,41.27,53.15,15.32,28.06,26499,25.24
2026-01-19 10:35:00,F0465,23.33,73.24,57.63,23.31,63430,69.82
2026-01-19 10:40:00,F0862,23.59,59.2,77.22,20.24,18062,68.98
2026-01-19 10:45:00,F0198,39.34,47.89,21.42,22.16,45549,24.13
2026-01-19 10:50:00,F0786,21.84,74.87,65.24,37.95,80500,71.11
2026-01-19 10:55:00,F0917,34.72,64.16,45.9,31.47,1033,68.6
2026-01-19 11:00:00,F0484,21.62,31.79,64.14,25.98,21528,95.5
2026-01-19 11:05:00,F0125,30.54,84.94,88.16,22.98,33153,67.7
2026-01-19 11:10:00,F0659,34.79,67.07,72.93,18.02,28486,26.03
2026-01-19 11:15:00,F0336,37.46,88.95,82.03,26.87,61890,95.69
2026-01-19 11:20:00,F0118,29.05,58.96,61.58,19.55,26770,21.1
2026-01-19 11:25:00,F0959,31.22,65.0,74.58,34.87,80299,42.64
2026-01-19 11:30:00,F0069,29.16,30.77,86.61,31.89,16959,95.75
2026-01-19 11:35:00,F0956,18.58,58.84,61.9,24.73,86147,47.96
2026-01-19 11:40:00,F0718,36.75,51.1,66.21,22.78,1640,67.02
2026-01-19 11:45:00,F0589,36.07,49.74,18.23,29.23,58375,34.08
2026-01-19 11:50:00,F0255,27.38,70.43,65.79,17.94,24328,60.14
2026-01-19 11:55:00,F0979,26.14,65.11,24.36,32.64,18607,23.15
2026-01-19 12:00:00,F0813,41.22,44.69,56.51,32.6,43461,93.06
2026-01-19 12:05:00,F0699,40.91,46.85,45.1,17.44,51602,40.86
2026-01-19 12:10:00,F0199,40.3,69.31,30.09,28.2,38556,28.53
2026-01-19 12:15:00,F0803,39.09,91.59,71.41,23.69,34608,97.49
2026-01-19 12:20:00,F0453,31.34,74.12,65.4,30.98,74877,60.86
2026-01-19 12:25:00,F0854,38.76,75.27,77.69,23.28,42243,55.72
2026-01-19 12:30:00,F0636,19.81,78.84,19.1,29.85,58246,56.62
2026-01-19 12:35:00,F0155,41.48,48.83,21.87,25.29,31952,72.25
2026-01-19 12:40:00,F0461,30.91,88.03,31.25,25.87,10500,97.36
2026-01-19 12:45:00,F0286,31.8,87.12,23.21,32.03,47710,74.06
2026-01-19 12:50:00,F0612,30.52,39.57,82.04,37.59,58480,63.73
2026-01-19 12:55:00,F0277,28.57,49.03,51.19,28.55,51984,47.56
2026-01-19 13:00:00,F0822,30.22,59.06,44.54,28.34,57637,91.99
2026-01-19 13:05:00,F0925,32.15,79.2,77.53,32.79,29911,73.46
2026-01-19 13:10:00,F0972,35.41,60.53,30.63,22.87,66053,29.42
2026-01-19 13:15:00,F0373,27.35,61.44,28.84,16.66,33658,20.39
2026-01-19 13:20:00,F0566,36.73,59.76,52.95,28.25,77936,29.21
2026-01-19 13:25:00,F0240,21.4,49.82,40.53,23.93,3584,20.55
2026-01-19 13:30:00,F0553,36.83,85.51,80.66,22.67,65370,84.9
2026-01-19 13:35:00,F0218,27.77,69.37,67.33,19.73,27500,92.15
2026-01-19 13:40:00,F0276,19.76,89.16,33.44,29.65,45351,72.34
2026-01-19 13:45:00,F0129,32.12,51.01,69.92,27.33,81810,91.2
2026-01-19 13:50:00,F0617,41.95,58.85,69.01,25.15,4619,78.91
2026-01-19 13:55:00,F0821,19.04,32.86,52.4,36.59,14017,86.53
2026-01-19 14:00:00,F0807,23.75,86.67,17.35,16.17,37408,78.66
2026-01-19 14:05:00,F0082,35.51,72.93,89.39,35.51,38186,35.76
2026-01-19 14:10:00,F0574,28.5,72.92,62.77,34.49,51014,39.07
2026-01-19 14:15:00,F0933,34.86,58.38,80.62,35.85,63653,76.63
2026-01-19 14:20:00,F0820,25.23,30.4,39.38,37.36,66744,54.97
2026-01-19 14:25:00,F0125,30.56,48.88,55.44,26.49,9790,41.92
2026-01-19 14:30:00,F0501,30.14,87.35,62.08,20.77,96131,78.72
2026-01-19 14:35:00,F0516,30.01,41.25,30.54,20.94,75967,33.76
2026-01-19 14:40:00,F0649,21.86,43.32,31.41,35.0,69701,91.76
2026-01-19 14:45:00,F0837,40.04,37.97,57.24,15.55,61427,75.89
2026-01-19 14:50:00,F0126,23.08,93.04,64.64,15.15,95158,41.85
2026-01-19 14:55:00,F0524,24.21,80.74,46.49,36.24,64304,25.69
2026-01-19 15:00:00,F0850,37.86,47.28,70.06,25.69,92190,50.39
2026-01-19 15:05:00,F0008,25.12,57.15,59.18,20.31,12078,91.36
2026-01-19 15:10:00,F0412,34.45,78.01,42.79,30.02,65428,93.65
2026-01-19 15:15:00,F0839,34.02,59.26,76.09,36.44,63106,77.57
2026-01-19 15:20:00,F0395,27.62,46.36,87.95,16.08,47240,30.06
2026-01-19 15:25:00,F0513,34.11,90.34,78.74,18.21,58119,44.87
2026-01-19 15:30:00,F0902,25.7,42.03,51.83,16.43,76133,69.86
2026-01-19 15:35:00,F0532,29.88,38.73,56.87,26.22,19820,57.44
2026-01-19 15:40:00,F0307,35.77,39.21,15.37,16.77,92728,64.32
2026-01-19 15:45:00,F0709,18.97,87.88,27.76,34.02,62264,82.69
2026-01-19 15:50:00,F0238,33.49,58.07,66.42,15.8,50794,84.03
2026-01-19 15:55:00,F0144,25.33,85.95,47.38,28.44,33211,32.98
2026-01-19 16:00:00,F0888,20.11,46.07,29.55,27.51,25892,99.99
2026-01-19 16:05:00,F0841,39.55,45.72,16.49,16.82,15685,84.08
2026-01-19 16:10:00,F0521,24.31,31.39,41.52,26.54,43386,47.45
2026-01-19 16:15:00,F0511,25.67,38.67,36.72,18.53,52471,28.35
2026-01-19 16:20:00,F0077,24.64,56.78,49.31,20.82,60614,76.6
2026-01-19 16:25:00,F0536,23.07,34.74,48.98,28.15,72592,35.98
2026-01-19 16:30:00,F0514,28.95,90.15,64.25,22.55,53090,96.42
2026-01-19 16:35:00,F0936,32.82,93.27,33.56,37.7,72120,76.96
2026-01-19 16:40:00,F0589,26.53,87.54,55.29,30.28,9951,57.12
2026-01-19 16:45:00,F0547,40.16,51.26,66.19,35.79,91767,29.81
2026-01-19 16:50:00,F0630,36.0,94.56,73.12,36.07,57644,30.31
2026-01-19 16:55:00,F0882,28.19,69.18,62.54,24.68,23035,67.35
2026-01-19 17:00:00,F0403,37.24,74.46,55.25,18.16,69840,88.8
2026-01-19 17:05:00,F0857,20.81,92.8,49.32,24.98,75001,78.15
2026-01-19 17:10:00,F0621,39.27,33.16,75.95,15.09,86849,99.04
2026-01-19 17:15:00,F0837,38.38,82.86,60.5,16.34,82284,45.02
2026-01-19 17:20:00,F0738,35.79,86.15,77.75,19.32,87561,56.34
2026-01-19 17:25:00,F0104,39.96,38.07,79.53,23.4,10860,65.77
2026-01-19 17:30:00,F0650,24.58,52.87,74.74,18.95,40943,85.24
2026-01-19 17:35:00,F0741,24.5,74.76,26.29,17.16,45116,54.0
2026-01-19 17:40:00,F0223,33.17,45.33,30.91,30.6,5780,61.75
2026-01-19 17:45:00,F0295,22.53,38.55,24.62,20.53,71577,27.31
2026-01-19 17:50:00,F0284,18.35,33.49,52.09,22.21,79027,80.54
2026-01-19 17:55:00,F0859,24.81,73.72,82.05,16.41,38104,62.34
2026-01-19 18:00:00,F0195,36.07,52.52,51.59,23.49,98731,68.02
2026-01-19 18:05:00,F0756,38.81,91.21,53.66,34.66,84840,95.22
2026-01-19 18:10:00,F0579,32.59,60.27,25.48,21.21,40620,94.23
2026-01-19 18:15:00,F0208,20.06,88.97,15.9,26.14,88723,64.58
2026-01-19 18:20:00,F0242,34.26,75.67,33.11,36.36,65089,57.98
2026-01-19 18:25:00,F0659,23.29,58.35,40.74,25.14,9502,55.01
2026-01-19 18:30:00,F0455,26.57,91.56,40.32,22.13,14990,43.05
2026-01-19 18:35:00,F0961,20.34,89.09,45.47,17.43,90566,39.77
2026-01-19 18:40:00,F0223,37.17,67.51,80.25,28.97,24492,57.01
2026-01-19 18:45:00,F0053,37.97,92.51,40.93,36.48,13874,36.62
2026-01-19 18:50:00,F0261,37.93,44.47,33.72,16.16,21656,57.8
2026-01-19 18:55:00,F0876,35.78,93.21,63.3,22.6,24715,91.33
2026-01-19 19:00:00,F0832,28.72,42.28,67.86,34.14,10158,86.51
2026-01-19 19:05:00,F0618,38.76,86.2,31.58,36.14,91263,68.04
2026-01-19 19:10:00,F0152,41.67,52.53,33.18,31.03,48530,45.2
2026-01-19 19:15:00,F0684,40.08,91.68,75.15,16.94,97914,27.17
2026-01-19 19:20:00,F0963,34.16,93.9,17.52,36.3,52327,88.51
2026-01-19 19:25:00,F0739,34.15,68.87,18.44,31.49,33955,35.17
2026-01-19 19:30:00,F0258,39.04,55.5,36.76,19.84,22019,79.9
2026-01-19 19:35:00,F0577,37.4,57.2,21.97,18.39,91442,80.81
2026-01-19 19:40:00,F0946,34.98,71.05,49.75,18.46,58859,51.84
2026-01-19 19:45:00,F0513,23.74,40.22,53.15,34.49,67489,92.2
2026-01-19 19:50:00,F0943,28.7,65.45,65.15,17.45,79850,93.28
2026-01-19 19:55:00,F0193,30.97,54.19,17.96,16.0,6686,91.96
2026-01-19 20:00:00,F0682,28.15,71.22,25.54,26.83,56591,71.63
2026-01-19 20:05:00,F0488,40.36,87.51,36.28,23.5,55157,29.65
2026-01-19 20:10:00,F0170,31.27,50.09,49.69,15.64,38918,41.94
2026-01-19 20:15:00,F0432,33.31,44.31,68.38,33.86,47361,71.88
2026-01-19 20:20:00,F0996,36.26,56.85,79.79,21.56,9527,46.73
2026-01-19 20:25:00,F0767,27.86,43.05,24.08,22.19,27740,45.09
2026-01-19 20:30:00,F0775,19.63,94.31,42.48,33.11,66496,51.67
2026-01-19 20:35:00,F0691,27.28,75.74,57.47,36.0,54528,46.18
2026-01-19 20:40:00,F0422,18.3,81.07,63.04,32.69,30971,76.43
2026-01-19 20:45:00,F0459,35.85,39.97,57.7,24.09,36657,61.27
2026-01-19 20:50:00,F0653,21.35,30.57,26.98,37.33,17761,46.09
2026-01-19 20:55:00,F0750,24.37,52.95,83.84,29.58,95416,35.84
2026-01-19 21:00:00,F0657,21.13,61.5,45.99,21.28,38321,31.51
2026-01-19 21:05:00,F0440,25.37,33.73,61.41,25.85,72450,26.2
2026-01-19 21:10:00,F0810,29.68,41.63,56.97,17.8,82255,82.33
2026-01-19 21:15:00,F0371,33.32,39.66,81.94,30.44,80444,32.23
2026-01-19 21:20:00,F0622,33.31,32.14,68.72,30.5,41057,65.42
2026-01-19 21:25:00,F0920,21.19,46.92,49.56,24.95,85726,73.41
2026-01-19 21:30:00,F0830,25.88,69.22,84.09,25.76,28842,72.74
2026-01-19 21:35:00,F0673,25.06,62.42,49.34,29.35,7592,96.07
2026-01-19 21:40:00,F0449,30.14,50.2,44.94,37.55,50451,68.61
2026-01-19 21:45:00,F0705,31.49,58.04,66.32,15.11,75064,70.7
2026-01-19 21:50:00,F0216,30.43,62.86,80.91,32.1,96522,21.31
2026-01-19 21:55:00,F0335,26.05,41.75,74.03,24.82,75824,58.14
2026-01-19 22:00:00,F0189,27.05,66.76,78.77,19.85,19710,46.19
2026-01-19 22:05:00,F0753,37.55,61.71,62.4,22.0,55115,93.74
2026-01-19 22:10:00,F0840,35.22,76.25,50.52,16.26,90394,41.64
2026-01-19 22:15:00,F0182,22.62,73.68,33.07,29.67,57416,53.3
2026-01-19 22:20:00,F0108,19.1,36.51,86.73,28.79,98471,50.91
2026-01-19 22:25:00,F0560,19.16,54.6,53.49,18.88,72945,50.89
2026-01-19 22:30:00,F0757,35.91,75.2,86.68,36.68,81750,97.36
2026-01-19 22:35:00,F0279,41.32,69.26,88.87,35.46,99816,39.66
2026-01-19 22:40:00,F0958,37.11,72.25,83.18,23.29,69175,96.57
2026-01-19 22:45:00,F0637,34.97,57.11,21.5,30.35,36792,23.76
2026-01-19 22:50:00,F0575,41.4,44.81,64.18,34.98,72363,39.81
2026-01-19 22:55:00,F0029,20.91,67.65,29.3,25.79,77757,25.45
2026-01-19 23:00:00,F0139,33.49,81.35,30.26,37.21,79966,97.56
2026-01-19 23:05:00,F0254,33.16,69.64,75.53,17.09,89270,90.13
2026-01-19 23:10:00,F0164,40.33,31.81,43.92,17.2,49111,34.43
2026-01-19 23:15:00,F0007,33.05,45.63,22.46,18.49,10593,94.25
2026-01-19 23:20:00,F0249,37.53,55.67,71.99,19.99,9725,43.29
2026-01-19 23:25:00,F0005,32.25,41.53,27.6,16.05,33034,29.78
2026-01-19 23:30:00,F0610,39.96,61.45,17.62,17.59,82582,47.81
2026-01-19 23:35:00,F0019,39.54,91.66,22.33,32.79,64695,70.85
2026-01-19 23:40:00,F0409,39.7,75.34,16.03,31.08,91473,28.42
2026-01-19 23:45:00,F0596,33.33,78.87,20.94,25.65,45925,87.43
2026-01-19 23:50:00,F0905,23.1,79.25,85.43,34.55,70415,39.08
2026-01-19 23:55:00,F0224,36.82,63.17,73.36,17.62,10532,45.01
2026-01-20 00:00:00,F0737,29.83,58.3,23.65,25.7,83097,24.69
2026-01-20 00:05:00,F0733,34.56,59.39,25.0,18.23,25428,92.49
2026-01-20 00:10:00,F0865,24.11,33.03,32.81,37.8,95239,61.57
2026-01-20 00:15:00,F0882,38.87,90.65,30.16,29.42,75435,71.32
2026-01-20 00:20:00,F0184,38.1,40.9,43.53,30.67,4277,49.97
2026-01-20 00:25:00,F0615,38.89,43.96,34.9,16.75,31596,31.11
2026-01-20 00:30:00,F0754,36.1,42.15,48.82,18.68,20340,72.44
2026-01-20 00:35:00,F0044,39.22,35.74,23.38,25.04,74924,47.71
2026-01-20 00:40:00,F0298,21.97,92.05,70.88,18.85,51630,59.53
2026-01-20 00:45:00,F0028,20.44,79.23,45.07,26.63,15803,84.26
2026-01-20 00:50:00,F0946,29.24,83.91,55.28,31.95,79355,20.56
2026-01-20 00:55:00,F0328,20.3,42.27,44.77,20.9,23188,54.58
2026-01-20 01:00:00,F0240,36.71,41.09,18.06,28.19,11966,58.67
2026-01-20 01:05:00,F0827,40.35,51.97,63.05,15.53,89304,20.95
2026-01-20 01:10:00,F0811,22.74,69.54,36.08,16.71,88129,47.42
2026-01-20 01:15:00,F0459,25.74,50.78,54.57,26.54,22471,63.82
2026-01-20 01:20:00,F0423,40.3,59.03,32.45,26.42,33833,54.89
2026-01-20 01:25:00,F0625,29.81,77.7,56.93,31.7,4105,72.03
2026-01-20 01:30:00,F0403,24.54,49.12,18.03,36.48,31447,45.75
2026-01-20 01:35:00,F0736,39.5,35.47,82.71,25.16,60580,71.3
2026-01-20 01:40:00,F0454,23.82,77.13,56.14,27.99,16440,87.74
2026-01-20 01:45:00,F0561,39.79,38.48,42.08,17.07,21663,25.06
2026-01-20 01:50:00,F0198,24.13,57.77,29.66,23.82,5067,25.84
2026-01-20 01:55:00,F0633,32.32,53.65,28.41,15.95,42261,25.14
2026-01-20 02:00:00,F0691,29.26,76.36,35.49,36.87,11176,77.52
2026-01-20 02:05:00,F0472,19.18,55.54,55.56,36.6,58662,65.34
2026-01-20 02:10:00,F0935,30.25,56.36,29.64,30.12,22433,91.54
2026-01-20 02:15:00,F0805,37.04,83.91,48.59,30.19,4308,44.63
2026-01-20 02:20:00,F0305,31.03,35.22,33.48,37.6,69316,29.64
2026-01-20 02:25:00,F0064,39.93,36.49,71.48,34.42,44944,75.9
2026-01-20 02:30:00,F0512,37.1,56.14,47.92,35.75,77607,88.84
2026-01-20 02:35:00,F0133,24.43,55.94,17.17,26.13,75480,32.26
2026-01-20 02:40:00,F0097,28.8,49.92,20.63,35.69,62171,80.67
2026-01-20 02:45:00,F0042,21.09,39.92,30.42,15.1,93270,98.81
2026-01-20 02:50:00,F0981,23.52,59.39,80.55,25.13,87129,30.88
2026-01-20 02:55:00,F0883,22.55,39.67,61.3,23.13,78077,71.55
2026-01-20 03:00:00,F0187,30.77,64.07,56.67,33.03,48285,76.7
2026-01-20 03:05:00,F0511,22.19,59.81,27.85,28.98,25926,37.2
2026-01-20 03:10:00,F0743,26.15,60.72,66.33,15.37,92754,92.09
2026-01-20 03:15:00,F0031,39.46,69.81,58.15,24.22,56533,35.64
2026-01-20 03:20:00,F0621,37.2,50.04,43.81,27.28,35939,30.83
2026-01-20 03:25:00,F0466,23.96,66.22,38.93,32.45,89740,47.74
2026-01-20 03:30:00,F0728,23.75,35.03,69.98,24.58,60503,52.42
2026-01-20 03:35:00,F0808,41.31,60.77,40.01,37.55,30589,86.43
2026-01-20 03:40:00,F0878,25.48,30.19,44.28,18.63,14678,52.88
2026-01-20 03:45:00,F0200,23.9,80.67,23.75,30.9,18457,27.35
2026-01-20 03:50:00,F0408,34.55,46.6,66.68,22.9,55473,36.94
2026-01-20 03:55:00,F0176,37.19,64.33,46.47,35.4,26553,49.15
2026-01-20 04:00:00,F0033,24.8,47.31,42.23,31.48,98019,92.62
2026-01-20 04:05:00,F0669,40.64,43.22,80.34,36.48,12016,26.2
2026-01-20 04:10:00,F0479,26.15,87.81,34.87,37.81,44574,58.24
2026-01-20 04:15:00,F0296,22.0,82.84,62.38,27.22,40227,34.37
2026-01-20 04:20:00,F0641,36.44,54.61,52.93,35.68,10777,32.91
2026-01-20 04:25:00,F0114,20.95,89.14,35.48,26.3,81013,33.89
2026-01-20 04:30:00,F0258,33.86,48.74,59.0,35.2,58954,33.88
2026-01-20 04:35:00,F0452,35.48,51.01,63.89,29.3,70246,90.57
2026-01-20 04:40:00,F0384,36.35,67.04,23.87,20.52,1275,24.89
2026-01-20 04:45:00,F0324,37.43,46.97,88.62,29.97,70341,37.62
2026-01-20 04:50:00,F0285,29.52,66.97,83.81,35.65,7385,47.17
2026-01-20 04:55:00,F0477,37.51,66.25,34.51,32.02,10990,22.06
2026-01-20 05:00:00,F0516,20.2,46.31,88.48,35.79,32275,79.42
2026-01-20 05:05:00,F0548,33.36,83.68,43.79,18.86,27946,79.58
2026-01-20 05:10:00,F0838,33.26,89.86,62.39,15.3,56144,78.91
2026-01-20 05:15:00,F0605,27.34,77.15,43.32,34.89,83136,53.06
2026-01-20 05:20:00,F0768,28.7,50.12,22.68,33.68,9370,61.51
2026-01-20 05:25:00,F0503,32.35,75.5,17.77,22.78,56671,26.2
2026-01-20 05:30:00,F0792,24.39,35.43,58.6,17.35,22586,45.47
2026-01-20 05:35:00,F0143,35.45,42.42,46.15,15.04,34334,80.92
2026-01-20 05:40:00,F0192,39.85,61.24,56.84,33.66,71927,53.25
2026-01-20 05:45:00,F0986,38.64,92.53,62.92,17.59,23629,24.81
2026-01-20 05:50:00,F0401,39.33,47.18,67.65,27.6,19482,49.75
2026-01-20 05:55:00,F0871,29.09,55.68,43.55,28.9,84447,80.2
2026-01-20 06:00:00,F0464,30.13,46.98,17.43,16.42,9840,42.87
2026-01-20 06:05:00,F0285,38.12,38.87,44.42,29.76,30207,87.38
2026-01-20 06:10:00,F0174,23.92,84.86,83.8,16.56,47394,66.31
2026-01-20 06:15:00,F0174,30.45,90.23,39.15,28.78,79593,41.86
2026-01-20 06:20:00,F0999,25.77,60.58,47.76,35.59,65196,76.19
2026-01-20 06:25:00,F0624,30.09,68.55,17.15,22.23,63634,65.98
2026-01-20 06:30:00,F0676,37.7,71.69,78.65,19.81,59140,54.76
2026-01-20 06:35:00,F0481,25.49,70.67,18.03,28.49,80330,41.81
2026-01-20 06:40:00,F0689,30.85,50.57,72.89,33.8,31131,65.58
2026-01-20 06:45:00,F0999,23.67,93.25,47.52,15.58,18480,62.46
2026-01-20 06:50:00,F0786,31.24,56.64,62.45,23.81,94937,21.21
2026-01-20 06:55:00,F0633,28.06,53.22,65.74,35.87,52484,21.37
2026-01-20 07:00:00,F0498,25.84,35.32,27.86,16.31,66589,43.28
2026-01-20 07:05:00,F0399,21.96,38.89,38.31,30.07,14603,62.11
2026-01-20 07:10:00,F0898,36.84,85.55,40.89,21.75,66760,47.92
2026-01-20 07:15:00,F0806,32.56,45.22,45.4,20.53,21640,84.09
2026-01-20 07:20:00,F0657,23.86,80.24,72.28,36.74,44365,23.05
2026-01-20 07:25:00,F0458,35.35,57.13,66.14,23.34,43302,56.7
2026-01-20 07:30:00,F0229,29.66,85.88,57.01,32.24,96256,48.21
2026-01-20 07:35:00,F0943,36.0,51.47,27.78,36.69,98579,64.06
2026-01-20 07:40:00,F0298,28.06,81.55,78.43,16.18,87464,59.34
2026-01-20 07:45:00,F0333,36.55,85.39,78.89,28.55,84169,92.62
2026-01-20 07:50:00,F0637,24.57,74.57,78.56,24.85,22247,36.72
2026-01-20 07:55:00,F0640,27.54,46.56,80.51,36.85,74890,69.32
2026-01-20 08:00:00,F0146,19.45,44.56,53.78,21.19,58364,20.07
2026-01-20 08:05:00,F0574,24.29,35.83,57.78,16.89,17895,42.63
2026-01-20 08:10:00,F0425,31.54,50.79,81.67,20.09,92059,63.47
2026-01-20 08:15:00,F0071,34.97,43.11,85.62,35.03,50167,76.43
2026-01-20 08:20:00,F0342,21.86,48.48,20.27,18.01,57935,79.83
2026-01-20 08:25:00,F0023,24.51,63.22,25.56,24.15,33252,36.36
2026-01-20 08:30:00,F0907,27.78,34.48,59.91,27.09,25753,55.91
2026-01-20 08:35:00,F0534,22.31,54.86,41.2,28.87,25719,72.72
2026-01-20 08:40:00,F0709,30.18,48.65,68.39,29.1,64040,26.8
2026-01-20 08:45:00,F0906,37.33,33.14,33.39,37.66,97729,84.27
2026-01-20 08:50:00,F0237,19.47,82.99,36.89,17.0,86210,44.11
2026-01-20 08:55:00,F0430,33.66,86.23,19.07,19.16,3083,70.44
2026-01-20 09:00:00,F0941,22.78,44.46,83.29,27.43,96834,32.67
2026-01-20 09:05:00,F0931,19.6,67.72,84.73,26.17,95791,94.54
2026-01-20 09:10:00,F0511,40.55,80.9,49.12,34.63,45835,81.22
2026-01-20 09:15:00,F0468,27.06,53.21,37.41,29.2,8624,36.64
2026-01-20 09:20:00,F0922,41.11,37.2,39.81,34.8,33783,36.16
2026-01-20 09:25:00,F0791,35.74,37.22,82.63,18.21,82823,36.35
2026-01-20 09:30:00,F0323,26.92,45.28,18.7,29.22,99449,30.82
2026-01-20 09:35:00,F0708,23.99,72.43,80.91,19.73,89960,79.62
2026-01-20 09:40:00,F0072,25.47,72.56,38.62,32.17,4734,57.16
2026-01-20 09:45:00,F0147,27.04,31.13,25.4,33.3,2861,50.84
2026-01-20 09:50:00,F0289,35.22,50.79,89.93,32.17,39922,44.46
2026-01-20 09:55:00,F0520,29.46,40.22,84.94,35.8,56058,96.73
2026-01-20 10:00:00,F0576,41.62,77.76,34.12,18.12,92391,90.3
2026-01-20 10:05:00,F0913,31.89,46.2,28.07,21.48,58249,65.34
2026-01-20 10:10:00,F0845,29.47,40.98,27.58,15.77,31001,79.24
2026-01-20 10:15:00,F0794,40.99,62.97,30.47,25.63,15635,32.86
2026-01-20 10:20:00,F0560,22.34,47.19,88.98,27.86,12092,67.34
2026-01-20 10:25:00,F0912,37.85,68.32,87.06,34.09,47954,96.14
2026-01-20 10:30:00,F0394,34.29,51.7,58.68,32.23,92801,66.72
2026-01-20 10:35:00,F0322,38.07,55.58,89.98,37.96,57696,40.11
2026-01-20 10:40:00,F0330,21.47,83.6,15.44,20.93,49549,33.59
2026-01-20 10:45:00,F0894,21.75,86.94,79.04,27.11,65948,63.07
2026-01-20 10:50:00,F0339,24.14,87.89,74.06,26.55,62594,80.97
2026-01-20 10:55:00,F0614,34.5,79.69,24.37,30.75,50250,56.11
2026-01-20 11:00:00,F0045,35.97,70.04,71.51,24.74,19776,80.7
2026-01-20 11:05:00,F0976,26.25,32.89,24.61,26.58,4651,24.58
2026-01-20 11:10:00,F0708,25.43,34.99,51.27,31.35,84262,59.62
2026-01-20 11:15:00,F0277,34.83,57.52,65.47,17.43,13811,37.72
2026-01-20 11:20:00,F0306,18.3,61.68,61.36,33.44,98747,27.02
2026-01-20 11:25:00,F0907,24.44,61.29,78.23,26.22,38824,71.81
2026-01-20 11:30:00,F0735,30.07,89.9,80.55,34.99,74603,80.36
2026-01-20 11:35:00,F0502,34.49,62.64,84.03,37.07,90136,24.18
2026-01-20 11:40:00,F0930,39.23,63.87,53.11,22.99,98349,57.45
2026-01-20 11:45:00,F0710,25.8,84.33,65.8,16.86,56229,53.17
2026-01-20 11:50:00,F0597,39.4,93.72,57.43,24.67,98814,39.12
2026-01-20 11:55:00,F0257,27.78,30.92,57.65,23.52,16652,75.65
2026-01-20 12:00:00,F0120,38.73,34.66,30.53,22.69,25625,34.99
2026-01-20 12:05:00,F0268,39.75,90.52,53.31,23.58,80559,52.33
2026-01-20 12:10:00,F0608,21.09,91.67,63.09,24.88,75384,56.08
2026-01-20 12:15:00,F0757,39.41,66.27,71.99,35.18,76986,58.89
2026-01-20 12:20:00,F0312,30.61,67.12,77.05,29.43,54523,79.16
2026-01-20 12:25:00,F0088,31.72,90.43,19.38,18.73,83178,24.08
2026-01-20 12:30:00,F0726,22.92,67.1,77.31,19.21,46553,85.1
2026-01-20 12:35:00,F0750,19.89,46.28,32.63,36.65,18582,58.61
2026-01-20 12:40:00,F0416,32.07,76.7,15.75,26.22,27712,97.84
2026-01-20 12:45:00,F0772,32.54,67.09,52.68,24.78,62170,99.7
2026-01-20 12:50:00,F0668,18.41,64.07,65.05,20.2,51896,20.35
2026-01-20 12:55:00,F0808,21.6,42.52,45.99,23.01,62662,36.49
2026-01-20 13:00:00,F0755,26.47,59.56,44.37,31.82,22784,81.31
2026-01-20 13:05:00,F0534,25.43,34.22,74.94,35.24,94052,22.83
2026-01-20 13:10:00,F0876,35.87,60.47,16.38,32.31,41440,81.36
2026-01-20 13:15:00,F0179,35.03,49.8,67.11,23.76,99061,83.5
2026-01-20 13:20:00,F0131,34.4,44.9,40.62,24.5,16195,64.54
2026-01-20 13:25:00,F0708,36.07,30.84,33.21,37.44,1433,74.94
2026-01-20 13:30:00,F0440,38.57,73.72,68.99,22.58,88319,98.8
2026-01-20 13:35:00,F0990,21.33,34.36,40.11,36.13,88113,89.97
2026-01-20 13:40:00,F0728,20.47,72.63,27.27,32.53,62162,58.75
2026-01-20 13:45:00,F0618,18.72,91.05,62.82,24.75,52543,38.28
2026-01-20 13:50:00,F0667,35.28,70.08,51.01,26.66,86202,39.7
2026-01-20 13:55:00,F0425,40.84,51.21,53.66,22.73,26230,36.08
2026-01-20 14:00:00,F0701,29.79,33.2,27.98,30.27,37448,99.03
2026-01-20 14:05:00,F0032,37.98,61.89,31.4,29.56,26943,73.3
2026-01-20 14:10:00,F0111,33.84,40.09,33.82,22.89,91344,55.86
2026-01-20 14:15:00,F0706,25.92,59.36,22.36,29.52,7217,85.06
2026-01-20 14:20:00,F0849,36.81,46.22,42.69,26.53,73803,24.93
2026-01-20 14:25:00,F0809,19.61,75.57,72.97,22.58,38229,87.94
2026-01-20 14:30:00,F0638,25.01,65.22,20.42,23.18,95794,67.95
2026-01-20 14:35:00,F0518,23.71,62.68,27.69,15.09,94459,25.91
2026-01-20 14:40:00,F0124,24.64,60.34,52.25,21.17,12698,39.69
2026-01-20 14:45:00,F0744,20.04,85.71,48.03,34.3,19044,60.65
2026-01-20 14:50:00,F0171,41.01,75.7,75.37,23.89,75382,72.44
2026-01-20 14:55:00,F0673,24.45,90.38,64.98,15.55,18175,65.02
2026-01-20 15:00:00,F0576,38.54,67.73,37.24,30.43,98606,85.15
2026-01-20 15:05:00,F0759,38.6,59.77,77.52,37.7,52784,26.15
2026-01-20 15:10:00,F0903,23.71,65.25,78.32,22.9,45556,21.32
2026-01-20 15:15:00,F0755,40.96,89.52,68.03,28.4,12849,75.8
2026-01-20 15:20:00,F0609,26.32,56.02,48.27,19.31,28300,65.15
2026-01-20 15:25:00,F0667,41.35,80.98,42.34,36.52,78483,80.53
2026-01-20 15:30:00,F0393,37.37,90.04,58.44,21.55,21215,70.97
2026-01-20 15:35:00,F0032,27.96,36.89,73.13,30.44,54708,22.75
2026-01-20 15:40:00,F0544,29.83,32.7,85.2,18.12,88679,31.19
2026-01-20 15:45:00,F0925,38.59,44.53,62.54,19.94,72975,28.02
2026-01-20 15:50:00,F0069,21.79,79.29,58.34,24.82,63486,54.29
2026-01-20 15:55:00,F0226,28.63,91.38,29.95,25.21,39697,81.95
2026-01-20 16:00:00,F0516,23.37,88.23,42.12,26.11,61293,71.25
2026-01-20 16:05:00,F0594,33.09,30.16,45.42,34.71,65275,84.44
2026-01-20 16:10:00,F0860,38.69,42.6,45.6,26.0,42634,40.85
2026-01-20 16:15:00,F0839,28.81,69.07,20.69,20.78,79248,20.45
2026-01-20 16:20:00,F0969,35.82,52.21,89.08,35.57,86695,62.61
2026-01-20 16:25:00,F0765,41.21,76.71,18.76,23.14,66878,54.3
2026-01-20 16:30:00,F0128,19.4,40.45,30.93,17.17,78305,84.06
2026-01-20 16:35:00,F0433,38.14,57.27,38.72,37.64,67635,91.57
2026-01-20 16:40:00,F0703,18.78,51.31,18.88,15.32,12878,82.37
2026-01-20 16:45:00,F0396,20.93,50.51,74.06,32.68,2703,23.27
2026-01-20 16:50:00,F0073,39.99,73.65,87.46,36.28,60080,36.77
2026-01-20 16:55:00,F0519,40.52,46.75,48.08,32.44,31381,70.46
2026-01-20 17:00:00,F0746,29.91,45.86,45.14,28.17,76200,70.9
2026-01-20 17:05:00,F0034,31.31,47.96,30.8,28.21,42675,95.71
2026-01-20 17:10:00,F0388,29.95,64.04,25.76,19.63,2739,48.01
2026-01-20 17:15:00,F0129,40.38,65.2,33.98,33.24,23956,48.68
2026-01-20 17:20:00,F0070,20.49,92.82,58.72,15.96,47317,68.09
2026-01-20 17:25:00,F0881,35.95,67.56,27.45,28.28,9264,86.06
2026-01-20 17:30:00,F0322,31.55,70.39,70.37,28.56,96511,74.66
2026-01-20 17:35:00,F0779,36.52,46.05,55.67,25.3,55884,98.98
2026-01-20 17:40:00,F0399,38.46,32.36,62.46,34.12,96408,61.89
2026-01-20 17:45:00,F0961,25.68,94.7,20.33,19.65,41598,21.34
2026-01-20 17:50:00,F0218,31.54,83.18,50.28,20.01,61441,42.94
2026-01-20 17:55:00,F0686,34.79,42.64,54.6,26.74,54407,39.11
2026-01-20 18:00:00,F0708,36.15,73.19,62.52,35.07,59683,76.45
2026-01-20 18:05:00,F0185,27.24,54.82,53.23,35.18,62855,29.79
2026-01-20 18:10:00,F0956,25.41,35.19,39.43,20.12,14820,26.21
2026-01-20 18:15:00,F0482,30.22,33.67,47.83,25.33,60286,59.46
2026-01-20 18:20:00,F0608,21.28,75.78,80.54,30.29,73439,68.54
2026-01-20 18:25:00,F0782,18.8,44.8,84.14,27.21,59184,45.57
2026-01-20 18:30:00,F0449,24.48,53.24,61.82,35.89,32224,74.37
2026-01-20 18:35:00,F0014,23.02,30.84,47.84,27.19,15518,67.57
2026-01-20 18:40:00,F0659,22.07,79.38,50.41,36.36,50545,45.89
2026-01-20 18:45:00,F0769,39.13,34.17,84.26,21.48,55290,58.13
2026-01-20 18:50:00,F0265,34.75,36.16,70.88,22.28,60324,48.51
2026-01-20 18:55:00,F0182,26.53,76.75,87.94,21.83,68922,62.55
2026-01-20 19:00:00,F0877,25.76,76.82,64.1,36.81,76162,97.37
2026-01-20 19:05:00,F0725,20.7,63.84,86.12,32.52,14503,85.51
2026-01-20 19:10:00,F0323,35.66,60.96,33.72,20.34,46130,25.97
2026-01-20 19:15:00,F0471,28.27,77.84,52.08,15.85,49269,24.82
2026-01-20 19:20:00,F0424,36.02,85.02,54.9,37.32,72381,36.18
2026-01-20 19:25:00,F0753,23.03,34.4,58.72,20.96,43416,76.2
2026-01-20 19:30:00,F0182,36.23,50.8,86.48,16.19,82999,43.94
2026-01-20 19:35:00,F0764,39.6,54.49,66.61,34.64,71841,66.25
2026-01-20 19:40:00,F0251,25.22,93.15,41.97,21.41,43077,56.17
2026-01-20 19:45:00,F0348,19.85,86.13,80.53,31.62,70529,95.09
2026-01-20 19:50:00,F0654,21.2,42.5,55.79,33.95,27545,84.33
2026-01-20 19:55:00,F0985,24.46,74.02,80.54,18.34,12622,50.2
2026-01-20 20:00:00,F0682,30.61,73.66,72.97,31.45,91180,60.9
2026-01-20 20:05:00,F0648,27.07,90.81,86.89,20.77,55783,77.87
2026-01-20 20:10:00,F0185,40.86,94.85,62.44,15.57,90722,64.52
2026-01-20 20:15:00,F0668,41.85,60.52,71.81,32.3,92103,34.83
2026-01-20 20:20:00,F0540,20.3,94.41,29.19,17.83,81046,32.4
2026-01-20 20:25:00,F0742,31.73,48.23,72.89,31.39,24029,94.65
2026-01-20 20:30:00,F0719,23.35,63.18,67.29,34.94,52348,34.83
2026-01-20 20:35:00,F0247,34.44,46.3,69.93,35.96,48255,41.97
2026-01-20 20:40:00,F0377,24.68,84.82,60.97,22.32,70446,91.03
2026-01-20 20:45:00,F0939,23.74,46.98,15.27,35.48,46502,52.19
2026-01-20 20:50:00,F0029,22.87,89.47,52.88,24.92,26006,46.11
2026-01-20 20:55:00,F0311,38.91,30.59,88.79,28.33,99960,63.73
2026-01-20 21:00:00,F0390,26.65,36.52,77.12,26.59,94558,54.93
2026-01-20 21:05:00,F0143,20.22,39.6,70.44,23.43,69748,53.43
2026-01-20 21:10:00,F0871,30.96,88.97,38.53,21.72,82934,36.83
2026-01-20 21:15:00,F0449,27.28,74.54,54.29,35.08,71551,33.99
2026-01-20 21:20:00,F0021,31.84,85.32,55.83,19.07,79379,83.31
2026-01-20 21:25:00,F0656,24.95,60.34,80.63,19.91,28438,26.24
2026-01-20 21:30:00,F0208,23.86,85.38,37.01,15.96,62484,32.62
2026-01-20 21:35:00,F0404,41.22,39.9,72.71,20.42,28195,76.08
2026-01-20 21:40:00,F0415,25.48,33.19,76.9,21.53,88489,59.97
2026-01-20 21:45:00,F0585,19.94,35.87,75.53,20.51,86458,76.59
2026-01-20 21:50:00,F0880,41.93,32.25,85.71,16.4,91396,27.83
2026-01-20 21:55:00,F0422,23.64,54.4,28.42,32.29,19832,61.93
2026-01-20 22:00:00,F0372,38.09,49.89,36.76,15.06,84317,46.5
2026-01-20 22:05:00,F0631,39.93,85.48,43.38,18.75,76358,48.16
2026-01-20 22:10:00,F0783,38.1,71.2,53.36,27.12,11459,22.91
2026-01-20 22:15:00,F0749,41.58,56.95,18.28,30.18,8881,34.61
2026-01-20 22:20:00,F0399,39.38,49.25,59.34,29.65,58959,40.95
2026-01-20 22:25:00,F0676,26.05,63.22,62.57,17.44,95248,50.38
2026-01-20 22:30:00,F0841,21.22,50.3,20.44,15.55,51968,70.12
2026-01-20 22:35:00,F0559,31.06,50.76,50.3,36.39,20333,92.73
2026-01-20 22:40:00,F0441,26.38,86.87,83.34,21.3,28716,81.93
2026-01-20 22:45:00,F0586,22.68,47.29,34.07,34.22,61413,26.1
2026-01-20 22:50:00,F0070,33.41,31.0,49.8,18.95,68608,49.99
2026-01-20 22:55:00,F0173,23.85,72.82,89.29,29.69,99176,22.43
2026-01-20 23:00:00,F0436,28.41,36.13,55.57,20.38,30147,72.56
2026-01-20 23:05:00,F0795,20.93,79.66,34.1,28.22,42522,48.55
2026-01-20 23:10:00,F0754,37.45,41.1,83.93,34.93,92095,33.27
2026-01-20 23:15:00,F0772,36.2,41.56,15.43,33.01,67538,96.66
2026-01-20 23:20:00,F0923,31.17,53.17,64.02,16.09,77875,88.76
2026-01-20 23:25:00,F0697,26.5,37.19,48.04,24.03,1469,29.62
2026-01-20 23:30:00,F0835,21.79,69.47,27.47,37.19,43940,80.74
2026-01-20 23:35:00,F0489,35.68,94.15,25.19,32.25,79661,25.07
2026-01-20 23:40:00,F0909,32.42,45.51,33.53,37.18,99356,33.5
2026-01-20 23:45:00,F0047,35.8,40.95,33.8,24.14,20917,83.07
2026-01-20 23:50:00,F0246,31.47,62.88,36.13,16.09,90020,87.18
2026-01-20 23:55:00,F0494,33.42,53.06,30.79,28.43,35867,32.35
2026-01-21 00:00:00,F0749,31.49,53.16,54.34,19.39,4447,61.82
2026-01-21 00:05:00,F0656,24.11,36.24,56.75,30.07,17782,67.26
2026-01-21 00:10:00,F0048,30.37,82.79,39.95,16.32,36701,94.99
2026-01-21 00:15:00,F0524,38.52,72.95,40.09,15.64,42281,29.43
2026-01-21 00:20:00,F0129,39.87,60.33,27.78,16.37,7813,58.66
2026-01-21 00:25:00,F0296,24.17,67.21,32.36,17.47,10400,57.73
2026-01-21 00:30:00,F0497,40.55,85.52,15.74,19.61,34580,48.52
2026-01-21 00:35:00,F0541,34.31,62.77,35.78,36.81,52921,46.36
2026-01-21 00:40:00,F0956,29.68,43.53,37.03,21.4,50592,52.39
2026-01-21 00:45:00,F0969,18.12,38.78,44.53,31.78,39297,88.1
2026-01-21 00:50:00,F0815,29.28,36.73,15.5,17.43,1206,35.44
2026-01-21 00:55:00,F0530,32.26,62.57,26.54,34.32,18400,83.24
2026-01-21 01:00:00,F0695,40.66,70.63,15.36,19.97,33383,81.9
2026-01-21 01:05:00,F0120,27.65,38.89,60.58,31.3,64327,97.94
2026-01-21 01:10:00,F0383,21.18,89.67,46.41,21.66,74258,94.83
2026-01-21 01:15:00,F0223,33.99,36.41,29.72,25.81,10109,56.79
2026-01-21 01:20:00,F0154,24.28,72.09,20.03,22.78,64895,50.84
2026-01-21 01:25:00,F0275,21.76,83.95,86.01,20.29,81383,37.62
2026-01-21 01:30:00,F0215,40.95,79.59,41.84,28.79,18779,79.24
2026-01-21 01:35:00,F0904,38.38,32.71,64.01,37.58,25668,34.47
2026-01-21 01:40:00,F0826,31.41,60.42,32.76,31.21,4957,27.44
2026-01-21 01:45:00,F0261,32.87,69.16,77.68,22.01,44128,41.79
2026-01-21 01:50:00,F0502,22.84,86.51,48.71,25.65,37105,80.87
2026-01-21 01:55:00,F0976,32.78,67.44,46.28,27.28,80056,44.8
2026-01-21 02:00:00,F0843,37.0,93.48,40.23,26.02,60076,38.64
2026-01-21 02:05:00,F0395,20.26,90.42,64.75,32.79,33875,21.7
2026-01-21 02:10:00,F0482,22.93,88.31,55.61,34.53,77094,27.73
2026-01-21 02:15:00,F0053,30.45,78.48,37.0,17.52,89398,59.75
2026-01-21 02:20:00,F0905,25.53,70.62,35.84,19.94,63102,88.44
2026-01-21 02:25:00,F0934,21.88,36.76,66.35,30.19,67355,56.51
2026-01-21 02:30:00,F0465,37.25,74.03,46.83,36.23,78095,28.07
2026-01-21 02:35:00,F0328,30.15,41.77,45.76,22.09,10193,29.5
2026-01-21 02:40:00,F0271,30.91,51.57,89.75,36.1,55995,55.94
2026-01-21 02:45:00,F0935,20.65,39.45,39.58,25.97,21947,63.94
2026-01-21 02:50:00,F0069,31.28,39.33,72.76,34.32,22790,87.96
2026-01-21 02:55:00,F0777,31.49,71.69,55.05,23.44,86003,33.17
2026-01-21 03:00:00,F0592,40.93,67.86,61.84,24.3,84646,62.39
2026-01-21 03:05:00,F0103,35.26,52.6,89.95,32.9,49222,35.46
2026-01-21 03:10:00,F0731,23.45,75.9,35.86,25.48,55568,36.26
2026-01-21 03:15:00,F0543,25.7,66.76,87.82,15.5,17155,54.82
2026-01-21 03:20:00,F0638,38.03,46.59,68.25,34.49,36518,79.98
2026-01-21 03:25:00,F0003,18.11,78.51,35.38,33.04,49443,52.82
2026-01-21 03:30:00,F0153,23.72,85.99,24.23,31.71,41940,97.52
2026-01-21 03:35:00,F0042,28.67,94.47,51.47,28.44,69688,79.25
2026-01-21 03:40:00,F0181,35.59,62.71,82.38,32.23,41043,32.31
2026-01-21 03:45:00,F0947,22.95,47.38,89.62,31.36,76461,85.83
2026-01-21 03:50:00,F0614,21.58,86.15,23.62,34.61,79192,58.44
2026-01-21 03:55:00,F0200,37.5,56.51,76.8,22.4,37157,55.63
2026-01-21 04:00:00,F0963,26.79,88.59,49.61,27.89,88424,97.4
2026-01-21 04:05:00,F0250,40.91,61.48,20.02,16.38,92862,45.81
2026-01-21 04:10:00,F0998,32.09,75.23,41.6,31.42,8227,83.69
2026-01-21 04:15:00,F0710,37.36,59.87,56.87,19.49,53599,20.16
2026-01-21 04:20:00,F0651,20.56,48.82,31.83,15.46,9030,97.04
2026-01-21 04:25:00,F0162,26.4,92.02,19.42,21.75,27342,92.03
2026-01-21 04:30:00,F0419,34.37,85.04,49.86,18.4,1078,55.03
2026-01-21 04:35:00,F0160,39.15,67.42,68.0,30.84,14446,55.13
2026-01-21 04:40:00,F0219,35.79,51.18,45.78,33.33,39748,34.28
2026-01-21 04:45:00,F0714,29.0,67.02,60.56,15.54,39549,36.85
2026-01-21 04:50:00,F0561,33.1,61.66,68.95,25.62,18759,94.63
2026-01-21 04:55:00,F0172,38.36,58.5,25.79,23.0,33319,96.06
2026-01-21 05:00:00,F0406,33.37,94.44,58.09,22.33,41498,99.65
2026-01-21 05:05:00,F0280,39.26,38.2,46.39,34.0,51325,84.55
2026-01-21 05:10:00,F0913,30.3,93.77,18.36,19.7,82311,21.72
2026-01-21 05:15:00,F0711,39.79,50.82,74.67,23.07,87916,85.05
2026-01-21 05:20:00,F0403,39.85,45.44,17.21,29.35,62769,38.11
2026-01-21 05:25:00,F0886,21.24,81.54,65.4,33.76,94351,54.56
2026-01-21 05:30:00,F0450,28.45,93.06,36.49,15.1,31711,78.87
2026-01-21 05:35:00,F0184,24.67,70.77,63.89,30.91,54985,98.23
2026-01-21 05:40:00,F0285,23.31,44.54,27.5,37.23,98702,54.75
2026-01-21 05:45:00,F0076,29.19,73.26,42.43,35.46,32425,98.08
2026-01-21 05:50:00,F0532,18.77,51.64,31.83,17.66,50566,82.06
2026-01-21 05:55:00,F0455,38.57,79.22,83.45,27.88,39877,48.55
2026-01-21 06:00:00,F0853,26.93,56.57,38.65,15.69,2459,99.43
2026-01-21 06:05:00,F0357,33.97,93.82,15.63,37.17,21504,69.83
2026-01-21 06:10:00,F0383,18.87,55.9,51.95,33.35,38918,27.41
2026-01-21 06:15:00,F0791,22.58,90.35,59.0,34.26,92574,63.69
2026-01-21 06:20:00,F0445,33.74,90.63,38.85,24.13,20722,89.94
2026-01-21 06:25:00,F0253,25.53,31.62,43.72,19.3,88229,47.67
2026-01-21 06:30:00,F0375,20.1,82.02,86.36,35.07,59554,75.58
2026-01-21 06:35:00,F0372,19.81,68.03,50.6,26.98,78065,46.77
2026-01-21 06:40:00,F0069,38.04,41.22,75.2,21.14,33922,84.58
2026-01-21 06:45:00,F0343,30.72,31.29,19.96,37.85,56457,75.02
2026-01-21 06:50:00,F0115,22.74,47.47,72.25,24.12,90554,50.14
2026-01-21 06:55:00,F0328,21.57,75.49,83.7,32.71,33540,32.09
2026-01-21 07:00:00,F0145,21.06,73.88,34.63,35.21,59936,23.13
2026-01-21 07:05:00,F0693,30.24,93.71,15.18,21.2,91569,28.65
2026-01-21 07:10:00,F0597,35.29,34.7,56.88,21.27,73817,68.09
2026-01-21 07:15:00,F0991,33.8,46.01,72.6,36.81,73588,73.28
2026-01-21 07:20:00,F0940,38.75,77.28,70.0,17.75,18794,91.54
2026-01-21 07:25:00,F0528,20.64,79.01,60.11,15.19,2861,61.7
2026-01-21 07:30:00,F0019,25.77,65.22,59.46,35.07,44214,88.22
2026-01-21 07:35:00,F0931,41.74,32.72,24.06,15.37,29394,42.61
2026-01-21 07:40:00,F0860,18.6,94.61,56.46,32.04,92079,77.74
2026-01-21 07:45:00,F0050,26.14,93.76,68.27,22.85,85092,61.46
2026-01-21 07:50:00,F0844,33.77,82.67,59.35,15.87,25166,96.91
2026-01-21 07:55:00,F0797,23.66,34.45,45.82,24.54,40775,53.44
2026-01-21 08:00:00,F0912,21.29,71.36,27.06,36.99,39091,92.46
2026-01-21 08:05:00,F0986,28.75,57.43,34.37,26.63,20533,76.45
2026-01-21 08:10:00,F0742,35.45,66.79,79.8,24.12,21800,24.13
2026-01-21 08:15:00,F0838,37.41,70.42,76.77,33.02,35532,66.78
2026-01-21 08:20:00,F0707,35.39,68.92,78.54,23.94,76854,31.89
2026-01-21 08:25:00,F0251,23.38,77.06,34.48,24.95,55690,97.49
2026-01-21 08:30:00,F0363,29.89,88.6,24.0,24.65,47454,59.28
2026-01-21 08:35:00,F0882,40.06,71.06,30.83,21.56,76327,69.89
2026-01-21 08:40:00,F0870,19.38,45.28,52.6,30.53,52916,43.26
2026-01-21 08:45:00,F0103,27.55,52.86,54.63,18.32,95910,76.52
2026-01-21 08:50:00,F0578,39.06,42.35,81.58,32.68,30636,21.84
2026-01-21 08:55:00,F0152,41.84,88.07,88.42,27.71,65120,50.84
2026-01-21 09:00:00,F0097,40.0,56.86,81.95,30.4,75515,49.13
2026-01-21 09:05:00,F0860,40.38,53.6,33.85,27.51,16541,60.32
2026-01-21 09:10:00,F0014,34.51,85.59,30.01,20.64,5736,61.45
2026-01-21 09:15:00,F0378,24.51,83.01,35.94,18.24,84763,57.91
2026-01-21 09:20:00,F0544,26.47,65.47,53.25,28.56,2989,54.67
2026-01-21 09:25:00,F0393,26.95,69.86,28.33,30.28,79368,53.18
2026-01-21 09:30:00,F0146,40.84,58.31,27.24,20.52,71631,38.88
2026-01-21 09:35:00,F0826,22.18,52.13,82.93,17.82,27982,69.04
2026-01-21 09:40:00,F0622,34.89,94.96,87.39,29.6,62643,86.8
2026-01-21 09:45:00,F0841,35.96,91.81,27.07,37.12,18590,91.52
2026-01-21 09:50:00,F0019,20.11,59.53,21.05,37.38,56115,30.4
2026-01-21 09:55:00,F0304,26.71,89.42,25.01,23.89,75893,42.9
2026-01-21 10:00:00,F0466,23.36,53.71,31.02,17.2,85218,42.55
2026-01-21 10:05:00,F0253,32.91,31.99,31.27,36.84,97463,76.02
2026-01-21 10:10:00,F0847,30.69,84.47,71.13,37.23,76119,70.97
2026-01-21 10:15:00,F0910,28.19,71.58,86.98,20.91,64185,71.67
2026-01-21 10:20:00,F0140,36.03,76.31,22.32,30.22,9063,43.62
2026-01-21 10:25:00,F0565,23.53,46.27,70.63,34.46,23730,51.54
2026-01-21 10:30:00,F0812,20.04,65.51,50.16,25.94,82379,80.23
2026-01-21 10:35:00,F0660,23.32,86.32,71.02,21.5,18465,45.96
2026-01-21 10:40:00,F0606,23.42,70.04,25.04,17.95,65558,58.15
2026-01-21 10:45:00,F0789,22.35,59.65,42.16,30.51,7278,33.19
2026-01-21 10:50:00,F0110,33.8,63.88,80.79,19.29,14081,94.85
2026-01-21 10:55:00,F0289,30.63,58.08,17.61,31.35,25851,62.5
2026-01-21 11:00:00,F0597,37.85,76.25,55.07,27.47,67256,89.85
2026-01-21 11:05:00,F0181,37.47,31.03,71.11,30.34,61571,46.5
2026-01-21 11:10:00,F0705,33.02,87.49,72.89,20.67,87951,60.24
2026-01-21 11:15:00,F0609,25.47,78.93,19.2,23.82,92955,96.17
2026-01-21 11:20:00,F0850,23.87,68.33,54.47,20.55,85569,71.12
2026-01-21 11:25:00,F0154,41.78,90.69,38.29,16.87,56009,77.02
2026-01-21 11:30:00,F0721,33.49,68.48,36.74,32.16,59340,71.59
2026-01-21 11:35:00,F0538,33.95,34.44,89.52,28.1,57953,37.22
2026-01-21 11:40:00,F0425,35.91,35.1,31.86,28.21,82054,77.49
2026-01-21 11:45:00,F0799,33.29,93.58,58.93,31.2,9472,29.18
2026-01-21 11:50:00,F0574,26.05,58.48,32.22,29.55,83623,24.13
2026-01-21 11:55:00,F0634,24.74,43.89,51.56,24.72,53563,73.97
2026-01-21 12:00:00,F0518,39.97,67.92,81.25,23.12,74757,95.49
2026-01-21 12:05:00,F0899,29.84,60.21,21.44,26.01,83187,70.53
2026-01-21 12:10:00,F0830,38.76,38.78,18.3,31.52,17164,21.86
2026-01-21 12:15:00,F0031,20.34,46.61,52.85,24.38,55554,67.69
2026-01-21 12:20:00,F0405,22.37,35.58,51.63,28.48,15113,40.27
2026-01-21 12:25:00,F0597,36.41,79.47,57.38,24.14,13865,70.6
2026-01-21 12:30:00,F0804,34.1,82.3,64.79,15.18,94476,41.21
2026-01-21 12:35:00,F0963,26.47,75.15,82.52,21.28,87370,33.96
2026-01-21 12:40:00,F0879,34.16,71.67,80.74,31.58,78216,96.69
2026-01-21 12:45:00,F0434,26.39,72.85,61.44,33.77,27001,88.28
2026-01-21 12:50:00,F0973,41.86,37.47,24.32,25.69,98378,46.55
2026-01-21 12:55:00,F0185,33.66,86.2,34.2,32.45,31803,46.2
2026-01-21 13:00:00,F0968,28.37,54.25,48.56,26.13,59232,37.01
2026-01-21 13:05:00,F0925,35.33,83.35,44.1,34.16,44883,62.56
2026-01-21 13:10:00,F0494,25.74,43.44,20.22,21.89,85810,67.22
2026-01-21 13:15:00,F0614,20.21,30.07,83.43,16.73,90879,70.22
2026-01-21 13:20:00,F0889,30.24,92.11,45.97,36.63,76552,67.71
2026-01-21 13:25:00,F0493,38.22,94.77,44.48,31.28,55041,68.34
2026-01-21 13:30:00,F0510,37.98,47.74,26.37,34.43,99301,27.21
2026-01-21 13:35:00,F0123,36.02,41.07,72.6,23.47,56469,60.04
2026-01-21 13:40:00,F0830,23.88,94.32,18.78,18.53,26850,50.95
2026-01-21 13:45:00,F0868,40.01,54.16,25.83,23.34,70732,55.64
2026-01-21 13:50:00,F0754,39.35,61.83,39.01,15.24,74431,80.74
2026-01-21 13:55:00,F0765,19.33,62.45,54.19,20.15,79038,43.8
2026-01-21 14:00:00,F0473,38.19,47.42,69.45,32.23,10434,34.67
2026-01-21 14:05:00,F0388,20.12,69.61,62.93,28.97,87017,52.39
2026-01-21 14:10:00,F0955,23.68,80.11,44.61,34.79,58854,46.7
2026-01-21 14:15:00,F0715,25.15,44.49,80.06,15.88,42728,25.09
2026-01-21 14:20:00,F0620,38.08,55.56,89.41,20.01,3163,24.93
2026-01-21 14:25:00,F0404,22.82,39.43,84.42,33.23,8053,48.7
2026-01-21 14:30:00,F0080,27.33,33.67,53.28,35.01,94363,87.75
2026-01-21 14:35:00,F0057,38.91,84.55,52.61,17.08,98110,72.32
2026-01-21 14:40:00,F0784,38.73,78.99,80.52,30.82,63445,79.89
2026-01-21 14:45:00,F0687,33.14,69.28,42.37,18.68,83392,90.95
2026-01-21 14:50:00,F0784,37.24,50.6,71.2,24.03,61399,57.51
2026-01-21 14:55:00,F0063,26.03,49.38,59.45,31.43,5840,57.94
2026-01-21 15:00:00,F0187,34.64,89.8,43.81,32.61,13595,46.05
2026-01-21 15:05:00,F0721,31.18,93.31,85.56,15.22,87095,30.18
2026-01-21 15:10:00,F0254,23.21,75.2,22.87,37.55,52261,60.75
2026-01-21 15:15:00,F0200,29.3,47.02,16.48,16.48,57958,80.63
2026-01-21 15:20:00,F0865,30.86,34.92,52.48,16.92,18748,79.35
2026-01-21 15:25:00,F0070,30.63,41.23,61.91,23.61,95690,67.23
2026-01-21 15:30:00,F0816,27.93,35.52,47.68,37.72,48787,46.88
2026-01-21 15:35:00,F0615,21.76,44.31,42.65,35.31,91544,63.74
2026-01-21 15:40:00,F0570,29.77,31.68,89.12,25.06,1752,82.71
2026-01-21 15:45:00,F0155,36.43,65.55,80.23,19.08,30202,83.79
2026-01-21 15:50:00,F0366,40.81,65.31,47.91,29.09,14614,49.97
2026-01-21 15:55:00,F0916,22.65,82.18,59.9,24.43,64494,95.46
2026-01-21 16:00:00,F0421,30.63,50.14,70.31,21.12,37304,74.07
2026-01-21 16:05:00,F0329,18.81,74.49,82.26,20.64,2285,93.86
2026-01-21 16:10:00,F0126,41.97,91.7,69.45,16.13,72608,23.93
2026-01-21 16:15:00,F0553,29.52,56.2,38.29,36.52,46956,80.01
2026-01-21 16:20:00,F0766,34.26,65.29,63.79,22.36,2381,28.71
2026-01-21 16:25:00,F0576,39.71,66.14,66.03,24.67,78927,59.35
2026-01-21 16:30:00,F0990,24.24,62.47,20.95,19.88,70650,84.91
2026-01-21 16:35:00,F0748,31.15,57.74,29.54,23.83,84099,43.65
2026-01-21 16:40:00,F0782,25.93,90.84,32.55,33.8,59023,42.12
2026-01-21 16:45:00,F0588,27.8,44.88,86.45,28.27,20385,32.5
2026-01-21 16:50:00,F0887,40.35,57.98,81.94,26.55,81757,93.99
2026-01-21 16:55:00,F0354,18.01,44.21,36.76,27.64,84731,59.9
2026-01-21 17:00:00,F0296,41.69,33.27,87.27,17.65,38983,20.69
2026-01-21 17:05:00,F0931,33.2,46.41,24.79,24.58,82830,58.26
2026-01-21 17:10:00,F0931,33.4,57.76,59.64,21.2,78004,58.94
2026-01-21 17:15:00,F0242,41.44,56.63,16.21,27.25,98187,94.86
2026-01-21 17:20:00,F0595,20.76,66.18,47.93,21.85,95463,38.55
2026-01-21 17:25:00,F0447,26.76,69.91,63.42,27.12,69678,56.03
2026-01-21 17:30:00,F0307,30.14,68.71,66.0,35.77,48475,56.21
2026-01-21 17:35:00,F0251,20.72,71.06,55.14,37.06,35595,96.65
2026-01-21 17:40:00,F0741,32.42,55.37,83.91,20.59,74988,45.61
2026-01-21 17:45:00,F0348,29.49,61.04,51.25,20.45,84913,32.62
2026-01-21 17:50:00,F0146,23.33,47.82,49.13,23.49,10529,82.84
2026-01-21 17:55:00,F0940,32.9,90.31,71.7,34.15,62482,46.57
2026-01-21 18:00:00,F0505,32.22,73.47,78.63,20.08,96744,34.99
2026-01-21 18:05:00,F0609,18.97,80.63,83.86,22.44,2611,45.58
2026-01-21 18:10:00,F0360,35.75,58.48,43.48,27.66,38274,22.59
2026-01-21 18:15:00,F0747,31.61,67.16,35.79,36.29,39069,52.7
2026-01-21 18:20:00,F0881,33.78,86.53,22.74,18.1,80962,38.74
2026-01-21 18:25:00,F0961,39.2,33.6,88.43,24.35,32030,36.17
2026-01-21 18:30:00,F0899,36.99,86.99,42.63,36.73,42126,94.62
2026-01-21 18:35:00,F0841,32.05,65.21,57.77,37.94,21503,60.3
2026-01-21 18:40:00,F0748,34.89,68.64,83.72,27.08,74418,59.1
2026-01-21 18:45:00,F0645,25.81,60.59,63.87,27.7,92954,82.94
2026-01-21 18:50:00,F0195,29.16,91.06,33.57,28.52,62454,56.45
2026-01-21 18:55:00,F0595,33.39,63.51,33.54,25.06,51439,52.95
2026-01-21 19:00:00,F0583,29.99,67.01,52.39,33.64,44906,98.09
2026-01-21 19:05:00,F0810,39.11,33.59,63.19,21.38,48683,72.94
2026-01-21 19:10:00,F0455,34.9,69.04,26.78,29.03,96595,99.17
2026-01-21 19:15:00,F0792,35.77,74.61,16.29,25.15,31319,76.85
2026-01-21 19:20:00,F0707,40.79,56.31,26.08,26.89,46302,43.17
2026-01-21 19:25:00,F0244,18.38,70.37,65.3,31.97,56752,59.99
2026-01-21 19:30:00,F0070,29.01,50.77,58.8,34.32,96039,95.65
2026-01-21 19:35:00,F0453,21.95,82.1,38.68,17.08,78373,82.92
2026-01-21 19:40:00,F0868,31.27,73.59,88.67,30.44,40866,20.57
2026-01-21 19:45:00,F0338,35.08,79.71,66.8,33.55,48784,35.66
2026-01-21 19:50:00,F0402,26.13,70.73,25.65,27.0,82161,95.64
2026-01-21 19:55:00,F0035,36.47,78.15,88.03,23.03,25888,88.16
2026-01-21 20:00:00,F0419,32.54,59.15,19.86,17.96,14992,45.41
2026-01-21 20:05:00,F0561,23.82,59.24,17.11,36.42,64373,89.2
2026-01-21 20:10:00,F0534,40.48,44.59,57.69,33.73,21393,28.93
2026-01-21 20:15:00,F0984,35.4,41.09,21.34,25.88,63841,39.31
2026-01-21 20:20:00,F0892,39.27,74.75,57.48,34.06,70360,49.76
2026-01-21 20:25:00,F0221,18.8,66.35,66.26,26.54,56712,82.27
2026-01-21 20:30:00,F0782,30.38,38.04,48.23,19.58,52729,54.05
2026-01-21 20:35:00,F0683,27.93,90.73,50.61,23.54,46861,65.13
2026-01-21 20:40:00,F0460,36.83,77.78,71.51,22.52,14170,84.87
2026-01-21 20:45:00,F0327,40.64,79.22,65.18,25.16,87368,30.47
2026-01-21 20:50:00,F0013,25.05,41.62,66.63,33.47,70886,72.08
2026-01-21 20:55:00,F0756,30.05,34.2,62.11,35.97,43642,62.29
2026-01-21 21:00:00,F0155,23.07,61.49,36.9,23.28,62948,70.34
2026-01-21 21:05:00,F0048,30.63,39.94,85.59,15.38,38520,26.85
2026-01-21 21:10:00,F0061,36.94,77.78,85.22,21.97,33072,29.36
2026-01-21 21:15:00,F0389,18.33,73.62,47.11,30.65,16018,26.88
2026-01-21 21:20:00,F0651,26.8,54.86,47.75,20.31,38294,21.33
2026-01-21 21:25:00,F0283,28.57,72.54,18.38,15.95,41879,46.86
2026-01-21 21:30:00,F0309,18.81,71.65,59.04,17.99,63594,21.85
2026-01-21 21:35:00,F0896,39.4,70.49,17.79,29.97,41654,68.56
2026-01-21 21:40:00,F0316,32.97,51.58,63.68,32.0,86128,85.95
2026-01-21 21:45:00,F0969,18.98,74.05,74.14,24.06,74717,37.4
2026-01-21 21:50:00,F0300,29.69,86.6,37.83,22.48,67845,93.3
2026-01-21 21:55:00,F0100,29.63,64.06,31.57,23.04,39900,89.69
2026-01-21 22:00:00,F0684,22.42,47.69,62.7,33.02,83663,86.38
2026-01-21 22:05:00,F0417,27.63,46.11,60.56,32.72,96634,22.79
2026-01-21 22:10:00,F0366,23.08,88.97,68.25,15.42,92943,97.83
2026-01-21 22:15:00,F0924,35.38,86.41,55.78,31.94,65987,70.56
2026-01-21 22:20:00,F0863,25.59,49.6,66.56,23.66,97828,55.0
2026-01-21 22:25:00,F0579,31.91,91.44,30.81,26.45,2823,96.19
2026-01-21 22:30:00,F0514,41.25,87.69,87.72,37.06,74524,28.21
2026-01-21 22:35:00,F0915,18.43,85.77,55.92,23.73,15232,74.35
2026-01-21 22:40:00,F0563,20.3,33.55,43.58,22.49,54589,50.8
2026-01-21 22:45:00,F0158,26.87,45.06,26.61,23.03,56273,28.64
2026-01-21 22:50:00,F0452,27.66,62.54,44.6,32.72,22207,82.93
2026-01-21 22:55:00,F0967,39.27,53.05,52.36,32.15,77593,95.35
2026-01-21 23:00:00,F0501,24.72,32.41,19.49,27.97,67271,69.35
2026-01-21 23:05:00,F0463,20.87,88.74,63.9,17.06,45151,81.92
2026-01-21 23:10:00,F0097,40.39,32.39,35.83,23.8,11811,41.2
2026-01-21 23:15:00,F0931,36.48,59.11,82.25,22.66,35722,41.0
2026-01-21 23:20:00,F0108,26.88,57.96,36.29,22.94,87454,60.02
2026-01-21 23:25:00,F0649,21.44,88.69,46.06,28.71,96472,98.88
2026-01-21 23:30:00,F0264,20.07,73.76,58.0,35.32,29730,94.56
2026-01-21 23:35:00,F0838,29.11,32.89,59.62,26.16,57173,30.8
2026-01-21 23:40:00,F0618,22.54,65.59,29.42,20.67,52403,94.47
2026-01-21 23:45:00,F0754,21.95,88.43,76.26,30.41,1318,76.4
2026-01-21 23:50:00,F0498,24.75,73.93,38.32,21.02,36423,20.27
2026-01-21 23:55:00,F0175,28.45,38.06,41.42,21.5,43670,48.26
2026-01-22 00:00:00,F0395,20.07,42.83,76.29,24.9,20980,86.49
2026-01-22 00:05:00,F0213,30.8,91.03,79.73,23.28,10488,87.4
2026-01-22 00:10:00,F0590,34.01,47.76,24.94,37.26,48451,81.82
2026-01-22 00:15:00,F0888,29.55,30.43,45.15,27.45,84704,24.94
2026-01-22 00:20:00,F0927,24.57,86.99,84.2,31.03,58488,32.51
2026-01-22 00:25:00,F0074,21.63,42.23,38.01,30.92,25160,72.53
2026-01-22 00:30:00,F0217,29.73,90.86,70.0,20.71,54308,57.59
2026-01-22 00:35:00,F0463,23.94,40.05,45.71,25.32,95503,54.36
2026-01-22 00:40:00,F0299,28.43,69.94,83.36,33.25,17203,66.45
2026-01-22 00:45:00,F0865,25.03,55.01,87.71,29.72,61005,80.21
2026-01-22 00:50:00,F0598,34.46,93.42,36.71,28.96,26412,82.99
2026-01-22 00:55:00,F0207,28.01,52.53,81.36,18.61,96379,80.02
2026-01-22 01:00:00,F0413,27.81,46.94,76.12,37.17,1599,92.79
2026-01-22 01:05:00,F0339,23.52,72.19,82.32,29.86,28425,81.06
2026-01-22 01:10:00,F0033,22.59,55.79,82.65,31.36,28052,89.94
2026-01-22 01:15:00,F0496,28.8,30.96,33.25,15.95,28180,64.37
2026-01-22 01:20:00,F0547,23.32,42.98,64.06,33.3,88129,95.31
2026-01-22 01:25:00,F0746,20.3,31.02,44.85,21.43,2485,32.6
2026-01-22 01:30:00,F0434,21.24,33.79,23.94,28.73,66632,62.28
2026-01-22 01:35:00,F0710,35.7,69.95,80.5,36.97,10432,28.83
2026-01-22 01:40:00,F0283,36.6,73.43,33.07,26.13,13353,48.76
2026-01-22 01:45:00,F0252,24.24,35.63,38.81,33.48,3816,73.9
2026-01-22 01:50:00,F0794,28.23,62.51,78.45,20.42,50814,48.26
2026-01-22 01:55:00,F0297,27.53,91.79,45.78,37.74,23883,84.78
2026-01-22 02:00:00,F0319,38.71,62.14,62.93,18.03,45156,28.38
2026-01-22 02:05:00,F0801,31.21,75.26,80.16,35.56,85046,27.94
2026-01-22 02:10:00,F0812,36.63,51.93,86.66,17.88,8909,62.35
2026-01-22 02:15:00,F0034,19.86,86.32,78.33,35.47,66066,93.86
2026-01-22 02:20:00,F0019,27.47,76.09,81.32,16.48,74968,99.91
2026-01-22 02:25:00,F0490,33.42,41.96,86.7,27.21,55840,94.62
2026-01-22 02:30:00,F0051,41.53,43.94,56.43,32.54,74027,94.4
2026-01-22 02:35:00,F0690,40.39,37.39,18.15,36.94,62740,98.85
2026-01-22 02:40:00,F0056,30.61,93.29,21.21,21.45,26910,66.29
2026-01-22 02:45:00,F0200,32.86,69.18,86.55,15.6,7822,47.3
2026-01-22 02:50:00,F0810,35.73,55.42,44.84,15.91,1953,70.6
2026-01-22 02:55:00,F0668,40.46,62.01,53.52,22.51,86626,55.91
2026-01-22 03:00:00,F0536,35.19,84.8,61.2,16.45,23051,56.95
2026-01-22 03:05:00,F0546,20.81,51.46,28.06,28.71,28159,33.83
2026-01-22 03:10:00,F0589,28.88,74.14,87.31,22.54,5872,28.97
2026-01-22 03:15:00,F0607,34.1,73.94,56.3,36.87,39763,59.14
2026-01-22 03:20:00,F0905,26.83,45.26,21.4,27.35,41800,48.88
2026-01-22 03:25:00,F0275,28.91,33.39,50.67,29.47,76233,33.9
2026-01-22 03:30:00,F0277,36.08,44.08,45.83,28.77,69582,39.37
2026-01-22 03:35:00,F0863,26.41,93.57,63.72,29.91,37718,86.53
2026-01-22 03:40:00,F0345,31.06,65.08,42.07,15.31,98213,59.98
2026-01-22 03:45:00,F0476,41.26,70.11,19.07,19.33,59169,83.16
2026-01-22 03:50:00,F0098,33.12,35.06,32.03,23.34,78012,76.53
2026-01-22 03:55:00,F0003,24.79,43.62,23.25,32.42,89254,53.65
2026-01-22 04:00:00,F0431,24.35,37.51,21.25,24.33,12879,90.93
2026-01-22 04:05:00,F0694,22.8,89.88,30.66,19.27,57987,33.31
2026-01-22 04:10:00,F0179,37.43,54.91,66.49,19.76,51821,79.46
2026-01-22 04:15:00,F0134,36.25,55.91,85.27,20.32,50694,27.56
2026-01-22 04:20:00,F0054,39.7,91.97,29.27,15.18,63306,26.86
2026-01-22 04:25:00,F0460,20.91,81.61,37.13,25.7,97792,40.0
2026-01-22 04:30:00,F0343,36.3,69.24,62.76,23.33,73624,25.89
2026-01-22 04:35:00,F0918,35.03,30.37,77.25,33.72,55141,81.71
2026-01-22 04:40:00,F0818,37.41,71.45,26.8,24.6,30600,49.18
2026-01-22 04:45:00,F0378,20.09,81.99,32.9,19.19,15342,39.18
2026-01-22 04:50:00,F0968,18.68,75.79,75.47,37.37,50331,58.31
2026-01-22 04:55:00,F0101,19.3,56.92,70.69,15.5,39646,66.49
2026-01-22 05:00:00,F0991,22.64,87.44,48.02,21.61,88070,44.08
2026-01-22 05:05:00,F0045,26.81,35.55,40.28,18.48,94500,59.68
2026-01-22 05:10:00,F0699,32.98,70.18,77.69,30.96,89826,81.47
2026-01-22 05:15:00,F0168,27.45,37.93,54.52,36.71,69503,69.96
2026-01-22 05:20:00,F0932,38.25,64.07,75.54,17.65,96511,64.31
2026-01-22 05:25:00,F0256,20.37,93.1,38.79,37.01,13270,25.34
2026-01-22 05:30:00,F0167,35.36,37.54,36.96,33.54,41862,99.52
2026-01-22 05:35:00,F0909,25.33,57.07,31.26,36.05,27724,55.49
2026-01-22 05:40:00,F0946,35.79,88.22,81.36,21.07,76152,91.31
2026-01-22 05:45:00,F0001,34.38,56.15,39.09,35.81,42612,72.37
2026-01-22 05:50:00,F0556,26.45,78.12,15.37,20.85,17023,71.96
2026-01-22 05:55:00,F0815,20.18,62.04,81.22,17.05,4791,50.96
2026-01-22 06:00:00,F0212,33.61,32.39,22.76,17.89,28946,62.58
2026-01-22 06:05:00,F0878,20.17,91.9,62.36,29.95,60647,32.99
2026-01-22 06:10:00,F0961,23.87,50.66,59.03,23.23,56298,40.76
2026-01-22 06:15:00,F0032,19.53,34.15,73.09,29.95,97447,92.88
2026-01-22 06:20:00,F0298,38.54,80.77,69.21,31.32,58368,64.24
2026-01-22 06:25:00,F0983,21.57,48.91,24.22,35.01,27971,41.7
2026-01-22 06:30:00,F0706,22.14,92.43,68.05,34.37,17004,40.28
2026-01-22 06:35:00,F0485,25.61,48.96,44.68,25.04,37012,92.77
2026-01-22 06:40:00,F0541,21.5,44.87,78.22,29.82,39515,30.1
2026-01-22 06:45:00,F0076,37.12,57.48,53.34,24.21,30401,61.48
2026-01-22 06:50:00,F0973,40.59,82.58,22.33,31.14,81397,31.9
2026-01-22 06:55:00,F0286,40.06,57.47,38.9,16.49,99771,59.62
2026-01-22 07:00:00,F0435,24.17,42.24,84.41,17.27,57774,80.17
2026-01-22 07:05:00,F0277,31.93,50.44,47.26,32.92,85616,85.72
2026-01-22 07:10:00,F0106,20.31,87.31,50.69,37.99,86624,28.34
2026-01-22 07:15:00,F0230,33.4,48.89,46.9,35.35,32732,70.62
2026-01-22 07:20:00,F0776,34.41,91.52,55.75,34.5,6965,71.12
2026-01-22 07:25:00,F0549,28.28,84.31,71.21,25.42,50249,24.28
2026-01-22 07:30:00,F0571,37.22,64.25,88.79,21.31,92160,73.89
2026-01-22 07:35:00,F0650,38.61,48.09,36.26,22.05,66314,39.24
2026-01-22 07:40:00,F0274,34.85,54.12,64.08,30.02,80784,57.5
2026-01-22 07:45:00,F0443,36.22,61.06,22.03,24.81,48218,32.5
2026-01-22 07:50:00,F0974,26.71,45.69,64.93,34.36,64397,83.76
2026-01-22 07:55:00,F0328,19.17,93.93,74.64,19.93,3430,26.61
2026-01-22 08:00:00,F0766,20.77,51.29,44.84,28.16,59679,41.49
2026-01-22 08:05:00,F0019,35.71,53.3,57.35,22.53,87140,95.05
2026-01-22 08:10:00,F0034,32.38,61.4,57.79,26.55,70551,41.35
2026-01-22 08:15:00,F0748,21.68,55.88,18.72,36.77,98125,90.3
2026-01-22 08:20:00,F0621,33.24,41.17,20.77,36.62,13432,27.23
2026-01-22 08:25:00,F0355,38.68,32.29,66.75,31.64,84395,86.34
2026-01-22 08:30:00,F0809,27.15,78.08,53.46,35.51,81139,22.07
2026-01-22 08:35:00,F0546,41.93,78.43,19.04,26.55,27395,27.12
2026-01-22 08:40:00,F0126,21.6,73.4,23.83,36.54,44546,68.21
2026-01-22 08:45:00,F0900,31.31,80.6,81.06,19.82,11657,34.83
2026-01-22 08:50:00,F0400,29.67,38.91,15.17,30.87,29074,61.53
2026-01-22 08:55:00,F0353,40.63,87.97,24.25,19.02,61357,75.94
2026-01-22 09:00:00,F0981,41.16,35.98,35.95,19.01,86551,76.67
2026-01-22 09:05:00,F0194,21.46,50.51,51.89,31.09,34342,34.39
2026-01-22 09:10:00,F0804,20.43,88.23,69.18,15.27,34112,34.81
2026-01-22 09:15:00,F0450,32.25,88.26,34.57,23.5,67608,56.43
2026-01-22 09:20:00,F0633,35.01,48.69,40.68,37.48,87836,46.34
2026-01-22 09:25:00,F0581,21.26,92.35,74.52,20.2,85016,84.54
2026-01-22 09:30:00,F0003,38.72,67.35,41.92,34.51,90636,63.79
2026-01-22 09:35:00,F0507,32.59,92.9,60.52,24.09,89002,82.7
2026-01-22 09:40:00,F0501,23.06,68.02,49.04,20.12,95589,70.15
2026-01-22 09:45:00,F0433,41.06,81.02,20.36,28.41,12149,39.15
2026-01-22 09:50:00,F0107,20.45,87.73,20.52,30.08,7648,28.55
2026-01-22 09:55:00,F0487,25.88,54.24,72.37,16.02,35096,52.4
2026-01-22 10:00:00,F0591,24.69,64.14,73.21,21.63,96905,90.15
2026-01-22 10:05:00,F0175,23.07,83.48,24.46,20.25,23298,92.51
2026-01-22 10:10:00,F0572,29.62,46.2,71.45,35.39,63195,24.74
2026-01-22 10:15:00,F0787,36.17,76.77,37.83,28.45,14739,39.88
2026-01-22 10:20:00,F0013,41.62,93.37,57.14,25.11,69049,36.41
2026-01-22 10:25:00,F0633,22.07,44.64,89.06,24.76,98072,64.31
2026-01-22 10:30:00,F0144,27.02,33.52,15.49,37.9,79126,36.73
2026-01-22 10:35:00,F0070,26.94,70.6,20.59,25.33,72231,44.13
2026-01-22 10:40:00,F0732,32.37,66.34,72.95,20.67,1408,35.79
2026-01-22 10:45:00,F0654,24.68,72.25,81.59,33.49,72267,29.86
2026-01-22 10:50:00,F0229,37.03,58.95,65.34,28.22,52863,33.52
2026-01-22 10:55:00,F0863,26.79,50.06,47.97,26.23,2999,21.24
2026-01-22 11:00:00,F0936,23.58,53.14,63.75,26.68,18061,88.32
2026-01-22 11:05:00,F0940,24.33,77.03,65.04,32.92,4595,73.42
2026-01-22 11:10:00,F0831,22.3,72.37,32.43,37.83,8596,84.48
2026-01-22 11:15:00,F0140,35.5,64.77,51.91,28.61,73526,81.1
2026-01-22 11:20:00,F0985,26.17,61.61,41.56,25.68,49640,54.09
2026-01-22 11:25:00,F0302,20.41,87.48,75.51,20.4,98452,22.67
2026-01-22 11:30:00,F0791,18.39,56.71,66.08,26.35,85493,91.21
2026-01-22 11:35:00,F0715,27.64,79.76,32.47,17.3,10055,77.49
2026-01-22 11:40:00,F0714,20.24,36.78,87.23,22.64,98460,37.62
2026-01-22 11:45:00,F0610,23.88,43.36,23.56,19.38,90807,24.57
2026-01-22 11:50:00,F0500,29.83,35.02,49.99,32.8,29168,58.85
2026-01-22 11:55:00,F0647,33.65,31.79,22.31,27.38,18973,90.33
2026-01-22 12:00:00,F0918,18.35,94.02,42.83,17.98,63497,31.51
2026-01-22 12:05:00,F0099,27.39,83.83,48.66,30.93,17643,43.88
2026-01-22 12:10:00,F0573,24.48,61.08,26.06,35.22,43109,24.85
2026-01-22 12:15:00,F0435,40.68,84.24,58.17,28.94,44946,77.32
2026-01-22 12:20:00,F0225,27.23,89.49,48.09,29.62,17958,21.94
2026-01-22 12:25:00,F0462,41.68,88.92,71.1,15.79,46296,58.13
2026-01-22 12:30:00,F0833,33.87,69.35,78.53,22.22,92975,45.67
2026-01-22 12:35:00,F0943,41.48,36.42,60.34,33.45,55317,63.17
2026-01-22 12:40:00,F0820,40.5,78.58,35.83,25.02,93280,55.74
2026-01-22 12:45:00,F0762,34.73,65.01,20.96,31.77,35542,43.55
2026-01-22 12:50:00,F0190,18.81,50.45,19.16,37.03,48390,92.33
2026-01-22 12:55:00,F0998,39.45,54.04,66.79,22.49,64484,83.81
2026-01-22 13:00:00,F0288,18.23,81.16,18.64,31.77,85671,59.87
2026-01-22 13:05:00,F0324,32.43,68.79,33.21,36.27,4150,25.72
2026-01-22 13:10:00,F0906,24.18,70.8,37.74,15.77,97695,70.33
2026-01-22 13:15:00,F0054,27.3,61.12,57.82,34.39,36621,96.27
2026-01-22 13:20:00,F0368,25.42,46.73,88.22,15.31,39508,22.99
2026-01-22 13:25:00,F0300,35.12,46.57,41.91,29.34,51468,62.27
2026-01-22 13:30:00,F0217,25.1,92.91,75.73,23.07,48353,52.5
2026-01-22 13:35:00,F0289,41.84,65.85,60.38,34.77,52945,54.0
2026-01-22 13:40:00,F0324,28.64,33.93,87.46,27.2,92315,57.64
2026-01-22 13:45:00,F0340,35.72,35.8,53.04,18.92,14994,83.41
2026-01-22 13:50:00,F0394,26.47,74.28,42.96,27.81,16401,49.45
2026-01-22 13:55:00,F0338,32.44,50.04,23.16,36.62,58565,89.44
2026-01-22 14:00:00,F0952,38.41,80.43,34.25,29.53,90622,41.96
2026-01-22 14:05:00,F0973,37.29,85.69,87.8,30.21,25732,85.48
2026-01-22 14:10:00,F0854,37.55,70.68,66.81,35.53,21487,76.05
2026-01-22 14:15:00,F0125,32.01,56.13,19.34,23.33,50250,27.97
2026-01-22 14:20:00,F0523,24.1,49.01,43.48,24.65,48903,80.89
2026-01-22 14:25:00,F0660,30.12,88.67,28.5,30.71,12009,95.32
2026-01-22 14:30:00,F0556,23.47,63.05,72.95,34.94,32729,89.12
2026-01-22 14:35:00,F0648,21.05,91.21,66.21,21.42,65633,94.68
2026-01-22 14:40:00,F0610,37.61,40.21,58.37,32.21,43547,98.33
2026-01-22 14:45:00,F0095,35.22,47.3,77.58,37.34,76399,99.4
2026-01-22 14:50:00,F0021,39.34,67.34,38.22,22.81,72357,40.41
2026-01-22 14:55:00,F0415,23.63,93.08,58.5,29.82,38905,64.83
2026-01-22 15:00:00,F0864,37.21,62.13,16.37,37.02,99558,39.51
2026-01-22 15:05:00,F0407,33.99,73.78,50.8,33.46,75995,57.6
2026-01-22 15:10:00,F0211,28.87,32.94,33.62,34.7,46955,28.92
2026-01-22 15:15:00,F0103,38.52,59.55,46.76,34.47,75927,55.71
2026-01-22 15:20:00,F0453,28.45,59.75,46.88,36.86,99769,24.59
2026-01-22 15:25:00,F0626,19.96,37.83,29.23,23.39,50879,87.09
2026-01-22 15:30:00,F0130,26.22,72.76,60.84,17.6,58046,89.17
2026-01-22 15:35:00,F0509,38.29,85.04,54.82,23.17,99569,88.59
2026-01-22 15:40:00,F0327,31.8,31.7,43.11,30.01,97162,82.9
2026-01-22 15:45:00,F0816,39.39,68.43,65.32,37.55,64561,23.71
2026-01-22 15:50:00,F0311,38.54,81.03,50.81,26.07,15546,41.74
2026-01-22 15:55:00,F0364,37.32,84.98,50.11,36.28,18664,97.54
2026-01-22 16:00:00,F0975,36.0,75.32,42.0,37.14,34560,69.42
2026-01-22 16:05:00,F0037,33.36,80.98,66.9,35.2,43035,56.66
2026-01-22 16:10:00,F0332,21.17,55.31,62.24,26.28,36011,94.7
2026-01-22 16:15:00,F0563,24.46,51.88,40.26,30.39,63049,51.23
2026-01-22 16:20:00,F0854,40.55,73.75,30.79,34.05,91419,41.72
2026-01-22 16:25:00,F0189,18.08,88.8,40.05,37.99,45756,96.16
2026-01-22 16:30:00,F0800,18.24,59.21,50.28,31.88,18136,62.24
2026-01-22 16:35:00,F0724,34.69,39.29,44.18,22.52,67520,90.46
2026-01-22 16:40:00,F0510,19.44,76.63,58.58,21.27,21655,78.83
2026-01-22 16:45:00,F0661,41.58,83.1,16.71,24.42,56531,84.88
2026-01-22 16:50:00,F0554,18.75,71.35,73.34,25.01,41138,41.14
2026-01-22 16:55:00,F0177,33.39,80.07,87.18,33.49,38417,35.72
2026-01-22 17:00:00,F0370,19.11,92.43,60.24,24.16,14449,54.59
2026-01-22 17:05:00,F0230,29.48,86.59,50.03,27.09,19293,42.26
2026-01-22 17:10:00,F0109,28.08,48.72,89.62,28.49,52064,35.44
2026-01-22 17:15:00,F0697,28.28,51.69,79.09,30.79,23754,47.45
2026-01-22 17:20:00,F0181,26.26,36.44,60.48,23.02,81353,58.11
2026-01-22 17:25:00,F0064,29.53,63.13,30.61,26.0,7039,21.69
2026-01-22 17:30:00,F0065,22.72,79.02,71.21,33.97,76958,21.47
2026-01-22 17:35:00,F0214,40.73,61.22,32.38,34.12,57648,65.94
2026-01-22 17:40:00,F0734,22.21,80.7,61.76,17.25,1495,27.22
2026-01-22 17:45:00,F0389,34.15,71.52,83.07,29.1,16464,71.59
2026-01-22 17:50:00,F0179,31.74,49.53,82.58,15.91,9935,99.27
2026-01-22 17:55:00,F0556,21.74,60.04,59.97,17.17,57969,93.19
2026-01-22 18:00:00,F0605,26.37,93.52,64.01,15.63,25715,86.11
2026-01-22 18:05:00,F0577,37.53,78.71,19.47,23.45,51432,98.71
2026-01-22 18:10:00,F0697,28.39,67.68,26.56,28.2,39021,86.17
2026-01-22 18:15:00,F0572,34.22,76.87,41.79,34.82,98760,90.81
2026-01-22 18:20:00,F0294,39.28,64.44,37.49,20.57,95307,58.35
2026-01-22 18:25:00,F0314,33.07,70.94,39.34,31.91,2275,85.3
2026-01-22 18:30:00,F0749,22.3,59.16,74.28,30.73,11396,99.64
2026-01-22 18:35:00,F0590,22.9,34.85,26.88,16.07,44254,48.2
2026-01-22 18:40:00,F0162,28.19,70.13,25.93,34.82,86804,70.7
2026-01-22 18:45:00,F0692,36.58,63.22,66.82,18.3,74184,77.5
2026-01-22 18:50:00,F0781,34.98,68.3,33.04,26.73,88295,62.12
2026-01-22 18:55:00,F0853,24.44,68.64,75.1,34.67,58173,55.4
2026-01-22 19:00:00,F0519,29.7,46.71,74.13,23.82,81815,26.68
2026-01-22 19:05:00,F0302,18.43,54.66,80.4,33.04,79224,50.17
2026-01-22 19:10:00,F0636,40.97,54.76,28.7,32.23,14150,79.49
2026-01-22 19:15:00,F0498,23.29,73.27,18.76,15.42,3646,41.11
2026-01-22 19:20:00,F0722,39.5,59.91,22.67,16.59,79006,82.05
2026-01-22 19:25:00,F0287,23.98,74.75,49.23,37.73,24597,53.79
2026-01-22 19:30:00,F0449,30.7,36.48,61.52,20.11,47871,45.43
2026-01-22 19:35:00,F0081,31.98,54.05,82.7,30.22,4978,90.58
2026-01-22 19:40:00,F0737,25.76,49.64,44.68,34.4,13009,85.01
2026-01-22 19:45:00,F0489,19.38,33.01,67.3,16.51,88042,75.44
2026-01-22 19:50:00,F0282,31.61,36.0,86.33,23.27,4639,84.15
2026-01-22 19:55:00,F0239,18.16,91.34,67.92,31.1,59366,37.05
2026-01-22 20:00:00,F0219,23.67,68.71,75.85,30.16,11934,87.32
2026-01-22 20:05:00,F0896,18.14,72.93,85.81,28.01,55228,32.52
2026-01-22 20:10:00,F0847,37.17,65.85,78.96,36.14,21878,95.94
2026-01-22 20:15:00,F0694,39.51,31.01,15.01,16.78,69710,50.5
2026-01-22 20:20:00,F0277,38.32,68.58,84.49,16.22,86239,45.05
2026-01-22 20:25:00,F0088,41.42,47.6,40.6,31.6,37273,86.29
2026-01-22 20:30:00,F0086,19.54,66.21,79.01,37.86,5265,96.55
2026-01-22 20:35:00,F0348,19.26,88.12,70.98,36.22,93763,29.0
2026-01-22 20:40:00,F0967,25.87,92.86,82.07,36.18,83200,52.52
2026-01-22 20:45:00,F0851,41.14,61.32,60.03,19.38,93115,88.99
2026-01-22 20:50:00,F0816,40.25,79.18,89.75,28.96,55675,23.97
2026-01-22 20:55:00,F0336,24.16,62.66,81.82,23.65,42526,57.78
2026-01-22 21:00:00,F0009,38.1,40.99,38.22,34.89,8457,50.94
2026-01-22 21:05:00,F0898,24.32,78.5,52.52,32.41,96539,80.81
2026-01-22 21:10:00,F0346,38.47,87.19,70.4,18.67,66404,28.75
2026-01-22 21:15:00,F0119,25.2,66.27,74.16,23.8,49377,97.16
2026-01-22 21:20:00,F0022,40.73,66.89,65.34,34.84,47415,92.84
2026-01-22 21:25:00,F0044,31.36,56.1,70.35,23.77,43742,91.01
2026-01-22 21:30:00,F0269,24.5,48.83,82.67,35.84,37568,79.73
2026-01-22 21:35:00,F0640,41.35,46.94,25.87,24.3,83464,21.5
2026-01-22 21:40:00,F0552,19.45,52.53,18.27,22.55,17234,38.19
2026-01-22 21:45:00,F0686,30.28,56.98,72.82,19.07,67826,40.17
2026-01-22 21:50:00,F0633,40.74,58.88,37.0,20.86,54868,78.05
2026-01-22 21:55:00,F0682,30.12,49.16,80.56,36.32,59364,98.07
2026-01-22 22:00:00,F0676,30.94,58.54,15.8,24.87,11198,92.13
2026-01-22 22:05:00,F0226,28.22,67.49,26.56,36.43,79114,79.86
2026-01-22 22:10:00,F0806,29.22,56.72,22.86,16.09,33974,29.72
2026-01-22 22:15:00,F0471,36.8,50.96,17.2,26.37,2822,26.43
2026-01-22 22:20:00,F0852,38.9,52.61,87.12,31.34,71370,90.45
2026-01-22 22:25:00,F0006,39.58,89.32,56.52,19.12,38217,97.91
2026-01-22 22:30:00,F0372,28.96,36.67,61.88,36.18,64205,83.93
2026-01-22 22:35:00,F0444,28.27,38.53,21.93,31.7,24183,64.26
2026-01-22 22:40:00,F0239,25.19,86.17,34.42,15.25,84242,67.35
2026-01-22 22:45:00,F0155,20.66,40.3,86.4,32.14,82547,58.82
2026-01-22 22:50:00,F0228,22.71,91.99,49.79,37.38,91192,24.35
2026-01-22 22:55:00,F0537,34.27,36.65,66.52,16.03,78726,66.72
2026-01-22 23:00:00,F0275,37.4,74.72,62.1,32.78,78450,78.76
2026-01-22 23:05:00,F0547,41.74,65.07,21.8,30.44,22649,47.38
2026-01-22 23:10:00,F0415,37.14,33.95,31.21,17.21,2908,88.78
2026-01-22 23:15:00,F0553,18.92,53.25,76.79,15.89,10157,87.99
2026-01-22 23:20:00,F0896,33.57,76.65,70.14,24.16,32582,56.61
2026-01-22 23:25:00,F0232,39.64,90.26,61.43,35.35,82624,28.45
2026-01-22 23:30:00,F0127,27.39,88.44,71.5,25.02,55178,32.13
2026-01-22 23:35:00,F0587,27.74,82.34,41.04,34.77,98807,35.43
2026-01-22 23:40:00,F0877,41.69,38.63,41.98,37.56,50245,61.07
2026-01-22 23:45:00,F0193,40.23,82.61,61.41,19.09,37163,48.77
2026-01-22 23:50:00,F0825,31.19,91.44,16.47,29.13,3404,69.0
2026-01-22 23:55:00,F0573,37.22,60.1,30.32,37.05,86123,88.97
2026-01-23 00:00:00,F0510,39.87,83.12,55.19,19.6,38684,91.36
2026-01-23 00:05:00,F0773,19.34,33.31,15.33,23.96,71767,43.43
2026-01-23 00:10:00,F0295,41.82,92.9,33.06,31.36,74867,38.52
2026-01-23 00:15:00,F0028,36.16,47.98,19.65,31.14,42049,86.92
2026-01-23 00:20:00,F0732,27.94,76.08,60.69,34.61,83407,59.72
2026-01-23 00:25:00,F0040,27.21,66.74,78.68,20.63,49885,69.91
2026-01-23 00:30:00,F0006,24.83,60.39,60.8,16.17,42272,79.81
2026-01-23 00:35:00,F0842,23.82,47.08,16.11,26.24,70437,66.16
2026-01-23 00:40:00,F0164,38.37,57.65,42.62,37.95,1574,74.85
2026-01-23 00:45:00,F0787,19.15,89.87,74.63,35.63,16501,91.6
2026-01-23 00:50:00,F0559,40.26,51.31,51.82,21.87,28492,92.23
2026-01-23 00:55:00,F0521,36.6,65.23,28.5,22.07,51175,32.79
2026-01-23 01:00:00,F0169,30.03,80.96,48.33,22.92,30320,34.7
2026-01-23 01:05:00,F0380,34.64,92.53,42.05,22.35,49469,91.87
2026-01-23 01:10:00,F0120,22.52,40.21,50.11,17.11,58372,64.23
2026-01-23 01:15:00,F0486,34.14,93.72,40.91,31.55,17001,36.66
2026-01-23 01:20:00,F0887,32.94,74.96,80.79,29.61,12507,61.03
2026-01-23 01:25:00,F0368,35.97,83.41,22.64,15.51,94478,94.91
2026-01-23 01:30:00,F0004,29.82,71.08,18.13,21.32,49979,25.42
2026-01-23 01:35:00,F0439,31.93,89.42,30.96,33.45,21188,57.83
2026-01-23 01:40:00,F0717,33.0,81.0,43.7,28.15,77534,41.22
2026-01-23 01:45:00,F0232,30.26,84.43,30.23,28.05,20772,73.95
2026-01-23 01:50:00,F0183,38.42,69.18,43.16,16.18,55103,35.9
2026-01-23 01:55:00,F0831,19.09,35.26,37.63,33.7,17134,36.29
2026-01-23 02:00:00,F0211,32.63,49.31,21.49,29.84,71150,99.08
2026-01-23 02:05:00,F0072,31.62,88.08,44.2,21.6,25863,54.45
2026-01-23 02:10:00,F0213,41.23,52.75,67.0,16.93,41138,92.09
2026-01-23 02:15:00,F0992,25.56,92.99,88.12,21.44,56143,64.15
2026-01-23 02:20:00,F0121,26.84,79.02,58.77,37.82,39475,50.52
2026-01-23 02:25:00,F0239,36.95,90.39,23.08,25.3,73167,66.32
2026-01-23 02:30:00,F0899,27.86,44.84,88.18,32.47,17872,35.88
2026-01-23 02:35:00,F0288,21.74,83.6,33.05,20.11,68914,62.01
2026-01-23 02:40:00,F0778,23.74,72.99,43.99,32.68,43519,22.17
2026-01-23 02:45:00,F0744,35.13,39.98,16.21,15.13,41676,39.61
2026-01-23 02:50:00,F0856,31.11,58.31,43.47,26.85,62250,23.21
2026-01-23 02:55:00,F0512,33.66,55.27,70.37,25.67,63473,78.7
2026-01-23 03:00:00,F0621,28.04,57.73,46.0,15.67,27890,97.68
2026-01-23 03:05:00,F0498,22.64,33.76,56.61,27.09,20298,36.1
2026-01-23 03:10:00,F0905,38.51,66.68,17.22,29.0,77125,63.36
2026-01-23 03:15:00,F0302,29.14,33.27,66.56,23.32,69634,75.39
2026-01-23 03:20:00,F0406,21.33,30.21,53.03,29.38,87001,86.36
2026-01-23 03:25:00,F0424,38.15,56.24,54.56,37.66,23789,60.44
2026-01-23 03:30:00,F0666,19.63,57.54,86.06,23.91,2805,50.27
2026-01-23 03:35:00,F0906,39.57,85.48,52.81,35.89,9296,90.02
2026-01-23 03:40:00,F0164,29.67,33.05,69.52,18.76,23525,63.54
2026-01-23 03:45:00,F0273,27.06,62.73,16.74,27.56,10840,74.21
2026-01-23 03:50:00,F0612,21.22,71.03,22.56,29.06,60813,99.47
2026-01-23 03:55:00,F0454,18.2,38.02,56.82,27.22,35655,64.7
2026-01-23 04:00:00,F0005,32.83,89.42,40.93,31.68,34739,92.67
2026-01-23 04:05:00,F0467,31.22,32.89,76.49,36.75,70990,39.73
2026-01-23 04:10:00,F0262,28.0,81.73,55.44,36.11,61013,93.28
2026-01-23 04:15:00,F0650,21.25,33.89,22.5,16.62,67106,75.02
2026-01-23 04:20:00,F0433,34.88,78.6,46.13,16.29,84881,68.47
2026-01-23 04:25:00,F0592,29.44,74.44,31.69,15.56,66365,77.98
2026-01-23 04:30:00,F0009,38.2,43.76,54.3,36.21,85202,82.08
2026-01-23 04:35:00,F0723,40.13,45.68,23.02,24.62,69928,62.2
2026-01-23 04:40:00,F0024,24.9,88.2,40.02,36.96,64781,63.24
2026-01-23 04:45:00,F0652,20.36,71.06,47.97,31.43,38185,85.48
2026-01-23 04:50:00,F0997,41.29,84.65,65.15,23.92,19025,41.61
2026-01-23 04:55:00,F0609,32.45,92.76,33.9,19.52,15576,59.74
2026-01-23 05:00:00,F0558,21.82,44.69,75.54,23.09,81826,58.21
2026-01-23 05:05:00,F0446,21.24,64.31,76.87,36.2,58741,61.67
2026-01-23 05:10:00,F0733,39.97,46.45,16.02,17.64,58962,55.92
2026-01-23 05:15:00,F0417,41.29,39.03,59.99,31.05,67977,72.98
2026-01-23 05:20:00,F0863,28.26,71.02,38.71,22.9,40413,31.98
2026-01-23 05:25:00,F0343,31.49,57.42,49.08,29.03,76045,68.57
2026-01-23 05:30:00,F0475,21.89,93.87,46.5,29.17,6724,54.68
2026-01-23 05:35:00,F0025,20.37,94.29,34.48,20.24,22448,55.06
2026-01-23 05:40:00,F0947,40.27,66.21,65.32,27.09,32011,69.29
2026-01-23 05:45:00,F0823,22.87,64.87,71.3,27.07,19065,32.41
2026-01-23 05:50:00,F0663,39.15,57.51,52.57,24.69,74793,52.98
2026-01-23 05:55:00,F0442,41.59,33.93,42.03,23.58,36217,71.31
2026-01-23 06:00:00,F0054,31.43,50.29,51.8,36.3,93541,44.43
2026-01-23 06:05:00,F0791,31.91,56.68,51.08,29.42,1533,71.8
2026-01-23 06:10:00,F0033,19.25,35.01,76.64,24.49,38403,88.43
2026-01-23 06:15:00,F0652,37.87,68.06,47.55,21.55,5752,65.33
2026-01-23 06:20:00,F0878,20.01,33.05,22.98,24.02,88294,67.43
2026-01-23 06:25:00,F0331,25.41,91.28,85.16,20.72,8166,27.69
2026-01-23 06:30:00,F0907,30.45,47.47,45.01,30.05,65345,78.17
2026-01-23 06:35:00,F0883,36.23,74.91,75.33,15.1,85765,45.18
2026-01-23 06:40:00,F0842,35.14,52.09,65.61,28.12,60998,74.92
2026-01-23 06:45:00,F0845,22.74,62.44,86.87,18.63,54957,99.35
2026-01-23 06:50:00,F0383,37.7,88.56,57.72,17.44,99236,55.79
2026-01-23 06:55:00,F0643,30.77,73.41,71.33,16.51,16459,85.1
2026-01-23 07:00:00,F0096,23.12,89.34,15.07,18.38,5394,96.04
2026-01-23 07:05:00,F0417,24.47,39.6,49.38,24.67,34716,39.62
2026-01-23 07:10:00,F0853,31.81,49.93,65.36,22.78,57499,73.9
2026-01-23 07:15:00,F0937,26.55,85.08,87.99,21.54,65270,73.75
2026-01-23 07:20:00,F0270,19.91,94.74,16.12,26.69,92897,65.84
2026-01-23 07:25:00,F0361,22.61,84.5,82.74,27.64,95526,59.88
2026-01-23 07:30:00,F0368,32.39,88.52,52.02,22.28,97832,34.98
2026-01-23 07:35:00,F0267,35.37,73.75,81.12,18.76,70391,79.02
2026-01-23 07:40:00,F0861,40.01,79.58,18.73,34.83,53345,93.89
2026-01-23 07:45:00,F0281,35.48,31.33,64.42,29.43,18550,68.25
2026-01-23 07:50:00,F0507,28.99,48.15,63.25,21.61,30871,82.06
2026-01-23 07:55:00,F0999,21.49,75.64,40.88,25.5,57175,95.9
2026-01-23 08:00:00,F0938,29.97,71.83,36.18,31.27,39657,99.77
2026-01-23 08:05:00,F0920,29.34,59.54,34.64,29.64,52556,77.55
2026-01-23 08:10:00,F0936,32.89,39.77,80.09,31.99,67838,36.89
2026-01-23 08:15:00,F0793,25.1,66.59,15.76,25.37,87390,89.62
2026-01-23 08:20:00,F0023,18.77,67.2,56.93,21.71,23772,69.09
2026-01-23 08:25:00,F0170,31.89,46.1,43.45,20.97,16873,30.29
2026-01-23 08:30:00,F0130,28.17,62.88,87.03,25.81,7594,97.4
2026-01-23 08:35:00,F0888,36.4,48.47,59.41,15.04,85312,49.1
2026-01-23 08:40:00,F0578,31.75,35.76,72.53,34.07,98436,40.88
2026-01-23 08:45:00,F0271,34.29,52.8,43.42,37.11,86282,31.79
2026-01-23 08:50:00,F0790,23.35,43.3,34.89,16.29,62262,75.34
2026-01-23 08:55:00,F0527,36.53,56.94,63.92,16.64,97173,39.15
2026-01-23 09:00:00,F0337,32.65,49.01,39.2,25.35,99240,82.67
2026-01-23 09:05:00,F0939,24.47,51.2,16.54,25.87,91566,78.26
2026-01-23 09:10:00,F0127,21.75,40.63,62.79,33.27,24919,51.48
2026-01-23 09:15:00,F0653,21.65,93.19,53.31,22.34,35416,81.45
2026-01-23 09:20:00,F0999,31.29,67.94,72.54,29.62,60733,24.15
2026-01-23 09:25:00,F0060,26.88,31.84,16.89,23.53,85582,77.72
2026-01-23 09:30:00,F0654,27.65,38.46,65.15,19.27,54040,34.34
2026-01-23 09:35:00,F0262,35.13,86.78,80.81,19.65,57021,46.78
2026-01-23 09:40:00,F0157,18.08,79.98,60.48,16.21,97824,59.29
2026-01-23 09:45:00,F0493,30.32,94.92,70.69,29.74,58793,68.34
2026-01-23 09:50:00,F0530,29.97,73.13,27.23,37.32,26010,69.63
2026-01-23 09:55:00,F0637,28.43,84.23,44.16,33.53,69049,44.04
2026-01-23 10:00:00,F0284,24.42,86.31,75.49,27.54,30429,98.54
2026-01-23 10:05:00,F0937,26.7,93.25,81.77,18.53,22702,51.98
2026-01-23 10:10:00,F0151,35.82,31.16,46.46,36.11,14717,45.25
2026-01-23 10:15:00,F0741,31.85,40.79,84.64,25.27,72223,86.49
2026-01-23 10:20:00,F0506,40.99,53.47,39.86,20.15,27840,25.65
2026-01-23 10:25:00,F0664,28.7,91.15,32.08,33.24,28939,71.29
2026-01-23 10:30:00,F0837,29.88,88.29,80.99,29.17,56446,79.96
2026-01-23 10:35:00,F0880,29.15,53.45,18.79,17.59,3673,84.14
2026-01-23 10:40:00,F0805,19.04,62.42,46.81,30.25,74800,48.54
2026-01-23 10:45:00,F0837,37.72,73.57,71.65,35.19,8392,81.48
2026-01-23 10:50:00,F0360,20.89,38.14,39.42,26.79,86438,24.27
2026-01-23 10:55:00,F0666,36.85,42.56,61.05,15.06,29280,90.97
2026-01-23 11:00:00,F0855,39.54,94.11,30.61,31.79,62297,70.7
2026-01-23 11:05:00,F0929,37.87,40.9,80.32,36.97,38615,74.04
2026-01-23 11:10:00,F0813,27.24,42.17,44.64,26.86,81087,58.06
2026-01-23 11:15:00,F0200,20.13,78.55,41.09,30.37,28054,63.12
2026-01-23 11:20:00,F0138,38.62,31.71,39.39,28.86,97063,27.76
2026-01-23 11:25:00,F0882,33.62,46.32,60.65,33.61,16078,67.5
2026-01-23 11:30:00,F0579,27.01,47.56,87.68,28.22,86413,50.75
2026-01-23 11:35:00,F0649,24.3,43.16,35.85,37.21,94922,86.29
2026-01-23 11:40:00,F0786,29.84,91.18,20.58,23.16,30952,73.26
2026-01-23 11:45:00,F0424,30.67,30.36,48.35,22.37,15392,91.66
2026-01-23 11:50:00,F0160,26.39,72.01,23.89,15.7,26099,27.17
2026-01-23 11:55:00,F0545,28.43,38.49,16.42,23.17,14816,41.91
2026-01-23 12:00:00,F0849,35.8,56.93,86.34,16.77,54501,84.48
2026-01-23 12:05:00,F0746,29.02,54.47,15.72,17.12,44633,24.37
2026-01-23 12:10:00,F0277,23.63,94.66,72.65,15.02,25296,51.38
2026-01-23 12:15:00,F0381,26.21,54.6,37.81,23.51,85200,87.68
2026-01-23 12:20:00,F0858,40.27,53.58,49.35,19.43,19254,67.04
2026-01-23 12:25:00,F0489,29.51,49.56,72.34,22.76,57783,61.57
2026-01-23 12:30:00,F0630,18.5,78.9,69.49,20.55,8145,68.96
2026-01-23 12:35:00,F0305,39.39,57.7,67.7,17.7,93140,58.82
2026-01-23 12:40:00,F0024,38.73,84.46,77.83,36.87,44832,37.62
2026-01-23 12:45:00,F0858,39.54,44.28,77.65,15.29,27717,82.08
2026-01-23 12:50:00,F0895,25.11,65.31,15.01,26.29,70230,25.62
2026-01-23 12:55:00,F0913,37.97,39.68,30.18,36.49,86110,50.23
2026-01-23 13:00:00,F0361,38.82,61.14,79.4,16.16,53177,29.74
2026-01-23 13:05:00,F0619,19.31,58.18,80.25,16.33,76521,24.69
2026-01-23 13:10:00,F0122,20.87,72.7,58.06,34.66,62509,55.45
2026-01-23 13:15:00,F0442,34.19,36.75,58.14,21.56,59086,22.58
2026-01-23 13:20:00,F0953,32.93,73.75,56.21,21.24,56075,86.19
2026-01-23 13:25:00,F0884,21.57,69.33,84.76,20.04,68255,73.56
2026-01-23 13:30:00,F0502,30.99,50.21,50.18,34.54,71668,60.68
2026-01-23 13:35:00,F0517,21.68,80.55,49.15,29.3,70603,79.26
2026-01-23 13:40:00,F0551,34.48,94.76,48.52,20.83,66827,34.99
2026-01-23 13:45:00,F0713,23.62,86.73,85.88,28.11,58707,25.18
2026-01-23 13:50:00,F0333,24.18,82.93,59.28,23.16,16159,84.99
2026-01-23 13:55:00,F0200,38.45,82.12,31.21,25.4,20842,78.15
2026-01-23 14:00:00,F0090,19.58,51.29,48.46,31.83,9668,42.16
2026-01-23 14:05:00,F0549,21.83,64.76,86.06,32.3,54177,44.69
2026-01-23 14:10:00,F0624,33.42,84.11,75.83,17.74,32454,55.95
2026-01-23 14:15:00,F0431,37.01,33.64,35.89,29.72,88020,84.82
2026-01-23 14:20:00,F0222,33.86,54.29,57.75,29.69,62496,98.67
2026-01-23 14:25:00,F0088,37.11,37.68,64.02,29.06,48785,28.5
2026-01-23 14:30:00,F0745,19.79,45.69,75.54,33.48,4451,42.06
2026-01-23 14:35:00,F0451,32.26,49.75,70.02,21.47,35304,24.8
2026-01-23 14:40:00,F0356,34.38,65.51,39.65,28.91,30194,69.3
2026-01-23 14:45:00,F0930,21.74,66.38,81.5,37.99,93185,70.08
2026-01-23 14:50:00,F0075,32.93,74.57,47.55,34.36,79187,24.35
2026-01-23 14:55:00,F0639,30.01,94.58,86.79,16.15,56410,86.15
2026-01-23 15:00:00,F0536,19.74,92.49,36.86,34.78,57216,91.72
2026-01-23 15:05:00,F0437,38.91,55.27,22.71,32.46,90762,32.17
2026-01-23 15:10:00,F0624,24.68,93.07,45.69,34.9,7573,64.57
2026-01-23 15:15:00,F0031,26.21,63.73,88.4,27.75,37717,99.91
2026-01-23 15:20:00,F0012,24.12,72.09,51.34,30.74,93042,45.78
2026-01-23 15:25:00,F0496,22.24,94.9,17.51,16.35,11946,49.24
2026-01-23 15:30:00,F0765,36.87,86.22,21.93,22.99,74188,68.71
2026-01-23 15:35:00,F0183,36.56,74.61,60.81,29.57,62373,53.55
2026-01-23 15:40:00,F0661,41.03,69.65,59.23,34.38,67329,94.58
2026-01-23 15:45:00,F0186,41.89,34.89,57.94,16.9,18863,88.87
2026-01-23 15:50:00,F0830,27.68,43.8,84.92,34.21,19995,55.45
2026-01-23 15:55:00,F0770,29.67,79.39,19.11,22.53,41100,88.03
2026-01-23 16:00:00,F0170,28.14,41.2,61.28,32.1,98176,49.66
2026-01-23 16:05:00,F0204,34.66,46.64,74.09,17.1,69496,70.69
2026-01-23 16:10:00,F0121,20.9,72.12,40.42,24.32,37236,82.29
2026-01-23 16:15:00,F0689,41.17,86.56,22.7,29.32,48513,98.61
2026-01-23 16:20:00,F0826,41.43,40.21,85.13,25.82,2825,60.34
2026-01-23 16:25:00,F0221,32.64,45.74,49.71,35.64,42913,31.97
2026-01-23 16:30:00,F0735,23.29,48.12,33.83,18.33,97831,36.36
2026-01-23 16:35:00,F0358,37.14,61.37,58.21,24.95,58301,33.26
2026-01-23 16:40:00,F0007,29.78,87.62,43.03,15.28,93990,40.72
2026-01-23 16:45:00,F0708,25.82,51.19,54.24,37.98,40953,82.55
2026-01-23 16:50:00,F0175,32.71,49.02,50.69,30.61,21871,61.55
2026-01-23 16:55:00,F0192,26.77,52.57,48.05,19.13,25808,89.38
2026-01-23 17:00:00,F0768,28.84,79.8,80.75,18.62,84859,48.9
2026-01-23 17:05:00,F0519,40.84,77.06,43.54,27.04,49128,48.16
2026-01-23 17:10:00,F0137,37.83,38.83,25.77,19.67,93632,73.15
2026-01-23 17:15:00,F0996,27.81,59.91,78.69,16.46,49508,35.84
2026-01-23 17:20:00,F0139,33.26,59.2,16.83,32.84,40418,81.36
2026-01-23 17:25:00,F0850,39.71,48.56,85.73,25.97,45232,80.57
2026-01-23 17:30:00,F0872,34.75,63.11,65.67,19.87,64904,27.18
2026-01-23 17:35:00,F0451,41.7,68.21,50.44,27.08,91478,97.69
2026-01-23 17:40:00,F0341,23.96,41.98,85.13,27.67,10863,83.85
2026-01-23 17:45:00,F0722,21.6,80.88,31.73,30.16,81182,51.23
2026-01-23 17:50:00,F0848,25.92,74.72,42.28,19.49,85562,58.94
2026-01-23 17:55:00,F0778,27.33,82.42,39.91,18.65,43951,94.14
2026-01-23 18:00:00,F0159,40.54,39.96,55.62,35.17,27936,82.79
2026-01-23 18:05:00,F0791,27.79,46.67,35.16,37.6,78081,65.26
2026-01-23 18:10:00,F0752,27.28,43.63,19.27,16.73,89837,90.59
2026-01-23 18:15:00,F0386,19.06,77.38,57.77,33.34,27531,68.42
2026-01-23 18:20:00,F0270,26.16,32.4,43.83,34.52,27172,61.5
2026-01-23 18:25:00,F0156,32.79,34.59,25.93,28.39,96765,50.22
2026-01-23 18:30:00,F0314,34.66,61.51,42.99,26.39,14868,80.02
2026-01-23 18:35:00,F0252,28.12,42.39,15.94,23.66,44654,72.11
2026-01-23 18:40:00,F0667,36.13,89.34,38.7,15.79,77188,50.67
2026-01-23 18:45:00,F0308,19.76,43.93,27.61,27.16,81537,66.59
2026-01-23 18:50:00,F0813,37.75,74.03,85.74,35.46,69025,94.88
2026-01-23 18:55:00,F0781,18.75,34.46,81.33,15.08,14036,42.59
2026-01-23 19:00:00,F0763,22.19,92.32,67.8,15.59,55263,60.91
2026-01-23 19:05:00,F0520,33.6,93.8,64.68,21.58,36650,36.75
2026-01-23 19:10:00,F0853,29.71,80.67,78.03,19.0,94579,76.87
2026-01-23 19:15:00,F0508,38.49,43.81,56.93,36.91,10523,77.21
2026-01-23 19:20:00,F0078,34.41,62.78,75.08,20.36,39933,75.87
2026-01-23 19:25:00,F0048,36.51,93.92,57.75,26.23,50256,61.01
2026-01-23 19:30:00,F0806,24.27,37.62,24.11,32.46,5318,25.26
2026-01-23 19:35:00,F0539,38.36,60.71,49.7,28.76,94506,96.29
2026-01-23 19:40:00,F0913,23.48,38.0,87.34,23.21,91669,55.26
2026-01-23 19:45:00,F0397,18.18,33.72,66.45,17.46,10458,59.15
2026-01-23 19:50:00,F0117,28.75,78.83,38.13,31.17,19422,59.51
2026-01-23 19:55:00,F0323,30.62,65.84,80.47,27.26,81089,84.95
2026-01-23 20:00:00,F0025,27.95,31.58,34.63,23.76,18077,89.24
2026-01-23 20:05:00,F0172,39.04,35.81,81.61,17.37,76339,47.53
2026-01-23 20:10:00,F0100,40.42,31.21,82.42,16.6,79900,72.7
2026-01-23 20:15:00,F0186,36.19,34.19,44.77,29.66,21460,35.6
2026-01-23 20:20:00,F0668,18.43,44.0,48.66,15.74,4918,88.05
2026-01-23 20:25:00,F0669,39.3,87.7,21.82,28.73,1640,25.98
2026-01-23 20:30:00,F0938,36.13,55.23,44.06,34.9,31961,85.28
2026-01-23 20:35:00,F0037,40.46,62.2,82.09,18.6,83938,79.44
2026-01-23 20:40:00,F0374,19.17,76.35,86.69,15.17,97445,87.4
2026-01-23 20:45:00,F0210,34.56,87.68,41.31,20.54,28106,48.99
2026-01-23 20:50:00,F0115,40.91,76.17,46.59,22.49,9943,22.85
2026-01-23 20:55:00,F0864,38.0,47.69,85.38,26.16,5652,90.28
2026-01-23 21:00:00,F0372,33.97,82.66,86.07,17.31,30011,72.6
2026-01-23 21:05:00,F0031,32.2,58.8,19.13,34.89,77872,86.79
2026-01-23 21:10:00,F0847,37.03,49.07,15.01,22.12,84587,87.4
2026-01-23 21:15:00,F0347,31.61,74.22,46.12,20.49,74854,23.99
2026-01-23 21:20:00,F0815,27.21,72.96,53.81,36.91,63982,42.24
2026-01-23 21:25:00,F0227,32.52,68.22,80.52,15.45,2528,22.21
2026-01-23 21:30:00,F0566,25.16,55.47,66.12,26.23,6740,27.4
2026-01-23 21:35:00,F0318,28.33,45.68,24.1,24.0,1712,97.21
2026-01-23 21:40:00,F0801,18.43,67.54,72.64,35.79,49518,89.38
2026-01-23 21:45:00,F0370,30.26,73.91,68.89,21.68,98372,43.01
2026-01-23 21:50:00,F0166,19.41,62.63,72.21,36.04,3786,31.24
2026-01-23 21:55:00,F0174,18.05,54.39,41.1,28.8,72768,94.51
2026-01-23 22:00:00,F0008,27.74,31.03,59.54,34.59,46751,22.59
2026-01-23 22:05:00,F0993,26.25,89.74,70.72,36.27,52102,85.18
2026-01-23 22:10:00,F0473,29.36,53.03,16.57,24.23,52308,71.8
2026-01-23 22:15:00,F0678,21.49,71.43,53.64,36.76,26726,78.67
2026-01-23 22:20:00,F0691,28.35,57.62,80.98,35.02,74151,86.53
2026-01-23 22:25:00,F0655,29.98,92.19,15.76,35.43,34697,87.63
2026-01-23 22:30:00,F0969,31.34,61.6,81.73,34.05,51260,82.64
2026-01-23 22:35:00,F0348,23.46,61.71,71.41,17.03,39203,82.82
2026-01-23 22:40:00,F0740,41.13,85.93,50.18,30.78,77289,94.85
2026-01-23 22:45:00,F0961,25.09,44.16,79.77,23.36,49261,48.41
2026-01-23 22:50:00,F0981,31.44,33.31,25.89,29.2,3420,98.41
2026-01-23 22:55:00,F0737,31.99,49.83,29.68,22.25,34328,30.82
2026-01-23 23:00:00,F0460,34.51,68.58,30.23,29.47,5983,96.31
2026-01-23 23:05:00,F0625,18.6,63.85,26.96,22.44,85538,61.72
2026-01-23 23:10:00,F0271,35.03,73.23,48.15,18.47,26966,53.47
2026-01-23 23:15:00,F0451,25.09,61.98,73.83,15.29,23735,49.04
2026-01-23 23:20:00,F0344,25.75,89.52,64.56,16.85,34371,79.44
2026-01-23 23:25:00,F0461,28.11,94.61,55.95,35.87,46407,43.93
2026-01-23 23:30:00,F0071,29.8,47.28,17.37,23.93,59868,69.12
2026-01-23 23:35:00,F0360,36.51,47.43,27.35,17.61,25632,69.09
2026-01-23 23:40:00,F0217,36.12,69.71,45.46,29.5,14542,22.1
2026-01-23 23:45:00,F0940,41.03,87.8,55.74,33.43,56480,72.14
2026-01-23 23:50:00,F1000,26.49,91.89,25.25,16.4,51170,42.79
2026-01-23 23:55:00,F0285,35.3,84.39,90.0,23.65,61756,64.4
2026-01-24 00:00:00,F0365,27.18,51.51,18.58,21.01,47267,24.64
2026-01-24 00:05:00,F0697,19.87,86.35,81.43,22.03,76181,66.43
2026-01-24 00:10:00,F0159,26.55,87.38,81.05,28.32,23365,61.17
2026-01-24 00:15:00,F0123,18.2,63.86,62.15,32.59,15033,40.07
2026-01-24 00:20:00,F0542,34.23,39.95,66.26,18.24,33258,34.85
2026-01-24 00:25:00,F0948,34.14,77.13,72.09,22.76,74979,29.43
2026-01-24 00:30:00,F0781,41.15,85.97,57.21,34.65,5629,82.32
2026-01-24 00:35:00,F0191,30.72,43.34,60.35,37.99,6597,88.02
2026-01-24 00:40:00,F0347,22.67,93.1,51.67,35.46,97200,73.66
2026-01-24 00:45:00,F0231,37.48,44.75,82.59,21.66,14710,79.01
2026-01-24 00:50:00,F0653,29.39,81.46,59.44,31.01,9541,66.53
2026-01-24 00:55:00,F0663,20.95,31.13,15.95,26.26,14310,66.29
2026-01-24 01:00:00,F0036,32.45,93.59,36.99,35.96,41178,47.87
2026-01-24 01:05:00,F0724,24.66,85.23,59.33,37.73,16251,91.17
2026-01-24 01:10:00,F0254,30.24,81.9,50.31,27.7,41001,39.65
2026-01-24 01:15:00,F0791,34.6,71.19,70.88,23.57,65925,53.97
2026-01-24 01:20:00,F0323,32.39,60.02,27.26,23.67,97581,52.71
2026-01-24 01:25:00,F0169,35.18,44.2,87.25,36.8,65097,80.48
2026-01-24 01:30:00,F0196,34.23,71.26,20.91,30.34,6280,46.12
2026-01-24 01:35:00,F0416,36.35,74.41,88.17,36.25,35807,25.03
2026-01-24 01:40:00,F0240,25.4,31.37,48.62,26.92,31235,32.03
2026-01-24 01:45:00,F0592,36.72,58.86,75.8,27.59,85009,70.65
2026-01-24 01:50:00,F0442,18.8,53.02,69.07,17.0,14536,57.66
2026-01-24 01:55:00,F0008,21.84,47.42,79.93,24.84,32498,55.31
2026-01-24 02:00:00,F0747,33.88,60.06,55.06,16.55,10862,62.04
2026-01-24 02:05:00,F0270,22.63,34.88,40.83,30.5,94814,29.55
2026-01-24 02:10:00,F0448,35.99,39.29,24.33,17.5,38611,56.9
2026-01-24 02:15:00,F0948,39.52,31.64,30.37,25.61,64108,90.87
2026-01-24 02:20:00,F0769,23.49,52.35,24.08,33.97,43417,94.54
2026-01-24 02:25:00,F0813,40.42,86.6,48.9,36.56,26427,25.14
2026-01-24 02:30:00,F0101,36.68,63.27,39.51,19.05,53746,38.51
2026-01-24 02:35:00,F0653,35.43,30.9,80.11,27.02,80222,41.48
2026-01-24 02:40:00,F0562,22.66,38.1,56.03,23.42,67466,78.86
2026-01-24 02:45:00,F0912,20.5,54.28,47.52,26.94,7191,91.2
2026-01-24 02:50:00,F0812,40.66,88.31,53.12,29.28,99442,95.99
2026-01-24 02:55:00,F0133,24.75,91.62,75.48,19.25,70056,82.54
2026-01-24 03:00:00,F0443,19.57,43.34,66.94,15.78,72448,56.6
2026-01-24 03:05:00,F0783,37.4,84.24,20.86,27.97,91380,27.5
2026-01-24 03:10:00,F0088,22.56,89.21,72.23,28.56,27400,61.61
2026-01-24 03:15:00,F0008,25.33,30.44,32.19,32.85,85172,61.97
2026-01-24 03:20:00,F0757,23.52,66.9,64.09,24.24,65236,52.99
2026-01-24 03:25:00,F0595,22.44,61.02,57.06,37.4,73742,84.79
2026-01-24 03:30:00,F0209,39.07,90.18,50.63,18.02,92573,32.91
2026-01-24 03:35:00,F0500,37.44,80.76,22.74,16.73,46266,91.85
2026-01-24 03:40:00,F0675,31.91,53.73,52.79,20.73,23925,27.07
2026-01-24 03:45:00,F0408,29.68,56.53,63.87,20.62,41751,25.81
2026-01-24 03:50:00,F0744,29.37,63.87,45.27,18.55,65633,44.78
2026-01-24 03:55:00,F0015,29.33,56.89,66.82,20.77,67691,25.68
2026-01-24 04:00:00,F0347,34.68,46.13,21.61,26.06,10769,33.89
2026-01-24 04:05:00,F0523,34.06,58.87,62.53,28.84,71785,46.31
2026-01-24 04:10:00,F0650,31.62,91.21,89.67,32.87,21350,97.24
2026-01-24 04:15:00,F0812,22.41,59.12,86.62,17.22,56797,65.77
2026-01-24 04:20:00,F0256,32.25,45.93,73.05,28.57,96567,31.89
2026-01-24 04:25:00,F0970,41.2,41.33,47.9,29.54,68066,53.15
2026-01-24 04:30:00,F0881,34.3,52.14,74.98,30.46,99624,32.74
2026-01-24 04:35:00,F0054,37.62,55.27,56.44,16.48,76497,42.36
2026-01-24 04:40:00,F0504,18.9,35.5,67.78,16.78,20715,64.91
2026-01-24 04:45:00,F0001,24.13,58.44,89.39,35.4,21769,22.97
2026-01-24 04:50:00,F0576,22.84,57.29,36.37,25.27,67032,46.38
2026-01-24 04:55:00,F0191,23.14,59.16,63.49,27.79,93095,25.62
2026-01-24 05:00:00,F0949,23.31,82.07,74.83,25.56,54376,22.03
2026-01-24 05:05:00,F0426,41.38,42.24,80.7,30.79,84967,25.3
2026-01-24 05:10:00,F0246,27.78,66.99,58.66,24.81,63195,43.34
2026-01-24 05:15:00,F0715,27.91,65.67,63.33,37.03,55422,52.37
2026-01-24 05:20:00,F0726,23.85,46.03,70.6,34.15,55589,82.48
2026-01-24 05:25:00,F0928,38.66,47.7,31.61,26.08,64132,77.16
2026-01-24 05:30:00,F0911,30.59,66.59,66.6,21.36,45459,60.41
2026-01-24 05:35:00,F0424,19.77,93.24,84.66,26.8,92469,35.35
2026-01-24 05:40:00,F0299,25.49,86.95,82.8,19.37,82194,90.94
2026-01-24 05:45:00,F0387,18.9,38.48,35.02,15.1,47059,86.61
2026-01-24 05:50:00,F0400,29.92,34.05,24.04,26.03,68768,33.84
2026-01-24 05:55:00,F0341,36.95,68.2,55.99,16.65,53161,80.72
2026-01-24 06:00:00,F0741,18.08,45.22,69.06,19.79,22213,67.13
2026-01-24 06:05:00,F0003,23.35,81.5,89.46,31.7,5056,44.32
2026-01-24 06:10:00,F0503,24.13,70.63,47.78,35.51,72948,95.03
2026-01-24 06:15:00,F0525,35.55,50.72,79.39,15.35,55159,82.14
2026-01-24 06:20:00,F0105,32.75,68.58,83.85,15.07,66015,87.84
2026-01-24 06:25:00,F0765,30.06,70.6,30.5,16.84,17764,69.8
2026-01-24 06:30:00,F0034,22.0,60.61,42.54,21.69,48050,92.14
2026-01-24 06:35:00,F0068,39.3,56.23,48.62,23.39,63230,44.1
2026-01-24 06:40:00,F0388,23.09,39.65,20.34,15.25,88334,59.63
2026-01-24 06:45:00,F0767,36.11,80.97,44.57,35.04,45221,99.26
2026-01-24 06:50:00,F0491,23.04,76.61,72.23,34.28,16177,24.06
2026-01-24 06:55:00,F0415,18.16,31.86,47.37,23.73,16261,52.64
2026-01-24 07:00:00,F0998,37.3,86.0,64.5,19.45,11392,55.24
2026-01-24 07:05:00,F0416,18.5,75.04,37.0,30.95,50362,68.07
2026-01-24 07:10:00,F0720,32.16,63.17,37.0,20.29,91501,91.69
2026-01-24 07:15:00,F0837,27.29,70.29,48.87,25.54,48440,41.03
2026-01-24 07:20:00,F0805,18.4,66.18,35.12,37.99,55777,21.71
2026-01-24 07:25:00,F0200,23.65,64.12,26.81,29.48,80691,76.35
2026-01-24 07:30:00,F0976,28.45,56.02,69.45,27.57,96143,85.03
2026-01-24 07:35:00,F0119,30.33,79.26,53.81,15.83,15153,43.13
2026-01-24 07:40:00,F0021,22.63,93.77,85.33,27.11,35091,46.69
2026-01-24 07:45:00,F0142,37.25,55.37,83.09,35.24,60006,69.0
2026-01-24 07:50:00,F0887,21.95,72.57,82.04,19.79,3886,68.05
2026-01-24 07:55:00,F0705,24.99,44.0,85.46,30.79,12110,83.29
2026-01-24 08:00:00,F0282,41.85,76.34,39.78,25.11,81062,67.73
2026-01-24 08:05:00,F0942,18.98,42.06,45.08,32.98,74009,58.81
2026-01-24 08:10:00,F0962,23.99,54.8,30.73,24.64,59555,89.08
2026-01-24 08:15:00,F0999,22.75,75.36,63.55,23.52,7895,42.79
2026-01-24 08:20:00,F0242,27.57,59.6,86.58,37.93,80456,48.9
2026-01-24 08:25:00,F0594,33.75,71.84,70.75,31.55,18380,41.7
2026-01-24 08:30:00,F0616,27.19,44.18,20.97,24.7,42105,46.27
2026-01-24 08:35:00,F0463,31.98,37.69,24.91,34.26,41073,46.76
2026-01-24 08:40:00,F0687,18.57,40.61,67.86,35.32,37415,92.17
2026-01-24 08:45:00,F0209,31.44,77.89,25.37,34.33,59572,52.29
2026-01-24 08:50:00,F0286,40.94,45.31,44.15,26.2,72552,61.67
2026-01-24 08:55:00,F0862,30.15,94.36,44.31,35.05,69073,81.28
2026-01-24 09:00:00,F0531,28.17,66.71,20.9,36.94,17017,63.14
2026-01-24 09:05:00,F0246,25.77,32.48,69.36,29.33,80941,24.24
2026-01-24 09:10:00,F0289,36.96,46.93,35.91,25.53,60340,31.02
2026-01-24 09:15:00,F0308,24.54,77.21,51.03,24.48,8983,68.13
2026-01-24 09:20:00,F0259,29.04,72.2,56.22,21.38,8184,56.51
2026-01-24 09:25:00,F0093,38.93,45.97,24.29,20.81,1955,39.14
2026-01-24 09:30:00,F0560,22.04,66.33,81.16,20.25,55251,61.86
2026-01-24 09:35:00,F0613,32.62,37.48,82.8,27.88,85768,49.77
2026-01-24 09:40:00,F0507,29.53,30.03,68.97,23.24,14934,35.31
2026-01-24 09:45:00,F0670,34.14,44.01,75.2,29.44,43245,51.5
2026-01-24 09:50:00,F0972,28.84,69.78,89.74,37.83,91651,81.73
2026-01-24 09:55:00,F0792,34.24,55.64,33.36,32.55,63809,82.22
2026-01-24 10:00:00,F0069,30.45,41.78,45.48,25.11,70143,52.89
2026-01-24 10:05:00,F0414,39.65,81.71,72.42,24.02,71010,29.55
2026-01-24 10:10:00,F0011,40.52,39.26,74.95,17.99,90763,85.54
2026-01-24 10:15:00,F0529,28.11,31.77,33.96,24.12,37281,65.36
2026-01-24 10:20:00,F0464,18.73,50.33,44.56,21.19,33564,85.37
2026-01-24 10:25:00,F0989,31.52,51.87,22.74,17.51,61958,50.42
2026-01-24 10:30:00,F0050,39.72,72.39,78.59,31.11,70604,69.26
2026-01-24 10:35:00,F0919,24.11,63.0,54.95,36.09,89356,67.14
2026-01-24 10:40:00,F0843,18.45,46.0,43.9,15.6,83966,48.39
2026-01-24 10:45:00,F0538,28.23,57.22,17.96,36.33,79788,33.55
2026-01-24 10:50:00,F0224,22.52,81.07,38.71,33.54,2911,95.97
2026-01-24 10:55:00,F0914,40.87,90.31,62.79,22.52,91375,41.35
2026-01-24 11:00:00,F0821,21.49,57.51,46.29,34.45,86413,84.86
2026-01-24 11:05:00,F0492,28.78,89.62,86.61,28.12,26866,84.35
2026-01-24 11:10:00,F0232,23.74,51.37,85.4,29.16,21275,21.59
2026-01-24 11:15:00,F0565,24.43,81.77,48.58,37.15,12006,53.13
2026-01-24 11:20:00,F0847,35.21,91.4,81.32,34.35,94704,81.71
2026-01-24 11:25:00,F0055,35.55,48.29,16.04,16.79,41228,25.04
2026-01-24 11:30:00,F0667,40.51,94.43,81.58,30.37,84681,52.64
2026-01-24 11:35:00,F0847,21.37,46.62,89.94,23.5,48448,42.52
2026-01-24 11:40:00,F0766,19.53,83.18,75.02,20.07,71994,42.44
2026-01-24 11:45:00,F0422,28.92,41.28,34.52,30.52,10978,89.82
2026-01-24 11:50:00,F0967,37.73,63.35,27.97,37.67,79854,29.16
2026-01-24 11:55:00,F0308,34.31,83.78,88.66,22.81,84967,40.97
2026-01-24 12:00:00,F0185,26.23,76.48,76.39,17.88,70854,73.47
2026-01-24 12:05:00,F0433,37.35,72.02,52.24,37.76,12096,86.86
2026-01-24 12:10:00,F0255,36.77,94.94,36.28,31.37,44659,87.75
2026-01-24 12:15:00,F0251,35.74,46.73,18.25,30.47,82059,27.06
2026-01-24 12:20:00,F0891,35.65,31.2,67.41,27.32,19160,73.59
2026-01-24 12:25:00,F0054,36.2,73.66,38.65,21.2,94377,48.11
2026-01-24 12:30:00,F0135,19.43,70.09,64.64,29.83,15240,27.66
2026-01-24 12:35:00,F0970,36.77,52.67,59.39,20.03,58623,32.44
2026-01-24 12:40:00,F0245,36.98,45.08,38.67,21.28,41550,38.23
2026-01-24 12:45:00,F0783,32.3,46.27,81.9,32.44,72702,21.31
2026-01-24 12:50:00,F0329,24.1,31.1,58.83,18.79,96858,80.34
2026-01-24 12:55:00,F0111,31.8,90.72,18.59,25.86,66078,39.43
2026-01-24 13:00:00,F0902,38.45,74.5,58.64,34.53,32443,80.72
2026-01-24 13:05:00,F0650,35.55,71.11,85.92,32.16,21848,90.39
2026-01-24 13:10:00,F0146,18.6,51.5,42.32,31.31,93649,47.7
2026-01-24 13:15:00,F0951,35.4,54.87,26.08,26.61,80560,59.83
2026-01-24 13:20:00,F0394,37.12,77.66,48.19,30.9,31072,67.54
2026-01-24 13:25:00,F0617,31.93,48.8,20.37,28.3,47019,26.36
2026-01-24 13:30:00,F0553,30.11,52.98,48.37,25.12,25485,82.82
2026-01-24 13:35:00,F0543,40.57,30.98,78.49,22.82,24607,78.08
2026-01-24 13:40:00,F0851,30.23,69.26,53.88,15.28,10330,64.87
2026-01-24 13:45:00,F0576,28.37,53.49,63.26,34.72,90183,61.81
2026-01-24 13:50:00,F0414,36.14,71.28,69.84,34.15,99786,43.39
2026-01-24 13:55:00,F0890,28.07,73.51,65.92,23.68,62309,20.28
2026-01-24 14:00:00,F0215,39.89,59.09,85.45,33.57,67528,55.78
2026-01-24 14:05:00,F0533,28.85,51.33,74.6,27.7,5176,73.16
2026-01-24 14:10:00,F0036,29.66,87.59,64.73,17.92,34041,52.03
2026-01-24 14:15:00,F0916,32.05,33.05,49.7,21.61,77154,21.67
2026-01-24 14:20:00,F0409,37.82,89.77,33.85,37.9,25922,69.11
2026-01-24 14:25:00,F0043,21.58,70.89,34.16,35.61,36247,21.04
2026-01-24 14:30:00,F0490,23.65,36.58,51.28,35.91,86553,69.93
2026-01-24 14:35:00,F0689,18.01,34.39,19.34,19.5,53109,59.06
2026-01-24 14:40:00,F0185,32.65,93.08,20.4,24.08,83601,40.21
2026-01-24 14:45:00,F0129,39.44,35.37,62.9,37.58,55409,72.98
2026-01-24 14:50:00,F0282,29.6,94.42,51.65,28.18,46425,34.64
2026-01-24 14:55:00,F0350,28.09,38.79,67.58,15.57,33501,28.51
2026-01-24 15:00:00,F0702,39.63,79.52,29.46,29.98,10861,78.92
2026-01-24 15:05:00,F0082,33.25,64.12,28.39,22.6,75545,94.79
2026-01-24 15:10:00,F0061,38.14,62.0,20.21,31.98,50486,76.91
2026-01-24 15:15:00,F0275,23.06,32.45,43.33,33.47,20446,64.5
2026-01-24 15:20:00,F0680,23.64,55.86,25.52,18.01,40413,50.56
2026-01-24 15:25:00,F0758,24.05,48.25,23.68,23.76,52570,24.9
2026-01-24 15:30:00,F0466,41.03,45.4,83.09,27.15,82075,33.16
2026-01-24 15:35:00,F0262,20.93,37.66,19.5,18.7,80701,22.03
2026-01-24 15:40:00,F0677,24.17,70.34,85.8,27.26,7093,78.11
2026-01-24 15:45:00,F0672,20.28,33.96,40.86,23.99,61942,71.02
2026-01-24 15:50:00,F0695,28.29,51.52,62.23,25.45,48796,55.99
2026-01-24 15:55:00,F0022,39.27,82.36,31.87,29.45,96450,45.62
2026-01-24 16:00:00,F0604,36.01,89.89,72.62,36.43,11894,86.68
2026-01-24 16:05:00,F0022,37.64,79.46,68.71,28.43,83026,37.4
2026-01-24 16:10:00,F0845,40.6,64.4,55.5,34.62,42220,32.98
2026-01-24 16:15:00,F0790,19.03,30.29,38.69,19.92,35676,90.16
2026-01-24 16:20:00,F0026,24.33,83.16,28.06,33.11,5230,20.17
2026-01-24 16:25:00,F0158,27.42,80.0,41.21,21.02,46510,36.19
2026-01-24 16:30:00,F0726,36.62,58.22,36.8,31.36,56625,36.87
2026-01-24 16:35:00,F0143,26.2,36.77,79.03,18.24,84185,36.19
2026-01-24 16:40:00,F0198,38.22,52.68,27.29,25.92,23974,98.55
2026-01-24 16:45:00,F0980,23.4,46.13,17.19,32.63,7937,82.62
2026-01-24 16:50:00,F0767,40.03,65.97,88.0,33.71,84589,21.04
2026-01-24 16:55:00,F0911,34.59,76.38,81.04,16.82,22792,81.74
2026-01-24 17:00:00,F0515,18.5,49.8,80.98,16.38,42754,74.51
2026-01-24 17:05:00,F0798,29.15,61.44,21.96,18.07,15027,76.19
2026-01-24 17:10:00,F0529,20.54,66.7,82.5,37.18,87442,89.77
2026-01-24 17:15:00,F0426,39.61,93.32,83.46,17.96,44755,32.18
2026-01-24 17:20:00,F0429,29.62,83.83,48.87,16.67,60244,81.19
2026-01-24 17:25:00,F0959,27.48,56.68,63.36,21.3,97754,86.52
2026-01-24 17:30:00,F0104,24.98,87.61,41.24,28.96,41745,54.22
2026-01-24 17:35:00,F0583,26.06,71.33,36.89,19.27,23596,45.4
2026-01-24 17:40:00,F0455,40.21,64.99,77.59,29.72,65397,77.4
2026-01-24 17:45:00,F0831,36.08,74.23,57.94,17.03,83115,92.04
2026-01-24 17:50:00,F0035,23.39,40.47,65.11,20.73,63969,79.17
2026-01-24 17:55:00,F0031,20.4,73.96,16.27,29.15,94386,71.72
2026-01-24 18:00:00,F0064,34.29,81.74,75.8,23.08,13792,69.68
2026-01-24 18:05:00,F0969,27.12,73.38,70.31,18.24,8596,72.04
2026-01-24 18:10:00,F0500,39.86,39.81,68.83,24.63,93014,27.32
2026-01-24 18:15:00,F0654,41.15,69.56,67.89,30.79,83436,88.68
2026-01-24 18:20:00,F0236,37.3,62.83,36.84,24.05,90571,85.31
2026-01-24 18:25:00,F0700,41.34,88.6,16.3,19.26,97352,81.12
2026-01-24 18:30:00,F0090,25.7,75.21,45.65,16.23,26298,22.14
2026-01-24 18:35:00,F0953,31.82,33.77,85.62,29.69,29241,41.04
2026-01-24 18:40:00,F0205,24.58,66.88,45.56,22.4,70133,24.9
2026-01-24 18:45:00,F0956,30.54,58.79,62.17,32.42,33614,42.75
2026-01-24 18:50:00,F0149,25.08,75.58,22.06,24.76,51808,31.54
2026-01-24 18:55:00,F0820,30.88,78.44,33.11,29.2,38493,59.98
2026-01-24 19:00:00,F0134,32.46,43.07,44.31,20.43,40562,61.8
2026-01-24 19:05:00,F0025,32.5,91.74,27.92,34.52,14663,53.65
2026-01-24 19:10:00,F0173,31.44,68.3,56.74,23.01,69971,83.17
2026-01-24 19:15:00,F0387,21.36,60.99,30.43,17.35,25542,47.01
2026-01-24 19:20:00,F0099,21.14,79.96,78.1,35.97,52557,98.62
2026-01-24 19:25:00,F0229,24.38,46.65,22.82,25.17,98292,40.18
2026-01-24 19:30:00,F0943,41.7,57.65,68.63,34.54,17915,44.27
2026-01-24 19:35:00,F0866,32.66,63.54,39.83,32.54,55030,67.42
2026-01-24 19:40:00,F0069,29.44,34.69,22.82,23.55,87120,31.49
2026-01-24 19:45:00,F0567,25.13,46.94,49.07,31.37,43872,20.57
2026-01-24 19:50:00,F0024,26.51,87.5,34.49,22.65,70015,96.4
2026-01-24 19:55:00,F0497,27.98,50.31,49.47,21.86,30601,63.65
2026-01-24 20:00:00,F0256,20.85,59.65,18.48,27.32,31785,35.72
2026-01-24 20:05:00,F0622,24.87,41.47,83.8,32.97,34570,48.98
2026-01-24 20:10:00,F0294,37.83,82.23,55.58,17.73,3027,73.07
2026-01-24 20:15:00,F0902,26.75,46.14,23.09,24.75,47248,44.91
2026-01-24 20:20:00,F0110,37.38,36.42,63.35,28.31,15314,22.61
2026-01-24 20:25:00,F0103,25.03,80.43,79.83,28.07,87567,74.44
2026-01-24 20:30:00,F0082,33.1,83.84,52.98,30.0,42075,61.58
2026-01-24 20:35:00,F0289,31.44,88.19,15.61,17.28,61120,57.99
2026-01-24 20:40:00,F0139,39.28,93.68,67.3,36.03,51485,71.77
2026-01-24 20:45:00,F0347,22.67,84.2,15.34,28.58,90279,56.07
2026-01-24 20:50:00,F0278,29.7,89.15,33.93,35.98,1261,72.56
2026-01-24 20:55:00,F0030,37.04,93.1,71.75,28.69,21968,33.33
2026-01-24 21:00:00,F0651,19.07,56.15,77.11,28.92,51995,46.06
2026-01-24 21:05:00,F0767,25.09,40.05,57.38,25.69,34007,45.76
2026-01-24 21:10:00,F0842,27.98,50.73,48.95,17.98,2868,94.3
2026-01-24 21:15:00,F0244,31.2,55.01,46.48,37.79,6734,99.0
2026-01-24 21:20:00,F0568,18.2,67.67,16.93,34.98,69902,81.47
2026-01-24 21:25:00,F0524,18.32,75.44,15.0,22.64,26574,56.49
2026-01-24 21:30:00,F0158,31.11,55.82,54.29,26.02,22004,82.88
2026-01-24 21:35:00,F0672,38.33,40.05,83.13,37.97,2321,56.34
2026-01-24 21:40:00,F0063,41.64,65.26,82.47,24.75,97723,33.6
2026-01-24 21:45:00,F0171,22.92,75.99,50.05,36.73,52326,33.39
2026-01-24 21:50:00,F0376,24.46,52.65,88.34,16.56,76816,99.37
2026-01-24 21:55:00,F0061,28.69,84.5,65.92,17.92,97187,30.73
2026-01-24 22:00:00,F0680,22.0,83.39,59.58,34.52,21274,72.98
2026-01-24 22:05:00,F0419,23.2,64.97,78.9,22.05,22953,76.28
2026-01-24 22:10:00,F0400,22.81,67.87,82.17,33.86,64875,71.59
2026-01-24 22:15:00,F0276,32.78,52.82,21.63,29.02,98841,38.38
2026-01-24 22:20:00,F0246,26.63,85.2,52.81,25.48,20465,91.38
2026-01-24 22:25:00,F0666,23.31,56.0,31.17,26.86,80820,27.8
2026-01-24 22:30:00,F0446,19.96,68.99,41.26,37.08,73756,59.06
2026-01-24 22:35:00,F0213,18.45,71.36,59.03,16.98,95316,66.81
2026-01-24 22:40:00,F0686,36.19,93.75,80.64,34.74,80917,43.81
2026-01-24 22:45:00,F0439,29.23,51.3,64.4,30.0,25523,57.14
2026-01-24 22:50:00,F0800,39.99,69.98,69.79,17.21,44030,88.06
2026-01-24 22:55:00,F0945,30.99,82.62,57.18,29.17,16858,57.86
2026-01-24 23:00:00,F0166,30.32,51.92,53.71,27.33,64392,41.64
2026-01-24 23:05:00,F0264,19.03,32.87,80.16,24.68,73433,92.91
2026-01-24 23:10:00,F0530,41.28,52.53,55.5,15.51,65651,72.54
2026-01-24 23:15:00,F0022,37.88,66.23,64.65,23.18,3708,26.43
2026-01-24 23:20:00,F0926,29.95,86.16,87.33,30.12,43179,55.71
2026-01-24 23:25:00,F0703,21.52,89.0,24.66,22.91,92422,80.75
2026-01-24 23:30:00,F0895,33.27,62.51,67.67,27.59,56620,85.44
2026-01-24 23:35:00,F0747,18.32,36.76,67.09,27.93,17739,82.43
2026-01-24 23:40:00,F0390,38.57,47.76,29.04,29.28,90596,42.84
2026-01-24 23:45:00,F0496,34.28,30.3,87.98,22.93,75993,75.41
2026-01-24 23:50:00,F0403,39.51,59.15,25.42,30.97,56701,24.05
2026-01-24 23:55:00,F0962,26.63,92.52,66.68,35.64,38652,62.61
2026-01-25 00:00:00,F0497,24.93,55.11,86.45,37.01,90941,62.51
2026-01-25 00:05:00,F0342,28.55,73.51,60.24,36.73,13385,88.69
2026-01-25 00:10:00,F0691,19.36,76.55,77.21,20.75,85009,56.82
2026-01-25 00:15:00,F0643,36.49,35.23,16.08,21.08,18644,23.64
2026-01-25 00:20:00,F0158,21.77,31.0,73.57,27.96,46120,56.53
2026-01-25 00:25:00,F0220,41.62,83.7,89.45,32.82,99422,34.98
2026-01-25 00:30:00,F0514,38.38,54.58,86.82,23.28,47822,47.76
2026-01-25 00:35:00,F0340,30.21,66.23,85.55,35.17,48197,21.96
2026-01-25 00:40:00,F0980,28.23,54.99,88.93,26.52,69831,33.42
2026-01-25 00:45:00,F0411,25.44,93.26,50.47,20.16,7720,24.3
2026-01-25 00:50:00,F0352,26.46,56.34,34.88,34.52,32282,42.86
2026-01-25 00:55:00,F0637,30.23,38.86,34.91,29.41,67679,42.89
2026-01-25 01:00:00,F0467,18.15,83.19,66.71,22.16,5617,46.32
2026-01-25 01:05:00,F0764,27.26,79.73,51.18,24.83,44891,71.9
2026-01-25 01:10:00,F0874,19.58,36.79,44.54,17.77,71099,71.6
2026-01-25 01:15:00,F0877,38.99,72.57,41.12,27.97,22434,34.25
2026-01-25 01:20:00,F0538,40.54,73.24,33.46,36.41,20891,43.1
2026-01-25 01:25:00,F0631,34.03,59.92,87.13,25.63,12419,26.48
2026-01-25 01:30:00,F0006,38.66,76.4,43.31,31.03,61395,43.56
2026-01-25 01:35:00,F0838,22.65,33.35,34.8,29.35,1331,89.29
2026-01-25 01:40:00,F0533,25.96,40.09,22.45,20.94,90712,53.25
2026-01-25 01:45:00,F0789,24.51,46.44,60.33,37.29,41077,82.04
2026-01-25 01:50:00,F0400,34.73,63.59,58.67,31.45,55776,26.52
2026-01-25 01:55:00,F0648,35.7,75.54,54.48,26.05,61215,50.65
2026-01-25 02:00:00,F0991,35.45,64.03,19.18,21.74,11655,83.15
2026-01-25 02:05:00,F0425,33.23,40.57,20.05,30.97,74975,78.88
2026-01-25 02:10:00,F0656,36.92,85.87,29.53,16.49,56039,21.59
2026-01-25 02:15:00,F0327,34.73,61.86,19.66,35.85,70667,80.2
2026-01-25 02:20:00,F0310,40.23,70.38,55.33,37.28,58910,53.88
2026-01-25 02:25:00,F0329,26.98,86.61,22.06,18.92,68613,27.24
2026-01-25 02:30:00,F0036,29.9,45.72,80.01,17.51,69185,75.59
2026-01-25 02:35:00,F0248,26.37,89.72,23.18,31.94,98461,99.12
2026-01-25 02:40:00,F0336,31.99,41.21,28.23,23.5,68676,24.46
2026-01-25 02:45:00,F0768,22.35,52.59,77.75,16.78,14320,81.27
2026-01-25 02:50:00,F0184,37.46,60.24,72.86,22.66,38092,67.75
2026-01-25 02:55:00,F0527,37.72,43.08,52.19,16.26,27939,27.97
2026-01-25 03:00:00,F0263,33.21,92.19,24.73,32.1,6828,96.98
2026-01-25 03:05:00,F0003,36.75,85.46,44.09,34.1,36886,36.63
2026-01-25 03:10:00,F0287,34.31,30.13,63.72,37.23,98951,50.03
2026-01-25 03:15:00,F0984,22.99,77.1,44.86,16.7,53882,71.07
2026-01-25 03:20:00,F0607,37.31,73.16,52.15,33.67,44355,32.06
2026-01-25 03:25:00,F0369,35.31,86.93,35.17,29.72,96358,38.22
2026-01-25 03:30:00,F0360,38.51,36.2,24.8,19.55,50981,93.84
2026-01-25 03:35:00,F0375,19.05,77.46,74.57,22.18,48666,33.56
2026-01-25 03:40:00,F0053,33.2,78.83,76.65,37.81,44752,42.98
2026-01-25 03:45:00,F0482,21.69,40.95,17.66,22.35,95932,94.62
2026-01-25 03:50:00,F0823,37.52,45.42,72.29,35.58,16194,99.47
2026-01-25 03:55:00,F0628,18.41,47.31,64.2,35.99,18721,57.86
2026-01-25 04:00:00,F0866,33.23,42.76,18.86,26.31,99567,49.92
2026-01-25 04:05:00,F0576,37.07,93.71,64.85,20.04,48970,96.0
2026-01-25 04:10:00,F0412,23.76,54.09,56.61,27.09,21164,64.52
2026-01-25 04:15:00,F0905,23.04,66.65,47.91,27.19,52058,66.39
2026-01-25 04:20:00,F0044,19.05,52.44,41.97,31.36,28328,86.05
2026-01-25 04:25:00,F0862,22.86,64.1,49.56,37.39,17485,52.48
2026-01-25 04:30:00,F0398,18.02,73.8,15.75,20.79,49532,22.1
2026-01-25 04:35:00,F0466,37.38,31.01,45.93,34.29,46483,82.54
2026-01-25 04:40:00,F0529,32.29,69.78,87.48,15.89,53130,45.85
2026-01-25 04:45:00,F0956,27.53,68.4,79.9,32.22,94398,30.65
2026-01-25 04:50:00,F0207,22.06,41.81,33.9,15.42,53336,39.13
2026-01-25 04:55:00,F0066,31.78,86.38,77.0,34.61,62516,87.05
2026-01-25 05:00:00,F0104,35.74,46.01,71.91,22.82,11293,80.94
2026-01-25 05:05:00,F0817,37.27,84.93,88.65,18.38,7476,98.07
2026-01-25 05:10:00,F0158,31.14,37.07,76.18,19.97,73584,52.89
2026-01-25 05:15:00,F0877,39.99,79.42,35.22,31.46,18249,70.88
2026-01-25 05:20:00,F0953,25.92,38.86,34.59,28.68,23388,42.98
2026-01-25 05:25:00,F0023,21.57,74.94,73.05,16.28,4569,27.72
2026-01-25 05:30:00,F0133,28.74,90.99,27.85,30.16,22117,41.18
2026-01-25 05:35:00,F0242,25.99,71.65,77.71,28.05,94604,94.56
2026-01-25 05:40:00,F0344,23.53,40.52,39.2,23.75,84390,95.28
2026-01-25 05:45:00,F0421,22.41,48.24,70.24,26.95,54464,78.82
2026-01-25 05:50:00,F0820,27.02,33.64,72.57,32.33,79129,89.46
2026-01-25 05:55:00,F0470,31.92,53.59,43.2,35.82,1455,64.15
2026-01-25 06:00:00,F0001,33.41,32.58,19.03,20.66,32127,50.14
2026-01-25 06:05:00,F0132,29.64,42.2,24.15,37.3,56452,57.59
2026-01-25 06:10:00,F0742,21.93,34.48,70.94,36.03,26926,54.35
2026-01-25 06:15:00,F0602,21.49,50.88,59.87,27.54,62694,76.62
2026-01-25 06:20:00,F0886,28.92,65.35,70.59,30.9,26460,95.71
2026-01-25 06:25:00,F0160,19.54,58.09,59.55,18.81,22052,95.69
2026-01-25 06:30:00,F0875,23.35,63.93,73.98,19.53,43654,34.13
2026-01-25 06:35:00,F0168,23.22,69.09,17.1,18.32,90343,22.19
2026-01-25 06:40:00,F0595,38.68,48.93,89.01,34.58,95253,75.0
2026-01-25 06:45:00,F0285,25.18,41.17,40.38,18.69,78366,98.99
2026-01-25 06:50:00,F0258,37.46,55.21,65.65,27.02,85544,65.38
2026-01-25 06:55:00,F0590,34.95,88.83,67.3,23.01,37640,53.2
2026-01-25 07:00:00,F0161,34.66,69.88,29.19,29.78,61172,42.27
2026-01-25 07:05:00,F0361,40.16,85.84,56.46,33.69,31708,36.58
2026-01-25 07:10:00,F0535,28.72,71.86,58.69,33.12,11444,78.51
2026-01-25 07:15:00,F0826,40.23,31.41,33.17,15.74,84756,79.57
2026-01-25 07:20:00,F0349,31.47,53.49,40.92,26.7,25270,47.63
2026-01-25 07:25:00,F0931,29.45,44.62,70.58,30.66,2836,20.45
2026-01-25 07:30:00,F0005,31.43,86.81,20.25,25.02,40780,60.24
2026-01-25 07:35:00,F0306,27.45,59.66,49.98,29.49,46885,33.46
2026-01-25 07:40:00,F0635,20.35,65.6,70.5,36.95,50915,89.56
2026-01-25 07:45:00,F0043,31.34,80.12,57.85,30.29,19271,56.65
2026-01-25 07:50:00,F0962,38.75,72.94,70.97,22.66,18063,74.2
2026-01-25 07:55:00,F0378,37.27,71.28,68.01,35.52,14540,83.68
2026-01-25 08:00:00,F0764,34.03,87.99,80.57,23.17,54802,34.24
2026-01-25 08:05:00,F0311,41.48,39.28,64.48,25.25,85522,60.59
2026-01-25 08:10:00,F0805,33.54,67.02,34.9,16.14,42035,65.47
2026-01-25 08:15:00,F0310,29.61,46.14,46.82,21.13,38887,87.39
2026-01-25 08:20:00,F0333,36.23,93.6,26.69,24.89,36475,88.03
2026-01-25 08:25:00,F0751,23.4,93.59,62.54,21.78,29921,43.87
2026-01-25 08:30:00,F0061,34.69,88.87,78.08,37.88,28230,58.28
2026-01-25 08:35:00,F0354,21.58,84.72,34.99,33.28,6637,68.7
2026-01-25 08:40:00,F0344,34.22,90.83,55.01,29.96,4953,69.53
2026-01-25 08:45:00,F0915,35.69,45.65,87.6,16.79,25423,33.08
2026-01-25 08:50:00,F0373,21.92,85.89,45.14,28.49,37926,55.04
2026-01-25 08:55:00,F0475,19.48,58.49,61.96,23.77,37937,33.07
2026-01-25 09:00:00,F0424,33.05,86.49,17.78,37.6,97606,22.39
2026-01-25 09:05:00,F0537,19.9,32.59,20.19,15.84,18721,43.55
2026-01-25 09:10:00,F0860,41.28,64.04,15.7,24.01,84908,43.78
2026-01-25 09:15:00,F0132,20.51,78.03,51.18,31.48,86578,21.58
2026-01-25 09:20:00,F0287,24.15,34.52,19.1,37.29,95777,24.94
2026-01-25 09:25:00,F0174,34.77,74.7,69.9,33.53,75713,33.84
2026-01-25 09:30:00,F0032,24.8,69.06,16.22,37.03,38901,24.53
2026-01-25 09:35:00,F0272,20.05,34.77,49.38,30.44,36978,74.8
2026-01-25 09:40:00,F0212,19.8,82.05,42.79,15.21,12555,49.15
2026-01-25 09:45:00,F0535,30.33,65.73,17.92,24.55,57446,55.59
2026-01-25 09:50:00,F0830,26.59,37.52,23.7,27.01,46293,94.98
2026-01-25 09:55:00,F0341,27.68,66.84,24.03,31.55,61008,57.93
2026-01-25 10:00:00,F0702,21.75,52.28,32.28,23.93,14725,97.17
2026-01-25 10:05:00,F0126,20.82,88.97,47.58,34.9,62719,87.69
2026-01-25 10:10:00,F0263,22.99,54.04,29.46,17.57,52496,28.4
2026-01-25 10:15:00,F0878,28.12,51.17,62.39,36.94,66392,34.94
2026-01-25 10:20:00,F0326,26.35,37.9,67.41,26.43,66439,91.74
2026-01-25 10:25:00,F0192,21.5,58.52,39.14,15.73,85928,99.08
2026-01-25 10:30:00,F0329,37.53,78.59,37.55,15.46,68837,54.96
2026-01-25 10:35:00,F0811,18.83,69.63,65.57,17.95,31177,85.01
2026-01-25 10:40:00,F0418,18.94,73.69,84.21,28.39,86837,69.05
2026-01-25 10:45:00,F0244,36.77,84.15,59.31,17.26,93429,86.99
2026-01-25 10:50:00,F0792,19.41,82.74,60.84,26.62,22592,86.77
2026-01-25 10:55:00,F0883,32.98,91.2,23.29,33.2,18788,72.94
2026-01-25 11:00:00,F0866,37.02,42.01,54.06,34.73,41095,78.64
2026-01-25 11:05:00,F0344,35.04,86.13,34.27,18.45,47654,41.18
2026-01-25 11:10:00,F0197,25.15,51.5,18.3,24.32,35157,71.58
2026-01-25 11:15:00,F0491,23.83,90.89,47.51,28.69,52604,87.19
2026-01-25 11:20:00,F0916,24.68,34.07,21.23,22.69,23421,65.24
2026-01-25 11:25:00,F0748,21.26,87.07,26.13,21.24,3520,78.87
2026-01-25 11:30:00,F0505,29.3,70.14,32.52,23.86,61132,60.61
2026-01-25 11:35:00,F0012,29.84,63.19,81.81,20.78,8052,60.27
2026-01-25 11:40:00,F0812,23.35,53.3,68.69,34.81,29702,35.28
2026-01-25 11:45:00,F0781,20.33,53.11,58.22,16.26,24631,73.75
2026-01-25 11:50:00,F0811,28.37,35.45,68.29,29.79,3117,26.59
2026-01-25 11:55:00,F0847,41.39,39.82,75.87,22.48,16353,74.34
2026-01-25 12:00:00,F0391,33.47,86.8,19.35,30.69,55850,96.09
2026-01-25 12:05:00,F0434,36.62,93.54,78.81,15.46,36503,20.13
2026-01-25 12:10:00,F0246,32.99,78.25,28.54,30.07,63591,51.29
2026-01-25 12:15:00,F0496,23.19,56.78,73.09,24.6,28103,37.48
2026-01-25 12:20:00,F0598,32.29,93.06,18.3,23.99,54005,71.42
2026-01-25 12:25:00,F0506,28.28,81.48,40.53,15.46,85618,22.12
2026-01-25 12:30:00,F0038,26.15,89.89,65.91,16.23,29588,23.44
2026-01-25 12:35:00,F0641,32.93,53.45,66.89,28.58,67192,86.36
2026-01-25 12:40:00,F0360,41.6,92.62,81.84,36.35,41845,84.0
2026-01-25 12:45:00,F0600,31.77,48.71,20.06,17.92,28680,53.42
2026-01-25 12:50:00,F0402,19.16,30.84,28.5,29.62,77594,68.8
2026-01-25 12:55:00,F0044,28.57,35.99,23.82,29.5,15360,79.36
2026-01-25 13:00:00,F0922,25.45,87.03,30.79,26.35,35541,68.79
2026-01-25 13:05:00,F0243,21.21,91.46,48.74,21.42,92165,27.49
2026-01-25 13:10:00,F0122,36.4,58.3,39.96,15.54,91846,99.75
2026-01-25 13:15:00,F0810,18.98,42.24,52.03,29.76,27093,79.02
2026-01-25 13:20:00,F0108,25.98,58.98,63.35,30.29,18337,91.45
2026-01-25 13:25:00,F0636,25.73,76.55,33.58,27.86,5689,92.58
2026-01-25 13:30:00,F0970,32.0,43.84,52.18,27.77,58947,88.03
2026-01-25 13:35:00,F0904,27.5,91.85,79.01,32.76,43597,95.4
2026-01-25 13:40:00,F0910,25.57,46.82,67.4,37.51,38284,36.16
2026-01-25 13:45:00,F0957,21.28,30.07,22.85,16.3,72524,23.58
2026-01-25 13:50:00,F0847,35.16,43.49,55.48,34.69,16161,20.24
2026-01-25 13:55:00,F0650,21.44,86.25,52.71,34.48,34696,92.53
2026-01-25 14:00:00,F0833,36.44,30.63,66.4,15.57,61822,47.8
2026-01-25 14:05:00,F0722,30.49,82.43,41.52,35.39,53243,26.75
2026-01-25 14:10:00,F0019,29.97,55.76,38.43,35.6,7288,42.46
2026-01-25 14:15:00,F0803,32.16,78.42,67.96,35.4,95047,25.99
2026-01-25 14:20:00,F0982,33.52,38.13,27.67,25.72,59184,30.58
2026-01-25 14:25:00,F0108,18.45,47.46,63.61,34.72,5928,33.55
2026-01-25 14:30:00,F0391,18.46,85.21,54.24,21.95,55036,48.46
2026-01-25 14:35:00,F0340,32.03,88.68,68.05,28.52,51208,63.27
2026-01-25 14:40:00,F0828,27.62,46.26,88.35,28.25,29471,87.98
2026-01-25 14:45:00,F0685,32.04,93.65,41.42,35.17,9308,62.58
2026-01-25 14:50:00,F0181,23.6,49.11,48.07,16.94,84754,44.3
2026-01-25 14:55:00,F0262,23.37,76.55,31.84,30.54,58824,92.32
2026-01-25 15:00:00,F0387,36.51,71.99,61.54,34.45,68120,46.34
2026-01-25 15:05:00,F0348,23.35,77.98,60.21,25.18,99796,37.29
2026-01-25 15:10:00,F0542,35.17,72.51,28.48,28.17,2707,32.68
2026-01-25 15:15:00,F0955,32.25,71.75,55.29,33.31,21587,87.76
2026-01-25 15:20:00,F0303,27.59,91.78,20.88,16.6,21925,28.91
2026-01-25 15:25:00,F0834,28.24,56.21,15.34,27.03,80761,52.71
2026-01-25 15:30:00,F0091,18.47,91.45,47.04,22.3,82485,55.66
2026-01-25 15:35:00,F0694,21.84,50.18,70.13,34.49,48255,64.19
2026-01-25 15:40:00,F0774,31.84,66.19,39.72,31.16,6440,70.24
2026-01-25 15:45:00,F0308,35.33,70.69,16.33,20.35,76269,64.04
2026-01-25 15:50:00,F0199,30.65,88.84,70.99,23.67,52125,68.21
2026-01-25 15:55:00,F0024,30.56,94.93,37.07,27.21,6708,31.0
2026-01-25 16:00:00,F0729,27.71,51.5,31.88,30.81,94018,91.38
2026-01-25 16:05:00,F0887,19.84,73.08,30.11,26.03,62118,91.36
2026-01-25 16:10:00,F0818,41.77,70.17,74.69,31.23,92229,59.7
2026-01-25 16:15:00,F0436,40.65,34.92,19.66,31.35,84529,84.14
2026-01-25 16:20:00,F0934,41.07,90.44,35.79,22.33,24507,68.49
2026-01-25 16:25:00,F0153,32.47,71.96,33.86,21.29,12398,60.64
2026-01-25 16:30:00,F0205,36.69,66.4,23.1,29.96,99666,92.49
2026-01-25 16:35:00,F0315,21.47,52.75,49.34,36.04,30146,62.11
2026-01-25 16:40:00,F0137,19.1,43.0,41.67,30.49,86244,76.88
2026-01-25 16:45:00,F0057,28.64,57.81,48.48,22.66,1076,22.77
2026-01-25 16:50:00,F0329,22.56,78.74,51.31,35.88,84497,70.58
2026-01-25 16:55:00,F0839,27.21,33.88,31.5,34.75,28391,37.38
2026-01-25 17:00:00,F0399,19.63,41.75,33.99,21.46,47699,81.16
2026-01-25 17:05:00,F0096,37.94,77.75,26.24,22.27,55492,76.7
2026-01-25 17:10:00,F0657,24.61,87.26,74.6,30.88,92678,41.15
2026-01-25 17:15:00,F0248,28.0,65.47,20.64,27.13,92145,55.97
2026-01-25 17:20:00,F0371,35.87,60.81,19.51,23.9,35135,89.63
2026-01-25 17:25:00,F0401,18.71,62.02,34.12,16.98,50525,44.53
2026-01-25 17:30:00,F0920,35.42,33.99,69.63,18.57,55043,74.13
2026-01-25 17:35:00,F0810,22.85,85.18,39.75,28.81,56918,86.32
2026-01-25 17:40:00,F0457,30.49,70.68,87.32,25.9,63723,50.59
2026-01-25 17:45:00,F0267,18.0,44.59,85.42,25.84,16913,42.65
2026-01-25 17:50:00,F0118,39.26,59.36,64.4,15.15,17739,62.54
2026-01-25 17:55:00,F0801,21.92,83.2,74.82,29.83,57562,97.13
2026-01-25 18:00:00,F0186,31.68,89.35,43.23,23.32,24428,56.34
2026-01-25 18:05:00,F0780,24.04,73.82,34.38,20.39,40970,66.73
2026-01-25 18:10:00,F0992,30.24,94.17,57.93,28.92,48349,69.61
2026-01-25 18:15:00,F0338,23.68,72.69,62.13,18.9,90894,23.93
2026-01-25 18:20:00,F0593,24.29,32.19,34.28,20.98,53129,48.64
2026-01-25 18:25:00,F0898,35.01,43.06,64.62,32.65,2464,25.44
2026-01-25 18:30:00,F0576,35.49,60.45,72.94,35.1,22545,86.79
2026-01-25 18:35:00,F0064,24.54,45.6,55.51,35.81,20234,89.29
2026-01-25 18:40:00,F0532,28.82,85.33,41.49,30.86,31584,41.71
2026-01-25 18:45:00,F0996,33.57,47.32,16.85,33.93,82248,75.13
2026-01-25 18:50:00,F0478,39.57,45.6,38.84,21.22,24165,84.25
2026-01-25 18:55:00,F0063,21.74,88.3,72.7,33.86,71204,81.17
2026-01-25 19:00:00,F0309,34.77,63.51,43.89,31.65,83291,69.61
2026-01-25 19:05:00,F0981,31.39,70.42,55.44,25.38,27130,91.07
2026-01-25 19:10:00,F0861,24.12,72.72,51.57,22.07,61994,28.29
2026-01-25 19:15:00,F0360,28.69,59.65,51.03,36.69,12151,47.31
2026-01-25 19:20:00,F0417,20.94,87.41,26.76,32.03,28738,50.25
2026-01-25 19:25:00,F0486,38.27,45.25,54.57,26.39,9264,43.34
2026-01-25 19:30:00,F0716,33.36,44.01,20.65,30.89,16383,51.82
2026-01-25 19:35:00,F0426,38.81,76.69,46.81,22.15,89385,72.88
2026-01-25 19:40:00,F0633,35.39,63.98,58.29,31.84,63851,90.39
2026-01-25 19:45:00,F0403,22.14,77.88,52.67,19.14,61875,65.56
2026-01-25 19:50:00,F0645,33.12,38.19,52.05,30.0,73357,53.89
2026-01-25 19:55:00,F0044,41.69,59.63,44.43,25.19,84606,41.41
2026-01-25 20:00:00,F0682,31.7,59.92,25.57,25.49,49575,75.35
2026-01-25 20:05:00,F0197,40.96,94.78,59.82,16.27,4393,82.81
2026-01-25 20:10:00,F0194,25.02,34.56,73.3,20.5,45711,41.55
2026-01-25 20:15:00,F0293,29.48,86.68,71.71,37.17,46332,90.06
2026-01-25 20:20:00,F0531,41.8,85.74,86.15,27.82,75159,46.66
2026-01-25 20:25:00,F0456,20.21,69.24,15.14,33.93,57988,56.5
2026-01-25 20:30:00,F0669,28.26,73.39,29.81,35.02,28463,27.78
2026-01-25 20:35:00,F0869,27.39,86.13,38.45,27.73,26318,52.02
2026-01-25 20:40:00,F0304,21.87,50.96,15.61,20.13,48283,39.59
2026-01-25 20:45:00,F0712,40.04,78.58,87.49,33.75,12605,22.65
2026-01-25 20:50:00,F0165,26.1,49.49,45.26,22.53,79087,25.52
2026-01-25 20:55:00,F0594,32.13,69.34,78.68,32.55,59851,57.7
2026-01-25 21:00:00,F0239,20.29,82.31,15.14,24.86,87238,78.04
2026-01-25 21:05:00,F0379,31.24,42.13,20.02,21.11,29364,46.38
2026-01-25 21:10:00,F0380,27.32,89.44,29.47,24.11,62712,69.29
2026-01-25 21:15:00,F0528,34.48,93.91,32.28,26.51,31837,53.55
2026-01-25 21:20:00,F0873,37.98,93.89,38.39,22.12,76962,60.62
2026-01-25 21:25:00,F0120,18.73,56.25,86.6,32.29,55068,88.75
2026-01-25 21:30:00,F0780,22.63,39.08,17.03,33.88,4017,41.98
2026-01-25 21:35:00,F0889,41.81,49.14,61.2,34.87,11009,27.17
2026-01-25 21:40:00,F0850,22.2,59.05,86.78,29.77,83666,47.3
2026-01-25 21:45:00,F0442,32.45,61.42,82.47,16.37,76894,79.03
2026-01-25 21:50:00,F0515,29.52,86.87,22.08,36.41,29250,60.93
2026-01-25 21:55:00,F0741,32.21,62.84,59.06,33.87,79094,90.43
2026-01-25 22:00:00,F0939,18.98,53.99,15.19,30.33,89809,98.12
2026-01-25 22:05:00,F0637,26.39,49.37,88.82,16.81,74244,99.01
2026-01-25 22:10:00,F0063,35.35,93.51,53.46,36.85,5996,44.83
2026-01-25 22:15:00,F0991,38.52,30.4,87.93,30.69,92355,41.61
2026-01-25 22:20:00,F0431,30.5,35.15,67.56,19.61,36940,36.9
2026-01-25 22:25:00,F0247,27.99,89.52,52.02,19.51,14416,78.83
2026-01-25 22:30:00,F0111,20.87,94.07,34.95,22.64,83753,79.13
2026-01-25 22:35:00,F0663,32.96,67.57,71.89,25.9,97391,97.5
2026-01-25 22:40:00,F0611,27.09,94.43,81.39,33.38,7185,68.18
2026-01-25 22:45:00,F0069,23.64,49.03,51.76,24.57,92666,65.52
2026-01-25 22:50:00,F0019,39.81,83.73,88.37,21.96,84162,36.32
2026-01-25 22:55:00,F0408,18.6,67.05,17.05,35.2,10768,53.64
2026-01-25 23:00:00,F0533,18.33,79.16,40.52,37.59,87721,37.34
2026-01-25 23:05:00,F0760,27.99,70.56,36.9,28.99,48699,70.53
2026-01-25 23:10:00,F0201,33.73,88.17,51.97,17.9,1390,88.02
2026-01-25 23:15:00,F0424,18.8,37.58,29.73,19.63,83668,98.76
2026-01-25 23:20:00,F0811,18.7,44.33,74.58,22.91,57629,79.6
2026-01-25 23:25:00,F0950,25.4,94.26,57.04,32.07,74613,71.75
2026-01-25 23:30:00,F0705,37.68,65.07,79.81,21.91,79110,59.64
2026-01-25 23:35:00,F0272,27.88,65.84,67.57,22.42,13749,74.65
2026-01-25 23:40:00,F0584,35.57,40.59,36.21,34.4,84705,91.41
2026-01-25 23:45:00,F0775,37.03,91.97,36.69,16.85,84911,65.26
2026-01-25 23:50:00,F0379,22.78,36.38,15.11,26.8,76911,25.89
2026-01-25 23:55:00,F0406,37.54,56.02,48.05,15.61,89880,98.72
2026-01-26 00:00:00,F0159,19.74,62.98,77.43,30.56,50641,62.45
2026-01-26 00:05:00,F0734,19.03,75.18,29.19,20.99,78321,21.12
2026-01-26 00:10:00,F0812,30.35,72.92,59.02,18.29,71756,86.28
2026-01-26 00:15:00,F0333,29.62,81.4,60.66,33.83,72346,23.61
2026-01-26 00:20:00,F0490,18.57,59.39,30.46,16.9,7782,49.46
2026-01-26 00:25:00,F0566,36.96,56.62,63.18,22.03,47501,36.42
2026-01-26 00:30:00,F0064,28.97,63.83,86.05,16.79,25755,40.51
2026-01-26 00:35:00,F0023,35.35,52.69,64.04,36.26,2868,45.55
2026-01-26 00:40:00,F0762,19.73,36.56,68.28,31.32,10825,59.54
2026-01-26 00:45:00,F0035,18.06,92.94,53.6,23.23,96440,72.57
2026-01-26 00:50:00,F0742,38.41,92.76,25.14,19.42,33877,60.51
2026-01-26 00:55:00,F0107,18.2,77.13,36.33,22.48,42723,46.15
2026-01-26 01:00:00,F0255,34.79,55.04,39.24,23.31,11265,41.73
2026-01-26 01:05:00,F0104,40.48,73.11,68.74,30.92,97147,98.2
2026-01-26 01:10:00,F0556,28.69,34.07,78.03,29.08,87683,30.34
2026-01-26 01:15:00,F0342,21.5,46.62,52.22,24.92,15507,27.7
2026-01-26 01:20:00,F0872,25.39,93.02,26.82,32.25,5952,67.91
2026-01-26 01:25:00,F0768,26.23,79.21,84.86,24.46,11013,30.54
2026-01-26 01:30:00,F0398,37.63,56.84,68.58,21.87,12539,93.35
2026-01-26 01:35:00,F0866,33.29,30.12,19.82,31.32,29737,98.17
2026-01-26 01:40:00,F0024,20.94,59.56,76.92,22.76,49323,70.05
2026-01-26 01:45:00,F0400,33.61,88.87,29.01,27.61,85821,83.91
2026-01-26 01:50:00,F0197,27.32,49.98,37.01,22.07,52521,91.27
2026-01-26 01:55:00,F0180,37.25,31.47,51.5,30.24,85299,24.46
2026-01-26 02:00:00,F0205,30.3,94.73,69.78,32.91,2784,47.42
2026-01-26 02:05:00,F0629,26.81,69.96,82.77,31.78,36432,32.94
2026-01-26 02:10:00,F0657,19.65,65.32,44.79,22.62,59407,59.35
2026-01-26 02:15:00,F0088,18.63,62.63,28.88,21.59,17031,96.27
2026-01-26 02:20:00,F0853,40.51,67.9,83.73,36.0,98144,56.85
2026-01-26 02:25:00,F0891,31.74,78.6,71.22,16.93,45508,46.89
2026-01-26 02:30:00,F0566,25.49,53.22,88.1,23.47,82619,53.93
2026-01-26 02:35:00,F0253,33.05,39.14,22.2,19.56,73311,44.44
2026-01-26 02:40:00,F0271,36.65,61.17,63.23,18.95,71089,24.78
2026-01-26 02:45:00,F0166,18.54,40.07,20.71,36.37,23588,50.72
2026-01-26 02:50:00,F0794,20.55,72.11,68.92,18.35,41942,70.01
2026-01-26 02:55:00,F0862,29.78,78.98,89.07,20.62,39143,49.03
2026-01-26 03:00:00,F0781,38.72,38.92,42.97,16.39,8924,90.7
2026-01-26 03:05:00,F0288,38.4,44.27,16.14,17.6,9639,42.54
2026-01-26 03:10:00,F0310,37.99,42.02,36.15,25.69,63669,60.17
2026-01-26 03:15:00,F0896,34.25,92.69,42.85,30.27,81893,31.05
2026-01-26 03:20:00,F0137,39.4,92.78,16.77,30.19,57023,24.25
2026-01-26 03:25:00,F0314,31.52,55.97,85.13,25.88,77507,78.88
2026-01-26 03:30:00,F0531,40.48,75.23,41.37,30.45,58152,71.84
2026-01-26 03:35:00,F0314,19.87,43.76,16.16,25.3,57945,82.9
2026-01-26 03:40:00,F0633,32.94,59.36,67.54,31.25,25903,37.42
2026-01-26 03:45:00,F0421,30.14,91.46,48.22,35.95,81734,89.09
2026-01-26 03:50:00,F0512,25.54,72.78,73.57,29.6,17795,23.64
2026-01-26 03:55:00,F0068,21.46,84.82,77.38,33.73,2076,78.58
2026-01-26 04:00:00,F0146,21.09,75.48,84.9,31.67,31863,71.92
2026-01-26 04:05:00,F0932,21.32,79.66,21.43,22.0,28812,28.94
2026-01-26 04:10:00,F0917,41.45,34.83,88.86,31.99,82455,90.38
2026-01-26 04:15:00,F0483,25.38,49.98,80.82,28.39,6199,59.02
2026-01-26 04:20:00,F0115,32.49,64.26,68.82,22.6,9905,83.34
2026-01-26 04:25:00,F0121,26.88,65.43,49.02,20.52,8868,93.08
2026-01-26 04:30:00,F0507,20.82,72.07,85.18,26.86,2371,34.54
2026-01-26 04:35:00,F0309,21.13,56.21,28.33,34.33,45422,83.76
2026-01-26 04:40:00,F0551,35.31,48.56,43.22,28.36,28065,55.68
2026-01-26 04:45:00,F0832,24.75,72.05,52.26,34.88,69047,73.6
2026-01-26 04:50:00,F0366,33.51,59.87,19.91,35.45,66237,62.29
2026-01-26 04:55:00,F0648,25.36,33.19,26.71,26.21,35136,81.91
2026-01-26 05:00:00,F0617,24.13,47.95,85.29,25.16,27855,52.48
2026-01-26 05:05:00,F0439,40.97,48.63,55.4,24.14,97288,56.68
2026-01-26 05:10:00,F0123,30.93,34.94,20.09,18.88,65196,77.35
2026-01-26 05:15:00,F0661,23.29,83.54,49.77,28.53,58429,97.79
2026-01-26 05:20:00,F0759,25.0,75.52,49.71,20.41,32765,71.38
2026-01-26 05:25:00,F0656,20.46,63.57,75.24,26.96,42634,53.23
2026-01-26 05:30:00,F0335,38.52,37.86,31.02,22.71,83296,81.4
2026-01-26 05:35:00,F0649,26.45,73.02,59.79,29.65,4918,77.91
2026-01-26 05:40:00,F0616,36.81,33.97,82.01,29.76,41467,70.47
2026-01-26 05:45:00,F0383,26.1,43.68,89.33,16.64,26669,28.31
2026-01-26 05:50:00,F0951,24.29,39.84,27.91,23.08,23991,28.68
2026-01-26 05:55:00,F0188,31.79,66.02,43.64,30.89,34860,24.18
2026-01-26 06:00:00,F0375,26.21,71.97,61.99,22.51,14710,59.85
2026-01-26 06:05:00,F0296,33.23,53.09,39.05,36.23,53894,44.64
2026-01-26 06:10:00,F0160,36.22,78.68,31.2,22.08,67228,79.55
2026-01-26 06:15:00,F0801,21.69,42.01,18.85,16.68,55839,43.41
2026-01-26 06:20:00,F0585,27.74,59.74,43.2,18.6,9087,96.32
2026-01-26 06:25:00,F0898,34.48,77.07,53.52,24.65,82645,52.9
2026-01-26 06:30:00,F0974,23.56,41.07,17.52,28.19,22075,97.94
2026-01-26 06:35:00,F0753,31.75,55.33,77.96,29.31,24510,24.74
2026-01-26 06:40:00,F0751,18.03,77.34,18.13,35.55,51891,92.83
2026-01-26 06:45:00,F0117,34.15,79.92,40.19,27.44,34216,41.8
2026-01-26 06:50:00,F0360,21.04,55.8,58.53,21.08,14563,92.44
2026-01-26 06:55:00,F0028,37.21,81.66,65.81,15.76,75675,50.02
2026-01-26 07:00:00,F0414,35.92,49.34,86.07,24.47,33106,95.65
2026-01-26 07:05:00,F0099,38.08,37.79,87.24,25.72,17332,68.18
2026-01-26 07:10:00,F0485,32.17,41.62,58.24,15.63,69552,54.43
2026-01-26 07:15:00,F0240,19.93,47.59,74.74,21.22,24348,34.36
2026-01-26 07:20:00,F0508,37.84,88.64,31.27,33.17,6931,94.54
2026-01-26 07:25:00,F0469,22.04,39.32,50.01,29.21,79309,89.63
2026-01-26 07:30:00,F0935,30.16,42.51,45.02,36.45,22547,63.26
2026-01-26 07:35:00,F0408,18.79,61.6,44.39,35.39,85036,57.69
2026-01-26 07:40:00,F0888,30.71,92.1,82.92,32.55,68624,24.59
2026-01-26 07:45:00,F0107,19.53,43.43,63.97,18.96,77091,32.03
2026-01-26 07:50:00,F0213,30.71,53.67,87.38,18.4,62008,59.5
2026-01-26 07:55:00,F0046,24.47,81.72,75.14,24.14,32739,70.33
2026-01-26 08:00:00,F0271,24.69,74.28,44.93,20.76,5540,42.3
2026-01-26 08:05:00,F0113,40.23,76.34,46.36,24.11,98461,49.31
2026-01-26 08:10:00,F0647,25.46,60.36,33.57,30.15,75816,57.51
2026-01-26 08:15:00,F0136,20.9,87.45,65.28,16.78,51531,69.01
2026-01-26 08:20:00,F0763,36.19,50.27,65.2,16.68,20505,97.21
2026-01-26 08:25:00,F0878,28.25,79.26,63.69,23.44,39502,26.6
2026-01-26 08:30:00,F0767,19.07,81.75,29.88,25.69,5341,33.36
2026-01-26 08:35:00,F0677,27.95,90.1,17.47,15.24,43124,53.08
2026-01-26 08:40:00,F0847,37.97,45.45,48.83,19.3,99698,41.94
2026-01-26 08:45:00,F0684,24.44,51.16,89.31,24.14,39549,62.98
2026-01-26 08:50:00,F0919,39.36,86.7,21.38,28.64,54031,45.62
2026-01-26 08:55:00,F0403,35.57,41.44,28.96,24.3,80325,25.7
2026-01-26 09:00:00,F0119,19.85,61.94,40.26,19.13,80007,76.91
2026-01-26 09:05:00,F0698,28.9,81.77,58.63,24.32,39164,95.53
2026-01-26 09:10:00,F0782,21.5,87.22,60.52,36.25,33343,63.7
2026-01-26 09:15:00,F0073,31.25,51.47,79.58,37.23,52152,26.93
2026-01-26 09:20:00,F0415,26.98,61.5,26.99,20.94,48715,87.25
2026-01-26 09:25:00,F0920,37.64,93.5,80.74,25.03,2842,59.97
2026-01-26 09:30:00,F0574,23.19,94.81,36.2,26.82,97086,85.09
2026-01-26 09:35:00,F0200,29.33,44.18,78.77,17.58,84167,66.1
2026-01-26 09:40:00,F0873,27.34,63.96,43.69,26.91,72053,95.56
2026-01-26 09:45:00,F0493,32.13,57.11,32.89,15.58,25433,84.93
2026-01-26 09:50:00,F0497,41.97,30.88,30.13,24.41,3065,42.47
2026-01-26 09:55:00,F0895,18.14,40.1,17.67,35.58,60323,84.14
2026-01-26 10:00:00,F0272,21.41,37.24,75.34,21.64,24140,59.91
2026-01-26 10:05:00,F0583,23.46,41.4,25.79,24.38,95868,76.27
2026-01-26 10:10:00,F0638,24.68,67.09,34.5,26.47,55602,79.31
2026-01-26 10:15:00,F0129,32.66,77.38,72.06,36.62,96808,65.93
2026-01-26 10:20:00,F0990,30.26,39.19,38.2,30.62,23788,83.86
2026-01-26 10:25:00,F0528,20.05,94.49,77.18,29.07,14738,70.45
2026-01-26 10:30:00,F0684,27.99,34.89,52.59,28.56,67344,85.51
2026-01-26 10:35:00,F0032,32.4,66.48,19.68,15.45,28244,38.49
2026-01-26 10:40:00,F0741,22.25,39.53,35.15,21.95,17649,34.85
2026-01-26 10:45:00,F0369,32.46,38.85,51.64,33.34,91374,76.3
2026-01-26 10:50:00,F0724,29.62,42.05,26.08,33.41,46653,39.05
2026-01-26 10:55:00,F0328,19.2,36.26,61.39,28.3,25366,65.34
2026-01-26 11:00:00,F0930,28.62,53.5,21.4,30.3,45335,85.19
2026-01-26 11:05:00,F0800,36.75,57.44,56.0,18.99,39819,86.66
2026-01-26 11:10:00,F0803,25.8,36.91,29.95,24.78,95575,20.37
2026-01-26 11:15:00,F0754,40.81,83.82,39.28,18.43,76361,52.49
2026-01-26 11:20:00,F0762,25.32,92.37,19.93,30.64,68113,26.86
2026-01-26 11:25:00,F0935,39.52,72.79,49.01,19.45,76150,29.49
2026-01-26 11:30:00,F0727,20.09,47.1,44.97,36.31,8106,82.02
2026-01-26 11:35:00,F0960,23.22,67.72,64.83,26.7,9303,97.6
2026-01-26 11:40:00,F0470,39.17,86.56,63.66,23.3,82271,69.49
2026-01-26 11:45:00,F0771,31.93,91.2,59.77,37.96,55061,66.82
2026-01-26 11:50:00,F0416,19.47,41.95,29.8,21.32,41153,65.77
2026-01-26 11:55:00,F0588,37.03,52.58,22.81,21.65,60023,73.33
2026-01-26 12:00:00,F0756,24.45,87.68,33.9,18.57,80573,28.29
2026-01-26 12:05:00,F0429,21.73,42.84,52.31,25.8,36596,76.66
2026-01-26 12:10:00,F0280,21.55,39.43,79.34,30.63,18195,97.37
2026-01-26 12:15:00,F0111,37.44,81.61,78.11,19.41,68267,27.41
2026-01-26 12:20:00,F0751,38.97,74.36,17.12,20.35,59164,36.32
2026-01-26 12:25:00,F0465,25.84,32.03,28.25,36.35,71837,38.91
2026-01-26 12:30:00,F0573,25.85,62.9,30.43,18.87,14254,21.95
2026-01-26 12:35:00,F0322,22.97,92.14,21.57,20.0,86221,54.12
2026-01-26 12:40:00,F0207,41.63,76.08,89.72,16.51,58605,97.04
2026-01-26 12:45:00,F0620,34.17,71.13,19.84,38.0,31177,94.38
2026-01-26 12:50:00,F0201,36.23,46.98,62.12,31.14,35140,89.23
2026-01-26 12:55:00,F0217,23.83,71.53,52.94,35.69,43421,44.22
2026-01-26 13:00:00,F0497,37.22,65.39,87.29,30.85,20282,22.61
2026-01-26 13:05:00,F0946,30.95,67.02,63.37,35.75,34384,47.28
2026-01-26 13:10:00,F0565,34.51,41.29,53.42,21.98,61406,29.48
2026-01-26 13:15:00,F0571,28.02,92.02,88.51,32.4,88006,71.55
2026-01-26 13:20:00,F0996,20.05,78.33,42.69,21.75,80304,35.64
2026-01-26 13:25:00,F0943,25.26,46.17,46.37,17.3,29440,93.65
2026-01-26 13:30:00,F0990,28.41,81.13,46.07,30.92,51597,26.54
2026-01-26 13:35:00,F0103,28.3,30.71,35.45,20.21,90384,21.59
2026-01-26 13:40:00,F0771,34.04,75.13,32.77,25.8,17653,59.85
2026-01-26 13:45:00,F0266,29.61,57.14,71.47,34.65,32370,84.37
2026-01-26 13:50:00,F0179,20.59,81.31,76.15,28.68,1053,73.04
2026-01-26 13:55:00,F0398,32.92,59.32,89.05,24.8,19456,88.32
2026-01-26 14:00:00,F0280,20.14,57.95,60.96,16.5,14856,71.59
2026-01-26 14:05:00,F0911,28.65,90.16,62.46,22.21,91376,94.88
2026-01-26 14:10:00,F0395,34.57,61.94,34.39,35.44,16338,68.6
2026-01-26 14:15:00,F0148,33.32,52.39,80.78,25.42,44892,46.1
2026-01-26 14:20:00,F0002,24.25,84.47,47.58,21.78,31667,63.32
2026-01-26 14:25:00,F0751,39.66,47.67,32.0,35.08,17475,87.63
2026-01-26 14:30:00,F0489,26.07,52.47,46.36,28.55,8525,66.55
2026-01-26 14:35:00,F0092,24.19,53.13,64.51,16.42,47220,51.39
2026-01-26 14:40:00,F0419,34.25,33.65,53.21,29.87,22032,60.57
2026-01-26 14:45:00,F0536,22.47,37.53,30.76,29.21,57033,58.9
2026-01-26 14:50:00,F0222,39.46,85.88,30.2,23.26,92656,74.65
2026-01-26 14:55:00,F0374,32.82,37.02,60.49,35.29,62097,52.74
2026-01-26 15:00:00,F0525,26.69,90.53,67.77,30.12,20402,31.34
2026-01-26 15:05:00,F0730,33.53,94.24,31.99,30.92,26709,53.67
2026-01-26 15:10:00,F0181,30.06,36.3,49.61,17.67,58307,49.67
2026-01-26 15:15:00,F0218,41.16,52.26,71.8,22.98,26594,68.44
2026-01-26 15:20:00,F0948,26.86,33.1,64.91,26.99,45156,60.2
2026-01-26 15:25:00,F0674,21.08,47.14,45.98,32.98,9013,68.54
2026-01-26 15:30:00,F0749,29.08,39.78,40.01,30.97,37269,29.71
2026-01-26 15:35:00,F0595,22.91,84.13,61.22,35.98,12160,44.98
2026-01-26 15:40:00,F0580,34.92,47.12,83.3,23.19,41635,77.78
2026-01-26 15:45:00,F0896,18.8,56.09,78.2,18.38,19691,64.02
2026-01-26 15:50:00,F0975,26.66,47.01,38.19,36.81,49503,32.71
2026-01-26 15:55:00,F0686,34.6,71.38,49.89,36.36,3586,36.08
2026-01-26 16:00:00,F0258,40.1,58.02,85.04,33.4,31338,24.0
2026-01-26 16:05:00,F0464,36.94,72.83,48.12,33.67,65028,45.64
2026-01-26 16:10:00,F0684,33.47,67.88,44.64,30.08,13905,69.72
2026-01-26 16:15:00,F0290,18.55,41.02,75.0,20.25,54495,28.2
2026-01-26 16:20:00,F0744,19.0,37.69,70.53,26.48,68288,32.24
2026-01-26 16:25:00,F0156,21.34,68.19,76.72,17.02,92749,36.85
2026-01-26 16:30:00,F0030,18.1,68.03,41.69,16.47,97480,27.49
2026-01-26 16:35:00,F0452,24.16,73.84,78.44,19.06,75998,24.39
2026-01-26 16:40:00,F0356,41.98,50.93,33.05,26.59,91993,69.44
2026-01-26 16:45:00,F0259,32.72,89.49,40.87,31.15,39398,45.06
2026-01-26 16:50:00,F0951,31.06,48.43,76.85,20.33,28621,85.87
2026-01-26 16:55:00,F0252,36.64,85.31,56.86,35.51,96722,89.32
2026-01-26 17:00:00,F0351,19.59,89.73,30.54,21.69,27192,83.36
2026-01-26 17:05:00,F0573,21.31,35.8,18.09,24.71,7427,52.45
2026-01-26 17:10:00,F0790,36.96,73.0,70.45,33.5,6376,36.11
2026-01-26 17:15:00,F0655,35.86,45.8,89.65,36.33,16565,97.22
2026-01-26 17:20:00,F0700,29.62,87.47,88.56,19.69,95148,74.98
2026-01-26 17:25:00,F0240,40.45,76.06,18.19,32.44,60491,28.88
2026-01-26 17:30:00,F0737,37.63,84.08,22.49,34.56,21919,27.36
2026-01-26 17:35:00,F0393,34.09,87.5,64.89,28.09,29801,25.36
2026-01-26 17:40:00,F0951,27.03,94.44,64.94,17.61,12135,72.91
2026-01-26 17:45:00,F0844,18.65,82.16,84.68,18.55,31872,93.47
2026-01-26 17:50:00,F0571,23.78,55.94,58.29,26.03,1821,81.63
2026-01-26 17:55:00,F0144,37.15,73.56,41.69,28.99,42479,39.18
2026-01-26 18:00:00,F0367,28.15,47.58,19.79,16.6,86915,74.53
2026-01-26 18:05:00,F0358,25.01,80.72,67.05,27.04,33638,67.35
2026-01-26 18:10:00,F0580,34.83,40.57,75.54,30.26,31348,60.18
2026-01-26 18:15:00,F0269,41.23,39.35,31.91,25.92,46220,69.84
2026-01-26 18:20:00,F0268,25.7,69.47,60.11,15.54,26067,69.77
2026-01-26 18:25:00,F0374,36.41,39.0,82.12,29.16,81591,47.2
2026-01-26 18:30:00,F0591,40.82,80.84,80.82,17.06,51193,88.01
2026-01-26 18:35:00,F0493,23.44,43.85,53.98,25.23,42937,85.6
2026-01-26 18:40:00,F0971,36.26,65.12,18.94,19.09,40314,66.12
2026-01-26 18:45:00,F0401,30.51,67.36,27.85,37.15,48473,63.83
2026-01-26 18:50:00,F0742,25.95,41.86,20.51,30.64,15667,98.56
2026-01-26 18:55:00,F0717,40.82,75.02,75.89,23.38,41645,44.22
2026-01-26 19:00:00,F0316,31.21,50.15,59.6,15.09,36523,24.56
2026-01-26 19:05:00,F0108,37.16,83.54,56.2,37.32,2824,97.88
2026-01-26 19:10:00,F0695,21.23,36.67,63.88,25.49,81654,68.98
2026-01-26 19:15:00,F0138,26.27,46.32,82.27,28.73,70418,39.29
2026-01-26 19:20:00,F0077,18.63,94.02,28.2,30.9,14870,77.85
2026-01-26 19:25:00,F0236,33.36,38.53,72.15,16.26,20684,92.73
2026-01-26 19:30:00,F0903,32.34,41.2,40.62,34.15,43825,99.48
2026-01-26 19:35:00,F0906,41.26,40.12,31.1,16.28,8310,59.51
2026-01-26 19:40:00,F0622,28.23,90.25,64.14,19.87,93005,21.85
2026-01-26 19:45:00,F0186,21.8,36.73,44.03,25.05,70800,69.84
2026-01-26 19:50:00,F0179,20.83,40.68,36.43,18.69,28250,37.13
2026-01-26 19:55:00,F0374,31.85,76.61,57.13,29.7,49172,96.96
2026-01-26 20:00:00,F0960,26.41,40.38,58.5,18.94,96076,46.09
2026-01-26 20:05:00,F0613,18.79,88.25,57.51,35.12,10841,80.06
2026-01-26 20:10:00,F0511,26.75,43.52,47.92,34.46,99996,56.15
2026-01-26 20:15:00,F0569,39.77,93.64,28.15,37.11,39287,81.57
2026-01-26 20:20:00,F0363,31.04,89.13,89.64,25.05,77487,48.65
2026-01-26 20:25:00,F0680,25.76,62.28,69.22,22.4,74496,52.55
2026-01-26 20:30:00,F0375,40.59,33.4,49.8,31.78,77162,53.08
2026-01-26 20:35:00,F0287,38.74,34.33,43.05,29.75,42027,69.3
2026-01-26 20:40:00,F0895,41.95,51.54,52.73,15.06,22717,53.98
2026-01-26 20:45:00,F0387,40.98,62.47,41.78,34.51,72494,23.77
2026-01-26 20:50:00,F0796,25.19,55.83,77.94,30.93,83322,51.18
2026-01-26 20:55:00,F0520,34.9,83.23,28.77,23.54,94850,43.66
2026-01-26 21:00:00,F0428,21.41,60.2,15.0,33.37,84783,33.02
2026-01-26 21:05:00,F0655,32.75,41.73,28.11,19.24,30388,64.89
2026-01-26 21:10:00,F0179,31.94,73.68,36.13,31.1,51102,98.33
2026-01-26 21:15:00,F0900,38.21,88.37,43.35,22.46,95232,27.67
2026-01-26 21:20:00,F0893,25.05,60.16,59.26,25.84,13007,45.21
2026-01-26 21:25:00,F0100,21.16,68.83,39.66,23.5,74440,67.86
2026-01-26 21:30:00,F0748,41.64,50.35,82.32,37.77,30759,46.52
2026-01-26 21:35:00,F0885,33.86,67.08,62.05,28.87,81495,87.47
2026-01-26 21:40:00,F0069,28.4,52.58,85.8,36.21,85558,71.82
2026-01-26 21:45:00,F0730,26.15,38.68,68.66,30.0,43164,26.33
2026-01-26 21:50:00,F0008,31.71,32.87,56.12,26.42,40574,80.33
2026-01-26 21:55:00,F0469,23.99,34.11,20.97,35.55,56479,39.11
2026-01-26 22:00:00,F0434,38.41,66.69,60.76,17.21,8051,45.16
2026-01-26 22:05:00,F0003,24.76,94.69,39.17,32.29,84245,87.97
2026-01-26 22:10:00,F0634,33.71,88.49,87.16,16.42,93386,48.97
2026-01-26 22:15:00,F0503,26.81,63.79,34.63,30.46,39123,48.61
2026-01-26 22:20:00,F0754,24.54,35.79,68.71,18.75,89592,60.71
2026-01-26 22:25:00,F0302,37.53,86.97,29.02,29.43,54354,45.64
2026-01-26 22:30:00,F0584,18.86,60.24,48.22,22.46,5565,76.49
2026-01-26 22:35:00,F0319,20.87,94.52,24.06,16.11,27877,56.64
2026-01-26 22:40:00,F0855,28.75,60.28,15.17,34.23,59040,86.27
2026-01-26 22:45:00,F0594,41.89,72.73,17.22,34.73,53680,27.41
2026-01-26 22:50:00,F0687,28.17,47.91,30.84,23.4,14182,33.75
2026-01-26 22:55:00,F0555,24.3,86.05,30.37,34.5,42047,98.26
2026-01-26 23:00:00,F0804,26.64,83.94,55.36,18.68,61689,78.96
2026-01-26 23:05:00,F0710,27.82,70.26,24.85,18.14,79518,87.1
2026-01-26 23:10:00,F0114,37.7,55.26,65.46,35.5,79385,22.29
2026-01-26 23:15:00,F0908,18.5,64.04,28.36,24.77,3547,20.86
2026-01-26 23:20:00,F0729,23.41,82.93,64.35,15.62,82777,81.02
2026-01-26 23:25:00,F0266,26.77,68.11,73.32,28.42,44821,96.12
2026-01-26 23:30:00,F0481,22.93,46.96,34.6,19.48,46362,94.18
2026-01-26 23:35:00,F0677,28.15,43.29,41.89,34.93,92093,77.69
2026-01-26 23:40:00,F0607,34.63,45.78,55.55,25.89,93633,62.3
2026-01-26 23:45:00,F0892,18.07,66.48,21.64,33.02,91244,88.41
2026-01-26 23:50:00,F0698,20.1,76.86,32.52,25.88,43703,90.19
2026-01-26 23:55:00,F0959,21.84,43.13,34.95,18.83,11687,70.36
2026-01-27 00:00:00,F0453,18.3,60.25,71.88,17.26,65182,60.26
2026-01-27 00:05:00,F0791,32.44,45.6,70.93,26.16,81777,71.67
2026-01-27 00:10:00,F0862,30.3,34.46,65.63,18.96,97516,24.04
2026-01-27 00:15:00,F0520,40.52,41.77,19.06,21.48,39501,72.7
2026-01-27 00:20:00,F0734,23.74,50.67,60.28,26.84,74633,27.85
2026-01-27 00:25:00,F0902,24.13,52.96,23.36,32.45,39130,97.79
2026-01-27 00:30:00,F0685,38.89,94.46,59.34,15.34,83837,34.91
2026-01-27 00:35:00,F0302,21.94,47.87,22.31,16.01,17305,63.13
2026-01-27 00:40:00,F0800,33.68,91.51,31.74,29.42,13540,39.08
2026-01-27 00:45:00,F0505,34.22,43.62,17.62,37.7,8769,87.17
2026-01-27 00:50:00,F0757,34.02,67.31,39.91,33.56,12911,59.84
2026-01-27 00:55:00,F0229,23.9,52.58,23.64,24.4,22403,80.8
2026-01-27 01:00:00,F0049,19.96,87.11,79.25,29.1,91292,58.92
2026-01-27 01:05:00,F0429,31.27,94.95,45.3,16.87,51511,96.25
2026-01-27 01:10:00,F0009,33.21,57.11,18.27,18.15,14863,85.88
2026-01-27 01:15:00,F0275,18.24,84.58,64.23,24.95,95245,70.94
2026-01-27 01:20:00,F0346,34.03,43.85,26.43,28.23,16239,80.51
2026-01-27 01:25:00,F0252,39.33,51.63,62.47,17.31,32433,41.67
2026-01-27 01:30:00,F0947,32.54,65.21,66.65,37.63,77017,46.1
2026-01-27 01:35:00,F0605,21.18,66.62,78.14,27.11,67680,95.24
2026-01-27 01:40:00,F0953,32.24,53.14,65.15,31.59,37438,78.82
2026-01-27 01:45:00,F0450,21.38,49.16,78.2,30.15,8217,43.11
2026-01-27 01:50:00,F0257,36.89,49.93,24.42,17.48,48280,52.95
2026-01-27 01:55:00,F0583,24.17,30.12,34.72,23.84,14224,89.84
2026-01-27 02:00:00,F0309,24.21,57.34,75.07,26.15,68739,25.46
2026-01-27 02:05:00,F0300,35.74,40.4,25.1,35.41,67952,62.73
2026-01-27 02:10:00,F0817,27.45,54.63,79.84,35.35,81003,38.35
2026-01-27 02:15:00,F0026,24.0,93.78,50.67,27.84,21349,26.12
2026-01-27 02:20:00,F0962,32.3,44.55,47.76,29.02,66437,47.22
2026-01-27 02:25:00,F0540,23.25,43.95,51.37,35.6,18367,79.87
2026-01-27 02:30:00,F0452,35.71,94.91,33.85,18.49,34736,29.25
2026-01-27 02:35:00,F0325,41.3,94.24,15.11,19.68,70082,74.19
2026-01-27 02:40:00,F0282,36.17,42.09,50.61,19.15,60678,93.1
2026-01-27 02:45:00,F0045,28.67,89.41,59.94,22.95,63587,23.94
2026-01-27 02:50:00,F0691,19.25,57.92,27.09,28.7,80184,64.56
2026-01-27 02:55:00,F0643,31.33,61.82,49.2,20.2,49866,32.74
2026-01-27 03:00:00,F0001,30.74,89.54,29.19,29.72,48933,48.51
2026-01-27 03:05:00,F0952,31.11,81.05,28.44,24.55,30670,32.73
2026-01-27 03:10:00,F0090,30.66,48.27,89.09,32.62,14119,78.18
2026-01-27 03:15:00,F0571,30.56,79.74,57.29,30.85,68619,97.86
2026-01-27 03:20:00,F0685,20.24,37.96,22.48,36.95,82311,41.62
2026-01-27 03:25:00,F0575,20.88,83.16,68.31,20.41,18682,82.4
2026-01-27 03:30:00,F0003,27.88,42.33,64.35,28.53,86971,91.45
2026-01-27 03:35:00,F0327,26.15,82.7,29.66,21.53,89760,56.3
2026-01-27 03:40:00,F0102,36.45,58.91,61.91,21.22,75069,74.0
2026-01-27 03:45:00,F0221,22.45,39.64,73.14,34.04,5185,89.27
2026-01-27 03:50:00,F0628,33.49,74.24,87.43,25.57,15626,50.09
2026-01-27 03:55:00,F0227,21.21,72.12,15.28,26.86,88155,59.84
2026-01-27 04:00:00,F0984,22.1,46.54,52.7,34.3,97565,22.27
2026-01-27 04:05:00,F0498,20.85,38.8,83.3,18.84,65980,69.55
2026-01-27 04:10:00,F0553,40.62,58.06,60.01,16.8,20200,44.26
2026-01-27 04:15:00,F0115,31.65,62.7,76.15,19.12,22343,99.71
2026-01-27 04:20:00,F0298,33.63,53.4,89.97,25.14,75781,66.63
2026-01-27 04:25:00,F0835,19.85,39.32,82.95,19.84,12799,94.72
2026-01-27 04:30:00,F0580,29.12,62.94,41.76,24.8,47960,88.36
2026-01-27 04:35:00,F0058,40.35,87.15,18.62,23.57,39896,97.88
2026-01-27 04:40:00,F0770,21.45,58.44,19.43,30.3,17574,37.78
2026-01-27 04:45:00,F0399,21.3,84.83,42.59,15.56,5407,21.55
2026-01-27 04:50:00,F0396,38.65,78.78,41.16,34.8,32346,66.85
2026-01-27 04:55:00,F0954,41.66,94.59,32.76,21.21,60117,97.72
2026-01-27 05:00:00,F0837,37.06,78.43,56.01,33.44,48985,60.23
2026-01-27 05:05:00,F0887,27.32,85.96,84.44,17.46,78626,84.39
2026-01-27 05:10:00,F0549,21.81,56.46,88.67,25.92,18576,46.42
2026-01-27 05:15:00,F0116,20.24,68.72,54.1,15.72,27945,96.4
2026-01-27 05:20:00,F0738,20.07,40.03,26.47,25.14,48569,22.96
2026-01-27 05:25:00,F0802,28.9,49.16,69.2,19.01,46931,32.81
2026-01-27 05:30:00,F0157,31.82,51.19,78.66,33.43,45127,96.3
2026-01-27 05:35:00,F0774,34.89,48.11,43.2,33.67,57688,68.15
2026-01-27 05:40:00,F0305,26.89,88.46,86.41,16.23,51446,47.07
2026-01-27 05:45:00,F0364,41.98,90.15,81.7,18.65,27741,55.28
2026-01-27 05:50:00,F0262,28.49,59.37,43.8,34.44,22936,52.75
2026-01-27 05:55:00,F0715,29.56,34.8,37.81,25.12,2555,42.2
2026-01-27 06:00:00,F0365,41.88,51.8,27.46,18.28,95904,80.55
2026-01-27 06:05:00,F0709,19.04,68.83,47.01,37.31,20309,49.3
2026-01-27 06:10:00,F0619,28.8,33.42,35.39,26.09,81921,87.36
2026-01-27 06:15:00,F0983,33.72,55.88,67.1,19.35,99399,84.29
2026-01-27 06:20:00,F0638,29.66,91.46,20.18,24.85,17103,47.84
2026-01-27 06:25:00,F0867,26.24,87.72,57.46,23.52,13048,27.67
2026-01-27 06:30:00,F0760,33.34,91.64,38.85,33.67,34432,20.39
2026-01-27 06:35:00,F0356,18.55,78.19,31.03,29.7,81093,98.06
2026-01-27 06:40:00,F0063,34.89,57.03,56.1,27.22,68072,39.28
2026-01-27 06:45:00,F0540,35.24,54.0,41.42,26.56,30413,54.17
2026-01-27 06:50:00,F0329,24.31,66.52,42.98,29.1,76295,65.21
2026-01-27 06:55:00,F0780,35.07,46.9,41.21,21.73,22236,70.56
2026-01-27 07:00:00,F0664,41.6,77.53,78.61,19.9,70493,33.41
2026-01-27 07:05:00,F0489,25.84,63.48,58.89,26.38,89066,62.24
2026-01-27 07:10:00,F0064,37.36,87.84,48.98,34.82,57506,92.59
2026-01-27 07:15:00,F0493,40.23,79.59,32.44,32.47,15023,46.68
2026-01-27 07:20:00,F0006,31.04,56.26,47.93,30.52,79035,40.92
2026-01-27 07:25:00,F0111,20.58,92.02,60.18,20.12,21807,84.28
2026-01-27 07:30:00,F0423,29.58,71.97,63.19,29.19,21224,57.13
2026-01-27 07:35:00,F0176,23.19,88.48,16.52,15.19,20253,78.25
2026-01-27 07:40:00,F0638,41.07,53.93,60.93,23.87,42702,25.9
2026-01-27 07:45:00,F0785,31.43,61.58,48.93,23.42,24741,23.32
2026-01-27 07:50:00,F0736,23.9,34.96,66.3,15.46,38815,44.94
2026-01-27 07:55:00,F0418,24.57,92.73,61.63,26.09,94066,65.15
2026-01-27 08:00:00,F0994,33.76,34.61,19.3,24.83,44005,62.45
2026-01-27 08:05:00,F0015,27.3,80.74,31.66,31.31,95777,61.94
2026-01-27 08:10:00,F0606,24.39,34.6,21.85,16.79,25851,90.77
2026-01-27 08:15:00,F0769,23.96,75.95,17.1,25.58,70340,41.16
2026-01-27 08:20:00,F0854,29.01,33.71,49.89,33.39,31687,58.06
2026-01-27 08:25:00,F0995,33.29,93.36,75.15,33.28,59645,47.6
2026-01-27 08:30:00,F0174,29.77,56.9,18.55,15.99,53391,70.98
2026-01-27 08:35:00,F0934,33.64,58.76,36.9,15.04,91313,56.96
2026-01-27 08:40:00,F0065,30.33,38.6,62.23,30.85,53196,50.5
2026-01-27 08:45:00,F0888,19.71,30.56,22.03,27.11,45398,82.92
2026-01-27 08:50:00,F0831,28.89,30.42,19.68,15.48,1808,93.54
2026-01-27 08:55:00,F0769,21.37,77.12,27.7,24.1,29596,89.92
2026-01-27 09:00:00,F0967,32.74,50.71,78.37,15.82,11047,80.91
2026-01-27 09:05:00,F0915,31.11,34.43,43.41,19.51,36207,78.1
2026-01-27 09:10:00,F0115,18.12,54.83,49.74,29.17,63502,87.45
2026-01-27 09:15:00,F0041,38.13,37.14,61.04,16.83,56777,38.35
2026-01-27 09:20:00,F0184,31.41,78.34,42.21,28.05,34723,81.84
2026-01-27 09:25:00,F0934,41.28,68.35,39.7,29.52,16930,54.61
2026-01-27 09:30:00,F0150,20.61,88.39,51.35,34.96,21438,85.02
2026-01-27 09:35:00,F0260,38.49,81.14,59.63,22.27,5722,97.76
2026-01-27 09:40:00,F0724,24.61,78.02,82.58,16.92,68928,73.07
2026-01-27 09:45:00,F0812,21.41,51.16,74.96,29.64,7606,46.51
2026-01-27 09:50:00,F0478,40.74,70.15,87.82,15.05,23364,43.55
2026-01-27 09:55:00,F0992,24.04,79.88,46.42,20.64,50125,34.35
2026-01-27 10:00:00,F0119,33.83,70.91,36.56,25.18,17377,87.51
2026-01-27 10:05:00,F0985,22.66,30.15,16.25,17.07,28047,69.25
2026-01-27 10:10:00,F0653,21.13,45.28,73.36,24.55,56746,86.54
2026-01-27 10:15:00,F0805,37.6,48.2,53.85,18.85,67883,79.64
2026-01-27 10:20:00,F0568,18.26,89.28,61.12,16.01,40227,68.97
2026-01-27 10:25:00,F0236,18.75,67.61,44.0,24.0,59866,80.61
2026-01-27 10:30:00,F0448,22.19,54.59,62.46,36.79,93937,68.69
2026-01-27 10:35:00,F0445,40.69,50.27,60.75,16.61,84550,23.33
2026-01-27 10:40:00,F0812,35.15,38.0,46.13,33.9,79034,46.21
2026-01-27 10:45:00,F0264,41.7,93.06,62.85,34.52,97063,44.37
2026-01-27 10:50:00,F0417,26.26,60.02,85.99,20.64,84005,56.02
2026-01-27 10:55:00,F0353,22.74,40.88,52.65,28.39,84310,87.39
2026-01-27 11:00:00,F0534,39.81,60.18,31.12,36.56,23744,84.47
2026-01-27 11:05:00,F0786,27.06,92.46,34.28,31.87,83781,43.16
2026-01-27 11:10:00,F0512,38.67,79.95,72.78,21.66,57144,75.09
2026-01-27 11:15:00,F0351,33.07,72.1,29.18,31.78,95382,22.23
2026-01-27 11:20:00,F0659,20.4,49.52,43.86,22.51,74853,43.51
2026-01-27 11:25:00,F0921,39.97,66.02,56.48,37.61,29190,30.92
2026-01-27 11:30:00,F0255,25.34,92.17,69.24,20.02,51803,53.38
2026-01-27 11:35:00,F0829,21.89,38.61,72.1,28.77,97243,81.21
2026-01-27 11:40:00,F0836,26.76,61.48,42.64,28.91,84151,31.9
2026-01-27 11:45:00,F0006,41.36,93.56,78.1,29.14,1094,29.04
2026-01-27 11:50:00,F0239,37.43,60.34,44.75,33.22,11222,92.02
2026-01-27 11:55:00,F0689,28.97,93.1,22.45,22.15,12684,29.22
2026-01-27 12:00:00,F0081,26.55,80.18,23.1,23.75,21154,36.95
2026-01-27 12:05:00,F0363,23.84,47.77,56.16,17.6,72481,57.01
2026-01-27 12:10:00,F0740,40.07,51.96,58.26,16.48,27475,91.87
2026-01-27 12:15:00,F0460,39.13,53.68,42.68,25.1,98302,68.44
2026-01-27 12:20:00,F0805,36.23,37.85,75.19,16.48,86922,95.08
2026-01-27 12:25:00,F0571,37.91,34.04,63.33,34.66,39653,37.68
2026-01-27 12:30:00,F0037,21.34,61.73,25.37,15.33,50161,46.87
2026-01-27 12:35:00,F0580,24.94,59.02,45.98,19.34,2116,86.74
2026-01-27 12:40:00,F0539,22.16,86.13,85.07,35.04,59361,53.37
2026-01-27 12:45:00,F0232,34.68,36.53,38.2,16.82,9048,56.7
2026-01-27 12:50:00,F0235,38.63,62.69,78.99,34.81,11275,42.11
2026-01-27 12:55:00,F0273,38.41,92.71,47.39,35.59,18567,67.35
2026-01-27 13:00:00,F0032,37.06,73.57,75.06,31.8,15682,42.5
2026-01-27 13:05:00,F0204,30.15,43.12,82.89,26.64,98777,25.06
2026-01-27 13:10:00,F0510,25.21,77.07,66.79,31.7,42022,92.66
2026-01-27 13:15:00,F0894,19.23,64.6,64.25,20.97,74091,83.24
2026-01-27 13:20:00,F0300,29.73,51.84,74.73,36.82,64481,84.09
2026-01-27 13:25:00,F0166,33.64,51.69,60.53,35.99,73856,95.41
2026-01-27 13:30:00,F0557,22.28,90.17,36.58,22.93,39679,22.11
2026-01-27 13:35:00,F0667,40.51,39.84,16.6,17.59,84385,67.32
2026-01-27 13:40:00,F0410,20.84,79.47,77.76,25.25,43168,84.02
2026-01-27 13:45:00,F0381,23.01,78.03,63.67,31.59,58695,76.28
2026-01-27 13:50:00,F0560,27.13,90.68,88.24,24.92,24163,87.97
2026-01-27 13:55:00,F0221,23.69,52.0,33.09,36.38,2100,22.6
2026-01-27 14:00:00,F0688,33.09,38.31,40.98,23.08,26602,67.59
2026-01-27 14:05:00,F0882,33.81,86.31,42.69,30.94,60563,87.41
2026-01-27 14:10:00,F0500,34.04,44.18,28.18,23.25,41823,48.97
2026-01-27 14:15:00,F0737,38.17,82.44,24.23,38.0,97742,85.13
2026-01-27 14:20:00,F0065,28.68,37.92,32.82,19.74,74031,35.69
2026-01-27 14:25:00,F0146,39.4,84.1,62.4,17.86,12343,47.18
2026-01-27 14:30:00,F0594,25.42,44.32,52.16,27.6,10164,56.61
2026-01-27 14:35:00,F0071,23.54,91.81,81.3,19.96,92266,73.52
2026-01-27 14:40:00,F0698,32.03,89.34,83.55,33.02,37517,63.08
2026-01-27 14:45:00,F0790,36.63,41.32,47.49,31.6,64426,37.03
2026-01-27 14:50:00,F0435,36.87,42.94,73.41,34.68,57421,26.6
2026-01-27 14:55:00,F0158,18.0,68.97,25.59,27.64,87630,62.68
2026-01-27 15:00:00,F0740,34.89,66.29,26.49,30.98,64099,46.44
2026-01-27 15:05:00,F0323,23.33,72.73,74.26,16.08,78322,55.17
2026-01-27 15:10:00,F0967,35.97,52.99,77.02,23.64,78697,28.31
2026-01-27 15:15:00,F0956,33.4,94.79,55.99,37.21,97761,51.66
2026-01-27 15:20:00,F0338,31.57,47.89,20.9,21.57,75954,38.93
2026-01-27 15:25:00,F0102,36.38,35.45,38.99,32.41,93735,63.35
2026-01-27 15:30:00,F0320,41.14,41.06,71.14,17.88,68881,23.3
2026-01-27 15:35:00,F0734,34.64,81.02,68.68,32.25,54585,39.99
2026-01-27 15:40:00,F0237,34.43,78.08,56.24,34.94,19954,67.58
2026-01-27 15:45:00,F0092,28.26,53.02,22.0,30.99,9104,86.92
2026-01-27 15:50:00,F0753,37.48,81.97,53.67,25.07,85932,73.61
2026-01-27 15:55:00,F0524,24.94,50.89,35.32,36.25,27060,22.37
2026-01-27 16:00:00,F0476,33.5,80.87,76.12,32.56,60077,79.05
2026-01-27 16:05:00,F0481,40.09,37.87,81.65,35.67,99077,86.0
2026-01-27 16:10:00,F0355,38.83,62.59,22.28,20.62,23940,90.85
2026-01-27 16:15:00,F0228,38.62,91.85,33.17,24.97,6211,46.6
2026-01-27 16:20:00,F0753,26.48,74.69,76.02,24.29,8310,56.26
2026-01-27 16:25:00,F0060,22.48,88.91,40.24,25.5,51042,54.21
2026-01-27 16:30:00,F0046,40.47,67.41,65.53,15.44,48320,76.95
2026-01-27 16:35:00,F0437,19.97,33.07,53.47,24.42,46369,88.76
2026-01-27 16:40:00,F0753,23.02,55.06,88.35,26.42,15063,71.88
2026-01-27 16:45:00,F0266,19.54,73.71,16.05,32.31,35078,35.64
2026-01-27 16:50:00,F0447,30.49,63.46,30.78,28.41,51826,24.01
2026-01-27 16:55:00,F0006,39.16,65.89,66.48,15.18,68324,59.06
2026-01-27 17:00:00,F0397,33.17,64.53,56.36,28.63,94182,74.16
2026-01-27 17:05:00,F0647,33.38,60.99,57.48,26.64,76458,84.54
2026-01-27 17:10:00,F0573,38.18,36.88,60.78,25.99,80158,30.29
2026-01-27 17:15:00,F0424,25.98,36.33,54.35,16.7,97602,48.96
2026-01-27 17:20:00,F0432,35.87,36.67,17.4,26.96,94427,55.16
2026-01-27 17:25:00,F0863,25.67,38.13,45.86,22.04,12338,46.7
2026-01-27 17:30:00,F0703,30.44,44.61,53.28,35.86,53914,89.78
2026-01-27 17:35:00,F0346,37.05,35.23,86.11,19.62,28030,26.68
2026-01-27 17:40:00,F0630,36.43,59.96,36.72,20.66,32364,46.09
2026-01-27 17:45:00,F0731,41.31,78.35,65.73,24.81,24903,82.67
2026-01-27 17:50:00,F0353,26.22,46.06,51.89,30.16,9206,27.43
2026-01-27 17:55:00,F0532,39.08,50.83,71.51,24.75,45244,28.82
2026-01-27 18:00:00,F0220,32.31,59.62,50.16,32.65,34008,62.78
2026-01-27 18:05:00,F0199,27.92,64.78,80.13,37.7,26588,42.99
2026-01-27 18:10:00,F0240,36.82,31.53,30.13,24.25,94533,57.87
2026-01-27 18:15:00,F0607,27.98,71.26,52.88,22.49,40521,71.66
2026-01-27 18:20:00,F0303,28.27,50.49,68.16,27.39,16060,61.22
2026-01-27 18:25:00,F0911,38.52,61.75,61.11,27.83,24185,28.46
2026-01-27 18:30:00,F0131,39.46,88.86,53.26,36.61,62744,42.36
2026-01-27 18:35:00,F0041,39.6,52.84,31.35,16.5,9688,36.64
2026-01-27 18:40:00,F0783,33.97,54.27,55.91,30.24,43364,75.46
2026-01-27 18:45:00,F0635,31.5,57.87,70.88,27.55,35929,43.45
2026-01-27 18:50:00,F0906,29.81,44.85,21.51,22.81,32241,71.3
2026-01-27 18:55:00,F0532,38.06,89.94,73.26,20.72,12438,22.04
2026-01-27 19:00:00,F0378,36.64,83.76,25.15,31.8,82365,95.54
2026-01-27 19:05:00,F0432,38.13,53.83,72.33,36.83,6587,90.14
2026-01-27 19:10:00,F0838,29.97,33.2,32.72,28.96,29049,98.32
2026-01-27 19:15:00,F0452,38.52,61.65,34.19,34.48,5387,88.99
2026-01-27 19:20:00,F0918,41.8,66.31,30.22,25.79,16991,79.95
2026-01-27 19:25:00,F0781,20.69,42.09,67.85,35.75,29552,73.7
2026-01-27 19:30:00,F0937,24.61,70.45,33.41,31.95,67996,34.65
2026-01-27 19:35:00,F0754,34.42,89.77,51.42,30.81,18722,85.24
2026-01-27 19:40:00,F0938,19.27,35.18,15.81,24.14,37888,92.09
2026-01-27 19:45:00,F0720,26.63,84.77,52.62,21.14,67686,83.25
2026-01-27 19:50:00,F0511,35.19,71.76,50.03,27.63,40919,47.97
2026-01-27 19:55:00,F0513,33.02,77.15,61.44,35.23,61980,76.05
2026-01-27 20:00:00,F0489,20.05,49.0,59.91,25.54,79855,87.41
2026-01-27 20:05:00,F0427,19.61,86.39,19.06,23.64,93861,92.63
2026-01-27 20:10:00,F0182,37.2,71.51,57.83,23.15,3719,63.11
2026-01-27 20:15:00,F0665,41.11,76.98,70.19,19.7,18419,80.95
2026-01-27 20:20:00,F0687,30.4,55.85,54.02,24.79,87544,98.6
2026-01-27 20:25:00,F0586,30.6,39.5,16.57,19.31,51497,95.15
2026-01-27 20:30:00,F0339,19.45,44.84,18.73,22.29,19325,40.92
2026-01-27 20:35:00,F0099,24.54,40.95,70.08,37.95,50010,87.51
2026-01-27 20:40:00,F0826,23.35,51.93,77.94,21.49,49963,58.11
2026-01-27 20:45:00,F0055,23.97,94.32,71.48,24.6,91354,25.65
2026-01-27 20:50:00,F0032,30.96,81.13,85.64,30.63,22572,80.41
2026-01-27 20:55:00,F0605,29.47,49.57,38.8,26.99,56595,63.42
2026-01-27 21:00:00,F0408,19.68,75.16,57.58,24.46,50381,32.19
2026-01-27 21:05:00,F0973,33.28,85.73,40.15,29.51,53956,80.05
2026-01-27 21:10:00,F0288,35.31,94.16,24.04,32.04,88181,93.29
2026-01-27 21:15:00,F0642,22.59,87.16,56.89,34.2,76547,89.42
2026-01-27 21:20:00,F0731,38.79,45.93,84.73,19.1,7622,22.55
2026-01-27 21:25:00,F0785,25.96,89.97,38.39,37.36,4871,89.41
2026-01-27 21:30:00,F0287,20.5,74.03,17.4,24.3,33968,34.67
2026-01-27 21:35:00,F0250,37.16,76.98,31.33,19.7,84033,31.93
2026-01-27 21:40:00,F0065,25.02,70.71,24.29,26.79,64222,89.69
2026-01-27 21:45:00,F0403,21.9,34.87,51.02,35.29,80369,88.28
2026-01-27 21:50:00,F0676,37.55,77.27,37.07,18.25,85120,68.78
2026-01-27 21:55:00,F0101,18.84,36.74,25.18,35.52,72038,81.36
2026-01-27 22:00:00,F0083,35.0,88.07,82.72,32.63,3593,78.56
2026-01-27 22:05:00,F0503,34.41,57.42,21.01,18.31,91102,24.83
2026-01-27 22:10:00,F0888,35.44,47.84,44.21,16.85,56016,75.93
2026-01-27 22:15:00,F0998,33.2,35.98,44.73,18.95,13046,42.11
2026-01-27 22:20:00,F0496,19.24,57.57,84.45,27.22,91338,54.68
2026-01-27 22:25:00,F0520,28.46,84.33,84.23,19.93,68045,49.76
2026-01-27 22:30:00,F0769,28.77,36.27,81.32,25.65,24322,25.27
2026-01-27 22:35:00,F0605,31.7,42.67,67.06,35.05,12323,59.41
2026-01-27 22:40:00,F0739,35.83,30.07,79.7,37.55,84484,20.9
2026-01-27 22:45:00,F0131,22.11,58.51,79.64,32.82,97542,42.13
2026-01-27 22:50:00,F0345,22.39,62.88,78.58,36.83,1010,75.95
2026-01-27 22:55:00,F0011,23.27,65.43,52.55,32.36,56056,99.01
2026-01-27 23:00:00,F0991,24.88,88.38,40.54,27.97,97703,67.74
2026-01-27 23:05:00,F0675,36.31,65.13,55.71,31.85,40849,68.08
2026-01-27 23:10:00,F0524,29.68,47.66,68.27,31.07,2010,36.76
2026-01-27 23:15:00,F0596,21.39,54.58,79.42,24.26,62709,22.05
2026-01-27 23:20:00,F0702,22.97,53.86,87.76,31.97,65371,62.5
2026-01-27 23:25:00,F0805,38.61,51.3,67.89,35.63,43506,37.15
2026-01-27 23:30:00,F0594,21.44,78.57,46.39,19.72,67226,28.93
2026-01-27 23:35:00,F0133,21.6,52.49,49.54,15.44,10964,31.05
2026-01-27 23:40:00,F0432,27.44,78.91,66.92,23.59,1396,65.76
2026-01-27 23:45:00,F0859,39.74,54.04,70.43,29.82,31463,27.84
2026-01-27 23:50:00,F0789,31.68,72.87,46.8,19.08,87204,40.26
2026-01-27 23:55:00,F0449,28.28,43.09,56.66,33.53,66839,24.75
2026-01-28 00:00:00,F0985,19.69,33.18,34.13,27.09,94853,62.25
2026-01-28 00:05:00,F0777,28.29,37.36,49.49,28.51,79357,68.24
2026-01-28 00:10:00,F0399,32.7,69.2,64.35,32.41,84840,37.91
2026-01-28 00:15:00,F0815,32.71,43.2,52.91,31.66,70072,55.69
2026-01-28 00:20:00,F0440,31.29,43.67,68.98,24.17,77133,83.27
2026-01-28 00:25:00,F0154,26.29,37.98,48.56,27.82,95361,54.69
2026-01-28 00:30:00,F0552,20.46,94.86,41.14,32.08,33699,46.61
2026-01-28 00:35:00,F0503,37.4,71.27,77.54,29.53,31884,58.39
2026-01-28 00:40:00,F0999,29.77,77.63,41.99,17.62,80119,61.82
2026-01-28 00:45:00,F0386,40.61,46.62,83.61,24.29,88411,35.76
2026-01-28 00:50:00,F0214,40.3,41.47,83.15,32.94,95987,48.07
2026-01-28 00:55:00,F0555,27.47,40.01,68.97,24.39,83729,54.71
2026-01-28 01:00:00,F0548,20.12,33.68,45.31,25.51,59232,84.52
2026-01-28 01:05:00,F0552,38.48,92.52,65.3,20.27,79873,58.57
2026-01-28 01:10:00,F0546,41.9,93.91,18.41,30.0,58389,41.18
2026-01-28 01:15:00,F0441,30.03,81.18,82.1,20.24,5325,48.92
2026-01-28 01:20:00,F0709,29.66,32.79,46.83,37.42,19387,51.03
2026-01-28 01:25:00,F0057,35.02,45.7,35.97,27.79,62896,59.85
2026-01-28 01:30:00,F0399,26.4,64.33,35.53,28.93,81492,62.92
2026-01-28 01:35:00,F0419,36.1,35.27,25.59,21.93,53457,39.06
2026-01-28 01:40:00,F0374,41.32,41.86,50.03,34.51,79566,64.06
2026-01-28 01:45:00,F0488,36.37,82.52,64.54,27.04,5524,20.9
2026-01-28 01:50:00,F0144,31.27,74.0,37.43,20.21,85978,76.96
2026-01-28 01:55:00,F0364,30.59,86.75,15.62,28.32,78175,93.04
2026-01-28 02:00:00,F0440,28.41,74.64,67.5,18.7,92392,98.07
2026-01-28 02:05:00,F0661,37.14,94.28,66.76,36.38,9492,89.7
2026-01-28 02:10:00,F0632,18.69,62.71,50.04,20.14,95481,68.59
2026-01-28 02:15:00,F0384,24.56,84.36,86.35,22.4,51030,87.27
2026-01-28 02:20:00,F0634,31.57,36.52,19.61,26.49,76218,68.42
2026-01-28 02:25:00,F0456,28.96,39.72,25.6,24.87,50658,78.44
2026-01-28 02:30:00,F0087,36.15,51.04,33.15,36.85,2373,31.82
2026-01-28 02:35:00,F0012,21.26,80.39,70.66,34.69,63423,87.39
2026-01-28 02:40:00,F0825,38.95,94.33,50.28,35.54,58264,75.5
2026-01-28 02:45:00,F0250,38.55,74.97,82.28,17.49,47969,39.23
2026-01-28 02:50:00,F0568,27.06,68.63,15.73,36.4,68596,91.27
2026-01-28 02:55:00,F0073,21.72,92.18,17.81,22.87,1838,24.37
2026-01-28 03:00:00,F0413,32.68,80.07,61.33,16.86,46610,49.28
2026-01-28 03:05:00,F0906,40.26,90.32,31.43,28.46,87729,32.54
2026-01-28 03:10:00,F0148,38.8,46.65,41.69,25.03,24951,36.97
2026-01-28 03:15:00,F0131,20.3,78.3,55.21,29.15,37652,81.34
2026-01-28 03:20:00,F0195,32.93,80.28,58.09,30.09,59618,52.16
2026-01-28 03:25:00,F0615,22.78,90.95,32.89,16.82,57878,66.7
2026-01-28 03:30:00,F0602,39.89,61.31,41.19,30.16,58062,67.82
2026-01-28 03:35:00,F0726,19.56,84.57,76.67,19.8,15676,72.06
2026-01-28 03:40:00,F0066,37.39,63.73,51.35,15.94,66862,71.85
2026-01-28 03:45:00,F0066,28.88,42.4,16.87,23.64,79791,38.34
2026-01-28 03:50:00,F0544,21.49,47.9,24.93,25.14,69084,66.64
2026-01-28 03:55:00,F0776,31.93,66.73,25.12,28.25,31745,20.6
2026-01-28 04:00:00,F0658,22.49,48.65,42.05,16.72,48077,23.79
2026-01-28 04:05:00,F0393,38.74,66.38,29.23,17.46,13576,31.98
2026-01-28 04:10:00,F0419,19.28,75.61,55.97,32.12,70244,65.38
2026-01-28 04:15:00,F0334,24.32,90.82,20.1,37.39,36696,96.91
2026-01-28 04:20:00,F0609,38.97,65.33,85.53,24.84,41350,56.72
2026-01-28 04:25:00,F0638,36.5,88.79,63.11,36.67,91090,96.23
2026-01-28 04:30:00,F0260,30.25,49.89,50.39,22.73,50881,32.25
2026-01-28 04:35:00,F0029,38.59,90.23,18.55,23.54,1888,66.75
2026-01-28 04:40:00,F0317,24.53,55.44,23.1,15.24,13764,31.08
2026-01-28 04:45:00,F0911,39.79,73.73,69.43,36.09,7898,53.36
2026-01-28 04:50:00,F0644,27.0,54.45,77.73,34.47,48196,22.33
2026-01-28 04:55:00,F0358,32.82,84.24,78.94,29.81,92256,56.62
2026-01-28 05:00:00,F0338,29.63,87.94,30.96,33.5,76095,75.96
2026-01-28 05:05:00,F0255,32.01,90.24,38.13,21.13,61511,32.16
2026-01-28 05:10:00,F0581,38.24,32.71,29.3,35.0,11832,75.51
2026-01-28 05:15:00,F0786,36.63,77.58,84.88,33.58,3395,67.4
2026-01-28 05:20:00,F0028,21.31,57.47,73.63,26.43,41433,34.98
2026-01-28 05:25:00,F0692,33.66,40.94,22.55,33.71,77138,23.93
2026-01-28 05:30:00,F0448,33.55,79.52,25.02,26.15,26185,99.36
2026-01-28 05:35:00,F0955,31.25,80.88,86.13,33.14,1974,68.97
2026-01-28 05:40:00,F0551,23.84,94.79,42.75,18.74,65326,62.72
2026-01-28 05:45:00,F0787,37.09,43.47,43.94,33.4,97705,90.56
2026-01-28 05:50:00,F0528,28.63,71.15,75.23,24.59,53875,97.15
2026-01-28 05:55:00,F0930,31.26,56.91,54.86,32.2,44733,93.61
2026-01-28 06:00:00,F0042,18.75,76.51,83.06,28.24,46832,93.66
2026-01-28 06:05:00,F0717,36.09,65.39,39.57,34.14,7964,93.03
2026-01-28 06:10:00,F0874,25.54,44.36,55.76,30.83,44649,56.32
2026-01-28 06:15:00,F0110,31.44,33.21,51.07,29.28,94378,84.02
2026-01-28 06:20:00,F0635,40.23,89.78,74.93,35.24,69107,89.71
2026-01-28 06:25:00,F0118,26.34,79.25,62.6,33.1,15961,96.41
2026-01-28 06:30:00,F0278,28.26,36.02,59.75,28.66,34100,28.84
2026-01-28 06:35:00,F0096,18.85,86.4,45.5,23.36,19546,92.86
2026-01-28 06:40:00,F0401,28.28,65.96,36.79,33.03,88431,46.6
2026-01-28 06:45:00,F0796,38.97,74.52,31.49,36.42,66048,54.04
2026-01-28 06:50:00,F0370,32.51,87.81,61.37,16.05,87862,38.29
2026-01-28 06:55:00,F0289,40.15,81.84,32.47,33.45,14406,86.78
2026-01-28 07:00:00,F0186,22.43,57.89,35.2,34.46,81465,71.7
2026-01-28 07:05:00,F0540,33.56,36.29,43.87,18.68,68728,38.7
2026-01-28 07:10:00,F0224,35.1,64.94,19.49,23.6,28084,36.06
2026-01-28 07:15:00,F0675,26.66,70.95,20.79,37.5,46286,54.48
2026-01-28 07:20:00,F0835,20.62,58.88,15.36,26.16,38949,57.99
2026-01-28 07:25:00,F0305,25.36,93.57,58.32,19.4,23388,79.85
2026-01-28 07:30:00,F0233,36.48,87.78,71.04,26.1,50841,26.09
2026-01-28 07:35:00,F0716,41.33,56.48,27.04,18.91,69451,63.7
2026-01-28 07:40:00,F0683,40.73,94.3,84.97,21.29,26824,29.61
2026-01-28 07:45:00,F0650,34.92,50.42,66.11,26.4,2980,62.22
2026-01-28 07:50:00,F0315,28.73,31.79,48.87,29.03,20855,65.98
2026-01-28 07:55:00,F0430,20.5,61.66,45.55,25.1,78302,65.74
2026-01-28 08:00:00,F0869,19.33,38.11,82.37,32.04,35411,31.95
2026-01-28 08:05:00,F0128,20.07,32.44,38.72,22.68,11214,66.8
2026-01-28 08:10:00,F0972,33.9,48.81,42.68,17.98,57621,38.95
2026-01-28 08:15:00,F0561,24.03,34.33,46.94,32.79,88928,56.11
2026-01-28 08:20:00,F0913,37.97,73.39,33.89,35.93,40883,44.47
2026-01-28 08:25:00,F0218,41.98,62.0,87.03,34.39,3630,27.71
2026-01-28 08:30:00,F0369,27.15,36.22,47.65,30.48,50754,74.79
2026-01-28 08:35:00,F0306,41.85,52.8,50.55,19.32,56765,91.65
2026-01-28 08:40:00,F0531,24.48,77.05,21.65,21.14,83482,59.31
2026-01-28 08:45:00,F0071,18.37,30.37,23.35,23.61,85194,28.17
2026-01-28 08:50:00,F0981,25.18,52.41,38.37,23.24,37670,66.59
2026-01-28 08:55:00,F0708,33.64,51.25,73.11,27.48,28876,50.69
2026-01-28 09:00:00,F0038,40.94,60.35,59.61,24.81,11208,87.59
2026-01-28 09:05:00,F0530,19.19,46.72,82.11,26.93,9989,50.61
2026-01-28 09:10:00,F0554,25.46,39.09,50.13,18.91,26608,72.17
2026-01-28 09:15:00,F0024,37.76,69.27,49.18,15.4,41859,77.88
2026-01-28 09:20:00,F0395,24.61,52.13,32.71,30.25,50500,73.73
2026-01-28 09:25:00,F0268,26.58,77.04,65.56,29.14,68059,26.69
2026-01-28 09:30:00,F0526,29.51,43.72,17.14,26.34,50494,39.13
2026-01-28 09:35:00,F0143,37.39,59.7,27.47,32.99,30095,86.62
2026-01-28 09:40:00,F0628,38.57,33.85,77.34,18.36,86064,50.87
2026-01-28 09:45:00,F0046,25.97,33.12,49.82,23.2,43909,87.47
2026-01-28 09:50:00,F0169,28.04,83.59,83.32,20.98,28004,24.19
2026-01-28 09:55:00,F0813,37.59,52.36,30.69,37.04,62372,91.09
2026-01-28 10:00:00,F0788,25.33,53.99,29.61,30.15,81553,66.99
2026-01-28 10:05:00,F0304,21.48,33.85,43.49,16.42,4342,68.81
2026-01-28 10:10:00,F0638,34.96,40.16,34.14,15.25,42190,27.18
2026-01-28 10:15:00,F0671,34.78,37.44,78.93,21.69,10025,68.64
2026-01-28 10:20:00,F0876,20.14,43.01,42.54,22.14,7472,97.88
2026-01-28 10:25:00,F0780,21.75,53.45,36.64,34.01,57101,23.26
2026-01-28 10:30:00,F0423,21.05,78.91,58.14,19.21,25817,61.65
2026-01-28 10:35:00,F0209,26.64,60.06,83.49,19.32,85708,67.75
2026-01-28 10:40:00,F0946,31.76,53.87,82.85,28.0,21396,46.08
2026-01-28 10:45:00,F0657,29.58,86.37,39.16,28.72,82614,55.62
2026-01-28 10:50:00,F0364,27.56,50.45,27.18,34.46,68251,73.86
2026-01-28 10:55:00,F0633,34.11,94.69,30.14,19.33,65284,52.63
2026-01-28 11:00:00,F0356,36.54,33.78,21.02,15.07,22974,30.21
2026-01-28 11:05:00,F0074,23.89,71.86,84.96,37.21,65620,48.51
2026-01-28 11:10:00,F0216,33.38,74.22,34.63,16.7,38649,78.97
2026-01-28 11:15:00,F0220,37.79,51.83,65.69,32.43,99896,82.73
2026-01-28 11:20:00,F0296,31.53,64.21,62.15,29.22,69202,97.65
2026-01-28 11:25:00,F0576,34.64,53.53,42.87,21.59,5707,69.86
2026-01-28 11:30:00,F0197,40.52,74.8,84.9,22.81,9397,48.16
2026-01-28 11:35:00,F0502,22.7,94.02,74.23,24.66,3785,95.23
2026-01-28 11:40:00,F0443,40.87,77.04,63.02,33.61,97320,98.6
2026-01-28 11:45:00,F0996,35.97,60.56,87.19,25.94,43059,53.22
2026-01-28 11:50:00,F0108,18.41,33.02,83.25,15.89,28962,85.54
2026-01-28 11:55:00,F0167,22.31,36.67,25.49,28.39,48630,28.53
2026-01-28 12:00:00,F0099,38.64,57.14,53.4,18.14,21092,64.44
2026-01-28 12:05:00,F0934,24.22,47.01,24.49,18.78,31235,70.23
2026-01-28 12:10:00,F0423,35.85,78.52,23.53,21.07,27596,92.68
2026-01-28 12:15:00,F0109,26.07,32.36,39.14,34.2,52480,59.08
2026-01-28 12:20:00,F0883,28.57,65.78,75.74,32.61,11282,74.32
2026-01-28 12:25:00,F0655,26.47,69.36,30.6,24.72,40126,34.9
2026-01-28 12:30:00,F0929,22.2,74.6,29.26,23.17,36221,53.16
2026-01-28 12:35:00,F0697,18.97,42.5,44.02,31.93,93497,35.06
2026-01-28 12:40:00,F0036,39.03,85.43,48.33,28.05,33419,34.08
2026-01-28 12:45:00,F0721,31.16,53.01,40.56,18.17,74293,78.37
2026-01-28 12:50:00,F0448,33.33,40.51,43.57,35.23,29215,46.38
2026-01-28 12:55:00,F0292,18.53,73.93,32.45,29.32,81731,62.73
2026-01-28 13:00:00,F0522,32.57,35.09,69.32,15.29,92208,64.85
2026-01-28 13:05:00,F0508,40.51,94.43,57.71,28.95,29485,73.43
2026-01-28 13:10:00,F0974,20.6,67.02,63.46,35.4,83269,65.45
2026-01-28 13:15:00,F0576,41.28,89.23,49.51,23.94,23718,38.76
2026-01-28 13:20:00,F0676,20.0,75.24,15.66,18.27,12933,48.98
2026-01-28 13:25:00,F0116,29.87,89.33,53.98,24.12,29540,91.89
2026-01-28 13:30:00,F0944,28.87,51.66,30.2,35.23,5490,30.45
2026-01-28 13:35:00,F0794,37.56,69.29,45.63,24.99,57722,84.74
2026-01-28 13:40:00,F0958,30.79,82.87,77.5,21.18,10122,27.11
2026-01-28 13:45:00,F0166,39.93,33.86,65.34,24.32,99897,26.74
2026-01-28 13:50:00,F0718,32.78,84.75,30.51,29.11,53766,78.72
2026-01-28 13:55:00,F0701,36.97,78.69,20.86,22.82,58533,59.62
2026-01-28 14:00:00,F0679,19.08,43.32,19.13,30.21,19861,56.88
2026-01-28 14:05:00,F0588,27.94,66.22,62.22,37.76,44341,63.84
2026-01-28 14:10:00,F0625,28.83,42.29,39.88,26.99,27713,40.47
2026-01-28 14:15:00,F0165,22.52,47.01,35.74,22.67,98227,28.11
2026-01-28 14:20:00,F0354,34.97,92.74,56.12,16.04,19212,71.42
2026-01-28 14:25:00,F0780,18.12,70.6,53.41,27.69,90407,41.8
2026-01-28 14:30:00,F0669,31.78,86.47,69.66,34.05,77644,29.23
2026-01-28 14:35:00,F0128,37.16,49.63,22.79,15.05,8809,64.67
2026-01-28 14:40:00,F0015,33.97,75.76,65.59,26.02,36750,77.21
2026-01-28 14:45:00,F0994,32.43,56.1,31.44,24.54,10458,91.12
2026-01-28 14:50:00,F0176,37.29,49.71,25.17,30.92,91350,37.54
2026-01-28 14:55:00,F0589,35.76,41.59,40.54,28.79,95882,51.83
2026-01-28 15:00:00,F0868,24.94,46.48,55.27,16.92,38116,76.63
2026-01-28 15:05:00,F0284,21.32,73.73,84.68,31.08,96979,84.41
2026-01-28 15:10:00,F0410,30.67,51.93,61.93,25.4,57689,60.25
2026-01-28 15:15:00,F0182,18.46,36.36,63.56,17.35,20977,44.53
2026-01-28 15:20:00,F0788,27.22,37.99,34.47,18.67,71372,23.13
2026-01-28 15:25:00,F0824,29.72,40.49,60.6,34.37,77928,76.47
2026-01-28 15:30:00,F0622,28.45,46.04,80.01,17.33,90953,45.45
2026-01-28 15:35:00,F0080,19.8,52.2,30.99,17.7,8192,30.82
2026-01-28 15:40:00,F0866,26.41,43.25,52.41,25.9,70649,51.14
2026-01-28 15:45:00,F0316,39.55,45.32,72.25,36.18,73134,56.86
2026-01-28 15:50:00,F0788,26.83,60.37,51.93,15.82,16055,45.87
2026-01-28 15:55:00,F0246,23.45,30.48,84.37,19.29,51174,66.03
2026-01-28 16:00:00,F0828,27.98,58.93,33.86,35.73,26014,93.92
2026-01-28 16:05:00,F0242,19.68,36.53,21.86,24.53,30727,68.82
2026-01-28 16:10:00,F0553,36.01,75.0,26.84,24.48,57669,35.8
2026-01-28 16:15:00,F0377,25.26,43.8,59.48,34.17,4847,99.74
2026-01-28 16:20:00,F0658,41.12,91.34,66.86,17.7,10971,48.46
2026-01-28 16:25:00,F0391,33.37,42.74,76.49,23.72,66029,27.04
2026-01-28 16:30:00,F0411,25.35,87.31,67.94,22.56,98896,94.22
2026-01-28 16:35:00,F0333,22.05,63.48,62.92,19.89,43615,74.96
2026-01-28 16:40:00,F0851,25.41,72.9,69.39,33.95,79064,55.75
2026-01-28 16:45:00,F0628,31.64,76.28,59.71,24.35,58426,56.49
2026-01-28 16:50:00,F0563,23.76,71.68,40.99,17.74,80616,59.7
2026-01-28 16:55:00,F0700,27.3,30.42,47.49,17.03,26726,94.37
2026-01-28 17:00:00,F0968,36.88,71.64,39.26,15.94,41392,40.9
2026-01-28 17:05:00,F0472,30.07,30.54,85.99,35.47,2905,28.56
2026-01-28 17:10:00,F0202,21.4,71.24,86.9,29.97,75858,29.2
2026-01-28 17:15:00,F0105,38.78,73.92,24.4,36.82,83383,51.75
2026-01-28 17:20:00,F0841,40.29,90.73,27.53,36.45,96729,25.93
2026-01-28 17:25:00,F0934,38.97,91.57,34.61,22.21,38342,36.22
2026-01-28 17:30:00,F0499,28.04,72.11,72.59,29.06,57819,58.3
2026-01-28 17:35:00,F0314,27.36,70.92,84.52,23.89,68347,52.67
2026-01-28 17:40:00,F0200,18.11,81.22,66.82,19.74,18379,59.05
2026-01-28 17:45:00,F0794,31.46,82.16,68.91,36.83,13403,86.39
2026-01-28 17:50:00,F0002,22.1,91.75,64.97,26.13,80039,65.33
2026-01-28 17:55:00,F0073,25.12,69.19,61.73,34.71,47115,29.57
2026-01-28 18:00:00,F0753,29.03,57.46,24.24,24.56,6454,83.7
2026-01-28 18:05:00,F0558,24.8,91.66,88.1,18.46,4833,85.53
2026-01-28 18:10:00,F0528,39.14,84.64,87.8,25.54,42076,76.86
2026-01-28 18:15:00,F0074,25.36,35.5,15.81,36.01,51139,25.59
2026-01-28 18:20:00,F0959,26.85,41.03,81.03,18.63,45216,96.25
2026-01-28 18:25:00,F0463,30.67,32.99,56.04,22.7,6673,53.88
2026-01-28 18:30:00,F0016,22.59,82.91,80.88,20.12,97458,79.88
2026-01-28 18:35:00,F0495,35.68,83.18,87.02,31.89,11269,34.72
2026-01-28 18:40:00,F0141,29.25,31.59,78.22,18.2,31717,89.86
2026-01-28 18:45:00,F0641,37.56,53.57,58.0,22.6,13761,75.54
2026-01-28 18:50:00,F0143,32.22,40.01,86.43,25.69,20289,35.76
2026-01-28 18:55:00,F0809,22.91,54.16,56.51,20.12,76542,63.28
2026-01-28 19:00:00,F0692,26.62,36.86,24.0,20.55,82270,66.61
2026-01-28 19:05:00,F0782,35.79,89.76,33.27,33.95,60995,68.13
2026-01-28 19:10:00,F0450,31.23,60.41,88.52,36.67,21496,39.67
2026-01-28 19:15:00,F0008,33.24,76.43,28.68,28.64,51225,84.78
2026-01-28 19:20:00,F0777,38.35,56.53,22.8,20.88,35107,83.7
2026-01-28 19:25:00,F0386,26.13,47.6,16.77,24.27,4043,50.57
2026-01-28 19:30:00,F0067,25.43,73.96,78.33,29.63,75190,69.15
2026-01-28 19:35:00,F0127,32.1,75.7,25.59,18.98,78354,61.11
2026-01-28 19:40:00,F0065,23.0,79.35,53.83,20.47,85787,37.48
2026-01-28 19:45:00,F0123,41.99,88.4,58.44,27.64,99932,99.19
2026-01-28 19:50:00,F0718,41.04,58.47,45.77,35.53,3771,70.05
2026-01-28 19:55:00,F0002,41.97,78.95,35.97,37.07,7920,89.44
2026-01-28 20:00:00,F0290,23.74,86.77,48.08,33.99,78410,33.29
2026-01-28 20:05:00,F0572,39.28,92.71,25.66,26.96,86178,41.1
2026-01-28 20:10:00,F0949,20.68,80.97,21.49,23.69,28931,98.32
2026-01-28 20:15:00,F0985,27.8,41.63,77.32,26.95,69974,81.34
2026-01-28 20:20:00,F0885,20.75,87.92,63.88,20.35,32526,60.47
2026-01-28 20:25:00,F0201,29.76,93.63,70.21,26.1,88127,43.54
2026-01-28 20:30:00,F0039,23.83,56.71,26.91,24.53,96599,46.77
2026-01-28 20:35:00,F0275,20.93,51.21,42.01,35.17,71000,36.83
2026-01-28 20:40:00,F0359,20.01,58.06,38.61,26.89,16547,52.91
2026-01-28 20:45:00,F0807,36.63,76.45,45.79,26.51,63765,28.51
2026-01-28 20:50:00,F0195,22.09,89.19,19.4,35.74,8713,90.99
2026-01-28 20:55:00,F0853,32.49,36.57,40.38,32.76,89356,88.96
2026-01-28 21:00:00,F0702,20.9,36.4,42.57,16.87,16825,86.13
2026-01-28 21:05:00,F0055,20.25,54.96,24.87,32.62,49588,40.0
2026-01-28 21:10:00,F0346,33.21,68.48,44.79,18.75,78618,21.18
2026-01-28 21:15:00,F0804,24.5,33.13,23.53,18.23,32762,46.93
2026-01-28 21:20:00,F0234,37.49,55.94,76.27,24.09,19724,56.24
2026-01-28 21:25:00,F0407,31.46,41.7,54.65,29.56,73875,41.97
2026-01-28 21:30:00,F0480,30.3,74.62,49.49,17.06,11054,88.3
2026-01-28 21:35:00,F0204,38.25,64.57,38.04,30.4,59146,79.77
2026-01-28 21:40:00,F0357,41.4,30.82,76.35,32.07,34490,57.95
2026-01-28 21:45:00,F0002,41.76,66.06,28.86,26.89,13368,37.25
2026-01-28 21:50:00,F0722,19.89,49.37,53.34,22.15,13105,86.48
2026-01-28 21:55:00,F0309,35.71,31.36,72.02,22.11,75329,57.16
2026-01-28 22:00:00,F0642,32.13,39.53,39.57,24.49,40363,66.37
2026-01-28 22:05:00,F0857,36.02,79.45,84.73,28.59,56023,62.08
2026-01-28 22:10:00,F0748,32.62,46.04,41.98,16.41,14630,69.48
2026-01-28 22:15:00,F0092,34.0,42.88,18.28,15.61,51978,88.71
2026-01-28 22:20:00,F0073,29.44,55.16,84.74,23.92,95808,52.15
2026-01-28 22:25:00,F0752,24.42,56.89,74.71,27.38,18758,83.67
2026-01-28 22:30:00,F0998,18.74,68.96,51.66,27.21,69584,93.49
2026-01-28 22:35:00,F0907,19.7,36.86,44.19,24.04,19309,38.11
2026-01-28 22:40:00,F0288,24.11,46.65,39.49,25.12,41512,59.88
2026-01-28 22:45:00,F0473,22.11,81.41,73.54,24.43,26694,72.01
2026-01-28 22:50:00,F0414,21.67,75.97,58.72,24.39,87640,97.48
2026-01-28 22:55:00,F0599,34.25,49.15,23.21,31.92,21653,89.14
2026-01-28 23:00:00,F0070,39.46,31.86,47.92,31.07,52166,53.88
2026-01-28 23:05:00,F0844,30.65,54.43,76.33,18.09,92430,63.64
2026-01-28 23:10:00,F0372,36.88,67.44,78.17,26.81,33793,78.13
2026-01-28 23:15:00,F0945,36.02,33.32,75.31,26.07,48996,75.51
2026-01-28 23:20:00,F0091,37.85,82.26,77.38,22.31,46411,50.73
2026-01-28 23:25:00,F0929,34.63,36.55,47.13,24.09,55996,56.6
2026-01-28 23:30:00,F0344,29.0,81.53,23.41,16.91,16581,31.23
2026-01-28 23:35:00,F0960,29.86,36.8,66.66,15.41,45249,70.08
2026-01-28 23:40:00,F0787,31.6,79.74,57.73,26.28,78291,84.67
2026-01-28 23:45:00,F0824,40.76,56.6,42.12,35.04,18989,47.62
2026-01-28 23:50:00,F0432,19.88,31.84,68.43,34.47,32148,35.0
2026-01-28 23:55:00,F0893,37.8,81.88,53.49,20.94,7182,87.24
2026-01-29 00:00:00,F0428,19.57,58.02,72.0,30.9,68702,79.23
2026-01-29 00:05:00,F0196,36.04,83.24,30.31,36.94,22109,67.41
2026-01-29 00:10:00,F0896,33.97,62.24,43.02,18.01,17236,75.28
2026-01-29 00:15:00,F0004,19.55,45.63,82.58,27.52,29470,20.77
2026-01-29 00:20:00,F0015,24.73,33.08,51.75,33.7,56098,47.58
2026-01-29 00:25:00,F0317,38.01,89.79,64.22,30.21,3083,28.48
2026-01-29 00:30:00,F0312,19.02,52.04,39.96,15.01,47130,56.01
2026-01-29 00:35:00,F0501,18.89,78.06,75.07,16.07,43586,68.85
2026-01-29 00:40:00,F0147,34.37,59.96,60.14,15.16,52237,35.43
2026-01-29 00:45:00,F0620,38.61,80.55,72.2,35.94,68677,81.2
2026-01-29 00:50:00,F0787,30.52,87.26,54.8,27.44,50858,30.65
2026-01-29 00:55:00,F0601,39.83,56.95,45.98,19.46,59336,73.74
2026-01-29 01:00:00,F0487,39.25,59.6,68.2,22.32,79345,52.88
2026-01-29 01:05:00,F0946,34.35,75.93,85.0,33.14,91300,50.78
2026-01-29 01:10:00,F0102,26.58,47.68,55.52,29.12,71761,63.54
2026-01-29 01:15:00,F0091,34.12,47.21,66.76,20.93,22476,83.59
2026-01-29 01:20:00,F0771,37.74,32.3,17.86,27.26,62928,47.03
2026-01-29 01:25:00,F0347,18.98,57.95,34.91,34.38,71028,26.43
2026-01-29 01:30:00,F0761,40.86,86.48,80.61,37.53,70843,72.74
2026-01-29 01:35:00,F0937,27.25,63.58,59.38,23.46,4274,28.11
2026-01-29 01:40:00,F0909,31.78,89.81,30.07,25.61,58440,93.68
2026-01-29 01:45:00,F0859,35.17,49.42,27.62,17.33,37239,86.9
2026-01-29 01:50:00,F0836,33.75,64.97,38.22,27.7,98929,33.96
2026-01-29 01:55:00,F0680,36.34,34.89,82.3,15.38,52172,34.15
2026-01-29 02:00:00,F0487,30.79,74.68,29.7,23.23,58677,94.16
2026-01-29 02:05:00,F0190,23.18,73.11,51.11,20.23,7215,60.12
2026-01-29 02:10:00,F0585,18.28,49.88,73.24,22.13,86891,60.0
2026-01-29 02:15:00,F0823,39.67,92.67,28.4,16.45,98957,95.33
2026-01-29 02:20:00,F0044,38.77,68.6,37.19,28.83,74679,53.49
2026-01-29 02:25:00,F0499,29.05,76.67,29.11,32.98,62899,65.3
2026-01-29 02:30:00,F0004,31.75,34.94,80.28,28.14,85018,94.21
2026-01-29 02:35:00,F0649,33.65,84.84,52.57,33.37,37559,51.74
2026-01-29 02:40:00,F0430,19.64,31.25,58.07,17.72,99612,23.17
2026-01-29 02:45:00,F0732,38.16,56.26,87.72,22.33,91848,51.83
2026-01-29 02:50:00,F0071,19.36,94.71,61.94,15.77,70032,22.07
2026-01-29 02:55:00,F0465,36.19,85.95,88.05,22.9,4054,21.92
2026-01-29 03:00:00,F0057,36.36,49.36,20.53,24.81,51100,74.39
2026-01-29 03:05:00,F0043,40.68,54.33,48.66,18.6,49884,54.7
2026-01-29 03:10:00,F0822,39.22,86.57,16.63,17.61,42853,63.25
2026-01-29 03:15:00,F0184,37.74,66.49,57.33,15.5,26412,56.76
2026-01-29 03:20:00,F0121,35.86,71.73,68.16,31.16,4784,97.33
2026-01-29 03:25:00,F0682,28.95,30.31,77.51,18.51,96922,42.34
2026-01-29 03:30:00,F0623,22.64,80.45,32.06,25.71,64127,93.33
2026-01-29 03:35:00,F0431,29.8,69.74,35.32,23.65,72472,46.01
2026-01-29 03:40:00,F0851,22.47,37.59,72.18,26.62,21474,53.49
2026-01-29 03:45:00,F0576,32.5,93.22,69.61,35.41,58843,48.72
2026-01-29 03:50:00,F0890,33.21,48.58,74.49,27.18,89702,79.99
2026-01-29 03:55:00,F0563,26.92,83.4,42.5,32.84,77253,34.36
2026-01-29 04:00:00,F0141,28.76,45.73,43.94,30.67,86526,69.35
2026-01-29 04:05:00,F0573,40.86,35.93,40.94,19.22,69337,59.24
2026-01-29 04:10:00,F0907,22.99,37.01,56.31,26.05,52551,39.24
2026-01-29 04:15:00,F0643,19.63,48.5,82.67,30.3,58844,44.05
2026-01-29 04:20:00,F0964,27.78,42.79,48.43,31.58,3388,35.46
2026-01-29 04:25:00,F0537,30.89,85.42,89.84,36.94,24469,59.78
2026-01-29 04:30:00,F0895,31.64,57.18,19.11,24.43,71695,60.44
2026-01-29 04:35:00,F0535,34.08,58.48,68.59,21.5,23900,96.13
2026-01-29 04:40:00,F0339,34.47,31.98,76.54,22.46,71121,97.43
2026-01-29 04:45:00,F0414,22.21,83.49,45.39,21.02,54341,46.44
2026-01-29 04:50:00,F0545,35.31,85.74,72.89,22.96,12258,30.61
2026-01-29 04:55:00,F0301,39.41,73.98,32.51,26.99,83395,69.26
2026-01-29 05:00:00,F0658,38.2,70.53,54.87,34.11,57383,72.87
2026-01-29 05:05:00,F0438,25.56,37.02,62.93,25.04,54721,84.62
2026-01-29 05:10:00,F0803,36.93,62.12,74.99,31.97,75274,38.95
2026-01-29 05:15:00,F0425,29.11,36.96,82.3,30.82,49443,75.36
2026-01-29 05:20:00,F0169,22.42,50.04,70.35,21.05,51573,96.54
2026-01-29 05:25:00,F0384,26.04,74.74,85.14,28.83,95144,58.91
2026-01-29 05:30:00,F0464,41.18,92.93,29.67,22.29,50727,63.44
2026-01-29 05:35:00,F0143,18.14,83.05,26.93,35.32,94926,29.95
2026-01-29 05:40:00,F0220,33.66,62.53,19.49,16.89,37440,68.06
2026-01-29 05:45:00,F0053,18.76,79.71,55.02,25.19,90885,45.2
2026-01-29 05:50:00,F0875,25.99,59.03,51.44,21.67,85566,37.33
2026-01-29 05:55:00,F0574,22.33,87.42,20.12,17.93,87827,76.49
2026-01-29 06:00:00,F0068,31.2,83.52,33.08,23.98,96210,99.39
2026-01-29 06:05:00,F0639,30.42,53.29,53.47,15.23,36591,51.2
2026-01-29 06:10:00,F0529,37.51,62.32,25.37,37.55,60396,91.4
2026-01-29 06:15:00,F0523,24.55,51.77,25.63,17.46,85909,35.16
2026-01-29 06:20:00,F0055,33.0,46.86,37.41,34.53,69841,42.13
2026-01-29 06:25:00,F0578,31.0,69.94,17.18,16.41,53328,94.4
2026-01-29 06:30:00,F0029,31.77,60.38,29.88,16.26,55614,31.76
2026-01-29 06:35:00,F0865,28.22,56.36,88.86,26.55,70719,93.76
2026-01-29 06:40:00,F0605,31.28,41.53,35.07,32.46,51966,92.63
2026-01-29 06:45:00,F0994,23.82,39.25,54.74,21.44,19322,74.99
2026-01-29 06:50:00,F0044,31.9,41.23,37.93,20.65,75333,86.18
2026-01-29 06:55:00,F0604,30.38,74.55,25.74,15.88,99552,25.92
2026-01-29 07:00:00,F0672,20.31,39.0,66.36,23.14,28552,50.66
2026-01-29 07:05:00,F0286,18.77,48.89,23.11,23.92,44504,33.21
2026-01-29 07:10:00,F0236,29.73,30.08,55.31,35.84,66294,58.09
2026-01-29 07:15:00,F0080,32.75,78.81,30.42,18.64,96076,54.47
2026-01-29 07:20:00,F0488,23.81,79.41,49.82,32.18,32435,32.86
2026-01-29 07:25:00,F0479,40.92,87.24,38.22,21.26,84338,37.54
2026-01-29 07:30:00,F0796,19.48,82.36,30.66,20.02,31402,63.58
2026-01-29 07:35:00,F0680,37.39,82.72,33.2,31.45,64059,38.89
2026-01-29 07:40:00,F0765,26.53,52.29,28.05,29.28,98469,42.21
2026-01-29 07:45:00,F0350,32.46,69.83,55.91,18.19,28005,27.45
2026-01-29 07:50:00,F0140,34.33,87.15,26.19,36.91,48931,95.36
2026-01-29 07:55:00,F0514,32.72,42.7,61.26,30.85,3747,58.17
2026-01-29 08:00:00,F0123,24.41,38.29,73.17,22.59,3718,73.04
2026-01-29 08:05:00,F0462,39.67,59.72,77.37,31.18,96748,97.81
2026-01-29 08:10:00,F0668,37.61,42.12,78.14,20.83,94438,85.45
2026-01-29 08:15:00,F0308,35.67,91.72,39.44,28.86,58423,25.55
2026-01-29 08:20:00,F0237,38.15,54.3,71.6,37.88,69999,86.71
2026-01-29 08:25:00,F0216,20.81,32.7,37.39,23.91,39754,45.38
2026-01-29 08:30:00,F0743,37.26,87.59,57.89,21.43,57023,62.27
2026-01-29 08:35:00,F0381,30.33,76.07,75.56,33.41,2908,35.39
2026-01-29 08:40:00,F0355,31.31,52.42,68.4,18.11,25956,74.5
2026-01-29 08:45:00,F0712,37.27,52.75,77.88,26.29,10298,68.48
2026-01-29 08:50:00,F0399,25.34,37.18,15.5,20.41,58522,85.13
2026-01-29 08:55:00,F0952,38.5,92.04,56.05,26.24,57976,98.07
2026-01-29 09:00:00,F0957,35.7,80.47,62.81,28.09,65701,23.35
2026-01-29 09:05:00,F0665,33.0,50.34,68.28,15.06,97198,74.66
2026-01-29 09:10:00,F0120,31.52,56.3,62.29,21.14,98664,72.97
2026-01-29 09:15:00,F0729,23.75,56.91,29.17,22.67,4489,33.77
2026-01-29 09:20:00,F0912,19.86,37.85,85.04,26.7,1703,74.92
2026-01-29 09:25:00,F0984,18.1,64.94,25.5,17.94,8216,48.72
2026-01-29 09:30:00,F0135,36.0,32.76,58.98,28.24,48102,50.68
2026-01-29 09:35:00,F0785,19.18,67.13,17.27,24.77,10290,87.94
2026-01-29 09:40:00,F0120,38.06,31.01,21.91,25.81,71325,34.51
2026-01-29 09:45:00,F0829,29.18,52.91,57.39,31.58,16961,92.36
2026-01-29 09:50:00,F0197,31.63,81.39,46.4,16.34,53807,61.19
2026-01-29 09:55:00,F0645,35.46,53.73,68.77,32.91,24961,57.19
2026-01-29 10:00:00,F0942,22.72,57.61,32.9,37.71,7973,32.3
2026-01-29 10:05:00,F0313,39.59,52.12,44.54,37.25,27115,30.13
2026-01-29 10:10:00,F0475,36.83,91.83,84.99,30.98,46805,32.36
2026-01-29 10:15:00,F0930,24.61,35.72,87.79,24.83,34706,82.23
2026-01-29 10:20:00,F0651,35.84,58.03,37.48,27.35,50662,57.34
2026-01-29 10:25:00,F0792,33.25,72.91,68.37,24.47,16742,42.24
2026-01-29 10:30:00,F0732,30.12,30.54,15.38,35.79,2771,86.95
2026-01-29 10:35:00,F0113,23.08,91.15,48.27,19.4,67922,41.7
2026-01-29 10:40:00,F0750,20.34,79.27,33.02,33.67,25966,96.71
2026-01-29 10:45:00,F0151,25.8,77.03,64.73,27.47,30231,37.86
2026-01-29 10:50:00,F0438,36.73,88.73,63.16,18.25,28404,77.65
2026-01-29 10:55:00,F0276,25.91,37.51,35.7,25.83,54066,49.53
2026-01-29 11:00:00,F0552,41.98,94.91,47.78,15.97,86392,24.04
2026-01-29 11:05:00,F0020,39.29,68.9,78.93,17.82,50966,33.01
2026-01-29 11:10:00,F0750,24.44,69.55,32.91,19.95,28015,96.57
2026-01-29 11:15:00,F0521,33.95,35.54,19.21,24.08,78180,71.37
2026-01-29 11:20:00,F0399,41.13,88.2,21.46,22.36,92660,47.81
2026-01-29 11:25:00,F0360,34.23,33.11,16.41,26.06,66310,81.79
2026-01-29 11:30:00,F0472,25.88,91.55,30.9,26.71,30277,78.83
2026-01-29 11:35:00,F0565,21.26,42.52,19.07,32.07,37814,41.97
2026-01-29 11:40:00,F0398,30.86,71.48,16.24,30.36,83708,63.33
2026-01-29 11:45:00,F0251,30.16,76.47,82.94,21.86,15305,63.93
2026-01-29 11:50:00,F0317,22.25,44.68,86.33,32.02,43359,56.29
2026-01-29 11:55:00,F0068,29.28,82.64,87.12,25.32,30955,87.28
2026-01-29 12:00:00,F0499,33.87,34.34,46.67,19.43,6796,47.68
2026-01-29 12:05:00,F0809,35.38,66.72,21.22,25.88,31533,26.32
2026-01-29 12:10:00,F0039,30.82,87.1,27.38,29.9,62325,45.08
2026-01-29 12:15:00,F0870,36.59,77.27,60.41,29.13,1034,54.74
2026-01-29 12:20:00,F0023,25.22,62.85,61.22,23.93,81048,97.57
2026-01-29 12:25:00,F0394,27.67,84.65,21.37,31.95,73892,34.95
2026-01-29 12:30:00,F0592,21.11,35.65,16.31,26.06,66884,54.46
2026-01-29 12:35:00,F0225,26.67,82.58,16.68,26.34,30256,99.09
2026-01-29 12:40:00,F0708,27.06,37.34,34.64,34.89,18647,60.13
2026-01-29 12:45:00,F0606,27.79,67.63,53.7,24.3,87411,57.99
2026-01-29 12:50:00,F0663,27.47,58.08,33.78,22.29,37026,83.89
2026-01-29 12:55:00,F0983,27.17,48.18,66.31,18.97,55532,84.74
2026-01-29 13:00:00,F0787,31.63,79.4,64.83,22.78,45974,62.3
2026-01-29 13:05:00,F0247,19.31,42.88,77.48,27.3,88014,76.23
2026-01-29 13:10:00,F0566,36.65,53.94,61.98,36.94,34287,79.56
2026-01-29 13:15:00,F0632,20.32,85.69,17.94,26.91,31475,43.22
2026-01-29 13:20:00,F0571,39.96,45.6,21.41,28.98,99830,92.25
2026-01-29 13:25:00,F0452,35.39,40.63,48.96,36.64,58997,60.49
2026-01-29 13:30:00,F0215,24.93,62.29,77.65,29.41,25629,31.01
2026-01-29 13:35:00,F0981,30.05,91.03,21.67,30.23,12275,91.89
2026-01-29 13:40:00,F0503,28.85,36.1,15.51,21.54,23873,24.26
2026-01-29 13:45:00,F0939,29.79,44.22,19.95,22.15,60638,80.55
2026-01-29 13:50:00,F0268,20.53,70.73,19.98,21.26,70266,20.46
2026-01-29 13:55:00,F0812,19.49,78.86,80.74,17.08,32299,24.72
2026-01-29 14:00:00,F0859,34.49,40.95,23.81,33.96,78171,21.47
2026-01-29 14:05:00,F0938,18.19,36.09,76.57,20.69,85218,65.66
2026-01-29 14:10:00,F0112,26.53,71.36,79.83,35.24,77050,32.0
2026-01-29 14:15:00,F0787,29.81,39.57,36.64,29.84,94150,53.64
2026-01-29 14:20:00,F0296,25.74,34.91,69.86,32.06,41665,54.1
2026-01-29 14:25:00,F0588,39.35,54.26,66.62,27.54,26698,36.51
2026-01-29 14:30:00,F0407,40.66,70.37,48.23,26.21,6832,94.44
2026-01-29 14:35:00,F0645,41.1,36.78,53.65,32.07,91128,29.5
2026-01-29 14:40:00,F0190,34.74,69.58,16.12,26.75,30390,37.82
2026-01-29 14:45:00,F0535,39.31,84.78,43.19,24.71,75260,57.61
2026-01-29 14:50:00,F0651,37.28,67.74,55.76,16.62,50413,52.25
2026-01-29 14:55:00,F0700,32.81,37.68,69.72,28.2,75256,89.78
2026-01-29 15:00:00,F0747,35.21,59.74,48.98,15.62,66845,84.95
2026-01-29 15:05:00,F0435,34.7,54.49,49.2,35.82,39855,94.11
2026-01-29 15:10:00,F0751,28.18,84.59,48.74,30.26,42910,68.04
2026-01-29 15:15:00,F0932,29.14,58.19,31.05,30.3,83137,60.56
2026-01-29 15:20:00,F0041,39.66,50.68,69.93,24.46,18446,35.37
2026-01-29 15:25:00,F0749,23.96,60.87,77.84,20.15,32300,42.32
2026-01-29 15:30:00,F0791,24.78,36.07,64.82,19.04,66373,64.99
2026-01-29 15:35:00,F0415,37.58,59.17,48.51,29.83,72384,92.38
2026-01-29 15:40:00,F0377,24.28,56.17,70.79,32.37,21369,26.51
2026-01-29 15:45:00,F0471,41.88,91.03,25.15,20.72,1397,71.06
2026-01-29 15:50:00,F0527,37.16,74.23,58.78,33.38,67573,62.02
2026-01-29 15:55:00,F0016,41.6,93.91,73.18,36.68,78125,72.52
2026-01-29 16:00:00,F0355,26.01,78.87,76.27,24.16,29572,24.41
2026-01-29 16:05:00,F0536,30.9,62.38,66.28,25.09,96934,66.57
2026-01-29 16:10:00,F0071,37.98,73.7,73.78,15.23,17698,35.07
2026-01-29 16:15:00,F0679,33.58,52.48,36.15,32.78,39483,69.97
2026-01-29 16:20:00,F0577,37.84,50.17,78.75,15.07,72559,97.73
2026-01-29 16:25:00,F0293,30.99,55.81,24.3,31.18,99890,81.7
2026-01-29 16:30:00,F0301,32.63,71.03,77.15,23.67,34567,36.16
2026-01-29 16:35:00,F0383,37.93,93.31,79.38,37.31,33848,28.35
2026-01-29 16:40:00,F0956,21.39,75.24,67.06,24.01,60657,34.28
2026-01-29 16:45:00,F0012,30.13,54.66,56.97,26.33,11927,91.23
2026-01-29 16:50:00,F0253,21.42,36.57,80.59,24.16,59827,24.95
2026-01-29 16:55:00,F0694,38.78,34.98,49.88,25.69,1951,41.42
2026-01-29 17:00:00,F0342,35.18,67.2,59.89,31.48,6907,58.11
2026-01-29 17:05:00,F0081,39.84,86.32,56.27,30.37,3929,31.99
2026-01-29 17:10:00,F0081,23.82,94.5,58.7,24.14,42049,22.8
2026-01-29 17:15:00,F0941,25.5,37.08,84.26,17.07,32184,43.63
2026-01-29 17:20:00,F0961,41.44,88.44,34.26,17.02,54438,86.83
2026-01-29 17:25:00,F0354,26.74,51.3,75.49,19.22,33417,88.75
2026-01-29 17:30:00,F0957,41.63,53.67,20.62,33.26,99965,44.14
2026-01-29 17:35:00,F0635,20.09,72.63,45.46,15.54,26742,50.55
2026-01-29 17:40:00,F0239,30.3,76.47,53.17,22.65,8144,55.72
2026-01-29 17:45:00,F0302,24.29,51.16,82.45,22.29,86389,20.12
2026-01-29 17:50:00,F0581,20.1,53.78,44.82,25.6,52489,72.1
2026-01-29 17:55:00,F0629,28.25,82.53,73.48,26.04,67489,70.01
2026-01-29 18:00:00,F0842,38.3,47.21,38.17,22.87,36918,95.86
2026-01-29 18:05:00,F0283,31.14,58.16,72.82,16.49,42464,37.29
2026-01-29 18:10:00,F0940,18.59,31.13,34.91,37.16,97321,80.55
2026-01-29 18:15:00,F0854,30.5,32.55,81.54,36.58,79456,32.27
2026-01-29 18:20:00,F0729,24.18,77.57,42.3,32.93,27798,31.58
2026-01-29 18:25:00,F0467,20.06,32.25,61.37,28.41,23671,54.34
2026-01-29 18:30:00,F0977,41.84,80.54,88.44,20.42,68691,41.22
2026-01-29 18:35:00,F0484,35.07,77.64,57.07,28.24,21739,71.77
2026-01-29 18:40:00,F0372,19.17,69.37,89.54,34.75,32343,65.32
2026-01-29 18:45:00,F0753,40.61,72.82,76.37,33.42,17656,45.43
2026-01-29 18:50:00,F0226,21.22,65.91,42.1,32.18,16692,28.89
2026-01-29 18:55:00,F0712,38.71,69.49,68.12,37.51,98420,28.65
2026-01-29 19:00:00,F0524,36.46,89.16,30.89,35.33,57047,33.86
2026-01-29 19:05:00,F0245,36.2,37.32,30.89,36.24,86936,69.81
2026-01-29 19:10:00,F0275,26.74,56.94,57.79,26.35,53426,29.79
2026-01-29 19:15:00,F0733,31.75,30.51,61.51,16.96,62911,31.25
2026-01-29 19:20:00,F0972,39.98,39.71,32.13,37.61,43764,65.2
2026-01-29 19:25:00,F0255,35.56,53.49,21.17,23.59,47166,54.54
2026-01-29 19:30:00,F0729,36.11,85.79,68.96,31.52,47405,75.84
2026-01-29 19:35:00,F0649,18.53,47.72,84.72,35.95,4675,65.96
2026-01-29 19:40:00,F0107,24.4,59.01,52.23,32.39,57244,64.05
2026-01-29 19:45:00,F0545,33.99,64.99,20.81,29.96,39040,42.83
2026-01-29 19:50:00,F0561,21.87,89.63,45.01,23.63,79366,59.06
2026-01-29 19:55:00,F0218,30.56,85.46,36.36,34.93,87473,71.12
2026-01-29 20:00:00,F0450,39.08,39.2,68.75,20.01,19226,96.64
2026-01-29 20:05:00,F0259,21.81,58.13,48.97,35.03,96032,37.19
2026-01-29 20:10:00,F0525,35.91,40.31,33.85,21.75,18874,94.71
2026-01-29 20:15:00,F0797,29.64,82.87,36.01,22.98,1973,42.2
2026-01-29 20:20:00,F0477,24.79,35.87,46.82,19.94,36239,26.24
2026-01-29 20:25:00,F0353,29.0,49.47,69.91,23.89,43171,34.6
2026-01-29 20:30:00,F0359,23.21,67.64,62.4,21.17,36208,73.02
2026-01-29 20:35:00,F0773,23.57,77.25,23.9,36.86,49371,45.54
2026-01-29 20:40:00,F0006,36.08,72.39,60.28,26.1,35581,59.53
2026-01-29 20:45:00,F0735,31.05,37.86,39.17,25.36,57090,53.88
2026-01-29 20:50:00,F0355,37.0,30.03,67.94,36.59,25536,22.1
2026-01-29 20:55:00,F0200,33.83,59.16,89.17,20.96,38389,63.84
2026-01-29 21:00:00,F0488,21.96,63.67,58.83,17.97,16355,47.88
2026-01-29 21:05:00,F0948,30.45,79.17,88.35,20.47,43299,80.12
2026-01-29 21:10:00,F0563,21.2,33.34,88.6,34.67,67678,34.05
2026-01-29 21:15:00,F0742,29.37,62.64,15.32,26.54,24914,33.68
2026-01-29 21:20:00,F0037,31.93,38.41,28.27,17.65,85769,76.27
2026-01-29 21:25:00,F0608,24.57,39.37,62.64,30.61,65371,65.19
2026-01-29 21:30:00,F0217,19.19,40.19,79.9,28.36,78002,87.67
2026-01-29 21:35:00,F0595,18.27,50.48,16.71,33.29,22997,33.55
2026-01-29 21:40:00,F0613,31.47,81.87,78.3,34.26,75996,98.06
2026-01-29 21:45:00,F0585,37.88,88.52,33.57,33.14,91610,84.75
2026-01-29 21:50:00,F0684,24.02,43.76,47.34,15.78,24358,87.26
2026-01-29 21:55:00,F0307,19.18,30.29,63.66,25.89,5208,21.0
2026-01-29 22:00:00,F0493,36.53,36.77,22.94,22.98,50779,63.37
2026-01-29 22:05:00,F0152,25.05,30.88,53.26,37.97,77746,49.53
2026-01-29 22:10:00,F0590,21.88,73.85,55.6,17.69,47942,26.74
2026-01-29 22:15:00,F0192,21.37,85.91,46.25,23.81,6955,21.72
2026-01-29 22:20:00,F0587,32.0,76.71,87.5,21.66,37786,93.47
2026-01-29 22:25:00,F0106,36.7,37.15,89.43,35.66,31763,52.46
2026-01-29 22:30:00,F0853,40.11,76.84,33.61,17.89,46077,69.09
2026-01-29 22:35:00,F0821,33.91,31.39,22.93,22.27,76472,54.09
2026-01-29 22:40:00,F0286,30.51,43.24,72.01,31.07,74973,94.5
2026-01-29 22:45:00,F0705,28.6,89.87,46.98,26.28,44936,44.98
2026-01-29 22:50:00,F0963,41.87,85.93,75.71,31.84,75315,75.19
2026-01-29 22:55:00,F0919,26.15,70.36,81.57,32.45,43470,84.26
2026-01-29 23:00:00,F0084,36.9,49.63,65.36,30.07,7765,23.56
2026-01-29 23:05:00,F0091,32.4,35.42,63.32,32.13,7171,38.57
2026-01-29 23:10:00,F0194,23.25,82.96,82.71,29.35,15995,70.04
2026-01-29 23:15:00,F0482,22.31,47.27,86.82,32.33,12358,49.83
2026-01-29 23:20:00,F0546,41.09,90.51,63.43,24.98,33453,85.44
2026-01-29 23:25:00,F0113,41.6,72.19,65.0,27.47,8401,50.03
2026-01-29 23:30:00,F0066,26.23,39.48,82.62,17.67,92335,61.75
2026-01-29 23:35:00,F0513,32.9,51.97,34.26,31.32,16030,69.92
2026-01-29 23:40:00,F0743,35.04,51.14,58.55,17.7,27907,38.62
2026-01-29 23:45:00,F0670,27.36,49.86,24.0,20.13,29574,83.12
2026-01-29 23:50:00,F0923,24.33,94.43,70.84,31.1,75294,63.75
2026-01-29 23:55:00,F0912,20.81,36.99,82.28,20.7,22577,34.49
2026-01-30 00:00:00,F0858,24.51,40.33,41.05,21.11,75522,85.84
2026-01-30 00:05:00,F0322,19.93,63.4,61.9,26.53,85113,66.34
2026-01-30 00:10:00,F0513,33.69,51.47,39.43,37.79,79396,29.02
2026-01-30 00:15:00,F0292,38.94,56.05,56.85,33.18,85077,91.86
2026-01-30 00:20:00,F0277,26.81,76.39,55.04,28.67,4751,97.97
2026-01-30 00:25:00,F0291,32.81,33.21,18.5,35.2,5385,96.48
2026-01-30 00:30:00,F0427,32.08,56.05,55.57,28.87,92949,37.28
2026-01-30 00:35:00,F0957,41.32,88.19,21.43,25.82,23078,51.15
2026-01-30 00:40:00,F0395,24.91,79.55,77.7,20.47,7315,55.76
2026-01-30 00:45:00,F0003,26.08,83.21,57.52,30.08,57444,42.25
2026-01-30 00:50:00,F0529,20.77,54.41,23.27,28.23,58883,69.91
2026-01-30 00:55:00,F0379,20.35,82.29,89.46,28.92,4339,63.22
2026-01-30 01:00:00,F0337,23.16,62.42,58.44,23.14,47841,77.02
2026-01-30 01:05:00,F0201,32.25,35.53,42.32,34.37,57966,50.82
2026-01-30 01:10:00,F0735,25.97,87.49,87.34,20.88,61584,96.44
2026-01-30 01:15:00,F0109,37.03,79.98,45.77,27.61,96955,29.94
2026-01-30 01:20:00,F0481,33.07,81.83,70.61,35.08,93410,70.17
2026-01-30 01:25:00,F0245,22.22,35.26,49.83,29.45,29565,21.83
2026-01-30 01:30:00,F0643,36.64,37.84,70.39,17.96,95156,33.82
2026-01-30 01:35:00,F0344,40.03,65.38,21.36,32.03,82526,72.02
2026-01-30 01:40:00,F0170,35.71,60.12,22.39,23.34,13500,63.64
2026-01-30 01:45:00,F0461,41.94,85.88,38.33,21.05,62380,54.78
2026-01-30 01:50:00,F0717,37.12,31.26,34.05,30.14,19211,84.36
2026-01-30 01:55:00,F0354,32.6,87.31,38.67,17.13,45382,40.53
2026-01-30 02:00:00,F0896,26.4,49.59,88.85,28.07,47249,27.02
2026-01-30 02:05:00,F0401,19.53,67.29,82.65,15.41,9744,98.91
2026-01-30 02:10:00,F0676,34.89,31.82,80.88,37.01,44873,44.28
2026-01-30 02:15:00,F0661,25.22,85.64,46.71,29.93,50039,31.57
2026-01-30 02:20:00,F0113,28.1,46.0,82.74,29.15,98043,37.37
2026-01-30 02:25:00,F0597,41.43,81.59,65.47,25.52,53913,51.23
2026-01-30 02:30:00,F0412,29.67,75.6,78.51,29.82,24820,21.13
2026-01-30 02:35:00,F0864,23.77,84.45,72.48,26.06,78820,59.51
2026-01-30 02:40:00,F0415,40.11,52.57,56.81,17.36,18165,42.2
2026-01-30 02:45:00,F0776,19.4,60.73,56.3,25.02,43899,23.41
2026-01-30 02:50:00,F0817,32.97,77.77,18.66,17.37,19226,99.34
2026-01-30 02:55:00,F0471,20.87,80.47,46.13,19.75,80593,71.69
2026-01-30 03:00:00,F0367,22.33,57.27,21.36,37.94,59646,33.87
2026-01-30 03:05:00,F0427,26.24,62.82,77.84,19.69,57964,27.89
2026-01-30 03:10:00,F0344,33.74,46.9,25.24,25.41,1713,26.58
2026-01-30 03:15:00,F0995,38.2,38.32,30.17,32.82,18382,71.49
2026-01-30 03:20:00,F0929,19.38,40.79,79.67,30.73,6647,42.03
2026-01-30 03:25:00,F0891,35.35,60.62,38.17,32.96,13306,63.56
2026-01-30 03:30:00,F0790,41.74,81.76,31.51,17.6,11160,47.21
2026-01-30 03:35:00,F0303,34.73,44.29,78.76,19.09,97783,64.44
2026-01-30 03:40:00,F0472,26.15,74.62,73.25,20.95,32037,39.02
2026-01-30 03:45:00,F0295,31.51,37.2,26.26,31.18,77929,53.2
2026-01-30 03:50:00,F0373,40.83,60.34,19.73,23.83,86126,68.92
2026-01-30 03:55:00,F0736,19.13,94.66,27.07,24.98,73362,77.03
2026-01-30 04:00:00,F0526,19.11,30.2,53.39,34.99,11968,86.55
2026-01-30 04:05:00,F0844,39.55,83.87,40.22,21.05,89236,27.01
2026-01-30 04:10:00,F0138,40.75,78.97,22.53,17.39,72584,35.23
2026-01-30 04:15:00,F0909,34.62,48.87,79.12,16.79,76372,77.07
2026-01-30 04:20:00,F0608,39.64,47.3,67.3,22.86,48933,90.62
2026-01-30 04:25:00,F0917,28.49,55.23,58.64,31.36,20731,47.51
2026-01-30 04:30:00,F0421,28.83,36.71,51.41,32.25,6662,38.25
2026-01-30 04:35:00,F0999,26.8,93.15,66.9,17.81,59243,47.26
2026-01-30 04:40:00,F0353,41.51,82.66,69.08,18.97,1762,23.78
2026-01-30 04:45:00,F0134,22.44,93.57,24.68,37.26,59995,27.32
2026-01-30 04:50:00,F0395,25.47,94.22,64.66,19.43,91936,48.45
2026-01-30 04:55:00,F0087,37.47,70.47,48.87,32.11,9577,25.28
2026-01-30 05:00:00,F0325,21.2,94.26,27.13,32.3,2142,87.07
2026-01-30 05:05:00,F0997,32.77,74.31,30.92,16.28,62755,54.32
2026-01-30 05:10:00,F0263,21.02,71.23,68.55,33.14,96380,81.85
2026-01-30 05:15:00,F0511,40.08,84.27,79.73,20.65,6257,26.22
2026-01-30 05:20:00,F0628,38.84,32.01,66.08,21.04,5701,23.84
2026-01-30 05:25:00,F0340,22.46,90.03,38.35,22.83,51733,91.88
2026-01-30 05:30:00,F0548,37.46,76.15,21.67,19.61,79272,48.67
2026-01-30 05:35:00,F0484,34.46,41.8,49.45,31.24,70376,38.41
2026-01-30 05:40:00,F0588,39.74,77.96,15.61,22.83,29110,34.51
2026-01-30 05:45:00,F0275,30.69,65.39,84.65,26.31,54636,67.89
2026-01-30 05:50:00,F0743,35.06,53.2,50.48,24.17,41877,37.07
2026-01-30 05:55:00,F0361,41.1,92.07,56.56,17.3,56535,38.88
2026-01-30 06:00:00,F0075,21.99,72.65,37.16,30.73,34969,56.29
2026-01-30 06:05:00,F0596,34.88,93.09,80.03,36.83,54242,22.73
2026-01-30 06:10:00,F0522,24.37,82.42,55.81,36.82,74140,32.65
2026-01-30 06:15:00,F0168,23.12,76.39,65.93,29.59,38955,42.27
2026-01-30 06:20:00,F0808,37.3,81.77,55.19,27.08,88143,51.61
2026-01-30 06:25:00,F0635,36.99,77.79,37.59,22.56,92704,41.0
2026-01-30 06:30:00,F0121,33.1,60.13,61.55,28.49,34649,30.6
2026-01-30 06:35:00,F0736,19.33,34.17,30.22,28.32,36365,38.74
2026-01-30 06:40:00,F0548,21.11,56.21,36.12,24.12,18341,36.92
2026-01-30 06:45:00,F0616,26.44,47.16,70.48,36.88,20306,91.71
2026-01-30 06:50:00,F0742,31.71,37.27,30.6,18.97,2375,85.93
2026-01-30 06:55:00,F0814,29.25,71.51,65.04,16.39,82291,97.0
2026-01-30 07:00:00,F0472,31.48,45.68,60.87,31.67,34466,52.03
2026-01-30 07:05:00,F0405,21.86,76.44,40.77,36.79,28800,65.05
2026-01-30 07:10:00,F0837,32.38,79.45,73.74,28.39,25943,63.92
2026-01-30 07:15:00,F0162,30.41,74.46,76.74,26.73,95533,36.86
2026-01-30 07:20:00,F0941,35.36,30.86,32.72,26.51,70759,71.09
2026-01-30 07:25:00,F0330,26.15,53.61,44.34,17.74,13310,74.77
2026-01-30 07:30:00,F0272,27.95,59.94,52.67,24.09,84178,52.56
2026-01-30 07:35:00,F0074,29.27,90.99,71.52,36.3,89462,56.96
2026-01-30 07:40:00,F0733,22.25,44.95,52.9,17.83,40979,41.53
2026-01-30 07:45:00,F0372,27.83,83.66,41.32,31.32,36199,67.42
2026-01-30 07:50:00,F0464,26.23,72.26,20.23,20.97,99250,36.99
2026-01-30 07:55:00,F0558,24.28,51.08,40.02,15.08,17398,72.44
2026-01-30 08:00:00,F0144,19.76,70.11,66.51,26.99,66901,43.75
2026-01-30 08:05:00,F0103,22.91,38.33,19.03,23.23,80513,39.6
2026-01-30 08:10:00,F0567,31.77,70.15,32.57,37.94,92934,32.16
2026-01-30 08:15:00,F0945,22.45,76.3,27.37,36.95,41469,90.16
2026-01-30 08:20:00,F0829,30.0,56.49,73.69,25.09,90088,52.31
2026-01-30 08:25:00,F0544,22.83,65.59,56.45,23.7,54577,55.87
2026-01-30 08:30:00,F0062,34.41,31.2,15.54,36.74,87929,58.47
2026-01-30 08:35:00,F0227,25.87,85.4,58.53,24.42,48886,73.26
2026-01-30 08:40:00,F0613,26.4,31.18,23.64,17.09,48742,46.59
2026-01-30 08:45:00,F0194,19.24,40.52,31.63,30.75,27022,54.53
2026-01-30 08:50:00,F0265,27.33,67.8,49.88,24.8,84188,46.26
2026-01-30 08:55:00,F0446,25.16,31.49,62.24,21.16,24001,34.68
2026-01-30 09:00:00,F0076,32.87,46.92,75.15,36.91,99911,75.83
2026-01-30 09:05:00,F0185,18.45,85.96,43.12,37.56,22328,28.07
2026-01-30 09:10:00,F0830,41.26,77.84,63.66,32.91,73298,87.19
2026-01-30 09:15:00,F0901,37.83,50.62,26.56,33.95,79091,42.81
2026-01-30 09:20:00,F0377,18.33,92.85,76.23,31.73,8049,57.01
2026-01-30 09:25:00,F0153,41.65,62.69,73.63,28.26,77017,31.98
2026-01-30 09:30:00,F0747,37.83,71.23,56.93,31.35,54256,90.12
2026-01-30 09:35:00,F0518,31.88,30.94,17.34,29.55,45632,95.25
2026-01-30 09:40:00,F0911,39.3,41.7,40.84,36.97,97240,35.65
2026-01-30 09:45:00,F0322,22.19,43.74,89.69,17.37,34369,89.45
2026-01-30 09:50:00,F0784,20.29,83.88,84.96,20.37,59348,21.43
2026-01-30 09:55:00,F0654,21.88,89.29,67.91,35.61,6908,90.0
2026-01-30 10:00:00,F0675,39.28,71.42,41.22,19.21,82334,43.5
2026-01-30 10:05:00,F0806,18.11,91.39,57.76,37.9,79918,92.78
2026-01-30 10:10:00,F0486,35.62,63.32,21.25,36.41,67560,49.56
2026-01-30 10:15:00,F0103,40.52,80.2,16.85,23.25,35765,33.65
2026-01-30 10:20:00,F0845,25.1,79.21,54.2,29.56,41411,28.38
2026-01-30 10:25:00,F0315,29.99,36.79,15.48,26.78,68920,57.04
2026-01-30 10:30:00,F0835,31.83,52.7,73.94,22.44,53505,68.79
2026-01-30 10:35:00,F0851,21.85,68.45,85.13,19.59,83822,81.43
2026-01-30 10:40:00,F0035,33.09,55.87,54.26,30.51,41390,75.9
2026-01-30 10:45:00,F0868,27.69,45.32,15.86,29.33,77256,44.79
2026-01-30 10:50:00,F0794,33.39,36.5,22.69,22.23,76555,34.88
2026-01-30 10:55:00,F0978,39.36,49.63,50.05,36.73,50814,59.23
2026-01-30 11:00:00,F0862,28.96,36.66,40.21,32.91,37690,93.41
2026-01-30 11:05:00,F0753,27.0,92.58,56.69,34.03,27997,74.71
2026-01-30 11:10:00,F0104,27.07,45.38,20.1,37.62,15880,27.55
2026-01-30 11:15:00,F0415,37.32,53.99,75.81,37.78,19121,44.86
2026-01-30 11:20:00,F0928,29.86,57.97,52.04,26.29,22487,45.16
2026-01-30 11:25:00,F0654,23.95,77.59,30.3,22.47,2319,29.8
2026-01-30 11:30:00,F0084,18.65,72.77,75.29,27.8,27622,75.49
2026-01-30 11:35:00,F0804,24.43,73.35,20.07,16.76,12119,27.18
2026-01-30 11:40:00,F0133,19.09,35.31,49.0,22.03,34843,76.02
2026-01-30 11:45:00,F0096,41.89,74.63,57.65,17.22,78075,89.59
2026-01-30 11:50:00,F0281,39.27,42.27,52.55,19.28,9878,33.83
2026-01-30 11:55:00,F0330,37.29,65.04,34.7,32.93,99242,20.7
2026-01-30 12:00:00,F0992,18.6,62.37,58.85,25.61,85378,82.92
2026-01-30 12:05:00,F0460,24.46,42.55,67.04,18.76,36980,34.28
2026-01-30 12:10:00,F0318,34.29,33.95,27.92,29.36,15165,70.34
2026-01-30 12:15:00,F0844,37.03,48.99,45.43,28.95,18248,93.75
2026-01-30 12:20:00,F0002,29.61,75.44,57.88,18.43,99813,81.9
2026-01-30 12:25:00,F0718,20.79,90.58,63.6,37.46,67685,90.35
2026-01-30 12:30:00,F0965,34.61,43.53,88.05,32.36,37259,48.03
2026-01-30 12:35:00,F0597,28.55,53.39,81.7,27.63,75655,91.49
2026-01-30 12:40:00,F0021,34.52,92.04,68.95,22.41,92809,88.56
2026-01-30 12:45:00,F0514,19.1,39.0,37.74,15.04,21137,56.06
2026-01-30 12:50:00,F0205,28.08,38.57,43.39,37.3,95057,92.66
2026-01-30 12:55:00,F0633,39.52,37.07,80.65,35.28,61004,67.96
2026-01-30 13:00:00,F0271,24.87,51.21,40.97,35.6,83966,68.45
2026-01-30 13:05:00,F0411,39.45,31.16,71.96,15.48,71761,81.62
2026-01-30 13:10:00,F0885,21.1,74.42,25.99,37.03,3133,21.1
2026-01-30 13:15:00,F0652,22.13,60.72,15.64,29.67,96780,83.38
2026-01-30 13:20:00,F0143,33.02,57.43,62.36,19.66,80903,31.8
2026-01-30 13:25:00,F0186,40.86,37.86,53.55,17.38,82714,21.67
2026-01-30 13:30:00,F0814,40.83,83.27,76.45,32.79,23875,77.35
2026-01-30 13:35:00,F0154,23.46,62.17,31.91,20.96,36117,25.71
2026-01-30 13:40:00,F0788,39.14,85.23,53.68,27.79,85446,73.4
2026-01-30 13:45:00,F0261,36.18,67.97,59.62,27.46,88735,33.34
2026-01-30 13:50:00,F0687,21.94,74.57,29.37,19.06,96326,44.09
2026-01-30 13:55:00,F0773,38.59,55.69,60.13,28.04,11627,23.63
2026-01-30 14:00:00,F0725,20.25,63.09,29.76,36.54,15539,39.19
2026-01-30 14:05:00,F0233,28.71,78.93,38.85,36.73,24405,26.45
2026-01-30 14:10:00,F0267,26.27,53.22,37.64,25.27,21228,58.25
2026-01-30 14:15:00,F0732,19.23,47.17,53.69,29.04,90301,70.96
2026-01-30 14:20:00,F0505,37.25,80.2,27.4,19.03,45988,69.07
2026-01-30 14:25:00,F0881,28.86,32.07,51.87,26.85,48807,71.82
2026-01-30 14:30:00,F0538,23.09,93.59,77.99,34.47,20013,78.74
2026-01-30 14:35:00,F0770,39.71,94.69,18.92,30.15,85949,82.55
2026-01-30 14:40:00,F0253,18.05,91.81,51.56,36.96,98866,73.14
2026-01-30 14:45:00,F0495,36.25,92.03,41.68,26.93,64769,96.4
2026-01-30 14:50:00,F0745,35.61,77.77,50.09,20.39,31488,46.59
2026-01-30 14:55:00,F0228,30.04,62.42,87.77,37.23,25162,39.73
2026-01-30 15:00:00,F0741,40.33,78.63,83.59,21.69,89460,24.48
2026-01-30 15:05:00,F0448,32.26,48.81,77.37,23.74,14730,96.16
2026-01-30 15:10:00,F0173,29.12,77.99,54.34,18.53,89674,92.12
2026-01-30 15:15:00,F0473,32.53,56.05,35.99,15.83,76291,83.81
2026-01-30 15:20:00,F0362,21.8,47.04,24.96,25.45,56927,29.27
2026-01-30 15:25:00,F0461,35.2,88.37,48.5,16.25,63378,88.09
2026-01-30 15:30:00,F0710,37.93,31.48,23.43,22.39,44268,46.64
2026-01-30 15:35:00,F0401,28.91,86.71,50.99,23.47,6653,91.19
2026-01-30 15:40:00,F0465,35.17,86.32,34.53,28.91,80363,83.22
2026-01-30 15:45:00,F0578,41.71,81.06,51.82,17.86,53240,59.06
2026-01-30 15:50:00,F0504,30.46,84.82,68.38,16.2,3378,84.81
2026-01-30 15:55:00,F0294,41.62,67.41,25.17,30.51,96739,20.15
2026-01-30 16:00:00,F0942,18.23,43.94,37.7,35.66,63890,84.43
2026-01-30 16:05:00,F0124,36.71,75.95,74.25,15.42,26686,69.36
2026-01-30 16:10:00,F0199,19.31,84.61,53.22,34.69,2280,35.23
2026-01-30 16:15:00,F0379,24.47,36.85,84.12,25.14,29841,28.75
2026-01-30 16:20:00,F0955,35.07,53.99,67.08,33.28,36463,64.07
2026-01-30 16:25:00,F0528,33.05,93.33,69.95,17.49,81798,63.29
2026-01-30 16:30:00,F0719,26.76,85.1,57.46,20.25,91990,34.19
2026-01-30 16:35:00,F0598,21.2,84.18,54.39,29.3,19776,92.58
2026-01-30 16:40:00,F0241,39.18,75.54,58.13,27.41,28612,89.94
2026-01-30 16:45:00,F0097,33.1,57.27,17.34,36.88,61290,64.94
2026-01-30 16:50:00,F0933,22.72,32.62,31.69,16.46,51791,66.3
2026-01-30 16:55:00,F0936,31.71,46.73,44.47,15.9,86070,50.39
2026-01-30 17:00:00,F0628,40.78,78.74,78.51,33.84,36725,86.03
2026-01-30 17:05:00,F0601,19.54,65.47,21.14,17.43,35435,73.51
2026-01-30 17:10:00,F0451,36.68,41.39,40.07,25.57,2931,78.92
2026-01-30 17:15:00,F0517,35.93,64.15,25.17,26.57,23992,88.34
2026-01-30 17:20:00,F0017,21.15,71.64,50.65,37.45,24553,58.78
2026-01-30 17:25:00,F0929,37.95,40.29,66.54,34.38,23024,58.97
2026-01-30 17:30:00,F0983,35.51,90.65,65.01,20.55,16802,76.09
2026-01-30 17:35:00,F0227,24.89,77.34,43.78,34.86,72059,32.69
2026-01-30 17:40:00,F0474,28.54,53.75,58.71,18.03,58770,57.29
2026-01-30 17:45:00,F0670,31.72,75.53,45.55,23.11,93072,93.99
2026-01-30 17:50:00,F0976,27.46,77.5,62.88,25.13,99544,24.87
2026-01-30 17:55:00,F0391,37.02,45.1,66.8,27.28,58232,82.5
2026-01-30 18:00:00,F0610,30.1,36.1,67.13,32.4,53500,83.09
2026-01-30 18:05:00,F0629,21.02,36.07,52.31,32.29,52064,81.48
2026-01-30 18:10:00,F0334,23.79,83.75,15.15,36.15,72266,92.8
2026-01-30 18:15:00,F0088,36.77,31.52,51.16,31.17,71834,38.92
2026-01-30 18:20:00,F0899,20.81,84.36,77.38,18.6,54558,36.27
2026-01-30 18:25:00,F0655,24.0,68.14,51.35,32.14,28233,92.92
2026-01-30 18:30:00,F0191,25.63,77.65,21.63,19.57,82918,73.92
2026-01-30 18:35:00,F0165,29.39,86.82,63.63,35.09,35745,72.78
2026-01-30 18:40:00,F0359,35.44,48.43,36.24,26.09,22011,55.5
2026-01-30 18:45:00,F0936,29.86,68.98,28.1,21.5,58406,85.32
2026-01-30 18:50:00,F0747,34.47,89.94,20.69,22.17,54482,94.03
2026-01-30 18:55:00,F0572,27.3,66.95,58.34,21.0,1752,74.48
2026-01-30 19:00:00,F0385,20.89,60.7,60.7,27.23,22666,35.29
2026-01-30 19:05:00,F0385,20.05,66.45,38.79,31.57,27778,92.96
2026-01-30 19:10:00,F0558,29.82,85.87,52.03,15.67,10173,34.14
2026-01-30 19:15:00,F0079,22.23,35.36,27.1,24.33,42427,83.84
2026-01-30 19:20:00,F0988,35.15,66.1,42.4,26.0,5404,33.84
2026-01-30 19:25:00,F0926,27.33,41.08,39.35,34.26,14391,68.63
2026-01-30 19:30:00,F0197,25.61,38.48,87.57,26.67,38766,43.25
2026-01-30 19:35:00,F0499,34.14,81.84,28.77,35.99,34310,22.24
2026-01-30 19:40:00,F0917,20.38,40.91,81.43,18.05,6653,41.23
2026-01-30 19:45:00,F0191,19.12,93.72,55.56,26.51,86161,29.42
2026-01-30 19:50:00,F0299,29.56,70.16,64.39,24.91,87636,57.32
2026-01-30 19:55:00,F0212,18.62,93.15,51.76,28.73,35929,24.02
2026-01-30 20:00:00,F0625,23.19,94.48,41.27,19.9,55508,90.92
2026-01-30 20:05:00,F0699,30.84,82.16,54.78,21.97,86590,28.14
2026-01-30 20:10:00,F0610,35.67,62.15,61.1,37.98,14063,64.53
2026-01-30 20:15:00,F0833,25.83,70.54,15.21,31.6,36627,99.35
2026-01-30 20:20:00,F0768,28.24,46.23,53.46,17.1,75708,40.99
2026-01-30 20:25:00,F0383,40.47,65.07,71.53,22.98,77278,87.8
2026-01-30 20:30:00,F0711,24.05,90.82,22.44,34.22,48654,89.16
2026-01-30 20:35:00,F0562,28.87,82.91,60.63,25.9,19244,89.1
2026-01-30 20:40:00,F0911,26.15,81.05,64.39,22.38,17876,92.74
2026-01-30 20:45:00,F0345,32.81,88.14,75.88,30.23,25202,96.7
2026-01-30 20:50:00,F0173,26.95,87.22,65.81,28.11,48936,94.34
2026-01-30 20:55:00,F0641,18.29,74.26,48.97,22.3,18368,46.42
2026-01-30 21:00:00,F0801,28.27,92.84,26.14,29.23,58898,73.36
2026-01-30 21:05:00,F0533,22.59,30.71,48.29,35.56,54361,36.12
2026-01-30 21:10:00,F0005,27.62,41.77,71.61,29.29,40181,21.04
2026-01-30 21:15:00,F0712,31.88,85.69,17.88,19.8,95405,30.9
2026-01-30 21:20:00,F0633,41.11,37.24,44.26,27.25,29508,52.0
2026-01-30 21:25:00,F0293,33.23,80.02,37.78,15.58,95087,34.58
2026-01-30 21:30:00,F0082,39.91,69.74,43.67,15.44,43584,79.8
2026-01-30 21:35:00,F0288,31.45,34.61,62.94,28.12,17617,63.02
2026-01-30 21:40:00,F0858,25.87,56.1,68.18,18.1,78774,38.73
2026-01-30 21:45:00,F0366,39.66,35.33,51.57,21.9,67985,70.78
2026-01-30 21:50:00,F0194,27.97,45.77,55.52,16.06,71632,40.25
2026-01-30 21:55:00,F0987,18.8,30.39,85.92,34.47,30997,46.98
2026-01-30 22:00:00,F0715,20.52,54.35,29.36,25.06,56324,94.34
2026-01-30 22:05:00,F0068,39.12,32.17,65.5,21.04,53041,36.08
2026-01-30 22:10:00,F0661,19.83,87.49,48.51,28.61,53044,28.32
2026-01-30 22:15:00,F0184,28.12,33.26,55.16,29.0,64745,48.81
2026-01-30 22:20:00,F0344,30.14,50.8,81.58,28.58,88380,58.15
2026-01-30 22:25:00,F0552,40.4,84.54,46.94,24.64,84223,23.45
2026-01-30 22:30:00,F0415,25.92,36.82,56.19,32.27,67502,64.3
2026-01-30 22:35:00,F0293,33.45,75.84,29.56,19.16,63221,71.24
2026-01-30 22:40:00,F0522,36.35,49.07,49.6,35.59,90355,56.97
2026-01-30 22:45:00,F0407,18.95,80.04,74.61,31.97,73366,77.73
2026-01-30 22:50:00,F0686,22.58,65.12,42.99,24.53,99669,95.53
2026-01-30 22:55:00,F0238,40.29,85.48,67.95,22.09,10297,78.08
2026-01-30 23:00:00,F0330,28.22,39.77,49.05,36.01,85205,47.54
2026-01-30 23:05:00,F0967,41.64,40.52,45.07,32.4,74988,63.02
2026-01-30 23:10:00,F0553,19.36,53.88,48.79,33.58,20591,22.12
2026-01-30 23:15:00,F0572,25.82,55.87,76.23,24.71,37383,94.58
2026-01-30 23:20:00,F0949,27.82,55.98,66.47,29.6,74941,82.32
2026-01-30 23:25:00,F0883,21.86,61.52,39.67,33.87,28602,61.22
2026-01-30 23:30:00,F0207,35.42,44.62,64.04,21.06,33636,72.07
2026-01-30 23:35:00,F0367,38.42,63.23,84.83,30.77,66758,84.09
2026-01-30 23:40:00,F0985,33.12,78.45,85.56,33.56,57313,54.78
2026-01-30 23:45:00,F0213,24.21,69.69,83.71,32.68,5582,65.39
2026-01-30 23:50:00,F0022,21.64,64.9,21.18,15.9,27899,91.67
2026-01-30 23:55:00,F0766,28.04,56.61,21.75,27.9,67601,77.4
2026-01-31 00:00:00,F0845,27.74,46.69,67.06,36.14,77067,91.42
2026-01-31 00:05:00,F0401,41.35,39.34,52.06,26.18,55262,47.65
2026-01-31 00:10:00,F0152,38.73,69.58,37.12,32.58,47461,24.99
2026-01-31 00:15:00,F0088,21.7,82.84,58.04,23.32,27388,49.47
2026-01-31 00:20:00,F0468,25.86,68.06,81.88,37.45,10572,96.72
2026-01-31 00:25:00,F0476,38.74,78.45,83.1,23.65,38831,30.9
2026-01-31 00:30:00,F0771,36.88,43.82,16.87,33.86,7350,81.11
2026-01-31 00:35:00,F0486,39.19,32.89,47.89,32.35,39493,44.68
2026-01-31 00:40:00,F0021,30.94,49.24,56.93,23.63,76302,29.37
2026-01-31 00:45:00,F0762,25.76,59.62,71.93,36.13,13473,94.29
2026-01-31 00:50:00,F0984,22.92,37.49,38.91,30.7,36744,67.88
2026-01-31 00:55:00,F0387,22.15,84.41,36.5,29.68,99793,97.34
2026-01-31 01:00:00,F0227,28.86,36.8,22.98,21.44,97053,78.94
2026-01-31 01:05:00,F0712,27.23,74.54,56.98,36.13,25851,68.76
2026-01-31 01:10:00,F0465,34.18,87.08,86.5,18.01,70359,51.45
2026-01-31 01:15:00,F0164,37.49,48.84,61.83,34.4,55149,37.24
2026-01-31 01:20:00,F0369,26.79,53.13,64.98,15.39,19502,25.31
2026-01-31 01:25:00,F0615,34.1,66.84,21.07,36.26,78605,77.19
2026-01-31 01:30:00,F0357,21.1,42.44,82.56,28.26,32015,95.5
2026-01-31 01:35:00,F0086,36.57,55.2,35.37,31.8,8613,46.94
2026-01-31 01:40:00,F0987,32.97,48.85,34.21,30.59,77992,65.41
2026-01-31 01:45:00,F0267,25.51,80.09,20.27,18.15,84872,80.9
2026-01-31 01:50:00,F0517,31.09,60.96,62.37,16.68,98744,70.81
2026-01-31 01:55:00,F0023,38.34,91.26,20.0,36.99,14018,84.36
2026-01-31 02:00:00,F0007,18.81,56.47,51.39,25.85,19909,26.47
2026-01-31 02:05:00,F0920,19.45,48.49,47.37,21.89,46488,74.22
2026-01-31 02:10:00,F0340,34.98,91.17,53.79,33.69,24961,33.23
2026-01-31 02:15:00,F0057,40.87,71.82,75.51,21.51,13403,56.8
2026-01-31 02:20:00,F0019,26.33,86.04,52.34,28.81,19817,69.6
2026-01-31 02:25:00,F0715,38.82,71.9,71.55,34.22,62030,99.15
2026-01-31 02:30:00,F0854,27.12,74.17,63.46,18.26,32501,46.75
2026-01-31 02:35:00,F0538,41.12,94.43,71.87,19.32,74602,70.62
2026-01-31 02:40:00,F0590,34.01,72.88,40.03,25.63,48755,70.85
2026-01-31 02:45:00,F0056,25.3,61.4,17.99,26.98,92446,20.58
2026-01-31 02:50:00,F0972,28.72,38.43,80.65,35.19,48440,47.43
2026-01-31 02:55:00,F0560,21.78,84.77,38.02,27.85,21445,75.74
2026-01-31 03:00:00,F0405,36.3,40.48,24.56,16.34,28295,44.33
2026-01-31 03:05:00,F0216,28.93,88.59,66.01,18.15,31394,88.55
2026-01-31 03:10:00,F0074,24.24,91.68,34.25,26.1,4916,39.92
2026-01-31 03:15:00,F0058,37.05,93.56,70.47,35.68,12152,63.31
2026-01-31 03:20:00,F0712,21.97,43.79,52.12,34.43,16849,75.37
2026-01-31 03:25:00,F0021,24.63,47.58,31.34,23.36,6665,66.71
2026-01-31 03:30:00,F0055,37.62,68.18,75.2,33.86,6377,73.09
2026-01-31 03:35:00,F0859,27.81,31.28,69.68,36.23,53976,60.31
2026-01-31 03:40:00,F0683,30.64,54.28,54.11,21.97,22333,48.12
2026-01-31 03:45:00,F0870,29.15,55.36,41.38,22.72,91849,54.78
2026-01-31 03:50:00,F0787,39.27,50.26,25.62,19.03,65709,47.3
2026-01-31 03:55:00,F0089,32.47,39.52,41.97,31.28,58832,44.97
2026-01-31 04:00:00,F0287,21.3,42.16,78.57,17.07,51512,24.64
2026-01-31 04:05:00,F0984,39.39,41.35,53.19,17.35,36993,68.73
2026-01-31 04:10:00,F0461,19.82,48.7,71.0,31.82,92807,37.79
2026-01-31 04:15:00,F0326,28.96,62.42,61.71,17.76,34220,24.06
2026-01-31 04:20:00,F0604,23.89,54.91,87.4,23.63,99881,38.32
2026-01-31 04:25:00,F0070,40.08,51.97,41.34,20.02,62205,36.01
2026-01-31 04:30:00,F0305,39.91,93.88,63.76,20.01,94988,96.34
2026-01-31 04:35:00,F0328,41.44,53.14,25.71,35.3,57505,99.3
2026-01-31 04:40:00,F0308,40.17,70.91,44.13,37.26,82529,66.94
2026-01-31 04:45:00,F0070,26.29,71.39,56.57,26.25,84278,22.28
2026-01-31 04:50:00,F0251,35.1,78.96,84.51,37.99,14486,93.58
2026-01-31 04:55:00,F0686,36.57,75.1,63.18,29.66,17630,95.55
2026-01-31 05:00:00,F0537,38.5,42.96,54.91,24.43,82797,21.69
2026-01-31 05:05:00,F0321,18.57,55.73,22.44,31.48,47275,49.11
2026-01-31 05:10:00,F0100,19.04,90.5,75.49,29.39,17072,64.99
2026-01-31 05:15:00,F0412,37.09,69.38,43.58,17.4,49788,64.38
2026-01-31 05:20:00,F0623,18.66,61.72,70.05,25.08,17524,67.41
2026-01-31 05:25:00,F0926,18.19,35.15,28.96,24.54,29023,71.34
2026-01-31 05:30:00,F0365,36.2,40.96,80.49,19.28,52163,23.89
2026-01-31 05:35:00,F0655,39.03,34.5,22.24,29.37,64105,53.4
2026-01-31 05:40:00,F0011,26.24,46.04,72.29,34.65,73316,82.98
2026-01-31 05:45:00,F0753,40.52,34.37,76.48,21.84,59655,26.68
2026-01-31 05:50:00,F0752,18.03,38.51,33.55,26.42,14810,22.57
2026-01-31 05:55:00,F0836,34.73,80.81,24.45,36.85,48900,69.88
2026-01-31 06:00:00,F0144,20.89,41.76,75.88,33.56,27584,88.85
2026-01-31 06:05:00,F0521,32.72,79.59,62.74,22.47,94431,40.1
2026-01-31 06:10:00,F0819,22.9,93.09,21.12,18.17,11304,78.97
2026-01-31 06:15:00,F0662,33.7,84.63,44.63,32.73,9739,83.24
2026-01-31 06:20:00,F0538,34.61,79.53,69.77,35.05,86452,25.33
2026-01-31 06:25:00,F0551,29.88,91.07,30.69,15.46,42872,44.07
2026-01-31 06:30:00,F0303,26.68,42.32,56.04,20.11,13467,31.89
2026-01-31 06:35:00,F0300,39.65,30.23,84.81,28.34,26308,40.47
2026-01-31 06:40:00,F0106,23.66,72.33,75.1,36.45,37477,75.4
2026-01-31 06:45:00,F0461,39.56,56.76,71.34,26.1,86165,64.52
2026-01-31 06:50:00,F0699,27.23,38.44,59.05,19.41,72870,75.2
2026-01-31 06:55:00,F0195,20.12,87.05,82.85,36.68,99787,69.25
2026-01-31 07:00:00,F0567,33.6,80.62,77.3,32.96,58755,81.16
2026-01-31 07:05:00,F0871,24.0,87.47,64.98,26.91,44156,62.86
2026-01-31 07:10:00,F0056,22.24,40.51,68.98,37.53,90905,20.46
2026-01-31 07:15:00,F0099,31.3,33.53,71.82,35.11,17580,46.86
2026-01-31 07:20:00,F0460,32.18,78.82,69.76,21.53,36521,48.07
2026-01-31 07:25:00,F0962,20.95,82.29,17.87,25.12,39945,71.25
2026-01-31 07:30:00,F0067,35.58,30.5,71.86,27.8,2950,53.27
2026-01-31 07:35:00,F0742,24.64,42.99,69.47,17.37,90508,73.62
2026-01-31 07:40:00,F0263,22.01,58.88,69.52,22.95,36333,34.82
2026-01-31 07:45:00,F0235,29.04,45.49,30.81,20.94,60802,30.04
2026-01-31 07:50:00,F0319,41.66,57.26,61.4,26.72,86288,72.01
2026-01-31 07:55:00,F0963,39.63,40.78,82.34,34.52,29986,46.93
2026-01-31 08:00:00,F0189,40.97,41.83,85.06,21.02,52844,71.18
2026-01-31 08:05:00,F0008,22.62,63.66,51.91,17.55,63496,90.95
2026-01-31 08:10:00,F0348,30.67,62.12,66.5,26.29,44904,31.23
2026-01-31 08:15:00,F0187,36.93,85.2,81.63,30.36,95847,92.6
2026-01-31 08:20:00,F0035,35.61,30.79,26.27,30.22,37861,30.63
2026-01-31 08:25:00,F0952,41.99,42.2,65.84,27.53,84963,36.87
2026-01-31 08:30:00,F0309,26.95,79.93,30.76,34.22,8121,30.02
2026-01-31 08:35:00,F0322,33.92,56.74,55.73,24.27,55460,65.27
2026-01-31 08:40:00,F0656,36.13,56.46,40.41,23.63,82633,93.62
2026-01-31 08:45:00,F0632,19.7,67.51,55.65,35.13,91934,29.14
2026-01-31 08:50:00,F0226,35.03,88.25,37.03,22.25,43040,39.81
2026-01-31 08:55:00,F0166,32.32,62.37,29.24,34.63,77223,44.93
2026-01-31 09:00:00,F0910,21.75,43.58,52.76,27.5,87159,51.51
2026-01-31 09:05:00,F0408,40.81,56.0,33.29,21.89,68128,84.84
2026-01-31 09:10:00,F0618,19.96,52.05,69.87,23.72,23575,43.63
2026-01-31 09:15:00,F0813,29.15,30.37,41.72,37.69,88407,65.91
2026-01-31 09:20:00,F0073,40.18,90.58,34.55,15.73,57180,49.7
2026-01-31 09:25:00,F0277,41.7,55.79,22.17,19.17,56583,58.6
2026-01-31 09:30:00,F0656,37.27,76.73,88.21,35.5,61034,48.52
2026-01-31 09:35:00,F0232,26.36,43.02,33.62,36.53,55162,33.14
2026-01-31 09:40:00,F0579,23.19,49.63,60.04,24.71,44347,28.69
2026-01-31 09:45:00,F0710,30.77,40.07,86.45,19.91,7909,67.51
2026-01-31 09:50:00,F0307,29.69,32.36,57.57,25.29,97936,85.53
2026-01-31 09:55:00,F0687,36.31,35.44,35.49,36.05,90574,37.48
2026-01-31 10:00:00,F0793,40.11,46.79,38.42,26.17,77022,87.47
2026-01-31 10:05:00,F0596,35.57,80.42,53.19,18.44,89112,33.2
2026-01-31 10:10:00,F0630,20.42,48.61,59.66,36.29,28944,80.28
2026-01-31 10:15:00,F0655,33.65,40.37,18.58,36.49,12015,80.84
2026-01-31 10:20:00,F0083,34.84,74.75,53.6,25.3,35593,90.86
2026-01-31 10:25:00,F0270,36.69,59.12,89.02,34.18,60034,35.95
2026-01-31 10:30:00,F0004,28.98,64.57,88.17,24.29,34194,40.08
2026-01-31 10:35:00,F0118,33.92,94.04,44.54,28.86,88721,26.57
2026-01-31 10:40:00,F0733,36.3,74.62,68.51,22.89,95382,65.72
2026-01-31 10:45:00,F0690,29.1,91.9,16.57,32.29,11124,66.21
2026-01-31 10:50:00,F0597,37.34,79.52,58.73,31.51,92523,68.13
2026-01-31 10:55:00,F0649,25.64,81.25,78.49,36.05,38834,33.49
2026-01-31 11:00:00,F0082,25.48,39.22,48.29,15.65,47907,26.55
2026-01-31 11:05:00,F0172,38.03,64.05,39.68,34.38,66726,65.26
2026-01-31 11:10:00,F0796,39.82,72.23,17.25,17.65,98424,38.87
2026-01-31 11:15:00,F0464,34.4,44.55,21.55,28.03,16280,22.96
2026-01-31 11:20:00,F0319,33.5,67.86,28.46,24.25,16796,91.12
2026-01-31 11:25:00,F0987,21.62,70.73,34.47,30.06,76356,78.09
2026-01-31 11:30:00,F0979,33.35,88.57,45.03,35.05,14135,72.19
2026-01-31 11:35:00,F0054,30.29,30.51,47.61,25.17,7918,41.48
2026-01-31 11:40:00,F0693,36.58,77.93,41.93,30.8,79482,21.48
2026-01-31 11:45:00,F0219,25.73,73.6,77.27,23.91,20622,79.65
2026-01-31 11:50:00,F0541,21.81,85.4,57.64,26.52,70834,60.22
2026-01-31 11:55:00,F0497,27.56,70.49,20.9,31.52,55876,42.61
2026-01-31 12:00:00,F0784,40.83,75.11,36.18,37.79,11548,31.89
2026-01-31 12:05:00,F0289,31.67,32.27,60.17,29.79,66503,23.39
2026-01-31 12:10:00,F0402,21.51,39.31,40.06,24.0,94327,97.1
2026-01-31 12:15:00,F0215,27.16,37.21,78.46,37.69,70954,57.94
2026-01-31 12:20:00,F0725,25.69,36.67,78.33,18.72,82342,60.55
2026-01-31 12:25:00,F0510,35.59,89.56,52.78,37.17,97790,84.09
2026-01-31 12:30:00,F0583,28.34,56.77,35.02,28.19,37640,61.16
2026-01-31 12:35:00,F0825,37.0,86.56,62.26,24.31,6785,29.79
2026-01-31 12:40:00,F0826,28.15,52.01,83.85,24.51,58601,62.14
2026-01-31 12:45:00,F0341,23.54,38.91,61.36,32.62,29229,69.05
2026-01-31 12:50:00,F0043,23.45,55.4,20.69,29.07,74812,36.68
2026-01-31 12:55:00,F0388,35.56,46.11,55.63,36.36,97963,51.77
2026-01-31 13:00:00,F0115,33.18,76.89,80.92,33.26,38407,98.74
2026-01-31 13:05:00,F0889,41.32,91.51,29.2,24.04,27174,55.95
2026-01-31 13:10:00,F0538,18.21,44.21,20.97,16.67,57794,45.76
2026-01-31 13:15:00,F0902,31.07,59.65,86.7,33.01,91475,31.73
2026-01-31 13:20:00,F0258,38.08,51.96,39.49,22.3,52096,37.69
2026-01-31 13:25:00,F0395,35.98,43.63,29.63,31.24,88465,80.43
2026-01-31 13:30:00,F0214,39.99,39.29,64.48,18.23,24067,36.86
2026-01-31 13:35:00,F0060,39.73,92.92,28.73,16.3,65498,67.56
2026-01-31 13:40:00,F0996,41.22,65.68,28.95,15.71,85236,62.97
2026-01-31 13:45:00,F0577,40.52,77.92,52.38,16.06,13126,33.95
2026-01-31 13:50:00,F0206,26.04,59.08,67.62,33.67,98608,37.42
2026-01-31 13:55:00,F0507,33.12,76.04,41.03,15.16,24426,68.03
2026-01-31 14:00:00,F0604,37.99,70.37,61.43,35.42,9903,38.75
2026-01-31 14:05:00,F0455,18.35,48.58,81.25,35.29,94515,20.56
2026-01-31 14:10:00,F0566,39.33,33.21,69.31,25.87,39889,68.15
2026-01-31 14:15:00,F0081,40.2,35.25,31.94,18.57,18628,35.7
2026-01-31 14:20:00,F0422,31.92,78.66,61.74,27.56,20369,81.85
2026-01-31 14:25:00,F0575,23.38,45.51,16.04,15.44,90809,37.45
2026-01-31 14:30:00,F0256,31.49,83.99,83.84,32.24,98934,81.35
2026-01-31 14:35:00,F0995,22.77,75.69,20.26,31.55,9187,42.71
2026-01-31 14:40:00,F0690,27.94,69.38,81.39,35.44,56129,26.98
2026-01-31 14:45:00,F0686,35.28,64.84,52.88,29.84,2531,51.84
2026-01-31 14:50:00,F0979,32.63,48.75,82.36,33.37,76825,34.75
2026-01-31 14:55:00,F0954,23.66,78.26,51.78,26.61,94325,92.92
2026-01-31 15:00:00,F0352,35.13,63.97,58.57,29.82,20292,23.35
2026-01-31 15:05:00,F0929,37.07,94.72,56.97,33.25,91233,26.0
2026-01-31 15:10:00,F0008,29.54,44.93,69.55,18.26,89171,93.33
2026-01-31 15:15:00,F0510,25.2,78.12,53.91,33.42,12881,69.99
2026-01-31 15:20:00,F0780,25.42,38.04,53.17,27.33,41244,80.93
2026-01-31 15:25:00,F0276,24.01,52.05,51.43,18.19,79399,80.65
2026-01-31 15:30:00,F0095,37.38,62.58,56.17,25.94,66459,23.47
2026-01-31 15:35:00,F0221,32.01,62.95,63.01,16.88,80035,25.26
2026-01-31 15:40:00,F0450,39.91,68.82,22.03,21.72,32460,79.12
2026-01-31 15:45:00,F0456,36.46,75.76,28.12,36.98,41667,92.02
2026-01-31 15:50:00,F0029,34.07,86.23,88.73,21.92,46638,23.69
2026-01-31 15:55:00,F0622,34.48,43.22,19.2,23.66,21665,53.9
2026-01-31 16:00:00,F0574,25.04,88.22,85.94,25.78,62344,83.01
2026-01-31 16:05:00,F0854,34.15,65.1,46.13,30.87,57051,70.7
2026-01-31 16:10:00,F0449,34.85,66.6,46.28,31.65,3600,44.11
2026-01-31 16:15:00,F0787,32.08,53.85,68.21,29.45,8608,95.94
2026-01-31 16:20:00,F0706,41.18,50.06,18.52,15.67,96350,95.83
2026-01-31 16:25:00,F0353,40.1,71.3,30.87,23.9,13672,29.26
2026-01-31 16:30:00,F0424,31.38,84.92,39.38,17.73,20921,91.38
2026-01-31 16:35:00,F0852,30.12,31.7,18.15,29.0,55597,95.33
2026-01-31 16:40:00,F0844,26.75,57.23,16.8,34.39,67320,44.05
2026-01-31 16:45:00,F0660,32.08,51.72,89.99,25.92,2883,93.15
2026-01-31 16:50:00,F0129,37.38,79.38,50.95,34.31,69644,86.3
2026-01-31 16:55:00,F0573,31.03,58.68,84.65,23.89,22110,33.23
2026-01-31 17:00:00,F0767,30.53,46.53,23.67,20.31,26168,45.73
2026-01-31 17:05:00,F0668,19.31,41.38,84.18,16.37,63956,79.86
2026-01-31 17:10:00,F0016,18.67,45.52,31.09,27.48,26992,46.45
2026-01-31 17:15:00,F0880,38.64,58.38,50.13,30.39,98207,84.91
2026-01-31 17:20:00,F0803,26.88,88.33,82.04,36.59,70573,36.13
2026-01-31 17:25:00,F0520,41.89,85.44,34.79,23.75,41842,37.98
2026-01-31 17:30:00,F0860,24.71,82.56,37.83,35.93,94739,80.19
2026-01-31 17:35:00,F0723,30.07,39.83,38.05,22.96,42336,56.21
2026-01-31 17:40:00,F0294,33.62,70.7,69.25,19.5,31222,24.52
2026-01-31 17:45:00,F0837,18.39,88.53,18.31,30.3,93005,47.11
2026-01-31 17:50:00,F0797,19.95,37.69,64.7,37.67,31959,47.46
2026-01-31 17:55:00,F0876,38.95,38.15,26.4,36.87,71173,73.09
2026-01-31 18:00:00,F0752,35.98,82.25,35.7,16.45,75632,72.38
2026-01-31 18:05:00,F0785,24.04,45.61,85.11,20.48,9809,34.09
2026-01-31 18:10:00,F0855,32.76,43.3,54.78,32.05,47248,46.9
2026-01-31 18:15:00,F0795,31.23,86.39,19.45,18.6,18926,20.78
2026-01-31 18:20:00,F0545,18.43,42.35,68.0,32.38,89366,74.02
2026-01-31 18:25:00,F0897,34.7,59.24,42.72,19.88,25138,96.45
2026-01-31 18:30:00,F0761,24.72,51.14,55.96,30.72,78879,27.95
2026-01-31 18:35:00,F0446,20.72,40.87,23.58,21.1,96545,56.27
2026-01-31 18:40:00,F0927,30.15,44.68,16.37,25.34,59303,83.06
2026-01-31 18:45:00,F0821,34.5,57.38,19.49,31.93,74611,78.01
2026-01-31 18:50:00,F0751,23.29,37.14,84.62,33.52,41501,86.59
2026-01-31 18:55:00,F0744,31.56,43.19,22.15,23.27,86265,80.89
2026-01-31 19:00:00,F0871,32.8,60.17,84.5,19.65,65790,98.56
2026-01-31 19:05:00,F0135,37.61,90.81,55.97,17.3,25239,94.83
2026-01-31 19:10:00,F0163,24.13,31.5,82.31,30.43,5313,30.78
2026-01-31 19:15:00,F0588,22.74,84.55,40.06,27.41,70866,38.24
2026-01-31 19:20:00,F0040,33.34,42.03,57.05,36.92,36044,21.02
2026-01-31 19:25:00,F0688,30.73,61.92,88.57,26.23,93181,61.34
2026-01-31 19:30:00,F0268,38.87,89.49,40.98,29.45,89291,23.04
2026-01-31 19:35:00,F0855,21.84,58.2,28.59,29.63,77731,31.16
2026-01-31 19:40:00,F0546,35.02,49.3,44.07,20.35,93991,42.27
2026-01-31 19:45:00,F0293,29.79,72.25,84.75,26.15,82468,53.29
2026-01-31 19:50:00,F0806,38.14,78.34,29.9,30.45,20754,20.46
2026-01-31 19:55:00,F0378,37.89,84.33,75.06,32.04,61988,20.45
2026-01-31 20:00:00,F0258,37.51,86.39,29.16,32.01,2455,43.16
2026-01-31 20:05:00,F0257,32.96,66.09,42.12,28.04,68045,86.38
2026-01-31 20:10:00,F0708,27.34,60.58,36.83,20.5,65549,92.52
2026-01-31 20:15:00,F0212,20.67,47.11,84.39,18.28,3764,38.18
2026-01-31 20:20:00,F0021,19.22,36.91,66.53,15.17,80590,27.26
2026-01-31 20:25:00,F0119,33.43,30.81,40.83,37.41,62367,63.01
2026-01-31 20:30:00,F0448,22.04,85.37,82.97,20.8,41063,79.16
2026-01-31 20:35:00,F0968,24.91,91.04,40.02,21.93,35178,94.5
2026-01-31 20:40:00,F0650,39.68,93.21,81.94,15.48,68473,31.83
2026-01-31 20:45:00,F0235,31.31,64.34,55.0,17.24,52661,26.41
2026-01-31 20:50:00,F0971,28.97,35.54,81.35,30.74,71173,88.52
2026-01-31 20:55:00,F0030,29.77,81.43,76.38,35.92,16996,44.61
2026-01-31 21:00:00,F0229,26.37,49.12,55.05,25.0,69126,85.35
2026-01-31 21:05:00,F0220,36.26,71.07,83.15,34.03,59183,34.18
2026-01-31 21:10:00,F0215,40.98,40.84,54.4,32.58,99578,30.15
2026-01-31 21:15:00,F0063,25.49,47.0,80.75,18.23,92015,43.4
2026-01-31 21:20:00,F0164,27.11,52.29,39.28,19.15,49064,64.78
2026-01-31 21:25:00,F0052,21.97,76.87,33.59,15.67,14031,60.35
2026-01-31 21:30:00,F0664,24.71,64.86,16.79,22.49,90351,82.97
2026-01-31 21:35:00,F0260,23.66,63.55,68.28,25.9,64972,70.86
2026-01-31 21:40:00,F0857,24.4,67.58,58.97,20.96,37710,59.79
2026-01-31 21:45:00,F0094,30.82,91.41,63.1,35.76,9648,77.76
2026-01-31 21:50:00,F0847,38.81,49.25,17.86,18.45,10396,77.78
2026-01-31 21:55:00,F0993,27.82,45.1,41.33,25.07,95875,39.78
2026-01-31 22:00:00,F0061,22.05,79.89,39.16,32.36,99319,75.17
2026-01-31 22:05:00,F0196,24.98,65.71,82.6,17.64,85752,48.28
2026-01-31 22:10:00,F0466,33.94,94.65,19.24,25.35,33992,65.16
2026-01-31 22:15:00,F0148,36.04,71.96,89.07,19.34,57200,53.13
2026-01-31 22:20:00,F0140,30.78,53.77,22.88,20.96,78781,20.01
2026-01-31 22:25:00,F0776,38.25,41.73,88.45,21.4,87204,56.21
2026-01-31 22:30:00,F0383,27.88,85.68,58.61,32.33,20681,99.66
2026-01-31 22:35:00,F0019,29.71,86.59,88.73,25.93,91390,83.84
2026-01-31 22:40:00,F0426,24.92,80.32,43.03,36.8,65940,28.98
2026-01-31 22:45:00,F0101,25.01,45.86,52.43,29.92,8601,68.62
2026-01-31 22:50:00,F0337,30.73,82.37,34.3,32.74,71687,93.86
2026-01-31 22:55:00,F0402,23.21,45.58,18.73,24.28,91176,45.58
2026-01-31 23:00:00,F0510,24.75,47.17,36.84,19.6,52571,59.24
2026-01-31 23:05:00,F0334,40.7,36.46,16.21,20.68,7052,33.36
2026-01-31 23:10:00,F0854,30.18,59.65,35.95,15.09,28766,81.18
2026-01-31 23:15:00,F0703,32.04,47.32,85.93,30.9,91196,51.29
2026-01-31 23:20:00,F0487,37.32,68.96,29.73,20.04,94155,84.69
2026-01-31 23:25:00,F0345,38.83,40.65,22.89,22.47,20602,76.4
2026-01-31 23:30:00,F0427,21.2,56.89,78.39,36.96,71593,68.25
2026-01-31 23:35:00,F0659,39.4,90.44,70.1,16.41,28331,54.49
2026-01-31 23:40:00,F0598,20.21,55.18,31.41,33.22,16773,76.15
2026-01-31 23:45:00,F0659,28.98,80.02,48.59,23.02,37301,84.91
2026-01-31 23:50:00,F0306,24.37,61.14,28.37,32.66,45778,38.05
2026-01-31 23:55:00,F0230,41.38,58.76,73.94,28.54,60817,67.86
2026-02-01 00:00:00,F0713,28.44,59.91,26.28,33.71,33071,66.05
2026-02-01 00:05:00,F0675,39.73,78.96,31.56,15.89,62040,67.16
2026-02-01 00:10:00,F0971,40.77,43.51,31.21,32.74,96338,64.44
2026-02-01 00:15:00,F0897,19.83,62.51,71.61,30.28,48839,89.1
2026-02-01 00:20:00,F0227,32.93,34.83,52.77,25.44,99807,28.28
2026-02-01 00:25:00,F0394,21.41,71.78,79.56,27.1,58381,37.59
2026-02-01 00:30:00,F0758,34.13,90.36,41.49,30.77,84551,69.97
2026-02-01 00:35:00,F0218,25.17,80.75,45.89,22.89,1261,22.95
2026-02-01 00:40:00,F0302,28.76,73.97,49.25,30.31,78644,33.1
2026-02-01 00:45:00,F0240,38.47,55.91,89.58,34.52,13999,51.04
2026-02-01 00:50:00,F0422,38.75,89.0,67.67,29.02,6318,63.57
2026-02-01 00:55:00,F0588,39.3,38.63,44.53,37.78,51237,38.59
2026-02-01 01:00:00,F0826,39.17,77.6,51.74,34.04,31234,69.88
2026-02-01 01:05:00,F0395,23.53,54.19,50.63,24.27,3420,83.23
2026-02-01 01:10:00,F0464,26.67,30.73,15.68,27.85,15973,76.75
2026-02-01 01:15:00,F0977,30.25,80.75,58.03,17.25,61219,45.39
2026-02-01 01:20:00,F0153,37.05,71.97,15.34,37.67,85169,57.53
2026-02-01 01:25:00,F0013,41.65,61.42,63.1,28.36,66867,78.11
2026-02-01 01:30:00,F0550,34.33,38.04,53.74,23.59,93564,25.49
2026-02-01 01:35:00,F0437,24.26,87.69,56.42,15.08,74530,22.09
2026-02-01 01:40:00,F0175,39.74,41.67,37.57,34.34,57770,26.67
2026-02-01 01:45:00,F0714,27.92,36.01,67.42,23.27,57740,51.84
2026-02-01 01:50:00,F0188,38.38,53.07,52.34,16.21,29625,63.56
2026-02-01 01:55:00,F0543,22.83,79.02,28.17,37.67,89283,78.4
2026-02-01 02:00:00,F0272,18.61,67.56,23.88,32.81,79484,26.21
2026-02-01 02:05:00,F0415,36.39,67.44,42.4,25.22,39861,33.4
2026-02-01 02:10:00,F0215,38.12,66.91,86.63,36.88,90009,74.57
2026-02-01 02:15:00,F0911,39.09,31.68,75.94,22.4,62403,32.35
2026-02-01 02:20:00,F0771,32.89,58.17,78.61,23.93,43910,84.52
2026-02-01 02:25:00,F0602,40.81,59.86,59.56,20.78,62777,28.86
2026-02-01 02:30:00,F0619,38.18,35.05,47.21,27.43,65240,38.58
2026-02-01 02:35:00,F0732,20.75,91.38,17.16,16.82,59707,65.53
2026-02-01 02:40:00,F0482,27.64,91.19,18.49,19.12,2799,21.99
2026-02-01 02:45:00,F0942,24.0,75.52,38.1,18.01,68059,33.34
2026-02-01 02:50:00,F0255,26.25,41.74,17.22,22.15,22652,99.39
2026-02-01 02:55:00,F0996,26.07,75.76,28.95,29.39,20381,79.26
2026-02-01 03:00:00,F0916,18.56,53.47,89.99,29.87,4452,66.16
2026-02-01 03:05:00,F0109,19.91,42.3,74.03,22.67,46631,32.74
2026-02-01 03:10:00,F0712,25.52,58.9,44.21,24.56,81405,64.84
2026-02-01 03:15:00,F0432,25.28,69.13,39.27,34.06,86808,90.0
2026-02-01 03:20:00,F0418,21.54,90.3,75.67,23.53,65362,32.21
2026-02-01 03:25:00,F0992,35.5,77.21,68.37,17.28,91760,35.72
2026-02-01 03:30:00,F0011,27.73,49.46,75.88,26.73,48998,95.29
2026-02-01 03:35:00,F0592,32.93,59.43,59.98,28.41,3796,53.16
2026-02-01 03:40:00,F0590,35.5,65.57,56.4,17.96,62919,25.72
2026-02-01 03:45:00,F0265,25.28,33.82,22.21,17.4,87452,53.78
2026-02-01 03:50:00,F0435,30.97,69.94,80.74,23.85,70799,91.95
2026-02-01 03:55:00,F0479,30.35,65.03,16.93,28.77,19643,71.56
2026-02-01 04:00:00,F0472,37.1,61.46,74.08,22.74,88984,63.31
2026-02-01 04:05:00,F0512,25.99,76.73,53.03,34.14,45678,36.98
2026-02-01 04:10:00,F0779,24.04,41.73,77.78,25.39,8055,38.39
2026-02-01 04:15:00,F0762,39.65,77.58,73.9,19.67,68344,20.26
2026-02-01 04:20:00,F0032,24.07,35.88,65.08,33.69,22625,72.24
2026-02-01 04:25:00,F0923,36.59,57.16,66.44,36.63,41949,70.85
2026-02-01 04:30:00,F0127,36.84,83.46,72.42,36.69,19488,94.54
2026-02-01 04:35:00,F0035,39.45,75.27,66.23,37.51,48745,63.71
2026-02-01 04:40:00,F0179,34.71,75.12,85.4,20.97,64680,61.91
2026-02-01 04:45:00,F0631,23.5,85.83,82.29,16.46,38319,55.04
2026-02-01 04:50:00,F0290,27.52,50.46,82.33,20.05,92982,45.34
2026-02-01 04:55:00,F0726,33.07,37.09,81.19,16.61,25888,89.16
2026-02-01 05:00:00,F0182,24.72,39.73,69.7,25.54,21164,40.22
2026-02-01 05:05:00,F0486,37.45,75.52,89.3,25.64,7358,38.27
2026-02-01 05:10:00,F0652,35.09,76.01,17.93,22.64,51275,61.66
2026-02-01 05:15:00,F0278,20.97,59.18,51.7,21.23,52250,65.2
2026-02-01 05:20:00,F0927,29.77,51.43,23.77,37.75,24862,50.71
2026-02-01 05:25:00,F0736,35.04,89.33,79.41,36.5,42933,94.26
2026-02-01 05:30:00,F0933,41.83,91.55,71.53,18.03,81390,60.35
2026-02-01 05:35:00,F0046,32.17,39.4,72.36,19.76,61902,22.44
2026-02-01 05:40:00,F0684,25.73,75.51,31.24,37.95,54694,97.74
2026-02-01 05:45:00,F0509,21.94,49.42,17.62,18.21,60961,35.02
2026-02-01 05:50:00,F0281,26.04,38.98,42.69,17.69,58884,73.92
2026-02-01 05:55:00,F0150,30.89,51.83,55.71,26.48,95460,39.36
2026-02-01 06:00:00,F0389,39.7,32.57,85.85,25.88,56724,35.7
2026-02-01 06:05:00,F0748,35.2,64.76,48.09,24.64,48393,77.51
2026-02-01 06:10:00,F0937,35.9,38.66,78.02,37.82,54507,68.49
2026-02-01 06:15:00,F0916,26.37,50.67,73.04,35.31,14816,22.85
2026-02-01 06:20:00,F0843,32.32,51.52,20.93,34.7,44802,50.59
2026-02-01 06:25:00,F0401,29.33,65.98,40.31,25.2,14704,36.88
2026-02-01 06:30:00,F0075,20.72,91.5,24.78,18.39,71306,74.77
2026-02-01 06:35:00,F0533,19.61,47.55,78.83,27.67,88864,45.96
2026-02-01 06:40:00,F0186,24.08,70.3,38.96,34.18,39011,97.2
2026-02-01 06:45:00,F0045,37.35,51.03,34.59,26.91,45027,68.05
2026-02-01 06:50:00,F0877,37.7,91.73,62.41,30.97,6753,50.96
2026-02-01 06:55:00,F0052,25.34,67.67,56.15,26.85,71763,96.81
2026-02-01 07:00:00,F0593,31.87,70.4,77.45,34.93,40914,81.39
2026-02-01 07:05:00,F0866,18.03,32.52,74.13,28.34,5580,65.69
2026-02-01 07:10:00,F0375,32.31,33.15,65.97,18.05,75144,62.11
2026-02-01 07:15:00,F0633,18.44,89.46,74.64,26.43,66374,35.52
2026-02-01 07:20:00,F0546,40.93,62.69,21.78,20.29,22337,97.58
2026-02-01 07:25:00,F0226,22.96,91.98,74.81,25.69,8944,47.65
2026-02-01 07:30:00,F0578,29.84,38.89,32.56,22.07,93442,82.26
2026-02-01 07:35:00,F0960,38.12,59.18,62.41,33.11,19801,49.9
2026-02-01 07:40:00,F0944,23.97,75.68,54.0,27.89,35085,81.64
2026-02-01 07:45:00,F0800,41.65,31.13,71.84,24.72,64730,42.02
2026-02-01 07:50:00,F0141,20.33,73.66,23.41,32.12,43736,44.09
2026-02-01 07:55:00,F0279,25.44,89.83,71.44,15.35,89771,43.89
2026-02-01 08:00:00,F0418,34.76,31.19,66.85,23.94,70999,27.49
2026-02-01 08:05:00,F0004,29.87,46.04,51.15,30.6,98487,59.18
2026-02-01 08:10:00,F0016,40.57,71.22,40.11,17.19,40784,70.74
2026-02-01 08:15:00,F0808,27.45,59.05,79.89,18.95,41325,23.18
2026-02-01 08:20:00,F0651,22.27,73.87,37.38,21.53,3687,28.21
2026-02-01 08:25:00,F0078,28.68,52.26,46.86,31.28,84887,90.74
2026-02-01 08:30:00,F0211,39.6,79.17,30.0,16.6,45186,49.17
2026-02-01 08:35:00,F0034,20.03,69.01,33.84,16.91,21901,62.31
2026-02-01 08:40:00,F0446,30.87,57.61,49.29,22.94,39464,51.95
2026-02-01 08:45:00,F0625,41.21,83.04,72.87,19.63,32729,36.5
2026-02-01 08:50:00,F0155,18.83,48.34,70.8,24.35,47487,35.25
2026-02-01 08:55:00,F0906,31.98,67.61,59.74,30.82,62883,95.72
2026-02-01 09:00:00,F0833,18.8,79.15,43.53,36.34,62553,90.62
2026-02-01 09:05:00,F0059,36.82,75.86,50.73,33.9,82453,30.35
2026-02-01 09:10:00,F0819,27.36,64.98,32.34,22.01,91416,82.63
2026-02-01 09:15:00,F0287,21.78,80.16,53.11,26.9,24036,39.02
2026-02-01 09:20:00,F0793,24.36,42.89,45.82,28.14,83151,77.8
2026-02-01 09:25:00,F0998,35.25,59.11,76.61,19.9,20466,39.93
2026-02-01 09:30:00,F0161,24.14,87.43,68.5,18.79,22717,71.94
2026-02-01 09:35:00,F0253,23.53,49.88,15.4,24.05,68766,52.23
2026-02-01 09:40:00,F0630,33.5,56.27,41.82,28.54,20598,92.92
2026-02-01 09:45:00,F0259,40.15,31.75,42.48,31.15,81954,48.68
2026-02-01 09:50:00,F0537,22.03,35.43,79.2,24.88,77414,27.58
2026-02-01 09:55:00,F0284,41.2,70.86,54.18,32.3,21466,81.19
2026-02-01 10:00:00,F0574,40.34,42.05,79.85,18.89,79585,55.4
2026-02-01 10:05:00,F0487,28.46,49.48,37.28,21.84,35910,28.68
2026-02-01 10:10:00,F0150,34.63,57.07,43.14,24.72,52791,24.38
2026-02-01 10:15:00,F0414,25.13,31.73,68.94,25.09,41052,57.04
2026-02-01 10:20:00,F0403,39.44,93.17,15.77,36.1,95152,37.43
2026-02-01 10:25:00,F0861,23.23,75.7,71.75,19.82,38211,58.22
2026-02-01 10:30:00,F0389,37.04,69.21,31.82,25.87,64112,92.88
2026-02-01 10:35:00,F0190,25.32,78.45,82.09,18.88,67840,44.95
2026-02-01 10:40:00,F0709,19.73,85.03,65.03,29.73,14891,30.69
2026-02-01 10:45:00,F0754,30.11,57.73,22.92,21.43,94586,66.66
2026-02-01 10:50:00,F0888,38.14,60.0,60.69,28.81,38561,72.7
2026-02-01 10:55:00,F0852,38.19,34.76,38.37,34.64,54353,76.55
2026-02-01 11:00:00,F0125,22.26,59.78,45.13,17.08,2400,43.54
2026-02-01 11:05:00,F0038,31.42,60.69,88.84,18.29,69315,94.94
2026-02-01 11:10:00,F0516,41.07,63.84,17.26,34.57,37163,56.81
2026-02-01 11:15:00,F0965,40.56,52.58,44.37,19.47,92559,82.78
2026-02-01 11:20:00,F0549,35.74,88.02,20.22,19.19,45077,41.03
2026-02-01 11:25:00,F0364,37.0,62.65,69.69,26.53,99427,43.95
2026-02-01 11:30:00,F0785,29.6,37.38,85.94,23.63,19154,93.55
2026-02-01 11:35:00,F0907,35.88,73.12,29.48,17.89,4972,52.0
2026-02-01 11:40:00,F0787,23.86,66.39,30.63,25.86,78712,46.48
2026-02-01 11:45:00,F0397,34.55,90.92,39.58,34.84,48896,71.98
2026-02-01 11:50:00,F0070,21.9,93.82,38.36,27.53,75171,84.99
2026-02-01 11:55:00,F0225,34.99,53.01,60.23,23.37,39026,85.36
2026-02-01 12:00:00,F0050,26.15,32.54,35.82,22.27,12489,79.73
2026-02-01 12:05:00,F0972,18.53,55.95,43.59,24.37,49942,64.49
2026-02-01 12:10:00,F0046,31.89,66.97,63.1,19.86,84846,96.68
2026-02-01 12:15:00,F0516,20.05,94.64,61.95,20.66,21351,95.75
2026-02-01 12:20:00,F0847,29.74,40.96,23.05,27.49,52181,52.19
2026-02-01 12:25:00,F0681,37.64,40.45,55.42,30.34,92822,34.56
2026-02-01 12:30:00,F0900,38.45,46.73,52.94,24.06,46857,91.09
2026-02-01 12:35:00,F0881,33.77,73.02,22.09,31.42,73342,28.83
2026-02-01 12:40:00,F0784,40.44,89.9,89.34,30.54,73400,75.89
2026-02-01 12:45:00,F0990,27.21,35.64,73.58,22.27,74101,37.63
2026-02-01 12:50:00,F0972,27.07,79.52,78.63,22.03,78372,35.74
2026-02-01 12:55:00,F0478,34.82,44.87,32.46,29.79,57389,95.41
2026-02-01 13:00:00,F0477,31.13,80.46,75.92,33.43,57917,78.55
2026-02-01 13:05:00,F0888,19.55,79.88,85.01,24.18,85562,26.17
2026-02-01 13:10:00,F0419,40.08,68.76,43.72,30.45,49504,55.1
2026-02-01 13:15:00,F0506,38.38,57.14,72.18,31.84,10979,57.68
2026-02-01 13:20:00,F0558,21.78,91.76,43.56,17.21,38259,79.92
2026-02-01 13:25:00,F0483,23.46,59.41,84.07,31.55,20586,56.51
2026-02-01 13:30:00,F0510,35.54,75.49,85.86,35.76,27517,21.0
2026-02-01 13:35:00,F0844,32.1,69.92,61.87,34.97,40948,51.62
2026-02-01 13:40:00,F0382,37.08,82.35,22.93,21.72,49743,72.19
2026-02-01 13:45:00,F0322,31.34,89.2,55.96,21.13,73480,53.9
2026-02-01 13:50:00,F0303,37.84,84.77,66.65,15.52,52349,90.62
2026-02-01 13:55:00,F0281,20.55,49.74,49.97,28.24,46516,95.79
2026-02-01 14:00:00,F0832,38.67,81.9,49.09,27.72,9601,47.39
2026-02-01 14:05:00,F0435,35.21,67.58,59.67,25.78,18175,62.35
2026-02-01 14:10:00,F0353,40.31,35.45,63.67,17.88,83197,38.13
2026-02-01 14:15:00,F0166,36.8,86.72,45.2,28.68,12833,51.54
2026-02-01 14:20:00,F0647,36.64,48.46,60.16,19.74,76738,56.07
2026-02-01 14:25:00,F0536,29.13,75.13,42.49,35.87,39730,98.81
2026-02-01 14:30:00,F0512,20.62,81.37,21.01,36.5,47713,97.65
2026-02-01 14:35:00,F0273,18.94,58.1,88.91,28.21,84730,69.41
2026-02-01 14:40:00,F0791,33.14,52.37,21.53,26.17,55941,96.05
2026-02-01 14:45:00,F0842,37.22,83.37,19.38,16.15,16453,22.79
2026-02-01 14:50:00,F0104,39.27,82.87,79.97,24.97,55436,69.65
2026-02-01 14:55:00,F0430,40.16,40.57,73.17,33.13,67103,75.74
2026-02-01 15:00:00,F0853,41.52,43.95,75.72,19.09,28259,98.01
2026-02-01 15:05:00,F0205,19.56,56.85,53.75,22.01,56104,66.53
2026-02-01 15:10:00,F0969,19.71,38.21,18.46,24.9,73919,75.07
2026-02-01 15:15:00,F0460,21.79,59.81,89.34,37.2,77660,26.9
2026-02-01 15:20:00,F0309,35.38,60.46,87.52,16.68,82088,86.13
2026-02-01 15:25:00,F0557,23.07,73.91,59.03,32.69,90882,48.54
2026-02-01 15:30:00,F0081,39.08,54.82,44.0,26.21,15091,48.1
2026-02-01 15:35:00,F0002,28.36,75.19,44.5,36.01,72912,46.53
2026-02-01 15:40:00,F0206,19.2,46.92,43.09,30.98,67742,90.73
2026-02-01 15:45:00,F0547,38.7,51.81,28.68,18.48,17514,89.26
2026-02-01 15:50:00,F1000,19.25,80.0,84.51,22.97,89988,69.92
2026-02-01 15:55:00,F0490,33.52,49.88,23.65,21.26,84694,24.5
2026-02-01 16:00:00,F0520,33.8,30.16,83.99,36.74,1167,77.39
2026-02-01 16:05:00,F0752,40.32,60.37,84.19,16.56,66480,22.2
2026-02-01 16:10:00,F0855,35.39,57.15,89.58,29.77,4607,96.73
2026-02-01 16:15:00,F0823,35.22,73.59,24.06,26.25,51828,31.33
2026-02-01 16:20:00,F0083,40.94,61.42,26.01,15.94,52062,75.72
2026-02-01 16:25:00,F0520,23.42,87.35,75.49,28.89,71697,20.18
2026-02-01 16:30:00,F0761,34.18,76.92,45.48,24.55,72541,85.31
2026-02-01 16:35:00,F0105,37.96,57.42,45.58,18.76,21069,96.75
2026-02-01 16:40:00,F0881,38.08,65.31,79.77,30.75,19268,28.04
2026-02-01 16:45:00,F0879,18.5,75.38,16.84,28.13,50932,86.43
2026-02-01 16:50:00,F0617,31.77,61.52,29.56,21.78,72706,25.75
2026-02-01 16:55:00,F0273,27.52,79.22,88.82,27.85,35087,75.7
2026-02-01 17:00:00,F0310,18.37,78.14,57.48,34.7,28214,44.86
2026-02-01 17:05:00,F0292,37.16,73.59,50.03,23.49,57261,87.82
2026-02-01 17:10:00,F0092,37.95,69.03,28.94,20.12,31910,66.7
2026-02-01 17:15:00,F0185,32.89,30.64,83.77,36.88,77974,58.66
2026-02-01 17:20:00,F0394,19.97,79.66,25.1,17.35,45521,88.1
2026-02-01 17:25:00,F0515,34.95,93.28,49.47,23.71,63387,74.29
2026-02-01 17:30:00,F0894,34.67,72.82,69.71,29.26,69703,62.81
2026-02-01 17:35:00,F0953,34.31,69.18,35.29,29.41,12470,51.57
2026-02-01 17:40:00,F0916,29.28,42.13,79.49,28.82,32860,20.78
2026-02-01 17:45:00,F0133,36.71,32.15,86.91,23.41,9050,81.75
2026-02-01 17:50:00,F0164,29.48,37.22,72.37,25.09,52585,48.09
2026-02-01 17:55:00,F0421,29.79,42.07,35.6,18.6,52062,93.91
2026-02-01 18:00:00,F0746,18.57,46.14,78.47,22.18,8157,27.67
2026-02-01 18:05:00,F0693,31.61,82.33,58.57,28.9,94248,34.94
2026-02-01 18:10:00,F0186,24.35,41.58,80.66,20.86,35558,22.19
2026-02-01 18:15:00,F0761,27.6,90.21,82.89,34.6,76189,70.36
2026-02-01 18:20:00,F0711,21.07,33.42,59.32,34.02,92877,74.02
2026-02-01 18:25:00,F0839,30.97,34.28,29.11,36.57,23022,47.88
2026-02-01 18:30:00,F0902,26.1,68.22,37.1,19.06,10747,83.63
2026-02-01 18:35:00,F0726,29.58,48.16,43.31,16.39,46097,26.17
2026-02-01 18:40:00,F0180,19.33,71.5,56.43,17.62,60229,95.18
2026-02-01 18:45:00,F0003,30.63,89.7,29.98,20.15,68930,77.48
2026-02-01 18:50:00,F0453,38.69,39.72,34.89,35.84,91564,99.38
2026-02-01 18:55:00,F0476,19.42,44.51,42.29,32.63,77080,34.94
2026-02-01 19:00:00,F0490,18.62,77.3,74.21,26.03,86739,79.41
2026-02-01 19:05:00,F0161,32.43,75.48,68.13,32.16,98663,69.23
2026-02-01 19:10:00,F0775,39.22,88.97,82.25,35.44,10110,78.28
2026-02-01 19:15:00,F0147,39.94,72.21,32.09,16.18,93050,54.49
2026-02-01 19:20:00,F0074,27.19,36.0,83.34,25.93,66214,24.28
2026-02-01 19:25:00,F0149,35.53,35.15,73.93,24.61,13782,21.32
2026-02-01 19:30:00,F0212,18.32,43.42,29.0,32.58,76851,26.93
2026-02-01 19:35:00,F0727,23.43,37.94,58.29,27.33,34450,87.46
2026-02-01 19:40:00,F0801,25.91,84.77,89.2,30.58,93642,90.5
2026-02-01 19:45:00,F0609,22.02,33.49,76.65,16.83,78086,57.01
2026-02-01 19:50:00,F0582,30.98,60.67,28.47,25.36,61465,25.83
2026-02-01 19:55:00,F0937,40.62,78.63,37.7,34.63,67514,57.52
2026-02-01 20:00:00,F0409,30.1,31.46,59.06,15.32,64456,85.07
2026-02-01 20:05:00,F0757,29.01,57.75,26.8,25.59,60866,78.97
2026-02-01 20:10:00,F0621,39.22,64.44,42.62,23.58,77936,69.42
2026-02-01 20:15:00,F0068,22.52,64.03,78.87,36.82,30594,29.8
2026-02-01 20:20:00,F0733,29.05,72.16,33.77,30.47,44925,84.69
2026-02-01 20:25:00,F0125,37.08,53.31,36.09,18.92,30218,36.41
2026-02-01 20:30:00,F0262,18.99,54.25,56.73,26.64,48522,83.43
2026-02-01 20:35:00,F0937,19.53,64.16,60.47,29.57,14556,55.5
2026-02-01 20:40:00,F0002,39.41,73.19,35.51,22.48,11511,47.16
2026-02-01 20:45:00,F0856,33.14,81.1,71.17,24.97,89371,85.91
2026-02-01 20:50:00,F0715,18.27,78.45,66.03,33.96,45395,40.07
2026-02-01 20:55:00,F0885,29.9,62.4,32.71,26.76,72696,29.47
2026-02-01 21:00:00,F0461,37.05,64.9,42.64,17.98,62810,61.92
2026-02-01 21:05:00,F0828,38.25,37.28,78.54,30.26,16515,83.45
2026-02-01 21:10:00,F0155,20.74,69.49,57.69,33.16,34482,82.47
2026-02-01 21:15:00,F0292,28.11,79.94,30.11,24.64,91756,27.11
2026-02-01 21:20:00,F0993,38.92,84.31,40.87,30.52,51898,43.0
2026-02-01 21:25:00,F0118,35.12,31.23,18.54,21.23,37457,47.3
2026-02-01 21:30:00,F0614,34.58,48.76,58.19,19.16,99257,22.0
2026-02-01 21:35:00,F0712,40.92,34.24,75.21,29.19,16020,58.3
2026-02-01 21:40:00,F0279,36.76,92.28,80.02,21.75,42955,32.91
2026-02-01 21:45:00,F0879,27.82,89.56,49.8,28.79,9167,50.62
2026-02-01 21:50:00,F0936,41.3,82.08,76.88,26.22,27053,75.0
2026-02-01 21:55:00,F0026,36.49,61.15,29.45,27.27,74937,64.8
2026-02-01 22:00:00,F0166,35.42,92.64,39.71,28.86,95798,86.02
2026-02-01 22:05:00,F0370,39.98,93.4,23.51,19.39,10067,92.26
2026-02-01 22:10:00,F0956,27.8,68.84,83.05,19.52,33073,34.67
2026-02-01 22:15:00,F0426,31.61,52.8,24.25,29.19,73303,61.32
2026-02-01 22:20:00,F0200,33.77,62.29,76.78,26.08,21692,80.81
2026-02-01 22:25:00,F0316,23.52,66.57,52.33,17.78,68215,63.9
2026-02-01 22:30:00,F0280,21.4,84.97,70.3,31.66,56767,45.31
2026-02-01 22:35:00,F0289,40.3,53.36,31.35,28.78,22276,61.68
2026-02-01 22:40:00,F0019,38.96,91.38,51.52,36.52,53617,43.98
2026-02-01 22:45:00,F0380,34.65,90.47,37.97,24.61,68863,96.43
2026-02-01 22:50:00,F0606,35.46,39.72,31.26,26.85,53020,66.55
2026-02-01 22:55:00,F0006,38.84,91.68,17.26,17.25,88629,86.86
2026-02-01 23:00:00,F0502,22.2,72.3,57.58,31.72,96532,21.37
2026-02-01 23:05:00,F0169,18.86,31.9,41.54,24.85,85771,47.32
2026-02-01 23:10:00,F0908,37.83,73.26,55.27,30.34,54476,78.69
2026-02-01 23:15:00,F0079,31.08,57.93,58.62,35.34,32969,95.39
2026-02-01 23:20:00,F0787,35.48,85.04,86.56,34.49,89763,41.66
2026-02-01 23:25:00,F0061,34.57,68.52,85.93,15.74,48350,79.61
2026-02-01 23:30:00,F0078,30.29,50.18,37.22,26.36,64937,39.31
2026-02-01 23:35:00,F0037,23.65,37.86,73.88,21.95,61290,86.51
2026-02-01 23:40:00,F0066,27.31,41.87,88.73,22.19,54267,88.58
2026-02-01 23:45:00,F0934,23.37,92.17,46.68,33.99,87978,20.39
2026-02-01 23:50:00,F0833,39.04,44.5,26.01,35.69,13156,59.83
2026-02-01 23:55:00,F0588,33.78,94.98,22.92,34.62,23848,96.63
2026-02-02 00:00:00,F0588,19.67,31.78,67.54,16.71,21320,56.27
2026-02-02 00:05:00,F0626,18.42,88.52,54.07,21.1,82943,65.99
2026-02-02 00:10:00,F0684,19.23,51.63,25.54,37.47,29433,22.82
2026-02-02 00:15:00,F0262,29.01,78.16,68.09,25.36,68534,62.13
2026-02-02 00:20:00,F0744,24.38,46.97,63.24,33.37,36889,45.99
2026-02-02 00:25:00,F0160,32.65,46.81,77.96,37.22,63501,36.62
2026-02-02 00:30:00,F0225,40.49,32.72,69.64,21.27,13988,50.49
2026-02-02 00:35:00,F0415,37.49,39.85,36.33,30.0,48968,39.8
2026-02-02 00:40:00,F0661,37.95,93.82,83.16,29.57,83455,84.3
2026-02-02 00:45:00,F0608,24.92,78.88,23.15,18.13,46083,30.74
2026-02-02 00:50:00,F0500,33.93,62.67,55.15,31.88,39279,27.82
2026-02-02 00:55:00,F0396,26.35,83.7,63.85,25.36,65696,22.98
2026-02-02 01:00:00,F0267,36.41,45.32,64.47,19.49,60760,76.31
2026-02-02 01:05:00,F0084,24.13,54.29,32.95,22.39,98268,41.02
2026-02-02 01:10:00,F0759,21.97,39.9,55.16,31.31,61056,81.04
2026-02-02 01:15:00,F0415,27.29,33.67,51.52,32.99,76649,20.12
2026-02-02 01:20:00,F0973,39.94,35.93,26.56,17.48,30679,49.88
2026-02-02 01:25:00,F0101,26.85,49.34,55.81,34.97,82549,86.0
2026-02-02 01:30:00,F0305,19.36,50.2,53.22,28.93,53640,46.81
2026-02-02 01:35:00,F0008,31.25,55.13,42.67,30.42,79319,88.69
2026-02-02 01:40:00,F0928,27.07,75.57,57.45,25.74,61605,48.84
2026-02-02 01:45:00,F0439,39.94,79.6,27.03,21.71,6950,98.69
2026-02-02 01:50:00,F0773,34.74,38.68,60.93,35.29,4323,70.31
2026-02-02 01:55:00,F0366,18.62,57.98,59.52,33.64,23369,21.86
2026-02-02 02:00:00,F0152,35.89,59.84,73.28,15.97,40394,37.8
2026-02-02 02:05:00,F0179,22.5,63.66,25.31,37.19,12092,73.86
2026-02-02 02:10:00,F0561,33.7,60.11,69.56,25.92,38855,28.83
2026-02-02 02:15:00,F0733,23.75,58.98,30.59,31.5,60894,38.07
2026-02-02 02:20:00,F0505,20.39,43.78,70.16,26.53,62125,40.32
2026-02-02 02:25:00,F0510,30.34,85.01,41.99,32.11,90487,49.08
2026-02-02 02:30:00,F0953,21.91,64.68,80.12,33.6,43417,70.83
2026-02-02 02:35:00,F0634,31.69,37.8,35.27,37.3,33524,53.68
2026-02-02 02:40:00,F0056,24.93,65.59,24.54,21.6,1298,98.78
2026-02-02 02:45:00,F0525,25.06,79.19,69.8,24.8,35490,72.03
2026-02-02 02:50:00,F0951,40.62,49.52,26.57,32.17,91485,23.98
2026-02-02 02:55:00,F0888,34.26,67.63,33.62,26.43,92689,58.86
2026-02-02 03:00:00,F0700,19.17,51.22,41.66,15.38,72538,20.08
2026-02-02 03:05:00,F0439,22.85,52.08,36.62,21.25,1884,70.2
2026-02-02 03:10:00,F0919,34.96,71.95,87.67,28.87,46086,39.11
2026-02-02 03:15:00,F0048,38.31,89.83,50.56,31.69,9065,68.66
2026-02-02 03:20:00,F0363,40.73,55.76,32.66,22.2,47588,27.82
2026-02-02 03:25:00,F0539,23.69,50.02,17.26,25.53,48551,40.95
2026-02-02 03:30:00,F0503,34.24,38.09,35.69,35.36,78264,47.16
2026-02-02 03:35:00,F0247,33.11,57.81,33.35,27.51,40209,22.84
2026-02-02 03:40:00,F0898,20.46,31.87,40.94,32.3,69098,23.29
2026-02-02 03:45:00,F0642,38.01,80.62,36.58,15.61,48118,35.01
2026-02-02 03:50:00,F0314,33.23,43.84,61.52,24.45,58281,92.94
2026-02-02 03:55:00,F0203,25.44,38.08,43.2,16.24,98312,45.86
2026-02-02 04:00:00,F0461,41.12,85.24,58.12,21.0,45096,71.01
2026-02-02 04:05:00,F0197,27.99,42.1,31.65,16.85,83169,99.11
2026-02-02 04:10:00,F0217,19.77,40.11,20.58,16.08,17300,29.4
2026-02-02 04:15:00,F0988,41.96,44.1,51.68,19.4,96256,97.35
2026-02-02 04:20:00,F0938,31.16,87.73,86.04,32.04,74273,68.11
2026-02-02 04:25:00,F0842,30.4,85.83,66.85,27.7,60360,93.36
2026-02-02 04:30:00,F0711,40.2,86.04,85.61,26.71,67460,43.87
2026-02-02 04:35:00,F0205,37.75,90.98,47.52,15.75,72162,37.1
2026-02-02 04:40:00,F0921,30.78,73.15,51.78,33.14,80477,79.69
2026-02-02 04:45:00,F0111,38.27,47.51,42.0,19.58,79109,38.42
2026-02-02 04:50:00,F0386,41.11,63.58,54.09,26.0,33141,61.22
2026-02-02 04:55:00,F0289,23.96,50.58,31.1,26.2,49171,77.73
2026-02-02 05:00:00,F0013,20.17,89.4,72.8,30.32,49328,61.7
2026-02-02 05:05:00,F0585,27.92,86.25,17.65,19.2,30443,22.82
2026-02-02 05:10:00,F0012,20.68,76.83,25.18,30.1,53251,24.84
2026-02-02 05:15:00,F0114,29.79,62.99,39.25,23.38,47388,23.95
2026-02-02 05:20:00,F0098,33.02,35.98,67.8,35.67,89663,94.0
2026-02-02 05:25:00,F0959,38.89,49.56,43.96,24.64,39777,44.45
2026-02-02 05:30:00,F0422,29.87,79.54,15.23,20.92,92628,27.18
2026-02-02 05:35:00,F0017,30.03,33.47,81.55,29.82,52515,91.48
2026-02-02 05:40:00,F0633,20.47,90.26,64.23,25.96,69953,67.41
2026-02-02 05:45:00,F0967,27.71,39.08,26.26,22.79,29153,27.22
2026-02-02 05:50:00,F0501,36.1,90.77,15.5,32.85,58906,33.99
2026-02-02 05:55:00,F0367,27.84,55.02,82.07,26.42,34730,35.32
2026-02-02 06:00:00,F0315,31.12,69.51,61.32,15.58,99688,22.48
2026-02-02 06:05:00,F0026,22.04,41.5,83.53,16.66,18373,55.94
2026-02-02 06:10:00,F0385,37.01,55.29,44.84,35.25,49921,73.58
2026-02-02 06:15:00,F0380,41.43,60.61,50.43,21.86,13732,30.35
2026-02-02 06:20:00,F0516,25.46,48.66,22.01,37.37,23992,99.67
2026-02-02 06:25:00,F0498,24.08,88.52,62.35,16.79,94034,69.76
2026-02-02 06:30:00,F0057,33.82,87.62,88.7,25.88,95849,65.07
2026-02-02 06:35:00,F0979,34.12,43.17,50.99,25.04,83651,53.4
2026-02-02 06:40:00,F0997,25.07,68.23,78.68,29.46,75275,67.94
2026-02-02 06:45:00,F0078,33.19,54.95,32.66,27.22,17633,56.11
2026-02-02 06:50:00,F0609,25.4,49.92,63.4,33.16,1417,67.24
2026-02-02 06:55:00,F0245,38.96,43.72,81.9,28.88,69338,58.13
2026-02-02 07:00:00,F0228,38.52,63.41,67.83,34.35,78654,63.73
2026-02-02 07:05:00,F0768,21.74,33.87,61.13,29.42,31321,42.22
2026-02-02 07:10:00,F0932,25.34,83.71,80.92,33.54,39606,50.64
2026-02-02 07:15:00,F0493,24.18,58.18,40.37,17.79,13923,26.65
2026-02-02 07:20:00,F0073,40.78,54.2,77.81,31.54,82923,62.49
2026-02-02 07:25:00,F0360,39.2,68.02,85.32,27.25,22489,35.63
2026-02-02 07:30:00,F0817,41.39,66.46,45.88,15.76,87137,64.21
2026-02-02 07:35:00,F0178,23.57,45.42,42.86,16.64,87061,66.85
2026-02-02 07:40:00,F0728,21.96,50.97,34.84,30.69,38508,48.93
2026-02-02 07:45:00,F0020,23.02,60.53,55.94,17.36,12354,99.51
2026-02-02 07:50:00,F0670,23.15,40.29,50.24,34.54,25644,24.53
2026-02-02 07:55:00,F0102,25.02,48.03,86.15,25.1,58439,96.0
2026-02-02 08:00:00,F0726,26.24,47.8,77.33,23.6,86215,29.8
2026-02-02 08:05:00,F0962,28.6,91.57,71.83,19.46,9805,52.52
2026-02-02 08:10:00,F0715,41.62,84.67,49.17,23.48,70558,27.23
2026-02-02 08:15:00,F0855,26.92,66.62,46.55,36.43,47288,46.86
2026-02-02 08:20:00,F0689,40.28,81.39,25.88,27.83,33840,32.33
2026-02-02 08:25:00,F0787,23.2,33.44,23.53,34.97,40847,95.06
2026-02-02 08:30:00,F0934,38.18,87.2,28.02,30.53,80603,97.02
2026-02-02 08:35:00,F0815,34.58,48.46,30.03,17.27,54142,76.49
2026-02-02 08:40:00,F0325,19.95,48.33,36.79,34.02,72727,72.95
2026-02-02 08:45:00,F0801,26.0,85.62,17.09,22.48,30457,61.42
2026-02-02 08:50:00,F0828,37.31,73.21,60.4,32.69,3491,82.5
2026-02-02 08:55:00,F0897,29.19,70.03,66.99,31.01,78489,22.98
2026-02-02 09:00:00,F0645,32.77,68.42,74.52,24.8,97790,66.09
2026-02-02 09:05:00,F0082,23.43,36.84,81.34,15.51,87971,93.86
2026-02-02 09:10:00,F0471,30.46,34.97,48.57,21.0,77618,94.45
2026-02-02 09:15:00,F0124,28.13,61.59,46.77,22.37,62881,23.93
2026-02-02 09:20:00,F0590,30.62,57.96,51.92,34.09,71118,46.39
2026-02-02 09:25:00,F0750,28.21,41.56,30.1,27.8,49191,31.68
2026-02-02 09:30:00,F0529,26.78,69.78,75.62,16.52,45193,95.83
2026-02-02 09:35:00,F0296,40.41,35.42,42.58,15.42,68396,82.81
2026-02-02 09:40:00,F0571,26.16,36.87,56.48,17.1,50875,74.27
2026-02-02 09:45:00,F0788,38.34,93.97,55.13,19.59,68020,99.06
2026-02-02 09:50:00,F0573,36.59,37.59,33.93,35.59,54912,56.22
2026-02-02 09:55:00,F0470,33.81,75.23,43.55,22.28,4183,31.25
2026-02-02 10:00:00,F0097,41.71,93.28,72.06,21.61,25163,74.91
2026-02-02 10:05:00,F0574,22.71,72.52,65.33,28.52,46100,56.95
2026-02-02 10:10:00,F0989,23.28,88.32,62.57,33.84,61814,21.75
2026-02-02 10:15:00,F0109,28.14,93.63,41.07,29.39,23067,78.59
2026-02-02 10:20:00,F0906,33.12,34.03,31.59,32.49,71259,69.13
2026-02-02 10:25:00,F0979,22.54,43.2,23.65,21.8,62002,51.4
2026-02-02 10:30:00,F0845,19.23,30.17,44.71,31.08,25113,79.0
2026-02-02 10:35:00,F0433,21.46,66.61,27.04,23.04,75427,82.71
2026-02-02 10:40:00,F0729,26.57,58.74,27.61,34.72,95931,65.23
2026-02-02 10:45:00,F0878,26.63,41.78,48.37,25.11,18800,83.79
2026-02-02 10:50:00,F0042,28.38,60.1,87.76,35.25,85869,21.19
2026-02-02 10:55:00,F0961,31.86,43.9,16.24,25.51,88312,39.34
2026-02-02 11:00:00,F0794,24.13,93.88,76.95,35.66,67402,81.44
2026-02-02 11:05:00,F0529,22.89,76.67,57.05,18.19,35125,61.31
2026-02-02 11:10:00,F0876,28.61,87.65,35.87,28.32,56016,59.05
2026-02-02 11:15:00,F0598,25.17,58.99,61.51,16.94,77590,94.96
2026-02-02 11:20:00,F0440,39.78,86.61,30.92,30.96,69554,82.45
2026-02-02 11:25:00,F0030,18.86,79.08,48.56,15.04,91807,78.34
2026-02-02 11:30:00,F0960,30.9,76.18,89.18,28.3,74728,93.52
2026-02-02 11:35:00,F0816,29.72,79.86,85.6,25.13,6114,88.93
2026-02-02 11:40:00,F0324,34.02,88.07,37.51,18.98,36059,42.69
2026-02-02 11:45:00,F0090,19.07,92.07,61.55,19.99,19701,27.57
2026-02-02 11:50:00,F0917,23.16,56.26,63.98,21.07,5616,22.84
2026-02-02 11:55:00,F0189,41.98,52.14,73.19,31.87,20268,59.75
2026-02-02 12:00:00,F0813,32.14,43.99,66.89,26.82,16984,95.52
2026-02-02 12:05:00,F0063,23.69,48.11,17.2,25.51,40553,85.84
2026-02-02 12:10:00,F0802,31.22,44.12,18.14,22.6,41263,47.62
2026-02-02 12:15:00,F0809,38.73,65.71,84.33,29.65,90856,91.06
2026-02-02 12:20:00,F0558,37.42,55.78,42.66,27.75,78976,96.8
2026-02-02 12:25:00,F0287,30.15,74.19,74.22,24.57,58585,40.66
2026-02-02 12:30:00,F0902,21.75,42.35,74.32,24.17,34288,33.21
2026-02-02 12:35:00,F0343,18.2,56.49,86.99,17.15,92297,99.7
2026-02-02 12:40:00,F0756,34.81,61.55,25.4,23.32,72333,63.59
2026-02-02 12:45:00,F0821,25.16,33.47,88.88,25.02,12123,92.98
2026-02-02 12:50:00,F0277,26.28,35.42,47.47,15.87,14175,32.56
2026-02-02 12:55:00,F0653,24.49,85.24,23.6,27.75,14268,75.25
2026-02-02 13:00:00,F0055,28.95,41.61,22.59,28.44,53403,68.83
2026-02-02 13:05:00,F0935,35.29,56.57,28.59,23.66,36552,57.52
2026-02-02 13:10:00,F0749,18.45,33.07,29.62,33.03,9881,84.42
2026-02-02 13:15:00,F0941,32.2,48.28,31.08,28.46,98916,92.25
2026-02-02 13:20:00,F0305,18.1,52.36,47.67,27.22,52192,42.83
2026-02-02 13:25:00,F0973,31.76,55.6,24.26,36.27,23660,81.36
2026-02-02 13:30:00,F0811,41.98,59.77,73.6,33.49,89466,36.69
2026-02-02 13:35:00,F0538,38.67,67.01,17.78,36.03,41461,41.38
2026-02-02 13:40:00,F0146,18.42,58.79,84.83,31.82,63328,25.86
2026-02-02 13:45:00,F0640,19.83,58.36,50.77,21.48,20420,88.24
2026-02-02 13:50:00,F0076,24.1,91.89,22.44,15.57,86998,64.66
2026-02-02 13:55:00,F0080,38.72,92.77,64.77,33.89,79319,30.55
2026-02-02 14:00:00,F0608,18.24,33.72,53.82,20.1,74887,43.36
2026-02-02 14:05:00,F0474,20.75,78.54,69.54,18.29,65155,24.54
2026-02-02 14:10:00,F0684,39.59,73.26,57.67,17.95,17753,45.17
2026-02-02 14:15:00,F0456,37.16,79.38,46.59,35.32,7496,83.49
2026-02-02 14:20:00,F0287,38.41,88.87,67.94,23.28,22369,41.09
2026-02-02 14:25:00,F0273,23.33,48.25,77.43,31.17,91908,49.1
2026-02-02 14:30:00,F0316,27.8,55.65,60.26,16.83,66615,23.36
2026-02-02 14:35:00,F0093,21.35,89.82,43.92,20.54,65760,48.54
2026-02-02 14:40:00,F0593,32.7,61.02,35.49,25.75,54052,56.85
2026-02-02 14:45:00,F0429,24.73,72.89,52.2,24.13,58824,84.35
2026-02-02 14:50:00,F0988,31.8,36.03,37.7,26.74,52511,93.35
2026-02-02 14:55:00,F0783,41.65,77.21,35.87,15.28,22762,44.14
2026-02-02 15:00:00,F0146,21.87,57.51,67.62,32.09,27162,76.14
2026-02-02 15:05:00,F0894,34.31,76.89,36.52,29.6,16727,44.49
2026-02-02 15:10:00,F0098,18.32,48.46,53.53,22.25,82382,23.43
2026-02-02 15:15:00,F0055,26.02,62.64,72.33,37.0,26152,53.8
2026-02-02 15:20:00,F0078,36.33,56.02,19.3,28.69,12220,62.95
2026-02-02 15:25:00,F0233,29.55,52.97,61.46,28.26,5347,22.91
2026-02-02 15:30:00,F0470,41.77,44.08,34.17,15.39,7480,59.84
2026-02-02 15:35:00,F0037,41.25,68.37,19.42,36.47,28743,99.92
2026-02-02 15:40:00,F0279,39.67,54.21,30.71,24.89,37076,22.99
2026-02-02 15:45:00,F0743,34.76,87.85,28.14,31.75,91233,85.44
2026-02-02 15:50:00,F0682,34.26,51.62,39.1,36.69,14058,31.59
2026-02-02 15:55:00,F0776,34.76,36.29,40.27,28.19,76324,69.14
2026-02-02 16:00:00,F0936,35.77,67.08,27.96,21.16,80637,75.56
2026-02-02 16:05:00,F0114,28.4,51.97,83.2,19.98,7038,29.45
2026-02-02 16:10:00,F0089,20.62,60.58,15.02,17.99,6797,73.65
2026-02-02 16:15:00,F0155,34.65,43.07,29.98,16.63,38610,41.4
2026-02-02 16:20:00,F0847,34.69,70.45,50.23,18.59,10253,72.35
2026-02-02 16:25:00,F0347,19.76,84.23,89.03,17.78,9283,27.96
2026-02-02 16:30:00,F0972,38.63,88.34,45.63,26.47,24296,50.35
2026-02-02 16:35:00,F0122,29.85,61.08,27.98,23.62,72442,86.61
2026-02-02 16:40:00,F0907,24.18,32.7,30.31,22.49,77551,67.91
2026-02-02 16:45:00,F0950,29.07,35.72,64.81,18.49,27595,84.27
2026-02-02 16:50:00,F0828,36.68,93.07,82.32,19.25,26935,40.41
2026-02-02 16:55:00,F0683,27.15,75.31,24.61,28.91,27388,93.77
2026-02-02 17:00:00,F0825,27.05,41.59,40.1,28.63,34799,21.16
2026-02-02 17:05:00,F0394,18.05,84.57,36.86,31.74,92167,30.49
2026-02-02 17:10:00,F0352,35.25,65.96,59.7,21.47,60211,49.78
2026-02-02 17:15:00,F0634,22.8,88.99,17.09,21.81,15289,93.71
2026-02-02 17:20:00,F0871,34.45,54.02,30.83,30.96,57181,92.68
2026-02-02 17:25:00,F0282,19.51,58.8,23.33,15.68,1421,55.87
2026-02-02 17:30:00,F0359,27.28,64.79,40.21,22.54,67933,79.04
2026-02-02 17:35:00,F0519,28.22,78.49,83.16,34.75,50244,27.06
2026-02-02 17:40:00,F0204,39.4,74.19,72.55,26.19,1279,93.8
2026-02-02 17:45:00,F0005,29.5,43.37,67.68,28.72,64076,89.26
2026-02-02 17:50:00,F0580,24.0,74.38,54.66,23.89,33548,50.94
2026-02-02 17:55:00,F0414,28.61,36.36,84.19,32.4,98045,52.35
2026-02-02 18:00:00,F0183,34.56,55.77,30.32,28.28,44781,44.62
2026-02-02 18:05:00,F0024,20.83,35.16,21.26,19.53,94146,48.69
2026-02-02 18:10:00,F0845,37.17,42.4,61.35,28.11,22126,91.91
2026-02-02 18:15:00,F0175,30.28,78.44,26.18,33.28,68007,29.63
2026-02-02 18:20:00,F0360,39.22,53.92,61.87,33.58,2800,43.51
2026-02-02 18:25:00,F0180,31.33,60.2,37.88,25.69,3443,50.77
2026-02-02 18:30:00,F0556,19.89,45.58,52.47,37.44,21770,69.43
2026-02-02 18:35:00,F0604,37.05,47.43,70.96,36.38,31381,91.23
2026-02-02 18:40:00,F0794,19.07,65.51,38.42,32.43,33477,67.24
2026-02-02 18:45:00,F0229,33.99,83.06,74.82,23.96,52383,75.99
2026-02-02 18:50:00,F0894,28.13,65.28,26.07,29.26,79586,30.99
2026-02-02 18:55:00,F0303,29.29,75.39,52.67,30.12,37518,48.39
2026-02-02 19:00:00,F0263,37.31,57.28,65.99,33.53,26179,73.1
2026-02-02 19:05:00,F0665,33.26,90.09,45.85,35.62,51533,48.85
2026-02-02 19:10:00,F0188,29.4,83.71,80.78,36.3,15937,85.58
2026-02-02 19:15:00,F0181,32.55,56.8,39.16,35.92,69116,86.74
2026-02-02 19:20:00,F0915,21.12,62.21,57.45,31.72,80204,26.45
2026-02-02 19:25:00,F0650,20.92,78.69,34.75,34.06,30793,51.94
2026-02-02 19:30:00,F0318,34.3,60.6,58.38,17.75,66860,99.79
2026-02-02 19:35:00,F0884,25.45,77.7,23.72,20.88,92347,20.15
2026-02-02 19:40:00,F0182,41.23,35.72,59.36,23.67,62837,71.94
2026-02-02 19:45:00,F0362,30.29,65.49,66.2,26.87,91125,40.99
2026-02-02 19:50:00,F0751,22.09,58.74,23.79,33.55,4818,41.17
2026-02-02 19:55:00,F0334,32.68,35.95,28.18,27.48,80672,65.23
2026-02-02 20:00:00,F0119,21.87,71.34,65.57,25.98,41082,80.14
2026-02-02 20:05:00,F0654,39.88,82.7,84.73,37.03,99366,78.08
2026-02-02 20:10:00,F0235,27.4,38.07,52.78,33.02,62511,21.89
2026-02-02 20:15:00,F0470,19.01,40.66,79.75,32.56,86971,75.04
2026-02-02 20:20:00,F0372,18.54,81.1,28.89,31.85,18996,20.59
2026-02-02 20:25:00,F0952,23.26,85.71,42.61,17.76,32488,97.87
2026-02-02 20:30:00,F0950,32.81,72.8,88.99,29.24,44391,26.64
2026-02-02 20:35:00,F0813,38.58,88.52,86.9,29.58,93032,41.12
2026-02-02 20:40:00,F0154,24.35,53.79,52.98,25.72,31535,85.65
2026-02-02 20:45:00,F0372,32.29,81.36,57.62,30.33,68217,84.26
2026-02-02 20:50:00,F0991,25.54,90.51,26.74,18.9,21428,68.91
2026-02-02 20:55:00,F0495,36.88,41.83,62.3,33.24,38155,48.41
2026-02-02 21:00:00,F0829,25.67,50.43,36.37,18.63,5985,45.71
2026-02-02 21:05:00,F0747,41.45,77.13,48.91,19.09,76736,28.85
2026-02-02 21:10:00,F0615,30.1,74.78,66.2,24.25,32236,39.88
2026-02-02 21:15:00,F0375,34.23,74.64,49.2,34.41,57158,79.71
2026-02-02 21:20:00,F0150,22.95,30.23,20.57,16.97,97305,48.31
2026-02-02 21:25:00,F0365,39.01,61.0,47.26,18.05,50046,71.93
2026-02-02 21:30:00,F0123,27.43,56.91,20.29,23.0,56463,70.82
2026-02-02 21:35:00,F0858,29.35,81.73,70.43,19.72,38049,85.33
2026-02-02 21:40:00,F0053,23.68,31.06,46.04,20.6,68700,54.2
2026-02-02 21:45:00,F0723,19.29,55.09,53.35,34.04,90238,56.51
2026-02-02 21:50:00,F0958,30.06,89.01,16.49,20.21,9749,62.51
2026-02-02 21:55:00,F0565,27.76,65.5,28.69,26.66,84716,57.53
2026-02-02 22:00:00,F0752,20.96,40.2,35.45,24.6,2369,39.67
2026-02-02 22:05:00,F0302,20.16,79.57,79.92,36.67,74007,33.81
2026-02-02 22:10:00,F0541,28.82,84.63,42.98,25.97,78184,67.06
2026-02-02 22:15:00,F0688,35.98,66.77,34.35,15.35,3660,68.31
2026-02-02 22:20:00,F0051,28.25,91.66,89.77,16.16,91722,57.82
2026-02-02 22:25:00,F0074,33.36,74.24,32.16,21.62,55790,28.51
2026-02-02 22:30:00,F0333,38.3,51.36,40.08,34.19,35107,70.36
2026-02-02 22:35:00,F0811,21.3,58.55,75.58,31.73,8055,29.08
2026-02-02 22:40:00,F0566,19.53,44.89,17.26,26.82,86466,91.54
2026-02-02 22:45:00,F0609,26.42,37.23,72.63,29.67,43373,70.84
2026-02-02 22:50:00,F0860,37.42,52.9,24.56,35.35,27883,41.03
2026-02-02 22:55:00,F0812,36.48,84.05,56.29,24.72,91088,83.81
2026-02-02 23:00:00,F0492,36.83,88.77,79.43,26.23,51255,50.65
2026-02-02 23:05:00,F0479,18.29,86.83,80.63,23.83,2306,54.24
2026-02-02 23:10:00,F0952,26.24,86.95,68.37,21.66,47504,27.64
2026-02-02 23:15:00,F0554,23.5,65.86,35.66,34.04,98691,27.78
2026-02-02 23:20:00,F0301,35.4,32.65,61.52,21.29,68653,99.41
2026-02-02 23:25:00,F0910,36.11,42.47,31.88,25.45,97819,31.72
2026-02-02 23:30:00,F0298,28.4,52.81,65.22,18.59,39050,72.09
2026-02-02 23:35:00,F0083,19.6,90.55,20.92,35.21,14629,31.07
2026-02-02 23:40:00,F0750,31.18,38.66,76.65,23.51,92178,37.53
2026-02-02 23:45:00,F0969,33.27,60.66,55.26,34.54,96171,72.0
2026-02-02 23:50:00,F0632,27.84,62.54,39.29,15.62,54643,97.54
2026-02-02 23:55:00,F0626,24.44,79.1,53.3,34.5,58550,24.13
2026-02-03 00:00:00,F0622,38.45,87.08,61.46,26.31,88279,67.18
2026-02-03 00:05:00,F0339,31.56,41.73,62.41,28.67,34147,89.64
2026-02-03 00:10:00,F0839,37.3,72.14,88.23,20.87,29529,20.4
2026-02-03 00:15:00,F0668,34.68,50.08,49.09,34.11,35371,40.04
2026-02-03 00:20:00,F0667,35.27,77.79,27.65,32.26,8648,58.43
2026-02-03 00:25:00,F0897,29.38,87.1,73.83,30.08,44235,93.65
2026-02-03 00:30:00,F0033,33.69,73.88,26.21,24.7,10838,99.88
2026-02-03 00:35:00,F0520,24.0,56.56,61.21,16.55,67936,25.82
2026-02-03 00:40:00,F0922,39.48,76.27,55.48,30.99,29709,57.82
2026-02-03 00:45:00,F0057,20.7,32.86,49.43,26.7,85332,41.42
2026-02-03 00:50:00,F0715,36.9,46.59,79.29,20.3,89308,30.73
2026-02-03 00:55:00,F0416,29.28,35.81,77.05,30.97,74773,74.42
2026-02-03 01:00:00,F0340,19.82,87.27,15.57,21.27,96216,74.9
2026-02-03 01:05:00,F0806,21.16,52.98,71.73,29.71,18400,25.67
2026-02-03 01:10:00,F0350,26.56,49.5,47.52,30.65,2435,88.0
2026-02-03 01:15:00,F0008,30.79,63.3,71.15,30.01,62797,71.37
2026-02-03 01:20:00,F0306,35.87,36.94,33.0,35.62,22700,32.81
2026-02-03 01:25:00,F0520,26.85,91.24,47.22,28.33,96027,74.79
2026-02-03 01:30:00,F0081,38.17,48.13,32.37,21.61,74209,25.75
2026-02-03 01:35:00,F0046,35.31,62.0,25.73,24.57,94255,88.09
2026-02-03 01:40:00,F0606,34.21,69.49,18.06,25.29,62816,56.1
2026-02-03 01:45:00,F0091,20.34,81.55,76.36,22.34,26322,82.6
2026-02-03 01:50:00,F0676,25.64,89.34,31.45,22.59,72276,45.09
2026-02-03 01:55:00,F0712,41.82,73.37,61.93,28.22,6154,73.15
2026-02-03 02:00:00,F0507,24.36,83.31,80.32,25.88,30794,67.01
2026-02-03 02:05:00,F0792,32.95,84.15,84.4,27.34,11677,28.33
2026-02-03 02:10:00,F0992,30.12,36.26,84.89,32.27,58571,50.22
2026-02-03 02:15:00,F0792,36.32,32.09,64.96,32.64,48642,91.36
2026-02-03 02:20:00,F0549,33.8,74.65,49.74,32.72,33997,31.53
2026-02-03 02:25:00,F0229,34.61,89.08,45.47,31.47,54277,58.28
2026-02-03 02:30:00,F0256,21.14,54.26,35.34,24.02,4945,91.96
2026-02-03 02:35:00,F0948,29.66,30.49,56.09,25.8,99637,83.65
2026-02-03 02:40:00,F0860,21.05,65.74,42.06,17.69,21427,29.27
2026-02-03 02:45:00,F0873,38.2,93.1,82.5,25.02,80036,50.76
2026-02-03 02:50:00,F0919,27.27,70.99,66.62,25.98,35748,33.53
2026-02-03 02:55:00,F0578,38.86,72.49,34.92,24.13,43545,79.06
2026-02-03 03:00:00,F0299,24.97,83.55,62.29,29.49,87620,52.26
2026-02-03 03:05:00,F0519,30.65,51.57,52.98,28.92,32354,98.72
2026-02-03 03:10:00,F0073,32.96,73.63,75.95,20.28,97175,22.52
2026-02-03 03:15:00,F0285,25.14,36.17,60.37,37.9,40275,96.6
2026-02-03 03:20:00,F0545,36.69,57.06,80.25,32.21,38121,44.98
2026-02-03 03:25:00,F0173,24.2,85.67,38.19,32.62,86064,43.3
2026-02-03 03:30:00,F0921,20.32,90.56,21.88,31.67,94873,77.62
2026-02-03 03:35:00,F0396,36.43,48.71,22.14,16.26,9179,37.66
2026-02-03 03:40:00,F0452,32.07,46.72,77.71,25.14,17386,29.34
2026-02-03 03:45:00,F0767,39.83,57.67,80.52,24.08,50139,89.77
2026-02-03 03:50:00,F0776,30.01,75.09,55.15,22.5,78790,93.99
2026-02-03 03:55:00,F0771,21.16,66.35,58.61,29.43,7832,60.06
2026-02-03 04:00:00,F0520,30.05,58.53,25.55,18.46,9129,58.19
2026-02-03 04:05:00,F0241,18.43,79.08,85.54,25.23,61546,31.67
2026-02-03 04:10:00,F0389,38.03,57.54,89.49,24.01,59326,38.06
2026-02-03 04:15:00,F0635,25.56,85.95,67.23,33.09,9132,27.15
2026-02-03 04:20:00,F0333,35.15,32.91,42.87,27.78,36524,66.03
2026-02-03 04:25:00,F0729,24.99,55.28,20.06,35.62,77618,33.48
2026-02-03 04:30:00,F0114,21.43,34.24,60.21,34.6,19581,52.46
2026-02-03 04:35:00,F0495,20.94,57.23,19.51,28.46,67209,39.22
2026-02-03 04:40:00,F0716,35.12,82.01,25.52,15.62,9873,81.74
2026-02-03 04:45:00,F0262,30.99,86.97,85.56,25.64,33302,37.5
2026-02-03 04:50:00,F0682,25.83,35.95,58.88,24.39,34247,64.35
2026-02-03 04:55:00,F0093,23.47,84.8,37.78,37.27,32689,90.71
2026-02-03 05:00:00,F0900,21.45,54.18,84.01,28.04,88582,46.65
2026-02-03 05:05:00,F0976,35.94,77.29,79.75,20.51,46036,64.53
2026-02-03 05:10:00,F0976,19.93,65.04,66.97,18.8,37979,20.26
2026-02-03 05:15:00,F0945,28.28,36.0,77.95,15.8,90971,92.91
2026-02-03 05:20:00,F0720,19.56,52.59,53.05,16.57,50249,27.33
2026-02-03 05:25:00,F0628,22.86,39.65,67.21,24.91,26293,99.8
2026-02-03 05:30:00,F0395,36.57,49.43,16.3,16.77,10400,64.91
2026-02-03 05:35:00,F0573,26.71,33.7,32.04,25.67,99603,77.06
2026-02-03 05:40:00,F0395,33.51,41.49,19.92,18.82,87590,72.8
2026-02-03 05:45:00,F0734,27.29,36.34,85.73,27.09,80035,74.13
2026-02-03 05:50:00,F0134,25.48,51.31,68.55,16.54,11580,83.54
2026-02-03 05:55:00,F0810,33.0,45.61,75.37,27.57,28108,21.37
2026-02-03 06:00:00,F0700,27.27,81.77,63.74,33.79,67273,67.15
2026-02-03 06:05:00,F0617,36.78,75.11,86.04,20.23,98336,97.55
2026-02-03 06:10:00,F0377,28.46,78.23,66.78,29.5,39900,71.48
2026-02-03 06:15:00,F0023,31.2,85.73,42.75,15.72,17566,97.47
2026-02-03 06:20:00,F0346,32.62,47.71,15.47,26.39,35365,66.75
2026-02-03 06:25:00,F0711,19.91,93.7,85.56,36.5,68178,89.16
2026-02-03 06:30:00,F0999,24.11,50.76,26.68,36.1,50083,45.9
2026-02-03 06:35:00,F0982,38.78,75.92,75.69,18.89,45711,99.85
2026-02-03 06:40:00,F0945,19.71,35.92,32.63,24.02,27561,31.83
2026-02-03 06:45:00,F0903,25.57,80.32,79.26,20.41,97275,35.18
2026-02-03 06:50:00,F0669,23.13,52.61,22.47,35.61,30789,28.63
2026-02-03 06:55:00,F0127,34.11,75.47,51.95,36.66,92293,98.82
2026-02-03 07:00:00,F0851,28.09,76.6,61.53,26.77,98316,96.11
2026-02-03 07:05:00,F0968,23.07,86.48,69.46,19.05,20901,26.11
2026-02-03 07:10:00,F0121,19.84,63.58,17.25,28.17,29316,73.01
2026-02-03 07:15:00,F0051,30.18,68.01,30.99,20.04,7122,68.09
2026-02-03 07:20:00,F0843,19.52,63.56,63.69,16.9,85519,68.59
2026-02-03 07:25:00,F0965,41.81,57.48,84.65,18.72,67867,32.26
2026-02-03 07:30:00,F0578,27.77,89.79,69.92,29.62,72512,29.54
2026-02-03 07:35:00,F0242,22.89,50.66,89.77,33.57,69066,53.73
2026-02-03 07:40:00,F0556,23.96,91.27,52.91,27.9,48492,98.29
2026-02-03 07:45:00,F0538,41.78,59.37,64.42,33.86,58099,60.02
2026-02-03 07:50:00,F0469,27.79,62.17,18.86,21.43,55883,40.9
2026-02-03 07:55:00,F0163,40.27,72.65,85.13,27.18,84064,77.73
2026-02-03 08:00:00,F0279,30.34,31.84,69.42,32.95,25348,74.91
2026-02-03 08:05:00,F0484,18.7,39.44,18.03,26.15,49842,40.45
2026-02-03 08:10:00,F0149,37.11,90.36,84.49,29.73,73669,66.63
2026-02-03 08:15:00,F0038,20.18,60.14,55.57,27.65,28150,85.99
2026-02-03 08:20:00,F0195,33.54,69.44,23.08,35.6,52333,48.57
2026-02-03 08:25:00,F0522,27.0,74.01,69.03,17.45,8086,82.42
2026-02-03 08:30:00,F0855,24.51,85.27,81.57,37.15,43514,39.33
2026-02-03 08:35:00,F0466,31.6,87.45,29.12,32.38,55603,35.2
2026-02-03 08:40:00,F0267,26.27,58.92,53.01,16.62,63121,48.75
2026-02-03 08:45:00,F0853,39.19,54.56,75.39,36.9,39191,44.47
2026-02-03 08:50:00,F0435,27.34,63.76,35.11,28.46,69762,75.49
2026-02-03 08:55:00,F0821,40.22,52.77,24.22,26.12,51350,29.31
2026-02-03 09:00:00,F0263,38.85,91.03,27.51,19.92,84946,47.15
2026-02-03 09:05:00,F0860,39.96,57.16,43.28,23.07,44874,88.32
2026-02-03 09:10:00,F0178,22.27,79.43,73.62,37.52,4000,67.64
2026-02-03 09:15:00,F0309,24.93,58.27,75.14,21.24,68391,84.94
2026-02-03 09:20:00,F0295,30.81,75.69,65.92,31.56,9692,62.65
2026-02-03 09:25:00,F0508,24.82,58.58,38.72,24.26,18037,54.58
2026-02-03 09:30:00,F0219,37.1,68.9,65.94,29.61,67480,66.48
2026-02-03 09:35:00,F0488,40.63,91.88,63.63,16.09,56571,48.41
2026-02-03 09:40:00,F0631,34.8,79.62,49.89,21.32,58355,84.76
2026-02-03 09:45:00,F0257,23.16,49.33,15.49,31.26,60833,24.29
2026-02-03 09:50:00,F0347,26.09,31.93,67.12,30.46,27148,36.53
2026-02-03 09:55:00,F0836,41.38,80.38,79.82,37.98,98823,27.14
2026-02-03 10:00:00,F0786,29.28,38.72,66.32,31.09,82578,95.33
2026-02-03 10:05:00,F0713,23.38,62.56,52.99,20.39,34728,21.62
2026-02-03 10:10:00,F0149,27.39,38.07,65.89,17.81,98690,61.66
2026-02-03 10:15:00,F0328,41.21,39.89,30.57,18.89,11976,23.68
2026-02-03 10:20:00,F0720,40.96,63.81,67.97,36.09,62562,57.9
2026-02-03 10:25:00,F0705,31.15,57.22,87.47,23.55,39060,30.76
2026-02-03 10:30:00,F0768,34.73,35.87,46.46,35.12,23673,57.59
2026-02-03 10:35:00,F0409,23.44,49.72,20.97,26.71,13041,42.62
2026-02-03 10:40:00,F0449,37.45,58.59,34.21,27.64,10774,85.73
2026-02-03 10:45:00,F0706,38.79,60.11,63.5,36.95,99070,90.77
2026-02-03 10:50:00,F0794,22.65,37.15,35.3,18.9,71561,64.83
2026-02-03 10:55:00,F0144,29.21,75.41,35.26,33.29,35490,54.57
2026-02-03 11:00:00,F0381,28.72,36.79,74.84,33.54,53677,70.94
2026-02-03 11:05:00,F0778,22.73,94.4,50.44,20.31,62163,42.84
2026-02-03 11:10:00,F0472,20.67,84.21,88.41,25.28,59759,41.13
2026-02-03 11:15:00,F0691,35.86,68.71,30.16,35.15,86267,85.52
2026-02-03 11:20:00,F0553,18.62,34.82,33.58,24.75,68209,28.25
2026-02-03 11:25:00,F0149,35.38,51.55,35.28,33.35,21929,86.46
2026-02-03 11:30:00,F0450,23.88,74.42,48.88,30.27,3654,41.69
2026-02-03 11:35:00,F0106,24.01,75.55,83.8,27.43,55220,26.7
2026-02-03 11:40:00,F0405,24.48,39.81,42.59,32.3,5286,51.88
2026-02-03 11:45:00,F0131,39.35,59.75,39.05,22.8,35083,77.57
2026-02-03 11:50:00,F0514,24.86,84.79,36.21,16.56,1494,98.12
2026-02-03 11:55:00,F0802,34.44,67.49,59.3,26.96,44751,56.73
2026-02-03 12:00:00,F0728,18.11,74.13,45.45,24.61,87444,97.75
2026-02-03 12:05:00,F0704,28.61,43.3,58.61,32.04,65672,93.88
2026-02-03 12:10:00,F0690,40.48,55.26,68.6,34.96,93286,88.15
2026-02-03 12:15:00,F0506,31.96,68.82,68.59,28.04,97466,74.41
2026-02-03 12:20:00,F0547,40.73,70.88,75.99,26.5,96541,66.12
2026-02-03 12:25:00,F0241,40.72,75.47,54.02,35.23,15172,92.41
2026-02-03 12:30:00,F0194,27.69,38.47,15.41,32.09,11713,68.76
2026-02-03 12:35:00,F0810,34.32,76.5,68.01,21.0,52807,58.54
2026-02-03 12:40:00,F0896,24.05,50.89,66.83,19.45,95848,87.17
2026-02-03 12:45:00,F0149,40.46,89.49,39.67,23.41,86023,50.56
2026-02-03 12:50:00,F0755,30.54,63.84,64.54,26.52,73847,87.4
2026-02-03 12:55:00,F0845,18.28,83.95,43.07,22.62,63803,42.95
2026-02-03 13:00:00,F0008,18.68,64.66,57.77,18.43,40816,83.84
2026-02-03 13:05:00,F0227,33.88,86.26,22.06,21.81,24012,88.06
2026-02-03 13:10:00,F0292,22.62,62.71,53.53,33.15,33232,92.83
2026-02-03 13:15:00,F0473,38.78,41.58,35.44,18.61,73373,89.32
2026-02-03 13:20:00,F0847,18.76,77.99,57.88,28.96,55954,45.32
2026-02-03 13:25:00,F0229,30.69,87.82,32.53,25.7,15300,34.06
2026-02-03 13:30:00,F0155,18.29,38.91,76.83,22.31,75754,74.37
2026-02-03 13:35:00,F0649,40.34,51.45,15.41,36.03,20678,41.53
2026-02-03 13:40:00,F0668,18.85,40.97,84.11,30.86,32039,82.54
2026-02-03 13:45:00,F0747,38.58,60.16,80.72,15.39,51900,62.99
2026-02-03 13:50:00,F0011,32.79,56.58,88.92,18.41,31251,64.83
2026-02-03 13:55:00,F0872,26.69,53.8,47.91,28.49,23971,82.4
2026-02-03 14:00:00,F0888,36.25,32.47,68.07,27.2,87254,30.23
2026-02-03 14:05:00,F0905,25.2,74.29,68.89,17.79,6179,70.24
2026-02-03 14:10:00,F0864,20.42,63.27,38.83,33.62,8174,42.35
2026-02-03 14:15:00,F0593,22.52,46.55,75.73,35.27,36931,98.16
2026-02-03 14:20:00,F0384,38.16,92.94,24.29,18.14,23301,43.0
2026-02-03 14:25:00,F0230,34.1,86.48,70.87,28.27,9091,26.23
2026-02-03 14:30:00,F0131,23.87,42.66,70.46,31.59,99769,84.92
2026-02-03 14:35:00,F0223,31.66,71.44,25.18,31.48,42247,94.12
2026-02-03 14:40:00,F0858,30.17,37.82,88.58,26.38,42542,22.9
2026-02-03 14:45:00,F0141,20.4,47.47,85.24,29.2,52454,87.85
2026-02-03 14:50:00,F0054,34.57,35.49,76.72,28.36,30316,74.6
2026-02-03 14:55:00,F0988,20.2,51.36,50.96,29.76,87815,83.24
2026-02-03 15:00:00,F0833,38.71,90.23,55.52,33.36,86584,89.2
2026-02-03 15:05:00,F0652,25.77,37.84,63.94,29.9,91135,76.51
2026-02-03 15:10:00,F0640,38.6,60.44,60.48,27.36,12362,58.84
2026-02-03 15:15:00,F0248,18.52,36.9,76.13,32.19,99472,28.2
2026-02-03 15:20:00,F0357,24.63,89.9,69.87,33.72,91552,55.67
2026-02-03 15:25:00,F0054,19.88,49.0,85.77,15.03,40537,73.94
2026-02-03 15:30:00,F0924,37.53,63.92,76.14,24.35,88099,47.83
2026-02-03 15:35:00,F0976,21.5,70.66,62.23,29.17,25696,70.55
2026-02-03 15:40:00,F0723,29.87,58.17,42.61,29.91,88597,65.05
2026-02-03 15:45:00,F0210,32.64,38.5,88.96,31.78,17550,24.11
2026-02-03 15:50:00,F0653,25.57,52.8,66.57,25.68,94948,27.57
2026-02-03 15:55:00,F0781,28.22,91.5,20.38,37.55,61806,85.4
2026-02-03 16:00:00,F0977,39.37,50.2,35.33,15.44,30921,21.74
2026-02-03 16:05:00,F0591,28.81,50.88,30.16,29.92,22637,44.76
2026-02-03 16:10:00,F0646,32.0,82.38,49.36,19.55,52909,64.49
2026-02-03 16:15:00,F0888,31.15,60.72,56.33,25.05,16182,65.95
2026-02-03 16:20:00,F0965,40.36,33.95,65.42,35.46,92045,31.28
2026-02-03 16:25:00,F0719,26.27,32.93,16.05,24.28,13101,54.29
2026-02-03 16:30:00,F0400,36.86,63.79,34.18,30.78,14143,45.54
2026-02-03 16:35:00,F0443,35.96,38.45,40.68,27.44,68942,29.2
2026-02-03 16:40:00,F0775,18.43,30.85,39.92,29.83,80933,63.47
2026-02-03 16:45:00,F0724,28.53,34.22,82.52,37.45,45761,73.1
2026-02-03 16:50:00,F0445,25.23,80.43,65.79,34.4,20081,66.53
2026-02-03 16:55:00,F0175,27.61,63.36,38.52,20.61,36470,96.36
2026-02-03 17:00:00,F0368,23.41,65.39,76.36,15.48,84473,31.07
2026-02-03 17:05:00,F0616,28.89,63.14,29.79,17.71,94346,34.1
2026-02-03 17:10:00,F0788,40.62,62.72,66.57,16.0,48608,52.01
2026-02-03 17:15:00,F0347,32.74,30.63,29.18,20.88,45655,62.97
2026-02-03 17:20:00,F0367,28.49,77.72,76.07,16.82,62710,79.75
2026-02-03 17:25:00,F0716,23.85,69.37,40.93,15.8,39883,80.19
2026-02-03 17:30:00,F0685,33.27,49.55,80.28,37.58,74832,78.56
2026-02-03 17:35:00,F0814,21.36,74.61,59.47,21.44,48875,41.63
2026-02-03 17:40:00,F0618,20.08,79.04,30.81,34.2,60339,91.1
2026-02-03 17:45:00,F0585,38.48,90.39,58.78,35.78,18219,34.7
2026-02-03 17:50:00,F0526,23.68,70.56,58.0,30.35,61168,99.18
2026-02-03 17:55:00,F0304,21.73,91.77,83.03,35.47,54783,79.31
2026-02-03 18:00:00,F0004,38.45,69.98,39.06,29.87,4046,65.41
2026-02-03 18:05:00,F0811,38.88,93.21,54.86,30.5,94082,42.8
2026-02-03 18:10:00,F0903,28.42,65.51,77.39,26.64,9322,21.07
2026-02-03 18:15:00,F0739,41.74,76.79,57.28,18.7,14407,33.13
2026-02-03 18:20:00,F0124,38.91,62.76,69.59,21.49,21871,39.57
2026-02-03 18:25:00,F0108,41.08,58.21,81.97,23.49,49344,51.22
2026-02-03 18:30:00,F0913,33.09,86.41,15.03,36.5,39719,85.64
2026-02-03 18:35:00,F0833,22.64,50.78,78.97,15.93,46666,51.71
2026-02-03 18:40:00,F0303,18.3,73.31,62.22,34.25,44190,77.46
2026-02-03 18:45:00,F0581,24.86,35.96,84.88,37.44,59069,99.8
2026-02-03 18:50:00,F0349,32.86,93.65,66.76,19.49,90056,86.72
2026-02-03 18:55:00,F0393,37.49,53.96,50.59,25.52,92764,28.12
2026-02-03 19:00:00,F0403,20.94,83.25,46.75,33.83,55548,75.0
2026-02-03 19:05:00,F0770,25.57,60.1,38.25,24.14,32931,50.63
2026-02-03 19:10:00,F0349,30.21,37.45,23.68,16.28,75757,85.89
2026-02-03 19:15:00,F0471,31.7,68.95,61.19,37.29,37791,91.32
2026-02-03 19:20:00,F0659,27.76,40.03,38.34,19.62,79722,93.4
2026-02-03 19:25:00,F0516,39.8,35.43,46.17,31.4,28027,99.94
2026-02-03 19:30:00,F0613,36.48,58.86,62.31,16.59,97582,37.27
2026-02-03 19:35:00,F0717,23.94,78.06,19.18,16.22,62574,95.9
2026-02-03 19:40:00,F0966,28.2,54.9,66.26,23.46,38061,79.72
2026-02-03 19:45:00,F0343,18.88,51.33,56.07,30.89,14083,54.26
2026-02-03 19:50:00,F0758,37.38,73.13,84.05,29.05,71797,70.21
2026-02-03 19:55:00,F0653,19.33,74.06,23.18,34.46,51079,44.12
2026-02-03 20:00:00,F0808,38.47,54.47,87.42,30.38,49620,88.46
2026-02-03 20:05:00,F0924,27.39,57.89,77.75,19.69,50261,90.12
2026-02-03 20:10:00,F0208,33.87,87.29,24.77,32.94,54050,34.29
2026-02-03 20:15:00,F0512,20.36,70.41,62.05,17.01,30322,52.81
2026-02-03 20:20:00,F0766,40.75,93.69,46.41,20.33,80612,24.47
2026-02-03 20:25:00,F0935,34.33,84.65,84.86,35.77,66255,74.45
2026-02-03 20:30:00,F0776,21.91,81.19,29.65,23.59,59495,52.97
2026-02-03 20:35:00,F0966,24.21,75.39,45.84,30.94,98427,99.19
2026-02-03 20:40:00,F0481,33.09,57.08,17.1,18.6,52767,28.8
2026-02-03 20:45:00,F0731,33.82,92.76,76.33,20.87,77301,76.44
2026-02-03 20:50:00,F0835,40.26,77.26,28.07,30.85,78943,98.8
2026-02-03 20:55:00,F0467,28.33,64.97,83.13,24.72,40485,83.99
2026-02-03 21:00:00,F0652,19.75,67.59,82.86,22.82,85581,58.27
2026-02-03 21:05:00,F0827,19.7,66.53,30.27,29.67,3217,59.29
2026-02-03 21:10:00,F0013,23.31,45.54,23.69,24.06,55752,97.56
2026-02-03 21:15:00,F0010,26.16,83.61,63.55,34.2,6279,62.62
2026-02-03 21:20:00,F0337,20.08,64.81,55.73,23.87,53077,65.49
2026-02-03 21:25:00,F0707,22.39,94.63,56.06,28.91,55616,79.3
2026-02-03 21:30:00,F0089,19.52,84.76,16.01,27.48,78110,55.27
2026-02-03 21:35:00,F0368,30.67,43.84,66.95,32.57,34890,24.4
2026-02-03 21:40:00,F0304,36.48,36.35,44.15,24.11,84352,71.39
2026-02-03 21:45:00,F0692,20.34,81.98,44.8,22.54,69966,47.96
2026-02-03 21:50:00,F0588,40.45,35.73,75.67,32.99,2687,43.26
2026-02-03 21:55:00,F0528,36.87,63.47,83.84,22.23,86523,58.28
2026-02-03 22:00:00,F0269,41.89,74.2,54.21,31.37,48214,62.4
2026-02-03 22:05:00,F0260,36.77,85.22,27.69,32.55,32958,60.14
2026-02-03 22:10:00,F0069,37.84,65.0,59.88,18.27,75459,75.08
2026-02-03 22:15:00,F0347,34.07,79.16,77.15,30.78,45125,83.0
2026-02-03 22:20:00,F0555,39.73,87.12,61.32,22.86,97285,55.01
2026-02-03 22:25:00,F0832,22.85,34.04,24.36,32.17,43255,30.58
2026-02-03 22:30:00,F0077,36.39,75.51,74.49,25.24,68844,33.63
2026-02-03 22:35:00,F0303,26.83,71.61,46.85,24.99,7160,48.7
2026-02-03 22:40:00,F0142,30.4,35.45,29.66,25.07,77727,54.84
2026-02-03 22:45:00,F0901,20.14,59.94,29.76,36.3,74384,86.76
2026-02-03 22:50:00,F0406,31.22,46.24,57.83,29.59,59641,23.17
2026-02-03 22:55:00,F0747,33.19,33.9,23.59,30.56,93472,39.39
2026-02-03 23:00:00,F0210,20.87,85.17,26.52,19.08,96280,45.74
2026-02-03 23:05:00,F0189,20.97,45.51,76.12,20.5,59566,27.07
2026-02-03 23:10:00,F0816,22.15,87.82,39.2,22.13,17878,85.61
2026-02-03 23:15:00,F0225,33.36,57.61,43.49,19.3,81129,56.07
2026-02-03 23:20:00,F0137,36.91,73.14,48.68,18.27,34068,49.6
2026-02-03 23:25:00,F0318,37.16,51.28,72.26,35.49,89559,87.42
2026-02-03 23:30:00,F0482,27.56,68.0,19.17,15.68,89278,66.17
2026-02-03 23:35:00,F0042,31.18,58.35,37.95,20.24,43322,98.71
2026-02-03 23:40:00,F0601,36.44,48.05,86.48,36.44,10307,52.52
2026-02-03 23:45:00,F0690,20.71,85.94,80.9,29.79,56797,36.53
2026-02-03 23:50:00,F0399,18.45,74.13,21.08,32.26,89161,26.3
2026-02-03 23:55:00,F0249,34.44,43.85,28.49,15.5,53307,59.76
2026-02-04 00:00:00,F0438,30.09,58.68,89.87,15.9,12318,52.89
2026-02-04 00:05:00,F0044,22.75,31.86,69.34,21.25,17768,23.51
2026-02-04 00:10:00,F0150,30.18,69.66,69.78,32.15,36986,30.93
2026-02-04 00:15:00,F0915,40.66,51.46,87.95,17.29,11060,72.74
2026-02-04 00:20:00,F0539,35.27,77.75,58.85,16.68,9545,90.17
2026-02-04 00:25:00,F0809,23.91,54.54,56.28,27.15,31632,35.53
2026-02-04 00:30:00,F0822,35.84,93.43,44.0,36.54,64238,54.28
2026-02-04 00:35:00,F0754,27.58,38.37,30.58,37.83,97972,59.06
2026-02-04 00:40:00,F0484,18.35,88.54,86.8,33.29,39094,87.78
2026-02-04 00:45:00,F0870,41.3,45.09,64.78,15.39,68923,88.19
2026-02-04 00:50:00,F0381,34.14,31.99,34.92,31.9,45179,82.46
2026-02-04 00:55:00,F0260,21.93,45.97,62.53,27.4,63833,70.29
2026-02-04 01:00:00,F0177,20.34,67.79,32.51,27.51,46657,82.09
2026-02-04 01:05:00,F0703,36.86,84.73,59.28,31.74,98638,60.87
2026-02-04 01:10:00,F0524,23.58,87.02,54.08,34.09,7492,92.83
2026-02-04 01:15:00,F0030,36.52,60.47,74.3,36.61,76168,38.35
2026-02-04 01:20:00,F0721,35.44,65.91,42.05,23.64,56532,82.68
2026-02-04 01:25:00,F0980,18.69,79.22,33.91,26.02,78329,61.18
2026-02-04 01:30:00,F0617,41.53,78.76,40.16,31.94,69885,90.2
2026-02-04 01:35:00,F0599,39.37,49.49,29.78,32.27,68359,71.63
2026-02-04 01:40:00,F0009,39.96,53.87,84.74,24.45,34000,55.5
2026-02-04 01:45:00,F0938,33.13,90.83,66.66,26.39,6337,40.61
2026-02-04 01:50:00,F0835,36.65,92.37,63.89,33.48,73626,24.95
2026-02-04 01:55:00,F0646,34.44,75.67,33.78,33.11,77774,33.72
2026-02-04 02:00:00,F0528,22.47,47.03,23.07,27.57,74194,55.85
2026-02-04 02:05:00,F0335,31.72,36.29,53.0,19.66,94348,23.18
2026-02-04 02:10:00,F0534,39.33,55.27,54.04,33.57,96601,40.56
2026-02-04 02:15:00,F0390,19.57,90.67,78.42,23.84,97104,59.85
2026-02-04 02:20:00,F0267,20.49,62.43,56.37,25.41,41920,97.19
2026-02-04 02:25:00,F0790,34.1,37.69,39.52,24.46,18000,52.93
2026-02-04 02:30:00,F0183,38.25,57.49,84.89,15.73,45580,92.59
2026-02-04 02:35:00,F0753,34.4,91.19,55.71,24.53,31502,46.82
2026-02-04 02:40:00,F0565,27.21,55.42,82.61,24.81,4685,37.51
2026-02-04 02:45:00,F0149,38.77,37.23,65.73,18.83,43145,64.94
2026-02-04 02:50:00,F0085,26.59,47.86,60.84,37.0,40113,91.92
2026-02-04 02:55:00,F0706,35.05,65.41,41.11,28.75,54880,61.02
2026-02-04 03:00:00,F0708,21.81,78.23,85.63,33.16,70883,67.09
2026-02-04 03:05:00,F0060,30.27,89.54,51.37,15.64,78622,53.5
2026-02-04 03:10:00,F0998,21.95,44.68,60.53,15.47,59419,76.65
2026-02-04 03:15:00,F0252,21.66,61.9,87.02,17.96,25918,75.9
2026-02-04 03:20:00,F0774,29.75,50.52,55.53,31.4,13828,28.21
2026-02-04 03:25:00,F0138,26.25,55.39,70.84,34.31,59487,95.31
2026-02-04 03:30:00,F0516,26.84,37.74,65.23,37.81,58875,57.26
2026-02-04 03:35:00,F0123,27.21,37.56,38.69,37.34,69630,24.04
2026-02-04 03:40:00,F0814,27.64,72.3,82.7,26.76,52698,90.44
2026-02-04 03:45:00,F0114,20.24,78.56,19.91,18.79,31213,74.9
2026-02-04 03:50:00,F0288,36.55,91.15,66.32,15.84,18118,54.7
2026-02-04 03:55:00,F0731,37.71,73.43,81.52,20.17,87729,64.42
2026-02-04 04:00:00,F0751,31.01,66.83,36.16,29.72,50113,71.65
2026-02-04 04:05:00,F0063,38.43,90.4,53.18,22.25,72904,43.21
2026-02-04 04:10:00,F0868,18.03,69.71,42.18,20.77,81837,34.34
2026-02-04 04:15:00,F0508,27.33,60.4,40.43,25.38,30819,80.0
2026-02-04 04:20:00,F0420,27.82,63.6,38.39,22.88,85598,37.0
2026-02-04 04:25:00,F0606,37.82,73.71,76.23,37.66,27201,79.43
2026-02-04 04:30:00,F0208,29.72,42.23,27.99,24.09,40719,87.15
2026-02-04 04:35:00,F0533,20.32,71.32,38.26,27.93,8883,81.43
2026-02-04 04:40:00,F0150,18.57,49.28,74.72,20.37,80978,66.52
2026-02-04 04:45:00,F0586,40.91,36.05,50.74,30.36,57099,85.37
2026-02-04 04:50:00,F0264,34.91,76.25,77.02,18.75,57782,26.34
2026-02-04 04:55:00,F0172,18.3,92.51,26.11,35.36,59635,22.19
2026-02-04 05:00:00,F0124,31.8,54.48,89.2,24.81,99676,49.81
2026-02-04 05:05:00,F0927,41.8,70.84,73.93,35.05,47235,52.44
2026-02-04 05:10:00,F0259,24.97,59.97,75.0,34.28,21478,77.85
2026-02-04 05:15:00,F0940,18.91,57.21,41.27,23.44,55336,90.52
2026-02-04 05:20:00,F0953,33.3,80.87,19.04,19.36,7289,55.19
2026-02-04 05:25:00,F0069,37.8,66.79,83.62,36.86,50114,97.73
2026-02-04 05:30:00,F0901,26.76,80.5,41.5,35.9,70271,96.17
2026-02-04 05:35:00,F0133,41.6,80.39,48.98,20.86,27983,56.71
2026-02-04 05:40:00,F0999,20.47,72.06,20.38,30.55,73917,48.04
2026-02-04 05:45:00,F0956,34.72,56.23,23.02,16.44,95294,57.79
2026-02-04 05:50:00,F0841,31.12,62.58,51.58,22.57,67176,80.9
2026-02-04 05:55:00,F0369,31.2,81.25,54.64,35.77,19219,38.87
2026-02-04 06:00:00,F0211,29.2,47.38,52.76,25.65,76375,49.12
2026-02-04 06:05:00,F0081,26.27,56.15,77.18,19.07,14913,20.77
2026-02-04 06:10:00,F0051,37.88,46.79,51.54,33.04,75878,80.4
2026-02-04 06:15:00,F0046,28.42,51.35,47.5,22.8,78557,23.08
2026-02-04 06:20:00,F0057,22.65,58.87,15.31,27.46,55651,99.53
2026-02-04 06:25:00,F0897,19.52,93.9,46.73,19.72,11785,24.33
2026-02-04 06:30:00,F0810,38.65,71.17,28.0,25.83,67361,35.53
2026-02-04 06:35:00,F0665,28.17,88.59,23.3,34.95,37052,57.74
2026-02-04 06:40:00,F0096,41.32,55.6,16.35,23.51,54332,92.31
2026-02-04 06:45:00,F0719,39.76,40.2,61.83,24.27,78069,32.99
2026-02-04 06:50:00,F0240,27.31,33.39,22.04,37.96,38893,31.32
2026-02-04 06:55:00,F0105,24.04,63.11,52.45,20.27,20298,76.39
2026-02-04 07:00:00,F0513,27.46,38.52,52.67,16.86,3337,36.17
2026-02-04 07:05:00,F0603,27.38,63.85,39.74,23.39,10044,35.35
2026-02-04 07:10:00,F0358,40.23,42.13,47.12,26.45,97167,42.55
2026-02-04 07:15:00,F0538,40.04,86.01,54.71,18.25,44420,74.84
2026-02-04 07:20:00,F0916,20.99,63.85,55.03,31.65,28964,65.44
2026-02-04 07:25:00,F0808,29.8,42.85,24.76,26.93,85291,80.98
2026-02-04 07:30:00,F0634,22.39,75.47,49.31,22.04,27663,90.54
2026-02-04 07:35:00,F0484,19.19,89.98,36.42,21.47,44969,75.14
2026-02-04 07:40:00,F0498,25.75,42.49,37.12,17.59,27405,53.68
2026-02-04 07:45:00,F0855,32.87,82.81,17.57,34.54,96000,71.28
2026-02-04 07:50:00,F0598,32.74,37.62,65.59,15.29,62568,89.2
2026-02-04 07:55:00,F0484,37.64,59.84,57.37,26.4,47696,79.17
2026-02-04 08:00:00,F0705,27.18,30.67,35.7,32.84,42077,80.07
2026-02-04 08:05:00,F0312,26.2,69.43,25.48,34.82,31177,57.28
2026-02-04 08:10:00,F0466,22.98,88.68,78.67,30.83,46257,36.09
2026-02-04 08:15:00,F0151,24.14,47.81,86.2,31.64,16781,33.07
2026-02-04 08:20:00,F0163,27.06,68.45,85.18,21.67,84510,91.73
2026-02-04 08:25:00,F0427,32.34,90.09,18.49,28.34,19847,99.3
2026-02-04 08:30:00,F0736,37.36,54.29,79.77,32.12,7698,30.75
2026-02-04 08:35:00,F0497,39.87,63.02,58.19,20.43,93576,68.74
2026-02-04 08:40:00,F0023,40.53,73.13,17.63,19.72,65759,41.56
2026-02-04 08:45:00,F0589,27.41,62.48,75.78,24.85,30180,92.41
2026-02-04 08:50:00,F0390,32.61,47.09,20.19,22.61,75903,70.39
2026-02-04 08:55:00,F0662,23.85,65.47,16.73,30.35,64488,68.73
2026-02-04 09:00:00,F0027,25.86,81.83,89.15,22.55,14553,46.68
2026-02-04 09:05:00,F0280,32.52,56.59,19.55,36.49,56027,70.68
2026-02-04 09:10:00,F0166,29.07,30.69,43.89,15.41,48447,23.17
2026-02-04 09:15:00,F0790,32.38,61.55,22.87,36.54,83409,49.07
2026-02-04 09:20:00,F0452,21.58,87.62,49.59,37.9,35352,20.49
2026-02-04 09:25:00,F0630,31.39,50.25,58.31,23.36,28815,25.99
2026-02-04 09:30:00,F0697,35.26,53.57,79.39,22.41,99031,25.13
2026-02-04 09:35:00,F0307,23.15,45.86,63.07,27.16,69097,62.76
2026-02-04 09:40:00,F0396,38.26,84.28,87.51,15.93,60653,40.17
2026-02-04 09:45:00,F0108,38.4,65.89,46.13,33.06,73378,74.98
2026-02-04 09:50:00,F0728,41.8,61.93,41.44,36.34,78017,73.93
2026-02-04 09:55:00,F0555,31.12,83.49,62.54,30.77,7813,74.95
2026-02-04 10:00:00,F0350,34.65,52.56,50.5,27.63,86225,27.53
2026-02-04 10:05:00,F0325,38.63,46.39,70.75,19.52,1863,22.96
2026-02-04 10:10:00,F0868,32.88,90.57,27.31,24.38,53669,34.23
2026-02-04 10:15:00,F0431,33.62,61.73,61.21,26.53,55622,82.42
2026-02-04 10:20:00,F0607,33.05,76.37,69.27,15.67,66947,76.12
2026-02-04 10:25:00,F0715,40.17,68.79,30.09,32.27,91067,20.37
2026-02-04 10:30:00,F0447,25.49,68.76,64.09,18.53,74291,24.36
2026-02-04 10:35:00,F0077,26.32,70.84,27.09,32.1,42342,71.39
2026-02-04 10:40:00,F0539,20.04,80.94,49.71,28.38,85586,71.68
2026-02-04 10:45:00,F0354,29.24,42.82,32.56,24.55,15034,30.2
2026-02-04 10:50:00,F0018,25.81,44.31,78.15,18.18,7373,23.26
2026-02-04 10:55:00,F0651,20.13,71.51,81.64,36.11,33038,93.39
2026-02-04 11:00:00,F0492,23.1,64.21,76.86,27.91,9019,94.75
2026-02-04 11:05:00,F0079,33.11,40.82,25.22,29.39,98829,81.99
2026-02-04 11:10:00,F0699,37.0,57.0,85.82,36.84,13469,24.81
2026-02-04 11:15:00,F0033,28.63,71.52,39.94,35.88,7173,78.03
2026-02-04 11:20:00,F0721,19.23,68.29,58.25,16.54,83396,77.9
2026-02-04 11:25:00,F0120,25.72,31.83,75.26,29.44,11919,97.73
2026-02-04 11:30:00,F0065,38.09,85.39,80.82,15.53,92768,44.22
2026-02-04 11:35:00,F0170,37.83,77.15,40.77,34.3,15880,98.11
2026-02-04 11:40:00,F0928,30.09,80.53,84.96,16.38,69327,34.54
2026-02-04 11:45:00,F0479,37.25,42.68,19.12,26.16,74100,20.66
2026-02-04 11:50:00,F0632,32.15,48.48,86.58,26.34,15086,68.03
2026-02-04 11:55:00,F0033,24.62,37.2,24.17,23.77,71526,60.13
2026-02-04 12:00:00,F0124,36.9,50.67,45.72,15.97,46788,64.44
2026-02-04 12:05:00,F0813,41.26,65.06,32.96,36.41,9575,85.32
2026-02-04 12:10:00,F0479,26.06,44.81,46.28,19.25,62997,69.13
2026-02-04 12:15:00,F0633,35.84,53.01,72.38,30.7,96942,72.84
2026-02-04 12:20:00,F0316,29.44,30.88,73.02,33.72,10178,91.5
2026-02-04 12:25:00,F0564,22.64,77.53,29.36,29.87,36407,87.48
2026-02-04 12:30:00,F0646,40.45,73.52,54.56,22.6,73434,25.84
2026-02-04 12:35:00,F0559,26.91,59.26,21.36,37.58,59000,87.49
2026-02-04 12:40:00,F0370,29.34,94.8,47.51,18.03,61540,25.71
2026-02-04 12:45:00,F0872,37.48,55.35,85.91,21.56,5325,39.99
2026-02-04 12:50:00,F0485,22.96,75.77,41.17,27.92,70328,31.52
2026-02-04 12:55:00,F0513,19.57,70.47,86.9,27.34,2227,77.69
2026-02-04 13:00:00,F0954,38.71,85.4,43.81,17.68,57213,68.4
2026-02-04 13:05:00,F0064,37.72,50.65,34.55,25.73,42245,24.86
2026-02-04 13:10:00,F0450,25.14,64.12,34.39,36.31,32061,81.02
2026-02-04 13:15:00,F0269,24.74,78.44,27.61,24.17,55272,81.71
2026-02-04 13:20:00,F0612,39.45,36.23,87.34,27.01,94661,85.96
2026-02-04 13:25:00,F0548,39.12,45.16,35.95,31.11,81701,71.59
2026-02-04 13:30:00,F0973,19.91,89.54,82.63,28.2,81897,32.74
2026-02-04 13:35:00,F0473,29.3,74.07,21.68,23.5,81930,68.38
2026-02-04 13:40:00,F0847,33.53,37.63,75.72,15.54,11602,36.4
2026-02-04 13:45:00,F0120,23.82,92.93,83.37,30.48,65561,60.12
2026-02-04 13:50:00,F0070,37.22,65.16,64.38,33.06,88285,76.67
2026-02-04 13:55:00,F0657,38.34,40.77,79.04,16.34,8538,93.81
2026-02-04 14:00:00,F0462,40.84,39.15,38.97,21.87,7790,68.49
2026-02-04 14:05:00,F0006,38.55,91.37,62.5,15.6,36636,52.66
2026-02-04 14:10:00,F0394,34.0,30.24,81.28,34.91,55562,61.35
2026-02-04 14:15:00,F0027,40.47,88.38,76.09,32.04,97224,32.51
2026-02-04 14:20:00,F0518,30.5,78.78,49.14,25.58,74229,41.07
2026-02-04 14:25:00,F0453,33.81,47.1,23.63,15.62,36158,85.77
2026-02-04 14:30:00,F0421,41.23,80.47,22.81,25.3,18915,35.27
2026-02-04 14:35:00,F0511,31.68,58.63,32.18,28.07,2951,46.29
2026-02-04 14:40:00,F0230,37.44,42.66,19.2,30.53,21997,46.38
2026-02-04 14:45:00,F0869,38.28,93.87,36.17,15.45,70236,49.82
2026-02-04 14:50:00,F0796,25.62,41.09,21.18,32.95,99872,81.73
2026-02-04 14:55:00,F0301,35.03,84.52,24.02,22.92,50589,48.65
2026-02-04 15:00:00,F0224,37.7,36.44,87.46,31.28,5065,20.85
2026-02-04 15:05:00,F0263,31.31,44.4,53.3,25.03,19970,86.12
2026-02-04 15:10:00,F0084,21.43,39.39,88.48,35.67,42773,84.57
2026-02-04 15:15:00,F0415,40.47,41.28,51.28,36.22,56776,74.82
2026-02-04 15:20:00,F0587,26.76,82.69,38.48,25.64,96684,80.51
2026-02-04 15:25:00,F0444,39.24,81.04,48.64,23.45,4555,54.9
2026-02-04 15:30:00,F0610,29.19,57.55,85.36,26.84,95034,71.47
2026-02-04 15:35:00,F0597,24.26,75.26,78.87,30.15,16655,70.61
2026-02-04 15:40:00,F0111,20.64,86.98,89.75,27.83,65681,61.01
2026-02-04 15:45:00,F0081,41.9,51.45,49.39,35.85,8704,67.28
2026-02-04 15:50:00,F0202,34.62,56.64,68.94,26.13,54674,48.84
2026-02-04 15:55:00,F0520,20.06,80.87,81.47,33.86,61998,86.72
2026-02-04 16:00:00,F0023,28.1,72.25,48.8,18.04,47578,47.3
2026-02-04 16:05:00,F0057,39.41,52.37,34.92,19.5,16295,84.22
2026-02-04 16:10:00,F0491,40.96,40.37,77.77,24.64,8641,82.73
2026-02-04 16:15:00,F0980,22.73,90.52,35.49,19.76,9051,34.65
2026-02-04 16:20:00,F0530,30.53,74.71,78.81,28.65,12128,24.52
2026-02-04 16:25:00,F0468,28.86,61.75,77.2,23.69,90393,39.76
2026-02-04 16:30:00,F0502,31.96,84.78,77.11,26.67,71643,53.93
2026-02-04 16:35:00,F0533,22.85,33.96,50.08,31.8,73554,78.72
2026-02-04 16:40:00,F0403,25.89,48.84,48.37,17.43,18326,97.14
2026-02-04 16:45:00,F0832,32.28,41.62,60.69,29.91,18487,40.97
2026-02-04 16:50:00,F0943,28.68,35.86,60.81,30.62,41670,85.27
2026-02-04 16:55:00,F0507,29.38,74.26,18.27,20.1,3919,77.09
2026-02-04 17:00:00,F0547,40.14,38.56,42.27,16.82,17160,93.12
2026-02-04 17:05:00,F0773,29.82,65.42,25.45,23.98,18623,34.43
2026-02-04 17:10:00,F0467,20.81,30.61,54.76,24.41,58182,48.59
2026-02-04 17:15:00,F0428,26.79,46.26,36.26,29.64,76927,26.71
