timestamp,farm_id,mulch_type,degradation_percent,evaporation_reduction,temperature_reduction,status
2026-01-01 00:00:00,F0229,Plastic,63.94,11.5,2.93,Damaged
2026-01-01 00:05:00,F0605,Organic,10.25,54.44,4.82,Healthy
2026-01-01 00:10:00,F0028,Biodegradable,2.98,23.12,4.54,Healthy
2026-01-01 00:15:00,F0460,Biodegradable,71.6,52.08,3.94,Needs Replacement
2026-01-01 00:20:00,F0715,Organic,80.94,10.39,6.64,Needs Replacement
2026-01-01 00:25:00,F0105,Plastic,27.79,22.92,6.34,Needs Replacement
2026-01-01 00:30:00,F0827,Plastic,9.67,60.85,5.23,Damaged
2026-01-01 00:35:00,F0081,Biodegradable,45.94,17.49,7.46,Needs Replacement
2026-01-01 00:40:00,F0592,Plastic,82.94,47.11,7.03,Damaged
2026-01-01 00:45:00,F0082,Plastic,6.96,49.68,6.41,Healthy
2026-01-01 00:50:00,F0167,Organic,38.01,37.2,6.84,Needs Replacement
2026-01-01 00:55:00,F0664,Plastic,20.95,26.02,7.56,Damaged
2026-01-01 01:00:00,F0474,Organic,63.5,42.05,2.71,Needs Replacement
2026-01-01 01:05:00,F0702,Organic,98.95,48.4,4.9,Healthy
2026-01-01 01:10:00,F0275,Plastic,22.9,11.93,3.21,Healthy
2026-01-01 01:15:00,F0218,Biodegradable,91.31,44.03,6.03,Needs Replacement
2026-01-01 01:20:00,F0272,Plastic,39.56,64.87,4.21,Healthy
2026-01-01 01:25:00,F0439,Biodegradable,74.5,42.34,6.23,Needs Replacement
2026-01-01 01:30:00,F0506,Plastic,36.2,69.84,1.97,Healthy
2026-01-01 01:35:00,F0697,Organic,86.11,19.17,2.12,Damaged
2026-01-01 01:40:00,F0542,Organic,6.35,32.9,7.97,Damaged
2026-01-01 01:45:00,F0699,Biodegradable,86.08,10.69,6.05,Needs Replacement
2026-01-01 01:50:00,F0162,Organic,76.86,30.41,3.05,Healthy
2026-01-01 01:55:00,F0513,Plastic,95.38,62.55,2.84,Damaged
2026-01-01 02:00:00,F0655,Biodegradable,91.26,62.23,3.09,Damaged
2026-01-01 02:05:00,F0977,Biodegradable,19.89,32.43,2.13,Healthy
2026-01-01 02:10:00,F0372,Organic,59.89,39.32,1.78,Healthy
2026-01-01 02:15:00,F0088,Biodegradable,5.79,62.68,7.63,Needs Replacement
2026-01-01 02:20:00,F0129,Plastic,81.6,68.68,4.73,Damaged
2026-01-01 02:25:00,F0894,Biodegradable,47.53,42.99,2.86,Needs Replacement
2026-01-01 02:30:00,F0707,Plastic,96.44,65.73,6.29,Damaged
2026-01-01 02:35:00,F0449,Biodegradable,31.17,69.71,5.55,Needs Replacement
2026-01-01 02:40:00,F0603,Biodegradable,12.1,23.48,3.37,Healthy
2026-01-01 02:45:00,F0061,Plastic,58.84,10.43,5.95,Healthy
2026-01-01 02:50:00,F0244,Organic,90.54,61.58,1.5,Damaged
2026-01-01 02:55:00,F0904,Biodegradable,48.54,42.35,6.06,Damaged
2026-01-01 03:00:00,F0195,Plastic,47.27,57.08,6.65,Healthy
2026-01-01 03:05:00,F0885,Biodegradable,65.9,31.26,3.88,Healthy
2026-01-01 03:10:00,F0413,Biodegradable,67.34,69.05,1.69,Needs Replacement
2026-01-01 03:15:00,F0550,Organic,80.06,16.56,2.34,Healthy
2026-01-01 03:20:00,F0946,Plastic,42.19,26.71,2.75,Needs Replacement
2026-01-01 03:25:00,F0668,Biodegradable,80.8,61.36,1.69,Healthy
2026-01-01 03:30:00,F0171,Organic,96.9,65.58,6.94,Needs Replacement
2026-01-01 03:35:00,F0169,Organic,48.14,61.88,7.32,Healthy
2026-01-01 03:40:00,F0466,Organic,98.53,25.91,6.49,Needs Replacement
2026-01-01 03:45:00,F0678,Biodegradable,69.66,53.83,6.48,Needs Replacement
2026-01-01 03:50:00,F0594,Biodegradable,15.48,27.8,7.78,Damaged
2026-01-01 03:55:00,F0489,Biodegradable,6.1,28.82,1.35,Damaged
2026-01-01 04:00:00,F0191,Plastic,15.74,67.65,1.56,Damaged
2026-01-01 04:05:00,F0965,Biodegradable,6.8,61.71,3.83,Healthy
2026-01-01 04:10:00,F0674,Biodegradable,57.89,12.38,1.57,Damaged
2026-01-01 04:15:00,F0734,Organic,52.28,66.08,2.43,Healthy
2026-01-01 04:20:00,F0469,Organic,26.56,17.85,5.52,Healthy
2026-01-01 04:25:00,F0103,Plastic,0.93,47.27,4.94,Damaged
2026-01-01 04:30:00,F0903,Plastic,21.32,25.91,7.53,Healthy
2026-01-01 04:35:00,F0721,Organic,36.95,19.46,6.84,Damaged
2026-01-01 04:40:00,F0684,Biodegradable,98.39,58.43,4.7,Needs Replacement
2026-01-01 04:45:00,F0271,Plastic,93.18,16.22,7.15,Healthy
2026-01-01 04:50:00,F0216,Biodegradable,74.24,19.33,2.97,Needs Replacement
2026-01-01 04:55:00,F0501,Organic,20.36,48.05,2.85,Healthy
2026-01-01 05:00:00,F0004,Organic,9.23,35.41,2.94,Healthy
2026-01-01 05:05:00,F0565,Biodegradable,63.71,25.72,6.19,Needs Replacement
2026-01-01 05:10:00,F0708,Plastic,56.09,16.71,7.62,Damaged
2026-01-01 05:15:00,F0441,Plastic,3.6,32.15,4.87,Healthy
2026-01-01 05:20:00,F0882,Plastic,30.83,63.94,6.57,Needs Replacement
2026-01-01 05:25:00,F0799,Biodegradable,21.01,24.97,1.72,Needs Replacement
2026-01-01 05:30:00,F0243,Plastic,97.38,54.97,7.48,Healthy
2026-01-01 05:35:00,F0341,Organic,88.14,11.49,6.16,Damaged
2026-01-01 05:40:00,F0807,Biodegradable,86.41,58.64,2.87,Healthy
2026-01-01 05:45:00,F0205,Organic,38.25,12.32,4.29,Needs Replacement
2026-01-01 05:50:00,F0025,Biodegradable,30.52,57.72,2.59,Healthy
2026-01-01 05:55:00,F0792,Organic,39.85,26.72,1.49,Needs Replacement
2026-01-01 06:00:00,F0550,Organic,64.15,33.98,7.87,Healthy
2026-01-01 06:05:00,F0986,Organic,11.53,68.22,2.25,Healthy
2026-01-01 06:10:00,F0322,Organic,10.84,36.07,6.1,Damaged
2026-01-01 06:15:00,F0195,Organic,98.42,16.94,7.3,Healthy
2026-01-01 06:20:00,F0552,Biodegradable,70.88,10.1,7.48,Damaged
2026-01-01 06:25:00,F0442,Plastic,94.03,54.22,2.38,Damaged
2026-01-01 06:30:00,F0128,Biodegradable,92.08,47.39,5.64,Needs Replacement
2026-01-01 06:35:00,F0714,Organic,50.71,50.01,3.28,Damaged
2026-01-01 06:40:00,F0694,Biodegradable,12.73,35.23,7.58,Healthy
2026-01-01 06:45:00,F0001,Organic,61.55,28.06,4.84,Needs Replacement
2026-01-01 06:50:00,F0330,Organic,21.02,57.15,5.25,Needs Replacement
2026-01-01 06:55:00,F0923,Biodegradable,44.22,22.82,4.31,Healthy
2026-01-01 07:00:00,F0635,Organic,65.89,27.03,5.65,Healthy
2026-01-01 07:05:00,F0231,Plastic,81.84,55.07,5.71,Healthy
2026-01-01 07:10:00,F0871,Plastic,2.44,24.69,4.33,Needs Replacement
2026-01-01 07:15:00,F0714,Organic,41.44,47.79,2.36,Needs Replacement
2026-01-01 07:20:00,F0915,Plastic,39.97,18.85,5.81,Needs Replacement
2026-01-01 07:25:00,F0476,Plastic,21.88,58.25,5.87,Damaged
2026-01-01 07:30:00,F0821,Organic,24.92,60.9,4.2,Damaged
2026-01-01 07:35:00,F0774,Organic,53.11,43.54,3.22,Damaged
2026-01-01 07:40:00,F0929,Biodegradable,81.5,63.52,3.99,Needs Replacement
2026-01-01 07:45:00,F0266,Plastic,89.72,54.62,4.32,Damaged
2026-01-01 07:50:00,F0245,Organic,27.73,56.66,4.39,Needs Replacement
2026-01-01 07:55:00,F0328,Biodegradable,7.75,27.14,2.9,Healthy
2026-01-01 08:00:00,F0724,Plastic,13.84,23.88,5.86,Healthy
2026-01-01 08:05:00,F0064,Plastic,41.49,29.85,4.26,Needs Replacement
2026-01-01 08:10:00,F0021,Biodegradable,38.95,56.19,7.62,Needs Replacement
2026-01-01 08:15:00,F0400,Organic,47.7,66.56,3.09,Damaged
2026-01-01 08:20:00,F0226,Organic,74.75,42.77,5.22,Healthy
2026-01-01 08:25:00,F0685,Biodegradable,27.29,39.14,3.72,Needs Replacement
2026-01-01 08:30:00,F0638,Biodegradable,72.42,60.43,7.44,Healthy
2026-01-01 08:35:00,F0086,Biodegradable,90.69,45.51,5.64,Needs Replacement
2026-01-01 08:40:00,F0389,Organic,13.57,37.7,1.35,Healthy
2026-01-01 08:45:00,F0285,Organic,45.47,30.25,7.16,Needs Replacement
2026-01-01 08:50:00,F0054,Organic,83.49,38.22,6.24,Healthy
2026-01-01 08:55:00,F0773,Plastic,65.01,56.87,5.56,Healthy
2026-01-01 09:00:00,F0130,Organic,19.94,11.22,2.07,Damaged
2026-01-01 09:05:00,F0263,Organic,11.44,66.87,4.26,Healthy
2026-01-01 09:10:00,F0797,Plastic,60.59,67.82,6.03,Needs Replacement
2026-01-01 09:15:00,F0694,Organic,10.81,11.54,3.18,Needs Replacement
2026-01-01 09:20:00,F0851,Biodegradable,94.15,21.9,5.14,Healthy
2026-01-01 09:25:00,F0615,Plastic,10.19,56.35,6.95,Damaged
2026-01-01 09:30:00,F0380,Plastic,78.26,30.83,4.0,Damaged
2026-01-01 09:35:00,F0502,Plastic,64.75,10.76,3.94,Needs Replacement
2026-01-01 09:40:00,F0725,Plastic,96.08,48.14,6.8,Needs Replacement
2026-01-01 09:45:00,F0631,Biodegradable,17.61,41.3,5.55,Needs Replacement
2026-01-01 09:50:00,F0331,Plastic,46.49,59.54,5.15,Healthy
2026-01-01 09:55:00,F0584,Biodegradable,27.89,37.05,6.25,Damaged
2026-01-01 10:00:00,F0187,Organic,37.9,11.72,6.96,Healthy
2026-01-01 10:05:00,F0611,Biodegradable,35.48,25.5,2.96,Needs Replacement
2026-01-01 10:10:00,F0248,Biodegradable,55.58,41.0,2.34,Needs Replacement
2026-01-01 10:15:00,F0662,Biodegradable,48.86,55.49,5.83,Needs Replacement
2026-01-01 10:20:00,F0415,Biodegradable,44.82,11.03,3.06,Healthy
2026-01-01 10:25:00,F0544,Organic,30.62,44.89,4.31,Needs Replacement
2026-01-01 10:30:00,F0465,Organic,99.66,43.02,3.46,Needs Replacement
2026-01-01 10:35:00,F0123,Biodegradable,25.14,17.24,2.35,Damaged
2026-01-01 10:40:00,F0757,Organic,95.09,51.41,2.34,Needs Replacement
2026-01-01 10:45:00,F0290,Plastic,72.46,68.6,4.67,Healthy
2026-01-01 10:50:00,F0726,Biodegradable,29.62,31.65,3.12,Healthy
2026-01-01 10:55:00,F0715,Plastic,27.43,68.46,4.87,Damaged
2026-01-01 11:00:00,F0588,Organic,86.85,39.45,7.11,Needs Replacement
2026-01-01 11:05:00,F0259,Organic,47.87,30.44,7.76,Healthy
2026-01-01 11:10:00,F0645,Biodegradable,82.21,34.04,1.52,Healthy
2026-01-01 11:15:00,F0088,Plastic,15.17,58.67,7.64,Healthy
2026-01-01 11:20:00,F0634,Plastic,55.81,34.97,5.17,Damaged
2026-01-01 11:25:00,F0603,Organic,38.04,64.51,3.08,Needs Replacement
2026-01-01 11:30:00,F0102,Plastic,56.86,13.61,7.72,Damaged
2026-01-01 11:35:00,F0178,Biodegradable,21.1,49.63,2.1,Healthy
2026-01-01 11:40:00,F0482,Organic,15.65,34.51,5.83,Healthy
2026-01-01 11:45:00,F0465,Plastic,23.15,52.42,5.92,Damaged
2026-01-01 11:50:00,F0604,Biodegradable,23.34,25.87,6.54,Healthy
2026-01-01 11:55:00,F0931,Organic,42.51,42.67,5.53,Healthy
2026-01-01 12:00:00,F0767,Biodegradable,7.14,19.96,3.15,Needs Replacement
2026-01-01 12:05:00,F0413,Organic,43.92,38.12,3.13,Damaged
2026-01-01 12:10:00,F0911,Organic,54.0,36.27,5.19,Damaged
2026-01-01 12:15:00,F0985,Biodegradable,32.23,25.02,1.64,Damaged
2026-01-01 12:20:00,F0842,Organic,58.71,11.24,6.35,Damaged
2026-01-01 12:25:00,F0668,Organic,4.02,55.38,4.29,Needs Replacement
2026-01-01 12:30:00,F0504,Plastic,18.15,45.12,5.44,Needs Replacement
2026-01-01 12:35:00,F0879,Plastic,34.8,30.0,5.69,Needs Replacement
2026-01-01 12:40:00,F0411,Biodegradable,41.16,39.73,5.64,Healthy
2026-01-01 12:45:00,F0994,Organic,45.48,28.87,3.26,Damaged
2026-01-01 12:50:00,F0474,Organic,82.49,10.07,7.09,Healthy
2026-01-01 12:55:00,F0641,Organic,18.76,31.71,6.3,Healthy
2026-01-01 13:00:00,F0449,Biodegradable,20.36,42.95,7.49,Needs Replacement
2026-01-01 13:05:00,F0246,Biodegradable,12.14,68.39,5.26,Healthy
2026-01-01 13:10:00,F0231,Plastic,31.08,10.82,3.86,Needs Replacement
2026-01-01 13:15:00,F0956,Biodegradable,94.71,48.86,2.08,Needs Replacement
2026-01-01 13:20:00,F0484,Plastic,50.89,26.41,6.84,Needs Replacement
2026-01-01 13:25:00,F0521,Biodegradable,55.13,33.02,7.45,Healthy
2026-01-01 13:30:00,F0425,Organic,86.4,26.57,6.53,Damaged
2026-01-01 13:35:00,F0858,Biodegradable,26.72,10.15,6.08,Damaged
2026-01-01 13:40:00,F0552,Organic,99.89,39.38,2.04,Needs Replacement
2026-01-01 13:45:00,F0956,Organic,33.24,55.77,3.64,Healthy
2026-01-01 13:50:00,F0877,Organic,98.08,24.33,3.68,Healthy
2026-01-01 13:55:00,F0391,Organic,31.82,38.38,7.39,Damaged
2026-01-01 14:00:00,F0988,Plastic,79.24,49.12,2.06,Healthy
2026-01-01 14:05:00,F0896,Organic,50.23,45.41,7.09,Healthy
2026-01-01 14:10:00,F0420,Biodegradable,52.6,37.42,6.06,Healthy
2026-01-01 14:15:00,F0639,Biodegradable,7.48,56.89,2.86,Needs Replacement
2026-01-01 14:20:00,F0880,Biodegradable,64.98,61.11,6.97,Needs Replacement
2026-01-01 14:25:00,F0500,Biodegradable,95.41,47.61,7.21,Healthy
2026-01-01 14:30:00,F0295,Plastic,61.75,24.09,5.79,Damaged
2026-01-01 14:35:00,F0721,Plastic,9.04,68.7,6.32,Needs Replacement
2026-01-01 14:40:00,F0333,Plastic,16.64,27.97,1.2,Needs Replacement
2026-01-01 14:45:00,F0422,Biodegradable,35.85,35.84,2.71,Damaged
2026-01-01 14:50:00,F0892,Organic,79.25,20.2,1.55,Damaged
2026-01-01 14:55:00,F0238,Organic,68.31,39.86,5.08,Damaged
2026-01-01 15:00:00,F0824,Organic,25.4,25.32,1.07,Needs Replacement
2026-01-01 15:05:00,F0354,Biodegradable,67.76,19.48,4.09,Needs Replacement
2026-01-01 15:10:00,F0866,Organic,63.89,35.46,2.75,Healthy
2026-01-01 15:15:00,F0391,Biodegradable,99.94,61.2,1.75,Needs Replacement
2026-01-01 15:20:00,F0850,Biodegradable,57.48,69.56,3.07,Needs Replacement
2026-01-01 15:25:00,F0763,Plastic,27.45,43.96,5.8,Damaged
2026-01-01 15:30:00,F0795,Plastic,74.52,59.97,7.32,Damaged
2026-01-01 15:35:00,F0257,Biodegradable,80.19,23.14,2.33,Damaged
2026-01-01 15:40:00,F0100,Biodegradable,76.75,50.85,1.96,Damaged
2026-01-01 15:45:00,F0374,Biodegradable,3.94,57.32,1.23,Healthy
2026-01-01 15:50:00,F0180,Plastic,9.01,27.71,6.23,Healthy
2026-01-01 15:55:00,F0514,Organic,78.65,62.59,3.56,Healthy
2026-01-01 16:00:00,F0826,Organic,25.7,59.48,4.37,Damaged
2026-01-01 16:05:00,F0078,Plastic,87.04,58.25,4.28,Healthy
2026-01-01 16:10:00,F0991,Biodegradable,86.01,53.45,7.86,Needs Replacement
2026-01-01 16:15:00,F0127,Organic,9.03,33.67,2.85,Needs Replacement
2026-01-01 16:20:00,F0843,Biodegradable,67.28,50.34,5.09,Needs Replacement
2026-01-01 16:25:00,F0906,Biodegradable,10.83,24.03,1.18,Needs Replacement
2026-01-01 16:30:00,F0844,Organic,91.53,23.28,1.44,Damaged
2026-01-01 16:35:00,F0969,Plastic,30.22,34.5,1.98,Needs Replacement
2026-01-01 16:40:00,F0551,Plastic,99.59,16.97,2.64,Needs Replacement
2026-01-01 16:45:00,F0969,Biodegradable,45.36,50.23,6.2,Needs Replacement
2026-01-01 16:50:00,F0671,Plastic,58.73,53.6,7.2,Needs Replacement
2026-01-01 16:55:00,F0707,Organic,61.57,66.34,2.96,Healthy
2026-01-01 17:00:00,F0102,Biodegradable,44.34,67.03,6.99,Needs Replacement
2026-01-01 17:05:00,F0408,Organic,54.45,68.67,3.51,Healthy
2026-01-01 17:10:00,F0094,Biodegradable,96.82,66.94,6.77,Healthy
2026-01-01 17:15:00,F0806,Organic,64.17,45.83,1.15,Healthy
2026-01-01 17:20:00,F0850,Biodegradable,98.88,57.22,2.44,Healthy
2026-01-01 17:25:00,F0793,Plastic,58.64,58.78,2.63,Damaged
2026-01-01 17:30:00,F0134,Biodegradable,0.28,61.5,2.01,Needs Replacement
2026-01-01 17:35:00,F0135,Plastic,79.85,16.6,7.07,Needs Replacement
2026-01-01 17:40:00,F0179,Organic,79.0,24.28,3.27,Healthy
2026-01-01 17:45:00,F0066,Organic,12.68,35.26,1.8,Needs Replacement
2026-01-01 17:50:00,F0516,Plastic,77.8,40.79,1.76,Damaged
2026-01-01 17:55:00,F0534,Organic,4.34,56.99,7.07,Needs Replacement
2026-01-01 18:00:00,F0868,Organic,64.33,11.87,7.99,Needs Replacement
2026-01-01 18:05:00,F0076,Plastic,68.61,39.42,7.37,Needs Replacement
2026-01-01 18:10:00,F0649,Biodegradable,60.83,13.94,2.93,Damaged
2026-01-01 18:15:00,F0302,Organic,71.22,32.85,5.18,Damaged
2026-01-01 18:20:00,F0874,Biodegradable,60.54,15.95,5.91,Damaged
2026-01-01 18:25:00,F0441,Organic,87.77,43.08,7.06,Healthy
2026-01-01 18:30:00,F0748,Plastic,41.38,59.65,3.79,Needs Replacement
2026-01-01 18:35:00,F0157,Biodegradable,42.68,49.91,3.62,Needs Replacement
2026-01-01 18:40:00,F0099,Biodegradable,6.71,59.91,1.65,Damaged
2026-01-01 18:45:00,F0980,Biodegradable,37.26,17.81,1.42,Damaged
2026-01-01 18:50:00,F0682,Organic,32.96,17.33,3.48,Damaged
2026-01-01 18:55:00,F0107,Biodegradable,5.14,27.26,3.19,Damaged
2026-01-01 19:00:00,F0111,Organic,21.27,49.4,2.57,Damaged
2026-01-01 19:05:00,F0827,Organic,36.76,55.76,5.02,Damaged
2026-01-01 19:10:00,F0659,Biodegradable,97.45,59.11,5.3,Healthy
2026-01-01 19:15:00,F0030,Plastic,60.9,49.47,5.85,Needs Replacement
2026-01-01 19:20:00,F0007,Plastic,70.27,28.54,3.38,Healthy
2026-01-01 19:25:00,F0649,Plastic,56.63,34.05,1.99,Healthy
2026-01-01 19:30:00,F0350,Plastic,74.61,22.91,3.94,Needs Replacement
2026-01-01 19:35:00,F0611,Plastic,31.16,29.46,7.59,Healthy
2026-01-01 19:40:00,F0084,Organic,15.56,55.27,1.35,Needs Replacement
2026-01-01 19:45:00,F0280,Plastic,66.19,39.14,4.09,Damaged
2026-01-01 19:50:00,F0695,Biodegradable,11.38,35.79,2.98,Needs Replacement
2026-01-01 19:55:00,F0614,Plastic,52.69,28.51,2.54,Healthy
2026-01-01 20:00:00,F0783,Organic,20.44,66.72,6.37,Needs Replacement
2026-01-01 20:05:00,F0180,Plastic,32.81,10.46,6.23,Needs Replacement
2026-01-01 20:10:00,F0685,Organic,53.26,23.81,4.91,Healthy
2026-01-01 20:15:00,F0471,Plastic,39.71,54.52,4.05,Needs Replacement
2026-01-01 20:20:00,F0428,Organic,57.58,44.4,5.97,Healthy
2026-01-01 20:25:00,F0971,Biodegradable,40.5,67.97,2.2,Needs Replacement
2026-01-01 20:30:00,F0865,Plastic,83.2,65.19,1.62,Healthy
2026-01-01 20:35:00,F0892,Organic,43.57,34.03,1.55,Damaged
2026-01-01 20:40:00,F0523,Biodegradable,33.95,29.98,2.18,Healthy
2026-01-01 20:45:00,F0360,Biodegradable,53.06,21.63,6.43,Damaged
2026-01-01 20:50:00,F0203,Plastic,81.5,24.18,2.03,Damaged
2026-01-01 20:55:00,F0975,Biodegradable,15.29,55.55,1.53,Needs Replacement
2026-01-01 21:00:00,F0698,Biodegradable,46.4,43.82,5.06,Damaged
2026-01-01 21:05:00,F0643,Organic,63.53,47.47,7.05,Healthy
2026-01-01 21:10:00,F0816,Organic,43.98,38.14,5.42,Damaged
2026-01-01 21:15:00,F0463,Plastic,5.62,40.44,3.17,Healthy
2026-01-01 21:20:00,F0876,Plastic,36.87,27.22,5.51,Damaged
2026-01-01 21:25:00,F0978,Biodegradable,59.41,33.07,5.06,Healthy
2026-01-01 21:30:00,F0330,Biodegradable,44.97,58.59,5.56,Needs Replacement
2026-01-01 21:35:00,F0831,Organic,50.14,67.46,4.15,Damaged
2026-01-01 21:40:00,F0725,Organic,8.43,48.77,1.27,Needs Replacement
2026-01-01 21:45:00,F0940,Organic,52.41,46.59,3.55,Needs Replacement
2026-01-01 21:50:00,F0809,Biodegradable,40.88,30.3,5.19,Damaged
2026-01-01 21:55:00,F0396,Organic,33.46,29.78,4.91,Needs Replacement
2026-01-01 22:00:00,F0895,Plastic,72.37,49.39,7.34,Needs Replacement
2026-01-01 22:05:00,F0318,Biodegradable,8.15,49.82,7.42,Damaged
2026-01-01 22:10:00,F0087,Organic,66.21,17.74,5.96,Damaged
2026-01-01 22:15:00,F0687,Biodegradable,37.67,57.5,6.69,Damaged
2026-01-01 22:20:00,F0687,Organic,99.72,64.75,1.65,Damaged
2026-01-01 22:25:00,F0220,Organic,36.18,31.76,2.26,Needs Replacement
2026-01-01 22:30:00,F0303,Plastic,19.2,70.0,2.08,Damaged
2026-01-01 22:35:00,F0039,Biodegradable,77.09,60.11,7.19,Needs Replacement
2026-01-01 22:40:00,F0158,Plastic,87.64,47.08,5.18,Healthy
2026-01-01 22:45:00,F0170,Biodegradable,83.13,56.27,6.66,Needs Replacement
2026-01-01 22:50:00,F0993,Organic,4.37,31.86,6.04,Damaged
2026-01-01 22:55:00,F0547,Plastic,28.49,54.91,4.14,Needs Replacement
2026-01-01 23:00:00,F0199,Organic,96.56,57.06,7.33,Damaged
2026-01-01 23:05:00,F0289,Organic,94.71,69.07,4.23,Damaged
2026-01-01 23:10:00,F0821,Biodegradable,52.75,67.98,6.72,Healthy
2026-01-01 23:15:00,F0381,Biodegradable,87.3,13.13,4.36,Healthy
2026-01-01 23:20:00,F0086,Plastic,71.14,40.95,1.87,Needs Replacement
2026-01-01 23:25:00,F0094,Plastic,44.93,40.8,6.82,Needs Replacement
2026-01-01 23:30:00,F0406,Biodegradable,88.46,65.83,3.9,Needs Replacement
2026-01-01 23:35:00,F0029,Organic,23.58,69.67,3.62,Healthy
2026-01-01 23:40:00,F0141,Plastic,83.92,49.0,6.54,Needs Replacement
2026-01-01 23:45:00,F0778,Biodegradable,91.74,38.35,6.82,Needs Replacement
2026-01-01 23:50:00,F0263,Plastic,44.86,10.32,1.55,Healthy
2026-01-01 23:55:00,F0114,Organic,54.88,53.63,4.69,Healthy
2026-01-02 00:00:00,F0813,Biodegradable,30.12,12.86,3.94,Needs Replacement
2026-01-02 00:05:00,F0549,Plastic,6.28,60.2,4.5,Damaged
2026-01-02 00:10:00,F0440,Plastic,51.54,24.52,2.01,Damaged
2026-01-02 00:15:00,F0685,Plastic,35.28,44.24,2.31,Damaged
2026-01-02 00:20:00,F0520,Biodegradable,97.47,14.06,4.68,Damaged
2026-01-02 00:25:00,F0397,Organic,2.03,62.4,1.3,Needs Replacement
2026-01-02 00:30:00,F0247,Biodegradable,74.73,31.43,1.47,Damaged
2026-01-02 00:35:00,F0341,Plastic,62.83,56.29,6.15,Healthy
2026-01-02 00:40:00,F0851,Biodegradable,35.23,30.31,5.5,Needs Replacement
2026-01-02 00:45:00,F0139,Plastic,98.08,38.71,2.28,Damaged
2026-01-02 00:50:00,F0045,Plastic,77.62,37.46,3.05,Healthy
2026-01-02 00:55:00,F0835,Biodegradable,31.56,28.6,3.79,Needs Replacement
2026-01-02 01:00:00,F0366,Plastic,25.33,55.2,2.34,Damaged
2026-01-02 01:05:00,F0911,Organic,33.19,17.47,3.58,Damaged
2026-01-02 01:10:00,F0192,Organic,43.97,67.39,3.37,Damaged
2026-01-02 01:15:00,F0821,Plastic,49.75,65.46,4.63,Damaged
2026-01-02 01:20:00,F0185,Biodegradable,42.45,35.84,7.97,Needs Replacement
2026-01-02 01:25:00,F0314,Organic,32.12,14.8,5.63,Damaged
2026-01-02 01:30:00,F0458,Plastic,71.77,20.0,4.11,Damaged
2026-01-02 01:35:00,F0282,Biodegradable,87.0,31.15,7.99,Healthy
2026-01-02 01:40:00,F0821,Biodegradable,7.5,48.25,3.54,Damaged
2026-01-02 01:45:00,F0695,Organic,16.0,11.87,6.94,Healthy
2026-01-02 01:50:00,F0371,Organic,12.62,24.16,5.52,Damaged
2026-01-02 01:55:00,F0380,Organic,3.24,19.21,4.15,Needs Replacement
2026-01-02 02:00:00,F0408,Organic,76.31,44.44,4.71,Damaged
2026-01-02 02:05:00,F0191,Organic,27.87,67.63,1.18,Damaged
2026-01-02 02:10:00,F0267,Biodegradable,38.7,43.7,2.83,Needs Replacement
2026-01-02 02:15:00,F0503,Plastic,21.46,46.71,5.86,Healthy
2026-01-02 02:20:00,F0731,Organic,13.57,14.44,2.21,Healthy
2026-01-02 02:25:00,F0684,Organic,81.05,68.05,7.91,Damaged
2026-01-02 02:30:00,F0872,Plastic,6.49,42.53,7.24,Damaged
2026-01-02 02:35:00,F0371,Biodegradable,70.96,52.01,2.22,Healthy
2026-01-02 02:40:00,F0810,Organic,12.14,22.06,1.97,Healthy
2026-01-02 02:45:00,F0565,Plastic,36.09,44.34,4.27,Damaged
2026-01-02 02:50:00,F0735,Biodegradable,88.42,13.94,3.79,Needs Replacement
2026-01-02 02:55:00,F0076,Plastic,52.57,56.15,6.76,Needs Replacement
2026-01-02 03:00:00,F0353,Plastic,64.23,37.0,5.76,Damaged
2026-01-02 03:05:00,F0444,Biodegradable,63.98,20.92,7.76,Healthy
2026-01-02 03:10:00,F0166,Organic,83.14,41.09,3.13,Damaged
2026-01-02 03:15:00,F0291,Plastic,22.55,66.85,4.63,Needs Replacement
2026-01-02 03:20:00,F0641,Organic,19.63,67.38,2.92,Damaged
2026-01-02 03:25:00,F0965,Biodegradable,53.35,40.15,2.18,Healthy
2026-01-02 03:30:00,F0346,Biodegradable,17.12,47.47,7.31,Healthy
2026-01-02 03:35:00,F0657,Biodegradable,82.52,11.7,1.32,Needs Replacement
2026-01-02 03:40:00,F0655,Plastic,65.11,56.02,3.92,Needs Replacement
2026-01-02 03:45:00,F0310,Organic,88.9,42.73,5.49,Healthy
2026-01-02 03:50:00,F0075,Biodegradable,80.47,51.1,3.08,Healthy
2026-01-02 03:55:00,F0349,Biodegradable,15.81,34.94,4.25,Healthy
2026-01-02 04:00:00,F0882,Organic,31.26,53.1,6.14,Needs Replacement
2026-01-02 04:05:00,F0327,Plastic,13.08,32.23,4.93,Needs Replacement
2026-01-02 04:10:00,F0052,Organic,12.25,36.98,1.99,Needs Replacement
2026-01-02 04:15:00,F0924,Plastic,86.42,35.09,7.74,Needs Replacement
2026-01-02 04:20:00,F0164,Organic,93.38,53.27,2.33,Damaged
2026-01-02 04:25:00,F0093,Organic,46.68,62.74,4.48,Damaged
2026-01-02 04:30:00,F0050,Plastic,45.72,24.44,5.08,Needs Replacement
2026-01-02 04:35:00,F0482,Organic,49.49,62.94,5.58,Damaged
2026-01-02 04:40:00,F0271,Biodegradable,0.82,16.45,1.94,Needs Replacement
2026-01-02 04:45:00,F0584,Biodegradable,76.39,31.96,3.8,Healthy
2026-01-02 04:50:00,F0462,Biodegradable,36.25,27.32,3.7,Needs Replacement
2026-01-02 04:55:00,F0132,Plastic,82.53,47.39,5.28,Needs Replacement
2026-01-02 05:00:00,F0375,Plastic,37.32,69.21,4.9,Healthy
2026-01-02 05:05:00,F0040,Plastic,60.25,34.08,1.28,Damaged
2026-01-02 05:10:00,F0621,Biodegradable,33.3,38.42,4.2,Healthy
2026-01-02 05:15:00,F0632,Biodegradable,32.8,46.78,2.14,Needs Replacement
2026-01-02 05:20:00,F0502,Biodegradable,59.37,40.44,4.57,Damaged
2026-01-02 05:25:00,F0690,Plastic,29.98,58.94,3.58,Needs Replacement
2026-01-02 05:30:00,F0705,Biodegradable,58.37,57.81,6.08,Healthy
2026-01-02 05:35:00,F0996,Biodegradable,59.69,25.93,5.59,Damaged
2026-01-02 05:40:00,F0537,Biodegradable,22.75,13.08,4.36,Damaged
2026-01-02 05:45:00,F0698,Plastic,61.97,60.47,2.03,Healthy
2026-01-02 05:50:00,F0452,Organic,57.26,52.03,2.34,Needs Replacement
2026-01-02 05:55:00,F0794,Biodegradable,15.14,51.43,3.87,Needs Replacement
2026-01-02 06:00:00,F0142,Biodegradable,87.28,54.15,1.44,Healthy
2026-01-02 06:05:00,F0386,Organic,56.09,69.89,4.35,Healthy
2026-01-02 06:10:00,F0693,Biodegradable,45.97,41.99,4.82,Damaged
2026-01-02 06:15:00,F0197,Plastic,64.33,51.6,5.27,Needs Replacement
2026-01-02 06:20:00,F0305,Organic,55.81,23.49,7.81,Damaged
2026-01-02 06:25:00,F0358,Biodegradable,20.73,52.3,3.22,Damaged
2026-01-02 06:30:00,F0389,Organic,27.35,17.31,5.74,Needs Replacement
2026-01-02 06:35:00,F0295,Biodegradable,95.46,58.28,3.03,Healthy
2026-01-02 06:40:00,F0491,Plastic,34.64,36.54,2.8,Healthy
2026-01-02 06:45:00,F0279,Plastic,82.8,26.27,4.93,Healthy
2026-01-02 06:50:00,F0686,Biodegradable,61.57,45.21,2.7,Healthy
2026-01-02 06:55:00,F0735,Organic,63.79,13.15,3.89,Healthy
2026-01-02 07:00:00,F0952,Plastic,68.12,18.25,7.75,Needs Replacement
2026-01-02 07:05:00,F0667,Plastic,65.29,62.84,4.33,Needs Replacement
2026-01-02 07:10:00,F0092,Biodegradable,32.12,48.75,7.36,Damaged
2026-01-02 07:15:00,F0039,Plastic,23.22,54.32,6.95,Needs Replacement
2026-01-02 07:20:00,F0857,Organic,88.22,20.55,7.44,Needs Replacement
2026-01-02 07:25:00,F0297,Plastic,18.63,54.94,7.11,Healthy
2026-01-02 07:30:00,F0344,Organic,29.84,46.17,7.5,Needs Replacement
2026-01-02 07:35:00,F0962,Plastic,98.91,42.6,4.46,Damaged
2026-01-02 07:40:00,F0167,Biodegradable,46.8,21.57,1.79,Needs Replacement
2026-01-02 07:45:00,F0346,Organic,64.83,53.12,1.1,Damaged
2026-01-02 07:50:00,F0655,Organic,67.44,21.59,5.28,Needs Replacement
2026-01-02 07:55:00,F0190,Plastic,51.53,15.2,5.68,Needs Replacement
2026-01-02 08:00:00,F0242,Organic,32.36,24.88,2.83,Needs Replacement
2026-01-02 08:05:00,F0012,Organic,95.4,28.12,6.06,Damaged
2026-01-02 08:10:00,F0477,Organic,35.96,24.18,5.67,Healthy
2026-01-02 08:15:00,F0721,Organic,40.54,40.15,7.27,Damaged
2026-01-02 08:20:00,F0630,Plastic,11.74,64.97,3.07,Healthy
2026-01-02 08:25:00,F0621,Organic,95.74,38.69,4.18,Needs Replacement
2026-01-02 08:30:00,F0822,Biodegradable,70.19,64.77,6.3,Healthy
2026-01-02 08:35:00,F0807,Plastic,76.19,50.82,5.17,Damaged
2026-01-02 08:40:00,F0578,Plastic,44.67,52.23,1.55,Healthy
2026-01-02 08:45:00,F0550,Plastic,82.88,64.17,2.42,Healthy
2026-01-02 08:50:00,F0211,Biodegradable,32.81,41.22,1.81,Damaged
2026-01-02 08:55:00,F0057,Organic,48.88,63.93,4.12,Healthy
2026-01-02 09:00:00,F0474,Biodegradable,51.32,37.41,1.4,Needs Replacement
2026-01-02 09:05:00,F0764,Plastic,72.33,33.76,6.72,Damaged
2026-01-02 09:10:00,F0555,Plastic,7.3,35.42,5.9,Healthy
2026-01-02 09:15:00,F0185,Plastic,98.61,38.32,3.01,Damaged
2026-01-02 09:20:00,F0913,Organic,97.83,48.75,3.94,Needs Replacement
2026-01-02 09:25:00,F0700,Biodegradable,86.96,64.41,3.63,Damaged
2026-01-02 09:30:00,F0551,Organic,13.3,61.62,1.83,Damaged
2026-01-02 09:35:00,F0775,Plastic,12.73,68.72,6.84,Needs Replacement
2026-01-02 09:40:00,F0389,Plastic,46.3,53.15,3.97,Healthy
2026-01-02 09:45:00,F0897,Biodegradable,46.06,19.31,2.32,Healthy
2026-01-02 09:50:00,F0959,Plastic,3.22,49.61,5.3,Healthy
2026-01-02 09:55:00,F0613,Biodegradable,20.61,16.05,1.24,Damaged
2026-01-02 10:00:00,F0450,Plastic,87.22,24.68,1.31,Damaged
2026-01-02 10:05:00,F0516,Organic,21.73,61.82,1.4,Healthy
2026-01-02 10:10:00,F0613,Biodegradable,81.58,53.89,3.23,Needs Replacement
2026-01-02 10:15:00,F0534,Plastic,23.69,62.58,7.9,Needs Replacement
2026-01-02 10:20:00,F0901,Biodegradable,30.05,13.66,7.64,Healthy
2026-01-02 10:25:00,F0996,Organic,62.6,35.63,4.47,Damaged
2026-01-02 10:30:00,F0427,Organic,67.13,57.15,3.23,Healthy
2026-01-02 10:35:00,F0247,Plastic,29.99,21.03,4.77,Needs Replacement
2026-01-02 10:40:00,F0060,Biodegradable,85.75,18.66,4.24,Needs Replacement
2026-01-02 10:45:00,F0249,Organic,96.78,43.44,1.94,Healthy
2026-01-02 10:50:00,F0380,Plastic,33.03,14.74,4.15,Damaged
2026-01-02 10:55:00,F0690,Biodegradable,72.46,21.43,2.88,Damaged
2026-01-02 11:00:00,F0602,Biodegradable,3.95,14.37,6.63,Damaged
2026-01-02 11:05:00,F0341,Organic,55.89,38.76,7.09,Healthy
2026-01-02 11:10:00,F0765,Organic,21.18,21.4,6.19,Healthy
2026-01-02 11:15:00,F0246,Biodegradable,69.56,52.23,3.78,Needs Replacement
2026-01-02 11:20:00,F0368,Organic,77.55,32.84,4.74,Needs Replacement
2026-01-02 11:25:00,F0823,Biodegradable,35.96,62.97,4.26,Needs Replacement
2026-01-02 11:30:00,F0321,Organic,76.16,29.21,2.42,Healthy
2026-01-02 11:35:00,F0268,Biodegradable,56.25,23.28,2.02,Damaged
2026-01-02 11:40:00,F0338,Plastic,57.91,35.05,2.07,Needs Replacement
2026-01-02 11:45:00,F0967,Biodegradable,56.98,24.74,4.85,Needs Replacement
2026-01-02 11:50:00,F0658,Biodegradable,25.73,59.3,7.77,Needs Replacement
2026-01-02 11:55:00,F0144,Biodegradable,46.08,53.97,3.47,Damaged
2026-01-02 12:00:00,F0658,Plastic,48.83,65.01,4.79,Damaged
2026-01-02 12:05:00,F0685,Plastic,3.38,60.8,7.62,Healthy
2026-01-02 12:10:00,F0725,Plastic,41.24,60.55,2.62,Healthy
2026-01-02 12:15:00,F0654,Biodegradable,21.87,37.36,1.42,Damaged
2026-01-02 12:20:00,F0545,Biodegradable,91.28,49.56,1.11,Needs Replacement
2026-01-02 12:25:00,F0294,Plastic,1.19,41.77,2.92,Damaged
2026-01-02 12:30:00,F0932,Plastic,81.32,50.44,6.64,Healthy
2026-01-02 12:35:00,F0635,Biodegradable,91.8,41.46,2.69,Needs Replacement
2026-01-02 12:40:00,F0383,Organic,81.52,26.04,3.78,Needs Replacement
2026-01-02 12:45:00,F0701,Plastic,56.5,69.41,2.58,Damaged
2026-01-02 12:50:00,F0416,Organic,99.17,48.99,1.22,Needs Replacement
2026-01-02 12:55:00,F0176,Plastic,55.27,13.37,1.07,Needs Replacement
2026-01-02 13:00:00,F0879,Plastic,84.53,48.69,3.32,Damaged
2026-01-02 13:05:00,F0709,Biodegradable,91.92,23.79,7.31,Needs Replacement
2026-01-02 13:10:00,F0288,Biodegradable,27.11,65.45,5.79,Damaged
2026-01-02 13:15:00,F0017,Plastic,65.81,20.76,6.95,Damaged
2026-01-02 13:20:00,F0952,Plastic,14.42,59.24,6.75,Needs Replacement
2026-01-02 13:25:00,F0399,Biodegradable,16.25,24.43,6.84,Damaged
2026-01-02 13:30:00,F0706,Biodegradable,33.17,55.34,1.98,Healthy
2026-01-02 13:35:00,F0448,Plastic,50.08,68.46,1.38,Healthy
2026-01-02 13:40:00,F0407,Organic,34.06,56.14,7.68,Healthy
2026-01-02 13:45:00,F0234,Organic,63.41,57.01,4.15,Damaged
2026-01-02 13:50:00,F0677,Organic,94.11,35.91,5.76,Healthy
2026-01-02 13:55:00,F0076,Plastic,77.22,27.72,2.73,Needs Replacement
2026-01-02 14:00:00,F0758,Organic,15.42,52.7,5.44,Needs Replacement
2026-01-02 14:05:00,F0456,Organic,36.07,15.49,7.6,Needs Replacement
2026-01-02 14:10:00,F0571,Biodegradable,10.22,15.24,4.02,Damaged
2026-01-02 14:15:00,F0096,Biodegradable,40.8,11.58,3.48,Damaged
2026-01-02 14:20:00,F0424,Organic,78.44,61.82,1.09,Healthy
2026-01-02 14:25:00,F0249,Biodegradable,72.48,43.57,7.95,Damaged
2026-01-02 14:30:00,F0309,Organic,16.96,32.84,1.97,Needs Replacement
2026-01-02 14:35:00,F0307,Organic,14.59,20.03,2.93,Healthy
2026-01-02 14:40:00,F0508,Biodegradable,36.11,66.65,6.05,Damaged
2026-01-02 14:45:00,F0972,Organic,19.55,16.42,3.13,Needs Replacement
2026-01-02 14:50:00,F0451,Organic,84.16,32.79,7.04,Needs Replacement
2026-01-02 14:55:00,F0140,Organic,81.55,61.57,7.82,Needs Replacement
2026-01-02 15:00:00,F0182,Organic,60.32,51.72,4.35,Needs Replacement
2026-01-02 15:05:00,F0590,Plastic,29.14,51.7,4.44,Needs Replacement
2026-01-02 15:10:00,F0117,Biodegradable,37.61,58.99,3.75,Healthy
2026-01-02 15:15:00,F0564,Plastic,59.22,42.74,5.77,Damaged
2026-01-02 15:20:00,F0299,Biodegradable,46.16,52.5,4.07,Healthy
2026-01-02 15:25:00,F0512,Plastic,81.9,57.74,3.86,Damaged
2026-01-02 15:30:00,F0434,Organic,30.28,25.16,2.08,Healthy
2026-01-02 15:35:00,F0548,Biodegradable,44.91,45.88,5.08,Damaged
2026-01-02 15:40:00,F0719,Biodegradable,41.83,12.21,7.78,Damaged
2026-01-02 15:45:00,F0674,Biodegradable,63.82,15.1,6.38,Needs Replacement
2026-01-02 15:50:00,F0661,Biodegradable,16.63,46.76,4.94,Damaged
2026-01-02 15:55:00,F0441,Plastic,39.96,55.16,7.76,Healthy
2026-01-02 16:00:00,F0572,Biodegradable,9.86,23.32,6.23,Damaged
2026-01-02 16:05:00,F0791,Biodegradable,57.52,36.75,3.74,Damaged
2026-01-02 16:10:00,F0495,Plastic,69.04,19.04,7.98,Needs Replacement
2026-01-02 16:15:00,F0964,Biodegradable,41.6,67.7,1.81,Healthy
2026-01-02 16:20:00,F0534,Organic,34.83,30.58,6.49,Needs Replacement
2026-01-02 16:25:00,F0327,Plastic,47.62,36.29,5.88,Needs Replacement
2026-01-02 16:30:00,F0352,Biodegradable,4.47,52.65,1.16,Healthy
2026-01-02 16:35:00,F0250,Biodegradable,67.71,19.86,7.89,Healthy
2026-01-02 16:40:00,F0474,Plastic,55.19,29.86,3.98,Needs Replacement
2026-01-02 16:45:00,F0406,Plastic,62.98,21.18,5.6,Damaged
2026-01-02 16:50:00,F0399,Plastic,61.41,21.84,5.15,Damaged
2026-01-02 16:55:00,F0816,Plastic,21.48,26.7,5.93,Damaged
2026-01-02 17:00:00,F0334,Plastic,10.18,62.32,2.31,Needs Replacement
2026-01-02 17:05:00,F0990,Biodegradable,11.4,50.24,4.43,Needs Replacement
2026-01-02 17:10:00,F0357,Organic,59.7,46.68,5.11,Needs Replacement
2026-01-02 17:15:00,F0305,Biodegradable,61.74,58.82,5.94,Damaged
2026-01-02 17:20:00,F0313,Plastic,8.48,18.04,1.83,Healthy
2026-01-02 17:25:00,F0611,Plastic,37.33,18.48,3.72,Damaged
2026-01-02 17:30:00,F0711,Biodegradable,38.37,21.15,5.45,Healthy
2026-01-02 17:35:00,F0323,Organic,55.49,39.38,1.98,Damaged
2026-01-02 17:40:00,F0140,Plastic,5.36,31.54,1.07,Needs Replacement
2026-01-02 17:45:00,F0702,Organic,96.38,40.33,4.46,Needs Replacement
2026-01-02 17:50:00,F0579,Plastic,71.01,36.63,2.17,Healthy
2026-01-02 17:55:00,F0173,Organic,29.21,26.49,4.76,Damaged
2026-01-02 18:00:00,F0116,Biodegradable,74.25,55.96,4.85,Healthy
2026-01-02 18:05:00,F0556,Plastic,26.79,42.59,7.94,Damaged
2026-01-02 18:10:00,F0754,Biodegradable,44.14,23.11,3.98,Healthy
2026-01-02 18:15:00,F0357,Plastic,29.77,69.96,4.15,Needs Replacement
2026-01-02 18:20:00,F0215,Biodegradable,86.53,17.04,6.68,Damaged
2026-01-02 18:25:00,F0439,Plastic,68.91,61.66,5.27,Damaged
2026-01-02 18:30:00,F0061,Biodegradable,13.92,22.4,2.45,Needs Replacement
2026-01-02 18:35:00,F0721,Organic,53.23,45.81,2.18,Needs Replacement
2026-01-02 18:40:00,F0922,Biodegradable,57.27,67.14,4.6,Healthy
2026-01-02 18:45:00,F0061,Organic,13.56,55.01,3.88,Damaged
2026-01-02 18:50:00,F0729,Organic,12.69,61.96,2.75,Healthy
2026-01-02 18:55:00,F0592,Biodegradable,76.15,50.57,4.43,Needs Replacement
2026-01-02 19:00:00,F0814,Plastic,62.78,32.51,1.53,Needs Replacement
2026-01-02 19:05:00,F0378,Organic,51.56,26.69,7.55,Needs Replacement
2026-01-02 19:10:00,F0751,Plastic,32.73,10.15,6.42,Damaged
2026-01-02 19:15:00,F0871,Plastic,97.22,48.09,5.88,Damaged
2026-01-02 19:20:00,F0507,Organic,39.77,68.09,6.77,Needs Replacement
2026-01-02 19:25:00,F0580,Organic,82.83,30.27,5.05,Needs Replacement
2026-01-02 19:30:00,F0642,Organic,89.42,55.74,1.32,Healthy
2026-01-02 19:35:00,F0001,Organic,12.42,61.46,4.09,Healthy
2026-01-02 19:40:00,F0310,Plastic,99.57,64.56,7.18,Needs Replacement
2026-01-02 19:45:00,F0681,Biodegradable,9.33,31.63,1.58,Healthy
2026-01-02 19:50:00,F0774,Plastic,5.18,47.54,6.08,Needs Replacement
2026-01-02 19:55:00,F0489,Plastic,65.55,52.22,1.01,Healthy
2026-01-02 20:00:00,F0009,Biodegradable,59.37,41.17,4.12,Needs Replacement
2026-01-02 20:05:00,F0136,Organic,81.71,69.29,3.96,Healthy
2026-01-02 20:10:00,F0106,Organic,22.89,15.36,6.64,Needs Replacement
2026-01-02 20:15:00,F0772,Plastic,88.1,18.23,6.41,Damaged
2026-01-02 20:20:00,F0009,Biodegradable,99.29,18.57,4.71,Damaged
2026-01-02 20:25:00,F0767,Plastic,16.41,31.07,2.49,Needs Replacement
2026-01-02 20:30:00,F0919,Plastic,61.61,36.54,2.52,Healthy
2026-01-02 20:35:00,F0987,Organic,75.24,45.37,3.69,Needs Replacement
2026-01-02 20:40:00,F0255,Biodegradable,79.11,24.87,5.51,Damaged
2026-01-02 20:45:00,F0708,Plastic,60.0,46.46,6.45,Damaged
2026-01-02 20:50:00,F0194,Biodegradable,87.58,22.33,5.25,Needs Replacement
2026-01-02 20:55:00,F0978,Plastic,29.55,13.27,7.29,Needs Replacement
2026-01-02 21:00:00,F0073,Biodegradable,38.59,24.46,5.47,Healthy
2026-01-02 21:05:00,F0882,Biodegradable,98.69,66.04,1.92,Needs Replacement
2026-01-02 21:10:00,F0978,Plastic,36.54,50.98,6.34,Healthy
2026-01-02 21:15:00,F0945,Plastic,58.74,10.83,2.51,Needs Replacement
2026-01-02 21:20:00,F0426,Organic,50.66,47.71,4.51,Damaged
2026-01-02 21:25:00,F0157,Organic,40.23,48.43,4.76,Healthy
2026-01-02 21:30:00,F0828,Plastic,30.99,40.68,2.42,Damaged
2026-01-02 21:35:00,F0666,Biodegradable,32.68,45.19,6.34,Damaged
2026-01-02 21:40:00,F0867,Plastic,6.61,51.92,6.11,Healthy
2026-01-02 21:45:00,F0627,Biodegradable,24.45,65.48,1.81,Healthy
2026-01-02 21:50:00,F0123,Plastic,30.93,54.5,6.18,Damaged
2026-01-02 21:55:00,F0356,Biodegradable,13.72,10.68,4.47,Damaged
2026-01-02 22:00:00,F0130,Biodegradable,78.3,53.25,2.17,Needs Replacement
2026-01-02 22:05:00,F0344,Organic,73.29,17.08,7.3,Needs Replacement
2026-01-02 22:10:00,F0643,Plastic,52.39,25.78,7.83,Needs Replacement
2026-01-02 22:15:00,F0581,Plastic,45.52,31.61,4.5,Needs Replacement
2026-01-02 22:20:00,F0691,Biodegradable,15.73,56.4,7.26,Healthy
2026-01-02 22:25:00,F0884,Plastic,22.84,40.53,1.31,Healthy
2026-01-02 22:30:00,F0184,Plastic,4.6,31.84,7.44,Damaged
2026-01-02 22:35:00,F0230,Organic,80.31,52.84,5.59,Healthy
2026-01-02 22:40:00,F0080,Biodegradable,41.63,53.22,2.9,Needs Replacement
2026-01-02 22:45:00,F0229,Biodegradable,11.94,50.4,1.37,Healthy
2026-01-02 22:50:00,F0290,Organic,95.41,14.14,4.26,Needs Replacement
2026-01-02 22:55:00,F0299,Biodegradable,8.64,37.4,3.58,Needs Replacement
2026-01-02 23:00:00,F0996,Organic,73.96,24.56,3.58,Healthy
2026-01-02 23:05:00,F0155,Plastic,73.25,42.79,6.57,Needs Replacement
2026-01-02 23:10:00,F0711,Plastic,2.39,42.49,5.45,Needs Replacement
2026-01-02 23:15:00,F0745,Organic,0.15,49.44,6.94,Healthy
2026-01-02 23:20:00,F0985,Plastic,20.52,68.99,3.94,Healthy
2026-01-02 23:25:00,F0919,Biodegradable,71.17,15.58,7.45,Needs Replacement
2026-01-02 23:30:00,F0087,Biodegradable,70.08,32.35,7.82,Healthy
2026-01-02 23:35:00,F0607,Biodegradable,50.54,48.23,3.76,Healthy
2026-01-02 23:40:00,F0268,Organic,43.5,67.85,2.66,Needs Replacement
2026-01-02 23:45:00,F0279,Plastic,70.07,54.12,3.23,Healthy
2026-01-02 23:50:00,F0112,Plastic,94.36,18.17,6.39,Healthy
2026-01-02 23:55:00,F0549,Organic,16.44,37.96,3.85,Healthy
2026-01-03 00:00:00,F0093,Plastic,45.19,37.8,6.97,Damaged
2026-01-03 00:05:00,F0221,Organic,30.42,52.28,5.22,Healthy
2026-01-03 00:10:00,F0526,Plastic,9.12,24.89,3.49,Damaged
2026-01-03 00:15:00,F0975,Organic,29.88,59.21,2.22,Needs Replacement
2026-01-03 00:20:00,F0105,Plastic,55.6,43.01,1.66,Healthy
2026-01-03 00:25:00,F0134,Plastic,1.2,59.82,7.88,Needs Replacement
2026-01-03 00:30:00,F0597,Biodegradable,37.22,47.82,5.51,Needs Replacement
2026-01-03 00:35:00,F0203,Biodegradable,91.74,14.5,7.98,Needs Replacement
2026-01-03 00:40:00,F0829,Organic,80.93,15.52,6.93,Healthy
2026-01-03 00:45:00,F0588,Organic,4.27,37.66,2.18,Damaged
2026-01-03 00:50:00,F0177,Organic,39.5,11.77,5.78,Healthy
2026-01-03 00:55:00,F0153,Plastic,90.83,26.5,4.12,Damaged
2026-01-03 01:00:00,F0422,Biodegradable,61.92,24.75,3.07,Needs Replacement
2026-01-03 01:05:00,F0205,Biodegradable,6.1,26.79,1.96,Damaged
2026-01-03 01:10:00,F0020,Organic,24.91,69.65,4.81,Damaged
2026-01-03 01:15:00,F0935,Biodegradable,35.91,42.67,4.39,Damaged
2026-01-03 01:20:00,F0612,Plastic,32.16,26.23,1.18,Healthy
2026-01-03 01:25:00,F0484,Biodegradable,89.58,56.71,1.41,Needs Replacement
2026-01-03 01:30:00,F0103,Plastic,76.68,69.98,7.82,Damaged
2026-01-03 01:35:00,F0755,Plastic,24.12,42.02,6.54,Healthy
2026-01-03 01:40:00,F0958,Plastic,57.57,68.96,3.72,Healthy
2026-01-03 01:45:00,F0368,Biodegradable,23.66,29.08,6.17,Healthy
2026-01-03 01:50:00,F0146,Biodegradable,70.35,31.1,4.97,Healthy
2026-01-03 01:55:00,F0556,Organic,83.67,58.62,7.79,Healthy
2026-01-03 02:00:00,F0225,Plastic,49.04,15.42,2.63,Damaged
2026-01-03 02:05:00,F0826,Plastic,47.8,29.9,5.3,Needs Replacement
2026-01-03 02:10:00,F0332,Plastic,71.69,65.13,6.91,Healthy
2026-01-03 02:15:00,F0114,Biodegradable,14.77,52.28,1.99,Needs Replacement
2026-01-03 02:20:00,F0406,Biodegradable,96.06,32.42,7.59,Healthy
2026-01-03 02:25:00,F0750,Organic,33.66,29.36,7.83,Damaged
2026-01-03 02:30:00,F0992,Biodegradable,96.07,48.95,2.22,Damaged
2026-01-03 02:35:00,F0682,Biodegradable,88.96,46.82,3.5,Healthy
2026-01-03 02:40:00,F0182,Biodegradable,37.84,54.04,3.06,Healthy
2026-01-03 02:45:00,F0790,Biodegradable,94.88,66.92,3.74,Healthy
2026-01-03 02:50:00,F0627,Plastic,18.21,29.09,6.66,Damaged
2026-01-03 02:55:00,F0764,Plastic,56.56,66.2,1.98,Healthy
2026-01-03 03:00:00,F0987,Plastic,34.68,29.17,5.45,Damaged
2026-01-03 03:05:00,F0012,Organic,67.0,53.76,3.35,Healthy
2026-01-03 03:10:00,F0111,Biodegradable,24.95,14.07,2.8,Healthy
2026-01-03 03:15:00,F0171,Organic,4.81,36.29,3.94,Needs Replacement
2026-01-03 03:20:00,F0849,Organic,88.18,31.07,3.63,Damaged
2026-01-03 03:25:00,F0076,Plastic,65.1,51.23,2.14,Needs Replacement
2026-01-03 03:30:00,F0351,Plastic,2.01,25.67,1.73,Needs Replacement
2026-01-03 03:35:00,F0096,Organic,16.09,14.5,7.59,Damaged
2026-01-03 03:40:00,F0442,Biodegradable,98.53,63.59,5.93,Healthy
2026-01-03 03:45:00,F0340,Plastic,60.73,36.05,1.37,Healthy
2026-01-03 03:50:00,F0554,Organic,40.93,43.25,7.48,Damaged
2026-01-03 03:55:00,F0586,Biodegradable,28.15,24.25,1.35,Needs Replacement
2026-01-03 04:00:00,F0302,Biodegradable,15.36,31.65,3.99,Damaged
2026-01-03 04:05:00,F0175,Biodegradable,60.02,21.98,1.18,Needs Replacement
2026-01-03 04:10:00,F0804,Organic,97.71,38.41,1.81,Needs Replacement
2026-01-03 04:15:00,F0558,Organic,48.91,49.66,1.64,Healthy
2026-01-03 04:20:00,F0046,Organic,37.1,32.89,2.31,Needs Replacement
2026-01-03 04:25:00,F0064,Plastic,46.51,23.57,2.88,Damaged
2026-01-03 04:30:00,F0555,Organic,66.75,15.14,3.41,Damaged
2026-01-03 04:35:00,F0536,Organic,22.75,13.66,3.71,Damaged
2026-01-03 04:40:00,F0242,Organic,68.71,66.18,5.01,Needs Replacement
2026-01-03 04:45:00,F0515,Biodegradable,7.9,64.17,6.0,Damaged
2026-01-03 04:50:00,F0124,Organic,80.05,50.65,5.34,Healthy
2026-01-03 04:55:00,F0198,Plastic,94.91,20.03,2.48,Healthy
2026-01-03 05:00:00,F0843,Biodegradable,42.34,69.3,4.05,Healthy
2026-01-03 05:05:00,F0937,Plastic,83.41,25.47,7.38,Healthy
2026-01-03 05:10:00,F0283,Biodegradable,38.81,33.84,3.28,Needs Replacement
2026-01-03 05:15:00,F0602,Biodegradable,91.72,10.74,5.9,Needs Replacement
2026-01-03 05:20:00,F0597,Plastic,11.25,18.98,4.97,Healthy
2026-01-03 05:25:00,F0549,Organic,56.27,16.06,3.0,Needs Replacement
2026-01-03 05:30:00,F0485,Plastic,26.41,49.29,5.0,Healthy
2026-01-03 05:35:00,F0711,Organic,27.54,18.63,5.26,Healthy
2026-01-03 05:40:00,F0051,Biodegradable,39.58,62.74,5.83,Needs Replacement
2026-01-03 05:45:00,F0838,Organic,92.08,63.82,1.14,Needs Replacement
2026-01-03 05:50:00,F0101,Plastic,28.03,39.5,5.87,Healthy
2026-01-03 05:55:00,F0329,Organic,30.05,54.62,6.42,Damaged
2026-01-03 06:00:00,F0217,Organic,41.68,48.73,2.32,Damaged
2026-01-03 06:05:00,F0058,Biodegradable,48.45,40.99,3.62,Healthy
2026-01-03 06:10:00,F0800,Biodegradable,6.56,52.57,3.82,Damaged
2026-01-03 06:15:00,F0858,Plastic,2.89,21.57,6.83,Healthy
2026-01-03 06:20:00,F0204,Organic,3.31,13.03,3.52,Needs Replacement
2026-01-03 06:25:00,F0127,Biodegradable,82.35,40.31,5.45,Healthy
2026-01-03 06:30:00,F0984,Organic,24.19,39.33,4.12,Damaged
2026-01-03 06:35:00,F0265,Biodegradable,55.13,30.65,6.86,Damaged
2026-01-03 06:40:00,F0875,Biodegradable,9.04,11.65,1.35,Healthy
2026-01-03 06:45:00,F0276,Biodegradable,85.71,48.84,5.74,Needs Replacement
2026-01-03 06:50:00,F0699,Plastic,51.33,61.88,7.77,Needs Replacement
2026-01-03 06:55:00,F0009,Plastic,91.15,48.84,5.21,Needs Replacement
2026-01-03 07:00:00,F0727,Biodegradable,60.83,66.58,5.99,Needs Replacement
2026-01-03 07:05:00,F0259,Plastic,42.38,32.59,3.44,Needs Replacement
2026-01-03 07:10:00,F0599,Plastic,30.21,41.24,5.37,Healthy
2026-01-03 07:15:00,F0384,Biodegradable,51.15,49.74,6.9,Damaged
2026-01-03 07:20:00,F0494,Plastic,59.38,26.96,5.79,Needs Replacement
2026-01-03 07:25:00,F0268,Biodegradable,98.84,48.44,7.03,Damaged
2026-01-03 07:30:00,F0530,Plastic,95.22,49.09,2.32,Healthy
2026-01-03 07:35:00,F0677,Organic,80.54,58.14,5.2,Damaged
2026-01-03 07:40:00,F0303,Organic,13.99,11.53,4.48,Needs Replacement
2026-01-03 07:45:00,F0586,Plastic,40.46,54.2,5.08,Needs Replacement
2026-01-03 07:50:00,F0804,Organic,72.65,23.34,4.74,Damaged
2026-01-03 07:55:00,F0674,Biodegradable,35.85,28.01,2.19,Healthy
2026-01-03 08:00:00,F0743,Biodegradable,29.38,38.25,6.19,Healthy
2026-01-03 08:05:00,F0228,Organic,94.69,63.98,5.58,Healthy
2026-01-03 08:10:00,F0340,Organic,74.42,28.43,6.52,Needs Replacement
2026-01-03 08:15:00,F0055,Biodegradable,58.56,37.83,1.82,Damaged
2026-01-03 08:20:00,F0200,Biodegradable,58.03,47.24,4.31,Healthy
2026-01-03 08:25:00,F0056,Plastic,86.75,32.9,3.09,Healthy
2026-01-03 08:30:00,F0915,Organic,99.23,30.56,7.91,Healthy
2026-01-03 08:35:00,F0500,Organic,31.64,52.94,6.45,Damaged
2026-01-03 08:40:00,F0463,Organic,98.66,28.8,1.41,Healthy
2026-01-03 08:45:00,F0502,Plastic,76.12,20.12,6.35,Healthy
2026-01-03 08:50:00,F0989,Organic,61.45,48.01,3.82,Needs Replacement
2026-01-03 08:55:00,F0973,Plastic,0.47,42.03,6.11,Needs Replacement
2026-01-03 09:00:00,F0005,Biodegradable,75.68,41.86,1.13,Damaged
2026-01-03 09:05:00,F0133,Plastic,24.88,51.61,3.41,Needs Replacement
2026-01-03 09:10:00,F0047,Organic,50.33,28.37,1.46,Needs Replacement
2026-01-03 09:15:00,F0445,Biodegradable,45.59,41.22,4.67,Healthy
2026-01-03 09:20:00,F0193,Plastic,34.27,64.08,3.51,Needs Replacement
2026-01-03 09:25:00,F0217,Biodegradable,1.91,23.46,7.89,Healthy
2026-01-03 09:30:00,F0667,Plastic,58.97,20.14,3.57,Needs Replacement
2026-01-03 09:35:00,F0050,Biodegradable,87.65,25.35,4.74,Healthy
2026-01-03 09:40:00,F0707,Plastic,66.2,49.21,1.14,Needs Replacement
2026-01-03 09:45:00,F0719,Plastic,44.43,17.42,2.77,Healthy
2026-01-03 09:50:00,F0678,Plastic,69.52,47.82,3.11,Damaged
2026-01-03 09:55:00,F0429,Plastic,52.03,47.37,5.91,Damaged
2026-01-03 10:00:00,F0109,Organic,71.88,17.06,1.8,Healthy
2026-01-03 10:05:00,F0997,Plastic,60.9,56.68,6.82,Needs Replacement
2026-01-03 10:10:00,F0509,Plastic,70.34,27.72,1.28,Damaged
2026-01-03 10:15:00,F0688,Plastic,93.31,29.84,1.02,Healthy
2026-01-03 10:20:00,F0093,Biodegradable,83.52,50.14,2.04,Healthy
2026-01-03 10:25:00,F0237,Organic,72.36,16.08,2.79,Needs Replacement
2026-01-03 10:30:00,F0896,Plastic,26.41,13.0,6.69,Needs Replacement
2026-01-03 10:35:00,F0119,Plastic,36.02,50.61,3.98,Healthy
2026-01-03 10:40:00,F0337,Organic,0.97,18.3,5.53,Needs Replacement
2026-01-03 10:45:00,F0382,Organic,95.51,26.1,6.13,Healthy
2026-01-03 10:50:00,F0856,Organic,11.38,34.02,4.2,Damaged
2026-01-03 10:55:00,F0817,Plastic,85.07,57.99,5.54,Healthy
2026-01-03 11:00:00,F0865,Plastic,13.25,53.58,7.87,Healthy
2026-01-03 11:05:00,F0695,Organic,41.6,45.45,6.62,Healthy
2026-01-03 11:10:00,F0884,Biodegradable,61.13,56.75,5.28,Damaged
2026-01-03 11:15:00,F0116,Organic,97.34,17.84,7.44,Needs Replacement
2026-01-03 11:20:00,F0722,Biodegradable,4.6,25.7,3.2,Damaged
2026-01-03 11:25:00,F0979,Biodegradable,76.75,44.6,4.96,Needs Replacement
2026-01-03 11:30:00,F0444,Biodegradable,51.91,51.29,5.33,Damaged
2026-01-03 11:35:00,F0395,Plastic,24.86,30.74,5.73,Damaged
2026-01-03 11:40:00,F0957,Plastic,89.21,46.77,1.08,Damaged
2026-01-03 11:45:00,F0077,Organic,84.88,61.11,7.09,Needs Replacement
2026-01-03 11:50:00,F0229,Biodegradable,24.09,68.21,1.35,Damaged
2026-01-03 11:55:00,F0455,Biodegradable,37.86,59.03,1.55,Needs Replacement
2026-01-03 12:00:00,F0510,Biodegradable,8.8,39.91,3.21,Damaged
2026-01-03 12:05:00,F0563,Plastic,1.78,34.21,1.25,Healthy
2026-01-03 12:10:00,F0912,Biodegradable,79.18,67.79,5.46,Damaged
2026-01-03 12:15:00,F0373,Plastic,20.69,50.29,7.65,Healthy
2026-01-03 12:20:00,F0615,Organic,84.43,29.92,6.37,Damaged
2026-01-03 12:25:00,F0778,Biodegradable,65.72,52.95,1.8,Healthy
2026-01-03 12:30:00,F0820,Organic,0.22,31.31,5.44,Damaged
2026-01-03 12:35:00,F0169,Organic,52.2,52.13,1.32,Healthy
2026-01-03 12:40:00,F0261,Biodegradable,82.18,54.55,3.86,Healthy
2026-01-03 12:45:00,F0469,Plastic,18.75,65.81,3.75,Damaged
2026-01-03 12:50:00,F0649,Biodegradable,33.79,55.43,1.33,Damaged
2026-01-03 12:55:00,F0604,Biodegradable,12.32,63.51,4.2,Healthy
2026-01-03 13:00:00,F0567,Organic,96.39,10.26,6.15,Damaged
2026-01-03 13:05:00,F0182,Biodegradable,48.29,40.5,7.45,Damaged
2026-01-03 13:10:00,F0674,Biodegradable,17.37,58.91,1.72,Damaged
2026-01-03 13:15:00,F0624,Biodegradable,88.27,40.25,3.69,Healthy
2026-01-03 13:20:00,F0464,Plastic,27.36,67.82,7.79,Healthy
2026-01-03 13:25:00,F0307,Biodegradable,41.27,52.0,6.24,Damaged
2026-01-03 13:30:00,F0648,Plastic,86.07,52.71,7.55,Healthy
2026-01-03 13:35:00,F0944,Biodegradable,20.97,52.86,5.81,Healthy
2026-01-03 13:40:00,F0516,Biodegradable,98.13,49.01,7.71,Damaged
2026-01-03 13:45:00,F0576,Organic,63.69,52.62,6.33,Damaged
2026-01-03 13:50:00,F0766,Biodegradable,57.06,50.03,3.92,Needs Replacement
2026-01-03 13:55:00,F0110,Plastic,87.75,35.34,1.09,Needs Replacement
2026-01-03 14:00:00,F0769,Plastic,14.53,50.22,2.4,Needs Replacement
2026-01-03 14:05:00,F0804,Organic,68.34,18.79,1.43,Healthy
2026-01-03 14:10:00,F0105,Biodegradable,75.36,11.94,6.7,Damaged
2026-01-03 14:15:00,F0575,Organic,73.95,61.89,6.2,Healthy
2026-01-03 14:20:00,F0710,Biodegradable,51.09,57.81,5.87,Healthy
2026-01-03 14:25:00,F1000,Biodegradable,92.65,33.25,7.7,Needs Replacement
2026-01-03 14:30:00,F0208,Biodegradable,96.58,13.23,6.21,Needs Replacement
2026-01-03 14:35:00,F0664,Organic,83.0,64.69,5.93,Damaged
2026-01-03 14:40:00,F0988,Plastic,54.66,46.2,6.43,Needs Replacement
2026-01-03 14:45:00,F0986,Plastic,44.88,69.01,1.52,Damaged
2026-01-03 14:50:00,F0570,Organic,51.38,32.63,4.0,Healthy
2026-01-03 14:55:00,F0478,Biodegradable,16.09,60.76,1.04,Healthy
2026-01-03 15:00:00,F0793,Biodegradable,3.99,65.72,5.18,Damaged
2026-01-03 15:05:00,F0564,Organic,84.31,28.07,6.53,Healthy
2026-01-03 15:10:00,F0189,Biodegradable,78.4,29.07,2.54,Healthy
2026-01-03 15:15:00,F0414,Plastic,78.63,19.56,4.8,Needs Replacement
2026-01-03 15:20:00,F0370,Organic,22.12,22.8,3.32,Healthy
2026-01-03 15:25:00,F0575,Biodegradable,95.03,47.1,4.32,Healthy
2026-01-03 15:30:00,F0658,Biodegradable,11.47,30.76,2.68,Damaged
2026-01-03 15:35:00,F0391,Plastic,24.38,12.39,7.2,Needs Replacement
2026-01-03 15:40:00,F0530,Organic,25.66,53.44,1.17,Damaged
2026-01-03 15:45:00,F0920,Biodegradable,80.28,36.73,1.31,Healthy
2026-01-03 15:50:00,F0995,Biodegradable,32.03,14.94,1.67,Damaged
2026-01-03 15:55:00,F0793,Plastic,0.73,13.93,5.69,Damaged
2026-01-03 16:00:00,F0720,Biodegradable,42.42,16.24,4.76,Needs Replacement
2026-01-03 16:05:00,F0158,Plastic,64.66,66.39,6.23,Needs Replacement
2026-01-03 16:10:00,F0183,Organic,71.69,12.27,1.51,Damaged
2026-01-03 16:15:00,F0418,Organic,7.04,59.3,7.38,Needs Replacement
2026-01-03 16:20:00,F0690,Plastic,63.02,35.98,1.12,Damaged
2026-01-03 16:25:00,F0764,Biodegradable,0.59,53.22,1.44,Healthy
2026-01-03 16:30:00,F0109,Organic,70.09,14.36,7.5,Damaged
2026-01-03 16:35:00,F0449,Organic,30.14,15.19,6.36,Needs Replacement
2026-01-03 16:40:00,F0226,Plastic,82.21,11.85,2.09,Damaged
2026-01-03 16:45:00,F0984,Biodegradable,39.1,57.85,4.82,Healthy
2026-01-03 16:50:00,F0888,Biodegradable,29.81,63.22,7.76,Damaged
2026-01-03 16:55:00,F0569,Plastic,37.31,66.97,4.87,Healthy
2026-01-03 17:00:00,F0561,Plastic,4.18,44.36,3.76,Needs Replacement
2026-01-03 17:05:00,F0217,Organic,21.01,54.49,6.08,Damaged
2026-01-03 17:10:00,F0632,Organic,85.15,18.55,2.29,Healthy
2026-01-03 17:15:00,F0056,Biodegradable,11.46,50.26,4.97,Needs Replacement
2026-01-03 17:20:00,F0257,Plastic,64.47,14.39,5.7,Healthy
2026-01-03 17:25:00,F0132,Biodegradable,72.56,39.23,3.32,Damaged
2026-01-03 17:30:00,F0199,Organic,23.45,27.11,1.49,Needs Replacement
2026-01-03 17:35:00,F0599,Plastic,45.06,46.98,3.14,Damaged
2026-01-03 17:40:00,F0173,Plastic,56.69,58.46,7.71,Needs Replacement
2026-01-03 17:45:00,F0447,Organic,24.62,23.29,6.18,Needs Replacement
2026-01-03 17:50:00,F0474,Organic,13.43,53.98,7.15,Needs Replacement
2026-01-03 17:55:00,F0662,Biodegradable,77.48,39.22,1.76,Healthy
2026-01-03 18:00:00,F0552,Plastic,84.18,61.52,1.98,Needs Replacement
2026-01-03 18:05:00,F0914,Plastic,73.35,47.6,6.09,Damaged
2026-01-03 18:10:00,F0788,Biodegradable,63.16,58.76,5.05,Healthy
2026-01-03 18:15:00,F0553,Organic,90.63,43.1,4.8,Damaged
2026-01-03 18:20:00,F0791,Biodegradable,77.52,31.95,2.56,Damaged
2026-01-03 18:25:00,F0093,Organic,85.72,18.03,4.51,Needs Replacement
2026-01-03 18:30:00,F0826,Biodegradable,50.22,49.76,6.94,Damaged
2026-01-03 18:35:00,F0184,Biodegradable,16.58,40.85,4.12,Damaged
2026-01-03 18:40:00,F0496,Organic,65.94,68.06,6.15,Healthy
2026-01-03 18:45:00,F0379,Plastic,21.88,39.26,1.44,Healthy
2026-01-03 18:50:00,F0398,Organic,66.86,41.07,6.54,Needs Replacement
2026-01-03 18:55:00,F0106,Biodegradable,88.16,12.39,5.54,Damaged
2026-01-03 19:00:00,F0593,Biodegradable,63.36,26.41,6.19,Damaged
2026-01-03 19:05:00,F0670,Plastic,17.38,49.22,3.56,Damaged
2026-01-03 19:10:00,F0416,Organic,25.16,68.36,2.56,Needs Replacement
2026-01-03 19:15:00,F0514,Plastic,48.69,38.93,5.23,Needs Replacement
2026-01-03 19:20:00,F0217,Plastic,16.56,14.63,5.5,Healthy
2026-01-03 19:25:00,F0677,Plastic,15.74,46.12,6.72,Needs Replacement
2026-01-03 19:30:00,F0491,Organic,81.12,53.22,4.37,Healthy
2026-01-03 19:35:00,F0250,Plastic,59.08,48.84,3.88,Healthy
2026-01-03 19:40:00,F0041,Biodegradable,57.35,19.67,5.41,Healthy
2026-01-03 19:45:00,F0982,Organic,5.59,25.5,2.26,Damaged
2026-01-03 19:50:00,F0746,Biodegradable,96.92,48.26,7.15,Needs Replacement
2026-01-03 19:55:00,F0483,Organic,94.73,23.0,5.25,Healthy
2026-01-03 20:00:00,F0597,Plastic,21.94,34.65,2.0,Damaged
2026-01-03 20:05:00,F0351,Organic,65.96,25.87,6.07,Damaged
2026-01-03 20:10:00,F0112,Plastic,59.06,23.79,3.7,Healthy
2026-01-03 20:15:00,F0847,Plastic,52.27,64.56,5.79,Damaged
2026-01-03 20:20:00,F0040,Biodegradable,9.63,38.55,5.3,Damaged
2026-01-03 20:25:00,F0924,Biodegradable,75.24,15.59,5.62,Damaged
2026-01-03 20:30:00,F0665,Organic,82.75,63.82,6.42,Damaged
2026-01-03 20:35:00,F0440,Plastic,42.07,62.49,5.88,Needs Replacement
2026-01-03 20:40:00,F0760,Biodegradable,78.96,32.87,5.12,Damaged
2026-01-03 20:45:00,F0239,Plastic,9.77,18.03,4.34,Needs Replacement
2026-01-03 20:50:00,F0006,Biodegradable,59.83,42.62,2.8,Damaged
2026-01-03 20:55:00,F0008,Organic,78.94,44.68,1.82,Damaged
2026-01-03 21:00:00,F0110,Plastic,20.54,58.26,3.86,Needs Replacement
2026-01-03 21:05:00,F0434,Biodegradable,65.16,25.22,6.98,Needs Replacement
2026-01-03 21:10:00,F0209,Organic,61.19,69.51,3.78,Damaged
2026-01-03 21:15:00,F0569,Organic,78.38,38.95,3.59,Needs Replacement
2026-01-03 21:20:00,F0408,Biodegradable,98.85,44.66,6.42,Healthy
2026-01-03 21:25:00,F0458,Biodegradable,85.5,49.56,6.23,Healthy
2026-01-03 21:30:00,F0821,Biodegradable,10.03,40.5,6.5,Damaged
2026-01-03 21:35:00,F0988,Biodegradable,69.71,52.41,2.13,Healthy
2026-01-03 21:40:00,F0615,Organic,80.44,59.4,4.3,Healthy
2026-01-03 21:45:00,F0039,Biodegradable,6.41,23.31,1.56,Needs Replacement
2026-01-03 21:50:00,F0294,Biodegradable,93.07,34.04,5.59,Damaged
2026-01-03 21:55:00,F0507,Organic,5.75,56.42,2.23,Healthy
2026-01-03 22:00:00,F0293,Plastic,20.17,49.41,6.63,Healthy
2026-01-03 22:05:00,F0630,Plastic,78.4,40.63,5.89,Damaged
2026-01-03 22:10:00,F0162,Plastic,3.61,24.36,1.0,Needs Replacement
2026-01-03 22:15:00,F0601,Plastic,77.97,31.19,3.77,Damaged
2026-01-03 22:20:00,F0563,Organic,1.54,52.22,7.43,Damaged
2026-01-03 22:25:00,F0987,Organic,82.98,64.9,3.44,Healthy
2026-01-03 22:30:00,F0589,Plastic,60.64,21.67,7.51,Needs Replacement
2026-01-03 22:35:00,F0516,Organic,17.5,40.37,4.91,Needs Replacement
2026-01-03 22:40:00,F0898,Biodegradable,94.7,58.18,7.7,Damaged
2026-01-03 22:45:00,F0496,Plastic,25.01,36.57,3.64,Needs Replacement
2026-01-03 22:50:00,F0601,Plastic,96.12,37.53,4.23,Needs Replacement
2026-01-03 22:55:00,F0226,Biodegradable,11.63,14.05,5.44,Damaged
2026-01-03 23:00:00,F0529,Biodegradable,22.99,28.94,7.69,Healthy
2026-01-03 23:05:00,F0409,Biodegradable,70.08,25.8,3.01,Damaged
2026-01-03 23:10:00,F0488,Organic,82.11,14.56,7.52,Needs Replacement
2026-01-03 23:15:00,F0765,Biodegradable,21.86,44.42,2.28,Healthy
2026-01-03 23:20:00,F0894,Organic,49.9,21.98,6.15,Healthy
2026-01-03 23:25:00,F0365,Plastic,22.92,60.1,6.85,Healthy
2026-01-03 23:30:00,F0505,Biodegradable,11.99,14.71,7.69,Healthy
2026-01-03 23:35:00,F0494,Organic,76.42,42.49,1.3,Damaged
2026-01-03 23:40:00,F0589,Organic,31.54,63.89,7.17,Needs Replacement
2026-01-03 23:45:00,F0408,Plastic,18.29,55.86,4.58,Damaged
2026-01-03 23:50:00,F0963,Biodegradable,12.82,41.54,3.96,Healthy
2026-01-03 23:55:00,F0179,Organic,50.25,33.62,5.8,Healthy
2026-01-04 00:00:00,F0013,Biodegradable,69.82,37.6,5.82,Healthy
2026-01-04 00:05:00,F0883,Organic,37.94,16.04,3.53,Healthy
2026-01-04 00:10:00,F0628,Organic,54.86,24.23,4.3,Needs Replacement
2026-01-04 00:15:00,F0771,Organic,18.39,35.44,3.93,Needs Replacement
2026-01-04 00:20:00,F0135,Biodegradable,85.43,26.78,2.26,Damaged
2026-01-04 00:25:00,F0242,Biodegradable,22.86,15.99,2.89,Needs Replacement
2026-01-04 00:30:00,F0757,Plastic,85.63,21.76,6.6,Needs Replacement
2026-01-04 00:35:00,F0915,Biodegradable,80.57,20.6,4.5,Damaged
2026-01-04 00:40:00,F0257,Biodegradable,53.4,28.94,4.41,Damaged
2026-01-04 00:45:00,F0221,Organic,4.77,15.94,2.14,Needs Replacement
2026-01-04 00:50:00,F0267,Organic,83.9,15.78,6.21,Needs Replacement
2026-01-04 00:55:00,F0021,Organic,56.04,65.91,2.8,Healthy
2026-01-04 01:00:00,F0591,Biodegradable,35.11,50.78,5.24,Damaged
2026-01-04 01:05:00,F0364,Organic,64.91,20.47,6.46,Damaged
2026-01-04 01:10:00,F0081,Organic,51.04,56.48,4.13,Damaged
2026-01-04 01:15:00,F0172,Biodegradable,28.65,47.9,2.01,Needs Replacement
2026-01-04 01:20:00,F0929,Plastic,42.18,46.74,3.83,Healthy
2026-01-04 01:25:00,F0299,Biodegradable,16.2,23.69,3.22,Needs Replacement
2026-01-04 01:30:00,F0800,Organic,60.54,33.73,7.21,Damaged
2026-01-04 01:35:00,F0189,Plastic,58.69,67.93,3.9,Healthy
2026-01-04 01:40:00,F0718,Biodegradable,72.78,49.72,7.58,Healthy
2026-01-04 01:45:00,F0960,Organic,21.06,33.82,1.67,Damaged
2026-01-04 01:50:00,F0086,Plastic,5.38,56.26,4.67,Needs Replacement
2026-01-04 01:55:00,F0400,Organic,61.81,15.06,7.52,Healthy
2026-01-04 02:00:00,F0135,Biodegradable,24.74,27.05,5.39,Healthy
2026-01-04 02:05:00,F0334,Organic,2.86,49.81,7.02,Needs Replacement
2026-01-04 02:10:00,F0456,Plastic,97.5,42.44,2.91,Damaged
2026-01-04 02:15:00,F0767,Biodegradable,53.93,45.45,4.2,Damaged
2026-01-04 02:20:00,F0931,Organic,43.5,48.39,4.74,Needs Replacement
2026-01-04 02:25:00,F0375,Organic,53.97,58.28,4.09,Needs Replacement
2026-01-04 02:30:00,F0777,Plastic,15.57,10.63,4.66,Needs Replacement
2026-01-04 02:35:00,F0504,Organic,28.68,42.11,5.81,Needs Replacement
2026-01-04 02:40:00,F0237,Plastic,0.91,35.83,3.05,Damaged
2026-01-04 02:45:00,F0405,Plastic,37.36,34.7,4.92,Healthy
2026-01-04 02:50:00,F0226,Organic,71.49,48.76,6.8,Healthy
2026-01-04 02:55:00,F0932,Biodegradable,42.22,24.37,6.35,Damaged
2026-01-04 03:00:00,F0829,Organic,68.46,27.08,6.2,Needs Replacement
2026-01-04 03:05:00,F0114,Biodegradable,18.8,14.11,1.96,Needs Replacement
2026-01-04 03:10:00,F0193,Organic,61.77,26.33,5.36,Healthy
2026-01-04 03:15:00,F0996,Plastic,15.21,68.18,1.15,Needs Replacement
2026-01-04 03:20:00,F0239,Plastic,26.92,52.91,6.09,Healthy
2026-01-04 03:25:00,F0805,Organic,1.47,23.03,3.94,Needs Replacement
2026-01-04 03:30:00,F0864,Plastic,46.37,57.49,3.31,Healthy
2026-01-04 03:35:00,F0186,Plastic,26.65,33.55,4.8,Needs Replacement
2026-01-04 03:40:00,F0787,Biodegradable,81.73,59.7,1.85,Healthy
2026-01-04 03:45:00,F0035,Plastic,38.48,68.5,2.73,Needs Replacement
2026-01-04 03:50:00,F0214,Organic,73.53,15.64,5.66,Needs Replacement
2026-01-04 03:55:00,F0645,Biodegradable,68.14,28.73,3.26,Healthy
2026-01-04 04:00:00,F0493,Biodegradable,74.47,42.97,1.85,Needs Replacement
2026-01-04 04:05:00,F0224,Plastic,19.87,63.25,7.05,Healthy
2026-01-04 04:10:00,F0283,Biodegradable,63.29,29.47,2.17,Healthy
2026-01-04 04:15:00,F0596,Biodegradable,39.58,24.59,7.78,Needs Replacement
2026-01-04 04:20:00,F0255,Plastic,68.84,19.3,6.4,Needs Replacement
2026-01-04 04:25:00,F0778,Biodegradable,9.14,47.12,7.52,Healthy
2026-01-04 04:30:00,F0811,Plastic,5.98,48.67,5.91,Healthy
2026-01-04 04:35:00,F0661,Organic,48.78,29.0,4.91,Needs Replacement
2026-01-04 04:40:00,F0742,Plastic,73.32,11.28,3.64,Needs Replacement
2026-01-04 04:45:00,F0302,Biodegradable,89.87,39.12,4.06,Damaged
2026-01-04 04:50:00,F0332,Biodegradable,49.01,44.0,4.81,Needs Replacement
2026-01-04 04:55:00,F0568,Plastic,27.53,59.88,7.4,Healthy
2026-01-04 05:00:00,F0555,Organic,53.11,36.96,6.74,Needs Replacement
2026-01-04 05:05:00,F0190,Plastic,0.07,48.28,3.65,Damaged
2026-01-04 05:10:00,F0739,Plastic,85.68,56.56,2.67,Damaged
2026-01-04 05:15:00,F0700,Organic,96.72,59.14,2.33,Damaged
2026-01-04 05:20:00,F0330,Plastic,15.41,26.99,3.87,Healthy
2026-01-04 05:25:00,F0133,Plastic,52.32,14.0,6.85,Healthy
2026-01-04 05:30:00,F0585,Biodegradable,20.21,39.12,1.69,Needs Replacement
2026-01-04 05:35:00,F0263,Plastic,65.79,41.55,5.91,Needs Replacement
2026-01-04 05:40:00,F0944,Plastic,22.07,53.07,1.09,Damaged
2026-01-04 05:45:00,F0821,Biodegradable,49.14,63.39,1.56,Healthy
2026-01-04 05:50:00,F0842,Organic,36.09,54.61,7.23,Damaged
2026-01-04 05:55:00,F0752,Plastic,5.83,47.02,4.7,Needs Replacement
2026-01-04 06:00:00,F0104,Biodegradable,7.79,22.95,4.64,Healthy
2026-01-04 06:05:00,F0255,Biodegradable,53.17,21.37,4.68,Damaged
2026-01-04 06:10:00,F0765,Plastic,94.75,43.51,4.91,Damaged
2026-01-04 06:15:00,F0438,Plastic,57.66,50.47,5.92,Healthy
2026-01-04 06:20:00,F0674,Plastic,79.25,43.0,4.53,Damaged
2026-01-04 06:25:00,F0323,Biodegradable,99.84,36.58,3.47,Needs Replacement
2026-01-04 06:30:00,F0846,Biodegradable,84.49,34.74,5.43,Needs Replacement
2026-01-04 06:35:00,F0785,Biodegradable,60.84,43.79,2.5,Damaged
2026-01-04 06:40:00,F0407,Plastic,25.41,67.7,4.13,Damaged
2026-01-04 06:45:00,F0139,Organic,3.47,27.07,1.11,Healthy
2026-01-04 06:50:00,F0023,Biodegradable,30.03,23.31,6.99,Needs Replacement
2026-01-04 06:55:00,F0586,Plastic,91.91,40.68,4.99,Healthy
2026-01-04 07:00:00,F0376,Biodegradable,3.77,31.34,1.97,Healthy
2026-01-04 07:05:00,F0410,Biodegradable,23.3,58.66,1.64,Healthy
2026-01-04 07:10:00,F0178,Organic,73.43,53.41,6.55,Damaged
2026-01-04 07:15:00,F0658,Organic,70.28,59.17,1.67,Healthy
2026-01-04 07:20:00,F0058,Organic,73.08,44.58,1.55,Needs Replacement
2026-01-04 07:25:00,F0124,Plastic,87.98,36.06,7.51,Damaged
2026-01-04 07:30:00,F0797,Biodegradable,65.28,46.14,1.08,Needs Replacement
2026-01-04 07:35:00,F0579,Plastic,5.41,41.46,3.24,Needs Replacement
2026-01-04 07:40:00,F0750,Organic,50.24,23.25,1.35,Needs Replacement
2026-01-04 07:45:00,F0443,Organic,75.28,44.52,1.63,Needs Replacement
2026-01-04 07:50:00,F0764,Plastic,14.8,30.17,4.33,Damaged
2026-01-04 07:55:00,F0793,Biodegradable,39.92,15.1,4.51,Healthy
2026-01-04 08:00:00,F0405,Biodegradable,76.2,38.86,2.39,Damaged
2026-01-04 08:05:00,F0253,Plastic,19.61,46.96,6.15,Healthy
2026-01-04 08:10:00,F0590,Plastic,26.63,35.8,5.79,Healthy
2026-01-04 08:15:00,F0329,Organic,67.17,35.41,3.44,Damaged
2026-01-04 08:20:00,F0359,Biodegradable,65.54,56.18,2.18,Needs Replacement
2026-01-04 08:25:00,F0240,Plastic,62.32,36.43,7.47,Damaged
2026-01-04 08:30:00,F0116,Biodegradable,37.38,55.46,6.97,Healthy
2026-01-04 08:35:00,F0853,Organic,24.3,47.26,2.03,Healthy
2026-01-04 08:40:00,F0483,Plastic,34.33,58.26,3.14,Needs Replacement
2026-01-04 08:45:00,F0536,Organic,20.9,42.28,2.43,Damaged
2026-01-04 08:50:00,F0716,Biodegradable,48.3,53.8,1.99,Healthy
2026-01-04 08:55:00,F0262,Plastic,37.66,64.36,4.69,Healthy
2026-01-04 09:00:00,F0055,Organic,28.4,57.35,5.33,Damaged
2026-01-04 09:05:00,F0679,Biodegradable,94.52,14.0,5.62,Needs Replacement
2026-01-04 09:10:00,F0665,Organic,86.43,11.14,7.07,Healthy
2026-01-04 09:15:00,F0926,Organic,97.98,40.51,5.97,Needs Replacement
2026-01-04 09:20:00,F0513,Organic,86.68,41.89,2.3,Damaged
2026-01-04 09:25:00,F0543,Organic,92.63,11.29,2.73,Needs Replacement
2026-01-04 09:30:00,F0701,Organic,48.99,54.66,1.13,Needs Replacement
2026-01-04 09:35:00,F0514,Organic,62.52,24.17,7.85,Healthy
2026-01-04 09:40:00,F0835,Plastic,62.58,62.72,7.23,Damaged
2026-01-04 09:45:00,F0403,Biodegradable,94.91,23.53,3.39,Healthy
2026-01-04 09:50:00,F0628,Biodegradable,8.78,32.93,7.72,Damaged
2026-01-04 09:55:00,F0994,Organic,22.74,24.42,2.07,Damaged
2026-01-04 10:00:00,F0142,Biodegradable,32.93,42.53,2.45,Damaged
2026-01-04 10:05:00,F0706,Biodegradable,68.4,22.14,1.97,Damaged
2026-01-04 10:10:00,F0789,Plastic,90.96,35.8,7.36,Damaged
2026-01-04 10:15:00,F0571,Biodegradable,93.3,65.03,3.22,Damaged
2026-01-04 10:20:00,F0745,Plastic,11.84,29.06,7.16,Needs Replacement
2026-01-04 10:25:00,F0454,Biodegradable,88.01,34.84,3.88,Damaged
2026-01-04 10:30:00,F0110,Plastic,93.33,26.43,6.45,Healthy
2026-01-04 10:35:00,F0621,Biodegradable,2.62,69.16,5.32,Damaged
2026-01-04 10:40:00,F0368,Plastic,23.09,23.93,5.81,Damaged
2026-01-04 10:45:00,F0481,Biodegradable,77.98,18.05,6.92,Damaged
2026-01-04 10:50:00,F0141,Plastic,37.4,61.13,4.44,Healthy
2026-01-04 10:55:00,F0948,Organic,22.63,34.52,7.78,Needs Replacement
2026-01-04 11:00:00,F0210,Plastic,22.26,50.28,2.42,Healthy
2026-01-04 11:05:00,F0502,Biodegradable,92.71,69.14,7.07,Needs Replacement
2026-01-04 11:10:00,F0795,Plastic,86.68,63.26,3.99,Damaged
2026-01-04 11:15:00,F0627,Biodegradable,73.53,32.82,3.19,Damaged
2026-01-04 11:20:00,F0806,Plastic,59.38,41.51,7.13,Damaged
2026-01-04 11:25:00,F0899,Plastic,10.93,37.41,7.14,Damaged
2026-01-04 11:30:00,F0397,Biodegradable,53.79,69.03,1.27,Damaged
2026-01-04 11:35:00,F0906,Organic,96.26,21.39,4.08,Needs Replacement
2026-01-04 11:40:00,F0056,Biodegradable,46.13,35.35,5.29,Damaged
2026-01-04 11:45:00,F0093,Biodegradable,90.37,37.81,5.52,Damaged
2026-01-04 11:50:00,F0713,Biodegradable,11.32,56.72,7.56,Healthy
2026-01-04 11:55:00,F0465,Biodegradable,39.31,29.41,1.17,Damaged
2026-01-04 12:00:00,F0332,Biodegradable,89.58,62.95,1.63,Damaged
2026-01-04 12:05:00,F0127,Plastic,90.72,57.79,6.03,Healthy
2026-01-04 12:10:00,F0725,Organic,70.62,48.04,1.6,Damaged
2026-01-04 12:15:00,F0388,Biodegradable,79.11,40.7,7.65,Needs Replacement
2026-01-04 12:20:00,F0893,Biodegradable,4.39,20.25,3.35,Healthy
2026-01-04 12:25:00,F0053,Organic,16.21,18.68,6.38,Needs Replacement
2026-01-04 12:30:00,F0642,Plastic,30.95,56.12,4.12,Healthy
2026-01-04 12:35:00,F0784,Organic,89.85,67.63,1.02,Healthy
2026-01-04 12:40:00,F0006,Biodegradable,45.86,61.32,4.8,Needs Replacement
2026-01-04 12:45:00,F0420,Organic,23.79,45.33,4.33,Healthy
2026-01-04 12:50:00,F0285,Biodegradable,60.12,10.39,7.18,Damaged
2026-01-04 12:55:00,F0152,Plastic,55.75,59.52,1.34,Damaged
2026-01-04 13:00:00,F0592,Biodegradable,34.9,18.72,1.23,Needs Replacement
2026-01-04 13:05:00,F0183,Plastic,33.11,15.26,1.76,Damaged
2026-01-04 13:10:00,F0587,Biodegradable,28.44,49.66,5.9,Healthy
2026-01-04 13:15:00,F0037,Plastic,96.63,54.96,3.52,Needs Replacement
2026-01-04 13:20:00,F0777,Organic,32.28,63.85,6.74,Damaged
2026-01-04 13:25:00,F0881,Organic,6.49,38.25,1.85,Needs Replacement
2026-01-04 13:30:00,F0627,Plastic,52.71,41.48,5.87,Healthy
2026-01-04 13:35:00,F0090,Organic,57.14,68.76,4.7,Damaged
2026-01-04 13:40:00,F0295,Organic,68.87,66.03,7.9,Damaged
2026-01-04 13:45:00,F0639,Organic,84.78,25.58,5.03,Healthy
2026-01-04 13:50:00,F0510,Organic,61.43,39.78,6.1,Healthy
2026-01-04 13:55:00,F0199,Plastic,88.37,23.96,3.03,Healthy
2026-01-04 14:00:00,F0869,Plastic,2.4,47.53,1.83,Damaged
2026-01-04 14:05:00,F0574,Biodegradable,99.9,34.84,3.34,Healthy
2026-01-04 14:10:00,F0810,Plastic,1.13,22.07,2.97,Needs Replacement
2026-01-04 14:15:00,F0117,Biodegradable,30.03,43.0,6.37,Needs Replacement
2026-01-04 14:20:00,F0030,Plastic,34.14,53.46,5.31,Healthy
2026-01-04 14:25:00,F0939,Organic,33.05,30.28,5.71,Healthy
2026-01-04 14:30:00,F0914,Biodegradable,64.57,38.89,5.39,Needs Replacement
2026-01-04 14:35:00,F0058,Biodegradable,46.25,58.85,7.49,Needs Replacement
2026-01-04 14:40:00,F0020,Plastic,56.49,50.69,4.89,Damaged
2026-01-04 14:45:00,F0363,Plastic,68.55,57.97,7.22,Healthy
2026-01-04 14:50:00,F0642,Biodegradable,28.05,11.87,7.89,Healthy
2026-01-04 14:55:00,F0886,Organic,57.1,33.37,5.17,Damaged
2026-01-04 15:00:00,F0089,Organic,85.78,52.59,2.9,Healthy
2026-01-04 15:05:00,F0538,Organic,37.16,59.77,3.12,Healthy
2026-01-04 15:10:00,F0936,Plastic,11.22,57.1,6.44,Needs Replacement
2026-01-04 15:15:00,F0158,Plastic,50.6,57.94,7.33,Needs Replacement
2026-01-04 15:20:00,F0795,Organic,92.36,53.95,4.67,Healthy
2026-01-04 15:25:00,F0529,Biodegradable,76.95,15.9,7.88,Healthy
2026-01-04 15:30:00,F0886,Biodegradable,20.52,12.19,3.71,Healthy
2026-01-04 15:35:00,F0609,Plastic,0.41,65.94,5.81,Needs Replacement
2026-01-04 15:40:00,F0675,Biodegradable,46.69,12.77,4.64,Needs Replacement
2026-01-04 15:45:00,F0215,Organic,2.25,55.51,5.47,Healthy
2026-01-04 15:50:00,F0452,Biodegradable,19.25,26.6,3.23,Healthy
2026-01-04 15:55:00,F0982,Biodegradable,27.27,19.45,1.8,Damaged
2026-01-04 16:00:00,F0327,Organic,51.41,22.39,3.45,Healthy
2026-01-04 16:05:00,F0176,Plastic,94.33,58.24,5.02,Needs Replacement
2026-01-04 16:10:00,F0134,Plastic,61.33,30.32,4.11,Needs Replacement
2026-01-04 16:15:00,F0089,Organic,90.33,13.03,3.69,Needs Replacement
2026-01-04 16:20:00,F0857,Biodegradable,17.9,45.77,5.15,Damaged
2026-01-04 16:25:00,F0203,Biodegradable,44.58,31.34,3.33,Damaged
2026-01-04 16:30:00,F0783,Organic,80.93,14.71,7.46,Damaged
2026-01-04 16:35:00,F0480,Plastic,13.18,58.77,7.44,Needs Replacement
2026-01-04 16:40:00,F0482,Plastic,31.04,48.67,6.37,Healthy
2026-01-04 16:45:00,F0373,Organic,14.37,63.74,2.81,Healthy
2026-01-04 16:50:00,F0904,Organic,69.96,49.91,6.52,Needs Replacement
2026-01-04 16:55:00,F0491,Organic,48.75,13.92,1.79,Healthy
2026-01-04 17:00:00,F0521,Plastic,28.23,30.92,5.02,Needs Replacement
2026-01-04 17:05:00,F0666,Plastic,81.76,57.81,3.28,Needs Replacement
2026-01-04 17:10:00,F0636,Plastic,53.27,34.05,3.89,Damaged
2026-01-04 17:15:00,F0214,Biodegradable,15.9,38.94,1.46,Damaged
2026-01-04 17:20:00,F0351,Biodegradable,43.11,68.81,4.97,Damaged
2026-01-04 17:25:00,F0954,Biodegradable,23.62,49.76,1.55,Damaged
2026-01-04 17:30:00,F0334,Biodegradable,83.67,16.86,5.17,Healthy
2026-01-04 17:35:00,F0072,Biodegradable,82.2,20.57,7.69,Healthy
2026-01-04 17:40:00,F0336,Organic,68.55,45.78,6.74,Damaged
2026-01-04 17:45:00,F0909,Biodegradable,66.02,15.43,6.72,Damaged
2026-01-04 17:50:00,F0464,Biodegradable,80.98,55.42,5.63,Needs Replacement
2026-01-04 17:55:00,F0698,Organic,39.0,44.68,2.37,Needs Replacement
2026-01-04 18:00:00,F0966,Organic,57.03,64.79,3.13,Damaged
2026-01-04 18:05:00,F0009,Biodegradable,98.26,30.66,1.63,Damaged
2026-01-04 18:10:00,F0379,Biodegradable,40.42,17.65,3.06,Healthy
2026-01-04 18:15:00,F0113,Organic,0.08,43.6,7.85,Healthy
2026-01-04 18:20:00,F0326,Biodegradable,23.52,52.13,3.76,Needs Replacement
2026-01-04 18:25:00,F0178,Organic,40.6,36.11,2.48,Healthy
2026-01-04 18:30:00,F0861,Organic,18.82,33.08,7.47,Healthy
2026-01-04 18:35:00,F0012,Plastic,28.85,62.36,1.88,Damaged
2026-01-04 18:40:00,F0448,Plastic,1.57,53.28,4.41,Healthy
2026-01-04 18:45:00,F0916,Biodegradable,13.72,58.36,7.02,Damaged
2026-01-04 18:50:00,F0435,Biodegradable,93.03,47.39,4.18,Needs Replacement
2026-01-04 18:55:00,F0008,Biodegradable,38.47,23.54,3.97,Needs Replacement
2026-01-04 19:00:00,F0421,Biodegradable,84.68,24.2,4.51,Damaged
2026-01-04 19:05:00,F0722,Organic,36.7,68.69,4.98,Healthy
2026-01-04 19:10:00,F0748,Biodegradable,58.03,67.7,1.56,Damaged
2026-01-04 19:15:00,F0477,Biodegradable,98.36,69.02,6.45,Healthy
2026-01-04 19:20:00,F0646,Biodegradable,52.34,46.6,2.72,Damaged
2026-01-04 19:25:00,F0818,Biodegradable,96.04,14.68,5.44,Needs Replacement
2026-01-04 19:30:00,F0012,Organic,61.3,64.22,4.75,Needs Replacement
2026-01-04 19:35:00,F0432,Organic,51.27,38.15,6.14,Needs Replacement
2026-01-04 19:40:00,F0768,Organic,28.92,12.12,7.46,Damaged
2026-01-04 19:45:00,F0593,Plastic,78.5,25.63,5.41,Damaged
2026-01-04 19:50:00,F0640,Plastic,5.16,69.42,6.66,Needs Replacement
2026-01-04 19:55:00,F0803,Organic,48.48,17.61,1.54,Needs Replacement
2026-01-04 20:00:00,F0015,Biodegradable,13.25,26.86,7.01,Healthy
2026-01-04 20:05:00,F0675,Organic,60.38,64.61,6.17,Needs Replacement
2026-01-04 20:10:00,F0497,Plastic,80.78,25.68,5.91,Damaged
2026-01-04 20:15:00,F0149,Biodegradable,86.2,30.57,1.59,Healthy
2026-01-04 20:20:00,F0393,Plastic,83.76,55.17,3.89,Damaged
2026-01-04 20:25:00,F0752,Organic,44.02,48.25,2.48,Healthy
2026-01-04 20:30:00,F0172,Organic,64.23,55.33,1.81,Needs Replacement
2026-01-04 20:35:00,F0945,Biodegradable,47.62,38.58,7.64,Healthy
2026-01-04 20:40:00,F0149,Biodegradable,37.98,52.34,4.32,Needs Replacement
2026-01-04 20:45:00,F0695,Organic,1.19,65.63,4.14,Damaged
2026-01-04 20:50:00,F0653,Organic,68.29,12.46,7.42,Needs Replacement
2026-01-04 20:55:00,F0277,Organic,61.05,49.12,2.91,Healthy
2026-01-04 21:00:00,F0692,Biodegradable,25.53,45.05,4.23,Healthy
2026-01-04 21:05:00,F0346,Biodegradable,73.43,45.32,2.36,Damaged
2026-01-04 21:10:00,F0009,Plastic,99.32,28.8,1.07,Healthy
2026-01-04 21:15:00,F0360,Plastic,41.12,41.52,5.8,Damaged
2026-01-04 21:20:00,F0095,Plastic,28.33,21.58,1.17,Damaged
2026-01-04 21:25:00,F0654,Plastic,65.66,60.13,7.65,Damaged
2026-01-04 21:30:00,F0385,Biodegradable,95.78,15.18,5.23,Damaged
2026-01-04 21:35:00,F0713,Plastic,56.61,68.03,7.27,Needs Replacement
2026-01-04 21:40:00,F0465,Organic,29.46,49.63,1.53,Needs Replacement
2026-01-04 21:45:00,F0264,Plastic,69.22,50.05,6.39,Healthy
2026-01-04 21:50:00,F0062,Organic,27.73,13.74,3.72,Needs Replacement
2026-01-04 21:55:00,F0206,Biodegradable,17.79,14.16,7.86,Needs Replacement
2026-01-04 22:00:00,F0788,Organic,17.84,39.52,2.01,Healthy
2026-01-04 22:05:00,F0266,Plastic,61.4,16.37,4.09,Healthy
2026-01-04 22:10:00,F0457,Plastic,7.29,44.28,2.75,Needs Replacement
2026-01-04 22:15:00,F0681,Organic,14.89,48.42,7.53,Needs Replacement
2026-01-04 22:20:00,F0004,Biodegradable,15.16,29.79,3.74,Damaged
2026-01-04 22:25:00,F0865,Biodegradable,93.99,39.44,4.05,Healthy
2026-01-04 22:30:00,F0838,Organic,54.01,10.2,7.68,Healthy
2026-01-04 22:35:00,F0699,Organic,56.72,66.1,3.51,Needs Replacement
2026-01-04 22:40:00,F0375,Biodegradable,5.52,69.82,5.53,Needs Replacement
2026-01-04 22:45:00,F0664,Plastic,8.05,37.58,6.37,Healthy
2026-01-04 22:50:00,F0307,Biodegradable,55.45,68.05,5.63,Needs Replacement
2026-01-04 22:55:00,F0087,Biodegradable,89.65,47.84,3.51,Needs Replacement
2026-01-04 23:00:00,F0738,Biodegradable,73.53,18.4,2.35,Healthy
2026-01-04 23:05:00,F0316,Organic,48.92,13.78,4.78,Damaged
2026-01-04 23:10:00,F0017,Plastic,96.5,58.71,7.77,Needs Replacement
2026-01-04 23:15:00,F0122,Plastic,5.61,57.27,1.3,Damaged
2026-01-04 23:20:00,F0896,Biodegradable,66.73,37.5,5.75,Healthy
2026-01-04 23:25:00,F0754,Plastic,74.11,23.98,1.5,Needs Replacement
2026-01-04 23:30:00,F0047,Plastic,65.38,38.27,7.43,Damaged
2026-01-04 23:35:00,F0927,Organic,64.88,10.86,5.43,Healthy
2026-01-04 23:40:00,F0838,Plastic,45.62,20.24,5.14,Healthy
2026-01-04 23:45:00,F0824,Plastic,49.71,57.95,2.54,Needs Replacement
2026-01-04 23:50:00,F0412,Organic,33.73,60.15,6.17,Healthy
2026-01-04 23:55:00,F0857,Plastic,97.59,44.56,1.96,Healthy
2026-01-05 00:00:00,F0145,Organic,59.31,30.13,1.85,Healthy
2026-01-05 00:05:00,F0948,Biodegradable,69.63,43.2,4.07,Healthy
2026-01-05 00:10:00,F0386,Plastic,13.34,57.46,5.43,Healthy
2026-01-05 00:15:00,F0949,Plastic,87.96,14.84,1.05,Damaged
2026-01-05 00:20:00,F0827,Organic,65.18,63.21,3.91,Damaged
2026-01-05 00:25:00,F0462,Organic,12.69,18.59,2.9,Healthy
2026-01-05 00:30:00,F0185,Biodegradable,93.81,46.63,1.26,Needs Replacement
2026-01-05 00:35:00,F0309,Organic,61.2,15.28,6.79,Needs Replacement
2026-01-05 00:40:00,F0543,Plastic,0.46,24.14,1.82,Damaged
2026-01-05 00:45:00,F0225,Organic,36.19,55.67,4.78,Damaged
2026-01-05 00:50:00,F0816,Plastic,65.93,26.59,2.36,Damaged
2026-01-05 00:55:00,F0164,Biodegradable,84.38,64.69,4.48,Healthy
2026-01-05 01:00:00,F0258,Organic,5.4,31.85,2.47,Damaged
2026-01-05 01:05:00,F0759,Plastic,80.52,55.5,1.3,Damaged
2026-01-05 01:10:00,F0119,Plastic,17.59,57.13,4.4,Healthy
2026-01-05 01:15:00,F0204,Biodegradable,72.14,45.56,3.28,Damaged
2026-01-05 01:20:00,F0234,Plastic,89.84,23.8,1.77,Healthy
2026-01-05 01:25:00,F0226,Plastic,73.77,62.19,3.63,Needs Replacement
2026-01-05 01:30:00,F0222,Biodegradable,58.51,13.26,4.05,Needs Replacement
2026-01-05 01:35:00,F0199,Biodegradable,17.81,32.41,4.2,Needs Replacement
2026-01-05 01:40:00,F0709,Biodegradable,97.56,22.13,1.89,Healthy
2026-01-05 01:45:00,F0429,Plastic,28.06,16.67,4.26,Needs Replacement
2026-01-05 01:50:00,F0814,Biodegradable,21.99,27.71,2.1,Damaged
2026-01-05 01:55:00,F0236,Plastic,90.56,44.69,4.87,Needs Replacement
2026-01-05 02:00:00,F0606,Organic,85.7,39.35,7.97,Needs Replacement
2026-01-05 02:05:00,F0253,Plastic,27.92,53.8,6.15,Needs Replacement
2026-01-05 02:10:00,F0969,Plastic,43.42,23.34,7.49,Damaged
2026-01-05 02:15:00,F0482,Biodegradable,89.83,35.07,1.31,Damaged
2026-01-05 02:20:00,F0818,Biodegradable,3.36,41.87,4.35,Healthy
2026-01-05 02:25:00,F0013,Biodegradable,45.24,24.43,4.91,Damaged
2026-01-05 02:30:00,F0245,Biodegradable,40.66,23.08,3.51,Healthy
2026-01-05 02:35:00,F0471,Biodegradable,1.59,50.14,2.13,Damaged
2026-01-05 02:40:00,F0142,Biodegradable,58.37,68.59,4.25,Needs Replacement
2026-01-05 02:45:00,F0721,Biodegradable,18.49,62.29,5.39,Healthy
2026-01-05 02:50:00,F0341,Biodegradable,86.04,14.24,7.25,Healthy
2026-01-05 02:55:00,F0628,Biodegradable,29.66,55.17,5.89,Damaged
2026-01-05 03:00:00,F0902,Organic,79.45,57.26,1.57,Damaged
2026-01-05 03:05:00,F0373,Plastic,93.22,40.88,7.37,Healthy
2026-01-05 03:10:00,F0376,Plastic,38.3,37.92,1.29,Damaged
2026-01-05 03:15:00,F0210,Plastic,55.88,14.02,5.97,Needs Replacement
2026-01-05 03:20:00,F0962,Biodegradable,23.86,16.81,4.35,Damaged
2026-01-05 03:25:00,F0362,Organic,20.98,54.7,2.58,Damaged
2026-01-05 03:30:00,F0354,Organic,68.02,26.63,1.44,Needs Replacement
2026-01-05 03:35:00,F0545,Biodegradable,50.15,59.77,4.29,Damaged
2026-01-05 03:40:00,F0690,Biodegradable,89.95,37.12,3.58,Healthy
2026-01-05 03:45:00,F0401,Plastic,18.84,63.04,1.61,Needs Replacement
2026-01-05 03:50:00,F0115,Biodegradable,95.83,14.62,2.15,Healthy
2026-01-05 03:55:00,F0643,Plastic,49.63,62.5,4.64,Needs Replacement
2026-01-05 04:00:00,F0486,Organic,41.65,50.94,7.52,Needs Replacement
2026-01-05 04:05:00,F0065,Plastic,44.39,48.68,3.04,Healthy
2026-01-05 04:10:00,F0593,Organic,83.49,41.18,3.35,Damaged
2026-01-05 04:15:00,F0714,Biodegradable,64.61,29.58,5.15,Damaged
2026-01-05 04:20:00,F0809,Organic,44.53,28.24,1.92,Healthy
2026-01-05 04:25:00,F0296,Plastic,78.93,23.61,3.6,Healthy
2026-01-05 04:30:00,F0947,Plastic,35.31,37.36,2.16,Damaged
2026-01-05 04:35:00,F0726,Biodegradable,53.53,20.94,2.23,Damaged
2026-01-05 04:40:00,F0325,Biodegradable,79.45,19.68,1.82,Healthy
2026-01-05 04:45:00,F0725,Plastic,44.09,32.18,2.44,Damaged
2026-01-05 04:50:00,F0553,Plastic,31.69,30.63,3.61,Damaged
2026-01-05 04:55:00,F0512,Plastic,30.16,65.23,3.83,Needs Replacement
2026-01-05 05:00:00,F0560,Biodegradable,92.78,19.36,7.79,Needs Replacement
2026-01-05 05:05:00,F0993,Biodegradable,64.72,27.73,7.27,Damaged
2026-01-05 05:10:00,F0453,Organic,14.71,43.91,7.35,Damaged
2026-01-05 05:15:00,F0695,Biodegradable,11.23,38.74,1.28,Healthy
2026-01-05 05:20:00,F0457,Organic,30.81,34.1,6.89,Healthy
2026-01-05 05:25:00,F0540,Plastic,32.64,46.49,2.37,Needs Replacement
2026-01-05 05:30:00,F0694,Biodegradable,19.57,15.02,6.95,Healthy
2026-01-05 05:35:00,F0618,Biodegradable,97.58,33.67,4.43,Damaged
2026-01-05 05:40:00,F0152,Biodegradable,94.34,64.51,3.53,Needs Replacement
2026-01-05 05:45:00,F0360,Organic,36.96,32.37,2.99,Needs Replacement
2026-01-05 05:50:00,F0455,Biodegradable,87.43,15.26,6.09,Needs Replacement
2026-01-05 05:55:00,F0994,Organic,80.37,27.32,6.64,Damaged
2026-01-05 06:00:00,F0089,Plastic,89.64,18.37,5.11,Healthy
2026-01-05 06:05:00,F0344,Plastic,30.32,69.3,4.68,Damaged
2026-01-05 06:10:00,F0937,Organic,75.61,15.31,3.87,Needs Replacement
2026-01-05 06:15:00,F0937,Plastic,17.49,37.73,4.98,Healthy
2026-01-05 06:20:00,F0044,Organic,18.6,32.91,4.88,Damaged
2026-01-05 06:25:00,F0028,Plastic,30.39,43.56,4.24,Healthy
2026-01-05 06:30:00,F0484,Plastic,26.27,67.36,6.84,Damaged
2026-01-05 06:35:00,F0929,Biodegradable,66.59,27.26,2.26,Damaged
2026-01-05 06:40:00,F0994,Plastic,24.48,17.16,2.94,Damaged
2026-01-05 06:45:00,F0890,Organic,74.56,44.86,4.96,Damaged
2026-01-05 06:50:00,F0383,Biodegradable,68.59,68.46,6.73,Damaged
2026-01-05 06:55:00,F0060,Plastic,57.53,60.72,2.14,Needs Replacement
2026-01-05 07:00:00,F0055,Organic,46.1,51.6,3.5,Needs Replacement
2026-01-05 07:05:00,F0297,Organic,41.95,64.73,3.49,Damaged
2026-01-05 07:10:00,F0644,Plastic,63.89,14.61,2.36,Healthy
2026-01-05 07:15:00,F0324,Biodegradable,59.88,20.03,3.26,Needs Replacement
2026-01-05 07:20:00,F0548,Biodegradable,27.15,51.88,3.54,Needs Replacement
2026-01-05 07:25:00,F0382,Organic,82.33,10.77,4.63,Needs Replacement
2026-01-05 07:30:00,F0159,Biodegradable,34.03,64.65,1.72,Healthy
2026-01-05 07:35:00,F0707,Biodegradable,83.16,57.71,4.91,Damaged
2026-01-05 07:40:00,F0428,Organic,71.25,52.14,6.62,Healthy
2026-01-05 07:45:00,F0357,Organic,11.66,17.87,1.12,Damaged
2026-01-05 07:50:00,F0612,Biodegradable,36.26,59.02,7.23,Needs Replacement
2026-01-05 07:55:00,F0122,Plastic,17.22,28.28,6.21,Healthy
2026-01-05 08:00:00,F0129,Plastic,85.68,18.54,2.59,Healthy
2026-01-05 08:05:00,F0115,Plastic,98.11,35.49,6.34,Healthy
2026-01-05 08:10:00,F0111,Plastic,77.47,55.44,1.3,Damaged
2026-01-05 08:15:00,F0260,Plastic,51.35,13.56,1.83,Healthy
2026-01-05 08:20:00,F0127,Biodegradable,30.16,10.62,1.68,Healthy
2026-01-05 08:25:00,F0030,Plastic,58.76,22.0,5.69,Healthy
2026-01-05 08:30:00,F0357,Organic,84.59,66.51,7.64,Healthy
2026-01-05 08:35:00,F0518,Biodegradable,85.51,56.85,5.29,Healthy
2026-01-05 08:40:00,F0223,Biodegradable,9.91,44.69,1.1,Healthy
2026-01-05 08:45:00,F0005,Biodegradable,96.43,20.31,6.28,Healthy
2026-01-05 08:50:00,F0487,Organic,92.42,65.23,6.96,Damaged
2026-01-05 08:55:00,F0186,Organic,58.94,36.38,7.7,Needs Replacement
2026-01-05 09:00:00,F0780,Organic,42.41,40.86,3.85,Healthy
2026-01-05 09:05:00,F0370,Biodegradable,46.59,41.18,4.47,Needs Replacement
2026-01-05 09:10:00,F0119,Organic,55.71,12.44,3.3,Needs Replacement
2026-01-05 09:15:00,F0862,Organic,45.69,54.17,5.81,Healthy
2026-01-05 09:20:00,F0194,Plastic,55.39,27.44,6.99,Needs Replacement
2026-01-05 09:25:00,F0691,Organic,93.91,32.05,1.09,Damaged
2026-01-05 09:30:00,F0088,Plastic,10.52,36.28,5.61,Healthy
2026-01-05 09:35:00,F0760,Plastic,39.48,51.7,7.84,Healthy
2026-01-05 09:40:00,F0865,Organic,36.37,21.95,2.4,Healthy
2026-01-05 09:45:00,F0784,Biodegradable,23.29,35.48,4.49,Damaged
2026-01-05 09:50:00,F0966,Organic,59.36,55.38,6.61,Needs Replacement
2026-01-05 09:55:00,F0497,Biodegradable,47.58,46.19,3.83,Needs Replacement
2026-01-05 10:00:00,F0502,Organic,14.74,37.28,1.86,Healthy
2026-01-05 10:05:00,F0055,Plastic,62.84,18.08,1.7,Needs Replacement
2026-01-05 10:10:00,F0696,Organic,67.81,68.32,3.68,Healthy
2026-01-05 10:15:00,F0677,Biodegradable,30.28,47.39,6.32,Needs Replacement
2026-01-05 10:20:00,F0503,Biodegradable,79.27,22.12,5.63,Needs Replacement
2026-01-05 10:25:00,F0019,Plastic,54.24,58.57,4.78,Needs Replacement
2026-01-05 10:30:00,F0874,Organic,88.01,17.15,4.15,Needs Replacement
2026-01-05 10:35:00,F0882,Organic,45.97,11.97,4.9,Damaged
2026-01-05 10:40:00,F0399,Organic,16.41,35.84,3.19,Healthy
2026-01-05 10:45:00,F0553,Biodegradable,56.89,39.43,4.88,Needs Replacement
2026-01-05 10:50:00,F0401,Organic,47.59,61.26,4.55,Needs Replacement
2026-01-05 10:55:00,F0785,Organic,59.1,32.67,5.74,Needs Replacement
2026-01-05 11:00:00,F0376,Organic,6.14,45.43,1.9,Damaged
2026-01-05 11:05:00,F0390,Plastic,58.4,55.91,5.38,Needs Replacement
2026-01-05 11:10:00,F0678,Plastic,34.51,31.44,3.46,Healthy
2026-01-05 11:15:00,F0705,Plastic,23.46,28.73,1.59,Needs Replacement
2026-01-05 11:20:00,F0039,Organic,11.45,20.19,4.77,Damaged
2026-01-05 11:25:00,F0274,Plastic,86.34,44.08,7.31,Damaged
2026-01-05 11:30:00,F0585,Organic,46.97,11.33,3.22,Needs Replacement
2026-01-05 11:35:00,F0692,Plastic,57.25,58.5,1.7,Needs Replacement
2026-01-05 11:40:00,F0171,Biodegradable,49.67,58.69,5.67,Needs Replacement
2026-01-05 11:45:00,F0868,Plastic,36.33,36.16,4.48,Damaged
2026-01-05 11:50:00,F0588,Organic,21.41,25.91,3.08,Healthy
2026-01-05 11:55:00,F0593,Plastic,62.46,67.48,6.02,Damaged
2026-01-05 12:00:00,F0487,Organic,33.68,14.04,6.61,Healthy
2026-01-05 12:05:00,F0517,Organic,34.73,14.6,6.77,Needs Replacement
2026-01-05 12:10:00,F0258,Biodegradable,66.35,28.8,3.9,Damaged
2026-01-05 12:15:00,F0020,Biodegradable,45.32,55.81,2.26,Damaged
2026-01-05 12:20:00,F0677,Biodegradable,51.62,21.19,4.49,Needs Replacement
2026-01-05 12:25:00,F0874,Organic,26.79,48.28,6.66,Damaged
2026-01-05 12:30:00,F0474,Plastic,72.66,13.59,2.4,Healthy
2026-01-05 12:35:00,F0446,Organic,15.05,51.12,3.1,Needs Replacement
2026-01-05 12:40:00,F0867,Organic,86.02,64.67,5.44,Needs Replacement
2026-01-05 12:45:00,F0616,Plastic,82.37,48.76,2.8,Needs Replacement
2026-01-05 12:50:00,F0817,Organic,23.85,19.0,1.19,Needs Replacement
2026-01-05 12:55:00,F0928,Plastic,48.54,69.48,3.95,Healthy
2026-01-05 13:00:00,F0823,Organic,15.94,18.19,2.81,Damaged
2026-01-05 13:05:00,F0740,Organic,55.07,48.66,1.3,Healthy
2026-01-05 13:10:00,F0306,Plastic,5.53,63.79,3.2,Needs Replacement
2026-01-05 13:15:00,F0407,Biodegradable,89.68,50.3,7.2,Healthy
2026-01-05 13:20:00,F0124,Biodegradable,23.6,44.26,4.5,Damaged
2026-01-05 13:25:00,F0258,Organic,82.9,66.98,7.52,Healthy
2026-01-05 13:30:00,F0338,Biodegradable,23.81,17.34,6.65,Damaged
2026-01-05 13:35:00,F0434,Plastic,39.0,54.9,2.65,Healthy
2026-01-05 13:40:00,F0419,Organic,10.68,22.85,2.92,Damaged
2026-01-05 13:45:00,F0116,Organic,5.59,42.01,5.9,Damaged
2026-01-05 13:50:00,F0901,Plastic,42.38,50.96,7.74,Needs Replacement
2026-01-05 13:55:00,F0661,Biodegradable,47.52,32.06,3.16,Healthy
2026-01-05 14:00:00,F0708,Biodegradable,84.15,49.73,7.59,Healthy
2026-01-05 14:05:00,F0718,Organic,25.3,33.08,5.47,Damaged
2026-01-05 14:10:00,F0398,Plastic,12.21,62.02,7.0,Needs Replacement
2026-01-05 14:15:00,F0959,Plastic,92.75,65.08,3.11,Needs Replacement
2026-01-05 14:20:00,F0647,Organic,21.04,63.41,7.41,Damaged
2026-01-05 14:25:00,F0843,Organic,40.63,12.03,7.07,Needs Replacement
2026-01-05 14:30:00,F0433,Plastic,73.69,65.59,3.33,Healthy
2026-01-05 14:35:00,F0617,Biodegradable,69.85,40.38,3.46,Damaged
2026-01-05 14:40:00,F0054,Biodegradable,73.78,37.2,1.19,Damaged
2026-01-05 14:45:00,F0004,Organic,18.37,36.6,5.49,Healthy
2026-01-05 14:50:00,F0162,Plastic,62.83,28.82,1.58,Damaged
2026-01-05 14:55:00,F0134,Biodegradable,71.36,56.06,5.54,Damaged
2026-01-05 15:00:00,F0895,Biodegradable,41.03,66.37,4.16,Healthy
2026-01-05 15:05:00,F0819,Organic,26.07,51.25,6.79,Healthy
2026-01-05 15:10:00,F0387,Biodegradable,8.44,32.06,3.75,Healthy
2026-01-05 15:15:00,F0627,Biodegradable,2.07,11.38,4.91,Healthy
2026-01-05 15:20:00,F0719,Plastic,90.68,68.45,2.39,Healthy
2026-01-05 15:25:00,F0092,Organic,40.1,35.73,2.82,Healthy
2026-01-05 15:30:00,F0446,Organic,94.72,17.04,6.03,Damaged
2026-01-05 15:35:00,F0969,Organic,49.41,23.47,2.42,Needs Replacement
2026-01-05 15:40:00,F0212,Biodegradable,74.64,32.92,4.02,Healthy
2026-01-05 15:45:00,F0429,Plastic,99.52,26.98,5.74,Needs Replacement
2026-01-05 15:50:00,F0242,Biodegradable,79.25,11.73,7.83,Needs Replacement
2026-01-05 15:55:00,F0470,Plastic,90.73,32.18,5.79,Healthy
2026-01-05 16:00:00,F0408,Biodegradable,46.89,62.29,7.82,Healthy
2026-01-05 16:05:00,F0263,Plastic,71.33,52.51,6.15,Healthy
2026-01-05 16:10:00,F0483,Organic,55.7,13.13,7.52,Damaged
2026-01-05 16:15:00,F0767,Plastic,93.93,68.03,5.19,Healthy
2026-01-05 16:20:00,F0405,Biodegradable,25.37,47.18,3.12,Needs Replacement
2026-01-05 16:25:00,F0184,Organic,13.22,63.53,1.29,Healthy
2026-01-05 16:30:00,F0136,Plastic,50.37,65.82,7.15,Needs Replacement
2026-01-05 16:35:00,F0321,Plastic,71.03,35.98,2.82,Healthy
2026-01-05 16:40:00,F0370,Organic,49.92,68.4,2.97,Needs Replacement
2026-01-05 16:45:00,F0949,Organic,90.28,25.79,6.81,Damaged
2026-01-05 16:50:00,F0504,Plastic,31.3,63.56,3.21,Damaged
2026-01-05 16:55:00,F0055,Plastic,85.3,49.45,6.59,Healthy
2026-01-05 17:00:00,F0168,Biodegradable,5.46,20.99,4.29,Needs Replacement
2026-01-05 17:05:00,F0042,Organic,43.64,69.71,7.49,Needs Replacement
2026-01-05 17:10:00,F0116,Biodegradable,98.88,43.65,4.2,Healthy
2026-01-05 17:15:00,F0185,Plastic,12.37,15.61,7.08,Damaged
2026-01-05 17:20:00,F0600,Plastic,50.87,26.37,7.24,Damaged
2026-01-05 17:25:00,F0185,Organic,99.8,10.25,6.37,Healthy
2026-01-05 17:30:00,F0337,Plastic,24.62,39.89,1.66,Needs Replacement
2026-01-05 17:35:00,F0605,Plastic,68.13,50.84,3.76,Needs Replacement
2026-01-05 17:40:00,F0676,Organic,15.38,14.86,6.81,Needs Replacement
2026-01-05 17:45:00,F0338,Plastic,62.84,26.16,5.61,Damaged
2026-01-05 17:50:00,F0752,Biodegradable,62.24,37.19,7.63,Healthy
2026-01-05 17:55:00,F0331,Plastic,21.14,12.92,5.51,Damaged
2026-01-05 18:00:00,F0409,Organic,7.07,67.11,3.67,Healthy
2026-01-05 18:05:00,F0022,Plastic,24.01,56.25,3.79,Healthy
2026-01-05 18:10:00,F0978,Biodegradable,38.85,34.14,5.53,Healthy
2026-01-05 18:15:00,F0826,Organic,12.06,39.45,4.03,Damaged
2026-01-05 18:20:00,F0377,Biodegradable,60.35,31.54,1.67,Healthy
2026-01-05 18:25:00,F0577,Biodegradable,48.96,63.12,4.34,Needs Replacement
2026-01-05 18:30:00,F0191,Organic,9.02,35.35,3.58,Damaged
2026-01-05 18:35:00,F0475,Biodegradable,42.6,12.43,3.39,Healthy
2026-01-05 18:40:00,F0540,Biodegradable,64.76,52.82,7.51,Damaged
2026-01-05 18:45:00,F0929,Organic,52.47,27.44,4.06,Needs Replacement
2026-01-05 18:50:00,F0862,Plastic,14.86,17.67,7.32,Damaged
2026-01-05 18:55:00,F0940,Plastic,42.77,44.11,4.86,Damaged
2026-01-05 19:00:00,F0677,Biodegradable,10.76,35.49,1.66,Damaged
2026-01-05 19:05:00,F0788,Biodegradable,81.28,31.33,5.1,Healthy
2026-01-05 19:10:00,F0187,Organic,11.39,49.69,2.26,Healthy
2026-01-05 19:15:00,F0602,Biodegradable,8.33,62.61,3.08,Needs Replacement
2026-01-05 19:20:00,F0350,Plastic,75.74,37.0,6.65,Healthy
2026-01-05 19:25:00,F0893,Biodegradable,18.51,54.82,5.23,Healthy
2026-01-05 19:30:00,F0014,Plastic,43.38,11.07,3.76,Damaged
2026-01-05 19:35:00,F0989,Biodegradable,47.71,51.51,7.08,Damaged
2026-01-05 19:40:00,F0632,Organic,72.59,28.17,6.69,Damaged
2026-01-05 19:45:00,F0310,Plastic,67.38,51.42,3.76,Healthy
2026-01-05 19:50:00,F0713,Plastic,13.51,21.45,6.71,Healthy
2026-01-05 19:55:00,F0447,Biodegradable,20.92,48.92,5.55,Damaged
2026-01-05 20:00:00,F0486,Organic,19.09,28.06,4.24,Healthy
2026-01-05 20:05:00,F0456,Organic,11.65,64.14,6.17,Needs Replacement
2026-01-05 20:10:00,F0302,Biodegradable,1.96,36.97,2.7,Needs Replacement
2026-01-05 20:15:00,F0731,Organic,5.09,10.47,5.41,Needs Replacement
2026-01-05 20:20:00,F0568,Organic,84.86,54.22,5.17,Healthy
2026-01-05 20:25:00,F0627,Biodegradable,48.75,39.17,5.14,Needs Replacement
2026-01-05 20:30:00,F0591,Organic,23.19,13.64,1.13,Damaged
2026-01-05 20:35:00,F0485,Plastic,6.35,63.57,3.92,Needs Replacement
2026-01-05 20:40:00,F0447,Plastic,62.27,48.77,4.14,Healthy
2026-01-05 20:45:00,F0238,Biodegradable,28.8,21.53,3.41,Healthy
2026-01-05 20:50:00,F0874,Biodegradable,58.77,51.1,7.45,Damaged
2026-01-05 20:55:00,F0400,Organic,46.85,62.99,6.06,Damaged
2026-01-05 21:00:00,F0995,Plastic,65.25,31.62,4.31,Damaged
2026-01-05 21:05:00,F0495,Plastic,20.72,51.44,1.6,Healthy
2026-01-05 21:10:00,F0426,Organic,19.95,46.34,1.71,Needs Replacement
2026-01-05 21:15:00,F0368,Organic,23.47,43.41,7.99,Needs Replacement
2026-01-05 21:20:00,F0516,Plastic,67.69,20.48,7.02,Healthy
2026-01-05 21:25:00,F0576,Plastic,33.77,16.84,2.59,Needs Replacement
2026-01-05 21:30:00,F0048,Biodegradable,25.78,30.42,3.49,Needs Replacement
2026-01-05 21:35:00,F0619,Biodegradable,89.63,61.2,7.12,Healthy
2026-01-05 21:40:00,F0469,Plastic,70.64,65.6,4.06,Healthy
2026-01-05 21:45:00,F0105,Biodegradable,78.17,46.58,7.01,Healthy
2026-01-05 21:50:00,F0211,Organic,50.73,20.02,1.83,Healthy
2026-01-05 21:55:00,F0511,Biodegradable,72.83,52.49,6.33,Healthy
2026-01-05 22:00:00,F0126,Plastic,15.43,31.82,6.73,Needs Replacement
2026-01-05 22:05:00,F0855,Organic,96.96,56.15,1.05,Needs Replacement
2026-01-05 22:10:00,F0733,Organic,28.68,20.28,2.86,Needs Replacement
2026-01-05 22:15:00,F0543,Organic,62.94,24.73,6.27,Healthy
2026-01-05 22:20:00,F0920,Organic,13.8,35.73,7.43,Damaged
2026-01-05 22:25:00,F0150,Plastic,79.46,31.71,1.21,Damaged
2026-01-05 22:30:00,F0323,Organic,80.62,66.62,1.59,Healthy
2026-01-05 22:35:00,F0945,Biodegradable,43.41,33.6,1.26,Healthy
2026-01-05 22:40:00,F0731,Biodegradable,90.25,13.47,5.42,Damaged
2026-01-05 22:45:00,F0718,Biodegradable,97.27,35.16,7.2,Needs Replacement
2026-01-05 22:50:00,F0847,Organic,72.16,28.82,3.41,Damaged
2026-01-05 22:55:00,F0660,Plastic,61.04,18.81,3.83,Damaged
2026-01-05 23:00:00,F0354,Biodegradable,62.44,47.09,4.1,Needs Replacement
2026-01-05 23:05:00,F0551,Organic,77.54,62.86,1.59,Needs Replacement
2026-01-05 23:10:00,F0554,Organic,72.51,54.4,1.88,Healthy
2026-01-05 23:15:00,F0776,Biodegradable,9.28,43.11,4.65,Healthy
2026-01-05 23:20:00,F0265,Plastic,2.34,63.42,4.78,Needs Replacement
2026-01-05 23:25:00,F0062,Organic,72.65,69.22,1.77,Needs Replacement
2026-01-05 23:30:00,F0667,Plastic,62.7,31.27,1.33,Needs Replacement
2026-01-05 23:35:00,F0242,Biodegradable,29.8,54.21,4.17,Damaged
2026-01-05 23:40:00,F0547,Biodegradable,56.56,63.66,5.39,Healthy
2026-01-05 23:45:00,F0733,Biodegradable,35.03,27.07,6.49,Damaged
2026-01-05 23:50:00,F0108,Organic,14.0,32.66,6.16,Damaged
2026-01-05 23:55:00,F0101,Plastic,58.24,59.37,3.53,Damaged
2026-01-06 00:00:00,F0436,Plastic,42.57,34.72,1.65,Needs Replacement
2026-01-06 00:05:00,F0413,Biodegradable,21.48,14.68,5.74,Damaged
2026-01-06 00:10:00,F0511,Biodegradable,51.89,33.69,2.85,Needs Replacement
2026-01-06 00:15:00,F0750,Organic,99.65,51.34,7.63,Healthy
2026-01-06 00:20:00,F0133,Biodegradable,14.43,17.63,5.98,Damaged
2026-01-06 00:25:00,F0485,Plastic,86.33,17.08,2.49,Damaged
2026-01-06 00:30:00,F0122,Biodegradable,15.68,43.54,7.45,Needs Replacement
2026-01-06 00:35:00,F0536,Plastic,11.03,32.18,3.03,Healthy
2026-01-06 00:40:00,F0498,Plastic,37.15,69.46,3.12,Healthy
2026-01-06 00:45:00,F0916,Organic,14.21,45.38,1.34,Needs Replacement
2026-01-06 00:50:00,F0126,Biodegradable,21.56,59.15,4.42,Needs Replacement
2026-01-06 00:55:00,F0318,Biodegradable,6.76,12.68,4.37,Needs Replacement
2026-01-06 01:00:00,F0738,Biodegradable,90.03,56.88,4.33,Healthy
2026-01-06 01:05:00,F0461,Biodegradable,76.2,40.29,4.23,Needs Replacement
2026-01-06 01:10:00,F0640,Biodegradable,14.9,53.67,1.63,Damaged
2026-01-06 01:15:00,F0554,Plastic,40.96,23.97,3.77,Damaged
2026-01-06 01:20:00,F0887,Plastic,89.0,54.15,5.52,Damaged
2026-01-06 01:25:00,F0317,Biodegradable,2.48,47.81,6.4,Damaged
2026-01-06 01:30:00,F0634,Biodegradable,12.38,43.56,2.35,Damaged
2026-01-06 01:35:00,F0769,Organic,75.76,67.44,4.65,Damaged
2026-01-06 01:40:00,F0185,Plastic,89.69,17.22,7.55,Needs Replacement
2026-01-06 01:45:00,F0909,Biodegradable,78.68,24.72,5.94,Needs Replacement
2026-01-06 01:50:00,F0604,Plastic,8.46,42.01,3.24,Needs Replacement
2026-01-06 01:55:00,F0425,Plastic,86.2,11.4,4.06,Damaged
2026-01-06 02:00:00,F0102,Biodegradable,31.74,25.43,1.8,Healthy
2026-01-06 02:05:00,F0158,Organic,28.54,20.96,6.38,Needs Replacement
2026-01-06 02:10:00,F0186,Plastic,67.86,13.53,7.73,Damaged
2026-01-06 02:15:00,F0423,Organic,5.85,33.4,3.24,Needs Replacement
2026-01-06 02:20:00,F0208,Plastic,37.55,59.66,1.85,Damaged
2026-01-06 02:25:00,F0395,Plastic,58.6,39.58,6.27,Needs Replacement
2026-01-06 02:30:00,F0496,Plastic,6.06,37.89,3.85,Needs Replacement
2026-01-06 02:35:00,F0568,Biodegradable,63.35,64.82,1.13,Damaged
2026-01-06 02:40:00,F0129,Organic,10.15,55.78,5.56,Damaged
2026-01-06 02:45:00,F0209,Plastic,40.67,15.03,5.45,Needs Replacement
2026-01-06 02:50:00,F0976,Organic,54.04,20.09,2.72,Damaged
2026-01-06 02:55:00,F0850,Biodegradable,45.17,10.06,4.25,Needs Replacement
2026-01-06 03:00:00,F0944,Organic,65.31,20.04,1.42,Needs Replacement
2026-01-06 03:05:00,F0360,Biodegradable,59.79,60.37,3.66,Healthy
2026-01-06 03:10:00,F0757,Biodegradable,58.52,40.62,1.32,Damaged
2026-01-06 03:15:00,F0851,Plastic,6.99,15.38,5.89,Damaged
2026-01-06 03:20:00,F0626,Biodegradable,55.65,26.77,4.02,Needs Replacement
2026-01-06 03:25:00,F0771,Biodegradable,88.39,66.72,5.45,Needs Replacement
2026-01-06 03:30:00,F0216,Organic,27.3,49.74,3.25,Damaged
2026-01-06 03:35:00,F0945,Plastic,32.85,64.84,1.94,Damaged
2026-01-06 03:40:00,F0424,Biodegradable,47.65,64.09,5.71,Damaged
2026-01-06 03:45:00,F0807,Biodegradable,70.33,55.75,4.77,Damaged
2026-01-06 03:50:00,F0688,Organic,7.75,11.86,6.82,Damaged
2026-01-06 03:55:00,F0616,Organic,12.34,68.32,3.63,Needs Replacement
2026-01-06 04:00:00,F0009,Plastic,17.72,56.08,5.88,Needs Replacement
2026-01-06 04:05:00,F0761,Plastic,37.05,21.58,1.07,Needs Replacement
2026-01-06 04:10:00,F0836,Biodegradable,68.06,52.55,2.34,Damaged
2026-01-06 04:15:00,F0506,Organic,30.32,53.07,2.64,Healthy
2026-01-06 04:20:00,F0215,Plastic,28.08,64.27,5.95,Healthy
2026-01-06 04:25:00,F0285,Biodegradable,98.43,48.31,1.78,Damaged
2026-01-06 04:30:00,F0580,Biodegradable,49.4,43.11,5.62,Damaged
2026-01-06 04:35:00,F0764,Plastic,60.3,20.53,5.12,Healthy
2026-01-06 04:40:00,F0536,Biodegradable,25.96,44.19,2.6,Needs Replacement
2026-01-06 04:45:00,F0710,Biodegradable,19.19,50.68,7.94,Damaged
2026-01-06 04:50:00,F0003,Organic,61.45,50.84,7.18,Damaged
2026-01-06 04:55:00,F0331,Organic,67.31,49.0,6.98,Needs Replacement
2026-01-06 05:00:00,F0371,Biodegradable,27.4,50.81,4.27,Healthy
2026-01-06 05:05:00,F0431,Biodegradable,88.38,23.47,2.95,Needs Replacement
2026-01-06 05:10:00,F0902,Biodegradable,31.62,33.51,3.34,Healthy
2026-01-06 05:15:00,F0981,Plastic,99.03,23.54,5.83,Healthy
2026-01-06 05:20:00,F0641,Plastic,19.69,29.75,1.44,Healthy
2026-01-06 05:25:00,F0642,Organic,48.0,58.48,5.15,Needs Replacement
2026-01-06 05:30:00,F0853,Plastic,24.72,38.41,7.71,Needs Replacement
2026-01-06 05:35:00,F0615,Biodegradable,51.97,24.2,1.51,Needs Replacement
2026-01-06 05:40:00,F0088,Plastic,76.41,47.52,5.05,Healthy
2026-01-06 05:45:00,F0802,Plastic,37.74,63.41,5.85,Healthy
2026-01-06 05:50:00,F0642,Organic,91.91,36.52,3.11,Healthy
2026-01-06 05:55:00,F0871,Organic,10.18,13.35,1.37,Needs Replacement
2026-01-06 06:00:00,F0614,Biodegradable,9.58,55.12,2.63,Damaged
2026-01-06 06:05:00,F0902,Biodegradable,1.06,33.04,6.57,Damaged
2026-01-06 06:10:00,F0027,Organic,10.13,49.06,5.73,Damaged
2026-01-06 06:15:00,F0610,Biodegradable,32.82,21.55,1.72,Healthy
2026-01-06 06:20:00,F0130,Biodegradable,59.29,60.45,7.33,Damaged
2026-01-06 06:25:00,F0456,Plastic,25.63,35.26,6.07,Healthy
2026-01-06 06:30:00,F0599,Organic,13.77,12.64,1.89,Damaged
2026-01-06 06:35:00,F0907,Biodegradable,95.97,55.26,3.18,Healthy
2026-01-06 06:40:00,F0378,Plastic,14.74,28.52,3.4,Damaged
2026-01-06 06:45:00,F0520,Biodegradable,58.64,50.7,1.4,Healthy
2026-01-06 06:50:00,F0931,Plastic,42.21,21.72,2.4,Healthy
2026-01-06 06:55:00,F0479,Biodegradable,34.16,50.07,5.86,Damaged
2026-01-06 07:00:00,F0631,Organic,33.11,44.7,7.74,Needs Replacement
2026-01-06 07:05:00,F0933,Plastic,32.86,16.29,7.13,Needs Replacement
2026-01-06 07:10:00,F0236,Organic,21.94,10.22,2.56,Damaged
2026-01-06 07:15:00,F0835,Organic,21.31,38.84,6.38,Damaged
2026-01-06 07:20:00,F0007,Organic,37.59,34.02,6.78,Healthy
2026-01-06 07:25:00,F0298,Organic,7.37,11.8,1.81,Healthy
2026-01-06 07:30:00,F0999,Plastic,63.13,64.76,3.52,Healthy
2026-01-06 07:35:00,F0737,Plastic,19.78,20.45,7.2,Needs Replacement
2026-01-06 07:40:00,F0181,Organic,84.75,24.76,2.37,Healthy
2026-01-06 07:45:00,F0807,Plastic,2.1,50.65,3.65,Needs Replacement
2026-01-06 07:50:00,F0829,Organic,93.61,28.3,2.68,Damaged
2026-01-06 07:55:00,F0639,Organic,17.14,41.62,6.59,Damaged
2026-01-06 08:00:00,F0814,Plastic,6.54,18.67,7.47,Healthy
2026-01-06 08:05:00,F0440,Biodegradable,53.26,51.66,3.23,Healthy
2026-01-06 08:10:00,F0875,Biodegradable,92.1,55.78,5.11,Needs Replacement
2026-01-06 08:15:00,F0815,Organic,78.96,29.66,1.37,Healthy
2026-01-06 08:20:00,F0215,Biodegradable,85.15,68.1,7.2,Healthy
2026-01-06 08:25:00,F0172,Biodegradable,78.47,57.46,5.3,Needs Replacement
2026-01-06 08:30:00,F0511,Biodegradable,75.13,48.7,4.56,Needs Replacement
2026-01-06 08:35:00,F0495,Biodegradable,17.9,52.75,4.68,Needs Replacement
2026-01-06 08:40:00,F0810,Biodegradable,47.38,44.87,5.47,Damaged
2026-01-06 08:45:00,F0884,Plastic,3.66,23.17,2.42,Needs Replacement
2026-01-06 08:50:00,F0161,Organic,21.86,35.5,3.64,Needs Replacement
2026-01-06 08:55:00,F0456,Biodegradable,55.06,18.06,1.59,Needs Replacement
2026-01-06 09:00:00,F0345,Organic,23.02,12.47,4.59,Needs Replacement
2026-01-06 09:05:00,F0325,Organic,46.76,34.54,6.63,Needs Replacement
2026-01-06 09:10:00,F0078,Organic,2.47,36.5,2.86,Healthy
2026-01-06 09:15:00,F0081,Organic,29.45,40.11,4.83,Healthy
2026-01-06 09:20:00,F0206,Organic,9.84,14.28,1.27,Healthy
2026-01-06 09:25:00,F0787,Biodegradable,67.51,25.0,6.22,Needs Replacement
2026-01-06 09:30:00,F0876,Biodegradable,19.06,46.24,1.97,Damaged
2026-01-06 09:35:00,F0289,Organic,54.31,25.67,6.39,Needs Replacement
2026-01-06 09:40:00,F0013,Organic,94.58,59.31,6.3,Damaged
2026-01-06 09:45:00,F0408,Plastic,51.26,55.67,2.04,Healthy
2026-01-06 09:50:00,F0602,Biodegradable,72.33,22.59,2.64,Needs Replacement
2026-01-06 09:55:00,F0321,Plastic,72.25,37.68,6.54,Needs Replacement
2026-01-06 10:00:00,F0461,Biodegradable,77.01,51.88,2.47,Healthy
2026-01-06 10:05:00,F0966,Biodegradable,37.47,44.65,1.9,Healthy
2026-01-06 10:10:00,F0231,Organic,49.98,49.53,3.48,Needs Replacement
2026-01-06 10:15:00,F0551,Organic,68.58,34.2,6.45,Needs Replacement
2026-01-06 10:20:00,F0143,Plastic,58.7,44.05,1.23,Needs Replacement
2026-01-06 10:25:00,F0588,Organic,56.82,57.95,7.4,Needs Replacement
2026-01-06 10:30:00,F0193,Organic,20.42,33.44,4.74,Healthy
2026-01-06 10:35:00,F0312,Plastic,32.88,67.72,5.47,Healthy
2026-01-06 10:40:00,F0706,Biodegradable,10.43,43.17,1.22,Needs Replacement
2026-01-06 10:45:00,F0396,Organic,2.68,21.94,7.38,Healthy
2026-01-06 10:50:00,F0059,Organic,23.3,49.57,1.49,Damaged
2026-01-06 10:55:00,F0401,Plastic,1.1,29.61,7.37,Healthy
2026-01-06 11:00:00,F0399,Plastic,12.91,35.1,6.2,Healthy
2026-01-06 11:05:00,F0681,Organic,87.04,28.59,6.73,Healthy
2026-01-06 11:10:00,F0515,Biodegradable,60.37,66.35,5.11,Damaged
2026-01-06 11:15:00,F0457,Plastic,45.9,22.1,7.94,Needs Replacement
2026-01-06 11:20:00,F0583,Organic,60.48,24.81,3.3,Needs Replacement
2026-01-06 11:25:00,F0662,Organic,46.27,12.35,1.64,Needs Replacement
2026-01-06 11:30:00,F0628,Plastic,70.03,52.7,3.08,Needs Replacement
2026-01-06 11:35:00,F0469,Organic,24.91,64.0,6.13,Damaged
2026-01-06 11:40:00,F0969,Plastic,18.34,44.12,3.75,Healthy
2026-01-06 11:45:00,F0551,Organic,88.55,19.48,7.18,Damaged
2026-01-06 11:50:00,F0223,Organic,91.63,51.88,6.06,Needs Replacement
2026-01-06 11:55:00,F0079,Plastic,99.24,43.17,7.97,Damaged
2026-01-06 12:00:00,F0259,Plastic,76.65,29.56,4.16,Damaged
2026-01-06 12:05:00,F0692,Biodegradable,4.46,11.6,5.47,Needs Replacement
2026-01-06 12:10:00,F0407,Plastic,38.12,54.76,6.99,Healthy
2026-01-06 12:15:00,F0687,Biodegradable,25.06,52.55,1.96,Needs Replacement
2026-01-06 12:20:00,F0249,Biodegradable,48.48,14.09,4.84,Needs Replacement
2026-01-06 12:25:00,F0175,Plastic,14.03,59.23,6.89,Damaged
2026-01-06 12:30:00,F0401,Plastic,10.05,27.65,4.74,Healthy
2026-01-06 12:35:00,F0452,Organic,67.14,10.67,2.91,Healthy
2026-01-06 12:40:00,F0222,Organic,21.67,12.07,5.73,Damaged
2026-01-06 12:45:00,F0679,Biodegradable,4.78,48.09,4.66,Damaged
2026-01-06 12:50:00,F0054,Biodegradable,89.7,33.44,3.16,Healthy
2026-01-06 12:55:00,F0256,Organic,4.87,32.64,2.41,Healthy
2026-01-06 13:00:00,F0015,Organic,20.0,10.96,1.2,Healthy
2026-01-06 13:05:00,F0099,Biodegradable,68.0,13.79,7.71,Healthy
2026-01-06 13:10:00,F0836,Organic,72.4,12.64,4.59,Needs Replacement
2026-01-06 13:15:00,F0555,Organic,56.21,21.37,2.45,Needs Replacement
2026-01-06 13:20:00,F0178,Plastic,12.08,22.83,3.5,Needs Replacement
2026-01-06 13:25:00,F0226,Plastic,65.4,10.72,2.49,Damaged
2026-01-06 13:30:00,F0069,Plastic,81.51,49.0,3.58,Needs Replacement
2026-01-06 13:35:00,F0105,Biodegradable,30.15,45.93,7.88,Damaged
2026-01-06 13:40:00,F0258,Plastic,79.13,65.33,4.98,Damaged
2026-01-06 13:45:00,F0947,Biodegradable,32.44,47.85,3.72,Healthy
2026-01-06 13:50:00,F0326,Biodegradable,33.2,48.12,7.19,Needs Replacement
2026-01-06 13:55:00,F0460,Organic,6.75,11.06,7.38,Damaged
2026-01-06 14:00:00,F0014,Plastic,64.06,23.95,5.11,Healthy
2026-01-06 14:05:00,F0756,Organic,61.63,63.81,3.16,Healthy
2026-01-06 14:10:00,F0304,Plastic,61.98,13.6,3.62,Healthy
2026-01-06 14:15:00,F0743,Biodegradable,37.57,48.52,2.67,Needs Replacement
2026-01-06 14:20:00,F0660,Plastic,73.93,29.72,2.95,Damaged
2026-01-06 14:25:00,F0769,Plastic,79.18,34.89,6.69,Healthy
2026-01-06 14:30:00,F0553,Plastic,84.69,29.88,2.7,Damaged
2026-01-06 14:35:00,F0228,Biodegradable,98.84,58.09,5.87,Needs Replacement
2026-01-06 14:40:00,F0067,Organic,52.15,21.01,5.41,Healthy
2026-01-06 14:45:00,F0961,Plastic,95.37,13.13,7.94,Healthy
2026-01-06 14:50:00,F0955,Plastic,9.18,45.56,6.82,Healthy
2026-01-06 14:55:00,F0169,Biodegradable,50.74,35.57,4.27,Healthy
2026-01-06 15:00:00,F0293,Biodegradable,24.49,20.59,2.74,Needs Replacement
2026-01-06 15:05:00,F0493,Plastic,96.77,22.08,7.04,Needs Replacement
2026-01-06 15:10:00,F0518,Biodegradable,39.82,20.07,4.09,Damaged
2026-01-06 15:15:00,F0494,Plastic,43.34,19.35,7.68,Needs Replacement
2026-01-06 15:20:00,F0308,Biodegradable,42.74,14.99,7.35,Damaged
2026-01-06 15:25:00,F0475,Organic,15.28,53.6,2.8,Needs Replacement
2026-01-06 15:30:00,F0342,Plastic,28.32,43.73,4.37,Damaged
2026-01-06 15:35:00,F0014,Biodegradable,46.93,19.28,2.33,Damaged
2026-01-06 15:40:00,F0963,Organic,72.53,39.49,7.48,Damaged
2026-01-06 15:45:00,F0603,Plastic,37.31,39.37,5.49,Needs Replacement
2026-01-06 15:50:00,F0955,Biodegradable,88.5,69.55,1.87,Healthy
2026-01-06 15:55:00,F0936,Biodegradable,19.42,36.18,2.79,Needs Replacement
2026-01-06 16:00:00,F0714,Plastic,50.96,39.32,5.82,Damaged
2026-01-06 16:05:00,F0490,Plastic,38.53,35.44,2.73,Needs Replacement
2026-01-06 16:10:00,F0661,Plastic,63.1,50.59,5.88,Needs Replacement
2026-01-06 16:15:00,F0254,Biodegradable,60.54,66.66,2.03,Damaged
2026-01-06 16:20:00,F0790,Plastic,95.18,60.49,1.09,Damaged
2026-01-06 16:25:00,F0998,Plastic,71.16,33.06,5.94,Damaged
2026-01-06 16:30:00,F0438,Organic,90.99,62.56,2.16,Damaged
2026-01-06 16:35:00,F0392,Biodegradable,30.22,68.06,5.61,Needs Replacement
2026-01-06 16:40:00,F0891,Plastic,73.39,55.15,7.47,Healthy
2026-01-06 16:45:00,F0147,Organic,63.62,56.6,3.41,Damaged
2026-01-06 16:50:00,F0007,Plastic,20.95,54.9,5.89,Needs Replacement
2026-01-06 16:55:00,F0538,Organic,0.16,14.19,5.87,Damaged
2026-01-06 17:00:00,F0191,Biodegradable,28.83,35.86,2.23,Healthy
2026-01-06 17:05:00,F0462,Biodegradable,19.8,20.92,7.64,Healthy
2026-01-06 17:10:00,F0778,Plastic,18.56,13.54,2.28,Needs Replacement
2026-01-06 17:15:00,F0935,Biodegradable,98.29,62.3,4.09,Healthy
2026-01-06 17:20:00,F0387,Plastic,86.84,19.97,3.05,Needs Replacement
2026-01-06 17:25:00,F0497,Biodegradable,6.43,11.78,2.64,Healthy
2026-01-06 17:30:00,F0682,Biodegradable,0.95,25.96,7.69,Healthy
2026-01-06 17:35:00,F0618,Biodegradable,9.68,41.34,1.05,Needs Replacement
2026-01-06 17:40:00,F0440,Organic,93.21,38.39,3.36,Needs Replacement
2026-01-06 17:45:00,F0246,Organic,68.19,30.58,3.21,Damaged
2026-01-06 17:50:00,F0895,Organic,39.85,46.65,7.83,Healthy
2026-01-06 17:55:00,F0856,Plastic,0.31,62.23,3.81,Healthy
2026-01-06 18:00:00,F0717,Plastic,60.19,62.14,2.96,Needs Replacement
2026-01-06 18:05:00,F0528,Organic,45.19,51.17,7.09,Damaged
2026-01-06 18:10:00,F0833,Organic,18.79,69.17,7.7,Healthy
2026-01-06 18:15:00,F0754,Organic,63.38,62.41,7.79,Damaged
2026-01-06 18:20:00,F0628,Plastic,44.43,46.41,3.8,Needs Replacement
2026-01-06 18:25:00,F0675,Biodegradable,42.79,65.89,7.52,Healthy
2026-01-06 18:30:00,F0147,Biodegradable,73.43,27.63,2.37,Damaged
2026-01-06 18:35:00,F0510,Plastic,78.49,53.0,1.22,Needs Replacement
2026-01-06 18:40:00,F0479,Plastic,83.24,69.78,7.91,Needs Replacement
2026-01-06 18:45:00,F0250,Plastic,95.51,38.93,4.78,Healthy
2026-01-06 18:50:00,F0446,Biodegradable,75.33,49.58,1.63,Healthy
2026-01-06 18:55:00,F0785,Organic,16.02,65.74,7.32,Healthy
2026-01-06 19:00:00,F0687,Plastic,71.92,49.96,7.66,Damaged
2026-01-06 19:05:00,F0093,Biodegradable,13.58,42.07,6.08,Needs Replacement
2026-01-06 19:10:00,F0616,Plastic,87.19,65.91,6.36,Damaged
2026-01-06 19:15:00,F0743,Organic,34.32,64.61,6.2,Damaged
2026-01-06 19:20:00,F0828,Plastic,64.21,43.71,6.99,Healthy
2026-01-06 19:25:00,F0349,Biodegradable,25.91,27.46,1.78,Damaged
2026-01-06 19:30:00,F0377,Plastic,93.72,54.68,1.81,Needs Replacement
2026-01-06 19:35:00,F0064,Biodegradable,95.41,44.62,1.01,Damaged
2026-01-06 19:40:00,F0790,Organic,18.99,33.29,3.97,Damaged
2026-01-06 19:45:00,F0605,Plastic,93.39,17.58,5.65,Healthy
2026-01-06 19:50:00,F0149,Organic,39.53,42.3,4.22,Healthy
2026-01-06 19:55:00,F0150,Biodegradable,49.98,37.35,5.21,Damaged
2026-01-06 20:00:00,F0328,Organic,84.91,59.67,1.24,Damaged
2026-01-06 20:05:00,F0724,Biodegradable,99.03,17.41,7.98,Needs Replacement
2026-01-06 20:10:00,F0990,Organic,63.11,22.94,3.04,Healthy
2026-01-06 20:15:00,F0216,Biodegradable,98.11,29.99,6.8,Healthy
2026-01-06 20:20:00,F0184,Organic,70.04,13.15,7.06,Damaged
2026-01-06 20:25:00,F0869,Plastic,39.18,69.06,5.61,Healthy
2026-01-06 20:30:00,F0357,Organic,54.79,30.24,5.75,Needs Replacement
2026-01-06 20:35:00,F0946,Plastic,7.18,53.61,2.98,Damaged
2026-01-06 20:40:00,F0771,Biodegradable,85.63,33.63,1.92,Healthy
2026-01-06 20:45:00,F0168,Biodegradable,84.98,52.58,4.2,Healthy
2026-01-06 20:50:00,F0215,Plastic,44.19,38.95,7.28,Damaged
2026-01-06 20:55:00,F0877,Biodegradable,19.57,49.07,3.54,Healthy
2026-01-06 21:00:00,F0974,Organic,67.83,69.31,2.03,Damaged
2026-01-06 21:05:00,F0998,Organic,84.17,65.56,1.67,Healthy
2026-01-06 21:10:00,F0347,Biodegradable,94.51,17.04,4.61,Needs Replacement
2026-01-06 21:15:00,F0035,Plastic,96.97,47.62,3.83,Healthy
2026-01-06 21:20:00,F0177,Biodegradable,39.66,28.16,5.17,Damaged
2026-01-06 21:25:00,F0675,Plastic,37.54,51.51,6.57,Needs Replacement
2026-01-06 21:30:00,F0669,Organic,86.49,49.02,2.93,Needs Replacement
2026-01-06 21:35:00,F0657,Biodegradable,1.16,17.0,1.85,Damaged
2026-01-06 21:40:00,F0492,Organic,22.49,45.21,7.91,Damaged
2026-01-06 21:45:00,F0496,Biodegradable,74.54,57.66,2.27,Damaged
2026-01-06 21:50:00,F0066,Biodegradable,43.37,44.29,1.7,Damaged
2026-01-06 21:55:00,F0570,Biodegradable,18.49,58.77,1.14,Damaged
2026-01-06 22:00:00,F0731,Biodegradable,48.86,41.13,5.09,Healthy
2026-01-06 22:05:00,F0121,Plastic,75.35,22.45,5.61,Damaged
2026-01-06 22:10:00,F0322,Plastic,69.52,10.32,4.13,Healthy
2026-01-06 22:15:00,F0576,Organic,12.88,22.37,2.13,Healthy
2026-01-06 22:20:00,F0990,Biodegradable,8.46,17.48,3.09,Healthy
2026-01-06 22:25:00,F0308,Plastic,42.31,66.71,1.0,Damaged
2026-01-06 22:30:00,F0144,Biodegradable,90.46,27.6,4.74,Needs Replacement
2026-01-06 22:35:00,F0361,Biodegradable,69.51,41.36,7.9,Damaged
2026-01-06 22:40:00,F0046,Plastic,51.06,51.28,5.64,Healthy
2026-01-06 22:45:00,F0981,Plastic,18.81,27.98,6.83,Damaged
2026-01-06 22:50:00,F0747,Biodegradable,55.21,45.51,2.94,Needs Replacement
2026-01-06 22:55:00,F0926,Plastic,7.44,25.3,3.67,Needs Replacement
2026-01-06 23:00:00,F0963,Biodegradable,45.61,66.68,5.74,Healthy
2026-01-06 23:05:00,F0649,Biodegradable,53.59,14.23,6.13,Damaged
2026-01-06 23:10:00,F0841,Biodegradable,19.26,32.33,5.6,Damaged
2026-01-06 23:15:00,F0807,Organic,16.4,59.29,3.21,Needs Replacement
2026-01-06 23:20:00,F0128,Biodegradable,2.59,46.22,1.54,Healthy
2026-01-06 23:25:00,F0092,Organic,68.4,34.41,3.31,Needs Replacement
2026-01-06 23:30:00,F0281,Plastic,77.81,18.78,6.59,Healthy
2026-01-06 23:35:00,F0108,Plastic,37.72,68.13,3.65,Healthy
2026-01-06 23:40:00,F0827,Organic,52.65,62.53,5.12,Healthy
2026-01-06 23:45:00,F0565,Organic,52.9,52.03,7.06,Damaged
2026-01-06 23:50:00,F0770,Organic,9.91,12.88,3.23,Healthy
2026-01-06 23:55:00,F0545,Biodegradable,34.52,54.48,7.78,Damaged
2026-01-07 00:00:00,F0266,Plastic,88.2,34.16,5.15,Damaged
2026-01-07 00:05:00,F0388,Biodegradable,51.36,19.33,1.88,Damaged
2026-01-07 00:10:00,F0380,Biodegradable,26.74,65.11,5.47,Healthy
2026-01-07 00:15:00,F0450,Organic,67.82,35.09,4.2,Needs Replacement
2026-01-07 00:20:00,F0965,Biodegradable,50.22,26.55,3.99,Healthy
2026-01-07 00:25:00,F0417,Organic,30.52,61.48,7.63,Healthy
2026-01-07 00:30:00,F0096,Plastic,63.47,14.6,2.68,Damaged
2026-01-07 00:35:00,F0505,Plastic,5.74,54.6,4.88,Needs Replacement
2026-01-07 00:40:00,F0510,Biodegradable,67.7,65.95,1.95,Damaged
2026-01-07 00:45:00,F0416,Plastic,99.8,63.28,5.89,Damaged
2026-01-07 00:50:00,F0436,Biodegradable,19.02,59.88,1.05,Damaged
2026-01-07 00:55:00,F0974,Biodegradable,74.97,24.65,6.17,Damaged
2026-01-07 01:00:00,F0691,Biodegradable,60.92,46.44,7.75,Healthy
2026-01-07 01:05:00,F0362,Plastic,17.48,32.02,1.93,Needs Replacement
2026-01-07 01:10:00,F0347,Biodegradable,49.55,20.23,7.79,Healthy
2026-01-07 01:15:00,F0298,Organic,83.17,61.05,7.0,Needs Replacement
2026-01-07 01:20:00,F0583,Organic,29.35,22.78,6.17,Healthy
2026-01-07 01:25:00,F0528,Plastic,92.31,65.75,7.71,Needs Replacement
2026-01-07 01:30:00,F0007,Biodegradable,89.25,60.9,1.4,Needs Replacement
2026-01-07 01:35:00,F0912,Biodegradable,32.86,31.23,1.04,Healthy
2026-01-07 01:40:00,F0203,Plastic,40.21,10.53,4.02,Damaged
2026-01-07 01:45:00,F0500,Plastic,51.43,19.22,1.87,Healthy
2026-01-07 01:50:00,F0384,Organic,76.94,25.01,4.29,Needs Replacement
2026-01-07 01:55:00,F0112,Organic,42.83,20.93,6.68,Damaged
2026-01-07 02:00:00,F0445,Plastic,83.94,19.71,3.48,Needs Replacement
2026-01-07 02:05:00,F0292,Plastic,88.36,52.55,1.77,Healthy
2026-01-07 02:10:00,F0165,Biodegradable,39.45,54.64,7.31,Healthy
2026-01-07 02:15:00,F0122,Organic,94.84,67.58,7.88,Needs Replacement
2026-01-07 02:20:00,F0333,Organic,55.01,57.99,6.0,Damaged
2026-01-07 02:25:00,F0135,Plastic,72.6,54.51,6.78,Healthy
2026-01-07 02:30:00,F0014,Biodegradable,79.27,17.57,3.41,Healthy
2026-01-07 02:35:00,F0612,Biodegradable,5.2,59.79,4.01,Healthy
2026-01-07 02:40:00,F0780,Organic,43.43,27.37,4.4,Healthy
2026-01-07 02:45:00,F0288,Plastic,61.76,53.75,2.31,Needs Replacement
2026-01-07 02:50:00,F0204,Organic,99.43,24.84,6.74,Damaged
2026-01-07 02:55:00,F0626,Plastic,78.27,16.18,6.11,Healthy
2026-01-07 03:00:00,F0235,Plastic,99.26,45.47,5.44,Healthy
2026-01-07 03:05:00,F0150,Organic,40.13,26.43,2.35,Healthy
2026-01-07 03:10:00,F0418,Biodegradable,61.65,15.46,1.36,Needs Replacement
2026-01-07 03:15:00,F0437,Organic,70.02,68.81,2.55,Healthy
2026-01-07 03:20:00,F0276,Organic,50.99,48.63,3.13,Needs Replacement
2026-01-07 03:25:00,F0917,Plastic,94.3,52.7,2.73,Healthy
2026-01-07 03:30:00,F0218,Organic,4.09,13.13,6.21,Needs Replacement
2026-01-07 03:35:00,F0259,Organic,28.02,46.39,4.02,Needs Replacement
2026-01-07 03:40:00,F0700,Biodegradable,33.43,16.69,5.68,Healthy
2026-01-07 03:45:00,F0798,Biodegradable,33.12,54.48,3.53,Damaged
2026-01-07 03:50:00,F0599,Organic,60.47,24.3,2.93,Healthy
2026-01-07 03:55:00,F0124,Plastic,88.72,17.83,6.2,Damaged
2026-01-07 04:00:00,F0198,Biodegradable,96.83,63.04,6.72,Needs Replacement
2026-01-07 04:05:00,F0352,Organic,92.55,14.49,4.83,Damaged
2026-01-07 04:10:00,F0158,Plastic,47.42,55.66,4.73,Healthy
2026-01-07 04:15:00,F0899,Biodegradable,19.17,43.03,2.77,Needs Replacement
2026-01-07 04:20:00,F0933,Organic,89.49,36.91,6.02,Healthy
2026-01-07 04:25:00,F0810,Plastic,48.28,41.43,7.67,Healthy
2026-01-07 04:30:00,F0047,Biodegradable,59.92,51.8,1.9,Healthy
2026-01-07 04:35:00,F0408,Organic,79.44,51.63,6.19,Damaged
2026-01-07 04:40:00,F0449,Biodegradable,53.25,40.81,1.52,Needs Replacement
2026-01-07 04:45:00,F0212,Plastic,56.25,33.41,5.25,Healthy
2026-01-07 04:50:00,F0901,Biodegradable,16.0,23.07,5.88,Needs Replacement
2026-01-07 04:55:00,F0873,Plastic,50.38,53.23,2.81,Needs Replacement
2026-01-07 05:00:00,F0047,Biodegradable,70.83,43.13,2.2,Healthy
2026-01-07 05:05:00,F0285,Plastic,29.18,48.38,7.59,Needs Replacement
2026-01-07 05:10:00,F0844,Plastic,87.34,13.09,7.86,Damaged
2026-01-07 05:15:00,F0996,Organic,11.62,48.92,5.43,Needs Replacement
2026-01-07 05:20:00,F0740,Plastic,8.32,52.33,4.84,Needs Replacement
2026-01-07 05:25:00,F0641,Plastic,89.83,27.69,7.9,Needs Replacement
2026-01-07 05:30:00,F0995,Plastic,21.93,67.91,2.24,Damaged
2026-01-07 05:35:00,F0598,Plastic,65.73,62.08,7.57,Damaged
2026-01-07 05:40:00,F0891,Biodegradable,74.58,32.92,5.58,Damaged
2026-01-07 05:45:00,F0333,Organic,60.43,22.37,4.1,Healthy
2026-01-07 05:50:00,F0160,Organic,58.17,58.46,6.27,Healthy
2026-01-07 05:55:00,F0491,Plastic,72.98,36.03,2.04,Needs Replacement
2026-01-07 06:00:00,F0194,Biodegradable,18.15,21.1,7.04,Needs Replacement
2026-01-07 06:05:00,F0318,Plastic,94.34,20.82,2.97,Healthy
2026-01-07 06:10:00,F0147,Plastic,81.75,51.24,2.31,Needs Replacement
2026-01-07 06:15:00,F0103,Biodegradable,24.53,64.55,7.79,Damaged
2026-01-07 06:20:00,F0103,Organic,13.73,55.03,1.08,Needs Replacement
2026-01-07 06:25:00,F0660,Plastic,2.07,59.59,6.34,Healthy
2026-01-07 06:30:00,F0643,Biodegradable,24.83,15.02,2.0,Healthy
2026-01-07 06:35:00,F0556,Biodegradable,79.24,10.56,6.54,Needs Replacement
2026-01-07 06:40:00,F0778,Biodegradable,85.27,15.1,1.97,Needs Replacement
2026-01-07 06:45:00,F0250,Plastic,81.55,28.44,4.35,Damaged
2026-01-07 06:50:00,F0845,Plastic,69.2,47.65,1.86,Healthy
2026-01-07 06:55:00,F0426,Plastic,54.46,16.15,7.21,Healthy
2026-01-07 07:00:00,F0151,Organic,91.22,11.44,3.99,Damaged
2026-01-07 07:05:00,F0704,Biodegradable,28.68,65.3,5.79,Healthy
2026-01-07 07:10:00,F0980,Organic,49.18,69.45,2.57,Needs Replacement
2026-01-07 07:15:00,F0947,Plastic,7.63,30.02,3.52,Healthy
2026-01-07 07:20:00,F0615,Plastic,60.45,20.68,4.71,Damaged
2026-01-07 07:25:00,F0640,Organic,42.52,63.59,5.81,Needs Replacement
2026-01-07 07:30:00,F0378,Organic,87.54,26.27,4.49,Damaged
2026-01-07 07:35:00,F0153,Biodegradable,79.87,57.33,7.03,Healthy
2026-01-07 07:40:00,F0805,Organic,32.03,33.44,6.05,Healthy
2026-01-07 07:45:00,F0149,Plastic,11.32,35.65,6.09,Needs Replacement
2026-01-07 07:50:00,F0327,Organic,99.48,20.91,3.7,Needs Replacement
2026-01-07 07:55:00,F0652,Organic,48.13,68.37,5.21,Healthy
2026-01-07 08:00:00,F0429,Biodegradable,80.21,49.24,2.72,Needs Replacement
2026-01-07 08:05:00,F0236,Organic,53.87,39.56,4.75,Healthy
2026-01-07 08:10:00,F0711,Biodegradable,58.1,35.31,5.05,Healthy
2026-01-07 08:15:00,F0872,Plastic,70.31,24.11,1.02,Needs Replacement
2026-01-07 08:20:00,F0062,Organic,55.84,67.46,7.45,Needs Replacement
2026-01-07 08:25:00,F0302,Organic,84.88,62.01,6.73,Healthy
2026-01-07 08:30:00,F0432,Plastic,83.53,43.09,7.52,Healthy
2026-01-07 08:35:00,F0986,Biodegradable,82.78,13.35,1.96,Damaged
2026-01-07 08:40:00,F0435,Organic,14.31,53.98,5.87,Healthy
2026-01-07 08:45:00,F0858,Biodegradable,70.14,49.76,1.52,Healthy
2026-01-07 08:50:00,F0079,Plastic,3.02,31.91,1.55,Damaged
2026-01-07 08:55:00,F0482,Biodegradable,83.11,34.99,6.36,Healthy
2026-01-07 09:00:00,F0422,Biodegradable,74.81,51.91,3.1,Needs Replacement
2026-01-07 09:05:00,F0114,Plastic,44.4,48.69,1.09,Healthy
2026-01-07 09:10:00,F0516,Plastic,88.12,11.93,6.26,Healthy
2026-01-07 09:15:00,F0466,Biodegradable,39.64,35.42,7.64,Damaged
2026-01-07 09:20:00,F0727,Plastic,82.95,65.15,4.51,Needs Replacement
2026-01-07 09:25:00,F0387,Plastic,93.15,26.31,1.64,Damaged
2026-01-07 09:30:00,F0189,Biodegradable,21.19,47.14,2.53,Damaged
2026-01-07 09:35:00,F0489,Organic,60.51,14.63,5.85,Damaged
2026-01-07 09:40:00,F0823,Organic,64.19,59.64,2.15,Damaged
2026-01-07 09:45:00,F0372,Biodegradable,42.42,26.2,1.73,Needs Replacement
2026-01-07 09:50:00,F0067,Plastic,2.8,26.93,4.79,Damaged
2026-01-07 09:55:00,F0207,Biodegradable,1.1,64.58,2.31,Healthy
2026-01-07 10:00:00,F0046,Biodegradable,24.03,15.1,4.99,Needs Replacement
2026-01-07 10:05:00,F0009,Organic,4.57,28.87,7.6,Needs Replacement
2026-01-07 10:10:00,F0401,Biodegradable,95.87,40.01,3.2,Needs Replacement
2026-01-07 10:15:00,F0418,Biodegradable,97.39,52.16,1.68,Damaged
2026-01-07 10:20:00,F0602,Organic,10.1,58.45,2.05,Needs Replacement
2026-01-07 10:25:00,F0156,Biodegradable,58.64,61.12,3.03,Needs Replacement
2026-01-07 10:30:00,F0238,Plastic,7.88,47.56,7.67,Damaged
2026-01-07 10:35:00,F0987,Biodegradable,65.42,56.13,2.13,Damaged
2026-01-07 10:40:00,F0788,Organic,99.23,46.52,4.66,Needs Replacement
2026-01-07 10:45:00,F0877,Organic,78.54,30.34,3.52,Healthy
2026-01-07 10:50:00,F0214,Biodegradable,89.07,56.45,3.71,Damaged
2026-01-07 10:55:00,F0510,Plastic,7.5,19.14,5.39,Healthy
2026-01-07 11:00:00,F0993,Plastic,14.26,62.23,4.83,Needs Replacement
2026-01-07 11:05:00,F0166,Plastic,9.41,28.82,7.54,Needs Replacement
2026-01-07 11:10:00,F0728,Organic,57.65,31.2,1.5,Needs Replacement
2026-01-07 11:15:00,F0453,Biodegradable,98.61,68.71,6.34,Healthy
2026-01-07 11:20:00,F0373,Organic,93.98,68.3,4.42,Needs Replacement
2026-01-07 11:25:00,F0452,Organic,40.9,47.18,5.76,Damaged
2026-01-07 11:30:00,F0699,Organic,84.48,67.12,3.62,Damaged
2026-01-07 11:35:00,F0044,Biodegradable,45.01,62.64,7.94,Damaged
2026-01-07 11:40:00,F0575,Plastic,5.71,57.44,5.9,Healthy
2026-01-07 11:45:00,F0409,Plastic,85.31,27.44,2.11,Healthy
2026-01-07 11:50:00,F0478,Organic,38.82,37.74,1.65,Damaged
2026-01-07 11:55:00,F0185,Biodegradable,53.51,59.1,1.76,Healthy
2026-01-07 12:00:00,F0205,Organic,91.75,65.35,6.38,Needs Replacement
2026-01-07 12:05:00,F0218,Biodegradable,6.45,30.55,5.23,Damaged
2026-01-07 12:10:00,F0160,Organic,47.62,26.7,1.27,Healthy
2026-01-07 12:15:00,F0616,Organic,64.02,29.21,1.22,Healthy
2026-01-07 12:20:00,F0485,Plastic,93.65,31.69,4.01,Healthy
2026-01-07 12:25:00,F0434,Organic,21.15,11.38,6.31,Needs Replacement
2026-01-07 12:30:00,F0415,Plastic,63.57,15.02,1.48,Needs Replacement
2026-01-07 12:35:00,F0220,Biodegradable,87.38,37.09,3.94,Needs Replacement
2026-01-07 12:40:00,F0439,Organic,18.41,13.22,7.26,Needs Replacement
2026-01-07 12:45:00,F0487,Biodegradable,16.45,30.96,3.93,Damaged
2026-01-07 12:50:00,F0935,Biodegradable,78.39,67.94,4.06,Damaged
2026-01-07 12:55:00,F0612,Plastic,38.91,10.6,6.48,Healthy
2026-01-07 13:00:00,F0681,Biodegradable,72.27,44.71,2.01,Damaged
2026-01-07 13:05:00,F0919,Organic,82.52,53.99,1.1,Healthy
2026-01-07 13:10:00,F0691,Organic,49.94,28.98,6.54,Needs Replacement
2026-01-07 13:15:00,F0853,Plastic,52.07,10.22,4.15,Damaged
2026-01-07 13:20:00,F0224,Biodegradable,44.93,68.17,1.68,Healthy
2026-01-07 13:25:00,F0387,Plastic,42.02,42.77,2.16,Needs Replacement
2026-01-07 13:30:00,F0979,Plastic,20.98,21.47,5.76,Needs Replacement
2026-01-07 13:35:00,F0515,Plastic,81.38,10.97,7.28,Damaged
2026-01-07 13:40:00,F0361,Organic,49.91,69.94,3.9,Damaged
2026-01-07 13:45:00,F0949,Plastic,42.58,68.44,3.35,Needs Replacement
2026-01-07 13:50:00,F0556,Organic,42.84,20.61,5.16,Needs Replacement
2026-01-07 13:55:00,F0650,Organic,28.5,49.58,5.76,Damaged
2026-01-07 14:00:00,F0090,Plastic,62.04,65.51,7.0,Healthy
2026-01-07 14:05:00,F0509,Biodegradable,64.96,46.98,3.88,Damaged
2026-01-07 14:10:00,F0596,Plastic,92.72,15.98,4.11,Damaged
2026-01-07 14:15:00,F0466,Biodegradable,28.99,35.24,2.56,Needs Replacement
2026-01-07 14:20:00,F0360,Organic,11.45,61.38,7.65,Needs Replacement
2026-01-07 14:25:00,F0406,Plastic,90.8,48.69,6.49,Needs Replacement
2026-01-07 14:30:00,F0675,Organic,78.22,40.45,2.87,Needs Replacement
2026-01-07 14:35:00,F0248,Plastic,83.85,57.71,3.9,Needs Replacement
2026-01-07 14:40:00,F0861,Biodegradable,3.27,11.57,6.53,Damaged
2026-01-07 14:45:00,F0441,Plastic,59.99,30.11,7.71,Damaged
2026-01-07 14:50:00,F0849,Plastic,97.35,21.56,5.51,Damaged
2026-01-07 14:55:00,F0746,Plastic,42.91,66.36,3.73,Needs Replacement
2026-01-07 15:00:00,F0102,Biodegradable,90.42,41.04,4.06,Healthy
2026-01-07 15:05:00,F0864,Biodegradable,50.43,47.89,6.49,Needs Replacement
2026-01-07 15:10:00,F0096,Plastic,83.73,19.54,3.26,Healthy
2026-01-07 15:15:00,F0029,Biodegradable,43.74,47.73,5.15,Damaged
2026-01-07 15:20:00,F0026,Biodegradable,54.37,68.34,5.0,Damaged
2026-01-07 15:25:00,F0367,Plastic,13.05,37.22,5.42,Healthy
2026-01-07 15:30:00,F0861,Plastic,65.25,23.31,2.36,Damaged
2026-01-07 15:35:00,F0676,Plastic,78.0,57.16,6.39,Needs Replacement
2026-01-07 15:40:00,F0594,Plastic,8.3,18.63,1.16,Healthy
2026-01-07 15:45:00,F0290,Organic,45.91,45.75,1.75,Healthy
2026-01-07 15:50:00,F0859,Plastic,9.28,39.65,3.53,Needs Replacement
2026-01-07 15:55:00,F0499,Biodegradable,10.07,57.73,3.9,Healthy
2026-01-07 16:00:00,F0649,Organic,21.03,35.19,7.23,Healthy
2026-01-07 16:05:00,F0581,Biodegradable,17.98,10.61,2.25,Damaged
2026-01-07 16:10:00,F0356,Organic,85.48,17.03,3.4,Damaged
2026-01-07 16:15:00,F0261,Plastic,60.0,10.3,4.65,Healthy
2026-01-07 16:20:00,F0780,Plastic,60.61,42.16,4.63,Healthy
2026-01-07 16:25:00,F0336,Plastic,86.69,16.89,2.52,Healthy
2026-01-07 16:30:00,F0281,Organic,8.34,51.5,1.89,Healthy
2026-01-07 16:35:00,F0302,Organic,95.32,30.91,4.86,Damaged
2026-01-07 16:40:00,F0945,Plastic,80.9,36.16,7.62,Needs Replacement
2026-01-07 16:45:00,F0288,Organic,17.3,51.22,7.21,Healthy
2026-01-07 16:50:00,F0814,Plastic,58.36,55.99,3.18,Damaged
2026-01-07 16:55:00,F0766,Organic,48.78,62.97,3.97,Needs Replacement
2026-01-07 17:00:00,F0581,Organic,62.29,46.44,4.01,Needs Replacement
2026-01-07 17:05:00,F0911,Plastic,89.79,59.16,4.15,Damaged
2026-01-07 17:10:00,F0899,Biodegradable,25.31,34.59,5.23,Damaged
2026-01-07 17:15:00,F0331,Organic,35.23,11.8,2.26,Healthy
2026-01-07 17:20:00,F0381,Plastic,35.77,14.36,5.6,Needs Replacement
2026-01-07 17:25:00,F0337,Plastic,12.23,29.12,1.08,Needs Replacement
2026-01-07 17:30:00,F0068,Organic,56.75,29.29,2.63,Needs Replacement
2026-01-07 17:35:00,F0285,Biodegradable,60.18,41.64,1.72,Damaged
2026-01-07 17:40:00,F0588,Biodegradable,94.63,58.45,5.7,Needs Replacement
2026-01-07 17:45:00,F0203,Plastic,68.21,36.11,6.69,Healthy
2026-01-07 17:50:00,F0432,Plastic,80.27,39.92,7.93,Healthy
2026-01-07 17:55:00,F0243,Biodegradable,45.28,46.09,5.14,Healthy
2026-01-07 18:00:00,F0005,Organic,28.5,48.62,6.99,Needs Replacement
2026-01-07 18:05:00,F0547,Biodegradable,13.11,68.01,1.26,Healthy
2026-01-07 18:10:00,F0850,Organic,33.74,10.98,4.29,Damaged
2026-01-07 18:15:00,F0082,Biodegradable,30.1,29.03,3.42,Needs Replacement
2026-01-07 18:20:00,F0466,Organic,49.38,12.82,3.09,Damaged
2026-01-07 18:25:00,F0633,Plastic,96.72,17.28,3.62,Healthy
2026-01-07 18:30:00,F0331,Biodegradable,22.4,59.53,1.97,Damaged
2026-01-07 18:35:00,F0924,Organic,43.57,20.21,2.34,Damaged
2026-01-07 18:40:00,F0266,Plastic,98.96,66.05,7.08,Healthy
2026-01-07 18:45:00,F0705,Biodegradable,4.8,28.26,2.85,Needs Replacement
2026-01-07 18:50:00,F0472,Plastic,26.99,20.22,1.96,Healthy
2026-01-07 18:55:00,F0871,Organic,31.93,18.88,5.09,Damaged
2026-01-07 19:00:00,F0592,Organic,44.68,17.34,4.69,Damaged
2026-01-07 19:05:00,F0495,Plastic,49.01,26.83,6.41,Healthy
2026-01-07 19:10:00,F0572,Plastic,26.38,27.77,1.58,Damaged
2026-01-07 19:15:00,F0077,Organic,64.71,61.35,5.86,Healthy
2026-01-07 19:20:00,F0395,Plastic,21.25,50.23,4.28,Needs Replacement
2026-01-07 19:25:00,F0541,Biodegradable,10.45,22.52,5.13,Needs Replacement
2026-01-07 19:30:00,F0158,Biodegradable,76.05,28.71,4.18,Healthy
2026-01-07 19:35:00,F0999,Organic,91.41,23.13,3.55,Damaged
2026-01-07 19:40:00,F0285,Organic,51.35,56.8,2.32,Healthy
2026-01-07 19:45:00,F0105,Plastic,68.63,67.09,5.04,Needs Replacement
2026-01-07 19:50:00,F0916,Organic,87.62,54.7,2.68,Healthy
2026-01-07 19:55:00,F0361,Organic,26.68,38.57,4.72,Healthy
2026-01-07 20:00:00,F0155,Organic,92.69,15.04,4.02,Damaged
2026-01-07 20:05:00,F0379,Plastic,43.08,30.02,4.09,Healthy
2026-01-07 20:10:00,F0302,Plastic,64.86,53.92,3.96,Needs Replacement
2026-01-07 20:15:00,F0532,Organic,17.66,26.56,5.25,Healthy
2026-01-07 20:20:00,F0225,Plastic,68.12,48.78,7.71,Healthy
2026-01-07 20:25:00,F0545,Plastic,89.51,44.51,2.67,Needs Replacement
2026-01-07 20:30:00,F0402,Organic,22.65,47.21,6.01,Healthy
2026-01-07 20:35:00,F0508,Plastic,21.99,59.44,5.84,Healthy
2026-01-07 20:40:00,F0611,Organic,78.57,30.86,3.02,Damaged
2026-01-07 20:45:00,F0638,Organic,0.31,21.1,7.35,Damaged
2026-01-07 20:50:00,F0323,Biodegradable,30.53,64.4,2.67,Healthy
2026-01-07 20:55:00,F0986,Plastic,16.66,29.93,4.19,Damaged
2026-01-07 21:00:00,F0271,Plastic,47.46,30.04,2.24,Healthy
2026-01-07 21:05:00,F0993,Organic,67.92,61.19,5.16,Damaged
2026-01-07 21:10:00,F0047,Plastic,0.1,62.39,4.31,Damaged
2026-01-07 21:15:00,F0516,Plastic,68.0,27.44,2.6,Healthy
2026-01-07 21:20:00,F0344,Organic,77.53,16.0,6.63,Needs Replacement
2026-01-07 21:25:00,F0499,Organic,73.48,69.39,2.8,Needs Replacement
2026-01-07 21:30:00,F0342,Biodegradable,45.88,59.66,3.11,Damaged
2026-01-07 21:35:00,F0116,Organic,85.7,64.13,5.17,Damaged
2026-01-07 21:40:00,F0421,Plastic,51.93,48.39,2.04,Damaged
2026-01-07 21:45:00,F0592,Biodegradable,99.41,31.43,1.22,Damaged
2026-01-07 21:50:00,F0199,Organic,97.33,31.57,6.21,Damaged
2026-01-07 21:55:00,F0558,Organic,10.79,26.44,5.39,Damaged
2026-01-07 22:00:00,F0340,Organic,17.5,64.62,3.44,Damaged
2026-01-07 22:05:00,F0043,Biodegradable,41.73,69.64,3.17,Damaged
2026-01-07 22:10:00,F0815,Organic,70.18,60.05,1.86,Damaged
2026-01-07 22:15:00,F0993,Plastic,96.82,57.54,3.02,Needs Replacement
2026-01-07 22:20:00,F0536,Organic,92.72,18.83,5.77,Damaged
2026-01-07 22:25:00,F0067,Organic,55.81,19.76,4.41,Healthy
2026-01-07 22:30:00,F0127,Plastic,45.39,23.04,6.78,Needs Replacement
2026-01-07 22:35:00,F0001,Plastic,30.58,35.82,5.62,Needs Replacement
2026-01-07 22:40:00,F0515,Biodegradable,13.77,62.72,6.5,Damaged
2026-01-07 22:45:00,F0751,Plastic,15.5,15.16,2.89,Needs Replacement
2026-01-07 22:50:00,F0485,Organic,58.52,14.84,2.53,Healthy
2026-01-07 22:55:00,F0991,Plastic,81.17,48.22,3.96,Needs Replacement
2026-01-07 23:00:00,F0447,Biodegradable,92.02,45.82,2.21,Needs Replacement
2026-01-07 23:05:00,F0257,Plastic,80.44,18.35,6.37,Needs Replacement
2026-01-07 23:10:00,F0581,Biodegradable,55.43,28.06,1.6,Needs Replacement
2026-01-07 23:15:00,F0448,Plastic,54.58,32.56,7.13,Healthy
2026-01-07 23:20:00,F0702,Biodegradable,52.66,51.65,4.53,Needs Replacement
2026-01-07 23:25:00,F0421,Organic,46.84,35.66,3.94,Healthy
2026-01-07 23:30:00,F0091,Plastic,91.26,11.59,6.37,Damaged
2026-01-07 23:35:00,F0383,Plastic,90.68,57.2,5.06,Damaged
2026-01-07 23:40:00,F0774,Organic,54.33,43.93,3.05,Healthy
2026-01-07 23:45:00,F0896,Biodegradable,40.29,10.36,6.65,Needs Replacement
2026-01-07 23:50:00,F0666,Plastic,83.92,15.08,2.89,Needs Replacement
2026-01-07 23:55:00,F0708,Organic,59.43,59.32,4.96,Healthy
2026-01-08 00:00:00,F0735,Plastic,12.14,45.08,4.58,Damaged
2026-01-08 00:05:00,F0508,Plastic,20.51,18.65,6.18,Healthy
2026-01-08 00:10:00,F0644,Organic,89.51,48.38,2.08,Damaged
2026-01-08 00:15:00,F0705,Plastic,98.92,10.39,4.39,Healthy
2026-01-08 00:20:00,F0533,Plastic,6.71,19.18,7.16,Healthy
2026-01-08 00:25:00,F0455,Organic,20.43,38.42,6.83,Healthy
2026-01-08 00:30:00,F0189,Plastic,92.6,28.0,4.39,Damaged
2026-01-08 00:35:00,F0674,Biodegradable,26.03,46.77,4.07,Healthy
2026-01-08 00:40:00,F0839,Biodegradable,43.24,48.17,2.29,Damaged
2026-01-08 00:45:00,F0206,Organic,24.07,40.69,5.9,Needs Replacement
2026-01-08 00:50:00,F0505,Organic,29.0,50.05,7.71,Damaged
2026-01-08 00:55:00,F0476,Organic,27.52,33.15,6.6,Needs Replacement
2026-01-08 01:00:00,F0399,Plastic,14.82,27.01,1.84,Damaged
2026-01-08 01:05:00,F0635,Organic,30.28,48.71,7.25,Healthy
2026-01-08 01:10:00,F0904,Biodegradable,90.81,31.28,1.98,Needs Replacement
2026-01-08 01:15:00,F0877,Biodegradable,27.69,68.91,3.5,Healthy
2026-01-08 01:20:00,F0065,Plastic,34.88,52.37,3.73,Damaged
2026-01-08 01:25:00,F0471,Biodegradable,15.14,49.36,4.94,Healthy
2026-01-08 01:30:00,F0404,Plastic,27.83,55.76,3.12,Damaged
2026-01-08 01:35:00,F0185,Biodegradable,48.37,67.75,5.24,Damaged
2026-01-08 01:40:00,F0133,Biodegradable,92.74,56.52,4.68,Needs Replacement
2026-01-08 01:45:00,F0850,Organic,58.89,44.84,5.09,Healthy
2026-01-08 01:50:00,F0099,Biodegradable,4.49,61.12,2.11,Healthy
2026-01-08 01:55:00,F0238,Biodegradable,49.94,50.76,3.27,Healthy
2026-01-08 02:00:00,F0394,Organic,10.54,62.85,6.1,Healthy
2026-01-08 02:05:00,F0768,Plastic,6.19,25.03,1.26,Needs Replacement
2026-01-08 02:10:00,F0946,Plastic,76.34,46.39,6.88,Needs Replacement
2026-01-08 02:15:00,F0653,Biodegradable,10.77,36.97,1.93,Damaged
2026-01-08 02:20:00,F0293,Plastic,19.97,25.15,4.06,Healthy
2026-01-08 02:25:00,F0809,Plastic,74.22,36.04,4.7,Healthy
2026-01-08 02:30:00,F0209,Plastic,58.21,47.75,5.68,Healthy
2026-01-08 02:35:00,F0560,Plastic,89.33,31.57,3.86,Needs Replacement
2026-01-08 02:40:00,F0658,Biodegradable,18.53,53.8,7.38,Needs Replacement
2026-01-08 02:45:00,F0513,Organic,19.01,22.45,6.79,Needs Replacement
2026-01-08 02:50:00,F0069,Organic,61.85,43.52,1.97,Needs Replacement
2026-01-08 02:55:00,F0131,Biodegradable,62.55,62.44,4.98,Needs Replacement
2026-01-08 03:00:00,F0554,Organic,10.09,39.92,1.36,Healthy
2026-01-08 03:05:00,F0258,Organic,22.4,66.44,7.46,Damaged
2026-01-08 03:10:00,F0295,Plastic,35.79,62.35,2.11,Damaged
2026-01-08 03:15:00,F0513,Organic,57.54,61.19,7.52,Needs Replacement
2026-01-08 03:20:00,F0597,Organic,61.86,42.76,7.24,Needs Replacement
2026-01-08 03:25:00,F0206,Organic,65.32,11.94,3.95,Healthy
2026-01-08 03:30:00,F0947,Biodegradable,13.93,42.83,6.14,Healthy
2026-01-08 03:35:00,F0927,Biodegradable,23.56,14.37,7.64,Damaged
2026-01-08 03:40:00,F0073,Organic,83.5,58.45,3.42,Damaged
2026-01-08 03:45:00,F0491,Plastic,73.93,65.76,7.21,Needs Replacement
2026-01-08 03:50:00,F0231,Biodegradable,72.33,16.24,4.48,Needs Replacement
2026-01-08 03:55:00,F0995,Plastic,43.15,28.21,6.95,Healthy
2026-01-08 04:00:00,F0201,Biodegradable,93.12,11.58,6.47,Damaged
2026-01-08 04:05:00,F0566,Organic,86.03,50.92,6.17,Healthy
2026-01-08 04:10:00,F0719,Organic,38.71,32.63,1.88,Damaged
2026-01-08 04:15:00,F0926,Organic,13.78,36.28,7.28,Needs Replacement
2026-01-08 04:20:00,F0238,Plastic,19.36,36.19,1.41,Damaged
2026-01-08 04:25:00,F0828,Biodegradable,1.0,34.78,6.27,Damaged
2026-01-08 04:30:00,F0256,Plastic,4.58,58.11,7.11,Healthy
2026-01-08 04:35:00,F0322,Organic,5.67,36.31,2.98,Damaged
2026-01-08 04:40:00,F0621,Organic,65.52,24.65,3.05,Needs Replacement
2026-01-08 04:45:00,F0961,Biodegradable,65.76,49.4,1.53,Healthy
2026-01-08 04:50:00,F0938,Plastic,49.49,54.11,3.5,Needs Replacement
2026-01-08 04:55:00,F0300,Biodegradable,71.31,66.49,6.46,Healthy
2026-01-08 05:00:00,F0516,Plastic,52.68,26.05,5.88,Healthy
2026-01-08 05:05:00,F0498,Organic,34.66,34.65,7.65,Healthy
2026-01-08 05:10:00,F0237,Organic,20.36,18.23,7.83,Damaged
2026-01-08 05:15:00,F0807,Plastic,55.3,17.36,6.07,Healthy
2026-01-08 05:20:00,F0465,Plastic,97.79,51.9,5.55,Healthy
2026-01-08 05:25:00,F0394,Organic,49.89,12.03,2.95,Healthy
2026-01-08 05:30:00,F0020,Organic,5.97,61.27,3.69,Needs Replacement
2026-01-08 05:35:00,F0676,Organic,44.4,23.47,3.66,Damaged
2026-01-08 05:40:00,F0357,Plastic,5.23,28.31,4.79,Damaged
2026-01-08 05:45:00,F0269,Biodegradable,75.45,30.17,6.8,Healthy
2026-01-08 05:50:00,F0445,Organic,75.73,30.46,6.8,Damaged
2026-01-08 05:55:00,F0567,Organic,92.86,55.14,6.65,Damaged
2026-01-08 06:00:00,F0548,Organic,93.25,27.25,7.94,Needs Replacement
2026-01-08 06:05:00,F0167,Organic,57.26,44.1,4.63,Needs Replacement
2026-01-08 06:10:00,F0016,Organic,74.56,65.48,1.92,Damaged
2026-01-08 06:15:00,F0556,Organic,95.1,15.13,2.75,Needs Replacement
2026-01-08 06:20:00,F0276,Biodegradable,57.11,12.32,2.92,Needs Replacement
2026-01-08 06:25:00,F0128,Organic,78.24,58.62,5.26,Damaged
2026-01-08 06:30:00,F0455,Organic,66.08,60.16,6.93,Healthy
2026-01-08 06:35:00,F0492,Biodegradable,43.99,37.99,7.76,Damaged
2026-01-08 06:40:00,F0284,Biodegradable,21.78,13.52,7.57,Damaged
2026-01-08 06:45:00,F0785,Organic,31.4,13.84,2.26,Needs Replacement
2026-01-08 06:50:00,F0151,Biodegradable,86.91,17.63,5.41,Damaged
2026-01-08 06:55:00,F0701,Biodegradable,4.96,16.87,1.27,Needs Replacement
2026-01-08 07:00:00,F0063,Biodegradable,57.99,12.52,6.02,Needs Replacement
2026-01-08 07:05:00,F0870,Organic,97.53,10.97,6.91,Damaged
2026-01-08 07:10:00,F0080,Biodegradable,71.83,46.03,3.45,Needs Replacement
2026-01-08 07:15:00,F0585,Organic,11.32,14.65,2.43,Damaged
2026-01-08 07:20:00,F0147,Plastic,41.6,48.51,7.13,Needs Replacement
2026-01-08 07:25:00,F0919,Biodegradable,60.7,31.62,7.83,Needs Replacement
2026-01-08 07:30:00,F0165,Organic,47.07,68.41,5.35,Healthy
2026-01-08 07:35:00,F0109,Biodegradable,29.09,19.0,5.14,Healthy
2026-01-08 07:40:00,F0521,Biodegradable,80.8,40.65,6.47,Damaged
2026-01-08 07:45:00,F0034,Biodegradable,34.41,22.89,6.82,Damaged
2026-01-08 07:50:00,F0979,Plastic,15.01,55.76,5.54,Healthy
2026-01-08 07:55:00,F0752,Organic,56.54,69.87,5.41,Damaged
2026-01-08 08:00:00,F0053,Biodegradable,73.3,60.86,4.69,Needs Replacement
2026-01-08 08:05:00,F0200,Biodegradable,65.92,41.22,3.22,Needs Replacement
2026-01-08 08:10:00,F0371,Plastic,91.11,29.72,6.59,Needs Replacement
2026-01-08 08:15:00,F0456,Biodegradable,31.48,68.34,5.85,Needs Replacement
2026-01-08 08:20:00,F0937,Organic,36.19,31.12,4.54,Damaged
2026-01-08 08:25:00,F0236,Biodegradable,48.42,23.82,6.5,Healthy
2026-01-08 08:30:00,F0691,Biodegradable,92.57,24.7,7.36,Damaged
2026-01-08 08:35:00,F0322,Plastic,13.81,25.62,3.01,Healthy
2026-01-08 08:40:00,F0507,Biodegradable,40.85,40.3,2.04,Healthy
2026-01-08 08:45:00,F0124,Organic,89.99,62.58,1.11,Needs Replacement
2026-01-08 08:50:00,F0104,Plastic,76.55,52.68,4.29,Healthy
2026-01-08 08:55:00,F0075,Plastic,83.39,11.44,2.17,Damaged
2026-01-08 09:00:00,F0363,Plastic,86.69,65.12,7.33,Needs Replacement
2026-01-08 09:05:00,F0345,Organic,69.69,24.49,3.05,Damaged
2026-01-08 09:10:00,F0076,Biodegradable,60.88,16.47,6.06,Needs Replacement
2026-01-08 09:15:00,F0759,Organic,94.99,64.64,5.42,Needs Replacement
2026-01-08 09:20:00,F0742,Biodegradable,75.77,52.01,6.13,Damaged
2026-01-08 09:25:00,F0379,Biodegradable,8.38,63.74,5.15,Damaged
2026-01-08 09:30:00,F0740,Biodegradable,45.35,29.23,2.24,Needs Replacement
2026-01-08 09:35:00,F0350,Plastic,94.48,15.81,3.08,Damaged
2026-01-08 09:40:00,F0951,Organic,51.77,41.51,4.56,Needs Replacement
2026-01-08 09:45:00,F0147,Plastic,32.28,29.11,2.25,Damaged
2026-01-08 09:50:00,F0285,Biodegradable,88.24,53.86,4.01,Damaged
2026-01-08 09:55:00,F0295,Organic,31.44,30.84,2.16,Needs Replacement
2026-01-08 10:00:00,F0940,Organic,43.89,63.12,3.02,Damaged
2026-01-08 10:05:00,F0145,Plastic,75.35,65.47,5.67,Healthy
2026-01-08 10:10:00,F0613,Plastic,55.22,40.52,2.18,Damaged
2026-01-08 10:15:00,F0843,Plastic,53.79,21.71,4.42,Needs Replacement
2026-01-08 10:20:00,F0750,Organic,20.31,66.51,5.0,Damaged
2026-01-08 10:25:00,F0734,Biodegradable,12.62,37.23,7.43,Healthy
2026-01-08 10:30:00,F0886,Plastic,44.44,35.94,2.84,Needs Replacement
2026-01-08 10:35:00,F0081,Biodegradable,73.16,16.99,3.48,Healthy
2026-01-08 10:40:00,F0283,Organic,72.74,29.63,4.55,Damaged
2026-01-08 10:45:00,F0705,Organic,73.55,50.32,1.52,Healthy
2026-01-08 10:50:00,F0326,Plastic,43.34,65.94,6.56,Damaged
2026-01-08 10:55:00,F0650,Biodegradable,66.11,62.65,1.25,Healthy
2026-01-08 11:00:00,F0226,Biodegradable,24.59,45.18,7.1,Healthy
2026-01-08 11:05:00,F0752,Organic,26.53,19.09,6.7,Needs Replacement
2026-01-08 11:10:00,F0529,Biodegradable,13.18,48.09,1.62,Damaged
2026-01-08 11:15:00,F0626,Plastic,21.42,36.06,4.43,Damaged
2026-01-08 11:20:00,F0390,Biodegradable,17.81,35.09,2.84,Damaged
2026-01-08 11:25:00,F0978,Plastic,23.47,30.92,4.71,Needs Replacement
2026-01-08 11:30:00,F0502,Biodegradable,84.07,62.5,5.68,Needs Replacement
2026-01-08 11:35:00,F0225,Plastic,59.78,42.6,3.07,Needs Replacement
2026-01-08 11:40:00,F0436,Plastic,41.96,36.83,2.73,Healthy
2026-01-08 11:45:00,F0714,Organic,46.47,29.13,1.79,Damaged
2026-01-08 11:50:00,F0885,Organic,12.81,62.93,6.88,Damaged
2026-01-08 11:55:00,F0520,Plastic,41.2,24.09,3.04,Needs Replacement
2026-01-08 12:00:00,F0326,Organic,6.08,56.31,2.83,Needs Replacement
2026-01-08 12:05:00,F0056,Organic,80.9,35.51,2.82,Needs Replacement
2026-01-08 12:10:00,F0316,Organic,72.82,30.39,6.73,Needs Replacement
2026-01-08 12:15:00,F0799,Biodegradable,22.13,62.54,4.75,Healthy
2026-01-08 12:20:00,F0620,Biodegradable,94.79,46.8,3.31,Healthy
2026-01-08 12:25:00,F0800,Biodegradable,95.03,11.27,3.65,Needs Replacement
2026-01-08 12:30:00,F0671,Plastic,91.22,56.01,4.87,Damaged
2026-01-08 12:35:00,F0859,Biodegradable,21.05,42.13,7.9,Needs Replacement
2026-01-08 12:40:00,F0933,Organic,85.97,23.76,6.61,Needs Replacement
2026-01-08 12:45:00,F0014,Plastic,41.34,43.18,2.74,Healthy
2026-01-08 12:50:00,F0811,Organic,75.51,41.59,4.51,Healthy
2026-01-08 12:55:00,F0791,Biodegradable,15.69,28.09,2.61,Healthy
2026-01-08 13:00:00,F0387,Biodegradable,3.38,54.99,6.69,Needs Replacement
2026-01-08 13:05:00,F0087,Plastic,13.12,54.43,2.89,Healthy
2026-01-08 13:10:00,F0021,Plastic,50.45,52.21,6.13,Damaged
2026-01-08 13:15:00,F0754,Biodegradable,83.03,46.29,2.06,Needs Replacement
2026-01-08 13:20:00,F0332,Organic,19.43,46.34,3.19,Damaged
2026-01-08 13:25:00,F0103,Organic,74.35,28.13,4.21,Damaged
2026-01-08 13:30:00,F0228,Organic,57.62,32.59,4.01,Damaged
2026-01-08 13:35:00,F0519,Plastic,27.86,27.07,5.92,Needs Replacement
2026-01-08 13:40:00,F0382,Biodegradable,1.72,39.82,3.76,Damaged
2026-01-08 13:45:00,F0407,Plastic,10.83,23.44,7.83,Needs Replacement
2026-01-08 13:50:00,F0341,Plastic,36.98,43.79,5.5,Damaged
2026-01-08 13:55:00,F0886,Organic,97.58,15.72,2.18,Damaged
2026-01-08 14:00:00,F0485,Biodegradable,25.0,18.48,5.32,Damaged
2026-01-08 14:05:00,F0506,Organic,83.97,55.63,1.41,Needs Replacement
2026-01-08 14:10:00,F0330,Biodegradable,31.15,30.27,2.05,Damaged
2026-01-08 14:15:00,F0215,Biodegradable,59.87,62.29,2.88,Needs Replacement
2026-01-08 14:20:00,F0330,Organic,54.56,28.78,5.56,Damaged
2026-01-08 14:25:00,F0751,Plastic,48.3,43.29,6.18,Healthy
2026-01-08 14:30:00,F0014,Plastic,42.57,14.65,1.89,Damaged
2026-01-08 14:35:00,F0996,Plastic,74.81,19.97,4.06,Healthy
2026-01-08 14:40:00,F0538,Organic,88.55,39.71,5.38,Healthy
2026-01-08 14:45:00,F0304,Plastic,74.9,42.83,3.8,Needs Replacement
2026-01-08 14:50:00,F0278,Biodegradable,99.57,53.2,7.16,Needs Replacement
2026-01-08 14:55:00,F0145,Organic,61.51,32.3,5.55,Damaged
2026-01-08 15:00:00,F0381,Biodegradable,68.5,58.17,7.66,Damaged
2026-01-08 15:05:00,F0950,Biodegradable,25.12,37.77,7.55,Damaged
2026-01-08 15:10:00,F0733,Organic,99.62,65.67,2.15,Healthy
2026-01-08 15:15:00,F0006,Organic,31.77,20.75,4.29,Damaged
2026-01-08 15:20:00,F0339,Plastic,18.77,51.64,4.76,Healthy
2026-01-08 15:25:00,F0652,Biodegradable,62.5,45.67,1.47,Healthy
2026-01-08 15:30:00,F0292,Organic,34.5,10.85,2.35,Damaged
2026-01-08 15:35:00,F0957,Organic,72.93,32.04,6.37,Damaged
2026-01-08 15:40:00,F0157,Plastic,54.1,49.56,1.54,Damaged
2026-01-08 15:45:00,F0130,Biodegradable,21.64,20.7,4.95,Damaged
2026-01-08 15:50:00,F0874,Biodegradable,64.48,32.98,5.03,Damaged
2026-01-08 15:55:00,F0685,Organic,27.72,58.44,7.1,Healthy
2026-01-08 16:00:00,F0094,Biodegradable,16.81,57.0,7.92,Healthy
2026-01-08 16:05:00,F0080,Plastic,14.33,38.53,1.0,Healthy
2026-01-08 16:10:00,F0335,Organic,51.17,36.38,5.65,Damaged
2026-01-08 16:15:00,F0793,Organic,76.0,24.45,3.75,Damaged
2026-01-08 16:20:00,F0544,Plastic,47.45,28.71,4.65,Damaged
2026-01-08 16:25:00,F0854,Organic,84.22,67.32,7.62,Damaged
2026-01-08 16:30:00,F0712,Organic,14.29,36.23,4.09,Damaged
2026-01-08 16:35:00,F0183,Plastic,12.02,63.99,5.56,Needs Replacement
2026-01-08 16:40:00,F0435,Plastic,85.54,56.24,3.42,Damaged
2026-01-08 16:45:00,F0392,Organic,55.98,69.87,7.58,Healthy
2026-01-08 16:50:00,F0370,Biodegradable,93.32,69.73,2.37,Healthy
2026-01-08 16:55:00,F0378,Organic,0.56,28.62,1.66,Damaged
2026-01-08 17:00:00,F0282,Biodegradable,92.16,46.41,1.23,Needs Replacement
2026-01-08 17:05:00,F0281,Biodegradable,39.83,69.74,5.93,Healthy
2026-01-08 17:10:00,F0950,Organic,97.11,59.4,7.04,Damaged
2026-01-08 17:15:00,F0896,Biodegradable,63.22,39.42,4.31,Damaged
2026-01-08 17:20:00,F0916,Biodegradable,80.74,12.29,1.2,Healthy
2026-01-08 17:25:00,F0085,Organic,70.56,20.61,6.96,Healthy
2026-01-08 17:30:00,F0100,Biodegradable,5.6,48.25,1.44,Needs Replacement
2026-01-08 17:35:00,F0018,Organic,98.34,21.65,5.3,Damaged
2026-01-08 17:40:00,F0928,Biodegradable,84.82,28.99,5.97,Damaged
2026-01-08 17:45:00,F0413,Organic,94.43,40.98,7.58,Damaged
2026-01-08 17:50:00,F0514,Plastic,66.96,13.9,6.78,Damaged
2026-01-08 17:55:00,F0624,Plastic,26.66,20.36,1.31,Damaged
2026-01-08 18:00:00,F0858,Plastic,50.55,20.38,6.23,Needs Replacement
2026-01-08 18:05:00,F0582,Biodegradable,27.38,31.04,3.39,Healthy
2026-01-08 18:10:00,F0093,Plastic,56.62,37.78,1.81,Damaged
2026-01-08 18:15:00,F0021,Plastic,8.64,29.05,5.39,Healthy
2026-01-08 18:20:00,F0742,Plastic,21.75,32.47,1.57,Needs Replacement
2026-01-08 18:25:00,F0196,Biodegradable,83.73,48.54,7.31,Damaged
2026-01-08 18:30:00,F0183,Organic,13.27,13.2,5.94,Healthy
2026-01-08 18:35:00,F0280,Plastic,56.5,34.84,6.85,Healthy
2026-01-08 18:40:00,F0095,Organic,97.93,25.56,4.08,Needs Replacement
2026-01-08 18:45:00,F0461,Biodegradable,57.87,30.93,5.49,Damaged
2026-01-08 18:50:00,F0395,Plastic,83.17,12.2,6.84,Damaged
2026-01-08 18:55:00,F0662,Biodegradable,56.87,69.63,4.04,Needs Replacement
2026-01-08 19:00:00,F0850,Biodegradable,20.74,51.98,4.53,Needs Replacement
2026-01-08 19:05:00,F0479,Organic,9.08,56.4,2.81,Healthy
2026-01-08 19:10:00,F0487,Plastic,92.19,41.02,5.42,Needs Replacement
2026-01-08 19:15:00,F0603,Plastic,58.68,32.34,3.65,Needs Replacement
2026-01-08 19:20:00,F0009,Plastic,70.13,47.77,7.09,Needs Replacement
2026-01-08 19:25:00,F0192,Organic,47.55,30.2,7.32,Needs Replacement
2026-01-08 19:30:00,F0450,Biodegradable,16.27,42.81,6.26,Needs Replacement
2026-01-08 19:35:00,F0485,Plastic,59.36,51.67,6.12,Needs Replacement
2026-01-08 19:40:00,F0411,Organic,72.34,46.06,4.38,Healthy
2026-01-08 19:45:00,F0923,Biodegradable,97.08,62.65,6.34,Healthy
2026-01-08 19:50:00,F0411,Biodegradable,42.1,56.44,7.68,Healthy
2026-01-08 19:55:00,F0612,Biodegradable,16.4,19.98,3.1,Damaged
2026-01-08 20:00:00,F0134,Biodegradable,19.85,68.35,6.26,Needs Replacement
2026-01-08 20:05:00,F0812,Plastic,78.86,13.23,1.63,Needs Replacement
2026-01-08 20:10:00,F0152,Plastic,45.87,19.92,1.01,Healthy
2026-01-08 20:15:00,F0209,Organic,30.13,14.82,2.65,Healthy
2026-01-08 20:20:00,F0795,Organic,72.41,19.25,4.89,Healthy
2026-01-08 20:25:00,F0704,Organic,47.73,30.68,4.3,Damaged
2026-01-08 20:30:00,F0475,Biodegradable,21.25,38.34,3.63,Healthy
2026-01-08 20:35:00,F0782,Plastic,76.31,15.75,1.9,Needs Replacement
2026-01-08 20:40:00,F0748,Organic,77.33,63.88,6.74,Damaged
2026-01-08 20:45:00,F0759,Biodegradable,39.39,14.3,4.42,Healthy
2026-01-08 20:50:00,F0378,Organic,22.17,46.51,6.37,Needs Replacement
2026-01-08 20:55:00,F0408,Plastic,50.15,10.1,5.19,Damaged
2026-01-08 21:00:00,F0310,Organic,23.01,40.0,1.31,Healthy
2026-01-08 21:05:00,F0292,Organic,33.96,49.24,3.98,Needs Replacement
2026-01-08 21:10:00,F0978,Organic,67.53,38.84,2.83,Healthy
2026-01-08 21:15:00,F0477,Plastic,16.35,50.94,6.84,Needs Replacement
2026-01-08 21:20:00,F0823,Plastic,68.61,16.08,7.04,Healthy
2026-01-08 21:25:00,F0466,Plastic,31.9,44.48,3.69,Needs Replacement
2026-01-08 21:30:00,F0056,Organic,65.38,50.21,3.96,Needs Replacement
2026-01-08 21:35:00,F0822,Organic,25.86,48.05,5.23,Damaged
2026-01-08 21:40:00,F0548,Organic,37.28,38.41,3.35,Healthy
2026-01-08 21:45:00,F0393,Biodegradable,78.55,68.84,4.72,Healthy
2026-01-08 21:50:00,F0605,Organic,15.04,30.23,7.54,Healthy
2026-01-08 21:55:00,F0446,Plastic,51.49,46.87,7.11,Needs Replacement
2026-01-08 22:00:00,F0376,Plastic,28.17,17.29,4.43,Damaged
2026-01-08 22:05:00,F0304,Plastic,68.64,25.14,3.36,Damaged
2026-01-08 22:10:00,F0458,Organic,26.72,27.59,3.92,Needs Replacement
2026-01-08 22:15:00,F0038,Biodegradable,63.6,45.75,3.5,Damaged
2026-01-08 22:20:00,F0130,Biodegradable,39.62,20.51,4.74,Healthy
2026-01-08 22:25:00,F0996,Organic,63.29,35.87,2.92,Damaged
2026-01-08 22:30:00,F0955,Biodegradable,61.72,65.13,7.33,Damaged
2026-01-08 22:35:00,F0040,Plastic,56.91,12.44,3.29,Damaged
2026-01-08 22:40:00,F0392,Biodegradable,97.68,48.27,7.17,Damaged
2026-01-08 22:45:00,F0433,Organic,7.88,65.65,6.24,Healthy
2026-01-08 22:50:00,F0761,Plastic,18.39,54.81,6.05,Needs Replacement
2026-01-08 22:55:00,F0311,Biodegradable,96.52,57.62,5.0,Damaged
2026-01-08 23:00:00,F0051,Organic,53.92,57.62,5.86,Damaged
2026-01-08 23:05:00,F0765,Biodegradable,47.29,55.64,4.06,Healthy
2026-01-08 23:10:00,F0932,Plastic,27.69,50.29,5.23,Damaged
2026-01-08 23:15:00,F0801,Organic,28.49,10.3,2.45,Damaged
2026-01-08 23:20:00,F1000,Biodegradable,12.98,26.02,5.19,Needs Replacement
2026-01-08 23:25:00,F0227,Plastic,9.71,23.49,5.96,Damaged
2026-01-08 23:30:00,F0603,Organic,28.78,52.72,6.79,Damaged
2026-01-08 23:35:00,F0572,Plastic,59.52,42.49,4.33,Needs Replacement
2026-01-08 23:40:00,F0474,Biodegradable,34.06,30.78,4.11,Needs Replacement
2026-01-08 23:45:00,F0262,Organic,21.06,51.86,5.71,Healthy
2026-01-08 23:50:00,F0499,Biodegradable,66.07,44.28,1.55,Needs Replacement
2026-01-08 23:55:00,F0312,Organic,8.31,54.88,4.71,Needs Replacement
2026-01-09 00:00:00,F0599,Plastic,45.15,38.04,2.09,Damaged
2026-01-09 00:05:00,F0024,Organic,35.16,35.89,7.97,Damaged
2026-01-09 00:10:00,F0551,Plastic,74.41,69.38,3.63,Needs Replacement
2026-01-09 00:15:00,F0224,Plastic,60.71,60.98,1.68,Healthy
2026-01-09 00:20:00,F0797,Biodegradable,57.07,20.72,2.11,Needs Replacement
2026-01-09 00:25:00,F0923,Biodegradable,55.01,31.12,2.52,Needs Replacement
2026-01-09 00:30:00,F0906,Biodegradable,31.94,31.79,1.74,Damaged
2026-01-09 00:35:00,F0402,Plastic,76.18,29.07,4.75,Needs Replacement
2026-01-09 00:40:00,F0461,Plastic,49.48,37.83,6.78,Healthy
2026-01-09 00:45:00,F0782,Organic,40.01,10.2,6.81,Damaged
2026-01-09 00:50:00,F0669,Organic,17.23,64.44,3.68,Needs Replacement
2026-01-09 00:55:00,F0142,Biodegradable,41.03,48.19,5.33,Damaged
2026-01-09 01:00:00,F0419,Plastic,50.34,14.83,4.99,Needs Replacement
2026-01-09 01:05:00,F0701,Plastic,60.98,19.99,5.38,Needs Replacement
2026-01-09 01:10:00,F0399,Biodegradable,2.27,46.08,6.53,Damaged
2026-01-09 01:15:00,F0378,Biodegradable,86.34,61.02,2.13,Healthy
2026-01-09 01:20:00,F0331,Plastic,17.52,66.23,7.45,Needs Replacement
2026-01-09 01:25:00,F0471,Plastic,6.48,11.85,5.04,Damaged
2026-01-09 01:30:00,F0997,Organic,60.32,69.38,6.58,Damaged
2026-01-09 01:35:00,F0894,Plastic,64.14,58.22,6.87,Healthy
2026-01-09 01:40:00,F0034,Biodegradable,46.22,67.75,1.05,Damaged
2026-01-09 01:45:00,F0395,Plastic,40.63,41.19,4.29,Needs Replacement
2026-01-09 01:50:00,F0733,Biodegradable,95.76,63.0,4.76,Damaged
2026-01-09 01:55:00,F0848,Biodegradable,98.92,52.89,4.07,Healthy
2026-01-09 02:00:00,F0788,Plastic,29.3,33.9,6.76,Needs Replacement
2026-01-09 02:05:00,F0451,Organic,39.94,65.64,5.4,Healthy
2026-01-09 02:10:00,F0594,Plastic,10.36,60.82,6.31,Damaged
2026-01-09 02:15:00,F0935,Plastic,16.9,34.77,3.38,Needs Replacement
2026-01-09 02:20:00,F0076,Organic,21.01,15.83,5.49,Damaged
2026-01-09 02:25:00,F0303,Biodegradable,49.16,24.68,2.82,Needs Replacement
2026-01-09 02:30:00,F0282,Biodegradable,33.07,37.02,2.81,Healthy
2026-01-09 02:35:00,F0227,Organic,76.13,18.88,3.02,Damaged
2026-01-09 02:40:00,F0163,Biodegradable,36.27,27.47,7.61,Damaged
2026-01-09 02:45:00,F0159,Biodegradable,30.47,52.78,5.71,Damaged
2026-01-09 02:50:00,F0264,Biodegradable,12.86,46.45,7.01,Healthy
2026-01-09 02:55:00,F0599,Plastic,2.8,22.7,3.12,Needs Replacement
2026-01-09 03:00:00,F0530,Organic,36.42,40.52,7.09,Needs Replacement
2026-01-09 03:05:00,F0160,Biodegradable,61.85,20.22,3.41,Damaged
2026-01-09 03:10:00,F0497,Biodegradable,31.43,32.46,7.06,Healthy
2026-01-09 03:15:00,F0389,Plastic,87.08,38.92,4.39,Damaged
2026-01-09 03:20:00,F0230,Plastic,94.69,30.54,3.17,Needs Replacement
2026-01-09 03:25:00,F0202,Organic,60.86,53.73,1.84,Needs Replacement
2026-01-09 03:30:00,F0861,Biodegradable,45.93,64.76,7.34,Damaged
2026-01-09 03:35:00,F0034,Organic,89.81,54.48,3.54,Damaged
2026-01-09 03:40:00,F0567,Biodegradable,9.88,29.77,1.47,Damaged
2026-01-09 03:45:00,F0458,Biodegradable,53.77,14.77,6.59,Damaged
2026-01-09 03:50:00,F0707,Biodegradable,24.8,25.36,6.18,Healthy
2026-01-09 03:55:00,F0624,Organic,22.83,53.04,2.24,Damaged
2026-01-09 04:00:00,F0940,Plastic,27.75,54.59,6.13,Healthy
2026-01-09 04:05:00,F0600,Biodegradable,52.26,13.65,2.59,Needs Replacement
2026-01-09 04:10:00,F0327,Biodegradable,46.43,42.22,6.47,Healthy
2026-01-09 04:15:00,F0203,Plastic,19.64,16.98,1.58,Damaged
2026-01-09 04:20:00,F0010,Biodegradable,58.94,45.9,3.1,Needs Replacement
2026-01-09 04:25:00,F0797,Biodegradable,86.11,16.69,7.21,Healthy
2026-01-09 04:30:00,F0001,Organic,58.89,48.1,6.29,Needs Replacement
2026-01-09 04:35:00,F0520,Organic,60.14,39.56,2.24,Damaged
2026-01-09 04:40:00,F0545,Plastic,28.38,48.72,2.85,Needs Replacement
2026-01-09 04:45:00,F0451,Plastic,27.53,43.68,3.16,Healthy
2026-01-09 04:50:00,F0482,Organic,48.76,29.15,7.82,Healthy
2026-01-09 04:55:00,F0097,Organic,17.88,55.63,5.71,Needs Replacement
2026-01-09 05:00:00,F0798,Plastic,63.79,42.32,2.28,Healthy
2026-01-09 05:05:00,F0544,Organic,21.32,40.11,3.24,Healthy
2026-01-09 05:10:00,F0689,Plastic,68.47,65.65,2.47,Needs Replacement
2026-01-09 05:15:00,F0873,Plastic,15.64,55.98,6.5,Damaged
2026-01-09 05:20:00,F0486,Biodegradable,66.26,29.54,4.62,Damaged
2026-01-09 05:25:00,F0956,Organic,78.87,56.79,2.89,Needs Replacement
2026-01-09 05:30:00,F0314,Organic,93.43,60.07,3.6,Damaged
2026-01-09 05:35:00,F0436,Biodegradable,35.39,54.71,4.15,Needs Replacement
2026-01-09 05:40:00,F0057,Organic,76.27,10.34,7.58,Needs Replacement
2026-01-09 05:45:00,F0281,Plastic,64.58,18.4,4.2,Damaged
2026-01-09 05:50:00,F0853,Organic,20.22,49.72,2.79,Healthy
2026-01-09 05:55:00,F0574,Biodegradable,32.18,57.46,3.28,Healthy
2026-01-09 06:00:00,F0281,Plastic,79.75,47.05,4.08,Healthy
2026-01-09 06:05:00,F0739,Biodegradable,24.31,29.53,4.36,Needs Replacement
2026-01-09 06:10:00,F0400,Biodegradable,95.2,66.8,6.47,Damaged
2026-01-09 06:15:00,F0385,Plastic,48.7,26.81,5.25,Healthy
2026-01-09 06:20:00,F0449,Organic,5.61,30.56,4.77,Healthy
2026-01-09 06:25:00,F0794,Biodegradable,47.18,62.85,1.52,Needs Replacement
2026-01-09 06:30:00,F0588,Plastic,82.43,62.44,5.13,Damaged
2026-01-09 06:35:00,F0782,Biodegradable,8.8,24.71,5.01,Needs Replacement
2026-01-09 06:40:00,F0144,Plastic,55.67,59.04,5.83,Damaged
2026-01-09 06:45:00,F0927,Organic,71.14,28.84,6.97,Damaged
2026-01-09 06:50:00,F0472,Organic,88.46,21.05,4.28,Needs Replacement
2026-01-09 06:55:00,F0619,Biodegradable,19.9,68.29,2.81,Healthy
2026-01-09 07:00:00,F0826,Organic,14.03,48.53,3.99,Healthy
2026-01-09 07:05:00,F0383,Plastic,83.17,13.62,7.93,Damaged
2026-01-09 07:10:00,F0818,Organic,43.72,11.93,4.53,Damaged
2026-01-09 07:15:00,F0753,Plastic,49.2,44.49,5.44,Damaged
2026-01-09 07:20:00,F0163,Biodegradable,9.21,43.5,1.79,Healthy
2026-01-09 07:25:00,F0196,Plastic,57.39,38.11,5.55,Damaged
2026-01-09 07:30:00,F0902,Biodegradable,43.09,26.61,4.16,Healthy
2026-01-09 07:35:00,F0348,Organic,65.04,14.38,5.53,Damaged
2026-01-09 07:40:00,F0911,Plastic,78.11,54.37,7.64,Needs Replacement
2026-01-09 07:45:00,F0020,Plastic,57.47,10.38,6.8,Healthy
2026-01-09 07:50:00,F0599,Biodegradable,32.24,19.03,6.99,Needs Replacement
2026-01-09 07:55:00,F0842,Biodegradable,53.24,49.22,2.4,Needs Replacement
2026-01-09 08:00:00,F0194,Plastic,89.32,52.89,5.04,Healthy
2026-01-09 08:05:00,F0968,Plastic,30.85,16.05,4.73,Healthy
2026-01-09 08:10:00,F0323,Plastic,54.01,67.28,3.29,Damaged
2026-01-09 08:15:00,F0278,Plastic,20.88,28.18,3.97,Healthy
2026-01-09 08:20:00,F0968,Organic,77.23,11.64,7.14,Healthy
2026-01-09 08:25:00,F0762,Biodegradable,83.42,32.51,4.11,Healthy
2026-01-09 08:30:00,F0211,Organic,38.04,36.81,3.79,Damaged
2026-01-09 08:35:00,F0936,Biodegradable,81.45,15.57,2.23,Damaged
2026-01-09 08:40:00,F0964,Organic,51.65,19.77,2.47,Damaged
2026-01-09 08:45:00,F0196,Plastic,60.48,54.98,3.22,Healthy
2026-01-09 08:50:00,F0115,Organic,79.98,31.59,2.79,Healthy
2026-01-09 08:55:00,F0879,Plastic,0.73,58.2,3.8,Needs Replacement
2026-01-09 09:00:00,F0969,Biodegradable,36.04,28.6,1.46,Needs Replacement
2026-01-09 09:05:00,F0830,Organic,22.94,52.07,5.55,Needs Replacement
2026-01-09 09:10:00,F0919,Organic,1.59,67.85,6.11,Healthy
2026-01-09 09:15:00,F0132,Biodegradable,14.07,24.94,4.95,Healthy
2026-01-09 09:20:00,F0611,Plastic,14.02,38.19,1.27,Damaged
2026-01-09 09:25:00,F0162,Organic,66.1,32.3,3.9,Healthy
2026-01-09 09:30:00,F0829,Biodegradable,17.46,41.12,2.06,Healthy
2026-01-09 09:35:00,F0031,Organic,36.51,65.5,6.51,Healthy
2026-01-09 09:40:00,F0272,Biodegradable,30.61,47.52,7.36,Needs Replacement
2026-01-09 09:45:00,F0482,Plastic,2.85,11.55,1.2,Damaged
2026-01-09 09:50:00,F0387,Biodegradable,87.2,64.81,1.33,Damaged
2026-01-09 09:55:00,F0919,Plastic,52.52,19.49,1.1,Healthy
2026-01-09 10:00:00,F0476,Organic,41.99,13.98,7.78,Damaged
2026-01-09 10:05:00,F0001,Organic,44.04,61.41,6.67,Needs Replacement
2026-01-09 10:10:00,F0673,Biodegradable,46.95,64.17,1.9,Needs Replacement
2026-01-09 10:15:00,F0505,Biodegradable,95.69,50.11,1.67,Damaged
2026-01-09 10:20:00,F0965,Plastic,19.63,23.16,1.91,Healthy
2026-01-09 10:25:00,F0290,Biodegradable,65.92,54.59,6.02,Healthy
2026-01-09 10:30:00,F0309,Organic,24.98,25.04,6.11,Damaged
2026-01-09 10:35:00,F0592,Organic,97.4,50.1,4.64,Healthy
2026-01-09 10:40:00,F0755,Plastic,32.79,32.49,2.02,Damaged
2026-01-09 10:45:00,F0203,Plastic,90.6,33.1,1.34,Healthy
2026-01-09 10:50:00,F0166,Organic,14.3,12.05,6.56,Needs Replacement
2026-01-09 10:55:00,F0193,Biodegradable,1.17,38.85,7.0,Damaged
2026-01-09 11:00:00,F0270,Biodegradable,40.57,69.56,4.17,Needs Replacement
2026-01-09 11:05:00,F0947,Organic,11.78,26.76,6.38,Needs Replacement
2026-01-09 11:10:00,F0893,Organic,99.67,21.18,3.39,Damaged
2026-01-09 11:15:00,F0782,Biodegradable,45.63,15.79,6.99,Needs Replacement
2026-01-09 11:20:00,F0988,Biodegradable,6.31,31.93,5.5,Healthy
2026-01-09 11:25:00,F0124,Biodegradable,9.46,68.51,6.81,Damaged
2026-01-09 11:30:00,F0447,Biodegradable,29.57,62.4,3.15,Healthy
2026-01-09 11:35:00,F0840,Biodegradable,96.63,68.3,2.28,Healthy
2026-01-09 11:40:00,F0204,Biodegradable,14.17,50.83,6.43,Damaged
2026-01-09 11:45:00,F0881,Biodegradable,35.39,46.06,2.06,Damaged
2026-01-09 11:50:00,F0711,Biodegradable,4.7,41.99,4.78,Healthy
2026-01-09 11:55:00,F0650,Biodegradable,37.45,16.01,2.16,Healthy
2026-01-09 12:00:00,F0965,Biodegradable,84.32,55.07,2.06,Needs Replacement
2026-01-09 12:05:00,F0972,Organic,85.83,26.71,7.71,Needs Replacement
2026-01-09 12:10:00,F0488,Organic,38.98,41.3,3.95,Needs Replacement
2026-01-09 12:15:00,F0258,Biodegradable,13.61,66.29,1.0,Damaged
2026-01-09 12:20:00,F0609,Plastic,66.81,22.53,6.13,Healthy
2026-01-09 12:25:00,F0165,Plastic,75.52,18.42,4.37,Needs Replacement
2026-01-09 12:30:00,F0199,Plastic,78.63,48.77,3.74,Needs Replacement
2026-01-09 12:35:00,F0915,Organic,7.05,67.8,2.93,Healthy
2026-01-09 12:40:00,F0211,Organic,72.6,45.16,5.71,Healthy
2026-01-09 12:45:00,F0121,Biodegradable,67.22,55.64,1.08,Needs Replacement
2026-01-09 12:50:00,F0238,Biodegradable,52.42,56.3,5.19,Needs Replacement
2026-01-09 12:55:00,F0466,Plastic,29.88,17.49,6.2,Healthy
2026-01-09 13:00:00,F0897,Organic,88.02,55.26,6.04,Healthy
2026-01-09 13:05:00,F0478,Organic,38.15,63.47,1.79,Damaged
2026-01-09 13:10:00,F0499,Organic,16.85,52.59,7.06,Healthy
2026-01-09 13:15:00,F0983,Biodegradable,52.28,15.31,6.12,Needs Replacement
2026-01-09 13:20:00,F0719,Organic,24.13,61.0,4.46,Needs Replacement
2026-01-09 13:25:00,F0863,Biodegradable,5.67,16.31,6.39,Damaged
2026-01-09 13:30:00,F0430,Biodegradable,27.59,25.1,4.55,Needs Replacement
2026-01-09 13:35:00,F0826,Organic,98.31,14.99,1.71,Healthy
2026-01-09 13:40:00,F0273,Plastic,58.58,23.28,4.04,Damaged
2026-01-09 13:45:00,F0622,Biodegradable,48.79,46.4,4.96,Damaged
2026-01-09 13:50:00,F0813,Biodegradable,38.26,46.1,5.13,Healthy
2026-01-09 13:55:00,F0370,Biodegradable,57.56,17.05,6.35,Damaged
2026-01-09 14:00:00,F0736,Biodegradable,70.93,46.23,6.71,Healthy
2026-01-09 14:05:00,F0588,Biodegradable,34.73,57.29,6.97,Healthy
2026-01-09 14:10:00,F0797,Organic,94.02,58.79,5.4,Damaged
2026-01-09 14:15:00,F0646,Organic,90.81,22.96,2.27,Healthy
2026-01-09 14:20:00,F0468,Organic,29.23,34.73,1.2,Needs Replacement
2026-01-09 14:25:00,F0255,Organic,81.84,30.64,7.82,Needs Replacement
2026-01-09 14:30:00,F0651,Organic,78.37,29.47,5.89,Healthy
2026-01-09 14:35:00,F0330,Biodegradable,20.94,56.25,4.83,Needs Replacement
2026-01-09 14:40:00,F0512,Plastic,75.33,56.86,2.2,Needs Replacement
2026-01-09 14:45:00,F0990,Plastic,35.18,42.29,6.64,Needs Replacement
2026-01-09 14:50:00,F0655,Organic,82.87,16.08,6.05,Needs Replacement
2026-01-09 14:55:00,F0208,Organic,62.18,48.37,6.3,Damaged
2026-01-09 15:00:00,F0371,Plastic,48.54,30.22,4.06,Healthy
2026-01-09 15:05:00,F0931,Biodegradable,32.28,16.69,5.07,Damaged
2026-01-09 15:10:00,F0183,Organic,64.23,27.77,4.92,Damaged
2026-01-09 15:15:00,F0613,Biodegradable,69.56,21.92,1.63,Needs Replacement
2026-01-09 15:20:00,F0363,Organic,85.22,18.75,3.38,Healthy
2026-01-09 15:25:00,F0835,Organic,92.13,16.22,7.69,Damaged
2026-01-09 15:30:00,F0454,Plastic,57.01,14.93,8.0,Healthy
2026-01-09 15:35:00,F0507,Plastic,54.8,50.05,2.92,Damaged
2026-01-09 15:40:00,F0664,Plastic,98.33,24.72,2.58,Healthy
2026-01-09 15:45:00,F0627,Organic,1.24,24.62,1.15,Needs Replacement
2026-01-09 15:50:00,F0423,Plastic,41.45,43.07,4.98,Damaged
2026-01-09 15:55:00,F0397,Biodegradable,58.09,47.64,7.22,Needs Replacement
2026-01-09 16:00:00,F0270,Organic,70.67,68.91,6.62,Needs Replacement
2026-01-09 16:05:00,F0554,Organic,36.45,65.53,2.64,Healthy
2026-01-09 16:10:00,F0720,Plastic,95.81,18.07,7.02,Damaged
2026-01-09 16:15:00,F0520,Biodegradable,57.9,15.8,7.42,Needs Replacement
2026-01-09 16:20:00,F0234,Biodegradable,53.54,16.29,6.78,Needs Replacement
2026-01-09 16:25:00,F0230,Organic,71.76,48.7,4.88,Needs Replacement
2026-01-09 16:30:00,F0510,Biodegradable,57.43,13.19,5.33,Needs Replacement
2026-01-09 16:35:00,F0460,Biodegradable,6.47,69.75,1.15,Damaged
2026-01-09 16:40:00,F0152,Plastic,5.75,30.86,7.07,Damaged
2026-01-09 16:45:00,F0259,Biodegradable,35.44,67.28,2.93,Healthy
2026-01-09 16:50:00,F0966,Plastic,71.36,39.45,5.93,Needs Replacement
2026-01-09 16:55:00,F0691,Organic,21.52,37.13,4.77,Needs Replacement
2026-01-09 17:00:00,F0417,Plastic,23.26,57.9,4.56,Damaged
2026-01-09 17:05:00,F0995,Biodegradable,98.02,45.21,7.04,Healthy
2026-01-09 17:10:00,F0073,Biodegradable,71.21,31.5,1.84,Healthy
2026-01-09 17:15:00,F0255,Biodegradable,52.98,53.82,6.13,Healthy
2026-01-09 17:20:00,F0747,Plastic,83.57,11.77,7.5,Needs Replacement
2026-01-09 17:25:00,F0972,Biodegradable,8.91,66.77,5.02,Needs Replacement
2026-01-09 17:30:00,F0868,Organic,80.49,32.88,4.32,Healthy
2026-01-09 17:35:00,F0901,Organic,9.59,31.31,5.95,Needs Replacement
2026-01-09 17:40:00,F0360,Biodegradable,9.07,25.63,2.4,Damaged
2026-01-09 17:45:00,F0264,Plastic,8.16,37.1,1.66,Damaged
2026-01-09 17:50:00,F0098,Plastic,6.09,43.43,5.78,Healthy
2026-01-09 17:55:00,F0394,Organic,96.36,41.75,1.03,Healthy
2026-01-09 18:00:00,F0072,Plastic,80.0,44.08,3.62,Healthy
2026-01-09 18:05:00,F1000,Organic,63.65,39.89,4.75,Healthy
2026-01-09 18:10:00,F0588,Plastic,87.21,64.76,5.2,Needs Replacement
2026-01-09 18:15:00,F0153,Organic,70.64,62.78,2.24,Healthy
2026-01-09 18:20:00,F0813,Plastic,62.21,66.12,7.22,Needs Replacement
2026-01-09 18:25:00,F0605,Biodegradable,93.5,16.47,5.78,Healthy
2026-01-09 18:30:00,F0628,Organic,90.02,39.86,5.22,Needs Replacement
2026-01-09 18:35:00,F0459,Plastic,92.86,42.88,3.72,Damaged
2026-01-09 18:40:00,F0246,Organic,55.45,30.3,3.56,Healthy
2026-01-09 18:45:00,F0944,Organic,79.41,12.5,1.41,Damaged
2026-01-09 18:50:00,F0533,Plastic,70.76,60.34,1.69,Damaged
2026-01-09 18:55:00,F0720,Biodegradable,65.48,64.71,4.94,Damaged
2026-01-09 19:00:00,F0329,Plastic,39.42,42.78,2.41,Needs Replacement
2026-01-09 19:05:00,F0414,Organic,76.35,27.58,5.38,Needs Replacement
2026-01-09 19:10:00,F0575,Organic,8.24,11.43,1.73,Damaged
2026-01-09 19:15:00,F0295,Biodegradable,38.88,39.86,6.5,Damaged
2026-01-09 19:20:00,F0092,Organic,5.51,59.88,2.32,Damaged
2026-01-09 19:25:00,F0322,Biodegradable,74.79,44.28,2.21,Healthy
2026-01-09 19:30:00,F0193,Organic,53.43,12.83,3.12,Damaged
2026-01-09 19:35:00,F0757,Biodegradable,5.24,59.52,7.12,Damaged
2026-01-09 19:40:00,F0046,Plastic,84.92,40.52,5.77,Healthy
2026-01-09 19:45:00,F0328,Plastic,45.72,21.14,2.55,Damaged
2026-01-09 19:50:00,F0016,Plastic,20.36,22.4,5.48,Needs Replacement
2026-01-09 19:55:00,F0005,Plastic,20.6,51.36,7.47,Damaged
2026-01-09 20:00:00,F0400,Plastic,81.36,59.88,7.89,Needs Replacement
2026-01-09 20:05:00,F0614,Plastic,91.76,34.12,2.09,Damaged
2026-01-09 20:10:00,F0585,Biodegradable,66.85,62.92,3.96,Damaged
2026-01-09 20:15:00,F0936,Organic,30.97,66.42,5.57,Needs Replacement
2026-01-09 20:20:00,F0285,Plastic,69.03,34.95,3.9,Needs Replacement
2026-01-09 20:25:00,F0043,Biodegradable,25.34,10.63,5.85,Needs Replacement
2026-01-09 20:30:00,F0118,Plastic,12.89,51.37,1.49,Healthy
2026-01-09 20:35:00,F0336,Plastic,90.22,39.31,2.28,Damaged
2026-01-09 20:40:00,F0408,Organic,25.65,50.85,7.51,Damaged
2026-01-09 20:45:00,F0780,Plastic,28.64,61.33,2.83,Needs Replacement
2026-01-09 20:50:00,F0569,Organic,82.29,63.04,7.65,Healthy
2026-01-09 20:55:00,F0112,Plastic,12.71,69.73,4.28,Healthy
2026-01-09 21:00:00,F0711,Plastic,3.8,33.28,1.59,Healthy
2026-01-09 21:05:00,F0453,Biodegradable,43.59,32.25,6.17,Healthy
2026-01-09 21:10:00,F0787,Plastic,66.29,40.22,7.82,Damaged
2026-01-09 21:15:00,F0350,Organic,31.79,44.13,7.64,Healthy
2026-01-09 21:20:00,F0401,Organic,35.01,22.04,5.51,Healthy
2026-01-09 21:25:00,F0643,Plastic,94.68,40.34,2.58,Needs Replacement
2026-01-09 21:30:00,F0072,Plastic,65.8,36.33,7.1,Damaged
2026-01-09 21:35:00,F0988,Organic,52.86,43.41,2.0,Healthy
2026-01-09 21:40:00,F0018,Biodegradable,11.14,13.91,4.63,Damaged
2026-01-09 21:45:00,F0147,Plastic,16.99,65.97,3.59,Damaged
2026-01-09 21:50:00,F0834,Organic,23.37,32.87,4.94,Damaged
2026-01-09 21:55:00,F0578,Biodegradable,11.96,23.47,5.4,Healthy
2026-01-09 22:00:00,F0586,Biodegradable,1.98,59.44,4.33,Needs Replacement
2026-01-09 22:05:00,F0767,Plastic,28.25,46.96,4.15,Damaged
2026-01-09 22:10:00,F0652,Organic,49.06,25.0,7.86,Needs Replacement
2026-01-09 22:15:00,F0369,Plastic,91.94,19.19,4.76,Healthy
2026-01-09 22:20:00,F0398,Organic,28.69,53.86,7.74,Healthy
2026-01-09 22:25:00,F0148,Plastic,36.81,11.26,6.64,Needs Replacement
2026-01-09 22:30:00,F0412,Plastic,41.04,62.79,6.96,Damaged
2026-01-09 22:35:00,F0428,Organic,35.29,66.51,3.95,Damaged
2026-01-09 22:40:00,F0346,Organic,45.23,67.14,4.24,Damaged
2026-01-09 22:45:00,F0223,Biodegradable,39.89,53.4,2.44,Healthy
2026-01-09 22:50:00,F0803,Biodegradable,56.84,66.88,6.11,Needs Replacement
2026-01-09 22:55:00,F0419,Organic,90.04,42.89,6.35,Damaged
2026-01-09 23:00:00,F0556,Biodegradable,30.69,33.57,4.29,Needs Replacement
2026-01-09 23:05:00,F0639,Organic,30.03,59.97,6.42,Healthy
2026-01-09 23:10:00,F0676,Organic,19.94,30.26,7.23,Damaged
2026-01-09 23:15:00,F0212,Organic,43.18,66.59,1.17,Damaged
2026-01-09 23:20:00,F0577,Plastic,66.7,26.4,6.22,Damaged
2026-01-09 23:25:00,F0422,Organic,40.19,56.91,2.38,Needs Replacement
2026-01-09 23:30:00,F0499,Organic,24.57,54.31,6.34,Damaged
2026-01-09 23:35:00,F0897,Plastic,93.3,46.74,6.15,Damaged
2026-01-09 23:40:00,F0943,Plastic,9.71,13.92,1.15,Needs Replacement
2026-01-09 23:45:00,F0208,Biodegradable,85.26,28.8,7.31,Healthy
2026-01-09 23:50:00,F0639,Organic,95.8,28.45,1.46,Damaged
2026-01-09 23:55:00,F0180,Organic,90.45,36.8,3.37,Needs Replacement
2026-01-10 00:00:00,F0156,Plastic,10.15,43.71,7.31,Needs Replacement
2026-01-10 00:05:00,F0576,Biodegradable,11.84,64.61,3.87,Damaged
2026-01-10 00:10:00,F0926,Plastic,46.96,69.0,5.83,Healthy
2026-01-10 00:15:00,F0774,Plastic,66.39,18.8,4.11,Healthy
2026-01-10 00:20:00,F0786,Plastic,88.02,38.37,4.34,Damaged
2026-01-10 00:25:00,F0599,Biodegradable,68.81,59.08,7.52,Healthy
2026-01-10 00:30:00,F0688,Biodegradable,44.73,11.19,4.44,Needs Replacement
2026-01-10 00:35:00,F0071,Plastic,88.56,69.27,7.21,Healthy
2026-01-10 00:40:00,F0114,Biodegradable,62.4,50.64,7.42,Healthy
2026-01-10 00:45:00,F0972,Plastic,96.16,29.24,5.98,Needs Replacement
2026-01-10 00:50:00,F0913,Biodegradable,60.28,57.96,1.11,Needs Replacement
2026-01-10 00:55:00,F0526,Organic,99.17,31.91,2.77,Damaged
2026-01-10 01:00:00,F0171,Plastic,90.43,11.41,3.23,Damaged
2026-01-10 01:05:00,F0444,Organic,23.88,28.4,4.14,Healthy
2026-01-10 01:10:00,F0676,Plastic,27.28,69.71,5.6,Needs Replacement
2026-01-10 01:15:00,F0640,Plastic,55.13,17.84,7.85,Damaged
2026-01-10 01:20:00,F0482,Organic,57.37,28.16,2.4,Needs Replacement
2026-01-10 01:25:00,F0344,Organic,3.6,50.31,5.88,Damaged
2026-01-10 01:30:00,F0351,Plastic,85.36,57.05,3.85,Needs Replacement
2026-01-10 01:35:00,F0274,Plastic,71.91,43.14,4.42,Needs Replacement
2026-01-10 01:40:00,F0327,Biodegradable,91.88,15.09,5.66,Healthy
2026-01-10 01:45:00,F0249,Plastic,2.3,17.71,6.33,Healthy
2026-01-10 01:50:00,F0798,Plastic,37.34,19.24,6.61,Healthy
2026-01-10 01:55:00,F0892,Biodegradable,0.96,10.81,6.65,Healthy
2026-01-10 02:00:00,F0472,Biodegradable,15.62,47.57,7.1,Needs Replacement
2026-01-10 02:05:00,F0722,Plastic,78.61,16.35,1.85,Healthy
2026-01-10 02:10:00,F0736,Plastic,91.8,65.59,2.3,Healthy
2026-01-10 02:15:00,F0735,Plastic,43.3,51.14,2.47,Needs Replacement
2026-01-10 02:20:00,F0203,Biodegradable,32.04,41.76,4.33,Needs Replacement
2026-01-10 02:25:00,F0693,Biodegradable,60.55,21.16,3.02,Healthy
2026-01-10 02:30:00,F0998,Plastic,44.25,40.46,1.56,Needs Replacement
2026-01-10 02:35:00,F0717,Plastic,14.39,42.52,7.81,Damaged
2026-01-10 02:40:00,F0775,Plastic,76.17,21.29,6.94,Healthy
2026-01-10 02:45:00,F0423,Biodegradable,39.47,60.16,3.08,Damaged
2026-01-10 02:50:00,F0754,Plastic,28.54,35.59,6.77,Damaged
2026-01-10 02:55:00,F0289,Plastic,0.7,63.43,5.78,Healthy
2026-01-10 03:00:00,F0062,Biodegradable,6.16,39.64,7.32,Needs Replacement
2026-01-10 03:05:00,F0013,Biodegradable,8.0,55.87,6.01,Damaged
2026-01-10 03:10:00,F0371,Biodegradable,8.82,45.29,7.41,Damaged
2026-01-10 03:15:00,F0745,Organic,60.55,67.56,4.98,Needs Replacement
2026-01-10 03:20:00,F0308,Organic,35.81,58.66,3.59,Needs Replacement
2026-01-10 03:25:00,F0175,Plastic,54.59,54.7,2.6,Damaged
2026-01-10 03:30:00,F0946,Organic,35.29,37.9,4.23,Needs Replacement
2026-01-10 03:35:00,F0756,Organic,86.87,37.86,2.07,Needs Replacement
2026-01-10 03:40:00,F0391,Biodegradable,94.96,62.4,6.52,Healthy
2026-01-10 03:45:00,F0678,Plastic,39.94,10.84,6.54,Healthy
2026-01-10 03:50:00,F0401,Organic,59.29,21.03,1.66,Healthy
2026-01-10 03:55:00,F0163,Organic,27.09,21.87,4.48,Damaged
2026-01-10 04:00:00,F0512,Organic,27.77,21.4,5.25,Needs Replacement
2026-01-10 04:05:00,F0062,Organic,94.73,19.59,7.78,Healthy
2026-01-10 04:10:00,F0297,Plastic,6.69,29.4,4.34,Healthy
2026-01-10 04:15:00,F0503,Plastic,51.88,39.65,2.51,Needs Replacement
2026-01-10 04:20:00,F0634,Organic,63.15,30.31,3.17,Damaged
2026-01-10 04:25:00,F0743,Organic,12.18,17.77,2.97,Damaged
2026-01-10 04:30:00,F0065,Plastic,86.41,32.17,7.79,Needs Replacement
2026-01-10 04:35:00,F0705,Plastic,37.0,24.77,7.61,Needs Replacement
2026-01-10 04:40:00,F0288,Biodegradable,63.39,64.11,4.33,Needs Replacement
2026-01-10 04:45:00,F0131,Organic,57.72,29.86,2.36,Damaged
2026-01-10 04:50:00,F0625,Plastic,57.23,64.68,5.96,Healthy
2026-01-10 04:55:00,F0524,Plastic,48.86,38.19,1.14,Needs Replacement
2026-01-10 05:00:00,F0503,Organic,75.02,47.42,1.57,Damaged
2026-01-10 05:05:00,F0069,Organic,90.04,66.83,6.09,Needs Replacement
2026-01-10 05:10:00,F0147,Organic,77.74,57.48,2.93,Healthy
2026-01-10 05:15:00,F0365,Biodegradable,47.37,23.4,1.02,Needs Replacement
2026-01-10 05:20:00,F0497,Organic,56.19,57.02,7.7,Damaged
2026-01-10 05:25:00,F0193,Biodegradable,88.32,22.0,6.68,Damaged
2026-01-10 05:30:00,F0200,Biodegradable,12.04,54.01,6.15,Damaged
2026-01-10 05:35:00,F0839,Plastic,28.25,57.44,3.96,Needs Replacement
2026-01-10 05:40:00,F0668,Biodegradable,26.1,18.64,1.18,Needs Replacement
2026-01-10 05:45:00,F0152,Organic,7.87,37.9,7.37,Damaged
2026-01-10 05:50:00,F0322,Plastic,38.2,19.42,4.11,Needs Replacement
2026-01-10 05:55:00,F0292,Plastic,45.59,21.87,5.25,Damaged
2026-01-10 06:00:00,F0889,Organic,12.85,67.37,1.87,Damaged
2026-01-10 06:05:00,F0385,Biodegradable,47.71,18.51,6.82,Healthy
2026-01-10 06:10:00,F0335,Biodegradable,62.89,48.78,3.77,Healthy
2026-01-10 06:15:00,F0041,Biodegradable,64.36,29.44,6.3,Healthy
2026-01-10 06:20:00,F0950,Plastic,72.28,52.82,4.48,Healthy
2026-01-10 06:25:00,F0241,Plastic,15.16,41.37,7.58,Needs Replacement
2026-01-10 06:30:00,F0769,Plastic,97.23,30.29,3.89,Needs Replacement
2026-01-10 06:35:00,F0809,Organic,40.06,13.73,3.91,Damaged
2026-01-10 06:40:00,F0460,Plastic,15.5,59.37,6.7,Healthy
2026-01-10 06:45:00,F0058,Biodegradable,76.28,62.12,2.59,Damaged
2026-01-10 06:50:00,F0231,Organic,55.77,13.15,6.9,Healthy
2026-01-10 06:55:00,F0978,Plastic,4.22,55.51,7.65,Damaged
2026-01-10 07:00:00,F0406,Plastic,31.95,33.25,5.44,Damaged
2026-01-10 07:05:00,F0714,Organic,76.55,39.53,5.69,Damaged
2026-01-10 07:10:00,F0236,Biodegradable,6.8,22.01,1.25,Needs Replacement
2026-01-10 07:15:00,F0377,Biodegradable,0.72,52.11,5.07,Healthy
2026-01-10 07:20:00,F0643,Biodegradable,39.72,19.14,1.05,Damaged
2026-01-10 07:25:00,F0164,Plastic,28.14,43.38,4.58,Damaged
2026-01-10 07:30:00,F0403,Plastic,25.63,21.75,7.29,Damaged
2026-01-10 07:35:00,F0668,Biodegradable,28.54,11.73,5.22,Damaged
2026-01-10 07:40:00,F0397,Plastic,77.0,22.28,1.79,Damaged
2026-01-10 07:45:00,F0754,Biodegradable,93.31,22.33,6.32,Needs Replacement
2026-01-10 07:50:00,F0838,Organic,83.29,50.45,7.21,Needs Replacement
2026-01-10 07:55:00,F0912,Organic,46.38,48.87,2.61,Healthy
2026-01-10 08:00:00,F0186,Organic,51.11,28.59,2.51,Healthy
2026-01-10 08:05:00,F0469,Organic,49.96,53.2,6.04,Damaged
2026-01-10 08:10:00,F0612,Organic,75.39,65.25,4.36,Damaged
2026-01-10 08:15:00,F0906,Plastic,85.74,24.91,5.31,Healthy
2026-01-10 08:20:00,F0953,Plastic,61.93,61.43,7.63,Needs Replacement
2026-01-10 08:25:00,F0100,Plastic,44.51,53.72,7.73,Needs Replacement
2026-01-10 08:30:00,F0898,Organic,21.53,21.45,3.96,Healthy
2026-01-10 08:35:00,F0036,Plastic,28.0,49.22,3.08,Needs Replacement
2026-01-10 08:40:00,F0820,Plastic,14.18,37.42,7.53,Healthy
2026-01-10 08:45:00,F0032,Organic,91.94,54.66,5.77,Healthy
2026-01-10 08:50:00,F0891,Biodegradable,1.43,15.17,2.64,Damaged
2026-01-10 08:55:00,F0492,Plastic,55.74,26.2,5.92,Damaged
2026-01-10 09:00:00,F0387,Plastic,69.18,22.93,3.78,Healthy
2026-01-10 09:05:00,F0997,Plastic,49.74,59.83,3.89,Damaged
2026-01-10 09:10:00,F0898,Organic,89.74,49.4,7.72,Damaged
2026-01-10 09:15:00,F0025,Biodegradable,28.16,38.75,6.61,Needs Replacement
2026-01-10 09:20:00,F0830,Plastic,96.32,21.28,5.83,Damaged
2026-01-10 09:25:00,F0573,Biodegradable,4.41,43.79,7.0,Needs Replacement
2026-01-10 09:30:00,F0294,Organic,79.2,52.93,6.2,Healthy
2026-01-10 09:35:00,F0168,Organic,59.8,37.38,4.31,Damaged
2026-01-10 09:40:00,F0329,Biodegradable,90.18,53.57,4.79,Damaged
2026-01-10 09:45:00,F0479,Organic,34.68,20.44,3.81,Needs Replacement
2026-01-10 09:50:00,F0692,Biodegradable,14.76,50.36,7.23,Needs Replacement
2026-01-10 09:55:00,F0907,Plastic,36.03,35.9,5.22,Needs Replacement
2026-01-10 10:00:00,F0553,Biodegradable,92.47,48.73,4.16,Healthy
2026-01-10 10:05:00,F0641,Plastic,88.97,30.61,7.43,Damaged
2026-01-10 10:10:00,F0872,Biodegradable,34.16,47.96,6.21,Healthy
2026-01-10 10:15:00,F0406,Plastic,97.72,57.54,6.77,Needs Replacement
2026-01-10 10:20:00,F0533,Plastic,88.07,69.43,4.81,Damaged
2026-01-10 10:25:00,F0169,Biodegradable,0.4,66.07,5.65,Healthy
2026-01-10 10:30:00,F0334,Biodegradable,68.4,57.26,4.42,Needs Replacement
2026-01-10 10:35:00,F0403,Plastic,54.85,33.7,5.6,Damaged
2026-01-10 10:40:00,F0109,Plastic,35.11,34.48,6.26,Damaged
2026-01-10 10:45:00,F0772,Plastic,64.39,19.34,5.86,Damaged
2026-01-10 10:50:00,F0111,Organic,0.06,57.62,4.53,Healthy
2026-01-10 10:55:00,F0774,Organic,91.58,51.7,3.15,Needs Replacement
2026-01-10 11:00:00,F0835,Plastic,82.52,42.52,1.68,Healthy
2026-01-10 11:05:00,F0848,Biodegradable,1.62,27.75,2.45,Healthy
2026-01-10 11:10:00,F0968,Organic,6.7,37.16,1.83,Damaged
2026-01-10 11:15:00,F0398,Organic,40.3,51.87,3.1,Healthy
2026-01-10 11:20:00,F0651,Biodegradable,30.38,47.16,7.44,Damaged
2026-01-10 11:25:00,F0328,Organic,4.19,39.48,1.22,Healthy
2026-01-10 11:30:00,F0771,Biodegradable,25.58,38.42,6.58,Healthy
2026-01-10 11:35:00,F0972,Biodegradable,42.27,45.23,7.16,Needs Replacement
2026-01-10 11:40:00,F0778,Plastic,99.46,32.8,7.74,Needs Replacement
2026-01-10 11:45:00,F0851,Biodegradable,25.22,15.52,2.72,Damaged
2026-01-10 11:50:00,F0248,Biodegradable,92.23,37.28,6.24,Needs Replacement
2026-01-10 11:55:00,F0876,Organic,3.43,28.59,6.44,Healthy
2026-01-10 12:00:00,F0608,Biodegradable,61.37,15.7,5.79,Healthy
2026-01-10 12:05:00,F0475,Organic,93.55,36.67,4.51,Damaged
2026-01-10 12:10:00,F0742,Plastic,56.5,58.08,4.75,Needs Replacement
2026-01-10 12:15:00,F0924,Organic,58.57,51.89,4.44,Needs Replacement
2026-01-10 12:20:00,F0437,Plastic,85.36,12.39,5.21,Damaged
2026-01-10 12:25:00,F0498,Plastic,15.48,60.24,2.39,Healthy
2026-01-10 12:30:00,F0181,Organic,38.73,54.67,5.58,Healthy
2026-01-10 12:35:00,F0598,Organic,30.23,23.41,7.06,Healthy
2026-01-10 12:40:00,F0119,Plastic,71.38,58.51,7.64,Healthy
2026-01-10 12:45:00,F0577,Plastic,13.92,54.42,7.63,Needs Replacement
2026-01-10 12:50:00,F0726,Biodegradable,49.61,57.66,4.01,Damaged
2026-01-10 12:55:00,F0035,Organic,36.83,42.61,3.93,Needs Replacement
2026-01-10 13:00:00,F0270,Biodegradable,55.73,35.34,1.46,Needs Replacement
2026-01-10 13:05:00,F0951,Plastic,47.46,40.43,2.7,Healthy
2026-01-10 13:10:00,F0202,Organic,2.41,15.18,2.31,Damaged
2026-01-10 13:15:00,F0069,Biodegradable,99.65,32.4,2.84,Healthy
2026-01-10 13:20:00,F0208,Plastic,58.21,16.95,1.28,Needs Replacement
2026-01-10 13:25:00,F0062,Biodegradable,13.32,52.09,1.08,Healthy
2026-01-10 13:30:00,F0010,Organic,11.28,49.95,5.1,Healthy
2026-01-10 13:35:00,F0219,Plastic,31.95,24.62,4.36,Damaged
2026-01-10 13:40:00,F0398,Biodegradable,47.48,38.72,1.69,Damaged
2026-01-10 13:45:00,F0684,Plastic,62.7,61.52,1.5,Damaged
2026-01-10 13:50:00,F0075,Biodegradable,14.54,55.63,4.34,Healthy
2026-01-10 13:55:00,F0371,Plastic,24.71,55.2,6.88,Needs Replacement
2026-01-10 14:00:00,F0329,Organic,40.64,55.14,1.3,Healthy
2026-01-10 14:05:00,F0461,Biodegradable,19.26,53.59,3.62,Healthy
2026-01-10 14:10:00,F0810,Biodegradable,74.86,17.64,5.3,Needs Replacement
2026-01-10 14:15:00,F0614,Biodegradable,64.6,55.33,2.1,Needs Replacement
2026-01-10 14:20:00,F0428,Plastic,49.71,14.5,5.2,Damaged
2026-01-10 14:25:00,F0657,Plastic,8.48,63.5,2.02,Needs Replacement
2026-01-10 14:30:00,F0940,Organic,27.74,26.85,5.55,Needs Replacement
2026-01-10 14:35:00,F0876,Organic,83.63,46.32,7.44,Damaged
2026-01-10 14:40:00,F0604,Biodegradable,48.78,55.45,6.88,Damaged
2026-01-10 14:45:00,F0588,Plastic,92.35,46.31,5.63,Needs Replacement
2026-01-10 14:50:00,F0546,Biodegradable,33.71,51.49,7.83,Damaged
2026-01-10 14:55:00,F0278,Organic,63.14,25.1,2.88,Damaged
2026-01-10 15:00:00,F0929,Plastic,51.35,28.78,7.34,Damaged
2026-01-10 15:05:00,F0344,Biodegradable,19.13,68.34,2.34,Damaged
2026-01-10 15:10:00,F0675,Plastic,41.15,25.83,3.97,Damaged
2026-01-10 15:15:00,F0303,Plastic,89.06,18.36,6.39,Damaged
2026-01-10 15:20:00,F0210,Organic,68.6,52.76,4.87,Damaged
2026-01-10 15:25:00,F0299,Biodegradable,52.01,17.03,6.06,Healthy
2026-01-10 15:30:00,F0188,Biodegradable,20.57,57.4,6.81,Needs Replacement
2026-01-10 15:35:00,F0955,Biodegradable,37.5,33.5,6.02,Needs Replacement
2026-01-10 15:40:00,F0259,Plastic,53.74,18.78,5.24,Needs Replacement
2026-01-10 15:45:00,F0194,Organic,81.31,69.03,1.02,Needs Replacement
2026-01-10 15:50:00,F0284,Biodegradable,45.48,69.45,5.09,Damaged
2026-01-10 15:55:00,F0644,Organic,42.05,25.94,7.87,Damaged
2026-01-10 16:00:00,F0144,Plastic,10.81,36.23,3.19,Healthy
2026-01-10 16:05:00,F0868,Plastic,36.13,58.08,1.38,Needs Replacement
2026-01-10 16:10:00,F0099,Biodegradable,10.75,42.11,1.89,Damaged
2026-01-10 16:15:00,F0062,Plastic,42.33,12.4,5.62,Healthy
2026-01-10 16:20:00,F0441,Plastic,33.76,47.46,2.94,Healthy
2026-01-10 16:25:00,F0951,Biodegradable,22.04,46.22,6.26,Needs Replacement
2026-01-10 16:30:00,F0325,Plastic,84.08,19.1,4.88,Healthy
2026-01-10 16:35:00,F0632,Plastic,80.57,59.51,2.42,Healthy
2026-01-10 16:40:00,F0277,Organic,9.12,54.43,7.85,Healthy
2026-01-10 16:45:00,F0471,Biodegradable,9.57,60.72,2.55,Healthy
2026-01-10 16:50:00,F0004,Plastic,89.19,65.06,2.96,Damaged
2026-01-10 16:55:00,F0396,Organic,30.85,44.78,5.2,Healthy
2026-01-10 17:00:00,F0455,Organic,23.22,60.84,3.86,Healthy
2026-01-10 17:05:00,F0390,Plastic,73.92,33.07,5.31,Damaged
2026-01-10 17:10:00,F0448,Biodegradable,76.51,22.31,5.71,Needs Replacement
2026-01-10 17:15:00,F0859,Organic,32.21,39.94,5.31,Damaged
2026-01-10 17:20:00,F0858,Biodegradable,20.55,18.67,1.54,Damaged
2026-01-10 17:25:00,F0322,Organic,37.77,57.28,2.45,Needs Replacement
2026-01-10 17:30:00,F0389,Biodegradable,27.41,52.9,7.29,Needs Replacement
2026-01-10 17:35:00,F0661,Biodegradable,96.07,51.19,4.94,Healthy
2026-01-10 17:40:00,F0354,Organic,45.22,58.01,3.72,Needs Replacement
2026-01-10 17:45:00,F0435,Plastic,2.05,36.18,4.12,Needs Replacement
2026-01-10 17:50:00,F0267,Organic,25.49,23.71,3.57,Healthy
2026-01-10 17:55:00,F0614,Biodegradable,16.85,61.22,5.52,Healthy
2026-01-10 18:00:00,F0779,Plastic,84.59,68.75,3.55,Healthy
2026-01-10 18:05:00,F0567,Plastic,70.71,19.53,5.31,Needs Replacement
2026-01-10 18:10:00,F0301,Plastic,7.93,65.92,4.17,Needs Replacement
2026-01-10 18:15:00,F0320,Plastic,27.85,64.96,2.6,Damaged
2026-01-10 18:20:00,F0587,Biodegradable,6.68,62.31,5.35,Damaged
2026-01-10 18:25:00,F0917,Plastic,17.59,42.88,7.59,Healthy
2026-01-10 18:30:00,F0079,Plastic,1.72,67.68,5.22,Healthy
2026-01-10 18:35:00,F0798,Organic,26.9,56.99,4.74,Damaged
2026-01-10 18:40:00,F0955,Plastic,76.09,53.39,2.07,Healthy
2026-01-10 18:45:00,F0279,Biodegradable,78.69,29.53,2.2,Healthy
2026-01-10 18:50:00,F0172,Plastic,50.09,63.69,3.76,Needs Replacement
2026-01-10 18:55:00,F0855,Organic,15.59,17.94,7.03,Damaged
2026-01-10 19:00:00,F0728,Plastic,78.32,37.74,4.18,Damaged
2026-01-10 19:05:00,F0069,Organic,24.82,48.41,6.28,Healthy
2026-01-10 19:10:00,F0694,Organic,0.06,37.65,6.59,Damaged
2026-01-10 19:15:00,F0986,Biodegradable,54.15,34.23,4.68,Damaged
2026-01-10 19:20:00,F0768,Organic,35.39,46.33,6.03,Needs Replacement
2026-01-10 19:25:00,F0512,Plastic,52.35,34.46,4.52,Healthy
2026-01-10 19:30:00,F0306,Plastic,20.69,45.99,3.57,Damaged
2026-01-10 19:35:00,F0025,Organic,90.42,32.95,3.1,Needs Replacement
2026-01-10 19:40:00,F0654,Plastic,19.87,10.96,4.05,Needs Replacement
2026-01-10 19:45:00,F0665,Organic,86.52,57.43,6.24,Needs Replacement
2026-01-10 19:50:00,F0450,Organic,24.45,10.98,2.59,Needs Replacement
2026-01-10 19:55:00,F0210,Organic,39.92,52.77,3.6,Healthy
2026-01-10 20:00:00,F0919,Biodegradable,41.58,13.08,7.63,Healthy
2026-01-10 20:05:00,F0396,Biodegradable,29.54,13.19,4.26,Needs Replacement
2026-01-10 20:10:00,F0565,Organic,7.81,27.64,6.75,Healthy
2026-01-10 20:15:00,F0361,Organic,93.4,62.12,4.36,Healthy
2026-01-10 20:20:00,F0104,Plastic,31.03,40.4,1.08,Damaged
2026-01-10 20:25:00,F0224,Biodegradable,71.11,26.18,1.17,Damaged
2026-01-10 20:30:00,F0628,Organic,37.13,36.9,3.34,Needs Replacement
2026-01-10 20:35:00,F0530,Biodegradable,62.18,27.1,1.36,Healthy
2026-01-10 20:40:00,F0527,Plastic,88.35,55.51,4.03,Damaged
2026-01-10 20:45:00,F0069,Plastic,77.93,53.72,4.96,Needs Replacement
2026-01-10 20:50:00,F0651,Organic,33.02,52.86,6.12,Healthy
2026-01-10 20:55:00,F0394,Organic,14.22,64.9,1.65,Needs Replacement
2026-01-10 21:00:00,F0137,Plastic,22.02,12.64,1.08,Needs Replacement
2026-01-10 21:05:00,F0156,Organic,56.93,35.06,6.78,Damaged
2026-01-10 21:10:00,F0068,Plastic,56.82,69.43,2.47,Healthy
2026-01-10 21:15:00,F0480,Plastic,26.55,38.96,1.46,Damaged
2026-01-10 21:20:00,F0921,Organic,49.35,14.8,4.22,Damaged
2026-01-10 21:25:00,F0980,Organic,72.79,32.33,4.28,Damaged
2026-01-10 21:30:00,F0339,Biodegradable,55.86,63.35,6.7,Damaged
2026-01-10 21:35:00,F0734,Biodegradable,32.65,19.34,5.77,Damaged
2026-01-10 21:40:00,F0252,Plastic,68.26,58.37,6.45,Healthy
2026-01-10 21:45:00,F0308,Organic,43.39,26.33,7.58,Damaged
2026-01-10 21:50:00,F0821,Organic,99.13,13.08,5.14,Healthy
2026-01-10 21:55:00,F0225,Plastic,82.41,43.3,6.91,Needs Replacement
2026-01-10 22:00:00,F0518,Organic,90.52,65.56,5.88,Needs Replacement
2026-01-10 22:05:00,F0084,Plastic,74.25,35.16,3.32,Healthy
2026-01-10 22:10:00,F0794,Organic,62.31,66.91,5.64,Healthy
2026-01-10 22:15:00,F0485,Plastic,43.56,58.9,2.08,Needs Replacement
2026-01-10 22:20:00,F0901,Organic,93.76,17.09,2.65,Needs Replacement
2026-01-10 22:25:00,F0294,Plastic,58.84,34.32,6.95,Damaged
2026-01-10 22:30:00,F0608,Organic,80.45,30.17,5.19,Healthy
2026-01-10 22:35:00,F0154,Biodegradable,10.07,14.94,6.16,Needs Replacement
2026-01-10 22:40:00,F0828,Biodegradable,49.26,15.54,7.79,Damaged
2026-01-10 22:45:00,F0034,Plastic,15.19,13.08,4.3,Needs Replacement
2026-01-10 22:50:00,F0847,Biodegradable,98.37,32.01,5.8,Needs Replacement
2026-01-10 22:55:00,F0318,Organic,66.61,15.25,2.16,Healthy
2026-01-10 23:00:00,F0630,Plastic,3.89,44.97,7.92,Healthy
2026-01-10 23:05:00,F0503,Plastic,78.95,63.82,6.77,Needs Replacement
2026-01-10 23:10:00,F0852,Biodegradable,59.34,46.93,4.68,Needs Replacement
2026-01-10 23:15:00,F0162,Biodegradable,13.86,37.74,6.97,Damaged
2026-01-10 23:20:00,F0291,Plastic,51.49,39.78,2.57,Needs Replacement
2026-01-10 23:25:00,F0830,Organic,85.22,49.9,5.86,Needs Replacement
2026-01-10 23:30:00,F0835,Organic,95.17,28.38,5.57,Needs Replacement
2026-01-10 23:35:00,F0317,Biodegradable,80.7,24.11,7.89,Needs Replacement
2026-01-10 23:40:00,F0038,Plastic,21.05,37.68,5.92,Healthy
2026-01-10 23:45:00,F0460,Plastic,58.77,17.06,1.75,Healthy
2026-01-10 23:50:00,F0328,Biodegradable,72.28,26.95,3.33,Healthy
2026-01-10 23:55:00,F0660,Biodegradable,71.86,36.12,1.86,Damaged
2026-01-11 00:00:00,F0215,Organic,55.21,45.26,7.56,Damaged
2026-01-11 00:05:00,F0068,Plastic,3.38,19.39,2.34,Healthy
2026-01-11 00:10:00,F0833,Organic,84.11,58.22,3.73,Needs Replacement
2026-01-11 00:15:00,F0332,Organic,65.83,33.85,5.96,Healthy
2026-01-11 00:20:00,F0675,Organic,81.58,54.72,5.95,Damaged
2026-01-11 00:25:00,F0169,Organic,86.81,21.04,7.08,Needs Replacement
2026-01-11 00:30:00,F0044,Plastic,9.32,62.53,3.34,Healthy
2026-01-11 00:35:00,F0208,Biodegradable,51.28,39.72,2.95,Healthy
2026-01-11 00:40:00,F0729,Organic,41.79,56.25,5.42,Damaged
2026-01-11 00:45:00,F0845,Biodegradable,37.3,10.16,4.38,Healthy
2026-01-11 00:50:00,F0755,Biodegradable,21.11,29.95,5.61,Damaged
2026-01-11 00:55:00,F0605,Biodegradable,27.34,33.44,4.7,Damaged
2026-01-11 01:00:00,F0041,Organic,19.67,56.18,6.12,Damaged
2026-01-11 01:05:00,F0468,Plastic,59.1,27.41,7.98,Needs Replacement
2026-01-11 01:10:00,F0811,Plastic,33.26,34.44,5.39,Needs Replacement
2026-01-11 01:15:00,F0906,Biodegradable,82.96,35.03,4.24,Damaged
2026-01-11 01:20:00,F0461,Organic,23.09,28.91,5.14,Needs Replacement
2026-01-11 01:25:00,F0685,Biodegradable,89.15,61.13,6.72,Needs Replacement
2026-01-11 01:30:00,F0228,Organic,39.48,10.26,2.6,Healthy
2026-01-11 01:35:00,F0822,Organic,39.7,35.8,7.71,Damaged
2026-01-11 01:40:00,F0514,Biodegradable,81.44,42.79,3.92,Damaged
2026-01-11 01:45:00,F0509,Biodegradable,78.8,56.13,5.64,Healthy
2026-01-11 01:50:00,F0876,Plastic,53.41,43.14,6.46,Needs Replacement
2026-01-11 01:55:00,F0206,Plastic,56.08,29.72,4.82,Damaged
2026-01-11 02:00:00,F0492,Plastic,42.95,29.73,2.72,Healthy
2026-01-11 02:05:00,F0674,Organic,12.99,54.96,2.81,Damaged
2026-01-11 02:10:00,F0747,Plastic,25.71,19.71,3.99,Needs Replacement
2026-01-11 02:15:00,F0556,Biodegradable,9.76,65.9,3.17,Damaged
2026-01-11 02:20:00,F0125,Plastic,63.9,14.57,2.09,Healthy
2026-01-11 02:25:00,F0277,Plastic,6.6,56.22,6.31,Healthy
2026-01-11 02:30:00,F0856,Biodegradable,76.49,30.25,4.5,Needs Replacement
2026-01-11 02:35:00,F0805,Plastic,51.08,38.87,5.3,Needs Replacement
2026-01-11 02:40:00,F0194,Biodegradable,78.9,31.19,3.72,Needs Replacement
2026-01-11 02:45:00,F0993,Plastic,72.53,64.66,5.34,Healthy
2026-01-11 02:50:00,F0707,Biodegradable,16.23,30.53,4.65,Healthy
2026-01-11 02:55:00,F0031,Organic,47.87,65.48,5.42,Needs Replacement
2026-01-11 03:00:00,F0795,Organic,79.27,35.94,6.65,Healthy
2026-01-11 03:05:00,F0601,Biodegradable,16.75,47.26,4.38,Damaged
2026-01-11 03:10:00,F0673,Organic,6.69,69.58,2.59,Damaged
2026-01-11 03:15:00,F0204,Plastic,77.08,33.24,5.5,Healthy
2026-01-11 03:20:00,F0681,Organic,45.29,10.22,3.49,Damaged
2026-01-11 03:25:00,F0323,Organic,33.87,54.98,1.05,Healthy
2026-01-11 03:30:00,F0785,Plastic,13.41,15.76,4.64,Damaged
2026-01-11 03:35:00,F0744,Organic,13.58,39.66,7.97,Healthy
2026-01-11 03:40:00,F0325,Plastic,62.49,11.95,6.85,Needs Replacement
2026-01-11 03:45:00,F0110,Plastic,53.71,35.54,1.27,Needs Replacement
2026-01-11 03:50:00,F0836,Organic,66.48,69.9,5.87,Healthy
2026-01-11 03:55:00,F0999,Biodegradable,28.07,60.98,7.87,Needs Replacement
2026-01-11 04:00:00,F0024,Plastic,7.51,28.5,3.1,Needs Replacement
2026-01-11 04:05:00,F0954,Biodegradable,32.78,52.71,7.09,Damaged
2026-01-11 04:10:00,F0999,Organic,59.95,16.01,1.79,Needs Replacement
2026-01-11 04:15:00,F0597,Plastic,31.83,17.42,5.03,Healthy
2026-01-11 04:20:00,F0773,Biodegradable,4.91,28.69,6.32,Healthy
2026-01-11 04:25:00,F0708,Biodegradable,81.16,42.94,5.04,Needs Replacement
2026-01-11 04:30:00,F0414,Plastic,90.63,49.47,1.7,Needs Replacement
2026-01-11 04:35:00,F0276,Biodegradable,91.88,35.21,5.61,Healthy
2026-01-11 04:40:00,F0005,Plastic,13.69,15.66,7.61,Needs Replacement
2026-01-11 04:45:00,F0110,Organic,4.25,58.57,3.84,Healthy
2026-01-11 04:50:00,F0084,Organic,59.09,43.67,6.56,Healthy
2026-01-11 04:55:00,F0107,Biodegradable,18.51,65.09,5.9,Healthy
2026-01-11 05:00:00,F0756,Biodegradable,47.03,53.72,1.89,Damaged
2026-01-11 05:05:00,F0897,Organic,23.86,34.47,5.77,Damaged
2026-01-11 05:10:00,F0561,Plastic,79.47,56.58,2.31,Healthy
2026-01-11 05:15:00,F0845,Biodegradable,42.97,46.8,3.72,Needs Replacement
2026-01-11 05:20:00,F0933,Biodegradable,34.43,34.27,5.14,Needs Replacement
2026-01-11 05:25:00,F0724,Organic,26.94,46.98,7.23,Needs Replacement
2026-01-11 05:30:00,F0416,Biodegradable,64.83,39.86,7.84,Healthy
2026-01-11 05:35:00,F0834,Biodegradable,74.68,51.48,5.04,Damaged
2026-01-11 05:40:00,F0042,Plastic,12.0,50.26,1.93,Healthy
2026-01-11 05:45:00,F0137,Plastic,74.49,53.88,5.79,Needs Replacement
2026-01-11 05:50:00,F0735,Plastic,95.94,44.47,5.56,Damaged
2026-01-11 05:55:00,F0148,Plastic,1.38,16.42,2.44,Damaged
2026-01-11 06:00:00,F0421,Organic,64.8,17.39,3.58,Damaged
2026-01-11 06:05:00,F0879,Biodegradable,51.89,26.5,5.64,Healthy
2026-01-11 06:10:00,F0879,Biodegradable,20.68,31.19,7.09,Healthy
2026-01-11 06:15:00,F0259,Plastic,48.99,66.95,4.06,Needs Replacement
2026-01-11 06:20:00,F0062,Biodegradable,46.36,13.68,7.22,Needs Replacement
2026-01-11 06:25:00,F0295,Plastic,52.43,22.23,1.77,Needs Replacement
2026-01-11 06:30:00,F0805,Biodegradable,27.93,35.57,1.1,Healthy
2026-01-11 06:35:00,F0461,Plastic,58.65,30.87,5.51,Damaged
2026-01-11 06:40:00,F0277,Plastic,86.38,60.37,7.74,Needs Replacement
2026-01-11 06:45:00,F0241,Biodegradable,22.06,64.29,1.12,Needs Replacement
2026-01-11 06:50:00,F0658,Plastic,38.46,69.19,4.86,Healthy
2026-01-11 06:55:00,F0102,Organic,26.77,32.25,2.78,Damaged
2026-01-11 07:00:00,F0065,Biodegradable,51.65,28.61,3.83,Healthy
2026-01-11 07:05:00,F0776,Biodegradable,24.12,26.97,6.67,Damaged
2026-01-11 07:10:00,F0944,Plastic,85.59,44.46,7.47,Damaged
2026-01-11 07:15:00,F0021,Organic,49.7,41.7,2.04,Damaged
2026-01-11 07:20:00,F0493,Plastic,76.97,35.18,3.39,Healthy
2026-01-11 07:25:00,F0258,Biodegradable,10.85,28.38,6.35,Needs Replacement
2026-01-11 07:30:00,F0984,Biodegradable,58.62,47.73,5.69,Damaged
2026-01-11 07:35:00,F0201,Plastic,56.4,15.77,4.3,Needs Replacement
2026-01-11 07:40:00,F0247,Biodegradable,4.58,30.17,4.3,Needs Replacement
2026-01-11 07:45:00,F0707,Plastic,49.32,35.85,4.94,Healthy
2026-01-11 07:50:00,F0045,Plastic,56.52,18.22,3.88,Needs Replacement
2026-01-11 07:55:00,F0698,Biodegradable,41.24,69.76,1.51,Needs Replacement
2026-01-11 08:00:00,F0380,Plastic,71.84,23.24,2.5,Healthy
2026-01-11 08:05:00,F0288,Biodegradable,25.65,65.09,3.86,Damaged
2026-01-11 08:10:00,F0946,Plastic,88.98,63.59,1.65,Damaged
2026-01-11 08:15:00,F0550,Biodegradable,11.88,58.32,6.54,Damaged
2026-01-11 08:20:00,F0284,Biodegradable,93.83,24.47,4.33,Healthy
2026-01-11 08:25:00,F0863,Organic,65.73,51.75,1.04,Healthy
2026-01-11 08:30:00,F0516,Biodegradable,79.57,63.25,1.7,Healthy
2026-01-11 08:35:00,F0358,Organic,92.48,26.66,3.99,Needs Replacement
2026-01-11 08:40:00,F0643,Biodegradable,55.63,19.86,6.17,Healthy
2026-01-11 08:45:00,F0240,Biodegradable,66.73,21.55,6.76,Healthy
2026-01-11 08:50:00,F0136,Organic,73.24,21.75,2.46,Needs Replacement
2026-01-11 08:55:00,F0033,Plastic,6.13,36.97,5.33,Damaged
2026-01-11 09:00:00,F0902,Organic,91.22,22.25,5.39,Damaged
2026-01-11 09:05:00,F0163,Organic,43.18,51.28,6.84,Needs Replacement
2026-01-11 09:10:00,F0701,Organic,0.76,32.47,4.73,Healthy
2026-01-11 09:15:00,F0426,Plastic,8.48,19.45,1.51,Needs Replacement
2026-01-11 09:20:00,F0533,Biodegradable,22.93,58.76,2.86,Damaged
2026-01-11 09:25:00,F0606,Biodegradable,88.38,41.85,7.31,Needs Replacement
2026-01-11 09:30:00,F0546,Biodegradable,88.64,19.44,7.98,Damaged
2026-01-11 09:35:00,F0857,Organic,21.56,36.94,2.2,Needs Replacement
2026-01-11 09:40:00,F0818,Plastic,31.57,46.38,7.48,Healthy
2026-01-11 09:45:00,F0950,Plastic,40.58,32.53,4.75,Damaged
2026-01-11 09:50:00,F0236,Biodegradable,11.53,51.67,7.31,Damaged
2026-01-11 09:55:00,F0405,Biodegradable,53.35,61.43,4.92,Damaged
2026-01-11 10:00:00,F0185,Biodegradable,71.24,59.0,1.37,Healthy
2026-01-11 10:05:00,F0879,Biodegradable,79.89,24.43,1.36,Damaged
2026-01-11 10:10:00,F0348,Biodegradable,88.44,24.49,4.87,Damaged
2026-01-11 10:15:00,F0848,Plastic,9.35,25.67,4.84,Healthy
2026-01-11 10:20:00,F0823,Plastic,42.77,61.01,2.44,Damaged
2026-01-11 10:25:00,F0074,Organic,63.62,41.08,5.37,Damaged
2026-01-11 10:30:00,F0472,Plastic,63.39,14.81,6.32,Damaged
2026-01-11 10:35:00,F0784,Plastic,27.63,60.83,1.21,Healthy
2026-01-11 10:40:00,F0741,Plastic,77.53,51.45,7.04,Healthy
2026-01-11 10:45:00,F0600,Plastic,32.25,55.45,6.66,Healthy
2026-01-11 10:50:00,F0450,Biodegradable,68.8,38.85,6.64,Damaged
2026-01-11 10:55:00,F0620,Plastic,37.15,57.25,6.24,Damaged
2026-01-11 11:00:00,F0118,Biodegradable,14.98,31.2,3.65,Damaged
2026-01-11 11:05:00,F0559,Plastic,28.99,27.53,2.11,Damaged
2026-01-11 11:10:00,F0535,Plastic,66.81,42.4,3.01,Healthy
2026-01-11 11:15:00,F0808,Plastic,17.57,55.79,4.51,Needs Replacement
2026-01-11 11:20:00,F0027,Plastic,37.94,12.42,4.04,Damaged
2026-01-11 11:25:00,F0387,Organic,4.89,49.72,7.2,Damaged
2026-01-11 11:30:00,F0543,Plastic,34.15,31.69,4.61,Needs Replacement
2026-01-11 11:35:00,F0817,Organic,37.77,17.38,3.89,Damaged
2026-01-11 11:40:00,F0375,Organic,22.78,29.3,5.63,Healthy
2026-01-11 11:45:00,F0732,Plastic,78.51,32.52,1.29,Damaged
2026-01-11 11:50:00,F0617,Biodegradable,46.98,34.4,2.68,Damaged
2026-01-11 11:55:00,F0791,Biodegradable,46.0,31.3,7.99,Damaged
2026-01-11 12:00:00,F0129,Plastic,95.31,61.37,4.68,Healthy
2026-01-11 12:05:00,F0402,Organic,26.78,12.82,1.86,Damaged
2026-01-11 12:10:00,F0006,Organic,12.43,43.35,4.71,Damaged
2026-01-11 12:15:00,F0561,Organic,73.33,67.73,5.51,Needs Replacement
2026-01-11 12:20:00,F0736,Plastic,88.05,24.94,2.36,Damaged
2026-01-11 12:25:00,F0690,Plastic,64.77,33.98,2.7,Healthy
2026-01-11 12:30:00,F0175,Biodegradable,69.66,47.14,3.07,Damaged
2026-01-11 12:35:00,F0305,Plastic,64.52,50.02,3.15,Healthy
2026-01-11 12:40:00,F0378,Biodegradable,24.27,35.19,6.02,Damaged
2026-01-11 12:45:00,F0984,Organic,84.5,35.85,1.73,Healthy
2026-01-11 12:50:00,F0969,Biodegradable,46.2,12.45,3.73,Needs Replacement
2026-01-11 12:55:00,F0298,Plastic,15.67,66.77,3.62,Healthy
2026-01-11 13:00:00,F0349,Biodegradable,40.33,23.74,5.73,Damaged
2026-01-11 13:05:00,F0747,Plastic,18.7,21.5,7.06,Damaged
2026-01-11 13:10:00,F0287,Organic,8.46,32.64,3.88,Damaged
2026-01-11 13:15:00,F0941,Plastic,57.57,58.88,4.54,Healthy
2026-01-11 13:20:00,F0513,Biodegradable,73.08,32.1,4.89,Healthy
2026-01-11 13:25:00,F0138,Organic,83.04,26.53,6.08,Damaged
2026-01-11 13:30:00,F0039,Organic,83.18,13.69,5.82,Damaged
2026-01-11 13:35:00,F0210,Plastic,63.91,69.59,3.04,Healthy
2026-01-11 13:40:00,F0539,Organic,96.97,59.44,2.36,Damaged
2026-01-11 13:45:00,F0228,Plastic,31.51,52.53,3.76,Healthy
2026-01-11 13:50:00,F0478,Biodegradable,9.01,52.68,4.18,Healthy
2026-01-11 13:55:00,F0608,Plastic,54.44,46.39,2.39,Damaged
2026-01-11 14:00:00,F0660,Organic,67.88,39.55,1.94,Healthy
2026-01-11 14:05:00,F0079,Plastic,3.92,34.4,1.24,Damaged
2026-01-11 14:10:00,F0399,Plastic,76.14,39.8,7.73,Needs Replacement
2026-01-11 14:15:00,F0738,Biodegradable,96.07,61.5,6.45,Healthy
2026-01-11 14:20:00,F0831,Plastic,1.07,21.09,6.74,Damaged
2026-01-11 14:25:00,F0131,Biodegradable,10.67,56.72,1.78,Damaged
2026-01-11 14:30:00,F0484,Biodegradable,92.43,24.66,3.64,Damaged
2026-01-11 14:35:00,F0611,Plastic,49.74,53.76,6.76,Damaged
2026-01-11 14:40:00,F0697,Plastic,90.79,65.0,7.18,Needs Replacement
2026-01-11 14:45:00,F0060,Plastic,36.79,57.52,1.94,Needs Replacement
2026-01-11 14:50:00,F0655,Biodegradable,60.37,58.51,7.1,Needs Replacement
2026-01-11 14:55:00,F0543,Organic,10.89,27.53,2.62,Needs Replacement
2026-01-11 15:00:00,F0418,Plastic,83.81,45.19,6.3,Healthy
2026-01-11 15:05:00,F0617,Biodegradable,81.49,19.46,2.51,Healthy
2026-01-11 15:10:00,F0429,Plastic,7.35,37.08,3.35,Healthy
2026-01-11 15:15:00,F0749,Organic,25.51,12.19,6.22,Healthy
2026-01-11 15:20:00,F0850,Organic,51.97,34.43,6.23,Damaged
2026-01-11 15:25:00,F0959,Organic,2.13,57.52,2.66,Needs Replacement
2026-01-11 15:30:00,F0711,Plastic,43.54,57.44,1.32,Healthy
2026-01-11 15:35:00,F0962,Plastic,74.63,35.59,6.93,Healthy
2026-01-11 15:40:00,F0370,Organic,87.48,13.32,7.19,Needs Replacement
2026-01-11 15:45:00,F0028,Organic,88.45,15.3,7.1,Healthy
2026-01-11 15:50:00,F0218,Plastic,68.49,14.36,7.58,Healthy
2026-01-11 15:55:00,F0054,Organic,76.76,25.24,3.38,Damaged
2026-01-11 16:00:00,F0642,Organic,55.03,36.17,1.76,Needs Replacement
2026-01-11 16:05:00,F0216,Biodegradable,76.31,48.65,2.0,Needs Replacement
2026-01-11 16:10:00,F0312,Biodegradable,29.04,67.79,1.81,Healthy
2026-01-11 16:15:00,F0351,Organic,79.38,69.11,6.46,Healthy
2026-01-11 16:20:00,F0916,Biodegradable,47.69,50.03,4.85,Healthy
2026-01-11 16:25:00,F0630,Biodegradable,40.75,22.72,5.52,Healthy
2026-01-11 16:30:00,F0711,Plastic,5.34,50.02,4.16,Damaged
2026-01-11 16:35:00,F0595,Biodegradable,82.23,40.44,7.95,Healthy
2026-01-11 16:40:00,F0017,Biodegradable,80.33,27.15,2.27,Needs Replacement
2026-01-11 16:45:00,F0775,Biodegradable,99.19,44.97,2.16,Damaged
2026-01-11 16:50:00,F0640,Biodegradable,57.28,66.56,3.95,Needs Replacement
2026-01-11 16:55:00,F0658,Biodegradable,86.96,49.41,6.81,Damaged
2026-01-11 17:00:00,F0875,Organic,74.6,50.55,6.33,Healthy
2026-01-11 17:05:00,F0375,Biodegradable,88.92,27.73,4.75,Needs Replacement
2026-01-11 17:10:00,F0579,Plastic,63.68,44.13,2.03,Needs Replacement
2026-01-11 17:15:00,F0634,Plastic,2.13,40.03,3.17,Healthy
2026-01-11 17:20:00,F0827,Plastic,89.05,16.5,6.87,Needs Replacement
2026-01-11 17:25:00,F0578,Biodegradable,78.05,56.58,4.01,Healthy
2026-01-11 17:30:00,F0485,Plastic,40.78,51.98,7.93,Needs Replacement
2026-01-11 17:35:00,F0914,Plastic,64.02,37.43,3.92,Damaged
2026-01-11 17:40:00,F0966,Biodegradable,44.2,54.96,3.17,Healthy
2026-01-11 17:45:00,F0617,Organic,52.0,23.22,5.69,Damaged
2026-01-11 17:50:00,F0919,Biodegradable,24.4,67.0,1.97,Healthy
2026-01-11 17:55:00,F0919,Organic,83.6,68.86,6.8,Needs Replacement
2026-01-11 18:00:00,F0712,Biodegradable,88.73,17.07,2.0,Damaged
2026-01-11 18:05:00,F0803,Plastic,43.41,11.8,6.63,Needs Replacement
2026-01-11 18:10:00,F0445,Biodegradable,59.05,31.52,5.74,Needs Replacement
2026-01-11 18:15:00,F0353,Organic,9.35,43.04,5.01,Damaged
2026-01-11 18:20:00,F0494,Organic,7.28,59.75,1.1,Healthy
2026-01-11 18:25:00,F0195,Biodegradable,67.2,51.14,2.02,Needs Replacement
2026-01-11 18:30:00,F0258,Plastic,57.15,68.83,6.25,Needs Replacement
2026-01-11 18:35:00,F0792,Organic,39.87,18.94,5.11,Damaged
2026-01-11 18:40:00,F0853,Plastic,27.19,63.94,6.98,Needs Replacement
2026-01-11 18:45:00,F0527,Organic,75.23,10.06,5.67,Damaged
2026-01-11 18:50:00,F0057,Plastic,39.07,63.11,1.44,Needs Replacement
2026-01-11 18:55:00,F0834,Biodegradable,50.39,14.5,5.68,Needs Replacement
2026-01-11 19:00:00,F0969,Plastic,82.36,59.4,1.18,Needs Replacement
2026-01-11 19:05:00,F0301,Biodegradable,52.78,46.72,2.95,Damaged
2026-01-11 19:10:00,F0418,Plastic,7.32,54.26,1.38,Damaged
2026-01-11 19:15:00,F0658,Organic,52.18,62.31,7.65,Damaged
2026-01-11 19:20:00,F0287,Organic,14.36,53.8,2.54,Healthy
2026-01-11 19:25:00,F0401,Plastic,89.57,36.44,5.19,Healthy
2026-01-11 19:30:00,F0413,Organic,71.43,36.94,1.98,Damaged
2026-01-11 19:35:00,F0818,Plastic,13.0,18.23,1.14,Damaged
2026-01-11 19:40:00,F0945,Organic,87.24,53.5,6.78,Healthy
2026-01-11 19:45:00,F0069,Organic,98.2,43.93,7.53,Healthy
2026-01-11 19:50:00,F0069,Plastic,39.73,41.44,4.73,Healthy
2026-01-11 19:55:00,F0978,Organic,20.27,23.93,7.56,Needs Replacement
2026-01-11 20:00:00,F0985,Organic,71.49,20.27,3.41,Healthy
2026-01-11 20:05:00,F0210,Plastic,46.72,65.63,4.25,Damaged
2026-01-11 20:10:00,F0116,Plastic,10.17,46.18,1.0,Needs Replacement
2026-01-11 20:15:00,F0136,Organic,23.8,40.8,5.69,Needs Replacement
2026-01-11 20:20:00,F0195,Plastic,54.61,68.59,3.63,Needs Replacement
2026-01-11 20:25:00,F0271,Biodegradable,7.43,50.07,3.08,Healthy
2026-01-11 20:30:00,F0049,Plastic,72.6,20.12,5.05,Needs Replacement
2026-01-11 20:35:00,F0442,Organic,29.4,12.58,6.72,Needs Replacement
2026-01-11 20:40:00,F0257,Plastic,99.49,24.19,2.43,Needs Replacement
2026-01-11 20:45:00,F0475,Biodegradable,47.04,16.5,1.99,Needs Replacement
2026-01-11 20:50:00,F0015,Plastic,66.73,20.22,2.31,Damaged
2026-01-11 20:55:00,F0550,Plastic,9.23,39.49,6.74,Healthy
2026-01-11 21:00:00,F0430,Plastic,62.83,25.67,7.51,Damaged
2026-01-11 21:05:00,F0749,Biodegradable,54.61,54.07,4.44,Damaged
2026-01-11 21:10:00,F0238,Biodegradable,43.79,55.47,7.07,Healthy
2026-01-11 21:15:00,F0698,Organic,87.66,60.88,2.24,Needs Replacement
2026-01-11 21:20:00,F0983,Biodegradable,2.92,23.73,6.25,Healthy
2026-01-11 21:25:00,F0652,Organic,49.28,52.17,4.81,Needs Replacement
2026-01-11 21:30:00,F0717,Plastic,68.07,69.67,4.18,Needs Replacement
2026-01-11 21:35:00,F0531,Plastic,86.09,39.79,7.3,Healthy
2026-01-11 21:40:00,F0087,Biodegradable,36.51,10.14,4.78,Healthy
2026-01-11 21:45:00,F0164,Plastic,18.04,47.75,3.3,Needs Replacement
2026-01-11 21:50:00,F0344,Biodegradable,67.87,49.57,1.1,Needs Replacement
2026-01-11 21:55:00,F0154,Biodegradable,93.71,51.2,3.83,Healthy
2026-01-11 22:00:00,F0585,Plastic,52.28,56.21,2.22,Needs Replacement
2026-01-11 22:05:00,F0978,Plastic,56.79,68.13,6.28,Damaged
2026-01-11 22:10:00,F0441,Biodegradable,59.06,56.35,2.88,Damaged
2026-01-11 22:15:00,F0976,Plastic,54.19,57.0,7.08,Healthy
2026-01-11 22:20:00,F0035,Biodegradable,89.22,12.27,3.32,Damaged
2026-01-11 22:25:00,F0999,Biodegradable,72.96,49.74,4.8,Damaged
2026-01-11 22:30:00,F0664,Plastic,71.68,25.05,7.78,Needs Replacement
2026-01-11 22:35:00,F0525,Biodegradable,88.25,30.26,6.15,Damaged
2026-01-11 22:40:00,F0642,Biodegradable,6.6,15.04,3.43,Damaged
2026-01-11 22:45:00,F0712,Biodegradable,45.79,58.62,7.39,Needs Replacement
2026-01-11 22:50:00,F0558,Organic,9.17,65.42,2.65,Needs Replacement
2026-01-11 22:55:00,F0673,Plastic,39.05,21.76,6.38,Healthy
2026-01-11 23:00:00,F0080,Biodegradable,93.39,37.12,3.66,Healthy
2026-01-11 23:05:00,F0626,Biodegradable,71.94,49.82,4.23,Needs Replacement
2026-01-11 23:10:00,F0938,Organic,38.45,19.0,5.37,Damaged
2026-01-11 23:15:00,F0133,Organic,49.72,60.73,6.86,Damaged
2026-01-11 23:20:00,F0810,Biodegradable,57.68,39.63,6.25,Damaged
2026-01-11 23:25:00,F0191,Biodegradable,31.83,41.46,3.79,Damaged
2026-01-11 23:30:00,F0905,Plastic,79.24,32.12,5.87,Damaged
2026-01-11 23:35:00,F0391,Biodegradable,89.47,31.62,7.96,Damaged
2026-01-11 23:40:00,F0690,Plastic,33.19,37.4,1.27,Healthy
2026-01-11 23:45:00,F0351,Organic,27.96,42.51,6.45,Needs Replacement
2026-01-11 23:50:00,F0608,Organic,25.12,66.05,3.75,Healthy
2026-01-11 23:55:00,F0191,Biodegradable,14.04,59.59,5.28,Healthy
2026-01-12 00:00:00,F0590,Organic,63.39,17.99,4.73,Needs Replacement
2026-01-12 00:05:00,F0560,Biodegradable,83.03,23.33,7.58,Healthy
2026-01-12 00:10:00,F0697,Organic,34.02,19.87,1.56,Healthy
2026-01-12 00:15:00,F0495,Plastic,53.3,30.27,7.93,Needs Replacement
2026-01-12 00:20:00,F0969,Biodegradable,38.91,68.12,2.2,Healthy
2026-01-12 00:25:00,F0801,Biodegradable,86.83,23.34,4.71,Needs Replacement
2026-01-12 00:30:00,F0109,Biodegradable,10.22,61.63,7.58,Damaged
2026-01-12 00:35:00,F0502,Biodegradable,39.12,31.95,7.66,Needs Replacement
2026-01-12 00:40:00,F0017,Biodegradable,95.63,66.97,4.91,Needs Replacement
2026-01-12 00:45:00,F0268,Plastic,75.6,56.38,3.01,Healthy
2026-01-12 00:50:00,F0692,Biodegradable,19.42,47.69,1.84,Damaged
2026-01-12 00:55:00,F0614,Organic,7.45,59.94,7.4,Healthy
2026-01-12 01:00:00,F0596,Plastic,4.69,41.29,5.93,Needs Replacement
2026-01-12 01:05:00,F0404,Organic,79.35,15.16,3.55,Healthy
2026-01-12 01:10:00,F0336,Plastic,32.52,37.22,3.29,Healthy
2026-01-12 01:15:00,F0220,Organic,21.66,20.41,5.34,Needs Replacement
2026-01-12 01:20:00,F0818,Organic,72.78,67.04,1.68,Needs Replacement
2026-01-12 01:25:00,F0273,Plastic,85.16,12.75,7.72,Damaged
2026-01-12 01:30:00,F0789,Plastic,86.43,58.14,2.98,Healthy
2026-01-12 01:35:00,F0542,Plastic,77.63,20.64,3.68,Damaged
2026-01-12 01:40:00,F0751,Plastic,59.17,38.37,1.42,Needs Replacement
2026-01-12 01:45:00,F0527,Biodegradable,0.67,31.66,2.65,Damaged
2026-01-12 01:50:00,F0141,Organic,85.65,30.9,2.14,Damaged
2026-01-12 01:55:00,F0060,Organic,80.91,58.56,4.0,Damaged
2026-01-12 02:00:00,F0453,Organic,50.64,57.54,4.15,Needs Replacement
2026-01-12 02:05:00,F0523,Organic,86.26,18.29,5.94,Damaged
2026-01-12 02:10:00,F0751,Biodegradable,89.32,26.78,5.43,Needs Replacement
2026-01-12 02:15:00,F0730,Biodegradable,96.45,57.8,3.22,Needs Replacement
2026-01-12 02:20:00,F0933,Plastic,17.78,17.73,7.71,Healthy
2026-01-12 02:25:00,F0140,Plastic,81.24,35.69,3.33,Healthy
2026-01-12 02:30:00,F0236,Biodegradable,4.29,58.1,3.61,Damaged
2026-01-12 02:35:00,F0659,Plastic,87.84,14.36,2.65,Needs Replacement
2026-01-12 02:40:00,F0349,Organic,86.85,14.15,1.04,Healthy
2026-01-12 02:45:00,F0756,Plastic,52.18,48.01,3.98,Damaged
2026-01-12 02:50:00,F0538,Biodegradable,10.04,28.2,6.96,Needs Replacement
2026-01-12 02:55:00,F0148,Organic,38.58,47.2,6.02,Damaged
2026-01-12 03:00:00,F0653,Organic,99.05,23.33,4.14,Damaged
2026-01-12 03:05:00,F0007,Plastic,94.95,48.59,2.05,Needs Replacement
2026-01-12 03:10:00,F0942,Organic,84.6,69.09,5.93,Needs Replacement
2026-01-12 03:15:00,F0825,Plastic,20.92,67.52,4.68,Damaged
2026-01-12 03:20:00,F0195,Plastic,54.34,58.98,6.16,Healthy
2026-01-12 03:25:00,F0008,Biodegradable,20.02,18.59,6.89,Needs Replacement
2026-01-12 03:30:00,F0907,Plastic,62.41,13.54,6.17,Damaged
2026-01-12 03:35:00,F0735,Biodegradable,24.47,25.74,2.12,Needs Replacement
2026-01-12 03:40:00,F0414,Biodegradable,34.5,41.95,6.37,Damaged
2026-01-12 03:45:00,F0922,Organic,8.71,37.36,6.51,Needs Replacement
2026-01-12 03:50:00,F0576,Biodegradable,46.43,25.62,7.81,Needs Replacement
2026-01-12 03:55:00,F0965,Plastic,48.38,32.73,7.04,Needs Replacement
2026-01-12 04:00:00,F0876,Biodegradable,14.24,15.41,6.72,Damaged
2026-01-12 04:05:00,F0748,Plastic,45.36,63.98,4.88,Needs Replacement
2026-01-12 04:10:00,F0984,Plastic,5.31,62.14,6.03,Damaged
2026-01-12 04:15:00,F0204,Organic,46.88,13.8,5.81,Damaged
2026-01-12 04:20:00,F0990,Plastic,72.83,65.55,5.59,Healthy
2026-01-12 04:25:00,F0581,Biodegradable,32.58,20.35,5.04,Healthy
2026-01-12 04:30:00,F0751,Organic,74.1,62.89,7.69,Needs Replacement
2026-01-12 04:35:00,F0242,Biodegradable,65.72,45.11,5.48,Damaged
2026-01-12 04:40:00,F0373,Biodegradable,14.39,63.8,3.28,Healthy
2026-01-12 04:45:00,F0328,Biodegradable,78.94,61.34,4.78,Needs Replacement
2026-01-12 04:50:00,F0475,Biodegradable,26.68,17.33,6.07,Damaged
2026-01-12 04:55:00,F0297,Plastic,88.25,23.13,6.66,Healthy
2026-01-12 05:00:00,F0831,Organic,57.1,25.66,2.78,Damaged
2026-01-12 05:05:00,F0619,Biodegradable,71.55,16.99,7.25,Needs Replacement
2026-01-12 05:10:00,F0166,Plastic,0.27,44.26,4.08,Needs Replacement
2026-01-12 05:15:00,F0540,Organic,24.65,64.06,4.28,Damaged
2026-01-12 05:20:00,F0335,Plastic,11.25,39.42,7.27,Damaged
2026-01-12 05:25:00,F0134,Plastic,95.12,66.75,4.63,Healthy
2026-01-12 05:30:00,F0813,Organic,81.23,55.16,1.69,Needs Replacement
2026-01-12 05:35:00,F0193,Plastic,72.92,53.57,1.38,Healthy
2026-01-12 05:40:00,F0622,Biodegradable,88.34,25.92,4.88,Needs Replacement
2026-01-12 05:45:00,F0358,Biodegradable,51.86,40.35,4.98,Healthy
2026-01-12 05:50:00,F0684,Biodegradable,69.33,53.32,7.15,Needs Replacement
2026-01-12 05:55:00,F0063,Plastic,18.47,48.25,3.76,Healthy
2026-01-12 06:00:00,F0398,Biodegradable,1.73,68.68,2.65,Healthy
2026-01-12 06:05:00,F0113,Organic,81.47,61.31,5.02,Healthy
2026-01-12 06:10:00,F0893,Biodegradable,34.69,62.31,7.68,Damaged
2026-01-12 06:15:00,F0153,Biodegradable,89.85,62.06,1.16,Damaged
2026-01-12 06:20:00,F0768,Organic,16.75,65.61,7.59,Damaged
2026-01-12 06:25:00,F0670,Biodegradable,2.4,28.17,4.35,Damaged
2026-01-12 06:30:00,F0006,Biodegradable,19.29,46.72,2.37,Needs Replacement
2026-01-12 06:35:00,F0512,Plastic,99.22,14.96,5.81,Damaged
2026-01-12 06:40:00,F0155,Biodegradable,96.74,18.71,1.34,Healthy
2026-01-12 06:45:00,F0947,Biodegradable,11.56,19.44,7.07,Needs Replacement
2026-01-12 06:50:00,F0118,Biodegradable,41.01,55.16,1.98,Damaged
2026-01-12 06:55:00,F0108,Plastic,67.34,16.96,3.68,Healthy
2026-01-12 07:00:00,F0140,Biodegradable,4.19,47.05,1.22,Needs Replacement
2026-01-12 07:05:00,F0955,Plastic,66.17,65.53,6.32,Healthy
2026-01-12 07:10:00,F0301,Biodegradable,92.55,54.81,2.5,Healthy
2026-01-12 07:15:00,F0677,Plastic,43.14,30.24,4.75,Needs Replacement
2026-01-12 07:20:00,F0534,Plastic,65.06,49.91,3.11,Healthy
2026-01-12 07:25:00,F0292,Plastic,76.44,26.92,1.7,Damaged
2026-01-12 07:30:00,F0346,Plastic,68.3,47.52,1.98,Damaged
2026-01-12 07:35:00,F0294,Organic,66.49,68.92,2.05,Healthy
2026-01-12 07:40:00,F0868,Organic,1.71,59.39,2.36,Needs Replacement
2026-01-12 07:45:00,F0760,Biodegradable,72.16,60.38,1.46,Damaged
2026-01-12 07:50:00,F0583,Biodegradable,0.12,65.84,6.01,Needs Replacement
2026-01-12 07:55:00,F0018,Plastic,12.82,51.67,4.48,Healthy
2026-01-12 08:00:00,F0435,Organic,96.89,17.12,2.93,Damaged
2026-01-12 08:05:00,F0947,Plastic,32.66,32.0,3.15,Healthy
2026-01-12 08:10:00,F0761,Plastic,84.63,25.56,1.52,Healthy
2026-01-12 08:15:00,F0127,Organic,14.08,38.91,1.38,Damaged
2026-01-12 08:20:00,F0062,Plastic,16.2,23.85,4.46,Damaged
2026-01-12 08:25:00,F0088,Organic,61.94,36.59,6.05,Needs Replacement
2026-01-12 08:30:00,F0130,Organic,86.2,11.34,2.6,Damaged
2026-01-12 08:35:00,F0268,Plastic,65.01,64.07,3.4,Damaged
2026-01-12 08:40:00,F0888,Organic,63.17,10.45,5.91,Healthy
2026-01-12 08:45:00,F0930,Organic,24.97,17.48,5.31,Needs Replacement
2026-01-12 08:50:00,F0434,Organic,56.44,56.1,4.16,Damaged
2026-01-12 08:55:00,F0357,Organic,6.49,36.57,5.74,Needs Replacement
2026-01-12 09:00:00,F0492,Plastic,42.52,20.35,2.72,Healthy
2026-01-12 09:05:00,F0114,Plastic,83.68,25.07,4.04,Damaged
2026-01-12 09:10:00,F0126,Plastic,5.94,17.11,6.49,Healthy
2026-01-12 09:15:00,F0568,Plastic,2.66,64.69,6.55,Healthy
2026-01-12 09:20:00,F0501,Plastic,44.93,26.57,7.6,Needs Replacement
2026-01-12 09:25:00,F0832,Biodegradable,51.63,42.66,4.62,Damaged
2026-01-12 09:30:00,F0890,Biodegradable,36.62,16.44,5.15,Healthy
2026-01-12 09:35:00,F0201,Biodegradable,97.42,52.26,4.24,Healthy
2026-01-12 09:40:00,F0730,Plastic,40.86,16.1,1.38,Needs Replacement
2026-01-12 09:45:00,F0370,Biodegradable,7.97,12.87,7.09,Needs Replacement
2026-01-12 09:50:00,F0117,Biodegradable,49.2,21.97,3.8,Healthy
2026-01-12 09:55:00,F0545,Biodegradable,2.48,43.91,2.27,Damaged
2026-01-12 10:00:00,F0260,Organic,35.53,35.55,4.01,Healthy
2026-01-12 10:05:00,F0688,Plastic,20.46,43.68,3.34,Damaged
2026-01-12 10:10:00,F0451,Organic,40.26,59.36,7.44,Needs Replacement
2026-01-12 10:15:00,F0362,Biodegradable,88.96,36.21,2.04,Healthy
2026-01-12 10:20:00,F0487,Plastic,52.46,59.84,5.9,Healthy
2026-01-12 10:25:00,F0103,Organic,5.76,25.96,3.9,Needs Replacement
2026-01-12 10:30:00,F0120,Plastic,62.68,11.5,1.47,Needs Replacement
2026-01-12 10:35:00,F0259,Plastic,58.85,49.99,1.87,Healthy
2026-01-12 10:40:00,F0787,Biodegradable,74.9,25.76,2.65,Healthy
2026-01-12 10:45:00,F0725,Biodegradable,82.05,43.78,5.9,Damaged
2026-01-12 10:50:00,F0725,Plastic,26.96,10.18,2.75,Needs Replacement
2026-01-12 10:55:00,F0514,Plastic,78.45,12.54,5.27,Damaged
2026-01-12 11:00:00,F0952,Organic,29.76,59.81,6.75,Damaged
2026-01-12 11:05:00,F0067,Plastic,52.92,39.57,2.57,Needs Replacement
2026-01-12 11:10:00,F0392,Biodegradable,59.03,51.11,6.7,Damaged
2026-01-12 11:15:00,F0979,Plastic,74.99,16.12,7.36,Healthy
2026-01-12 11:20:00,F0492,Biodegradable,21.63,27.2,1.34,Needs Replacement
2026-01-12 11:25:00,F0448,Plastic,24.82,59.85,6.34,Healthy
2026-01-12 11:30:00,F0610,Organic,73.7,68.02,5.69,Damaged
2026-01-12 11:35:00,F0827,Plastic,56.85,16.84,5.27,Healthy
2026-01-12 11:40:00,F0442,Biodegradable,71.15,64.66,2.16,Healthy
2026-01-12 11:45:00,F0840,Biodegradable,2.63,38.04,4.61,Healthy
2026-01-12 11:50:00,F0677,Biodegradable,10.57,34.64,6.89,Damaged
2026-01-12 11:55:00,F0098,Biodegradable,2.74,58.19,5.39,Healthy
2026-01-12 12:00:00,F0586,Biodegradable,23.52,51.06,6.26,Damaged
2026-01-12 12:05:00,F0923,Plastic,50.45,69.58,5.09,Healthy
2026-01-12 12:10:00,F0857,Biodegradable,8.35,36.67,1.16,Damaged
2026-01-12 12:15:00,F0521,Plastic,62.6,67.87,7.49,Healthy
2026-01-12 12:20:00,F0312,Biodegradable,97.05,65.68,7.26,Healthy
2026-01-12 12:25:00,F0905,Organic,16.07,17.21,7.63,Damaged
2026-01-12 12:30:00,F0451,Biodegradable,51.31,65.63,5.0,Needs Replacement
2026-01-12 12:35:00,F0832,Plastic,43.77,10.69,2.21,Needs Replacement
2026-01-12 12:40:00,F0683,Plastic,54.01,35.13,3.24,Healthy
2026-01-12 12:45:00,F0610,Organic,84.21,32.81,1.6,Healthy
2026-01-12 12:50:00,F0524,Organic,76.46,50.08,7.54,Damaged
2026-01-12 12:55:00,F0687,Organic,81.71,26.22,2.16,Damaged
2026-01-12 13:00:00,F0402,Biodegradable,90.38,19.03,6.08,Damaged
2026-01-12 13:05:00,F0274,Plastic,93.02,38.63,5.45,Damaged
2026-01-12 13:10:00,F0810,Plastic,35.46,52.8,2.81,Damaged
2026-01-12 13:15:00,F0922,Biodegradable,42.35,31.28,1.31,Damaged
2026-01-12 13:20:00,F0828,Biodegradable,24.81,39.25,5.72,Damaged
2026-01-12 13:25:00,F0110,Organic,55.82,30.0,3.64,Damaged
2026-01-12 13:30:00,F0408,Plastic,79.79,58.29,5.69,Needs Replacement
2026-01-12 13:35:00,F0719,Biodegradable,64.0,63.09,7.48,Needs Replacement
2026-01-12 13:40:00,F0738,Organic,83.51,32.58,4.83,Damaged
2026-01-12 13:45:00,F0156,Plastic,42.93,25.94,4.58,Needs Replacement
2026-01-12 13:50:00,F0146,Plastic,1.16,43.65,1.72,Needs Replacement
2026-01-12 13:55:00,F0282,Biodegradable,58.0,24.59,5.41,Damaged
2026-01-12 14:00:00,F0809,Plastic,12.51,40.15,5.02,Needs Replacement
2026-01-12 14:05:00,F0629,Plastic,53.46,41.96,4.51,Needs Replacement
2026-01-12 14:10:00,F0771,Biodegradable,13.75,25.51,4.36,Needs Replacement
2026-01-12 14:15:00,F0854,Plastic,60.19,14.09,1.15,Healthy
2026-01-12 14:20:00,F0601,Biodegradable,29.99,22.87,6.81,Healthy
2026-01-12 14:25:00,F0835,Plastic,35.77,55.33,5.2,Healthy
2026-01-12 14:30:00,F0737,Organic,71.47,16.48,2.49,Healthy
2026-01-12 14:35:00,F0261,Organic,34.17,68.86,1.31,Damaged
2026-01-12 14:40:00,F0718,Plastic,51.1,34.04,6.46,Healthy
2026-01-12 14:45:00,F0508,Plastic,36.03,67.37,6.25,Needs Replacement
2026-01-12 14:50:00,F0033,Plastic,12.46,15.84,3.23,Damaged
2026-01-12 14:55:00,F0412,Plastic,28.92,11.7,4.97,Needs Replacement
2026-01-12 15:00:00,F0766,Plastic,75.56,39.05,7.38,Damaged
2026-01-12 15:05:00,F0772,Biodegradable,12.68,25.52,4.77,Damaged
2026-01-12 15:10:00,F0003,Organic,4.18,42.46,7.35,Needs Replacement
2026-01-12 15:15:00,F0454,Organic,83.33,18.73,2.9,Needs Replacement
2026-01-12 15:20:00,F0860,Organic,51.7,69.72,6.51,Damaged
2026-01-12 15:25:00,F0272,Biodegradable,18.47,33.67,3.64,Needs Replacement
2026-01-12 15:30:00,F0255,Biodegradable,61.65,42.3,6.63,Damaged
2026-01-12 15:35:00,F0953,Biodegradable,39.58,47.11,4.08,Needs Replacement
2026-01-12 15:40:00,F0336,Organic,56.72,51.32,7.07,Damaged
2026-01-12 15:45:00,F0114,Plastic,26.12,28.81,5.62,Damaged
2026-01-12 15:50:00,F0866,Biodegradable,13.48,45.95,2.26,Needs Replacement
2026-01-12 15:55:00,F0911,Biodegradable,99.47,24.78,7.5,Healthy
2026-01-12 16:00:00,F0700,Biodegradable,35.13,14.22,1.55,Healthy
2026-01-12 16:05:00,F0569,Organic,22.71,45.76,6.27,Healthy
2026-01-12 16:10:00,F0664,Plastic,42.12,24.91,7.83,Healthy
2026-01-12 16:15:00,F0058,Organic,51.47,25.59,3.61,Needs Replacement
2026-01-12 16:20:00,F0587,Organic,0.77,11.49,5.59,Healthy
2026-01-12 16:25:00,F0049,Organic,29.87,68.28,2.75,Needs Replacement
2026-01-12 16:30:00,F0925,Biodegradable,99.86,50.94,2.92,Damaged
2026-01-12 16:35:00,F0335,Organic,61.34,35.88,3.87,Needs Replacement
2026-01-12 16:40:00,F0323,Organic,16.18,59.21,7.52,Needs Replacement
2026-01-12 16:45:00,F0030,Biodegradable,49.0,36.59,4.76,Needs Replacement
2026-01-12 16:50:00,F0227,Plastic,78.25,28.51,3.23,Damaged
2026-01-12 16:55:00,F0878,Organic,80.53,11.73,1.92,Needs Replacement
2026-01-12 17:00:00,F0875,Biodegradable,79.89,62.55,6.48,Healthy
2026-01-12 17:05:00,F0112,Organic,77.04,30.19,3.02,Damaged
2026-01-12 17:10:00,F0055,Plastic,33.4,46.49,2.6,Damaged
2026-01-12 17:15:00,F0122,Plastic,93.19,35.53,6.99,Healthy
2026-01-12 17:20:00,F0439,Organic,29.41,67.8,6.59,Damaged
2026-01-12 17:25:00,F0324,Biodegradable,65.66,28.64,1.94,Healthy
2026-01-12 17:30:00,F0727,Plastic,39.01,16.22,2.24,Healthy
2026-01-12 17:35:00,F0980,Organic,37.25,68.34,4.52,Damaged
2026-01-12 17:40:00,F0007,Biodegradable,79.69,48.37,7.95,Healthy
2026-01-12 17:45:00,F0493,Biodegradable,10.83,45.33,7.87,Needs Replacement
2026-01-12 17:50:00,F0178,Biodegradable,99.16,17.67,7.12,Damaged
2026-01-12 17:55:00,F0919,Plastic,88.25,31.5,7.52,Needs Replacement
2026-01-12 18:00:00,F0270,Plastic,44.61,69.65,3.86,Damaged
2026-01-12 18:05:00,F0942,Plastic,81.2,14.57,6.11,Healthy
2026-01-12 18:10:00,F0906,Organic,20.39,25.07,6.15,Needs Replacement
2026-01-12 18:15:00,F0396,Biodegradable,22.8,30.74,5.12,Healthy
2026-01-12 18:20:00,F0173,Organic,46.12,31.02,6.73,Needs Replacement
2026-01-12 18:25:00,F0688,Biodegradable,94.8,20.49,1.9,Damaged
2026-01-12 18:30:00,F0371,Organic,75.12,40.21,7.15,Healthy
2026-01-12 18:35:00,F0669,Organic,3.14,66.67,2.78,Needs Replacement
2026-01-12 18:40:00,F0202,Plastic,65.22,30.31,2.02,Healthy
2026-01-12 18:45:00,F0459,Organic,13.99,21.61,7.54,Damaged
2026-01-12 18:50:00,F0699,Biodegradable,61.48,54.19,7.84,Damaged
2026-01-12 18:55:00,F0793,Organic,81.56,15.09,4.07,Healthy
2026-01-12 19:00:00,F0761,Plastic,24.29,27.61,5.49,Needs Replacement
2026-01-12 19:05:00,F0552,Organic,16.97,21.5,6.83,Damaged
2026-01-12 19:10:00,F0732,Plastic,16.97,14.37,4.32,Damaged
2026-01-12 19:15:00,F0803,Organic,54.29,58.07,1.47,Healthy
2026-01-12 19:20:00,F0200,Plastic,82.67,25.3,6.0,Needs Replacement
2026-01-12 19:25:00,F0737,Biodegradable,60.89,57.57,2.61,Damaged
2026-01-12 19:30:00,F0339,Plastic,82.97,26.01,7.26,Needs Replacement
2026-01-12 19:35:00,F0807,Biodegradable,1.18,61.47,7.04,Damaged
2026-01-12 19:40:00,F0452,Organic,10.38,14.15,7.11,Damaged
2026-01-12 19:45:00,F0354,Plastic,28.66,64.3,6.9,Needs Replacement
2026-01-12 19:50:00,F0268,Organic,25.41,65.01,7.69,Needs Replacement
2026-01-12 19:55:00,F0901,Organic,5.35,41.9,6.74,Damaged
2026-01-12 20:00:00,F0722,Biodegradable,6.6,46.17,2.52,Healthy
2026-01-12 20:05:00,F0820,Biodegradable,1.56,51.17,6.29,Damaged
2026-01-12 20:10:00,F0550,Organic,32.05,48.62,1.86,Damaged
2026-01-12 20:15:00,F0396,Biodegradable,51.25,25.33,4.77,Damaged
2026-01-12 20:20:00,F0796,Plastic,57.93,69.29,4.69,Damaged
2026-01-12 20:25:00,F0493,Biodegradable,59.89,28.36,7.9,Damaged
2026-01-12 20:30:00,F0461,Biodegradable,13.28,38.76,2.92,Healthy
2026-01-12 20:35:00,F0883,Biodegradable,25.38,23.95,6.67,Damaged
2026-01-12 20:40:00,F0180,Organic,54.04,67.81,5.97,Healthy
2026-01-12 20:45:00,F0607,Organic,90.46,59.9,5.54,Healthy
2026-01-12 20:50:00,F0155,Plastic,52.15,24.3,6.55,Damaged
2026-01-12 20:55:00,F0837,Plastic,65.95,40.0,3.74,Damaged
2026-01-12 21:00:00,F0947,Plastic,21.01,20.34,7.07,Damaged
2026-01-12 21:05:00,F0125,Plastic,57.81,65.45,2.17,Healthy
2026-01-12 21:10:00,F0017,Plastic,1.49,23.8,7.22,Damaged
2026-01-12 21:15:00,F0047,Plastic,52.2,37.68,3.66,Damaged
2026-01-12 21:20:00,F0942,Biodegradable,84.13,45.81,7.07,Needs Replacement
2026-01-12 21:25:00,F0838,Organic,71.49,17.3,4.83,Healthy
2026-01-12 21:30:00,F0940,Biodegradable,37.27,57.81,3.02,Healthy
2026-01-12 21:35:00,F0250,Biodegradable,89.77,27.36,3.24,Healthy
2026-01-12 21:40:00,F0283,Organic,58.96,55.31,6.5,Damaged
2026-01-12 21:45:00,F0888,Biodegradable,64.15,21.7,3.17,Needs Replacement
2026-01-12 21:50:00,F0204,Biodegradable,83.21,57.41,1.24,Healthy
2026-01-12 21:55:00,F0004,Organic,45.7,55.1,7.41,Needs Replacement
2026-01-12 22:00:00,F0449,Plastic,94.35,67.15,5.12,Needs Replacement
2026-01-12 22:05:00,F0996,Biodegradable,1.95,51.34,4.05,Needs Replacement
2026-01-12 22:10:00,F0663,Organic,42.21,15.52,1.09,Needs Replacement
2026-01-12 22:15:00,F0861,Plastic,29.91,15.19,1.63,Needs Replacement
2026-01-12 22:20:00,F0409,Biodegradable,0.16,36.82,3.27,Damaged
2026-01-12 22:25:00,F0630,Plastic,26.89,47.12,1.29,Needs Replacement
2026-01-12 22:30:00,F0562,Plastic,77.3,55.61,4.01,Needs Replacement
2026-01-12 22:35:00,F0579,Biodegradable,55.4,32.68,6.08,Needs Replacement
2026-01-12 22:40:00,F0541,Plastic,15.93,46.42,6.49,Damaged
2026-01-12 22:45:00,F0580,Plastic,43.34,43.33,7.28,Needs Replacement
2026-01-12 22:50:00,F0801,Biodegradable,52.91,50.93,5.49,Healthy
2026-01-12 22:55:00,F0185,Organic,36.41,32.26,5.14,Needs Replacement
2026-01-12 23:00:00,F0024,Biodegradable,84.39,44.16,7.28,Damaged
2026-01-12 23:05:00,F0442,Biodegradable,23.67,11.34,1.61,Needs Replacement
2026-01-12 23:10:00,F0573,Plastic,45.46,67.8,4.65,Needs Replacement
2026-01-12 23:15:00,F0006,Biodegradable,1.47,68.67,4.87,Needs Replacement
2026-01-12 23:20:00,F0370,Organic,93.45,66.44,6.49,Damaged
2026-01-12 23:25:00,F0468,Organic,31.44,67.44,4.22,Damaged
2026-01-12 23:30:00,F0395,Biodegradable,9.02,54.88,4.42,Healthy
2026-01-12 23:35:00,F0855,Biodegradable,78.41,15.79,5.71,Damaged
2026-01-12 23:40:00,F0413,Plastic,14.47,15.51,5.99,Needs Replacement
2026-01-12 23:45:00,F0489,Organic,26.63,19.76,5.22,Damaged
2026-01-12 23:50:00,F0903,Organic,58.76,36.96,6.68,Damaged
2026-01-12 23:55:00,F0844,Biodegradable,73.14,25.98,1.92,Needs Replacement
2026-01-13 00:00:00,F0047,Organic,68.1,32.37,6.83,Needs Replacement
2026-01-13 00:05:00,F0145,Plastic,77.95,17.59,6.91,Needs Replacement
2026-01-13 00:10:00,F0961,Biodegradable,49.69,10.0,5.02,Healthy
2026-01-13 00:15:00,F0921,Organic,6.34,33.96,7.48,Needs Replacement
2026-01-13 00:20:00,F0848,Plastic,27.51,13.17,2.2,Needs Replacement
2026-01-13 00:25:00,F0167,Biodegradable,84.76,38.2,2.24,Damaged
2026-01-13 00:30:00,F0006,Plastic,32.81,53.27,6.51,Healthy
2026-01-13 00:35:00,F0530,Plastic,48.55,49.12,7.39,Healthy
2026-01-13 00:40:00,F0140,Organic,68.88,53.02,2.68,Healthy
2026-01-13 00:45:00,F0814,Organic,38.95,66.04,7.47,Healthy
2026-01-13 00:50:00,F0576,Biodegradable,48.15,13.54,3.46,Damaged
2026-01-13 00:55:00,F0381,Plastic,75.31,13.54,1.81,Damaged
2026-01-13 01:00:00,F0836,Biodegradable,17.8,37.83,6.65,Healthy
2026-01-13 01:05:00,F0045,Biodegradable,31.5,35.64,6.23,Needs Replacement
2026-01-13 01:10:00,F0055,Biodegradable,22.74,59.02,6.56,Healthy
2026-01-13 01:15:00,F0441,Biodegradable,19.96,11.97,1.5,Needs Replacement
2026-01-13 01:20:00,F0928,Biodegradable,68.05,10.28,4.39,Damaged
2026-01-13 01:25:00,F0576,Biodegradable,8.66,40.25,6.5,Needs Replacement
2026-01-13 01:30:00,F0817,Biodegradable,69.91,23.62,5.52,Damaged
2026-01-13 01:35:00,F0886,Organic,46.83,45.59,5.01,Needs Replacement
2026-01-13 01:40:00,F0785,Plastic,13.15,25.43,7.7,Needs Replacement
2026-01-13 01:45:00,F0739,Biodegradable,83.63,15.29,5.37,Healthy
2026-01-13 01:50:00,F0552,Plastic,97.74,22.13,3.18,Healthy
2026-01-13 01:55:00,F0265,Organic,90.17,53.52,1.5,Healthy
2026-01-13 02:00:00,F0413,Plastic,15.37,56.48,5.65,Damaged
2026-01-13 02:05:00,F0995,Biodegradable,18.32,38.1,3.08,Needs Replacement
2026-01-13 02:10:00,F0248,Organic,43.79,41.44,7.17,Healthy
2026-01-13 02:15:00,F0559,Organic,42.07,13.63,7.03,Healthy
2026-01-13 02:20:00,F0225,Biodegradable,74.53,36.87,5.12,Needs Replacement
2026-01-13 02:25:00,F0561,Organic,89.1,65.86,4.52,Healthy
2026-01-13 02:30:00,F0817,Biodegradable,31.79,23.67,7.45,Needs Replacement
2026-01-13 02:35:00,F0343,Plastic,40.59,18.27,1.33,Needs Replacement
2026-01-13 02:40:00,F0403,Organic,81.63,65.62,5.93,Needs Replacement
2026-01-13 02:45:00,F0407,Plastic,61.99,31.15,3.55,Healthy
2026-01-13 02:50:00,F0035,Biodegradable,56.46,53.75,1.07,Needs Replacement
2026-01-13 02:55:00,F0645,Biodegradable,90.23,29.47,1.3,Needs Replacement
2026-01-13 03:00:00,F0911,Plastic,73.06,49.96,5.2,Healthy
2026-01-13 03:05:00,F0520,Organic,95.1,69.81,4.24,Healthy
2026-01-13 03:10:00,F0825,Organic,60.1,51.2,2.0,Damaged
2026-01-13 03:15:00,F0720,Plastic,94.24,50.92,1.38,Healthy
2026-01-13 03:20:00,F0942,Plastic,63.38,34.37,5.35,Needs Replacement
2026-01-13 03:25:00,F0086,Biodegradable,81.76,65.93,5.89,Healthy
2026-01-13 03:30:00,F0187,Organic,99.82,63.58,5.67,Needs Replacement
2026-01-13 03:35:00,F0986,Plastic,78.49,64.01,3.5,Healthy
2026-01-13 03:40:00,F0942,Plastic,15.79,35.06,6.69,Healthy
2026-01-13 03:45:00,F0953,Plastic,31.95,30.24,7.04,Needs Replacement
2026-01-13 03:50:00,F0266,Organic,96.66,49.28,5.8,Damaged
2026-01-13 03:55:00,F0045,Organic,89.06,30.39,4.07,Healthy
2026-01-13 04:00:00,F0475,Biodegradable,76.5,52.25,6.91,Damaged
2026-01-13 04:05:00,F0691,Organic,4.95,31.23,6.2,Damaged
2026-01-13 04:10:00,F0068,Plastic,2.81,23.84,6.26,Healthy
2026-01-13 04:15:00,F0222,Organic,98.26,27.27,5.74,Damaged
2026-01-13 04:20:00,F0004,Organic,1.22,51.4,5.05,Needs Replacement
2026-01-13 04:25:00,F0047,Biodegradable,12.61,11.89,2.5,Damaged
2026-01-13 04:30:00,F0556,Organic,69.87,55.62,1.45,Damaged
2026-01-13 04:35:00,F0670,Organic,61.34,15.63,2.55,Damaged
2026-01-13 04:40:00,F0355,Plastic,61.66,20.46,4.82,Needs Replacement
2026-01-13 04:45:00,F0398,Plastic,68.6,30.43,1.32,Healthy
2026-01-13 04:50:00,F0592,Plastic,5.93,67.83,4.99,Damaged
2026-01-13 04:55:00,F0931,Biodegradable,1.92,44.27,7.6,Healthy
2026-01-13 05:00:00,F0270,Plastic,7.37,33.21,4.07,Damaged
2026-01-13 05:05:00,F0712,Biodegradable,89.54,69.77,4.51,Healthy
2026-01-13 05:10:00,F0584,Organic,71.67,67.38,5.64,Needs Replacement
2026-01-13 05:15:00,F0231,Plastic,58.11,67.79,3.62,Healthy
2026-01-13 05:20:00,F0867,Plastic,39.26,37.51,6.31,Needs Replacement
2026-01-13 05:25:00,F0849,Plastic,32.81,23.08,5.43,Healthy
2026-01-13 05:30:00,F0134,Organic,49.32,69.12,3.19,Healthy
2026-01-13 05:35:00,F0597,Plastic,28.59,37.56,2.78,Damaged
2026-01-13 05:40:00,F0154,Plastic,18.68,66.82,5.92,Healthy
2026-01-13 05:45:00,F0755,Plastic,30.77,61.36,1.49,Damaged
2026-01-13 05:50:00,F0694,Plastic,3.98,63.7,3.95,Needs Replacement
2026-01-13 05:55:00,F0570,Organic,24.43,48.23,7.71,Damaged
2026-01-13 06:00:00,F0120,Plastic,25.33,10.84,7.2,Needs Replacement
2026-01-13 06:05:00,F0950,Plastic,39.26,23.2,1.95,Needs Replacement
2026-01-13 06:10:00,F0934,Organic,89.64,30.07,7.83,Needs Replacement
2026-01-13 06:15:00,F0557,Organic,75.42,69.76,4.9,Needs Replacement
2026-01-13 06:20:00,F0608,Biodegradable,85.72,61.64,1.61,Damaged
2026-01-13 06:25:00,F0237,Plastic,77.11,28.7,3.77,Needs Replacement
2026-01-13 06:30:00,F0906,Biodegradable,67.1,62.94,6.58,Healthy
2026-01-13 06:35:00,F0262,Organic,45.76,31.22,2.31,Needs Replacement
2026-01-13 06:40:00,F0930,Organic,88.99,51.69,1.88,Healthy
2026-01-13 06:45:00,F0731,Biodegradable,9.08,30.66,2.13,Healthy
2026-01-13 06:50:00,F0102,Biodegradable,18.09,35.89,7.7,Damaged
2026-01-13 06:55:00,F0933,Biodegradable,72.56,20.26,3.47,Healthy
2026-01-13 07:00:00,F0703,Organic,52.23,64.59,6.06,Damaged
2026-01-13 07:05:00,F0448,Plastic,9.45,16.38,1.78,Damaged
2026-01-13 07:10:00,F0603,Organic,37.14,43.01,1.57,Damaged
2026-01-13 07:15:00,F0721,Biodegradable,74.96,51.42,4.29,Healthy
2026-01-13 07:20:00,F0769,Organic,38.17,41.01,5.96,Healthy
2026-01-13 07:25:00,F0879,Plastic,47.88,55.94,5.9,Healthy
2026-01-13 07:30:00,F0521,Biodegradable,54.75,32.53,7.6,Needs Replacement
2026-01-13 07:35:00,F0985,Organic,89.92,58.22,2.93,Healthy
2026-01-13 07:40:00,F0740,Organic,65.74,69.73,1.97,Healthy
2026-01-13 07:45:00,F0302,Biodegradable,0.12,20.66,2.5,Healthy
2026-01-13 07:50:00,F0679,Plastic,62.53,60.32,2.6,Healthy
2026-01-13 07:55:00,F0286,Biodegradable,25.2,26.65,4.41,Healthy
2026-01-13 08:00:00,F0766,Plastic,73.11,65.47,7.02,Healthy
2026-01-13 08:05:00,F0617,Biodegradable,42.15,67.21,3.52,Healthy
2026-01-13 08:10:00,F0753,Plastic,70.11,50.39,6.15,Healthy
2026-01-13 08:15:00,F0960,Biodegradable,3.61,22.47,1.35,Damaged
2026-01-13 08:20:00,F0450,Organic,14.93,61.14,1.91,Needs Replacement
2026-01-13 08:25:00,F0250,Organic,85.05,17.63,7.13,Damaged
2026-01-13 08:30:00,F0516,Plastic,19.4,63.91,6.32,Needs Replacement
2026-01-13 08:35:00,F0202,Plastic,33.55,12.82,2.77,Damaged
2026-01-13 08:40:00,F0610,Plastic,98.44,13.45,6.01,Needs Replacement
2026-01-13 08:45:00,F0099,Biodegradable,45.69,31.35,7.32,Damaged
2026-01-13 08:50:00,F0668,Plastic,22.42,56.07,5.79,Damaged
2026-01-13 08:55:00,F0761,Plastic,8.97,50.96,6.69,Needs Replacement
2026-01-13 09:00:00,F0968,Plastic,29.85,61.91,1.29,Damaged
2026-01-13 09:05:00,F0805,Plastic,74.91,41.85,1.84,Needs Replacement
2026-01-13 09:10:00,F0283,Plastic,24.79,67.92,4.79,Damaged
2026-01-13 09:15:00,F0821,Plastic,38.71,19.73,4.97,Healthy
2026-01-13 09:20:00,F0416,Biodegradable,41.98,10.84,1.39,Needs Replacement
2026-01-13 09:25:00,F0403,Organic,96.88,35.06,7.79,Healthy
2026-01-13 09:30:00,F0087,Biodegradable,38.32,52.03,7.51,Damaged
2026-01-13 09:35:00,F0596,Organic,80.42,31.72,1.42,Needs Replacement
2026-01-13 09:40:00,F0401,Plastic,30.05,12.17,7.76,Damaged
2026-01-13 09:45:00,F0582,Organic,30.62,56.21,6.02,Needs Replacement
2026-01-13 09:50:00,F0465,Plastic,0.85,48.83,3.64,Healthy
2026-01-13 09:55:00,F0855,Plastic,84.65,33.12,4.04,Healthy
2026-01-13 10:00:00,F0421,Biodegradable,29.55,18.81,2.52,Healthy
2026-01-13 10:05:00,F0569,Biodegradable,91.96,54.33,7.59,Needs Replacement
2026-01-13 10:10:00,F0871,Biodegradable,26.66,19.08,5.75,Damaged
2026-01-13 10:15:00,F0972,Biodegradable,88.63,12.36,6.14,Damaged
2026-01-13 10:20:00,F0152,Biodegradable,61.77,54.39,7.51,Healthy
2026-01-13 10:25:00,F0674,Biodegradable,72.44,64.45,5.98,Damaged
2026-01-13 10:30:00,F0347,Plastic,68.27,25.82,2.41,Healthy
2026-01-13 10:35:00,F0472,Plastic,72.02,67.74,2.97,Needs Replacement
2026-01-13 10:40:00,F0252,Organic,66.67,31.88,2.65,Healthy
2026-01-13 10:45:00,F0080,Plastic,94.94,12.08,5.83,Damaged
2026-01-13 10:50:00,F0416,Plastic,83.45,60.9,4.7,Needs Replacement
2026-01-13 10:55:00,F0798,Biodegradable,98.01,26.02,7.04,Needs Replacement
2026-01-13 11:00:00,F0339,Organic,91.61,43.82,2.88,Needs Replacement
2026-01-13 11:05:00,F0275,Biodegradable,58.68,63.69,6.58,Damaged
2026-01-13 11:10:00,F0448,Organic,33.55,21.96,7.77,Damaged
2026-01-13 11:15:00,F0954,Biodegradable,47.22,61.43,3.75,Damaged
2026-01-13 11:20:00,F0442,Plastic,77.69,32.94,6.65,Needs Replacement
2026-01-13 11:25:00,F0023,Biodegradable,12.65,20.62,3.0,Damaged
2026-01-13 11:30:00,F0960,Biodegradable,90.83,44.36,7.48,Needs Replacement
2026-01-13 11:35:00,F0409,Biodegradable,50.8,58.89,2.3,Healthy
2026-01-13 11:40:00,F0407,Organic,32.31,66.4,5.03,Needs Replacement
2026-01-13 11:45:00,F0465,Organic,18.17,61.21,2.68,Healthy
2026-01-13 11:50:00,F0122,Organic,23.96,56.62,5.12,Healthy
2026-01-13 11:55:00,F0684,Organic,38.48,65.99,3.0,Damaged
2026-01-13 12:00:00,F0162,Organic,54.45,21.72,6.55,Healthy
2026-01-13 12:05:00,F0736,Plastic,30.1,29.0,3.16,Needs Replacement
2026-01-13 12:10:00,F0232,Plastic,56.66,23.2,6.39,Damaged
2026-01-13 12:15:00,F0749,Plastic,90.37,11.8,5.52,Needs Replacement
2026-01-13 12:20:00,F0146,Plastic,94.01,59.32,7.44,Healthy
2026-01-13 12:25:00,F0955,Biodegradable,36.84,42.94,1.65,Needs Replacement
2026-01-13 12:30:00,F0674,Organic,31.83,22.55,6.71,Damaged
2026-01-13 12:35:00,F0817,Organic,89.63,35.98,7.34,Needs Replacement
2026-01-13 12:40:00,F0511,Plastic,26.71,50.82,7.23,Healthy
2026-01-13 12:45:00,F0664,Biodegradable,49.72,48.57,2.15,Healthy
2026-01-13 12:50:00,F0760,Plastic,69.15,34.66,3.39,Healthy
2026-01-13 12:55:00,F0441,Organic,90.49,37.77,1.92,Damaged
2026-01-13 13:00:00,F0115,Organic,32.39,21.3,4.28,Healthy
2026-01-13 13:05:00,F0718,Organic,64.57,12.8,6.34,Healthy
2026-01-13 13:10:00,F0950,Organic,81.37,65.95,1.44,Needs Replacement
2026-01-13 13:15:00,F0026,Plastic,64.91,49.5,1.32,Needs Replacement
2026-01-13 13:20:00,F0317,Plastic,85.63,20.69,1.9,Needs Replacement
2026-01-13 13:25:00,F0436,Plastic,46.31,60.8,2.36,Damaged
2026-01-13 13:30:00,F0127,Plastic,30.11,68.06,5.85,Needs Replacement
2026-01-13 13:35:00,F0169,Plastic,52.91,47.65,1.61,Healthy
2026-01-13 13:40:00,F0727,Plastic,12.16,32.69,3.42,Damaged
2026-01-13 13:45:00,F0616,Biodegradable,77.56,20.56,6.05,Healthy
2026-01-13 13:50:00,F0253,Organic,57.56,47.87,4.39,Healthy
2026-01-13 13:55:00,F0915,Biodegradable,71.91,67.98,3.47,Damaged
2026-01-13 14:00:00,F0656,Biodegradable,21.32,24.08,2.18,Needs Replacement
2026-01-13 14:05:00,F0618,Biodegradable,22.68,46.96,7.26,Healthy
2026-01-13 14:10:00,F0711,Plastic,0.14,31.82,4.32,Needs Replacement
2026-01-13 14:15:00,F0520,Organic,22.55,23.6,3.99,Healthy
2026-01-13 14:20:00,F1000,Organic,46.95,15.5,1.34,Healthy
2026-01-13 14:25:00,F0983,Plastic,51.15,33.35,4.48,Damaged
2026-01-13 14:30:00,F0040,Plastic,80.69,59.79,2.4,Healthy
2026-01-13 14:35:00,F0661,Biodegradable,49.14,19.36,1.7,Healthy
2026-01-13 14:40:00,F0985,Plastic,89.29,43.5,4.92,Damaged
2026-01-13 14:45:00,F0863,Biodegradable,8.96,61.54,5.66,Needs Replacement
2026-01-13 14:50:00,F0265,Organic,92.3,55.72,4.74,Needs Replacement
2026-01-13 14:55:00,F0149,Plastic,20.03,36.56,2.84,Healthy
2026-01-13 15:00:00,F0166,Biodegradable,98.22,68.95,1.99,Damaged
2026-01-13 15:05:00,F0260,Plastic,1.69,16.37,5.25,Needs Replacement
2026-01-13 15:10:00,F0158,Biodegradable,56.02,50.22,6.18,Damaged
2026-01-13 15:15:00,F0752,Organic,99.08,47.88,2.29,Needs Replacement
2026-01-13 15:20:00,F0346,Plastic,5.72,20.98,7.22,Needs Replacement
2026-01-13 15:25:00,F0919,Biodegradable,65.61,64.01,2.7,Damaged
2026-01-13 15:30:00,F0664,Plastic,47.88,57.92,1.47,Damaged
2026-01-13 15:35:00,F0283,Plastic,5.54,33.81,6.55,Healthy
2026-01-13 15:40:00,F0573,Organic,0.63,50.14,2.6,Healthy
2026-01-13 15:45:00,F0676,Plastic,65.32,29.44,1.09,Healthy
2026-01-13 15:50:00,F0521,Organic,77.48,20.47,5.63,Damaged
2026-01-13 15:55:00,F0673,Organic,39.93,44.25,6.04,Needs Replacement
2026-01-13 16:00:00,F0047,Organic,6.33,53.83,6.54,Needs Replacement
2026-01-13 16:05:00,F0642,Biodegradable,25.14,14.36,2.22,Healthy
2026-01-13 16:10:00,F0074,Plastic,36.83,35.69,6.04,Damaged
2026-01-13 16:15:00,F0279,Plastic,76.64,50.39,3.31,Damaged
2026-01-13 16:20:00,F0607,Plastic,93.33,15.48,6.05,Damaged
2026-01-13 16:25:00,F0190,Plastic,32.1,42.83,3.5,Needs Replacement
2026-01-13 16:30:00,F0173,Organic,80.34,58.67,1.13,Healthy
2026-01-13 16:35:00,F0509,Plastic,66.67,14.27,7.07,Healthy
2026-01-13 16:40:00,F0964,Plastic,72.9,15.39,3.15,Damaged
2026-01-13 16:45:00,F0636,Organic,24.37,52.99,7.34,Needs Replacement
2026-01-13 16:50:00,F0580,Biodegradable,53.2,48.84,3.84,Needs Replacement
2026-01-13 16:55:00,F0496,Plastic,21.56,19.9,4.43,Healthy
2026-01-13 17:00:00,F0449,Biodegradable,79.79,69.11,2.3,Needs Replacement
2026-01-13 17:05:00,F0713,Biodegradable,67.5,11.7,7.71,Damaged
2026-01-13 17:10:00,F0361,Plastic,53.48,38.51,4.81,Damaged
2026-01-13 17:15:00,F0922,Biodegradable,93.6,66.44,5.79,Damaged
2026-01-13 17:20:00,F0789,Organic,30.88,16.92,1.64,Needs Replacement
2026-01-13 17:25:00,F0743,Biodegradable,30.88,11.85,4.59,Damaged
2026-01-13 17:30:00,F0163,Plastic,33.49,23.99,2.01,Damaged
2026-01-13 17:35:00,F0498,Organic,6.93,60.53,6.42,Needs Replacement
2026-01-13 17:40:00,F0944,Organic,99.32,43.78,4.19,Needs Replacement
2026-01-13 17:45:00,F0992,Biodegradable,0.69,13.0,1.98,Needs Replacement
2026-01-13 17:50:00,F0446,Organic,39.56,28.55,5.66,Needs Replacement
2026-01-13 17:55:00,F0317,Plastic,29.77,36.87,4.15,Needs Replacement
2026-01-13 18:00:00,F0708,Plastic,81.62,33.14,3.43,Needs Replacement
2026-01-13 18:05:00,F0362,Organic,85.79,11.98,3.85,Damaged
2026-01-13 18:10:00,F0396,Organic,22.06,21.95,5.12,Damaged
2026-01-13 18:15:00,F0081,Plastic,42.66,21.19,4.25,Damaged
2026-01-13 18:20:00,F0390,Plastic,56.54,31.49,4.99,Needs Replacement
2026-01-13 18:25:00,F0737,Plastic,20.59,51.68,5.15,Healthy
2026-01-13 18:30:00,F0474,Organic,36.8,16.61,4.7,Damaged
2026-01-13 18:35:00,F0874,Organic,20.64,27.98,7.91,Damaged
2026-01-13 18:40:00,F0861,Biodegradable,29.0,41.47,6.95,Needs Replacement
2026-01-13 18:45:00,F0674,Organic,61.17,30.92,2.97,Healthy
2026-01-13 18:50:00,F0923,Organic,29.85,29.82,2.83,Damaged
2026-01-13 18:55:00,F0811,Organic,22.14,52.54,6.5,Damaged
2026-01-13 19:00:00,F0251,Biodegradable,12.13,44.16,5.22,Healthy
2026-01-13 19:05:00,F0593,Organic,83.38,66.68,2.81,Needs Replacement
2026-01-13 19:10:00,F0271,Plastic,22.64,62.86,7.14,Damaged
2026-01-13 19:15:00,F0176,Plastic,75.91,60.21,5.9,Healthy
2026-01-13 19:20:00,F0620,Biodegradable,4.77,29.69,3.94,Needs Replacement
2026-01-13 19:25:00,F0838,Biodegradable,72.35,23.11,5.03,Damaged
2026-01-13 19:30:00,F0277,Plastic,77.05,41.34,7.01,Healthy
2026-01-13 19:35:00,F0779,Biodegradable,15.77,68.04,7.98,Needs Replacement
2026-01-13 19:40:00,F0491,Plastic,12.91,51.48,1.81,Needs Replacement
2026-01-13 19:45:00,F0198,Organic,32.68,63.95,4.63,Damaged
2026-01-13 19:50:00,F0820,Biodegradable,70.98,34.77,3.36,Healthy
2026-01-13 19:55:00,F0044,Organic,85.91,17.54,2.71,Needs Replacement
2026-01-13 20:00:00,F0066,Plastic,56.67,60.9,3.67,Damaged
2026-01-13 20:05:00,F0145,Biodegradable,61.09,43.99,6.76,Needs Replacement
2026-01-13 20:10:00,F0885,Organic,10.66,56.73,2.43,Needs Replacement
2026-01-13 20:15:00,F0610,Organic,85.85,61.86,4.7,Healthy
2026-01-13 20:20:00,F0483,Plastic,33.08,30.24,5.74,Damaged
2026-01-13 20:25:00,F0588,Biodegradable,93.99,68.25,1.55,Healthy
2026-01-13 20:30:00,F0306,Plastic,94.44,25.67,3.52,Needs Replacement
2026-01-13 20:35:00,F0075,Plastic,69.58,33.79,2.55,Damaged
2026-01-13 20:40:00,F0912,Plastic,55.07,12.88,2.43,Healthy
2026-01-13 20:45:00,F0139,Plastic,82.88,19.45,5.7,Healthy
2026-01-13 20:50:00,F0417,Plastic,19.49,37.45,2.28,Damaged
2026-01-13 20:55:00,F0732,Biodegradable,10.78,28.08,5.64,Needs Replacement
2026-01-13 21:00:00,F0406,Biodegradable,50.44,51.59,6.61,Healthy
2026-01-13 21:05:00,F0667,Organic,3.27,57.49,7.92,Damaged
2026-01-13 21:10:00,F0391,Biodegradable,70.78,18.45,7.02,Healthy
2026-01-13 21:15:00,F0679,Organic,15.3,58.28,1.63,Needs Replacement
2026-01-13 21:20:00,F0039,Organic,88.93,13.86,2.84,Healthy
2026-01-13 21:25:00,F0813,Organic,84.15,13.51,2.6,Healthy
2026-01-13 21:30:00,F0288,Organic,16.34,58.9,5.27,Needs Replacement
2026-01-13 21:35:00,F0894,Plastic,33.83,36.91,3.36,Healthy
2026-01-13 21:40:00,F0813,Plastic,20.1,41.22,2.07,Healthy
2026-01-13 21:45:00,F0111,Plastic,13.63,18.07,3.81,Healthy
2026-01-13 21:50:00,F0260,Organic,87.78,23.78,2.54,Needs Replacement
2026-01-13 21:55:00,F0923,Organic,44.1,54.04,1.86,Needs Replacement
2026-01-13 22:00:00,F0438,Plastic,36.52,58.95,4.06,Needs Replacement
2026-01-13 22:05:00,F0256,Biodegradable,60.97,30.84,6.7,Healthy
2026-01-13 22:10:00,F0081,Plastic,17.36,48.51,2.47,Healthy
2026-01-13 22:15:00,F0500,Plastic,73.47,43.37,2.81,Healthy
2026-01-13 22:20:00,F0812,Plastic,2.9,26.25,7.43,Healthy
2026-01-13 22:25:00,F0996,Biodegradable,12.71,27.76,1.48,Damaged
2026-01-13 22:30:00,F0466,Biodegradable,79.72,65.04,1.11,Healthy
2026-01-13 22:35:00,F0054,Organic,95.76,49.72,1.93,Healthy
2026-01-13 22:40:00,F0852,Organic,43.93,62.72,3.9,Damaged
2026-01-13 22:45:00,F0105,Organic,88.31,37.75,6.43,Damaged
2026-01-13 22:50:00,F0424,Plastic,63.61,39.71,6.77,Damaged
2026-01-13 22:55:00,F0948,Organic,78.67,46.04,7.04,Healthy
2026-01-13 23:00:00,F0894,Organic,38.63,48.39,2.59,Healthy
2026-01-13 23:05:00,F0518,Plastic,78.86,38.15,2.04,Healthy
2026-01-13 23:10:00,F0599,Biodegradable,15.56,45.93,6.62,Needs Replacement
2026-01-13 23:15:00,F0261,Biodegradable,38.53,55.49,2.97,Damaged
2026-01-13 23:20:00,F0643,Plastic,73.95,66.83,4.4,Needs Replacement
2026-01-13 23:25:00,F0103,Plastic,57.34,66.43,6.56,Healthy
2026-01-13 23:30:00,F0990,Biodegradable,8.6,12.83,4.72,Healthy
2026-01-13 23:35:00,F0426,Biodegradable,23.57,30.8,5.82,Damaged
2026-01-13 23:40:00,F0076,Organic,5.0,64.98,7.83,Healthy
2026-01-13 23:45:00,F0818,Biodegradable,86.3,39.08,5.86,Healthy
2026-01-13 23:50:00,F0635,Biodegradable,59.83,31.15,5.11,Needs Replacement
2026-01-13 23:55:00,F0908,Plastic,69.44,20.69,3.23,Needs Replacement
2026-01-14 00:00:00,F0969,Organic,10.2,20.53,7.34,Damaged
2026-01-14 00:05:00,F0168,Plastic,25.45,23.22,4.18,Needs Replacement
2026-01-14 00:10:00,F0181,Organic,85.72,18.98,1.79,Damaged
2026-01-14 00:15:00,F0662,Organic,32.05,58.65,5.14,Healthy
2026-01-14 00:20:00,F0553,Plastic,90.88,54.4,1.01,Healthy
2026-01-14 00:25:00,F0927,Plastic,97.62,27.67,4.1,Needs Replacement
2026-01-14 00:30:00,F0595,Organic,50.22,41.11,4.56,Healthy
2026-01-14 00:35:00,F0881,Organic,27.1,11.25,2.16,Damaged
2026-01-14 00:40:00,F0074,Biodegradable,68.31,55.96,5.79,Needs Replacement
2026-01-14 00:45:00,F0639,Biodegradable,18.95,50.91,4.48,Healthy
2026-01-14 00:50:00,F0971,Biodegradable,39.73,48.08,2.46,Damaged
2026-01-14 00:55:00,F0944,Organic,31.65,23.99,2.29,Needs Replacement
2026-01-14 01:00:00,F0581,Plastic,31.89,20.23,7.38,Healthy
2026-01-14 01:05:00,F0086,Plastic,41.84,63.15,3.45,Damaged
2026-01-14 01:10:00,F0950,Plastic,13.38,49.25,5.01,Healthy
2026-01-14 01:15:00,F0886,Organic,59.25,17.02,3.26,Healthy
2026-01-14 01:20:00,F0681,Biodegradable,4.2,45.48,3.21,Damaged
2026-01-14 01:25:00,F0738,Plastic,40.22,36.15,4.24,Damaged
2026-01-14 01:30:00,F0681,Plastic,40.86,59.6,6.06,Healthy
2026-01-14 01:35:00,F0639,Biodegradable,43.15,14.56,5.64,Healthy
2026-01-14 01:40:00,F0210,Biodegradable,64.63,43.07,1.68,Healthy
2026-01-14 01:45:00,F0045,Organic,22.3,42.3,6.96,Damaged
2026-01-14 01:50:00,F0161,Plastic,53.44,61.06,5.93,Damaged
2026-01-14 01:55:00,F0849,Plastic,8.37,61.03,1.66,Healthy
2026-01-14 02:00:00,F0905,Plastic,37.21,27.76,5.64,Damaged
2026-01-14 02:05:00,F0428,Biodegradable,37.25,19.22,4.05,Needs Replacement
2026-01-14 02:10:00,F0782,Biodegradable,99.14,27.88,1.06,Healthy
2026-01-14 02:15:00,F0399,Organic,53.08,25.73,4.76,Needs Replacement
2026-01-14 02:20:00,F0044,Organic,75.01,60.23,5.72,Healthy
2026-01-14 02:25:00,F0453,Biodegradable,57.0,40.15,7.53,Damaged
2026-01-14 02:30:00,F0795,Biodegradable,48.04,59.91,4.65,Needs Replacement
2026-01-14 02:35:00,F0767,Organic,63.78,26.91,7.09,Damaged
2026-01-14 02:40:00,F0304,Biodegradable,11.88,36.12,1.91,Healthy
2026-01-14 02:45:00,F0829,Plastic,11.18,18.45,7.51,Healthy
2026-01-14 02:50:00,F0066,Plastic,7.51,20.98,3.14,Needs Replacement
2026-01-14 02:55:00,F0996,Plastic,16.31,25.18,2.52,Needs Replacement
2026-01-14 03:00:00,F0582,Biodegradable,73.27,66.26,7.42,Healthy
2026-01-14 03:05:00,F0846,Organic,9.0,61.76,4.13,Damaged
2026-01-14 03:10:00,F0708,Biodegradable,60.94,68.61,2.94,Healthy
2026-01-14 03:15:00,F0754,Biodegradable,65.17,40.82,2.39,Healthy
2026-01-14 03:20:00,F0022,Biodegradable,5.7,62.51,3.96,Damaged
2026-01-14 03:25:00,F0357,Plastic,74.51,52.37,1.44,Damaged
2026-01-14 03:30:00,F0194,Plastic,16.13,30.2,4.81,Healthy
2026-01-14 03:35:00,F0277,Plastic,32.18,12.78,6.67,Damaged
2026-01-14 03:40:00,F0364,Biodegradable,89.91,42.99,1.01,Damaged
2026-01-14 03:45:00,F0176,Biodegradable,16.18,35.08,6.67,Damaged
2026-01-14 03:50:00,F0547,Biodegradable,76.73,13.75,4.16,Needs Replacement
2026-01-14 03:55:00,F0250,Plastic,16.4,37.44,4.05,Healthy
2026-01-14 04:00:00,F0894,Biodegradable,84.38,69.58,2.45,Damaged
2026-01-14 04:05:00,F0209,Plastic,89.3,50.39,7.18,Needs Replacement
2026-01-14 04:10:00,F0651,Plastic,40.75,54.82,4.54,Damaged
2026-01-14 04:15:00,F0787,Organic,96.35,64.78,6.25,Healthy
2026-01-14 04:20:00,F0313,Plastic,39.76,16.29,4.04,Healthy
2026-01-14 04:25:00,F0811,Plastic,97.31,21.39,5.65,Healthy
2026-01-14 04:30:00,F0690,Biodegradable,90.01,53.01,2.07,Damaged
2026-01-14 04:35:00,F0473,Biodegradable,73.11,23.43,7.28,Damaged
2026-01-14 04:40:00,F0726,Biodegradable,72.83,13.8,4.34,Damaged
2026-01-14 04:45:00,F0395,Plastic,1.98,67.16,4.38,Damaged
2026-01-14 04:50:00,F0846,Biodegradable,4.34,55.33,6.06,Healthy
2026-01-14 04:55:00,F0103,Biodegradable,0.63,63.93,4.77,Needs Replacement
2026-01-14 05:00:00,F0622,Organic,24.74,14.5,1.89,Needs Replacement
2026-01-14 05:05:00,F0361,Biodegradable,11.68,65.09,5.86,Needs Replacement
2026-01-14 05:10:00,F0710,Organic,57.96,41.99,2.73,Needs Replacement
2026-01-14 05:15:00,F0734,Biodegradable,66.07,20.69,5.73,Healthy
2026-01-14 05:20:00,F0842,Organic,70.15,32.61,5.87,Damaged
2026-01-14 05:25:00,F0589,Plastic,38.45,20.25,7.09,Healthy
2026-01-14 05:30:00,F0608,Biodegradable,32.37,22.25,5.32,Healthy
2026-01-14 05:35:00,F0446,Biodegradable,34.34,23.41,2.91,Damaged
2026-01-14 05:40:00,F0140,Biodegradable,0.9,36.66,3.09,Damaged
2026-01-14 05:45:00,F0784,Biodegradable,2.25,26.09,4.33,Needs Replacement
2026-01-14 05:50:00,F0783,Organic,42.31,69.31,3.13,Damaged
2026-01-14 05:55:00,F0567,Biodegradable,61.87,39.07,4.94,Needs Replacement
2026-01-14 06:00:00,F0361,Biodegradable,30.7,50.78,2.78,Damaged
2026-01-14 06:05:00,F0977,Biodegradable,85.06,27.05,2.93,Healthy
2026-01-14 06:10:00,F0116,Organic,80.27,58.12,6.93,Needs Replacement
2026-01-14 06:15:00,F0646,Organic,24.25,60.33,4.63,Healthy
2026-01-14 06:20:00,F0110,Organic,39.87,44.89,6.66,Needs Replacement
2026-01-14 06:25:00,F0324,Plastic,77.64,42.02,2.86,Damaged
2026-01-14 06:30:00,F0897,Plastic,16.67,48.4,6.64,Needs Replacement
2026-01-14 06:35:00,F0033,Plastic,96.49,17.1,7.21,Needs Replacement
2026-01-14 06:40:00,F0297,Biodegradable,13.95,37.52,3.78,Damaged
2026-01-14 06:45:00,F0278,Biodegradable,90.17,11.08,4.81,Needs Replacement
2026-01-14 06:50:00,F0570,Biodegradable,35.86,16.26,2.55,Damaged
2026-01-14 06:55:00,F0338,Organic,55.55,62.5,6.63,Needs Replacement
2026-01-14 07:00:00,F0610,Biodegradable,66.68,42.45,2.66,Needs Replacement
2026-01-14 07:05:00,F0567,Organic,26.19,61.28,7.96,Needs Replacement
2026-01-14 07:10:00,F0984,Organic,98.42,24.19,2.05,Needs Replacement
2026-01-14 07:15:00,F0696,Organic,91.52,12.83,2.49,Damaged
2026-01-14 07:20:00,F0910,Biodegradable,39.04,50.73,1.71,Needs Replacement
2026-01-14 07:25:00,F0367,Organic,64.5,11.04,7.78,Needs Replacement
2026-01-14 07:30:00,F0846,Organic,9.71,25.66,4.96,Damaged
2026-01-14 07:35:00,F0460,Biodegradable,66.5,63.83,3.06,Healthy
2026-01-14 07:40:00,F0020,Biodegradable,50.27,38.79,6.05,Healthy
2026-01-14 07:45:00,F0823,Plastic,53.08,19.72,7.15,Healthy
2026-01-14 07:50:00,F0910,Biodegradable,11.3,55.01,3.99,Healthy
2026-01-14 07:55:00,F0973,Organic,4.76,26.28,3.07,Healthy
2026-01-14 08:00:00,F0281,Biodegradable,60.15,66.29,3.75,Needs Replacement
2026-01-14 08:05:00,F0839,Organic,95.47,43.52,7.5,Healthy
2026-01-14 08:10:00,F0797,Plastic,30.09,12.32,1.99,Healthy
2026-01-14 08:15:00,F0894,Organic,32.36,30.65,5.18,Healthy
2026-01-14 08:20:00,F0962,Plastic,31.54,35.53,2.25,Healthy
2026-01-14 08:25:00,F0651,Biodegradable,60.9,29.91,2.51,Damaged
2026-01-14 08:30:00,F0315,Organic,29.49,57.59,2.81,Needs Replacement
2026-01-14 08:35:00,F0382,Biodegradable,30.36,27.31,6.5,Healthy
2026-01-14 08:40:00,F0844,Plastic,60.08,29.58,1.67,Damaged
2026-01-14 08:45:00,F0993,Plastic,22.52,10.37,6.81,Needs Replacement
2026-01-14 08:50:00,F0719,Biodegradable,33.3,30.86,1.71,Healthy
2026-01-14 08:55:00,F0190,Plastic,0.33,24.95,1.89,Healthy
2026-01-14 09:00:00,F0798,Biodegradable,92.93,56.75,2.66,Healthy
2026-01-14 09:05:00,F0791,Organic,63.33,37.8,2.1,Damaged
2026-01-14 09:10:00,F0570,Organic,64.25,53.89,5.32,Damaged
2026-01-14 09:15:00,F0599,Biodegradable,67.51,43.25,2.2,Needs Replacement
2026-01-14 09:20:00,F0880,Organic,17.03,60.5,1.98,Healthy
2026-01-14 09:25:00,F0378,Biodegradable,40.61,68.65,3.29,Healthy
2026-01-14 09:30:00,F0542,Biodegradable,44.86,13.28,7.41,Healthy
2026-01-14 09:35:00,F0466,Organic,36.33,45.96,2.81,Needs Replacement
2026-01-14 09:40:00,F0366,Plastic,47.16,55.88,5.47,Needs Replacement
2026-01-14 09:45:00,F0750,Organic,43.84,41.74,6.2,Healthy
2026-01-14 09:50:00,F0595,Organic,83.33,60.65,1.83,Damaged
2026-01-14 09:55:00,F0297,Biodegradable,80.58,44.26,2.4,Healthy
2026-01-14 10:00:00,F0032,Plastic,3.66,23.88,4.57,Healthy
2026-01-14 10:05:00,F0807,Plastic,12.48,23.07,1.58,Damaged
2026-01-14 10:10:00,F0616,Plastic,20.1,59.53,4.65,Needs Replacement
2026-01-14 10:15:00,F0911,Plastic,93.63,40.78,4.54,Damaged
2026-01-14 10:20:00,F0487,Plastic,6.83,57.66,4.36,Healthy
2026-01-14 10:25:00,F0701,Plastic,28.52,43.29,2.29,Needs Replacement
2026-01-14 10:30:00,F0335,Biodegradable,18.15,36.71,3.14,Healthy
2026-01-14 10:35:00,F0826,Biodegradable,92.66,53.74,4.38,Healthy
2026-01-14 10:40:00,F0436,Biodegradable,10.15,43.87,1.75,Needs Replacement
2026-01-14 10:45:00,F0090,Biodegradable,18.8,26.75,3.67,Needs Replacement
2026-01-14 10:50:00,F0829,Organic,44.27,32.73,2.14,Damaged
2026-01-14 10:55:00,F0834,Organic,93.21,69.22,2.57,Healthy
2026-01-14 11:00:00,F0645,Organic,58.77,44.54,7.22,Needs Replacement
2026-01-14 11:05:00,F0589,Biodegradable,97.17,30.49,5.27,Healthy
2026-01-14 11:10:00,F0568,Organic,68.95,16.73,4.73,Needs Replacement
2026-01-14 11:15:00,F0853,Biodegradable,22.79,11.02,7.34,Damaged
2026-01-14 11:20:00,F0609,Organic,34.04,15.71,1.59,Damaged
2026-01-14 11:25:00,F0302,Organic,52.21,64.28,2.19,Needs Replacement
2026-01-14 11:30:00,F0635,Biodegradable,73.61,40.88,4.62,Damaged
2026-01-14 11:35:00,F0575,Organic,72.42,44.97,4.07,Needs Replacement
2026-01-14 11:40:00,F0533,Plastic,32.86,52.6,3.44,Damaged
2026-01-14 11:45:00,F0147,Plastic,74.19,60.56,1.36,Needs Replacement
2026-01-14 11:50:00,F0677,Biodegradable,74.52,37.77,4.77,Damaged
2026-01-14 11:55:00,F0554,Plastic,83.86,59.2,3.09,Damaged
2026-01-14 12:00:00,F0474,Plastic,60.84,61.59,7.29,Needs Replacement
2026-01-14 12:05:00,F0269,Organic,75.06,41.75,7.41,Healthy
2026-01-14 12:10:00,F0509,Plastic,78.99,57.69,2.44,Damaged
2026-01-14 12:15:00,F0187,Biodegradable,99.49,68.92,1.73,Healthy
2026-01-14 12:20:00,F0771,Organic,63.82,22.6,4.52,Damaged
2026-01-14 12:25:00,F0504,Biodegradable,11.41,14.91,2.72,Healthy
2026-01-14 12:30:00,F0909,Plastic,27.51,64.99,5.04,Damaged
2026-01-14 12:35:00,F0864,Biodegradable,79.49,49.4,7.07,Damaged
2026-01-14 12:40:00,F0480,Biodegradable,63.03,20.02,1.74,Healthy
2026-01-14 12:45:00,F0947,Organic,37.04,18.87,7.03,Damaged
2026-01-14 12:50:00,F0644,Biodegradable,20.77,59.39,3.62,Needs Replacement
2026-01-14 12:55:00,F0740,Organic,74.45,42.31,1.14,Damaged
2026-01-14 13:00:00,F0130,Biodegradable,1.19,60.17,3.23,Needs Replacement
2026-01-14 13:05:00,F0247,Biodegradable,2.0,54.66,1.85,Healthy
2026-01-14 13:10:00,F0874,Biodegradable,1.04,67.51,4.73,Needs Replacement
2026-01-14 13:15:00,F0125,Plastic,30.74,48.78,3.21,Damaged
2026-01-14 13:20:00,F0336,Biodegradable,42.66,44.44,5.83,Healthy
2026-01-14 13:25:00,F0336,Plastic,85.56,53.03,1.3,Healthy
2026-01-14 13:30:00,F0072,Organic,29.93,52.88,2.45,Damaged
2026-01-14 13:35:00,F0776,Organic,79.51,41.86,2.44,Healthy
2026-01-14 13:40:00,F0522,Biodegradable,91.5,14.73,5.83,Damaged
2026-01-14 13:45:00,F0818,Biodegradable,40.09,24.72,3.47,Healthy
2026-01-14 13:50:00,F0999,Organic,70.43,47.6,4.81,Healthy
2026-01-14 13:55:00,F0253,Plastic,36.67,67.34,4.15,Damaged
2026-01-14 14:00:00,F0599,Organic,33.43,33.15,3.63,Damaged
2026-01-14 14:05:00,F0104,Organic,18.59,30.8,7.14,Needs Replacement
2026-01-14 14:10:00,F0676,Plastic,24.61,67.39,5.29,Damaged
2026-01-14 14:15:00,F0029,Plastic,91.1,38.29,2.27,Damaged
2026-01-14 14:20:00,F0420,Plastic,59.45,69.81,5.55,Needs Replacement
2026-01-14 14:25:00,F0387,Organic,91.41,27.7,4.65,Needs Replacement
2026-01-14 14:30:00,F0036,Plastic,6.87,52.29,3.89,Damaged
2026-01-14 14:35:00,F0650,Plastic,99.92,37.71,7.64,Needs Replacement
2026-01-14 14:40:00,F0420,Organic,53.54,59.09,7.43,Healthy
2026-01-14 14:45:00,F0686,Biodegradable,97.53,67.8,1.26,Damaged
2026-01-14 14:50:00,F0271,Plastic,0.12,39.42,2.5,Needs Replacement
2026-01-14 14:55:00,F0522,Plastic,41.97,35.33,7.54,Needs Replacement
2026-01-14 15:00:00,F0542,Biodegradable,63.38,50.59,4.17,Healthy
2026-01-14 15:05:00,F0590,Organic,59.2,57.65,7.49,Damaged
2026-01-14 15:10:00,F0712,Biodegradable,79.73,35.1,3.81,Damaged
2026-01-14 15:15:00,F0178,Plastic,62.67,51.52,1.03,Damaged
2026-01-14 15:20:00,F0522,Organic,53.66,61.49,7.57,Needs Replacement
2026-01-14 15:25:00,F0877,Biodegradable,87.12,55.26,3.45,Healthy
2026-01-14 15:30:00,F0915,Organic,83.12,56.02,4.76,Healthy
2026-01-14 15:35:00,F0202,Plastic,84.59,17.4,2.86,Damaged
2026-01-14 15:40:00,F0123,Plastic,96.78,58.36,7.72,Needs Replacement
2026-01-14 15:45:00,F0785,Plastic,83.91,59.25,6.43,Healthy
2026-01-14 15:50:00,F0536,Plastic,30.51,22.5,4.53,Damaged
2026-01-14 15:55:00,F0766,Organic,49.34,42.9,4.1,Damaged
2026-01-14 16:00:00,F0780,Organic,22.24,24.04,3.83,Needs Replacement
2026-01-14 16:05:00,F0009,Biodegradable,1.39,25.06,2.63,Healthy
2026-01-14 16:10:00,F0198,Biodegradable,62.27,16.76,7.66,Damaged
2026-01-14 16:15:00,F0131,Organic,87.33,68.16,2.3,Healthy
2026-01-14 16:20:00,F0947,Organic,34.87,57.25,7.79,Healthy
2026-01-14 16:25:00,F0916,Plastic,65.52,20.22,7.09,Damaged
2026-01-14 16:30:00,F0138,Plastic,3.49,49.14,4.15,Needs Replacement
2026-01-14 16:35:00,F0707,Organic,75.8,13.98,1.4,Damaged
2026-01-14 16:40:00,F0221,Plastic,59.16,52.25,1.7,Needs Replacement
2026-01-14 16:45:00,F0659,Plastic,37.12,56.85,6.88,Healthy
2026-01-14 16:50:00,F0978,Biodegradable,62.14,52.88,3.17,Healthy
2026-01-14 16:55:00,F0029,Biodegradable,14.42,26.62,7.66,Damaged
2026-01-14 17:00:00,F0262,Biodegradable,73.54,38.48,6.21,Needs Replacement
2026-01-14 17:05:00,F0508,Organic,20.47,20.65,1.55,Healthy
2026-01-14 17:10:00,F0711,Biodegradable,18.55,10.84,6.83,Damaged
2026-01-14 17:15:00,F0849,Biodegradable,21.4,35.15,1.76,Healthy
2026-01-14 17:20:00,F0102,Biodegradable,3.54,28.33,4.68,Needs Replacement
2026-01-14 17:25:00,F0409,Organic,21.51,38.49,2.05,Damaged
2026-01-14 17:30:00,F0798,Plastic,65.28,13.37,7.51,Healthy
2026-01-14 17:35:00,F0915,Organic,59.46,56.77,2.66,Damaged
2026-01-14 17:40:00,F0982,Biodegradable,13.55,44.27,2.38,Damaged
2026-01-14 17:45:00,F0321,Plastic,3.12,30.34,4.33,Healthy
2026-01-14 17:50:00,F0818,Biodegradable,9.58,24.6,3.33,Healthy
2026-01-14 17:55:00,F0092,Plastic,2.6,37.68,5.31,Healthy
2026-01-14 18:00:00,F0210,Biodegradable,65.43,20.3,1.65,Needs Replacement
2026-01-14 18:05:00,F0078,Biodegradable,56.64,54.59,4.31,Needs Replacement
2026-01-14 18:10:00,F0844,Organic,49.56,21.14,1.17,Needs Replacement
2026-01-14 18:15:00,F0418,Plastic,87.01,52.6,2.96,Needs Replacement
2026-01-14 18:20:00,F0988,Plastic,11.1,20.03,6.65,Needs Replacement
2026-01-14 18:25:00,F0417,Plastic,83.42,37.29,3.14,Healthy
2026-01-14 18:30:00,F0806,Plastic,82.51,55.57,3.05,Healthy
2026-01-14 18:35:00,F0148,Organic,36.05,15.57,3.78,Healthy
2026-01-14 18:40:00,F0146,Biodegradable,21.47,45.26,6.29,Damaged
2026-01-14 18:45:00,F0844,Organic,73.04,45.0,3.14,Needs Replacement
2026-01-14 18:50:00,F0691,Plastic,88.33,32.55,1.16,Needs Replacement
2026-01-14 18:55:00,F0946,Plastic,64.16,31.19,1.66,Needs Replacement
2026-01-14 19:00:00,F0308,Biodegradable,40.9,49.09,5.22,Damaged
2026-01-14 19:05:00,F0971,Organic,2.41,68.24,1.94,Damaged
2026-01-14 19:10:00,F0038,Plastic,35.91,42.4,1.78,Healthy
2026-01-14 19:15:00,F0953,Biodegradable,10.63,50.04,3.24,Damaged
2026-01-14 19:20:00,F0554,Organic,92.22,15.46,6.64,Damaged
2026-01-14 19:25:00,F0424,Organic,28.55,46.4,4.75,Needs Replacement
2026-01-14 19:30:00,F0527,Biodegradable,55.6,57.47,7.36,Needs Replacement
2026-01-14 19:35:00,F0930,Plastic,12.69,37.82,7.99,Damaged
2026-01-14 19:40:00,F0524,Biodegradable,52.55,28.72,2.81,Healthy
2026-01-14 19:45:00,F0579,Plastic,43.83,49.44,7.83,Damaged
2026-01-14 19:50:00,F0134,Plastic,3.25,27.49,6.92,Needs Replacement
2026-01-14 19:55:00,F0744,Biodegradable,30.08,13.02,5.0,Healthy
2026-01-14 20:00:00,F0854,Plastic,39.3,67.72,5.38,Needs Replacement
2026-01-14 20:05:00,F0448,Organic,97.96,26.72,2.88,Needs Replacement
2026-01-14 20:10:00,F0230,Biodegradable,94.45,12.34,2.1,Damaged
2026-01-14 20:15:00,F0732,Plastic,41.02,26.46,2.31,Healthy
2026-01-14 20:20:00,F0504,Biodegradable,6.59,19.99,6.2,Damaged
2026-01-14 20:25:00,F0002,Plastic,14.84,10.87,7.32,Healthy
2026-01-14 20:30:00,F0386,Plastic,0.2,11.24,4.84,Needs Replacement
2026-01-14 20:35:00,F0608,Plastic,74.38,69.64,4.17,Damaged
2026-01-14 20:40:00,F0797,Biodegradable,0.48,40.97,5.0,Healthy
2026-01-14 20:45:00,F0024,Biodegradable,12.13,17.15,6.59,Healthy
2026-01-14 20:50:00,F0841,Plastic,38.45,55.18,5.39,Healthy
2026-01-14 20:55:00,F0852,Biodegradable,68.55,22.09,4.2,Damaged
2026-01-14 21:00:00,F0758,Biodegradable,53.19,56.4,6.09,Damaged
2026-01-14 21:05:00,F0345,Organic,4.47,10.53,6.57,Damaged
2026-01-14 21:10:00,F0888,Biodegradable,98.9,67.06,7.6,Needs Replacement
2026-01-14 21:15:00,F0052,Plastic,48.0,25.48,2.71,Damaged
2026-01-14 21:20:00,F0701,Plastic,81.59,68.35,4.61,Healthy
2026-01-14 21:25:00,F0251,Organic,43.46,63.42,6.06,Healthy
2026-01-14 21:30:00,F0095,Biodegradable,92.96,41.4,1.6,Damaged
2026-01-14 21:35:00,F0514,Plastic,55.53,32.16,2.81,Damaged
2026-01-14 21:40:00,F0194,Biodegradable,96.29,28.54,7.81,Needs Replacement
2026-01-14 21:45:00,F0209,Organic,80.49,49.88,1.48,Healthy
2026-01-14 21:50:00,F0385,Biodegradable,27.77,34.67,4.13,Damaged
2026-01-14 21:55:00,F0280,Organic,59.72,27.0,7.23,Needs Replacement
2026-01-14 22:00:00,F0564,Plastic,44.16,52.97,1.67,Needs Replacement
2026-01-14 22:05:00,F0724,Biodegradable,88.12,53.26,6.67,Healthy
2026-01-14 22:10:00,F0228,Biodegradable,68.87,19.13,1.96,Needs Replacement
2026-01-14 22:15:00,F0153,Organic,59.65,56.02,7.78,Healthy
2026-01-14 22:20:00,F0509,Organic,3.37,30.8,7.21,Damaged
2026-01-14 22:25:00,F0935,Organic,32.48,18.16,2.59,Damaged
2026-01-14 22:30:00,F0953,Plastic,97.09,34.7,2.12,Needs Replacement
2026-01-14 22:35:00,F0164,Biodegradable,99.57,11.04,3.06,Healthy
2026-01-14 22:40:00,F0719,Organic,99.25,43.6,1.98,Healthy
2026-01-14 22:45:00,F0644,Plastic,54.9,51.2,7.57,Damaged
2026-01-14 22:50:00,F0682,Organic,97.46,30.76,1.13,Healthy
2026-01-14 22:55:00,F0225,Plastic,88.34,13.65,5.21,Needs Replacement
2026-01-14 23:00:00,F0576,Plastic,42.65,11.41,1.6,Damaged
2026-01-14 23:05:00,F0901,Biodegradable,14.33,15.2,1.63,Healthy
2026-01-14 23:10:00,F0948,Biodegradable,20.05,64.24,4.97,Needs Replacement
2026-01-14 23:15:00,F0927,Organic,6.86,15.37,1.21,Damaged
2026-01-14 23:20:00,F0446,Organic,71.53,10.69,6.15,Healthy
2026-01-14 23:25:00,F0997,Organic,95.57,56.31,6.11,Needs Replacement
2026-01-14 23:30:00,F0671,Plastic,38.18,12.76,7.13,Healthy
2026-01-14 23:35:00,F0650,Organic,97.85,35.14,2.53,Needs Replacement
2026-01-14 23:40:00,F0341,Plastic,82.52,11.51,5.35,Healthy
2026-01-14 23:45:00,F0210,Biodegradable,36.6,53.15,6.59,Needs Replacement
2026-01-14 23:50:00,F0572,Organic,49.18,18.93,2.64,Healthy
2026-01-14 23:55:00,F0963,Organic,49.12,34.59,2.18,Healthy
2026-01-15 00:00:00,F0976,Plastic,74.95,17.57,4.21,Needs Replacement
2026-01-15 00:05:00,F0429,Biodegradable,45.31,10.23,3.74,Needs Replacement
2026-01-15 00:10:00,F0976,Plastic,93.49,65.91,6.48,Healthy
2026-01-15 00:15:00,F0901,Organic,27.61,14.6,7.49,Needs Replacement
2026-01-15 00:20:00,F0277,Biodegradable,85.23,36.52,6.99,Needs Replacement
2026-01-15 00:25:00,F0593,Plastic,47.33,59.79,5.64,Damaged
2026-01-15 00:30:00,F0956,Plastic,20.77,10.9,3.89,Damaged
2026-01-15 00:35:00,F0997,Plastic,30.33,43.94,7.95,Healthy
2026-01-15 00:40:00,F0315,Plastic,23.53,61.85,6.68,Needs Replacement
2026-01-15 00:45:00,F0561,Plastic,72.61,62.72,6.28,Healthy
2026-01-15 00:50:00,F0864,Organic,15.08,30.18,5.46,Damaged
2026-01-15 00:55:00,F0589,Plastic,73.83,31.38,3.5,Healthy
2026-01-15 01:00:00,F0290,Biodegradable,96.99,49.6,2.93,Healthy
2026-01-15 01:05:00,F0505,Plastic,76.64,16.06,5.97,Damaged
2026-01-15 01:10:00,F0003,Biodegradable,55.04,41.87,4.25,Needs Replacement
2026-01-15 01:15:00,F0808,Organic,23.35,23.52,5.74,Damaged
2026-01-15 01:20:00,F0067,Biodegradable,87.44,40.16,2.25,Damaged
2026-01-15 01:25:00,F0415,Organic,27.72,58.08,4.76,Needs Replacement
2026-01-15 01:30:00,F0837,Plastic,86.62,11.1,6.93,Healthy
2026-01-15 01:35:00,F0319,Plastic,18.17,19.66,7.15,Damaged
2026-01-15 01:40:00,F0254,Plastic,74.98,14.94,6.08,Healthy
2026-01-15 01:45:00,F0974,Biodegradable,70.82,13.06,5.28,Needs Replacement
2026-01-15 01:50:00,F0103,Biodegradable,0.42,66.76,4.48,Damaged
2026-01-15 01:55:00,F0060,Plastic,64.19,40.31,1.37,Healthy
2026-01-15 02:00:00,F0458,Biodegradable,6.25,51.93,1.74,Damaged
2026-01-15 02:05:00,F0092,Organic,62.29,64.75,1.35,Healthy
2026-01-15 02:10:00,F0487,Plastic,93.84,22.59,7.43,Healthy
2026-01-15 02:15:00,F0604,Organic,10.69,51.39,6.23,Damaged
2026-01-15 02:20:00,F0906,Biodegradable,55.48,12.74,6.24,Needs Replacement
2026-01-15 02:25:00,F0364,Biodegradable,88.41,19.34,7.91,Damaged
2026-01-15 02:30:00,F0520,Organic,61.68,55.08,1.36,Healthy
2026-01-15 02:35:00,F0478,Biodegradable,58.18,27.09,7.85,Needs Replacement
2026-01-15 02:40:00,F0079,Plastic,86.73,65.28,5.4,Needs Replacement
2026-01-15 02:45:00,F0123,Plastic,34.07,30.26,2.16,Needs Replacement
2026-01-15 02:50:00,F0858,Organic,92.26,43.49,5.73,Damaged
2026-01-15 02:55:00,F0614,Plastic,74.47,38.3,6.46,Damaged
2026-01-15 03:00:00,F0437,Plastic,22.67,16.72,3.91,Damaged
2026-01-15 03:05:00,F1000,Plastic,69.03,16.66,5.31,Healthy
2026-01-15 03:10:00,F0603,Biodegradable,89.38,50.61,7.15,Needs Replacement
2026-01-15 03:15:00,F0203,Organic,25.13,39.42,1.84,Needs Replacement
2026-01-15 03:20:00,F0574,Plastic,83.75,12.42,7.15,Healthy
2026-01-15 03:25:00,F0741,Biodegradable,18.21,27.21,1.1,Damaged
2026-01-15 03:30:00,F0513,Plastic,36.63,31.11,7.07,Healthy
2026-01-15 03:35:00,F0199,Plastic,16.97,25.41,7.08,Healthy
2026-01-15 03:40:00,F0845,Plastic,87.63,67.84,2.14,Needs Replacement
2026-01-15 03:45:00,F0685,Organic,58.51,57.36,3.69,Damaged
2026-01-15 03:50:00,F0484,Plastic,35.24,37.35,3.79,Needs Replacement
2026-01-15 03:55:00,F0448,Biodegradable,80.08,50.93,3.5,Damaged
2026-01-15 04:00:00,F0954,Organic,11.84,44.68,7.88,Damaged
2026-01-15 04:05:00,F0330,Plastic,74.86,62.65,1.99,Damaged
2026-01-15 04:10:00,F0149,Organic,11.54,34.39,3.09,Healthy
2026-01-15 04:15:00,F0373,Plastic,0.44,65.66,2.52,Damaged
2026-01-15 04:20:00,F0289,Plastic,52.27,25.48,6.47,Damaged
2026-01-15 04:25:00,F0228,Biodegradable,74.81,16.75,4.77,Healthy
2026-01-15 04:30:00,F0226,Plastic,28.86,61.32,4.52,Healthy
2026-01-15 04:35:00,F0829,Plastic,30.14,16.43,3.98,Healthy
2026-01-15 04:40:00,F0378,Plastic,31.64,23.72,2.03,Needs Replacement
2026-01-15 04:45:00,F0564,Organic,47.63,31.88,6.65,Damaged
2026-01-15 04:50:00,F0684,Biodegradable,29.08,52.77,2.72,Needs Replacement
2026-01-15 04:55:00,F0334,Plastic,23.27,43.0,1.65,Healthy
2026-01-15 05:00:00,F0266,Plastic,88.05,26.57,4.49,Needs Replacement
2026-01-15 05:05:00,F0877,Plastic,50.56,58.5,6.51,Needs Replacement
2026-01-15 05:10:00,F0784,Plastic,47.25,43.11,3.25,Healthy
2026-01-15 05:15:00,F0505,Organic,54.6,14.58,4.14,Healthy
2026-01-15 05:20:00,F0510,Biodegradable,13.4,45.54,6.36,Healthy
2026-01-15 05:25:00,F0962,Biodegradable,34.14,25.58,3.63,Healthy
2026-01-15 05:30:00,F0233,Biodegradable,76.24,58.73,4.23,Needs Replacement
2026-01-15 05:35:00,F0777,Biodegradable,1.89,27.74,3.05,Needs Replacement
2026-01-15 05:40:00,F0145,Plastic,77.17,35.37,4.24,Needs Replacement
2026-01-15 05:45:00,F0063,Biodegradable,6.47,16.1,4.22,Needs Replacement
2026-01-15 05:50:00,F0668,Organic,12.25,33.06,2.85,Damaged
2026-01-15 05:55:00,F0741,Plastic,99.49,55.16,4.37,Healthy
2026-01-15 06:00:00,F0543,Plastic,9.77,29.08,7.85,Healthy
2026-01-15 06:05:00,F0309,Biodegradable,88.87,27.79,1.51,Needs Replacement
2026-01-15 06:10:00,F0166,Biodegradable,70.57,50.3,3.68,Healthy
2026-01-15 06:15:00,F0541,Organic,33.23,56.23,3.76,Healthy
2026-01-15 06:20:00,F0308,Plastic,89.35,21.16,4.61,Needs Replacement
2026-01-15 06:25:00,F0669,Organic,41.66,25.04,1.07,Damaged
2026-01-15 06:30:00,F0855,Biodegradable,20.69,38.69,1.47,Healthy
2026-01-15 06:35:00,F0943,Organic,94.31,22.49,4.84,Needs Replacement
2026-01-15 06:40:00,F0224,Biodegradable,41.76,18.3,5.23,Needs Replacement
2026-01-15 06:45:00,F0417,Biodegradable,72.2,60.15,5.25,Damaged
2026-01-15 06:50:00,F0536,Organic,3.02,25.79,7.43,Damaged
2026-01-15 06:55:00,F0799,Organic,67.94,20.58,5.86,Healthy
2026-01-15 07:00:00,F0538,Biodegradable,25.97,30.81,1.18,Healthy
2026-01-15 07:05:00,F0980,Organic,47.43,44.66,6.2,Damaged
2026-01-15 07:10:00,F0010,Organic,85.38,35.74,2.8,Healthy
2026-01-15 07:15:00,F0060,Biodegradable,68.18,54.27,3.88,Needs Replacement
2026-01-15 07:20:00,F0348,Organic,50.02,62.91,4.5,Needs Replacement
2026-01-15 07:25:00,F0884,Plastic,15.88,61.03,5.11,Healthy
2026-01-15 07:30:00,F0186,Organic,83.12,41.62,2.03,Healthy
2026-01-15 07:35:00,F0747,Plastic,86.03,54.97,1.91,Healthy
2026-01-15 07:40:00,F0151,Organic,5.96,20.56,7.61,Healthy
2026-01-15 07:45:00,F0380,Biodegradable,10.64,14.5,4.25,Needs Replacement
2026-01-15 07:50:00,F0434,Plastic,42.59,17.24,4.44,Healthy
2026-01-15 07:55:00,F0381,Plastic,77.94,19.46,7.18,Needs Replacement
2026-01-15 08:00:00,F0239,Plastic,26.82,43.15,5.04,Needs Replacement
2026-01-15 08:05:00,F0593,Plastic,17.57,16.21,3.97,Healthy
2026-01-15 08:10:00,F0921,Plastic,58.45,58.39,2.31,Damaged
2026-01-15 08:15:00,F0563,Plastic,41.32,67.66,4.98,Healthy
2026-01-15 08:20:00,F0408,Organic,99.69,63.43,2.29,Needs Replacement
2026-01-15 08:25:00,F0890,Plastic,82.88,13.63,4.82,Needs Replacement
2026-01-15 08:30:00,F0222,Plastic,46.46,63.22,1.14,Needs Replacement
2026-01-15 08:35:00,F0910,Organic,92.39,36.74,6.45,Damaged
2026-01-15 08:40:00,F0214,Plastic,1.08,11.97,5.08,Needs Replacement
2026-01-15 08:45:00,F0386,Biodegradable,83.51,21.01,7.42,Healthy
2026-01-15 08:50:00,F0577,Organic,85.28,61.78,4.08,Needs Replacement
2026-01-15 08:55:00,F0553,Plastic,43.32,24.5,4.89,Damaged
2026-01-15 09:00:00,F0267,Plastic,3.25,33.86,7.51,Healthy
2026-01-15 09:05:00,F0564,Organic,88.1,46.95,5.29,Healthy
2026-01-15 09:10:00,F0131,Organic,69.89,23.14,5.23,Damaged
2026-01-15 09:15:00,F0882,Plastic,15.8,55.49,2.26,Healthy
2026-01-15 09:20:00,F0357,Biodegradable,89.48,17.07,3.71,Healthy
2026-01-15 09:25:00,F0061,Plastic,29.85,56.34,6.72,Needs Replacement
2026-01-15 09:30:00,F0844,Plastic,71.85,37.15,5.52,Needs Replacement
2026-01-15 09:35:00,F0211,Biodegradable,86.3,43.18,3.13,Needs Replacement
2026-01-15 09:40:00,F0024,Organic,26.48,54.94,5.1,Damaged
2026-01-15 09:45:00,F0836,Plastic,0.06,61.55,4.04,Needs Replacement
2026-01-15 09:50:00,F0867,Plastic,74.82,69.62,6.27,Healthy
2026-01-15 09:55:00,F0106,Biodegradable,4.46,10.61,6.0,Healthy
2026-01-15 10:00:00,F0926,Organic,59.5,19.95,6.4,Needs Replacement
2026-01-15 10:05:00,F0266,Biodegradable,88.21,24.29,1.23,Damaged
2026-01-15 10:10:00,F0161,Organic,91.39,45.09,2.21,Healthy
2026-01-15 10:15:00,F0251,Organic,24.73,20.4,7.7,Healthy
2026-01-15 10:20:00,F0825,Organic,4.07,58.58,7.34,Needs Replacement
2026-01-15 10:25:00,F0747,Plastic,85.35,13.56,5.33,Needs Replacement
2026-01-15 10:30:00,F0035,Plastic,28.37,57.77,5.78,Needs Replacement
2026-01-15 10:35:00,F0292,Biodegradable,58.09,58.79,6.66,Healthy
2026-01-15 10:40:00,F0897,Plastic,62.38,55.3,2.72,Needs Replacement
2026-01-15 10:45:00,F0437,Plastic,84.98,33.65,2.14,Healthy
2026-01-15 10:50:00,F0759,Biodegradable,81.18,11.6,4.95,Damaged
2026-01-15 10:55:00,F0276,Organic,23.05,17.58,7.76,Healthy
2026-01-15 11:00:00,F0342,Biodegradable,16.17,44.79,4.11,Needs Replacement
2026-01-15 11:05:00,F0138,Plastic,31.31,62.47,5.21,Healthy
2026-01-15 11:10:00,F0078,Organic,14.26,68.02,3.81,Needs Replacement
2026-01-15 11:15:00,F0929,Plastic,30.9,32.3,2.12,Needs Replacement
2026-01-15 11:20:00,F0096,Biodegradable,18.23,56.49,2.88,Healthy
2026-01-15 11:25:00,F0101,Biodegradable,90.17,30.51,7.9,Healthy
2026-01-15 11:30:00,F0103,Organic,18.08,36.78,5.92,Needs Replacement
2026-01-15 11:35:00,F0876,Organic,23.21,34.05,7.61,Needs Replacement
2026-01-15 11:40:00,F0940,Organic,31.85,50.07,4.56,Needs Replacement
2026-01-15 11:45:00,F0027,Biodegradable,38.31,63.84,1.99,Needs Replacement
2026-01-15 11:50:00,F0005,Biodegradable,12.05,58.52,2.6,Damaged
2026-01-15 11:55:00,F0276,Organic,15.83,54.51,4.73,Healthy
2026-01-15 12:00:00,F0065,Organic,27.05,21.46,5.94,Damaged
2026-01-15 12:05:00,F0097,Organic,23.03,29.91,1.07,Healthy
2026-01-15 12:10:00,F0108,Organic,71.98,18.37,5.07,Healthy
2026-01-15 12:15:00,F0497,Biodegradable,66.62,12.96,6.96,Needs Replacement
2026-01-15 12:20:00,F0130,Organic,63.77,25.66,5.24,Damaged
2026-01-15 12:25:00,F0096,Biodegradable,74.12,61.6,2.07,Damaged
2026-01-15 12:30:00,F0692,Organic,23.63,59.12,5.4,Damaged
2026-01-15 12:35:00,F0754,Plastic,93.18,57.47,5.13,Needs Replacement
2026-01-15 12:40:00,F0505,Biodegradable,77.17,38.99,1.29,Needs Replacement
2026-01-15 12:45:00,F0241,Plastic,82.95,21.9,2.46,Damaged
2026-01-15 12:50:00,F0367,Biodegradable,58.96,43.49,3.48,Healthy
2026-01-15 12:55:00,F0297,Organic,16.59,38.04,4.8,Needs Replacement
2026-01-15 13:00:00,F0805,Organic,5.73,41.19,5.46,Damaged
2026-01-15 13:05:00,F0176,Organic,52.73,21.53,6.17,Damaged
2026-01-15 13:10:00,F0808,Plastic,43.72,57.62,1.94,Healthy
2026-01-15 13:15:00,F0675,Biodegradable,73.97,25.97,4.38,Healthy
2026-01-15 13:20:00,F0653,Organic,36.24,65.44,7.04,Damaged
2026-01-15 13:25:00,F0569,Plastic,37.32,57.14,3.74,Healthy
2026-01-15 13:30:00,F0547,Plastic,18.36,31.02,6.28,Needs Replacement
2026-01-15 13:35:00,F0173,Organic,72.93,49.82,5.45,Needs Replacement
2026-01-15 13:40:00,F0258,Plastic,17.21,34.67,5.12,Damaged
2026-01-15 13:45:00,F0167,Plastic,1.27,61.06,2.19,Needs Replacement
2026-01-15 13:50:00,F0012,Plastic,8.72,44.18,2.23,Damaged
2026-01-15 13:55:00,F0711,Organic,70.22,35.05,2.19,Healthy
2026-01-15 14:00:00,F0851,Organic,13.44,33.91,2.84,Healthy
2026-01-15 14:05:00,F0069,Organic,96.29,31.68,2.36,Needs Replacement
2026-01-15 14:10:00,F0077,Plastic,64.7,11.13,2.62,Damaged
2026-01-15 14:15:00,F0782,Plastic,76.03,44.5,2.72,Damaged
2026-01-15 14:20:00,F0475,Plastic,61.92,18.07,3.09,Healthy
2026-01-15 14:25:00,F0712,Plastic,94.96,23.33,6.97,Needs Replacement
2026-01-15 14:30:00,F0498,Biodegradable,96.51,65.91,2.0,Healthy
2026-01-15 14:35:00,F0702,Biodegradable,32.04,26.86,1.78,Needs Replacement
2026-01-15 14:40:00,F0892,Plastic,83.1,13.29,7.83,Needs Replacement
2026-01-15 14:45:00,F0363,Plastic,28.14,52.52,5.99,Healthy
2026-01-15 14:50:00,F0278,Organic,57.24,23.7,2.21,Healthy
2026-01-15 14:55:00,F0229,Biodegradable,44.47,35.54,2.03,Healthy
2026-01-15 15:00:00,F0421,Plastic,20.56,62.04,2.39,Healthy
2026-01-15 15:05:00,F0730,Plastic,64.29,57.55,2.81,Needs Replacement
2026-01-15 15:10:00,F0399,Organic,29.97,66.32,6.01,Needs Replacement
2026-01-15 15:15:00,F0202,Organic,89.99,27.26,7.41,Healthy
2026-01-15 15:20:00,F0371,Organic,46.39,49.51,3.72,Needs Replacement
2026-01-15 15:25:00,F0710,Plastic,89.43,55.12,3.95,Needs Replacement
2026-01-15 15:30:00,F0839,Organic,60.44,20.8,7.82,Needs Replacement
2026-01-15 15:35:00,F0103,Biodegradable,80.89,38.4,7.01,Damaged
2026-01-15 15:40:00,F0507,Biodegradable,44.14,69.88,6.85,Damaged
2026-01-15 15:45:00,F0043,Plastic,56.46,20.35,5.88,Needs Replacement
2026-01-15 15:50:00,F0274,Plastic,56.04,36.72,2.87,Needs Replacement
2026-01-15 15:55:00,F0344,Plastic,16.82,26.12,4.0,Damaged
2026-01-15 16:00:00,F0780,Plastic,82.39,44.36,4.14,Healthy
2026-01-15 16:05:00,F0764,Plastic,35.89,27.61,4.75,Needs Replacement
2026-01-15 16:10:00,F0043,Organic,84.21,18.21,4.92,Damaged
2026-01-15 16:15:00,F0724,Organic,46.76,21.87,4.04,Healthy
2026-01-15 16:20:00,F0348,Plastic,65.28,68.76,1.02,Damaged
2026-01-15 16:25:00,F0760,Organic,87.44,47.55,3.19,Healthy
2026-01-15 16:30:00,F0799,Biodegradable,9.14,53.57,2.64,Damaged
2026-01-15 16:35:00,F0226,Organic,1.6,57.88,5.07,Damaged
2026-01-15 16:40:00,F0501,Biodegradable,7.77,50.32,1.35,Damaged
2026-01-15 16:45:00,F0518,Biodegradable,41.06,15.63,2.55,Needs Replacement
2026-01-15 16:50:00,F0385,Plastic,27.58,37.42,3.77,Damaged
2026-01-15 16:55:00,F0360,Organic,75.24,60.59,7.74,Needs Replacement
2026-01-15 17:00:00,F0898,Organic,89.61,60.94,1.92,Healthy
2026-01-15 17:05:00,F0801,Plastic,40.41,65.48,7.31,Needs Replacement
2026-01-15 17:10:00,F0382,Biodegradable,65.91,62.94,1.61,Damaged
2026-01-15 17:15:00,F0464,Organic,60.89,12.01,1.42,Damaged
2026-01-15 17:20:00,F0530,Organic,16.69,60.59,1.08,Needs Replacement
2026-01-15 17:25:00,F0576,Organic,4.1,37.27,6.89,Healthy
2026-01-15 17:30:00,F0904,Organic,29.01,24.17,3.88,Healthy
2026-01-15 17:35:00,F0455,Organic,33.75,12.19,5.94,Needs Replacement
2026-01-15 17:40:00,F0495,Biodegradable,59.21,24.74,1.19,Needs Replacement
2026-01-15 17:45:00,F0718,Plastic,66.59,11.34,3.83,Damaged
2026-01-15 17:50:00,F0421,Organic,93.3,20.98,2.28,Damaged
2026-01-15 17:55:00,F0790,Biodegradable,64.24,56.57,5.3,Needs Replacement
2026-01-15 18:00:00,F0515,Organic,50.81,40.42,3.3,Damaged
2026-01-15 18:05:00,F0770,Plastic,59.78,59.59,3.71,Damaged
2026-01-15 18:10:00,F0714,Biodegradable,41.47,28.28,6.69,Damaged
2026-01-15 18:15:00,F0410,Plastic,61.79,60.87,6.29,Damaged
2026-01-15 18:20:00,F0869,Plastic,84.38,57.93,5.46,Damaged
2026-01-15 18:25:00,F0121,Biodegradable,63.68,44.26,1.97,Needs Replacement
2026-01-15 18:30:00,F0784,Biodegradable,5.87,48.87,4.93,Healthy
2026-01-15 18:35:00,F0031,Organic,54.51,34.09,6.06,Needs Replacement
2026-01-15 18:40:00,F0412,Plastic,20.59,60.34,6.34,Damaged
2026-01-15 18:45:00,F0486,Plastic,93.09,50.57,7.16,Damaged
2026-01-15 18:50:00,F0631,Plastic,58.14,56.0,4.56,Damaged
2026-01-15 18:55:00,F0503,Plastic,99.52,58.98,7.51,Damaged
2026-01-15 19:00:00,F0788,Plastic,15.39,52.15,7.76,Healthy
2026-01-15 19:05:00,F0007,Biodegradable,46.37,37.45,7.4,Needs Replacement
2026-01-15 19:10:00,F0415,Biodegradable,82.24,28.48,2.84,Needs Replacement
2026-01-15 19:15:00,F0549,Biodegradable,15.77,22.37,5.87,Damaged
2026-01-15 19:20:00,F0244,Organic,23.44,63.06,5.72,Needs Replacement
2026-01-15 19:25:00,F0116,Organic,68.71,48.38,5.85,Needs Replacement
2026-01-15 19:30:00,F0028,Organic,77.51,46.63,3.93,Damaged
2026-01-15 19:35:00,F0450,Plastic,17.96,47.02,6.74,Healthy
2026-01-15 19:40:00,F0982,Organic,36.79,69.77,4.71,Healthy
2026-01-15 19:45:00,F0675,Plastic,56.14,40.76,6.43,Healthy
2026-01-15 19:50:00,F0842,Biodegradable,69.74,56.97,5.86,Healthy
2026-01-15 19:55:00,F0515,Plastic,46.59,42.33,3.9,Needs Replacement
2026-01-15 20:00:00,F0228,Biodegradable,63.4,67.23,2.9,Healthy
2026-01-15 20:05:00,F0774,Plastic,34.37,48.71,5.06,Healthy
2026-01-15 20:10:00,F0595,Biodegradable,37.96,61.05,7.18,Damaged
2026-01-15 20:15:00,F0337,Plastic,14.19,61.0,4.58,Healthy
2026-01-15 20:20:00,F0056,Biodegradable,93.95,56.48,1.8,Healthy
2026-01-15 20:25:00,F0050,Plastic,41.23,27.9,4.12,Healthy
2026-01-15 20:30:00,F0920,Plastic,51.32,42.37,4.62,Needs Replacement
2026-01-15 20:35:00,F0969,Organic,15.93,19.01,2.16,Damaged
2026-01-15 20:40:00,F0307,Biodegradable,17.39,62.21,3.07,Needs Replacement
2026-01-15 20:45:00,F0469,Plastic,75.23,11.81,6.95,Damaged
2026-01-15 20:50:00,F0579,Plastic,50.76,44.77,3.37,Damaged
2026-01-15 20:55:00,F0430,Biodegradable,64.68,47.88,1.62,Healthy
2026-01-15 21:00:00,F0615,Organic,42.3,45.54,1.79,Healthy
2026-01-15 21:05:00,F0016,Biodegradable,17.15,38.33,3.74,Healthy
2026-01-15 21:10:00,F0123,Organic,53.04,60.44,2.68,Healthy
2026-01-15 21:15:00,F0432,Plastic,63.56,58.27,7.96,Damaged
2026-01-15 21:20:00,F0334,Biodegradable,90.14,25.87,2.89,Needs Replacement
2026-01-15 21:25:00,F0535,Biodegradable,63.02,21.03,2.77,Needs Replacement
2026-01-15 21:30:00,F0765,Organic,90.0,14.87,1.08,Damaged
2026-01-15 21:35:00,F0898,Organic,93.04,18.56,2.14,Healthy
2026-01-15 21:40:00,F0949,Plastic,40.78,11.11,1.63,Healthy
2026-01-15 21:45:00,F0932,Organic,45.85,24.92,2.28,Damaged
2026-01-15 21:50:00,F0061,Plastic,45.13,59.38,7.49,Damaged
2026-01-15 21:55:00,F0941,Organic,37.67,55.66,1.01,Healthy
2026-01-15 22:00:00,F0707,Organic,37.54,17.98,6.35,Healthy
2026-01-15 22:05:00,F0262,Biodegradable,35.19,23.34,6.35,Healthy
2026-01-15 22:10:00,F0798,Organic,69.99,58.91,6.53,Damaged
2026-01-15 22:15:00,F0719,Organic,1.63,24.58,3.8,Damaged
2026-01-15 22:20:00,F0584,Organic,54.68,17.13,7.12,Needs Replacement
2026-01-15 22:25:00,F0410,Organic,24.88,32.17,7.57,Healthy
2026-01-15 22:30:00,F0040,Organic,99.91,67.64,2.62,Needs Replacement
2026-01-15 22:35:00,F0542,Organic,80.68,46.26,5.37,Needs Replacement
2026-01-15 22:40:00,F0581,Organic,58.53,17.76,5.07,Damaged
2026-01-15 22:45:00,F0263,Plastic,90.51,18.09,1.35,Damaged
2026-01-15 22:50:00,F0578,Biodegradable,52.44,21.07,7.73,Healthy
2026-01-15 22:55:00,F0465,Biodegradable,1.11,35.02,1.51,Damaged
2026-01-15 23:00:00,F0625,Biodegradable,40.82,21.35,3.41,Damaged
2026-01-15 23:05:00,F0618,Biodegradable,65.73,19.26,7.4,Damaged
2026-01-15 23:10:00,F0489,Organic,24.79,29.24,4.87,Damaged
2026-01-15 23:15:00,F0192,Organic,51.48,52.61,4.16,Needs Replacement
2026-01-15 23:20:00,F0177,Plastic,1.24,17.29,2.78,Damaged
2026-01-15 23:25:00,F0833,Plastic,94.75,58.45,7.27,Healthy
2026-01-15 23:30:00,F1000,Biodegradable,32.74,46.19,6.22,Healthy
2026-01-15 23:35:00,F0005,Plastic,15.48,17.56,1.07,Needs Replacement
2026-01-15 23:40:00,F0478,Organic,29.75,49.14,5.61,Healthy
2026-01-15 23:45:00,F0980,Organic,84.01,53.46,7.61,Damaged
2026-01-15 23:50:00,F0292,Biodegradable,65.21,23.61,1.24,Damaged
2026-01-15 23:55:00,F0529,Biodegradable,7.07,28.03,1.12,Needs Replacement
2026-01-16 00:00:00,F0482,Plastic,32.14,64.07,6.91,Healthy
2026-01-16 00:05:00,F0853,Biodegradable,59.14,42.41,5.51,Needs Replacement
2026-01-16 00:10:00,F0715,Plastic,29.71,54.54,5.67,Needs Replacement
2026-01-16 00:15:00,F0665,Plastic,90.86,29.77,7.79,Healthy
2026-01-16 00:20:00,F0032,Biodegradable,51.86,24.01,6.82,Needs Replacement
2026-01-16 00:25:00,F0105,Biodegradable,99.33,35.69,7.6,Needs Replacement
2026-01-16 00:30:00,F0961,Biodegradable,55.87,47.23,1.88,Damaged
2026-01-16 00:35:00,F0878,Organic,92.12,68.74,1.24,Needs Replacement
2026-01-16 00:40:00,F0675,Organic,53.39,62.76,1.6,Healthy
2026-01-16 00:45:00,F0419,Plastic,62.79,10.17,5.31,Damaged
2026-01-16 00:50:00,F0776,Biodegradable,43.06,29.99,4.36,Damaged
2026-01-16 00:55:00,F0007,Organic,64.2,56.27,6.95,Healthy
2026-01-16 01:00:00,F0728,Plastic,79.54,28.44,2.8,Needs Replacement
2026-01-16 01:05:00,F0677,Biodegradable,22.55,14.35,2.36,Needs Replacement
2026-01-16 01:10:00,F0502,Organic,85.04,15.82,1.36,Healthy
2026-01-16 01:15:00,F0359,Plastic,64.24,14.4,7.93,Healthy
2026-01-16 01:20:00,F0184,Plastic,41.9,55.45,6.33,Healthy
2026-01-16 01:25:00,F0598,Biodegradable,69.5,60.0,6.21,Damaged
2026-01-16 01:30:00,F0216,Organic,7.1,21.9,4.39,Healthy
2026-01-16 01:35:00,F0873,Organic,18.99,53.91,6.67,Needs Replacement
2026-01-16 01:40:00,F0799,Organic,84.66,27.2,5.26,Needs Replacement
2026-01-16 01:45:00,F0426,Plastic,43.13,36.64,7.71,Healthy
2026-01-16 01:50:00,F0006,Biodegradable,31.52,13.94,7.78,Needs Replacement
2026-01-16 01:55:00,F0074,Organic,41.35,14.57,6.3,Damaged
2026-01-16 02:00:00,F0800,Organic,3.41,65.14,4.9,Healthy
2026-01-16 02:05:00,F0885,Biodegradable,48.33,24.33,5.6,Damaged
2026-01-16 02:10:00,F0995,Organic,34.71,26.08,3.68,Healthy
2026-01-16 02:15:00,F0522,Plastic,60.5,14.4,6.56,Needs Replacement
2026-01-16 02:20:00,F0828,Plastic,34.63,54.52,6.1,Needs Replacement
2026-01-16 02:25:00,F0820,Biodegradable,89.52,37.11,2.9,Needs Replacement
2026-01-16 02:30:00,F0944,Organic,66.91,24.93,5.66,Healthy
2026-01-16 02:35:00,F0292,Plastic,64.66,59.28,1.02,Damaged
2026-01-16 02:40:00,F0319,Organic,24.58,59.73,1.09,Needs Replacement
2026-01-16 02:45:00,F0780,Plastic,11.72,26.58,1.13,Damaged
2026-01-16 02:50:00,F0084,Biodegradable,92.31,52.71,2.05,Healthy
2026-01-16 02:55:00,F0165,Biodegradable,68.1,45.31,3.76,Damaged
2026-01-16 03:00:00,F0558,Biodegradable,3.99,40.82,7.41,Needs Replacement
2026-01-16 03:05:00,F0762,Plastic,68.45,26.72,7.8,Damaged
2026-01-16 03:10:00,F0330,Plastic,44.48,42.43,2.06,Damaged
2026-01-16 03:15:00,F0290,Biodegradable,69.78,15.43,7.31,Needs Replacement
2026-01-16 03:20:00,F0243,Organic,70.93,22.4,2.43,Damaged
2026-01-16 03:25:00,F0620,Organic,41.75,22.01,7.53,Needs Replacement
2026-01-16 03:30:00,F0922,Plastic,26.36,11.24,7.36,Needs Replacement
2026-01-16 03:35:00,F0572,Organic,48.74,40.34,7.75,Healthy
2026-01-16 03:40:00,F0121,Biodegradable,59.66,12.46,5.76,Damaged
2026-01-16 03:45:00,F0710,Biodegradable,61.51,42.45,6.06,Needs Replacement
2026-01-16 03:50:00,F0877,Plastic,86.57,14.73,2.4,Needs Replacement
2026-01-16 03:55:00,F0567,Organic,37.86,15.77,4.76,Damaged
2026-01-16 04:00:00,F0191,Biodegradable,4.7,19.78,3.8,Healthy
2026-01-16 04:05:00,F0466,Biodegradable,11.14,49.37,1.23,Damaged
2026-01-16 04:10:00,F0616,Organic,98.78,18.8,3.19,Damaged
2026-01-16 04:15:00,F0729,Organic,0.7,38.64,2.91,Needs Replacement
2026-01-16 04:20:00,F0885,Biodegradable,48.02,51.89,6.53,Damaged
2026-01-16 04:25:00,F0917,Plastic,89.17,56.35,7.43,Healthy
2026-01-16 04:30:00,F0076,Biodegradable,44.38,13.81,3.73,Damaged
2026-01-16 04:35:00,F0898,Organic,33.9,24.63,2.91,Needs Replacement
2026-01-16 04:40:00,F0255,Organic,99.78,17.94,3.85,Damaged
2026-01-16 04:45:00,F0238,Plastic,75.89,32.56,1.02,Healthy
2026-01-16 04:50:00,F0017,Plastic,74.9,14.42,4.74,Needs Replacement
2026-01-16 04:55:00,F0222,Organic,48.62,43.33,4.14,Damaged
2026-01-16 05:00:00,F0403,Plastic,40.13,29.84,6.69,Healthy
2026-01-16 05:05:00,F0380,Plastic,39.62,24.32,6.8,Healthy
2026-01-16 05:10:00,F0649,Organic,73.09,63.23,1.61,Needs Replacement
2026-01-16 05:15:00,F0012,Plastic,83.74,47.43,5.11,Damaged
2026-01-16 05:20:00,F0825,Biodegradable,4.38,17.1,2.15,Healthy
2026-01-16 05:25:00,F0623,Organic,63.91,18.59,1.95,Needs Replacement
2026-01-16 05:30:00,F0776,Organic,15.81,22.0,7.6,Damaged
2026-01-16 05:35:00,F0115,Biodegradable,46.75,45.85,2.62,Damaged
2026-01-16 05:40:00,F0639,Biodegradable,82.44,68.15,1.29,Damaged
2026-01-16 05:45:00,F0358,Organic,43.04,17.98,7.77,Needs Replacement
2026-01-16 05:50:00,F0646,Biodegradable,66.16,25.47,2.91,Healthy
2026-01-16 05:55:00,F0620,Organic,4.38,27.15,4.9,Damaged
2026-01-16 06:00:00,F0128,Biodegradable,28.53,29.76,4.6,Healthy
2026-01-16 06:05:00,F0399,Organic,63.06,17.25,4.84,Damaged
2026-01-16 06:10:00,F0866,Organic,35.04,22.68,7.2,Needs Replacement
2026-01-16 06:15:00,F0612,Biodegradable,39.81,34.37,7.07,Needs Replacement
2026-01-16 06:20:00,F0323,Biodegradable,14.94,39.6,4.47,Needs Replacement
2026-01-16 06:25:00,F0106,Organic,37.99,24.08,6.68,Healthy
2026-01-16 06:30:00,F0304,Organic,30.96,35.38,4.13,Damaged
2026-01-16 06:35:00,F0017,Plastic,15.43,35.3,7.45,Healthy
2026-01-16 06:40:00,F0374,Plastic,35.33,69.66,3.56,Healthy
2026-01-16 06:45:00,F0452,Plastic,37.45,21.94,1.03,Damaged
2026-01-16 06:50:00,F0829,Plastic,72.58,67.07,3.96,Needs Replacement
2026-01-16 06:55:00,F0064,Organic,42.32,30.81,4.08,Healthy
2026-01-16 07:00:00,F0605,Organic,17.92,28.13,2.46,Needs Replacement
2026-01-16 07:05:00,F0992,Organic,44.23,25.92,5.97,Damaged
2026-01-16 07:10:00,F0328,Biodegradable,74.53,22.83,5.76,Needs Replacement
2026-01-16 07:15:00,F0587,Biodegradable,58.35,29.16,4.22,Healthy
2026-01-16 07:20:00,F0545,Organic,75.85,65.94,5.46,Needs Replacement
2026-01-16 07:25:00,F0415,Biodegradable,96.44,66.2,6.93,Healthy
2026-01-16 07:30:00,F0241,Plastic,42.97,33.3,1.86,Needs Replacement
2026-01-16 07:35:00,F0573,Organic,71.35,39.69,5.39,Needs Replacement
2026-01-16 07:40:00,F0051,Plastic,54.69,10.41,5.81,Healthy
2026-01-16 07:45:00,F0821,Biodegradable,99.38,51.64,6.93,Healthy
2026-01-16 07:50:00,F0658,Plastic,54.21,24.66,1.04,Damaged
2026-01-16 07:55:00,F0501,Plastic,18.56,11.53,3.52,Healthy
2026-01-16 08:00:00,F0619,Biodegradable,18.97,59.04,5.83,Needs Replacement
2026-01-16 08:05:00,F0882,Organic,21.27,50.96,2.47,Needs Replacement
2026-01-16 08:10:00,F0137,Organic,25.91,21.16,4.92,Healthy
2026-01-16 08:15:00,F0918,Organic,76.31,58.93,7.54,Needs Replacement
2026-01-16 08:20:00,F0170,Organic,61.73,45.62,2.31,Needs Replacement
2026-01-16 08:25:00,F0230,Biodegradable,91.84,47.32,5.96,Damaged
2026-01-16 08:30:00,F0245,Biodegradable,86.75,49.1,1.33,Healthy
2026-01-16 08:35:00,F0001,Plastic,2.17,15.64,5.82,Needs Replacement
2026-01-16 08:40:00,F0529,Organic,61.68,23.68,6.59,Needs Replacement
2026-01-16 08:45:00,F0073,Biodegradable,13.83,67.69,4.46,Damaged
2026-01-16 08:50:00,F0689,Organic,52.53,63.37,1.06,Needs Replacement
2026-01-16 08:55:00,F0276,Biodegradable,81.99,61.72,3.3,Needs Replacement
2026-01-16 09:00:00,F0454,Organic,12.68,33.34,7.4,Needs Replacement
2026-01-16 09:05:00,F0565,Plastic,56.84,46.56,1.49,Healthy
2026-01-16 09:10:00,F0292,Plastic,2.95,53.0,3.75,Healthy
2026-01-16 09:15:00,F0641,Biodegradable,67.34,21.06,6.31,Healthy
2026-01-16 09:20:00,F0224,Plastic,91.36,39.57,4.27,Healthy
2026-01-16 09:25:00,F0035,Organic,41.42,53.56,5.9,Needs Replacement
2026-01-16 09:30:00,F0822,Organic,92.86,53.81,1.2,Healthy
2026-01-16 09:35:00,F0817,Plastic,20.73,31.69,2.67,Needs Replacement
2026-01-16 09:40:00,F0312,Plastic,61.44,20.17,4.52,Damaged
2026-01-16 09:45:00,F0485,Biodegradable,28.77,53.68,1.26,Needs Replacement
2026-01-16 09:50:00,F0019,Biodegradable,72.79,17.94,4.47,Damaged
2026-01-16 09:55:00,F0519,Plastic,86.85,38.39,6.31,Needs Replacement
2026-01-16 10:00:00,F0003,Organic,45.34,18.26,4.98,Healthy
2026-01-16 10:05:00,F0196,Biodegradable,1.38,12.4,5.95,Damaged
2026-01-16 10:10:00,F0967,Organic,98.21,48.06,6.56,Needs Replacement
2026-01-16 10:15:00,F0459,Organic,94.59,53.74,2.98,Needs Replacement
2026-01-16 10:20:00,F0536,Plastic,59.5,48.74,2.46,Damaged
2026-01-16 10:25:00,F0589,Biodegradable,69.9,44.24,4.39,Damaged
2026-01-16 10:30:00,F0264,Biodegradable,27.78,69.84,6.53,Damaged
2026-01-16 10:35:00,F0911,Organic,50.61,12.06,6.18,Needs Replacement
2026-01-16 10:40:00,F0678,Plastic,1.42,26.93,5.92,Healthy
2026-01-16 10:45:00,F0222,Plastic,82.35,56.5,4.06,Healthy
2026-01-16 10:50:00,F0391,Plastic,74.53,68.52,2.8,Healthy
2026-01-16 10:55:00,F0957,Biodegradable,10.08,53.12,5.1,Damaged
2026-01-16 11:00:00,F0631,Organic,7.46,62.02,1.73,Damaged
2026-01-16 11:05:00,F0717,Plastic,93.28,23.68,1.11,Healthy
2026-01-16 11:10:00,F0942,Plastic,68.51,36.22,5.89,Healthy
2026-01-16 11:15:00,F0721,Organic,90.96,59.0,7.81,Needs Replacement
2026-01-16 11:20:00,F0166,Organic,30.02,59.6,7.5,Needs Replacement
2026-01-16 11:25:00,F0066,Biodegradable,71.51,54.79,5.87,Damaged
2026-01-16 11:30:00,F0462,Biodegradable,52.64,64.54,1.9,Damaged
2026-01-16 11:35:00,F0560,Organic,54.6,38.98,3.31,Healthy
2026-01-16 11:40:00,F0749,Plastic,38.79,12.97,5.88,Damaged
2026-01-16 11:45:00,F0314,Organic,72.33,44.53,3.59,Damaged
2026-01-16 11:50:00,F0992,Organic,97.95,45.97,7.81,Needs Replacement
2026-01-16 11:55:00,F0704,Organic,2.45,50.77,4.61,Damaged
2026-01-16 12:00:00,F0905,Biodegradable,26.93,56.5,3.71,Damaged
2026-01-16 12:05:00,F0941,Organic,24.14,10.22,5.35,Healthy
2026-01-16 12:10:00,F0557,Plastic,20.13,58.24,1.35,Damaged
2026-01-16 12:15:00,F0136,Plastic,88.01,35.03,3.69,Healthy
2026-01-16 12:20:00,F0461,Biodegradable,41.87,31.38,3.23,Damaged
2026-01-16 12:25:00,F0950,Biodegradable,40.64,26.67,4.49,Needs Replacement
2026-01-16 12:30:00,F0506,Organic,32.25,55.1,3.51,Healthy
2026-01-16 12:35:00,F0282,Plastic,99.12,20.33,4.29,Healthy
2026-01-16 12:40:00,F0806,Organic,5.23,41.43,3.36,Damaged
2026-01-16 12:45:00,F0074,Organic,85.58,27.47,1.4,Needs Replacement
2026-01-16 12:50:00,F0914,Organic,35.29,29.51,2.08,Needs Replacement
2026-01-16 12:55:00,F0484,Organic,26.0,56.19,5.12,Healthy
2026-01-16 13:00:00,F0542,Organic,14.37,60.88,2.41,Damaged
2026-01-16 13:05:00,F0857,Organic,99.81,11.02,6.43,Needs Replacement
2026-01-16 13:10:00,F0982,Plastic,86.73,53.81,4.17,Needs Replacement
2026-01-16 13:15:00,F0960,Organic,19.4,62.91,3.09,Healthy
2026-01-16 13:20:00,F0178,Plastic,91.63,40.76,3.88,Damaged
2026-01-16 13:25:00,F0548,Plastic,33.28,12.91,5.28,Healthy
2026-01-16 13:30:00,F0071,Plastic,98.31,56.61,2.95,Needs Replacement
2026-01-16 13:35:00,F0654,Plastic,66.8,10.73,6.39,Damaged
2026-01-16 13:40:00,F0841,Biodegradable,47.56,39.09,6.91,Needs Replacement
2026-01-16 13:45:00,F0569,Organic,13.49,26.36,7.93,Healthy
2026-01-16 13:50:00,F0014,Organic,20.97,33.35,2.89,Needs Replacement
2026-01-16 13:55:00,F0789,Organic,91.44,37.84,3.48,Damaged
2026-01-16 14:00:00,F0015,Biodegradable,49.21,69.27,7.82,Needs Replacement
2026-01-16 14:05:00,F0258,Biodegradable,49.83,48.35,2.56,Healthy
2026-01-16 14:10:00,F0562,Plastic,88.83,45.07,5.4,Healthy
2026-01-16 14:15:00,F0632,Organic,65.79,35.93,2.18,Needs Replacement
2026-01-16 14:20:00,F0821,Plastic,14.71,62.31,7.0,Healthy
2026-01-16 14:25:00,F0144,Organic,35.38,41.83,7.82,Damaged
2026-01-16 14:30:00,F0196,Organic,28.04,60.49,1.12,Healthy
2026-01-16 14:35:00,F0681,Organic,4.09,15.78,6.21,Needs Replacement
2026-01-16 14:40:00,F0375,Plastic,28.57,36.21,3.54,Damaged
2026-01-16 14:45:00,F0274,Biodegradable,30.88,40.81,3.98,Damaged
2026-01-16 14:50:00,F0773,Biodegradable,72.16,22.09,4.51,Healthy
2026-01-16 14:55:00,F0895,Organic,83.91,29.2,5.49,Damaged
2026-01-16 15:00:00,F0431,Plastic,51.43,66.25,1.74,Healthy
2026-01-16 15:05:00,F0440,Plastic,64.67,23.19,7.8,Damaged
2026-01-16 15:10:00,F0638,Organic,64.28,53.35,3.64,Healthy
2026-01-16 15:15:00,F0529,Plastic,45.92,60.32,3.05,Healthy
2026-01-16 15:20:00,F0394,Organic,84.93,36.61,5.9,Healthy
2026-01-16 15:25:00,F0937,Biodegradable,84.34,22.82,7.77,Healthy
2026-01-16 15:30:00,F0915,Plastic,37.15,68.9,4.71,Needs Replacement
2026-01-16 15:35:00,F0908,Organic,54.09,18.97,6.45,Needs Replacement
2026-01-16 15:40:00,F0562,Biodegradable,82.17,43.79,3.9,Healthy
2026-01-16 15:45:00,F0472,Biodegradable,93.36,65.67,2.65,Healthy
2026-01-16 15:50:00,F0515,Biodegradable,22.01,38.43,4.15,Healthy
2026-01-16 15:55:00,F0696,Biodegradable,98.07,63.03,2.6,Healthy
2026-01-16 16:00:00,F0439,Organic,3.59,58.75,6.34,Needs Replacement
2026-01-16 16:05:00,F0459,Plastic,87.29,52.87,5.39,Damaged
2026-01-16 16:10:00,F0458,Biodegradable,88.86,26.83,4.26,Needs Replacement
2026-01-16 16:15:00,F0431,Organic,70.33,14.24,6.54,Needs Replacement
2026-01-16 16:20:00,F0839,Biodegradable,31.39,45.6,1.54,Damaged
2026-01-16 16:25:00,F0216,Organic,62.43,12.39,4.17,Damaged
2026-01-16 16:30:00,F0617,Plastic,6.63,44.99,3.24,Damaged
2026-01-16 16:35:00,F0781,Biodegradable,58.1,32.18,7.91,Damaged
2026-01-16 16:40:00,F0518,Organic,39.06,34.3,4.85,Damaged
2026-01-16 16:45:00,F0882,Plastic,51.17,34.66,4.68,Healthy
2026-01-16 16:50:00,F0608,Organic,68.52,33.92,2.06,Damaged
2026-01-16 16:55:00,F0684,Biodegradable,10.88,16.87,5.42,Healthy
2026-01-16 17:00:00,F0900,Biodegradable,63.2,30.02,1.62,Healthy
2026-01-16 17:05:00,F0536,Biodegradable,15.47,44.02,6.52,Needs Replacement
2026-01-16 17:10:00,F0786,Plastic,84.73,57.05,1.69,Healthy
2026-01-16 17:15:00,F0398,Biodegradable,64.89,39.31,7.41,Damaged
2026-01-16 17:20:00,F0136,Plastic,3.66,17.11,4.18,Needs Replacement
2026-01-16 17:25:00,F0567,Biodegradable,77.93,45.37,2.01,Healthy
2026-01-16 17:30:00,F0953,Organic,22.39,64.32,4.58,Damaged
2026-01-16 17:35:00,F0249,Biodegradable,30.38,64.13,7.45,Needs Replacement
2026-01-16 17:40:00,F0629,Organic,4.42,39.45,4.22,Damaged
2026-01-16 17:45:00,F0196,Organic,78.29,61.9,7.98,Needs Replacement
2026-01-16 17:50:00,F0242,Biodegradable,69.05,10.8,4.41,Healthy
2026-01-16 17:55:00,F0901,Plastic,76.59,60.39,5.61,Healthy
2026-01-16 18:00:00,F0865,Organic,32.29,30.42,1.3,Needs Replacement
2026-01-16 18:05:00,F0096,Biodegradable,67.61,11.96,1.89,Needs Replacement
2026-01-16 18:10:00,F0529,Organic,61.79,50.53,6.17,Damaged
2026-01-16 18:15:00,F0522,Biodegradable,82.22,25.8,3.18,Healthy
2026-01-16 18:20:00,F0910,Organic,10.47,14.58,1.45,Healthy
2026-01-16 18:25:00,F0959,Plastic,65.14,52.09,6.27,Damaged
2026-01-16 18:30:00,F0549,Organic,79.33,61.05,2.39,Healthy
2026-01-16 18:35:00,F0796,Biodegradable,32.43,55.0,6.73,Damaged
2026-01-16 18:40:00,F0900,Organic,7.46,12.25,5.47,Damaged
2026-01-16 18:45:00,F0238,Biodegradable,44.64,13.21,7.18,Needs Replacement
2026-01-16 18:50:00,F0525,Organic,80.43,47.65,3.5,Needs Replacement
2026-01-16 18:55:00,F0026,Plastic,41.2,38.38,6.67,Needs Replacement
2026-01-16 19:00:00,F0023,Plastic,72.56,35.64,3.09,Needs Replacement
2026-01-16 19:05:00,F0224,Organic,21.79,18.08,3.24,Damaged
2026-01-16 19:10:00,F0968,Organic,66.19,62.12,3.49,Needs Replacement
2026-01-16 19:15:00,F0721,Biodegradable,45.3,65.02,5.21,Healthy
2026-01-16 19:20:00,F0985,Biodegradable,66.25,24.01,4.56,Damaged
2026-01-16 19:25:00,F0091,Organic,20.84,12.26,4.95,Damaged
2026-01-16 19:30:00,F0168,Plastic,36.83,52.31,3.13,Healthy
2026-01-16 19:35:00,F0755,Organic,17.51,15.43,6.98,Healthy
2026-01-16 19:40:00,F0254,Biodegradable,55.0,47.61,2.78,Needs Replacement
2026-01-16 19:45:00,F0213,Organic,79.71,11.44,4.27,Needs Replacement
2026-01-16 19:50:00,F0399,Plastic,79.47,60.79,5.96,Damaged
2026-01-16 19:55:00,F0558,Organic,12.23,54.58,5.01,Damaged
2026-01-16 20:00:00,F0955,Biodegradable,8.23,47.63,2.87,Healthy
2026-01-16 20:05:00,F0972,Plastic,42.47,36.52,3.36,Healthy
2026-01-16 20:10:00,F0566,Plastic,7.69,49.86,3.83,Damaged
2026-01-16 20:15:00,F0234,Organic,83.41,27.2,7.99,Needs Replacement
2026-01-16 20:20:00,F0723,Biodegradable,66.76,33.2,7.23,Needs Replacement
2026-01-16 20:25:00,F0461,Organic,81.73,22.2,4.41,Healthy
2026-01-16 20:30:00,F0881,Plastic,73.59,17.71,6.67,Damaged
2026-01-16 20:35:00,F0995,Plastic,40.51,49.87,7.98,Healthy
2026-01-16 20:40:00,F0357,Biodegradable,81.19,35.49,6.97,Healthy
2026-01-16 20:45:00,F0839,Plastic,57.51,48.75,3.69,Healthy
2026-01-16 20:50:00,F0471,Plastic,55.78,21.32,3.64,Damaged
2026-01-16 20:55:00,F0976,Plastic,74.63,69.4,3.9,Healthy
2026-01-16 21:00:00,F0247,Organic,13.95,28.81,3.76,Healthy
2026-01-16 21:05:00,F0870,Plastic,81.13,65.3,1.94,Healthy
2026-01-16 21:10:00,F0603,Biodegradable,68.0,68.73,2.88,Healthy
2026-01-16 21:15:00,F0996,Organic,7.24,69.31,6.08,Damaged
2026-01-16 21:20:00,F0759,Plastic,22.07,35.26,3.51,Healthy
2026-01-16 21:25:00,F0154,Biodegradable,47.44,37.14,1.51,Needs Replacement
2026-01-16 21:30:00,F0028,Biodegradable,27.61,34.22,2.92,Healthy
2026-01-16 21:35:00,F0469,Organic,21.13,56.61,3.45,Needs Replacement
2026-01-16 21:40:00,F0890,Organic,90.8,36.06,3.15,Healthy
2026-01-16 21:45:00,F0132,Organic,11.0,33.02,4.43,Healthy
2026-01-16 21:50:00,F0753,Biodegradable,6.65,45.07,6.25,Needs Replacement
2026-01-16 21:55:00,F0777,Plastic,89.36,48.02,3.49,Damaged
2026-01-16 22:00:00,F0902,Organic,18.27,51.12,3.63,Healthy
2026-01-16 22:05:00,F0879,Biodegradable,29.86,12.7,2.51,Needs Replacement
2026-01-16 22:10:00,F0352,Plastic,0.25,20.73,6.61,Damaged
2026-01-16 22:15:00,F0992,Organic,72.2,22.5,7.56,Needs Replacement
2026-01-16 22:20:00,F0493,Plastic,92.54,25.35,4.85,Healthy
2026-01-16 22:25:00,F0308,Organic,53.34,42.16,5.01,Healthy
2026-01-16 22:30:00,F0283,Organic,95.67,13.97,7.48,Damaged
2026-01-16 22:35:00,F0300,Biodegradable,73.89,15.02,5.81,Healthy
2026-01-16 22:40:00,F0801,Biodegradable,14.88,15.57,2.83,Needs Replacement
2026-01-16 22:45:00,F0219,Plastic,52.6,37.99,6.77,Healthy
2026-01-16 22:50:00,F0330,Organic,87.48,10.48,1.1,Healthy
2026-01-16 22:55:00,F0527,Plastic,44.08,49.04,3.97,Healthy
2026-01-16 23:00:00,F0062,Plastic,69.84,58.26,4.51,Damaged
2026-01-16 23:05:00,F0320,Plastic,69.67,38.83,2.7,Damaged
2026-01-16 23:10:00,F0235,Organic,8.43,15.53,1.45,Needs Replacement
2026-01-16 23:15:00,F0820,Plastic,53.49,20.25,1.73,Needs Replacement
2026-01-16 23:20:00,F0047,Biodegradable,79.84,14.66,4.19,Damaged
2026-01-16 23:25:00,F0132,Organic,40.54,41.47,3.96,Needs Replacement
2026-01-16 23:30:00,F0858,Plastic,83.89,34.39,4.84,Healthy
2026-01-16 23:35:00,F0251,Biodegradable,86.37,59.32,5.6,Healthy
2026-01-16 23:40:00,F0201,Plastic,37.23,25.8,5.95,Needs Replacement
2026-01-16 23:45:00,F0982,Biodegradable,3.32,21.08,1.38,Needs Replacement
2026-01-16 23:50:00,F0344,Biodegradable,87.43,68.61,5.84,Healthy
2026-01-16 23:55:00,F0296,Biodegradable,67.53,64.93,1.97,Healthy
2026-01-17 00:00:00,F0419,Organic,9.58,57.3,1.19,Healthy
2026-01-17 00:05:00,F0603,Biodegradable,10.31,14.52,3.24,Healthy
2026-01-17 00:10:00,F0915,Plastic,1.91,68.99,3.81,Healthy
2026-01-17 00:15:00,F0874,Plastic,84.88,41.16,1.9,Needs Replacement
2026-01-17 00:20:00,F0602,Plastic,3.74,69.47,2.62,Healthy
2026-01-17 00:25:00,F0671,Plastic,66.48,12.83,3.64,Healthy
2026-01-17 00:30:00,F0871,Plastic,96.09,54.35,6.3,Healthy
2026-01-17 00:35:00,F0229,Biodegradable,75.82,25.36,3.15,Healthy
2026-01-17 00:40:00,F0530,Organic,19.24,48.5,3.55,Healthy
2026-01-17 00:45:00,F0261,Organic,79.66,19.5,6.13,Needs Replacement
2026-01-17 00:50:00,F0191,Biodegradable,67.93,30.0,2.52,Needs Replacement
2026-01-17 00:55:00,F0439,Plastic,29.84,58.25,5.27,Healthy
2026-01-17 01:00:00,F0275,Plastic,26.37,40.72,4.01,Damaged
2026-01-17 01:05:00,F0254,Organic,5.45,58.61,7.66,Needs Replacement
2026-01-17 01:10:00,F0841,Plastic,63.67,38.41,7.33,Needs Replacement
2026-01-17 01:15:00,F0182,Biodegradable,66.19,43.01,5.38,Needs Replacement
2026-01-17 01:20:00,F0095,Organic,83.04,31.37,6.84,Damaged
2026-01-17 01:25:00,F0380,Organic,17.76,33.02,7.72,Damaged
2026-01-17 01:30:00,F0400,Plastic,84.71,26.05,6.35,Needs Replacement
2026-01-17 01:35:00,F0635,Organic,78.75,62.34,4.58,Needs Replacement
2026-01-17 01:40:00,F0379,Plastic,30.01,26.0,6.48,Healthy
2026-01-17 01:45:00,F0296,Organic,40.43,44.9,3.6,Needs Replacement
2026-01-17 01:50:00,F0683,Plastic,92.38,33.63,6.04,Needs Replacement
2026-01-17 01:55:00,F0949,Organic,20.84,44.83,5.83,Healthy
2026-01-17 02:00:00,F0910,Organic,76.19,62.84,5.04,Damaged
2026-01-17 02:05:00,F0725,Organic,24.98,27.38,7.14,Needs Replacement
2026-01-17 02:10:00,F0487,Plastic,92.38,19.04,1.72,Healthy
2026-01-17 02:15:00,F0429,Plastic,64.1,61.8,5.88,Damaged
2026-01-17 02:20:00,F0218,Biodegradable,62.53,65.87,3.27,Needs Replacement
2026-01-17 02:25:00,F0253,Biodegradable,41.08,29.71,6.24,Damaged
2026-01-17 02:30:00,F0552,Plastic,2.61,57.09,3.75,Needs Replacement
2026-01-17 02:35:00,F0624,Biodegradable,56.55,45.41,2.65,Damaged
2026-01-17 02:40:00,F0690,Biodegradable,7.72,15.77,7.02,Healthy
2026-01-17 02:45:00,F0202,Biodegradable,10.15,63.82,4.61,Needs Replacement
2026-01-17 02:50:00,F0214,Organic,8.84,24.69,4.48,Healthy
2026-01-17 02:55:00,F0851,Plastic,37.95,38.29,2.16,Healthy
2026-01-17 03:00:00,F0982,Biodegradable,27.39,46.81,6.7,Damaged
2026-01-17 03:05:00,F0282,Biodegradable,1.91,63.77,3.71,Healthy
2026-01-17 03:10:00,F0408,Plastic,11.78,68.75,7.85,Damaged
2026-01-17 03:15:00,F0189,Organic,76.82,56.98,4.09,Damaged
2026-01-17 03:20:00,F0852,Biodegradable,27.8,18.65,5.05,Healthy
2026-01-17 03:25:00,F0416,Plastic,38.86,52.15,3.41,Healthy
2026-01-17 03:30:00,F0600,Biodegradable,59.78,37.6,6.24,Damaged
2026-01-17 03:35:00,F0587,Organic,89.93,10.68,3.77,Damaged
2026-01-17 03:40:00,F0186,Biodegradable,84.65,14.8,5.67,Needs Replacement
2026-01-17 03:45:00,F0472,Plastic,70.25,33.0,3.04,Damaged
2026-01-17 03:50:00,F0699,Biodegradable,41.0,69.37,1.18,Healthy
2026-01-17 03:55:00,F0108,Organic,21.85,23.24,1.78,Healthy
2026-01-17 04:00:00,F0117,Organic,16.98,57.12,5.0,Damaged
2026-01-17 04:05:00,F0035,Plastic,24.69,46.1,6.12,Healthy
2026-01-17 04:10:00,F0488,Biodegradable,22.64,26.33,2.9,Needs Replacement
2026-01-17 04:15:00,F0703,Organic,83.32,49.41,2.44,Damaged
2026-01-17 04:20:00,F0559,Biodegradable,79.46,26.89,6.78,Needs Replacement
2026-01-17 04:25:00,F0445,Organic,8.86,13.72,1.5,Damaged
2026-01-17 04:30:00,F0558,Plastic,21.65,14.43,2.76,Healthy
2026-01-17 04:35:00,F0728,Biodegradable,40.05,68.52,5.05,Damaged
2026-01-17 04:40:00,F0320,Biodegradable,65.77,56.3,1.33,Healthy
2026-01-17 04:45:00,F0851,Organic,89.36,12.32,4.71,Needs Replacement
2026-01-17 04:50:00,F0034,Biodegradable,92.58,34.25,4.81,Healthy
2026-01-17 04:55:00,F0148,Plastic,87.62,46.13,2.73,Healthy
2026-01-17 05:00:00,F0310,Biodegradable,25.78,63.72,7.54,Needs Replacement
2026-01-17 05:05:00,F0203,Plastic,88.82,69.78,2.47,Needs Replacement
2026-01-17 05:10:00,F0099,Organic,6.14,38.68,7.89,Damaged
2026-01-17 05:15:00,F0082,Organic,9.97,65.25,3.68,Needs Replacement
2026-01-17 05:20:00,F0508,Plastic,9.89,52.11,1.6,Healthy
2026-01-17 05:25:00,F0699,Organic,87.69,56.96,1.68,Healthy
2026-01-17 05:30:00,F0889,Plastic,99.64,28.21,4.25,Healthy
2026-01-17 05:35:00,F0091,Organic,97.06,41.25,6.62,Healthy
2026-01-17 05:40:00,F0648,Organic,11.92,60.42,4.22,Needs Replacement
2026-01-17 05:45:00,F0792,Biodegradable,13.67,39.07,5.88,Healthy
2026-01-17 05:50:00,F0503,Organic,96.98,38.59,4.57,Needs Replacement
2026-01-17 05:55:00,F0568,Plastic,86.02,21.25,1.5,Healthy
2026-01-17 06:00:00,F0114,Biodegradable,91.8,39.96,5.3,Needs Replacement
2026-01-17 06:05:00,F0256,Biodegradable,12.21,44.66,3.0,Healthy
2026-01-17 06:10:00,F0728,Plastic,11.9,27.04,1.34,Healthy
2026-01-17 06:15:00,F0612,Biodegradable,92.01,23.07,1.36,Needs Replacement
2026-01-17 06:20:00,F0562,Organic,96.58,21.13,1.47,Needs Replacement
2026-01-17 06:25:00,F0672,Organic,33.71,69.9,2.23,Damaged
2026-01-17 06:30:00,F0373,Organic,31.19,14.5,1.97,Needs Replacement
2026-01-17 06:35:00,F0598,Biodegradable,72.07,13.9,5.95,Damaged
2026-01-17 06:40:00,F0932,Organic,70.48,26.56,4.68,Needs Replacement
2026-01-17 06:45:00,F0973,Biodegradable,39.04,26.94,4.99,Healthy
2026-01-17 06:50:00,F0644,Biodegradable,98.12,11.84,1.74,Damaged
2026-01-17 06:55:00,F0940,Organic,34.07,37.09,7.57,Healthy
2026-01-17 07:00:00,F0150,Plastic,36.56,56.7,3.07,Needs Replacement
2026-01-17 07:05:00,F0414,Plastic,63.82,15.19,2.09,Damaged
2026-01-17 07:10:00,F0895,Plastic,36.16,32.02,2.81,Needs Replacement
2026-01-17 07:15:00,F0670,Organic,2.26,12.57,3.06,Healthy
2026-01-17 07:20:00,F0522,Biodegradable,83.88,10.31,6.73,Needs Replacement
2026-01-17 07:25:00,F0525,Organic,86.11,25.64,6.51,Healthy
2026-01-17 07:30:00,F0833,Organic,87.69,10.21,5.47,Needs Replacement
2026-01-17 07:35:00,F0996,Plastic,54.15,13.54,2.9,Needs Replacement
2026-01-17 07:40:00,F0173,Plastic,13.56,18.44,4.3,Damaged
2026-01-17 07:45:00,F0676,Plastic,72.01,17.3,7.09,Healthy
2026-01-17 07:50:00,F0570,Plastic,22.94,43.13,2.27,Needs Replacement
2026-01-17 07:55:00,F0160,Biodegradable,1.32,26.66,3.29,Healthy
2026-01-17 08:00:00,F0033,Plastic,35.79,46.36,5.17,Needs Replacement
2026-01-17 08:05:00,F0464,Biodegradable,9.23,53.58,4.88,Healthy
2026-01-17 08:10:00,F0119,Plastic,22.82,63.39,1.71,Needs Replacement
2026-01-17 08:15:00,F0322,Plastic,66.7,59.56,7.62,Needs Replacement
2026-01-17 08:20:00,F0169,Biodegradable,96.72,66.62,7.49,Damaged
2026-01-17 08:25:00,F0952,Organic,59.2,65.41,1.05,Needs Replacement
2026-01-17 08:30:00,F0980,Organic,11.77,52.01,5.65,Damaged
2026-01-17 08:35:00,F0247,Plastic,98.05,45.93,4.25,Healthy
2026-01-17 08:40:00,F0917,Organic,92.66,11.03,1.51,Healthy
2026-01-17 08:45:00,F0338,Plastic,62.21,64.6,5.99,Needs Replacement
2026-01-17 08:50:00,F0806,Biodegradable,7.72,29.97,6.31,Healthy
2026-01-17 08:55:00,F0420,Organic,92.98,25.76,4.29,Needs Replacement
2026-01-17 09:00:00,F0180,Plastic,73.28,47.73,4.85,Damaged
2026-01-17 09:05:00,F0024,Organic,50.99,43.33,5.27,Healthy
2026-01-17 09:10:00,F0658,Biodegradable,75.6,39.86,7.39,Healthy
2026-01-17 09:15:00,F0792,Plastic,67.37,23.64,4.91,Damaged
2026-01-17 09:20:00,F0743,Biodegradable,14.59,23.32,5.62,Needs Replacement
2026-01-17 09:25:00,F0738,Organic,25.06,65.06,2.68,Damaged
2026-01-17 09:30:00,F0331,Organic,57.57,29.14,3.32,Needs Replacement
2026-01-17 09:35:00,F0787,Plastic,78.42,45.54,3.14,Damaged
2026-01-17 09:40:00,F0001,Organic,75.96,21.19,7.26,Damaged
2026-01-17 09:45:00,F0306,Organic,96.47,43.99,1.34,Healthy
2026-01-17 09:50:00,F0387,Plastic,51.98,58.06,4.0,Damaged
2026-01-17 09:55:00,F0240,Organic,4.85,29.89,4.22,Needs Replacement
2026-01-17 10:00:00,F0326,Plastic,37.13,63.62,1.58,Needs Replacement
2026-01-17 10:05:00,F0574,Plastic,41.44,65.59,3.93,Needs Replacement
2026-01-17 10:10:00,F0226,Biodegradable,58.77,43.11,1.98,Healthy
2026-01-17 10:15:00,F0631,Biodegradable,51.2,21.67,6.06,Healthy
2026-01-17 10:20:00,F0309,Organic,64.01,60.93,3.07,Needs Replacement
2026-01-17 10:25:00,F0832,Plastic,85.97,20.82,6.62,Damaged
2026-01-17 10:30:00,F0923,Organic,28.2,21.05,6.21,Healthy
2026-01-17 10:35:00,F0281,Plastic,21.26,40.74,6.37,Needs Replacement
2026-01-17 10:40:00,F0351,Plastic,70.94,28.47,6.04,Needs Replacement
2026-01-17 10:45:00,F0470,Organic,60.04,29.66,3.37,Damaged
2026-01-17 10:50:00,F0577,Organic,92.82,33.05,6.84,Healthy
2026-01-17 10:55:00,F0245,Plastic,16.22,19.87,4.17,Healthy
2026-01-17 11:00:00,F0615,Organic,65.72,47.23,3.37,Needs Replacement
2026-01-17 11:05:00,F0656,Biodegradable,18.13,23.33,1.58,Healthy
2026-01-17 11:10:00,F0934,Plastic,52.54,23.58,2.96,Damaged
2026-01-17 11:15:00,F0633,Biodegradable,43.51,21.03,7.17,Healthy
2026-01-17 11:20:00,F0161,Biodegradable,44.26,15.95,3.07,Healthy
2026-01-17 11:25:00,F0476,Biodegradable,82.92,11.59,1.61,Healthy
2026-01-17 11:30:00,F0181,Organic,90.52,31.55,2.69,Needs Replacement
2026-01-17 11:35:00,F0006,Organic,60.41,38.49,7.93,Healthy
2026-01-17 11:40:00,F0995,Plastic,98.62,59.16,6.26,Healthy
2026-01-17 11:45:00,F0310,Biodegradable,83.9,45.18,4.5,Needs Replacement
2026-01-17 11:50:00,F0688,Biodegradable,0.76,19.07,3.93,Healthy
2026-01-17 11:55:00,F0383,Biodegradable,10.62,24.36,2.7,Healthy
2026-01-17 12:00:00,F0003,Plastic,48.94,39.23,5.23,Damaged
2026-01-17 12:05:00,F0441,Plastic,2.17,52.52,5.54,Needs Replacement
2026-01-17 12:10:00,F0736,Biodegradable,14.62,60.5,3.64,Needs Replacement
2026-01-17 12:15:00,F0363,Biodegradable,70.0,13.84,6.18,Needs Replacement
2026-01-17 12:20:00,F0832,Plastic,0.25,36.97,7.98,Healthy
2026-01-17 12:25:00,F0824,Plastic,0.05,57.64,3.41,Healthy
2026-01-17 12:30:00,F0643,Organic,74.29,14.97,3.7,Needs Replacement
2026-01-17 12:35:00,F0340,Organic,91.6,42.07,1.53,Needs Replacement
2026-01-17 12:40:00,F0014,Biodegradable,44.11,27.28,2.72,Healthy
2026-01-17 12:45:00,F0694,Biodegradable,61.49,66.7,3.47,Damaged
2026-01-17 12:50:00,F0998,Organic,91.24,65.2,5.69,Needs Replacement
2026-01-17 12:55:00,F0353,Plastic,96.92,52.69,3.38,Damaged
2026-01-17 13:00:00,F0129,Plastic,47.09,63.78,3.93,Damaged
2026-01-17 13:05:00,F0329,Organic,16.01,15.19,5.9,Damaged
2026-01-17 13:10:00,F0640,Plastic,5.49,49.73,6.58,Healthy
2026-01-17 13:15:00,F0490,Biodegradable,13.2,14.15,1.8,Damaged
2026-01-17 13:20:00,F0846,Organic,67.98,36.51,3.7,Damaged
2026-01-17 13:25:00,F0204,Biodegradable,42.76,30.12,1.95,Needs Replacement
2026-01-17 13:30:00,F0890,Plastic,12.31,31.34,2.09,Needs Replacement
2026-01-17 13:35:00,F0525,Organic,81.87,41.01,2.99,Needs Replacement
2026-01-17 13:40:00,F0867,Plastic,22.07,39.88,1.58,Damaged
2026-01-17 13:45:00,F0765,Plastic,31.16,11.29,1.2,Needs Replacement
2026-01-17 13:50:00,F0771,Biodegradable,83.02,56.37,2.72,Damaged
2026-01-17 13:55:00,F0715,Plastic,90.79,18.91,2.7,Healthy
2026-01-17 14:00:00,F0642,Biodegradable,14.32,36.24,5.2,Needs Replacement
2026-01-17 14:05:00,F0774,Biodegradable,38.0,22.52,7.8,Damaged
2026-01-17 14:10:00,F0821,Biodegradable,25.79,39.45,4.88,Needs Replacement
2026-01-17 14:15:00,F0350,Plastic,41.27,44.21,7.18,Damaged
2026-01-17 14:20:00,F0684,Plastic,13.95,15.65,6.45,Needs Replacement
2026-01-17 14:25:00,F0300,Plastic,80.38,19.82,4.0,Needs Replacement
2026-01-17 14:30:00,F0909,Organic,44.51,57.58,2.54,Healthy
2026-01-17 14:35:00,F0324,Organic,80.55,39.27,7.95,Healthy
2026-01-17 14:40:00,F0855,Organic,96.22,64.58,4.42,Damaged
2026-01-17 14:45:00,F0481,Organic,39.23,65.82,3.7,Needs Replacement
2026-01-17 14:50:00,F0164,Plastic,52.89,40.68,5.12,Needs Replacement
2026-01-17 14:55:00,F0851,Plastic,81.41,44.67,5.96,Healthy
2026-01-17 15:00:00,F0982,Organic,30.68,47.53,3.2,Damaged
2026-01-17 15:05:00,F0547,Organic,12.96,44.05,3.29,Healthy
2026-01-17 15:10:00,F0785,Plastic,14.3,50.33,7.06,Needs Replacement
2026-01-17 15:15:00,F0968,Plastic,87.58,52.66,2.26,Damaged
2026-01-17 15:20:00,F0797,Plastic,31.96,11.31,4.09,Needs Replacement
2026-01-17 15:25:00,F0135,Biodegradable,68.48,26.16,1.97,Healthy
2026-01-17 15:30:00,F0923,Plastic,30.12,62.12,5.6,Healthy
2026-01-17 15:35:00,F0473,Biodegradable,14.73,21.75,7.25,Damaged
2026-01-17 15:40:00,F0007,Organic,93.49,51.95,6.11,Needs Replacement
2026-01-17 15:45:00,F0899,Plastic,97.25,53.38,4.25,Needs Replacement
2026-01-17 15:50:00,F0054,Organic,11.62,41.19,5.89,Healthy
2026-01-17 15:55:00,F0096,Organic,20.36,48.98,4.71,Needs Replacement
2026-01-17 16:00:00,F0971,Plastic,55.55,60.45,7.61,Healthy
2026-01-17 16:05:00,F0711,Plastic,19.31,48.71,7.17,Damaged
2026-01-17 16:10:00,F0945,Organic,69.87,26.18,1.45,Needs Replacement
2026-01-17 16:15:00,F0202,Organic,40.02,53.79,1.08,Damaged
2026-01-17 16:20:00,F0828,Biodegradable,21.97,18.44,7.04,Needs Replacement
2026-01-17 16:25:00,F0905,Plastic,20.05,16.77,7.92,Healthy
2026-01-17 16:30:00,F0738,Biodegradable,82.17,60.46,7.24,Damaged
2026-01-17 16:35:00,F0837,Organic,29.22,65.09,1.89,Damaged
2026-01-17 16:40:00,F0870,Organic,20.35,69.57,2.49,Damaged
2026-01-17 16:45:00,F0171,Biodegradable,57.63,11.38,6.53,Damaged
2026-01-17 16:50:00,F0088,Biodegradable,60.53,39.93,6.18,Healthy
2026-01-17 16:55:00,F0260,Biodegradable,38.12,61.11,5.48,Needs Replacement
2026-01-17 17:00:00,F0025,Biodegradable,89.07,62.6,5.2,Needs Replacement
2026-01-17 17:05:00,F0054,Plastic,91.72,26.8,6.01,Healthy
2026-01-17 17:10:00,F0096,Biodegradable,14.56,47.3,6.35,Healthy
2026-01-17 17:15:00,F0896,Plastic,37.42,59.49,7.78,Healthy
2026-01-17 17:20:00,F0487,Organic,10.83,29.91,3.74,Damaged
2026-01-17 17:25:00,F0554,Plastic,71.54,63.67,5.5,Healthy
2026-01-17 17:30:00,F0776,Biodegradable,95.17,54.02,5.04,Damaged
2026-01-17 17:35:00,F0289,Plastic,3.57,25.32,1.48,Needs Replacement
2026-01-17 17:40:00,F0522,Organic,24.2,30.91,3.69,Healthy
2026-01-17 17:45:00,F0650,Biodegradable,68.71,60.02,2.34,Healthy
2026-01-17 17:50:00,F0470,Organic,27.44,48.74,4.34,Needs Replacement
2026-01-17 17:55:00,F0013,Plastic,50.57,21.83,5.37,Needs Replacement
2026-01-17 18:00:00,F0113,Organic,51.63,29.07,2.97,Needs Replacement
2026-01-17 18:05:00,F0623,Plastic,54.89,12.17,7.73,Healthy
2026-01-17 18:10:00,F0415,Biodegradable,88.86,57.42,5.6,Damaged
2026-01-17 18:15:00,F0719,Plastic,69.39,48.75,2.43,Needs Replacement
2026-01-17 18:20:00,F0435,Biodegradable,9.34,31.95,7.49,Needs Replacement
2026-01-17 18:25:00,F0852,Organic,11.28,44.13,4.29,Needs Replacement
2026-01-17 18:30:00,F0680,Plastic,35.62,54.15,4.65,Healthy
2026-01-17 18:35:00,F0329,Plastic,41.38,38.59,1.29,Needs Replacement
2026-01-17 18:40:00,F0262,Organic,96.96,42.18,3.62,Damaged
2026-01-17 18:45:00,F0451,Biodegradable,53.91,45.28,3.95,Healthy
2026-01-17 18:50:00,F0254,Biodegradable,54.54,24.81,7.66,Damaged
2026-01-17 18:55:00,F0164,Organic,59.33,55.67,2.14,Needs Replacement
2026-01-17 19:00:00,F0718,Organic,65.95,15.66,7.34,Needs Replacement
2026-01-17 19:05:00,F0834,Organic,55.96,13.99,3.31,Needs Replacement
2026-01-17 19:10:00,F0005,Plastic,42.78,39.09,7.08,Healthy
2026-01-17 19:15:00,F0923,Organic,15.16,40.93,2.43,Healthy
2026-01-17 19:20:00,F0831,Biodegradable,47.9,33.05,5.15,Healthy
2026-01-17 19:25:00,F0757,Biodegradable,25.5,14.18,3.6,Healthy
2026-01-17 19:30:00,F0967,Organic,16.46,17.55,4.63,Needs Replacement
2026-01-17 19:35:00,F0479,Plastic,10.65,24.31,6.63,Healthy
2026-01-17 19:40:00,F0908,Biodegradable,53.52,43.86,4.3,Healthy
2026-01-17 19:45:00,F0886,Biodegradable,63.89,55.93,2.57,Healthy
2026-01-17 19:50:00,F0942,Biodegradable,95.01,57.6,4.28,Healthy
2026-01-17 19:55:00,F0327,Plastic,12.09,55.6,3.05,Damaged
2026-01-17 20:00:00,F0204,Plastic,73.25,49.15,7.45,Damaged
2026-01-17 20:05:00,F0075,Plastic,6.15,36.56,1.58,Healthy
2026-01-17 20:10:00,F0692,Organic,71.63,26.72,2.35,Needs Replacement
2026-01-17 20:15:00,F0757,Biodegradable,21.66,50.67,1.36,Needs Replacement
2026-01-17 20:20:00,F0481,Plastic,84.88,51.5,4.13,Damaged
2026-01-17 20:25:00,F0958,Plastic,83.42,57.02,7.32,Damaged
2026-01-17 20:30:00,F0374,Biodegradable,57.96,47.85,1.76,Damaged
2026-01-17 20:35:00,F0467,Organic,43.45,56.31,3.82,Needs Replacement
2026-01-17 20:40:00,F0537,Plastic,4.07,46.56,5.77,Healthy
2026-01-17 20:45:00,F0731,Organic,28.76,25.96,1.12,Healthy
2026-01-17 20:50:00,F0142,Biodegradable,16.15,59.45,2.97,Needs Replacement
2026-01-17 20:55:00,F0640,Plastic,68.22,31.87,6.46,Damaged
2026-01-17 21:00:00,F0779,Organic,18.23,60.27,5.06,Healthy
2026-01-17 21:05:00,F0371,Biodegradable,98.41,52.21,4.21,Needs Replacement
2026-01-17 21:10:00,F0117,Organic,47.82,24.59,1.35,Needs Replacement
2026-01-17 21:15:00,F0968,Organic,78.86,45.2,1.58,Healthy
2026-01-17 21:20:00,F0726,Plastic,74.52,15.77,1.48,Needs Replacement
2026-01-17 21:25:00,F0358,Biodegradable,0.89,40.24,1.94,Damaged
2026-01-17 21:30:00,F0932,Organic,71.78,50.17,6.91,Damaged
2026-01-17 21:35:00,F0226,Organic,45.57,43.38,6.98,Needs Replacement
2026-01-17 21:40:00,F0916,Plastic,50.76,52.82,3.51,Damaged
2026-01-17 21:45:00,F0584,Plastic,18.69,27.02,3.82,Needs Replacement
2026-01-17 21:50:00,F0947,Organic,38.44,68.22,5.98,Damaged
2026-01-17 21:55:00,F0832,Plastic,38.73,27.02,6.82,Healthy
2026-01-17 22:00:00,F0507,Biodegradable,87.66,15.5,7.96,Healthy
2026-01-17 22:05:00,F0798,Biodegradable,81.73,34.46,3.55,Healthy
2026-01-17 22:10:00,F0911,Biodegradable,31.04,42.32,2.85,Healthy
2026-01-17 22:15:00,F0003,Plastic,98.85,39.88,1.9,Healthy
2026-01-17 22:20:00,F0022,Biodegradable,68.92,54.08,5.6,Needs Replacement
2026-01-17 22:25:00,F0387,Plastic,66.41,15.18,5.67,Needs Replacement
2026-01-17 22:30:00,F0287,Plastic,8.6,11.45,6.36,Healthy
2026-01-17 22:35:00,F0208,Biodegradable,49.55,16.87,7.68,Healthy
2026-01-17 22:40:00,F0241,Organic,87.91,51.76,2.39,Needs Replacement
2026-01-17 22:45:00,F0730,Plastic,84.5,64.57,3.67,Healthy
2026-01-17 22:50:00,F0604,Plastic,8.94,13.49,6.06,Damaged
2026-01-17 22:55:00,F0455,Biodegradable,82.08,45.32,1.46,Healthy
2026-01-17 23:00:00,F0844,Biodegradable,72.71,58.57,3.17,Healthy
2026-01-17 23:05:00,F0344,Biodegradable,17.35,48.62,7.64,Needs Replacement
2026-01-17 23:10:00,F0775,Plastic,6.45,42.63,7.6,Damaged
2026-01-17 23:15:00,F0946,Organic,68.29,47.3,2.61,Damaged
2026-01-17 23:20:00,F0249,Organic,22.06,36.61,3.97,Needs Replacement
2026-01-17 23:25:00,F0808,Plastic,17.04,64.97,1.17,Healthy
2026-01-17 23:30:00,F0069,Organic,98.5,50.46,4.0,Damaged
2026-01-17 23:35:00,F0263,Organic,30.31,37.53,5.88,Healthy
2026-01-17 23:40:00,F0849,Plastic,87.18,64.68,2.54,Healthy
2026-01-17 23:45:00,F0691,Biodegradable,97.95,50.85,7.63,Healthy
2026-01-17 23:50:00,F0208,Biodegradable,0.84,46.77,4.48,Needs Replacement
2026-01-17 23:55:00,F0572,Biodegradable,61.87,27.41,1.98,Healthy
2026-01-18 00:00:00,F0239,Organic,74.7,18.4,3.96,Needs Replacement
2026-01-18 00:05:00,F0746,Plastic,73.34,31.36,1.2,Needs Replacement
2026-01-18 00:10:00,F0101,Biodegradable,81.23,35.63,5.83,Needs Replacement
2026-01-18 00:15:00,F0544,Biodegradable,47.87,62.18,1.88,Healthy
2026-01-18 00:20:00,F0928,Biodegradable,40.92,24.17,4.81,Damaged
2026-01-18 00:25:00,F0901,Biodegradable,35.75,15.27,5.58,Healthy
2026-01-18 00:30:00,F0189,Organic,45.99,34.09,5.14,Needs Replacement
2026-01-18 00:35:00,F0012,Biodegradable,43.5,40.88,5.84,Damaged
2026-01-18 00:40:00,F0973,Organic,68.78,36.85,3.78,Needs Replacement
2026-01-18 00:45:00,F0693,Biodegradable,16.9,43.02,5.49,Damaged
2026-01-18 00:50:00,F0598,Plastic,96.75,10.04,3.04,Needs Replacement
2026-01-18 00:55:00,F0638,Organic,56.56,16.37,3.26,Needs Replacement
2026-01-18 01:00:00,F0857,Organic,46.49,36.03,7.82,Needs Replacement
2026-01-18 01:05:00,F0571,Organic,29.64,42.94,2.32,Damaged
2026-01-18 01:10:00,F0941,Biodegradable,53.22,29.03,7.47,Needs Replacement
2026-01-18 01:15:00,F0800,Organic,12.48,36.45,7.24,Needs Replacement
2026-01-18 01:20:00,F0977,Plastic,48.28,44.96,5.0,Damaged
2026-01-18 01:25:00,F0360,Plastic,95.73,61.78,7.07,Damaged
2026-01-18 01:30:00,F0316,Biodegradable,53.29,14.82,1.8,Needs Replacement
2026-01-18 01:35:00,F0045,Plastic,3.94,62.38,3.53,Damaged
2026-01-18 01:40:00,F0654,Plastic,60.35,25.71,5.16,Damaged
2026-01-18 01:45:00,F0358,Biodegradable,94.79,43.67,7.22,Needs Replacement
2026-01-18 01:50:00,F0793,Plastic,99.24,47.59,5.5,Damaged
2026-01-18 01:55:00,F0154,Organic,19.62,17.41,6.12,Damaged
2026-01-18 02:00:00,F0641,Plastic,1.32,48.62,3.74,Needs Replacement
2026-01-18 02:05:00,F0412,Biodegradable,27.52,44.3,7.78,Damaged
2026-01-18 02:10:00,F0233,Plastic,60.07,18.95,2.27,Needs Replacement
2026-01-18 02:15:00,F0017,Organic,60.47,59.25,5.44,Healthy
2026-01-18 02:20:00,F0655,Plastic,88.64,10.82,7.67,Healthy
2026-01-18 02:25:00,F0927,Organic,94.04,58.74,6.5,Damaged
2026-01-18 02:30:00,F0588,Organic,71.06,18.33,5.91,Needs Replacement
2026-01-18 02:35:00,F0296,Plastic,23.92,66.71,6.14,Damaged
2026-01-18 02:40:00,F0095,Biodegradable,80.9,39.69,6.47,Needs Replacement
2026-01-18 02:45:00,F0377,Organic,30.51,66.76,7.73,Damaged
2026-01-18 02:50:00,F0390,Biodegradable,77.7,39.76,1.35,Needs Replacement
2026-01-18 02:55:00,F0963,Organic,78.9,31.71,3.13,Healthy
2026-01-18 03:00:00,F0672,Organic,25.44,53.47,2.96,Damaged
2026-01-18 03:05:00,F0950,Biodegradable,97.52,49.76,3.93,Healthy
2026-01-18 03:10:00,F0806,Organic,66.63,62.35,4.55,Damaged
2026-01-18 03:15:00,F0362,Biodegradable,74.14,23.72,7.58,Damaged
2026-01-18 03:20:00,F0853,Organic,94.47,47.8,6.98,Healthy
2026-01-18 03:25:00,F0321,Plastic,43.42,33.5,3.1,Healthy
2026-01-18 03:30:00,F0374,Biodegradable,2.93,49.78,4.23,Needs Replacement
2026-01-18 03:35:00,F0250,Plastic,0.46,40.47,5.26,Damaged
2026-01-18 03:40:00,F0673,Biodegradable,40.85,58.25,4.93,Needs Replacement
2026-01-18 03:45:00,F0612,Biodegradable,30.08,62.28,6.1,Needs Replacement
2026-01-18 03:50:00,F0742,Organic,86.65,11.9,1.17,Needs Replacement
2026-01-18 03:55:00,F0611,Plastic,79.97,31.67,6.05,Damaged
2026-01-18 04:00:00,F0009,Plastic,26.91,37.81,6.13,Needs Replacement
2026-01-18 04:05:00,F0618,Plastic,19.71,20.33,7.9,Damaged
2026-01-18 04:10:00,F0757,Organic,4.57,38.05,2.59,Healthy
2026-01-18 04:15:00,F0808,Organic,84.45,45.42,2.89,Damaged
2026-01-18 04:20:00,F0948,Plastic,62.89,51.14,2.69,Healthy
2026-01-18 04:25:00,F0113,Organic,42.17,30.1,7.95,Healthy
2026-01-18 04:30:00,F0308,Organic,67.66,51.35,5.45,Healthy
2026-01-18 04:35:00,F0215,Organic,65.79,67.57,1.66,Healthy
2026-01-18 04:40:00,F0272,Biodegradable,88.47,18.36,4.25,Damaged
2026-01-18 04:45:00,F0504,Biodegradable,67.23,23.95,2.57,Needs Replacement
2026-01-18 04:50:00,F0103,Plastic,18.81,57.85,6.07,Healthy
2026-01-18 04:55:00,F0890,Plastic,23.9,31.16,1.2,Needs Replacement
2026-01-18 05:00:00,F0153,Biodegradable,35.8,63.1,6.72,Needs Replacement
2026-01-18 05:05:00,F0684,Organic,84.05,32.82,2.28,Healthy
2026-01-18 05:10:00,F0542,Plastic,69.19,41.41,4.47,Damaged
2026-01-18 05:15:00,F0978,Plastic,71.49,31.01,3.05,Needs Replacement
2026-01-18 05:20:00,F0619,Biodegradable,63.19,35.88,1.29,Healthy
2026-01-18 05:25:00,F0682,Organic,58.46,29.45,1.55,Needs Replacement
2026-01-18 05:30:00,F0706,Organic,82.88,28.76,5.79,Damaged
2026-01-18 05:35:00,F0191,Biodegradable,3.13,55.89,1.95,Healthy
2026-01-18 05:40:00,F0395,Plastic,41.57,21.99,4.1,Healthy
2026-01-18 05:45:00,F0384,Organic,84.59,50.07,6.81,Damaged
2026-01-18 05:50:00,F0436,Organic,72.19,62.17,2.17,Healthy
2026-01-18 05:55:00,F0539,Plastic,17.38,35.46,4.6,Damaged
2026-01-18 06:00:00,F0015,Biodegradable,97.57,49.3,3.75,Damaged
2026-01-18 06:05:00,F0618,Organic,93.29,35.43,2.64,Healthy
2026-01-18 06:10:00,F0613,Organic,2.02,60.64,7.46,Healthy
2026-01-18 06:15:00,F0344,Plastic,43.58,39.64,1.42,Damaged
2026-01-18 06:20:00,F0147,Plastic,32.99,46.93,5.13,Damaged
2026-01-18 06:25:00,F0824,Plastic,70.39,35.13,2.59,Healthy
2026-01-18 06:30:00,F0848,Biodegradable,95.23,22.92,6.47,Damaged
2026-01-18 06:35:00,F0871,Plastic,53.06,12.31,4.51,Damaged
2026-01-18 06:40:00,F0623,Plastic,29.18,19.14,2.02,Needs Replacement
2026-01-18 06:45:00,F0567,Plastic,29.78,12.77,5.76,Damaged
2026-01-18 06:50:00,F0371,Organic,23.75,24.78,1.93,Needs Replacement
2026-01-18 06:55:00,F0113,Biodegradable,37.86,21.09,5.27,Needs Replacement
2026-01-18 07:00:00,F0265,Plastic,29.28,11.46,3.0,Healthy
2026-01-18 07:05:00,F0255,Organic,52.13,52.43,5.53,Damaged
2026-01-18 07:10:00,F0040,Biodegradable,37.25,64.92,1.59,Damaged
2026-01-18 07:15:00,F0496,Plastic,85.58,49.87,5.1,Damaged
2026-01-18 07:20:00,F0700,Biodegradable,64.25,29.24,3.86,Healthy
2026-01-18 07:25:00,F0400,Organic,94.87,66.17,5.23,Healthy
2026-01-18 07:30:00,F0115,Organic,90.97,22.82,2.13,Healthy
2026-01-18 07:35:00,F0516,Organic,68.53,15.0,1.38,Healthy
2026-01-18 07:40:00,F0564,Plastic,82.01,19.34,1.69,Needs Replacement
2026-01-18 07:45:00,F0224,Biodegradable,56.72,14.53,3.26,Needs Replacement
2026-01-18 07:50:00,F0368,Plastic,43.51,39.04,6.41,Damaged
2026-01-18 07:55:00,F0659,Organic,51.38,37.07,1.01,Needs Replacement
2026-01-18 08:00:00,F0083,Organic,85.04,54.43,6.88,Healthy
2026-01-18 08:05:00,F0829,Plastic,5.65,26.45,1.36,Healthy
2026-01-18 08:10:00,F0534,Plastic,13.09,48.77,6.2,Damaged
2026-01-18 08:15:00,F0763,Organic,49.44,46.78,7.21,Damaged
2026-01-18 08:20:00,F0516,Organic,34.62,13.32,5.16,Needs Replacement
2026-01-18 08:25:00,F0049,Organic,76.12,12.83,5.54,Healthy
2026-01-18 08:30:00,F0418,Biodegradable,60.46,53.13,2.44,Damaged
2026-01-18 08:35:00,F0550,Biodegradable,45.92,30.88,5.38,Damaged
2026-01-18 08:40:00,F0099,Plastic,14.62,57.33,4.79,Healthy
2026-01-18 08:45:00,F0458,Plastic,88.87,59.81,5.66,Healthy
2026-01-18 08:50:00,F0251,Organic,4.85,55.02,1.7,Needs Replacement
2026-01-18 08:55:00,F0003,Plastic,6.01,42.73,2.12,Healthy
2026-01-18 09:00:00,F0242,Plastic,53.54,42.81,3.53,Healthy
2026-01-18 09:05:00,F0079,Biodegradable,77.09,54.41,5.8,Needs Replacement
2026-01-18 09:10:00,F0228,Organic,52.3,53.42,5.46,Healthy
2026-01-18 09:15:00,F0089,Biodegradable,23.76,43.92,5.67,Damaged
2026-01-18 09:20:00,F0013,Organic,47.89,24.73,3.66,Damaged
2026-01-18 09:25:00,F0439,Organic,51.03,52.39,5.54,Healthy
2026-01-18 09:30:00,F0264,Biodegradable,4.62,11.39,1.91,Damaged
2026-01-18 09:35:00,F0010,Organic,9.97,13.02,4.32,Healthy
2026-01-18 09:40:00,F0814,Plastic,43.37,26.14,3.56,Damaged
2026-01-18 09:45:00,F0185,Plastic,67.13,60.28,3.24,Needs Replacement
2026-01-18 09:50:00,F0904,Biodegradable,0.64,32.28,6.35,Healthy
2026-01-18 09:55:00,F0266,Organic,62.22,57.91,3.13,Needs Replacement
2026-01-18 10:00:00,F0347,Organic,60.55,18.51,3.77,Healthy
2026-01-18 10:05:00,F0242,Organic,60.0,37.21,4.49,Needs Replacement
2026-01-18 10:10:00,F0692,Biodegradable,73.44,58.65,5.82,Damaged
2026-01-18 10:15:00,F0599,Organic,41.53,18.48,3.98,Needs Replacement
2026-01-18 10:20:00,F0391,Organic,10.66,54.53,6.35,Damaged
2026-01-18 10:25:00,F0213,Organic,21.88,11.52,3.54,Healthy
2026-01-18 10:30:00,F0766,Organic,19.56,60.76,4.67,Healthy
2026-01-18 10:35:00,F0950,Biodegradable,16.59,18.39,5.81,Needs Replacement
2026-01-18 10:40:00,F0807,Organic,66.72,67.68,3.11,Needs Replacement
2026-01-18 10:45:00,F0001,Organic,17.59,35.46,6.09,Damaged
2026-01-18 10:50:00,F0100,Biodegradable,11.04,58.33,3.91,Needs Replacement
2026-01-18 10:55:00,F0303,Biodegradable,17.41,50.26,3.62,Healthy
2026-01-18 11:00:00,F0432,Plastic,11.27,33.81,4.72,Needs Replacement
2026-01-18 11:05:00,F0321,Organic,26.19,11.63,2.75,Damaged
2026-01-18 11:10:00,F0495,Plastic,97.7,33.25,4.57,Healthy
2026-01-18 11:15:00,F0004,Plastic,37.74,43.52,7.73,Needs Replacement
2026-01-18 11:20:00,F0657,Plastic,54.13,39.19,5.22,Needs Replacement
2026-01-18 11:25:00,F0353,Biodegradable,72.89,51.41,1.55,Healthy
2026-01-18 11:30:00,F0971,Biodegradable,74.68,18.7,7.68,Healthy
2026-01-18 11:35:00,F0393,Organic,66.13,20.06,7.55,Damaged
2026-01-18 11:40:00,F0052,Organic,22.31,13.86,7.35,Damaged
2026-01-18 11:45:00,F0557,Organic,93.66,18.71,1.66,Healthy
2026-01-18 11:50:00,F0532,Plastic,12.83,19.41,4.36,Healthy
2026-01-18 11:55:00,F0792,Organic,8.75,16.85,5.88,Damaged
2026-01-18 12:00:00,F0459,Biodegradable,5.34,59.64,3.34,Damaged
2026-01-18 12:05:00,F0259,Biodegradable,72.91,60.19,4.64,Needs Replacement
2026-01-18 12:10:00,F0615,Plastic,89.44,44.9,4.14,Needs Replacement
2026-01-18 12:15:00,F0128,Plastic,16.12,62.09,1.75,Needs Replacement
2026-01-18 12:20:00,F0428,Organic,54.63,34.55,3.35,Damaged
2026-01-18 12:25:00,F0105,Plastic,73.78,43.17,4.74,Needs Replacement
2026-01-18 12:30:00,F0875,Biodegradable,7.7,22.68,6.61,Needs Replacement
2026-01-18 12:35:00,F0205,Plastic,40.64,24.6,7.95,Healthy
2026-01-18 12:40:00,F0361,Organic,59.64,68.86,3.57,Healthy
2026-01-18 12:45:00,F0612,Organic,74.48,55.2,1.72,Damaged
2026-01-18 12:50:00,F0073,Plastic,41.05,39.28,4.92,Damaged
2026-01-18 12:55:00,F0728,Biodegradable,83.92,22.68,6.97,Damaged
2026-01-18 13:00:00,F0971,Plastic,58.08,45.11,3.74,Damaged
2026-01-18 13:05:00,F0014,Organic,4.74,55.82,5.5,Healthy
2026-01-18 13:10:00,F0700,Biodegradable,42.6,39.63,2.32,Healthy
2026-01-18 13:15:00,F0200,Organic,11.49,23.31,7.89,Healthy
2026-01-18 13:20:00,F0882,Biodegradable,80.23,24.52,4.29,Needs Replacement
2026-01-18 13:25:00,F0318,Biodegradable,26.78,12.2,6.94,Damaged
2026-01-18 13:30:00,F0616,Organic,83.48,24.56,5.71,Damaged
2026-01-18 13:35:00,F0231,Organic,29.59,40.95,3.33,Damaged
2026-01-18 13:40:00,F0697,Biodegradable,42.11,68.06,7.07,Damaged
2026-01-18 13:45:00,F0872,Organic,54.82,59.85,2.07,Damaged
2026-01-18 13:50:00,F0330,Organic,21.78,47.93,2.02,Healthy
2026-01-18 13:55:00,F0718,Biodegradable,43.79,26.34,6.84,Healthy
2026-01-18 14:00:00,F0757,Organic,32.27,62.84,1.47,Needs Replacement
2026-01-18 14:05:00,F0109,Biodegradable,86.76,63.88,7.33,Healthy
2026-01-18 14:10:00,F0713,Biodegradable,70.67,34.35,1.26,Needs Replacement
2026-01-18 14:15:00,F0101,Plastic,23.33,45.89,3.51,Damaged
2026-01-18 14:20:00,F0322,Organic,77.26,25.1,2.64,Healthy
2026-01-18 14:25:00,F0791,Organic,77.6,46.19,1.06,Damaged
2026-01-18 14:30:00,F0981,Biodegradable,39.99,49.69,3.36,Healthy
2026-01-18 14:35:00,F0372,Biodegradable,65.06,35.72,5.63,Damaged
2026-01-18 14:40:00,F0033,Biodegradable,46.48,47.78,7.4,Damaged
2026-01-18 14:45:00,F0472,Organic,61.13,61.97,5.92,Damaged
2026-01-18 14:50:00,F0779,Plastic,77.64,21.29,5.56,Needs Replacement
2026-01-18 14:55:00,F0221,Biodegradable,40.05,13.86,7.14,Needs Replacement
2026-01-18 15:00:00,F0710,Plastic,19.21,35.73,1.2,Healthy
2026-01-18 15:05:00,F0012,Biodegradable,47.88,23.58,3.06,Healthy
2026-01-18 15:10:00,F0753,Organic,30.56,49.03,5.52,Healthy
2026-01-18 15:15:00,F0740,Plastic,68.83,41.51,6.54,Healthy
2026-01-18 15:20:00,F0241,Organic,41.18,64.74,2.29,Needs Replacement
2026-01-18 15:25:00,F0103,Biodegradable,30.85,10.86,7.24,Needs Replacement
2026-01-18 15:30:00,F0567,Organic,29.02,20.09,6.33,Healthy
2026-01-18 15:35:00,F0287,Plastic,66.94,50.09,2.1,Needs Replacement
2026-01-18 15:40:00,F0360,Biodegradable,0.73,46.06,4.07,Healthy
2026-01-18 15:45:00,F0067,Organic,11.8,54.15,3.98,Needs Replacement
2026-01-18 15:50:00,F0292,Plastic,98.97,10.48,6.62,Needs Replacement
2026-01-18 15:55:00,F0724,Plastic,49.5,21.54,4.77,Healthy
2026-01-18 16:00:00,F0138,Organic,46.75,29.2,6.82,Needs Replacement
2026-01-18 16:05:00,F0521,Plastic,99.01,51.06,5.37,Needs Replacement
2026-01-18 16:10:00,F0073,Plastic,86.01,50.04,6.75,Damaged
2026-01-18 16:15:00,F0186,Biodegradable,19.96,33.0,5.32,Damaged
2026-01-18 16:20:00,F0179,Plastic,59.36,20.53,5.44,Needs Replacement
2026-01-18 16:25:00,F0960,Organic,38.22,32.9,5.08,Damaged
2026-01-18 16:30:00,F0238,Biodegradable,17.33,20.07,3.43,Needs Replacement
2026-01-18 16:35:00,F0641,Biodegradable,9.33,25.0,6.84,Healthy
2026-01-18 16:40:00,F0237,Organic,60.88,10.97,5.35,Healthy
2026-01-18 16:45:00,F0003,Organic,28.04,47.86,2.04,Needs Replacement
2026-01-18 16:50:00,F0420,Plastic,67.33,40.74,2.31,Healthy
2026-01-18 16:55:00,F0236,Plastic,80.6,50.47,4.77,Needs Replacement
2026-01-18 17:00:00,F0756,Biodegradable,20.87,32.26,7.57,Needs Replacement
2026-01-18 17:05:00,F0520,Organic,43.62,46.74,6.12,Needs Replacement
2026-01-18 17:10:00,F0576,Plastic,81.19,20.54,2.74,Needs Replacement
2026-01-18 17:15:00,F0352,Plastic,94.38,66.68,4.88,Needs Replacement
2026-01-18 17:20:00,F0592,Organic,26.9,30.4,6.83,Healthy
2026-01-18 17:25:00,F0959,Biodegradable,97.41,61.15,5.44,Damaged
2026-01-18 17:30:00,F0944,Organic,98.87,46.53,7.15,Damaged
2026-01-18 17:35:00,F0927,Biodegradable,86.56,24.92,3.99,Needs Replacement
2026-01-18 17:40:00,F0860,Organic,28.34,22.57,5.21,Needs Replacement
2026-01-18 17:45:00,F0563,Biodegradable,32.81,25.52,1.87,Healthy
2026-01-18 17:50:00,F0349,Organic,0.45,55.72,6.59,Healthy
2026-01-18 17:55:00,F0282,Organic,55.05,66.97,2.49,Damaged
2026-01-18 18:00:00,F0529,Organic,72.97,48.7,5.67,Needs Replacement
2026-01-18 18:05:00,F0468,Plastic,45.0,42.33,5.06,Needs Replacement
2026-01-18 18:10:00,F0658,Plastic,70.08,37.45,6.97,Needs Replacement
2026-01-18 18:15:00,F0451,Plastic,58.42,15.1,2.83,Healthy
2026-01-18 18:20:00,F0267,Biodegradable,2.63,55.52,6.59,Needs Replacement
2026-01-18 18:25:00,F0429,Organic,10.26,33.53,6.8,Damaged
2026-01-18 18:30:00,F0746,Biodegradable,32.58,49.16,1.54,Needs Replacement
2026-01-18 18:35:00,F0679,Organic,94.37,51.17,3.69,Needs Replacement
2026-01-18 18:40:00,F0291,Biodegradable,56.3,53.39,2.26,Healthy
2026-01-18 18:45:00,F0446,Biodegradable,96.97,32.08,7.21,Damaged
2026-01-18 18:50:00,F0285,Organic,32.77,62.98,7.95,Healthy
2026-01-18 18:55:00,F0725,Biodegradable,64.57,56.89,3.86,Healthy
2026-01-18 19:00:00,F0730,Biodegradable,48.45,28.65,1.95,Needs Replacement
2026-01-18 19:05:00,F0483,Biodegradable,90.12,57.72,4.04,Damaged
2026-01-18 19:10:00,F0128,Organic,58.78,63.97,6.61,Healthy
2026-01-18 19:15:00,F0699,Plastic,84.45,29.83,7.86,Damaged
2026-01-18 19:20:00,F0763,Plastic,32.37,52.34,4.43,Needs Replacement
2026-01-18 19:25:00,F0074,Biodegradable,87.45,28.05,7.95,Needs Replacement
2026-01-18 19:30:00,F0587,Plastic,76.06,24.96,5.53,Damaged
2026-01-18 19:35:00,F0395,Plastic,40.72,43.56,1.36,Needs Replacement
2026-01-18 19:40:00,F0087,Plastic,51.21,23.24,6.04,Healthy
2026-01-18 19:45:00,F0387,Biodegradable,85.02,18.48,4.84,Needs Replacement
2026-01-18 19:50:00,F0002,Organic,8.41,58.39,5.54,Damaged
2026-01-18 19:55:00,F0890,Biodegradable,92.07,61.58,2.03,Needs Replacement
2026-01-18 20:00:00,F0050,Plastic,45.97,41.45,6.31,Needs Replacement
2026-01-18 20:05:00,F0766,Organic,32.75,18.8,7.62,Healthy
2026-01-18 20:10:00,F0610,Organic,25.37,50.8,2.48,Needs Replacement
2026-01-18 20:15:00,F0736,Plastic,50.87,45.86,6.23,Healthy
2026-01-18 20:20:00,F0201,Plastic,10.5,14.32,7.74,Needs Replacement
2026-01-18 20:25:00,F0863,Biodegradable,43.97,35.3,4.34,Healthy
2026-01-18 20:30:00,F0458,Organic,44.85,23.19,1.87,Needs Replacement
2026-01-18 20:35:00,F0178,Biodegradable,86.64,37.66,7.2,Needs Replacement
2026-01-18 20:40:00,F0456,Biodegradable,89.02,33.29,7.6,Needs Replacement
2026-01-18 20:45:00,F0568,Biodegradable,69.66,40.57,7.31,Needs Replacement
2026-01-18 20:50:00,F0792,Organic,81.37,25.9,4.47,Damaged
2026-01-18 20:55:00,F0293,Biodegradable,27.26,27.21,2.68,Damaged
2026-01-18 21:00:00,F0457,Biodegradable,33.43,45.25,6.94,Needs Replacement
2026-01-18 21:05:00,F0986,Plastic,78.72,62.69,7.08,Needs Replacement
2026-01-18 21:10:00,F0026,Organic,38.93,35.19,4.33,Healthy
2026-01-18 21:15:00,F0364,Plastic,2.25,61.99,3.95,Needs Replacement
2026-01-18 21:20:00,F0078,Organic,59.68,31.04,3.09,Needs Replacement
2026-01-18 21:25:00,F0637,Biodegradable,76.65,49.1,2.46,Healthy
2026-01-18 21:30:00,F0872,Organic,78.88,48.6,1.33,Damaged
2026-01-18 21:35:00,F0744,Biodegradable,3.35,34.54,3.79,Healthy
2026-01-18 21:40:00,F0251,Biodegradable,24.22,27.43,2.84,Needs Replacement
2026-01-18 21:45:00,F0977,Plastic,65.47,35.36,2.72,Healthy
2026-01-18 21:50:00,F0033,Biodegradable,86.49,17.81,3.88,Damaged
2026-01-18 21:55:00,F0981,Plastic,91.54,50.27,1.09,Needs Replacement
2026-01-18 22:00:00,F0081,Plastic,46.64,61.33,4.99,Healthy
2026-01-18 22:05:00,F0772,Biodegradable,73.56,58.9,5.09,Needs Replacement
2026-01-18 22:10:00,F0784,Biodegradable,82.45,14.67,5.2,Damaged
2026-01-18 22:15:00,F0083,Plastic,56.77,54.14,6.83,Damaged
2026-01-18 22:20:00,F0767,Organic,10.18,63.2,4.52,Needs Replacement
2026-01-18 22:25:00,F0482,Organic,40.18,14.59,6.11,Needs Replacement
2026-01-18 22:30:00,F0419,Biodegradable,92.33,40.64,6.35,Needs Replacement
2026-01-18 22:35:00,F0598,Organic,66.89,26.84,4.23,Needs Replacement
2026-01-18 22:40:00,F0561,Plastic,67.12,61.51,6.84,Damaged
2026-01-18 22:45:00,F0378,Organic,61.41,54.42,5.98,Needs Replacement
2026-01-18 22:50:00,F0658,Biodegradable,97.8,45.17,1.12,Healthy
2026-01-18 22:55:00,F0238,Plastic,27.62,19.84,2.63,Damaged
2026-01-18 23:00:00,F0931,Organic,18.05,52.26,4.47,Healthy
2026-01-18 23:05:00,F0639,Biodegradable,31.55,60.29,5.76,Needs Replacement
2026-01-18 23:10:00,F0364,Plastic,17.47,19.33,2.77,Healthy
2026-01-18 23:15:00,F0316,Organic,87.57,41.92,3.63,Needs Replacement
2026-01-18 23:20:00,F0859,Plastic,45.11,24.62,4.86,Needs Replacement
2026-01-18 23:25:00,F0268,Organic,45.38,54.44,3.38,Needs Replacement
2026-01-18 23:30:00,F0336,Biodegradable,86.47,59.66,1.02,Needs Replacement
2026-01-18 23:35:00,F0895,Biodegradable,28.2,11.0,7.28,Healthy
2026-01-18 23:40:00,F0661,Plastic,91.63,23.56,4.53,Needs Replacement
2026-01-18 23:45:00,F0717,Organic,99.21,42.24,6.23,Needs Replacement
2026-01-18 23:50:00,F0310,Plastic,31.01,62.02,4.48,Healthy
2026-01-18 23:55:00,F0518,Biodegradable,9.02,22.21,3.57,Healthy
2026-01-19 00:00:00,F0274,Organic,0.87,31.32,3.62,Needs Replacement
2026-01-19 00:05:00,F0637,Biodegradable,53.45,14.71,2.47,Damaged
2026-01-19 00:10:00,F0564,Biodegradable,36.47,20.07,1.83,Needs Replacement
2026-01-19 00:15:00,F0829,Biodegradable,34.37,47.36,5.34,Damaged
2026-01-19 00:20:00,F0078,Plastic,30.36,63.17,6.56,Damaged
2026-01-19 00:25:00,F0860,Plastic,97.92,29.82,6.65,Needs Replacement
2026-01-19 00:30:00,F0551,Plastic,46.07,55.47,2.24,Healthy
2026-01-19 00:35:00,F0586,Plastic,58.76,28.66,6.34,Damaged
2026-01-19 00:40:00,F0201,Biodegradable,89.15,55.93,6.13,Healthy
2026-01-19 00:45:00,F0131,Biodegradable,81.91,61.97,2.32,Damaged
2026-01-19 00:50:00,F0106,Biodegradable,98.2,20.38,7.4,Damaged
2026-01-19 00:55:00,F0248,Plastic,87.63,44.45,6.21,Damaged
2026-01-19 01:00:00,F0322,Plastic,73.55,16.1,1.44,Needs Replacement
2026-01-19 01:05:00,F0303,Biodegradable,90.46,27.71,7.93,Needs Replacement
2026-01-19 01:10:00,F0657,Organic,8.81,24.97,3.33,Needs Replacement
2026-01-19 01:15:00,F0229,Plastic,19.58,13.24,1.44,Healthy
2026-01-19 01:20:00,F0452,Biodegradable,5.89,28.44,1.07,Healthy
2026-01-19 01:25:00,F0910,Biodegradable,67.17,15.99,1.33,Needs Replacement
2026-01-19 01:30:00,F0321,Organic,36.06,42.94,5.65,Needs Replacement
2026-01-19 01:35:00,F0768,Organic,40.68,60.36,4.03,Needs Replacement
2026-01-19 01:40:00,F0760,Plastic,98.8,28.21,6.48,Damaged
2026-01-19 01:45:00,F0879,Biodegradable,59.1,18.48,7.57,Needs Replacement
2026-01-19 01:50:00,F0085,Biodegradable,34.12,13.3,3.15,Damaged
2026-01-19 01:55:00,F0940,Biodegradable,80.37,11.37,7.8,Damaged
2026-01-19 02:00:00,F0096,Plastic,38.24,48.44,5.83,Healthy
2026-01-19 02:05:00,F0745,Biodegradable,89.52,63.29,6.95,Damaged
2026-01-19 02:10:00,F0758,Plastic,13.24,49.85,1.94,Needs Replacement
2026-01-19 02:15:00,F0129,Plastic,53.55,35.04,4.52,Damaged
2026-01-19 02:20:00,F0654,Organic,8.37,58.63,3.49,Healthy
2026-01-19 02:25:00,F0798,Organic,65.04,32.86,5.33,Healthy
2026-01-19 02:30:00,F0587,Biodegradable,3.05,21.61,2.9,Healthy
2026-01-19 02:35:00,F0143,Biodegradable,74.58,10.67,4.98,Damaged
2026-01-19 02:40:00,F0505,Plastic,63.34,66.22,5.43,Healthy
2026-01-19 02:45:00,F0162,Plastic,55.13,37.35,5.92,Healthy
2026-01-19 02:50:00,F0866,Organic,4.66,48.72,4.24,Damaged
2026-01-19 02:55:00,F0825,Plastic,33.96,39.6,1.9,Damaged
2026-01-19 03:00:00,F0091,Organic,46.31,17.33,5.27,Needs Replacement
2026-01-19 03:05:00,F0694,Biodegradable,18.63,53.03,1.31,Damaged
2026-01-19 03:10:00,F0971,Biodegradable,2.31,65.78,7.39,Needs Replacement
2026-01-19 03:15:00,F0030,Plastic,1.59,32.81,3.02,Healthy
2026-01-19 03:20:00,F0308,Organic,26.21,35.11,3.51,Needs Replacement
2026-01-19 03:25:00,F0622,Organic,45.12,58.28,5.85,Healthy
2026-01-19 03:30:00,F0650,Biodegradable,71.8,11.4,7.09,Damaged
2026-01-19 03:35:00,F0705,Organic,58.44,29.83,3.74,Healthy
2026-01-19 03:40:00,F0862,Organic,3.53,64.03,3.3,Needs Replacement
2026-01-19 03:45:00,F0544,Biodegradable,80.53,23.23,4.91,Damaged
2026-01-19 03:50:00,F0714,Biodegradable,44.28,62.8,3.43,Damaged
2026-01-19 03:55:00,F0982,Plastic,82.96,14.44,3.73,Needs Replacement
2026-01-19 04:00:00,F0606,Plastic,64.72,63.1,1.97,Healthy
2026-01-19 04:05:00,F0570,Organic,99.23,57.96,7.08,Healthy
2026-01-19 04:10:00,F0682,Organic,92.21,38.92,5.12,Healthy
2026-01-19 04:15:00,F0018,Plastic,75.37,46.92,2.5,Needs Replacement
2026-01-19 04:20:00,F0534,Biodegradable,12.13,53.26,2.79,Needs Replacement
2026-01-19 04:25:00,F0584,Organic,72.99,43.61,7.66,Needs Replacement
2026-01-19 04:30:00,F0471,Biodegradable,7.34,52.68,1.85,Damaged
2026-01-19 04:35:00,F0132,Biodegradable,4.78,31.7,3.15,Healthy
2026-01-19 04:40:00,F0419,Organic,58.85,62.96,7.7,Healthy
2026-01-19 04:45:00,F0227,Plastic,63.96,59.2,3.32,Damaged
2026-01-19 04:50:00,F0262,Biodegradable,73.02,39.61,6.65,Damaged
2026-01-19 04:55:00,F0424,Organic,40.4,47.61,6.24,Needs Replacement
2026-01-19 05:00:00,F0377,Biodegradable,68.88,18.95,7.24,Damaged
2026-01-19 05:05:00,F0539,Plastic,53.48,21.13,7.2,Damaged
2026-01-19 05:10:00,F0540,Plastic,53.65,10.1,6.35,Healthy
2026-01-19 05:15:00,F0523,Biodegradable,24.55,22.58,4.06,Needs Replacement
2026-01-19 05:20:00,F0852,Organic,42.71,53.65,5.77,Needs Replacement
2026-01-19 05:25:00,F0626,Organic,90.66,48.35,4.52,Needs Replacement
2026-01-19 05:30:00,F0276,Biodegradable,32.39,43.1,4.36,Needs Replacement
2026-01-19 05:35:00,F0151,Plastic,57.45,59.86,4.32,Healthy
2026-01-19 05:40:00,F0331,Organic,35.74,22.04,7.56,Damaged
2026-01-19 05:45:00,F0946,Biodegradable,78.73,29.79,5.4,Damaged
2026-01-19 05:50:00,F0989,Organic,62.27,26.47,5.96,Healthy
2026-01-19 05:55:00,F0995,Biodegradable,96.7,13.86,5.45,Needs Replacement
2026-01-19 06:00:00,F0455,Organic,68.39,68.97,2.1,Healthy
2026-01-19 06:05:00,F0634,Organic,83.9,49.11,6.53,Needs Replacement
2026-01-19 06:10:00,F0365,Organic,25.72,23.44,5.29,Healthy
2026-01-19 06:15:00,F0909,Plastic,76.75,56.72,4.05,Damaged
2026-01-19 06:20:00,F0958,Biodegradable,40.33,41.76,3.99,Healthy
2026-01-19 06:25:00,F0360,Biodegradable,91.35,12.99,7.69,Damaged
2026-01-19 06:30:00,F0804,Plastic,81.82,13.66,1.77,Healthy
2026-01-19 06:35:00,F0668,Biodegradable,8.59,54.18,5.03,Healthy
2026-01-19 06:40:00,F0288,Biodegradable,17.26,26.85,1.88,Damaged
2026-01-19 06:45:00,F0492,Organic,21.5,56.34,5.2,Needs Replacement
2026-01-19 06:50:00,F0261,Organic,55.33,44.06,4.64,Damaged
2026-01-19 06:55:00,F0896,Biodegradable,69.42,67.3,6.63,Healthy
2026-01-19 07:00:00,F0308,Biodegradable,27.46,57.62,2.38,Healthy
2026-01-19 07:05:00,F0450,Biodegradable,7.2,61.26,7.09,Healthy
2026-01-19 07:10:00,F0765,Organic,37.47,62.87,3.79,Healthy
2026-01-19 07:15:00,F0902,Plastic,92.85,29.58,2.91,Needs Replacement
2026-01-19 07:20:00,F0630,Organic,24.5,19.25,3.75,Needs Replacement
2026-01-19 07:25:00,F0413,Biodegradable,85.58,65.88,6.77,Damaged
2026-01-19 07:30:00,F0768,Plastic,13.78,18.16,5.4,Needs Replacement
2026-01-19 07:35:00,F0588,Plastic,92.52,61.15,3.09,Healthy
2026-01-19 07:40:00,F0358,Organic,59.93,19.19,4.72,Needs Replacement
2026-01-19 07:45:00,F0514,Organic,73.89,65.53,2.07,Damaged
2026-01-19 07:50:00,F0973,Organic,4.26,68.87,7.16,Needs Replacement
2026-01-19 07:55:00,F0673,Plastic,72.27,60.99,5.54,Damaged
2026-01-19 08:00:00,F0349,Organic,24.59,11.18,4.48,Damaged
2026-01-19 08:05:00,F0427,Organic,13.88,64.85,3.7,Healthy
2026-01-19 08:10:00,F0525,Organic,94.24,32.25,4.34,Needs Replacement
2026-01-19 08:15:00,F0796,Plastic,74.84,10.15,4.93,Needs Replacement
2026-01-19 08:20:00,F0577,Biodegradable,83.01,14.93,6.47,Damaged
2026-01-19 08:25:00,F0495,Organic,93.82,46.43,1.45,Needs Replacement
2026-01-19 08:30:00,F0307,Plastic,6.85,44.36,5.82,Needs Replacement
2026-01-19 08:35:00,F0103,Organic,60.4,19.91,2.44,Needs Replacement
2026-01-19 08:40:00,F0779,Plastic,61.99,20.67,6.32,Damaged
2026-01-19 08:45:00,F0279,Organic,78.06,30.18,4.99,Needs Replacement
2026-01-19 08:50:00,F0920,Plastic,43.44,32.75,3.23,Needs Replacement
2026-01-19 08:55:00,F0270,Biodegradable,1.87,29.57,6.08,Damaged
2026-01-19 09:00:00,F0785,Organic,21.02,60.12,2.56,Damaged
2026-01-19 09:05:00,F0421,Biodegradable,47.08,39.56,3.35,Healthy
2026-01-19 09:10:00,F0273,Biodegradable,95.07,53.56,6.81,Healthy
2026-01-19 09:15:00,F0306,Plastic,48.69,66.8,5.86,Needs Replacement
2026-01-19 09:20:00,F0053,Biodegradable,21.05,45.62,4.27,Healthy
2026-01-19 09:25:00,F0474,Organic,10.98,66.98,5.5,Healthy
2026-01-19 09:30:00,F0680,Plastic,76.65,46.87,2.84,Damaged
2026-01-19 09:35:00,F0361,Organic,26.24,42.19,1.93,Needs Replacement
2026-01-19 09:40:00,F0229,Organic,96.19,30.21,2.78,Needs Replacement
2026-01-19 09:45:00,F0098,Organic,64.82,53.87,4.41,Damaged
2026-01-19 09:50:00,F0635,Biodegradable,32.88,48.92,4.27,Needs Replacement
2026-01-19 09:55:00,F0990,Organic,15.16,61.64,4.75,Needs Replacement
2026-01-19 10:00:00,F0597,Organic,55.27,60.04,5.72,Needs Replacement
2026-01-19 10:05:00,F0951,Biodegradable,74.68,28.08,4.41,Healthy
2026-01-19 10:10:00,F0920,Biodegradable,65.36,34.15,2.09,Needs Replacement
2026-01-19 10:15:00,F0172,Plastic,62.81,17.05,2.35,Healthy
2026-01-19 10:20:00,F0310,Organic,74.17,49.31,7.74,Healthy
2026-01-19 10:25:00,F0827,Biodegradable,30.06,37.9,2.76,Needs Replacement
2026-01-19 10:30:00,F0505,Biodegradable,63.36,15.76,6.11,Damaged
2026-01-19 10:35:00,F0252,Organic,48.91,58.56,6.74,Healthy
2026-01-19 10:40:00,F0043,Biodegradable,55.6,52.82,5.0,Damaged
2026-01-19 10:45:00,F0785,Organic,21.68,66.33,3.61,Healthy
2026-01-19 10:50:00,F0398,Plastic,12.27,11.52,5.26,Healthy
2026-01-19 10:55:00,F0675,Plastic,7.78,30.88,5.74,Healthy
2026-01-19 11:00:00,F0587,Biodegradable,43.83,12.12,3.68,Needs Replacement
2026-01-19 11:05:00,F0612,Plastic,57.46,39.33,4.03,Damaged
2026-01-19 11:10:00,F0721,Plastic,31.26,50.79,3.79,Healthy
2026-01-19 11:15:00,F0243,Biodegradable,74.93,31.91,6.67,Damaged
2026-01-19 11:20:00,F0412,Biodegradable,77.07,65.4,3.97,Healthy
2026-01-19 11:25:00,F0246,Organic,35.29,21.88,4.0,Damaged
2026-01-19 11:30:00,F0047,Organic,79.56,52.19,5.16,Healthy
2026-01-19 11:35:00,F0277,Plastic,45.45,17.97,4.77,Healthy
2026-01-19 11:40:00,F0199,Biodegradable,23.05,30.72,1.75,Healthy
2026-01-19 11:45:00,F0933,Organic,7.44,21.37,5.23,Healthy
2026-01-19 11:50:00,F0443,Organic,49.25,28.59,5.3,Damaged
2026-01-19 11:55:00,F0745,Biodegradable,92.29,28.82,5.99,Needs Replacement
2026-01-19 12:00:00,F0712,Organic,44.16,59.21,1.44,Damaged
2026-01-19 12:05:00,F0997,Biodegradable,96.33,21.76,6.37,Healthy
2026-01-19 12:10:00,F0234,Organic,66.42,64.85,5.71,Damaged
2026-01-19 12:15:00,F0400,Plastic,43.7,31.89,6.7,Damaged
2026-01-19 12:20:00,F0686,Organic,17.41,60.99,2.27,Healthy
2026-01-19 12:25:00,F0271,Biodegradable,89.69,38.25,5.14,Healthy
2026-01-19 12:30:00,F0400,Organic,14.15,40.39,6.35,Damaged
2026-01-19 12:35:00,F0980,Plastic,10.37,58.61,5.71,Healthy
2026-01-19 12:40:00,F0888,Plastic,7.56,47.6,2.16,Needs Replacement
2026-01-19 12:45:00,F0658,Biodegradable,8.26,16.49,4.42,Damaged
2026-01-19 12:50:00,F0634,Organic,80.6,18.8,3.33,Needs Replacement
2026-01-19 12:55:00,F0271,Biodegradable,97.67,55.53,4.16,Damaged
2026-01-19 13:00:00,F0186,Organic,27.28,64.88,5.9,Damaged
2026-01-19 13:05:00,F0113,Biodegradable,81.9,26.81,7.47,Healthy
2026-01-19 13:10:00,F0783,Biodegradable,79.73,51.25,5.66,Needs Replacement
2026-01-19 13:15:00,F0524,Plastic,8.53,32.92,4.15,Damaged
2026-01-19 13:20:00,F0664,Biodegradable,33.81,13.48,4.87,Damaged
2026-01-19 13:25:00,F0975,Biodegradable,10.03,45.59,4.11,Needs Replacement
2026-01-19 13:30:00,F0920,Organic,51.3,56.82,4.76,Needs Replacement
2026-01-19 13:35:00,F0170,Plastic,93.91,25.61,5.7,Healthy
2026-01-19 13:40:00,F0332,Organic,26.1,41.33,2.39,Healthy
2026-01-19 13:45:00,F0555,Plastic,89.94,16.68,4.1,Needs Replacement
2026-01-19 13:50:00,F0797,Organic,1.14,10.1,4.37,Needs Replacement
2026-01-19 13:55:00,F0011,Organic,46.87,38.97,6.13,Damaged
2026-01-19 14:00:00,F0243,Organic,66.5,36.13,7.8,Needs Replacement
2026-01-19 14:05:00,F0432,Biodegradable,14.44,46.22,1.02,Needs Replacement
2026-01-19 14:10:00,F0982,Plastic,68.9,13.94,3.91,Needs Replacement
2026-01-19 14:15:00,F0529,Organic,14.73,26.92,4.66,Damaged
2026-01-19 14:20:00,F0834,Biodegradable,4.93,27.99,4.51,Healthy
2026-01-19 14:25:00,F0397,Organic,4.47,63.16,5.7,Damaged
2026-01-19 14:30:00,F0479,Organic,32.85,34.04,5.3,Healthy
2026-01-19 14:35:00,F0736,Biodegradable,58.88,15.0,1.26,Healthy
2026-01-19 14:40:00,F0257,Biodegradable,60.92,11.23,6.49,Healthy
2026-01-19 14:45:00,F0661,Plastic,96.53,53.16,6.25,Healthy
2026-01-19 14:50:00,F0118,Biodegradable,29.84,30.18,5.63,Damaged
2026-01-19 14:55:00,F0756,Organic,45.06,13.18,4.87,Damaged
2026-01-19 15:00:00,F0146,Biodegradable,57.39,21.27,7.95,Needs Replacement
2026-01-19 15:05:00,F0121,Organic,46.45,10.65,2.94,Healthy
2026-01-19 15:10:00,F0747,Plastic,6.7,24.94,7.31,Needs Replacement
2026-01-19 15:15:00,F0179,Plastic,95.26,34.09,1.02,Needs Replacement
2026-01-19 15:20:00,F0725,Biodegradable,57.14,65.75,1.18,Needs Replacement
2026-01-19 15:25:00,F0886,Biodegradable,36.68,26.58,1.07,Healthy
2026-01-19 15:30:00,F0775,Biodegradable,19.9,69.62,4.82,Needs Replacement
2026-01-19 15:35:00,F0005,Organic,19.21,60.35,5.47,Needs Replacement
2026-01-19 15:40:00,F0087,Organic,44.86,63.12,3.28,Needs Replacement
2026-01-19 15:45:00,F0791,Biodegradable,33.81,25.22,5.02,Damaged
2026-01-19 15:50:00,F0084,Organic,34.52,11.56,2.14,Healthy
2026-01-19 15:55:00,F0557,Plastic,90.73,55.91,2.05,Healthy
2026-01-19 16:00:00,F0651,Biodegradable,8.68,29.83,4.59,Damaged
2026-01-19 16:05:00,F0348,Biodegradable,48.22,44.69,7.52,Needs Replacement
2026-01-19 16:10:00,F0498,Biodegradable,10.0,65.74,1.57,Healthy
2026-01-19 16:15:00,F0930,Plastic,19.22,30.72,4.5,Damaged
2026-01-19 16:20:00,F0716,Organic,30.35,17.77,7.37,Healthy
2026-01-19 16:25:00,F0829,Plastic,33.0,67.79,2.77,Damaged
2026-01-19 16:30:00,F0459,Organic,63.12,45.44,2.46,Damaged
2026-01-19 16:35:00,F0853,Organic,25.89,55.36,4.17,Needs Replacement
2026-01-19 16:40:00,F0010,Organic,46.48,50.03,7.0,Needs Replacement
2026-01-19 16:45:00,F0864,Biodegradable,22.44,29.48,7.68,Damaged
2026-01-19 16:50:00,F0863,Plastic,79.9,37.3,5.45,Healthy
2026-01-19 16:55:00,F0234,Plastic,63.91,38.35,2.65,Healthy
2026-01-19 17:00:00,F0740,Biodegradable,26.42,57.47,6.24,Needs Replacement
2026-01-19 17:05:00,F0271,Organic,33.33,55.3,4.5,Healthy
2026-01-19 17:10:00,F0547,Plastic,77.95,28.13,2.97,Damaged
2026-01-19 17:15:00,F0822,Plastic,30.35,62.39,4.07,Healthy
2026-01-19 17:20:00,F0878,Organic,54.14,69.45,3.71,Needs Replacement
2026-01-19 17:25:00,F0870,Biodegradable,16.22,13.09,5.16,Needs Replacement
2026-01-19 17:30:00,F0489,Organic,81.76,53.09,3.09,Healthy
2026-01-19 17:35:00,F0590,Organic,10.52,13.07,7.67,Needs Replacement
2026-01-19 17:40:00,F0762,Organic,30.67,36.97,3.03,Needs Replacement
2026-01-19 17:45:00,F0467,Plastic,34.14,18.99,4.96,Healthy
2026-01-19 17:50:00,F0346,Organic,38.74,44.6,3.07,Damaged
2026-01-19 17:55:00,F0520,Organic,2.47,22.19,1.07,Damaged
2026-01-19 18:00:00,F0012,Organic,38.02,61.5,6.19,Needs Replacement
2026-01-19 18:05:00,F0887,Biodegradable,72.36,53.73,2.27,Damaged
2026-01-19 18:10:00,F0954,Organic,86.29,14.06,4.64,Damaged
2026-01-19 18:15:00,F0905,Organic,47.64,47.49,7.04,Needs Replacement
2026-01-19 18:20:00,F0670,Plastic,43.9,32.48,1.29,Damaged
2026-01-19 18:25:00,F0229,Organic,56.5,59.52,2.01,Needs Replacement
2026-01-19 18:30:00,F0945,Organic,58.93,62.76,6.66,Healthy
2026-01-19 18:35:00,F0778,Plastic,67.01,15.12,7.62,Needs Replacement
2026-01-19 18:40:00,F0192,Biodegradable,12.32,43.23,3.94,Healthy
2026-01-19 18:45:00,F0172,Organic,40.69,68.01,5.57,Healthy
2026-01-19 18:50:00,F0248,Plastic,16.4,21.56,7.59,Healthy
2026-01-19 18:55:00,F0287,Organic,21.57,45.36,2.61,Healthy
2026-01-19 19:00:00,F0855,Organic,78.75,58.86,7.23,Damaged
2026-01-19 19:05:00,F0940,Plastic,98.49,25.52,2.59,Needs Replacement
2026-01-19 19:10:00,F0449,Biodegradable,61.2,49.26,2.34,Needs Replacement
2026-01-19 19:15:00,F0140,Biodegradable,32.31,18.43,3.14,Needs Replacement
2026-01-19 19:20:00,F0805,Organic,24.24,52.92,1.34,Needs Replacement
2026-01-19 19:25:00,F0295,Biodegradable,25.38,63.15,4.89,Needs Replacement
2026-01-19 19:30:00,F0985,Biodegradable,77.99,30.44,1.75,Damaged
2026-01-19 19:35:00,F0263,Plastic,75.34,57.97,6.48,Needs Replacement
2026-01-19 19:40:00,F0822,Plastic,35.01,28.66,2.0,Needs Replacement
2026-01-19 19:45:00,F0310,Plastic,24.76,36.64,6.32,Needs Replacement
2026-01-19 19:50:00,F0995,Organic,33.3,11.79,4.9,Damaged
2026-01-19 19:55:00,F0029,Biodegradable,53.0,67.64,4.81,Healthy
2026-01-19 20:00:00,F0173,Plastic,4.2,53.33,7.66,Healthy
2026-01-19 20:05:00,F0921,Plastic,88.77,65.02,1.24,Damaged
2026-01-19 20:10:00,F0988,Organic,96.88,64.21,4.92,Healthy
2026-01-19 20:15:00,F0553,Organic,95.14,56.54,5.63,Damaged
2026-01-19 20:20:00,F0532,Organic,52.45,39.04,7.44,Healthy
2026-01-19 20:25:00,F0162,Organic,82.64,51.98,2.76,Damaged
2026-01-19 20:30:00,F0116,Organic,36.23,34.52,5.03,Damaged
2026-01-19 20:35:00,F0009,Plastic,57.74,28.58,1.8,Healthy
2026-01-19 20:40:00,F0483,Plastic,76.02,42.51,4.55,Healthy
2026-01-19 20:45:00,F0500,Organic,32.42,52.1,2.25,Needs Replacement
2026-01-19 20:50:00,F0698,Plastic,68.48,19.0,1.15,Damaged
2026-01-19 20:55:00,F0909,Organic,70.33,55.13,1.58,Needs Replacement
2026-01-19 21:00:00,F0283,Biodegradable,29.76,66.83,1.47,Needs Replacement
2026-01-19 21:05:00,F0057,Organic,61.95,49.51,5.87,Needs Replacement
2026-01-19 21:10:00,F0758,Plastic,41.51,62.47,3.24,Healthy
2026-01-19 21:15:00,F0459,Organic,35.55,34.35,5.76,Needs Replacement
2026-01-19 21:20:00,F0408,Plastic,17.08,13.05,7.07,Needs Replacement
2026-01-19 21:25:00,F0556,Plastic,53.46,56.02,3.05,Healthy
2026-01-19 21:30:00,F0506,Plastic,1.34,68.06,4.55,Healthy
2026-01-19 21:35:00,F0660,Plastic,68.88,22.97,4.74,Needs Replacement
2026-01-19 21:40:00,F0457,Biodegradable,4.9,15.28,2.82,Healthy
2026-01-19 21:45:00,F0760,Biodegradable,22.91,34.08,1.53,Damaged
2026-01-19 21:50:00,F0472,Plastic,34.22,52.22,5.35,Healthy
2026-01-19 21:55:00,F0509,Biodegradable,36.5,53.34,4.96,Needs Replacement
2026-01-19 22:00:00,F0076,Biodegradable,66.93,11.66,1.9,Healthy
2026-01-19 22:05:00,F0742,Biodegradable,4.62,60.9,2.08,Needs Replacement
2026-01-19 22:10:00,F0579,Organic,12.63,23.61,2.05,Healthy
2026-01-19 22:15:00,F0773,Organic,83.13,44.52,6.96,Damaged
2026-01-19 22:20:00,F0352,Biodegradable,34.05,19.69,7.37,Damaged
2026-01-19 22:25:00,F0080,Organic,90.86,64.87,6.67,Healthy
2026-01-19 22:30:00,F0616,Plastic,80.21,48.76,1.58,Healthy
2026-01-19 22:35:00,F0471,Organic,90.4,38.0,6.81,Damaged
2026-01-19 22:40:00,F0937,Plastic,85.92,69.7,7.74,Needs Replacement
2026-01-19 22:45:00,F0422,Plastic,56.13,38.06,2.67,Needs Replacement
2026-01-19 22:50:00,F0559,Plastic,13.03,46.08,4.62,Damaged
2026-01-19 22:55:00,F0992,Organic,7.01,28.02,5.03,Damaged
2026-01-19 23:00:00,F0726,Organic,44.95,55.58,5.52,Needs Replacement
2026-01-19 23:05:00,F0651,Organic,17.19,55.09,3.08,Healthy
2026-01-19 23:10:00,F0919,Organic,62.97,30.56,3.13,Damaged
2026-01-19 23:15:00,F0371,Organic,49.54,46.22,7.07,Healthy
2026-01-19 23:20:00,F0315,Plastic,33.76,34.37,5.98,Damaged
2026-01-19 23:25:00,F0629,Biodegradable,86.65,48.86,6.84,Healthy
2026-01-19 23:30:00,F0663,Plastic,76.29,23.58,7.5,Damaged
2026-01-19 23:35:00,F0429,Plastic,29.68,27.58,5.07,Damaged
2026-01-19 23:40:00,F0616,Plastic,3.06,12.99,3.01,Needs Replacement
2026-01-19 23:45:00,F0131,Organic,69.9,38.98,4.35,Healthy
2026-01-19 23:50:00,F0854,Plastic,40.55,51.67,7.78,Healthy
2026-01-19 23:55:00,F0227,Organic,36.6,45.63,7.46,Damaged
2026-01-20 00:00:00,F0981,Organic,23.09,45.73,1.59,Damaged
2026-01-20 00:05:00,F0152,Organic,97.45,64.74,5.75,Healthy
2026-01-20 00:10:00,F0189,Plastic,10.87,52.64,6.26,Needs Replacement
2026-01-20 00:15:00,F0888,Organic,31.07,13.95,4.44,Needs Replacement
2026-01-20 00:20:00,F0650,Plastic,57.16,57.28,7.15,Damaged
2026-01-20 00:25:00,F0223,Organic,26.59,65.1,6.58,Damaged
2026-01-20 00:30:00,F0314,Plastic,52.75,54.22,4.14,Healthy
2026-01-20 00:35:00,F0986,Biodegradable,57.52,48.24,6.84,Needs Replacement
2026-01-20 00:40:00,F0493,Organic,61.65,51.06,7.38,Healthy
2026-01-20 00:45:00,F0809,Plastic,98.29,24.95,5.17,Healthy
2026-01-20 00:50:00,F0477,Biodegradable,43.13,64.77,6.19,Healthy
2026-01-20 00:55:00,F0147,Biodegradable,40.27,10.64,6.04,Damaged
2026-01-20 01:00:00,F0057,Organic,1.59,12.28,7.8,Needs Replacement
2026-01-20 01:05:00,F0661,Organic,84.24,34.39,7.05,Needs Replacement
2026-01-20 01:10:00,F0756,Biodegradable,14.56,40.19,2.75,Needs Replacement
2026-01-20 01:15:00,F0944,Organic,31.81,49.52,1.37,Healthy
2026-01-20 01:20:00,F0614,Plastic,64.13,17.5,5.33,Damaged
2026-01-20 01:25:00,F0974,Organic,70.53,13.67,4.03,Needs Replacement
2026-01-20 01:30:00,F0979,Plastic,94.61,23.48,2.38,Damaged
2026-01-20 01:35:00,F0875,Plastic,57.46,45.25,2.94,Damaged
2026-01-20 01:40:00,F0706,Organic,77.79,45.4,2.28,Healthy
2026-01-20 01:45:00,F0468,Plastic,51.34,43.48,2.56,Healthy
2026-01-20 01:50:00,F0227,Plastic,82.72,59.56,1.69,Healthy
2026-01-20 01:55:00,F0645,Biodegradable,93.43,23.95,3.38,Healthy
2026-01-20 02:00:00,F0104,Plastic,5.05,69.15,3.96,Healthy
2026-01-20 02:05:00,F0649,Biodegradable,29.31,38.54,2.77,Damaged
2026-01-20 02:10:00,F0057,Plastic,37.43,52.87,4.21,Healthy
2026-01-20 02:15:00,F0050,Plastic,34.68,29.45,1.51,Healthy
2026-01-20 02:20:00,F0500,Biodegradable,82.15,29.6,6.73,Healthy
2026-01-20 02:25:00,F0511,Plastic,36.56,31.39,4.74,Damaged
2026-01-20 02:30:00,F0054,Organic,95.6,26.01,7.98,Healthy
2026-01-20 02:35:00,F0307,Organic,15.23,48.86,5.81,Needs Replacement
2026-01-20 02:40:00,F0381,Organic,30.55,14.72,5.34,Healthy
2026-01-20 02:45:00,F0037,Organic,13.16,23.95,6.61,Damaged
2026-01-20 02:50:00,F0751,Organic,7.54,15.47,2.75,Healthy
2026-01-20 02:55:00,F0318,Biodegradable,34.93,54.58,6.1,Needs Replacement
2026-01-20 03:00:00,F0896,Organic,93.16,68.45,5.32,Healthy
2026-01-20 03:05:00,F0367,Organic,33.32,39.83,6.3,Healthy
2026-01-20 03:10:00,F0178,Biodegradable,89.41,33.54,6.58,Damaged
2026-01-20 03:15:00,F0018,Organic,64.96,68.84,3.87,Healthy
2026-01-20 03:20:00,F0688,Biodegradable,74.5,18.05,6.96,Damaged
2026-01-20 03:25:00,F0244,Organic,65.71,63.51,6.01,Healthy
2026-01-20 03:30:00,F0963,Plastic,0.93,56.75,4.21,Needs Replacement
2026-01-20 03:35:00,F0576,Biodegradable,4.15,19.23,3.2,Needs Replacement
2026-01-20 03:40:00,F0610,Organic,50.1,31.51,5.56,Needs Replacement
2026-01-20 03:45:00,F0710,Organic,87.73,28.36,5.8,Healthy
2026-01-20 03:50:00,F0608,Plastic,91.29,40.31,6.22,Healthy
2026-01-20 03:55:00,F0428,Biodegradable,4.41,64.99,6.36,Healthy
2026-01-20 04:00:00,F0498,Biodegradable,84.96,53.96,5.2,Damaged
2026-01-20 04:05:00,F0040,Organic,50.08,15.89,5.16,Needs Replacement
2026-01-20 04:10:00,F0536,Plastic,65.64,33.15,2.7,Needs Replacement
2026-01-20 04:15:00,F0361,Plastic,96.69,38.39,4.75,Damaged
2026-01-20 04:20:00,F0611,Plastic,81.73,31.19,3.94,Needs Replacement
2026-01-20 04:25:00,F0410,Biodegradable,62.77,49.65,3.67,Damaged
2026-01-20 04:30:00,F0036,Plastic,75.87,32.81,2.23,Needs Replacement
2026-01-20 04:35:00,F0002,Biodegradable,94.92,52.87,2.1,Damaged
2026-01-20 04:40:00,F0886,Organic,98.35,16.74,5.68,Needs Replacement
2026-01-20 04:45:00,F0431,Organic,15.43,21.59,2.48,Healthy
2026-01-20 04:50:00,F0800,Plastic,46.61,23.4,6.07,Damaged
2026-01-20 04:55:00,F0976,Biodegradable,22.19,56.12,5.23,Damaged
2026-01-20 05:00:00,F0657,Organic,58.4,69.32,3.6,Needs Replacement
2026-01-20 05:05:00,F0473,Plastic,97.69,46.45,2.43,Needs Replacement
2026-01-20 05:10:00,F0446,Organic,38.75,25.81,1.25,Damaged
2026-01-20 05:15:00,F0890,Biodegradable,51.51,35.07,3.61,Needs Replacement
2026-01-20 05:20:00,F0312,Organic,76.29,63.59,1.59,Needs Replacement
2026-01-20 05:25:00,F0841,Organic,4.54,50.13,6.57,Healthy
2026-01-20 05:30:00,F0516,Plastic,99.69,24.94,6.25,Damaged
2026-01-20 05:35:00,F0017,Biodegradable,65.58,22.57,7.52,Healthy
2026-01-20 05:40:00,F0439,Organic,13.47,41.76,7.73,Healthy
2026-01-20 05:45:00,F0814,Plastic,24.02,38.18,4.34,Healthy
2026-01-20 05:50:00,F0571,Organic,67.7,15.97,4.47,Healthy
2026-01-20 05:55:00,F0381,Organic,59.19,19.65,3.91,Damaged
2026-01-20 06:00:00,F0148,Organic,48.05,19.22,6.96,Damaged
2026-01-20 06:05:00,F0298,Organic,5.76,67.24,7.69,Needs Replacement
2026-01-20 06:10:00,F0605,Plastic,2.38,13.47,3.39,Damaged
2026-01-20 06:15:00,F0601,Biodegradable,99.35,53.2,5.66,Healthy
2026-01-20 06:20:00,F0243,Biodegradable,56.8,39.76,5.42,Damaged
2026-01-20 06:25:00,F0220,Plastic,47.83,28.59,1.68,Healthy
2026-01-20 06:30:00,F0226,Biodegradable,79.83,56.32,2.74,Healthy
2026-01-20 06:35:00,F0321,Plastic,2.75,44.82,3.04,Damaged
2026-01-20 06:40:00,F0504,Biodegradable,30.72,66.21,7.9,Damaged
2026-01-20 06:45:00,F0985,Biodegradable,27.8,36.26,4.98,Needs Replacement
2026-01-20 06:50:00,F0157,Biodegradable,31.41,26.29,6.28,Damaged
2026-01-20 06:55:00,F0621,Organic,49.65,21.68,1.7,Healthy
2026-01-20 07:00:00,F0648,Organic,14.53,19.31,6.45,Healthy
2026-01-20 07:05:00,F0230,Organic,0.42,17.64,1.26,Healthy
2026-01-20 07:10:00,F0869,Plastic,37.23,54.61,4.16,Healthy
2026-01-20 07:15:00,F0755,Plastic,35.94,49.56,4.63,Needs Replacement
2026-01-20 07:20:00,F0791,Biodegradable,10.23,40.99,5.4,Healthy
2026-01-20 07:25:00,F0727,Biodegradable,33.68,34.77,4.02,Healthy
2026-01-20 07:30:00,F0540,Biodegradable,84.98,23.05,1.89,Needs Replacement
2026-01-20 07:35:00,F0598,Biodegradable,77.13,39.15,5.3,Needs Replacement
2026-01-20 07:40:00,F0486,Organic,79.97,34.98,3.28,Damaged
2026-01-20 07:45:00,F0879,Organic,32.3,43.1,6.68,Needs Replacement
2026-01-20 07:50:00,F0266,Biodegradable,30.29,10.89,2.12,Damaged
2026-01-20 07:55:00,F0196,Biodegradable,14.92,42.2,6.85,Healthy
2026-01-20 08:00:00,F0308,Organic,24.43,37.69,4.23,Healthy
2026-01-20 08:05:00,F0113,Biodegradable,22.64,14.42,6.85,Healthy
2026-01-20 08:10:00,F0602,Plastic,69.55,32.82,3.66,Needs Replacement
2026-01-20 08:15:00,F0588,Organic,78.8,46.26,2.74,Healthy
2026-01-20 08:20:00,F0802,Plastic,38.32,11.47,4.18,Damaged
2026-01-20 08:25:00,F0835,Biodegradable,56.79,54.66,6.82,Damaged
2026-01-20 08:30:00,F0980,Biodegradable,12.52,28.92,7.64,Damaged
2026-01-20 08:35:00,F0420,Biodegradable,59.92,63.3,6.08,Damaged
2026-01-20 08:40:00,F0047,Plastic,66.91,22.69,1.44,Needs Replacement
2026-01-20 08:45:00,F0529,Plastic,7.85,15.59,6.29,Healthy
2026-01-20 08:50:00,F0107,Organic,94.39,69.97,4.94,Healthy
2026-01-20 08:55:00,F0721,Plastic,94.88,30.51,1.6,Healthy
2026-01-20 09:00:00,F0685,Plastic,31.49,16.95,7.12,Needs Replacement
2026-01-20 09:05:00,F0002,Biodegradable,31.18,12.31,3.53,Damaged
2026-01-20 09:10:00,F0396,Organic,27.49,12.87,8.0,Healthy
2026-01-20 09:15:00,F0218,Plastic,29.59,59.05,4.21,Healthy
2026-01-20 09:20:00,F0782,Organic,19.79,25.76,6.65,Needs Replacement
2026-01-20 09:25:00,F0469,Organic,31.47,17.51,6.35,Damaged
2026-01-20 09:30:00,F0466,Biodegradable,97.67,45.98,6.53,Needs Replacement
2026-01-20 09:35:00,F0461,Organic,2.73,22.89,7.95,Needs Replacement
2026-01-20 09:40:00,F0538,Organic,61.82,44.84,7.45,Healthy
2026-01-20 09:45:00,F0726,Plastic,60.43,23.78,5.26,Needs Replacement
2026-01-20 09:50:00,F0191,Biodegradable,74.78,69.93,3.02,Needs Replacement
2026-01-20 09:55:00,F0018,Plastic,96.35,14.25,6.83,Healthy
2026-01-20 10:00:00,F0963,Plastic,42.66,58.54,3.45,Damaged
2026-01-20 10:05:00,F0971,Organic,64.59,12.73,4.42,Healthy
2026-01-20 10:10:00,F0547,Biodegradable,8.76,60.19,1.57,Needs Replacement
2026-01-20 10:15:00,F0170,Organic,64.4,27.72,6.51,Healthy
2026-01-20 10:20:00,F0063,Organic,39.62,33.31,3.02,Needs Replacement
2026-01-20 10:25:00,F0308,Biodegradable,29.06,41.26,4.25,Needs Replacement
2026-01-20 10:30:00,F0606,Organic,77.49,48.17,6.71,Damaged
2026-01-20 10:35:00,F0666,Plastic,25.23,14.16,1.08,Needs Replacement
2026-01-20 10:40:00,F0914,Organic,80.81,11.52,1.37,Needs Replacement
2026-01-20 10:45:00,F0979,Plastic,0.39,14.31,4.4,Damaged
2026-01-20 10:50:00,F0203,Plastic,48.05,44.45,3.17,Healthy
2026-01-20 10:55:00,F0076,Organic,44.42,16.2,7.52,Healthy
2026-01-20 11:00:00,F0038,Organic,57.37,55.53,6.83,Damaged
2026-01-20 11:05:00,F0301,Plastic,2.36,65.31,2.88,Needs Replacement
2026-01-20 11:10:00,F0233,Plastic,33.42,45.52,4.13,Healthy
2026-01-20 11:15:00,F0748,Organic,66.56,41.14,5.65,Damaged
2026-01-20 11:20:00,F0582,Plastic,92.56,32.44,2.13,Needs Replacement
2026-01-20 11:25:00,F0240,Organic,77.62,11.59,2.48,Healthy
2026-01-20 11:30:00,F0319,Biodegradable,90.69,62.59,6.3,Damaged
2026-01-20 11:35:00,F0414,Organic,79.7,45.02,3.69,Healthy
2026-01-20 11:40:00,F0629,Organic,71.93,53.06,7.7,Damaged
2026-01-20 11:45:00,F0222,Biodegradable,83.15,24.12,7.96,Needs Replacement
2026-01-20 11:50:00,F0519,Organic,76.33,51.67,2.08,Damaged
2026-01-20 11:55:00,F0765,Biodegradable,72.28,65.75,2.37,Needs Replacement
2026-01-20 12:00:00,F0678,Plastic,84.58,32.57,3.31,Damaged
2026-01-20 12:05:00,F0567,Organic,15.34,38.75,6.68,Damaged
2026-01-20 12:10:00,F0982,Plastic,9.25,52.08,7.94,Needs Replacement
2026-01-20 12:15:00,F0494,Biodegradable,57.65,57.46,7.26,Needs Replacement
2026-01-20 12:20:00,F0373,Biodegradable,44.03,12.0,1.04,Damaged
2026-01-20 12:25:00,F0474,Biodegradable,10.13,62.36,6.77,Healthy
2026-01-20 12:30:00,F0348,Plastic,11.84,53.03,3.72,Needs Replacement
2026-01-20 12:35:00,F0957,Organic,69.75,45.25,5.29,Needs Replacement
2026-01-20 12:40:00,F0548,Biodegradable,39.31,34.04,6.74,Damaged
2026-01-20 12:45:00,F0644,Biodegradable,44.79,16.1,3.07,Needs Replacement
2026-01-20 12:50:00,F0614,Biodegradable,36.06,10.29,7.12,Healthy
2026-01-20 12:55:00,F0102,Biodegradable,25.05,17.94,5.87,Damaged
2026-01-20 13:00:00,F0989,Plastic,98.56,33.85,6.23,Needs Replacement
2026-01-20 13:05:00,F0057,Organic,32.22,46.26,6.97,Healthy
2026-01-20 13:10:00,F0008,Plastic,62.11,20.42,7.89,Damaged
2026-01-20 13:15:00,F0684,Biodegradable,8.02,67.51,6.73,Healthy
2026-01-20 13:20:00,F0073,Biodegradable,8.32,29.6,1.52,Needs Replacement
2026-01-20 13:25:00,F0790,Biodegradable,19.25,25.48,2.77,Damaged
2026-01-20 13:30:00,F0876,Plastic,62.68,14.91,7.63,Healthy
2026-01-20 13:35:00,F0671,Plastic,4.69,54.39,4.58,Damaged
2026-01-20 13:40:00,F0587,Biodegradable,85.37,49.96,3.63,Healthy
2026-01-20 13:45:00,F0726,Biodegradable,76.42,51.2,7.23,Needs Replacement
2026-01-20 13:50:00,F0076,Plastic,47.81,21.8,7.53,Needs Replacement
2026-01-20 13:55:00,F0911,Organic,66.53,41.75,4.46,Damaged
2026-01-20 14:00:00,F0962,Organic,24.5,69.51,6.99,Needs Replacement
2026-01-20 14:05:00,F0074,Biodegradable,72.46,14.21,1.97,Damaged
2026-01-20 14:10:00,F0769,Plastic,13.62,18.38,3.87,Damaged
2026-01-20 14:15:00,F0493,Organic,72.72,33.86,3.01,Healthy
2026-01-20 14:20:00,F0849,Plastic,63.81,47.64,6.02,Healthy
2026-01-20 14:25:00,F0643,Organic,18.96,25.71,1.81,Damaged
2026-01-20 14:30:00,F0641,Biodegradable,23.87,40.4,3.22,Damaged
2026-01-20 14:35:00,F0016,Plastic,6.61,60.86,4.04,Healthy
2026-01-20 14:40:00,F0586,Biodegradable,22.53,44.64,1.47,Healthy
2026-01-20 14:45:00,F0922,Biodegradable,65.86,68.65,1.98,Healthy
2026-01-20 14:50:00,F0466,Plastic,88.55,48.1,3.82,Healthy
2026-01-20 14:55:00,F0267,Biodegradable,38.05,46.15,4.23,Damaged
2026-01-20 15:00:00,F0191,Organic,56.77,60.74,2.16,Healthy
2026-01-20 15:05:00,F0309,Biodegradable,90.7,34.87,2.8,Damaged
2026-01-20 15:10:00,F0765,Biodegradable,27.84,67.69,6.61,Needs Replacement
2026-01-20 15:15:00,F0116,Plastic,76.67,53.78,4.05,Healthy
2026-01-20 15:20:00,F0437,Organic,30.91,68.27,2.55,Healthy
2026-01-20 15:25:00,F0512,Organic,60.5,41.18,3.24,Healthy
2026-01-20 15:30:00,F0692,Biodegradable,84.09,29.04,3.43,Damaged
2026-01-20 15:35:00,F0911,Plastic,5.58,48.42,3.72,Needs Replacement
2026-01-20 15:40:00,F0945,Organic,53.06,65.74,1.36,Damaged
2026-01-20 15:45:00,F0273,Organic,9.8,19.12,5.99,Healthy
2026-01-20 15:50:00,F0742,Organic,46.8,16.97,2.25,Needs Replacement
2026-01-20 15:55:00,F0521,Organic,72.48,22.98,2.33,Healthy
2026-01-20 16:00:00,F0353,Biodegradable,53.52,10.4,5.36,Damaged
2026-01-20 16:05:00,F0233,Biodegradable,58.94,67.08,4.28,Needs Replacement
2026-01-20 16:10:00,F0851,Organic,97.02,57.8,2.37,Needs Replacement
2026-01-20 16:15:00,F0578,Biodegradable,85.27,28.95,3.42,Healthy
2026-01-20 16:20:00,F0076,Plastic,25.49,37.09,5.78,Needs Replacement
2026-01-20 16:25:00,F0467,Plastic,67.54,69.26,7.74,Healthy
2026-01-20 16:30:00,F0403,Biodegradable,71.05,35.54,7.73,Needs Replacement
2026-01-20 16:35:00,F0971,Biodegradable,86.28,16.24,2.12,Needs Replacement
2026-01-20 16:40:00,F0816,Plastic,73.03,19.62,2.46,Damaged
2026-01-20 16:45:00,F0761,Biodegradable,4.3,33.88,2.74,Damaged
2026-01-20 16:50:00,F0653,Biodegradable,14.62,67.84,5.4,Healthy
2026-01-20 16:55:00,F0886,Plastic,51.13,23.39,7.36,Healthy
2026-01-20 17:00:00,F0538,Plastic,3.93,38.3,6.01,Healthy
2026-01-20 17:05:00,F0362,Organic,17.18,36.48,6.01,Damaged
2026-01-20 17:10:00,F0007,Plastic,34.89,21.03,4.3,Damaged
2026-01-20 17:15:00,F0558,Organic,44.92,11.35,3.06,Needs Replacement
2026-01-20 17:20:00,F0165,Organic,82.96,14.16,5.77,Damaged
2026-01-20 17:25:00,F0406,Organic,69.82,55.72,2.47,Healthy
2026-01-20 17:30:00,F0340,Plastic,15.7,53.88,3.29,Damaged
2026-01-20 17:35:00,F0083,Plastic,70.94,11.1,3.54,Damaged
2026-01-20 17:40:00,F0263,Biodegradable,11.48,28.21,4.76,Healthy
2026-01-20 17:45:00,F0049,Plastic,12.88,62.63,2.46,Healthy
2026-01-20 17:50:00,F0247,Organic,41.83,69.76,1.94,Healthy
2026-01-20 17:55:00,F0723,Plastic,15.35,49.25,2.62,Damaged
2026-01-20 18:00:00,F0282,Plastic,27.17,18.54,6.73,Needs Replacement
2026-01-20 18:05:00,F0446,Biodegradable,33.09,22.28,1.8,Healthy
2026-01-20 18:10:00,F0115,Organic,84.94,43.62,7.05,Damaged
2026-01-20 18:15:00,F0804,Organic,39.64,17.44,6.88,Damaged
2026-01-20 18:20:00,F0313,Plastic,38.55,43.49,6.09,Healthy
2026-01-20 18:25:00,F0932,Organic,20.63,10.09,3.62,Healthy
2026-01-20 18:30:00,F0271,Biodegradable,94.29,33.37,4.05,Needs Replacement
2026-01-20 18:35:00,F0808,Biodegradable,0.43,51.15,3.01,Needs Replacement
2026-01-20 18:40:00,F0098,Organic,55.23,15.99,6.1,Needs Replacement
2026-01-20 18:45:00,F0710,Plastic,29.93,44.81,3.89,Damaged
2026-01-20 18:50:00,F0368,Plastic,0.36,17.78,1.67,Needs Replacement
2026-01-20 18:55:00,F0418,Biodegradable,81.81,49.25,7.75,Damaged
2026-01-20 19:00:00,F0792,Plastic,97.82,34.94,6.12,Healthy
2026-01-20 19:05:00,F0164,Biodegradable,32.99,19.75,3.32,Healthy
2026-01-20 19:10:00,F0566,Plastic,69.63,17.99,6.55,Needs Replacement
2026-01-20 19:15:00,F0664,Organic,50.32,42.89,7.89,Damaged
2026-01-20 19:20:00,F0059,Biodegradable,30.42,30.99,2.9,Damaged
2026-01-20 19:25:00,F0349,Biodegradable,30.61,69.7,2.22,Damaged
2026-01-20 19:30:00,F0090,Plastic,19.85,31.85,6.4,Needs Replacement
2026-01-20 19:35:00,F0703,Organic,77.63,59.02,3.24,Healthy
2026-01-20 19:40:00,F0182,Organic,46.3,52.25,4.87,Healthy
2026-01-20 19:45:00,F0602,Plastic,22.1,68.99,2.93,Healthy
2026-01-20 19:50:00,F0925,Biodegradable,1.99,64.51,3.51,Damaged
2026-01-20 19:55:00,F0857,Biodegradable,0.7,55.55,4.3,Needs Replacement
2026-01-20 20:00:00,F0847,Plastic,6.74,63.33,6.9,Healthy
2026-01-20 20:05:00,F0720,Organic,60.92,63.57,3.58,Damaged
2026-01-20 20:10:00,F0901,Plastic,76.82,49.65,3.55,Healthy
2026-01-20 20:15:00,F0454,Organic,32.6,57.61,4.94,Needs Replacement
2026-01-20 20:20:00,F0110,Biodegradable,49.59,46.44,6.97,Healthy
2026-01-20 20:25:00,F0229,Plastic,78.53,69.37,6.58,Damaged
2026-01-20 20:30:00,F0147,Organic,30.55,29.88,3.88,Needs Replacement
2026-01-20 20:35:00,F0399,Plastic,32.51,62.08,1.73,Damaged
2026-01-20 20:40:00,F0544,Biodegradable,57.0,63.53,3.5,Needs Replacement
2026-01-20 20:45:00,F0900,Organic,91.16,12.34,6.3,Damaged
2026-01-20 20:50:00,F0211,Plastic,92.84,20.07,1.81,Needs Replacement
2026-01-20 20:55:00,F0008,Biodegradable,70.93,45.71,3.63,Healthy
2026-01-20 21:00:00,F0134,Biodegradable,27.23,35.96,6.24,Damaged
2026-01-20 21:05:00,F0739,Plastic,63.56,63.29,5.11,Healthy
2026-01-20 21:10:00,F0925,Plastic,68.69,65.24,2.97,Damaged
2026-01-20 21:15:00,F0619,Biodegradable,11.68,24.79,6.86,Needs Replacement
2026-01-20 21:20:00,F0478,Plastic,57.73,61.62,5.16,Damaged
2026-01-20 21:25:00,F0050,Plastic,90.64,29.7,3.76,Healthy
2026-01-20 21:30:00,F0532,Biodegradable,52.09,39.15,4.79,Needs Replacement
2026-01-20 21:35:00,F0659,Biodegradable,88.25,18.73,3.56,Damaged
2026-01-20 21:40:00,F0792,Organic,51.21,40.75,1.73,Healthy
2026-01-20 21:45:00,F0053,Biodegradable,96.92,38.04,5.88,Damaged
2026-01-20 21:50:00,F0602,Organic,0.86,10.24,2.66,Damaged
2026-01-20 21:55:00,F0746,Biodegradable,58.24,46.7,6.48,Needs Replacement
2026-01-20 22:00:00,F0658,Biodegradable,78.18,28.76,5.79,Needs Replacement
2026-01-20 22:05:00,F0987,Plastic,86.95,28.58,1.77,Needs Replacement
2026-01-20 22:10:00,F0437,Plastic,40.3,64.34,2.19,Needs Replacement
2026-01-20 22:15:00,F0238,Organic,64.02,65.58,2.99,Needs Replacement
2026-01-20 22:20:00,F0401,Plastic,83.03,69.61,1.76,Damaged
2026-01-20 22:25:00,F0528,Plastic,25.91,30.45,5.57,Damaged
2026-01-20 22:30:00,F0883,Biodegradable,51.57,67.29,5.46,Damaged
2026-01-20 22:35:00,F0587,Organic,5.42,58.74,5.93,Needs Replacement
2026-01-20 22:40:00,F0229,Biodegradable,50.63,28.85,4.55,Needs Replacement
2026-01-20 22:45:00,F0074,Organic,32.99,49.96,6.58,Needs Replacement
2026-01-20 22:50:00,F0314,Biodegradable,52.62,69.76,2.53,Healthy
2026-01-20 22:55:00,F0454,Biodegradable,48.88,67.31,2.47,Damaged
2026-01-20 23:00:00,F0981,Organic,9.79,51.2,4.26,Healthy
2026-01-20 23:05:00,F0324,Biodegradable,88.02,51.16,7.02,Healthy
2026-01-20 23:10:00,F0224,Organic,64.19,10.16,4.56,Damaged
2026-01-20 23:15:00,F0514,Organic,15.67,21.44,6.01,Needs Replacement
2026-01-20 23:20:00,F0602,Biodegradable,1.37,64.25,3.86,Needs Replacement
2026-01-20 23:25:00,F0045,Biodegradable,12.99,43.26,5.77,Healthy
2026-01-20 23:30:00,F0953,Biodegradable,22.42,55.9,7.73,Needs Replacement
2026-01-20 23:35:00,F0712,Biodegradable,31.51,19.52,2.67,Damaged
2026-01-20 23:40:00,F0160,Organic,33.1,17.13,5.36,Damaged
2026-01-20 23:45:00,F0252,Organic,69.0,21.3,7.78,Needs Replacement
2026-01-20 23:50:00,F0338,Plastic,48.73,27.52,6.55,Damaged
2026-01-20 23:55:00,F0712,Organic,24.3,31.42,3.58,Healthy
2026-01-21 00:00:00,F0117,Organic,91.32,18.93,1.29,Needs Replacement
2026-01-21 00:05:00,F0960,Organic,7.36,35.09,3.16,Damaged
2026-01-21 00:10:00,F0785,Plastic,27.41,38.21,3.74,Healthy
2026-01-21 00:15:00,F0096,Biodegradable,55.1,24.96,5.64,Healthy
2026-01-21 00:20:00,F0863,Organic,47.76,53.95,6.5,Needs Replacement
2026-01-21 00:25:00,F0158,Plastic,2.97,54.1,1.72,Healthy
2026-01-21 00:30:00,F0728,Biodegradable,90.64,42.46,2.66,Healthy
2026-01-21 00:35:00,F0712,Organic,36.47,27.76,3.93,Healthy
2026-01-21 00:40:00,F0332,Organic,67.12,66.21,3.6,Damaged
2026-01-21 00:45:00,F0723,Organic,33.3,17.56,3.86,Needs Replacement
2026-01-21 00:50:00,F0621,Biodegradable,0.66,39.91,6.38,Needs Replacement
2026-01-21 00:55:00,F0500,Organic,92.29,22.98,5.52,Healthy
2026-01-21 01:00:00,F0844,Organic,57.66,46.04,2.84,Healthy
2026-01-21 01:05:00,F0251,Organic,2.92,20.68,6.19,Damaged
2026-01-21 01:10:00,F0146,Organic,37.7,49.64,6.74,Damaged
2026-01-21 01:15:00,F0064,Biodegradable,1.74,66.82,2.29,Needs Replacement
2026-01-21 01:20:00,F0107,Organic,37.45,30.23,1.16,Damaged
2026-01-21 01:25:00,F0025,Biodegradable,3.71,48.6,7.41,Healthy
2026-01-21 01:30:00,F0058,Plastic,95.62,50.69,2.21,Damaged
2026-01-21 01:35:00,F0469,Organic,84.83,25.17,5.28,Damaged
2026-01-21 01:40:00,F0187,Biodegradable,47.56,19.82,1.8,Healthy
2026-01-21 01:45:00,F0703,Plastic,55.12,21.62,2.66,Damaged
2026-01-21 01:50:00,F0611,Plastic,73.47,61.31,1.51,Damaged
2026-01-21 01:55:00,F0116,Plastic,91.99,56.99,5.27,Needs Replacement
2026-01-21 02:00:00,F0942,Organic,22.43,38.82,2.12,Healthy
2026-01-21 02:05:00,F0149,Biodegradable,86.59,63.86,1.88,Healthy
2026-01-21 02:10:00,F0465,Plastic,65.24,36.67,2.96,Needs Replacement
2026-01-21 02:15:00,F0555,Biodegradable,28.61,43.58,4.44,Needs Replacement
2026-01-21 02:20:00,F0064,Organic,78.93,63.44,7.53,Healthy
2026-01-21 02:25:00,F0711,Biodegradable,15.07,51.58,4.63,Damaged
2026-01-21 02:30:00,F0432,Biodegradable,2.58,14.75,7.98,Damaged
2026-01-21 02:35:00,F0430,Organic,5.3,27.47,3.91,Damaged
2026-01-21 02:40:00,F0503,Organic,57.96,18.24,7.17,Healthy
2026-01-21 02:45:00,F0020,Biodegradable,84.46,35.02,5.85,Needs Replacement
2026-01-21 02:50:00,F0712,Biodegradable,88.61,67.05,4.08,Needs Replacement
2026-01-21 02:55:00,F0473,Plastic,91.68,69.96,2.24,Needs Replacement
2026-01-21 03:00:00,F0561,Biodegradable,55.01,51.69,4.28,Needs Replacement
2026-01-21 03:05:00,F0621,Organic,1.41,10.22,5.88,Needs Replacement
2026-01-21 03:10:00,F0055,Organic,31.81,38.09,6.43,Healthy
2026-01-21 03:15:00,F0465,Plastic,14.23,46.89,4.5,Damaged
2026-01-21 03:20:00,F0614,Plastic,30.63,33.93,1.43,Damaged
2026-01-21 03:25:00,F0737,Plastic,79.66,18.8,3.81,Damaged
2026-01-21 03:30:00,F0028,Plastic,64.39,32.66,1.84,Needs Replacement
2026-01-21 03:35:00,F0965,Organic,19.59,39.56,5.52,Healthy
2026-01-21 03:40:00,F0528,Plastic,33.47,53.72,3.78,Healthy
2026-01-21 03:45:00,F0388,Organic,7.43,60.36,5.49,Needs Replacement
2026-01-21 03:50:00,F0066,Plastic,96.94,44.63,3.57,Needs Replacement
2026-01-21 03:55:00,F0179,Organic,58.26,21.45,1.86,Healthy
2026-01-21 04:00:00,F0689,Biodegradable,55.66,31.66,7.88,Needs Replacement
2026-01-21 04:05:00,F0591,Biodegradable,8.32,33.93,1.13,Healthy
2026-01-21 04:10:00,F0021,Biodegradable,97.71,43.38,2.83,Needs Replacement
2026-01-21 04:15:00,F0709,Biodegradable,0.28,52.15,4.3,Damaged
2026-01-21 04:20:00,F0376,Plastic,68.52,39.15,7.29,Healthy
2026-01-21 04:25:00,F0057,Organic,47.95,48.93,6.07,Needs Replacement
2026-01-21 04:30:00,F0562,Biodegradable,5.82,23.57,3.97,Needs Replacement
2026-01-21 04:35:00,F0156,Biodegradable,73.2,45.83,4.17,Needs Replacement
2026-01-21 04:40:00,F0069,Plastic,41.23,50.18,3.29,Healthy
2026-01-21 04:45:00,F0693,Organic,92.64,44.24,1.0,Healthy
2026-01-21 04:50:00,F0029,Biodegradable,81.52,39.78,6.16,Healthy
2026-01-21 04:55:00,F0296,Biodegradable,1.18,12.88,3.44,Needs Replacement
2026-01-21 05:00:00,F0721,Biodegradable,16.35,55.76,5.39,Damaged
2026-01-21 05:05:00,F0177,Biodegradable,17.56,14.91,7.93,Needs Replacement
2026-01-21 05:10:00,F0276,Biodegradable,36.45,47.46,5.22,Needs Replacement
2026-01-21 05:15:00,F0342,Biodegradable,67.44,49.24,7.02,Healthy
2026-01-21 05:20:00,F0767,Organic,86.82,35.34,5.17,Damaged
2026-01-21 05:25:00,F0155,Organic,30.92,59.88,2.17,Damaged
2026-01-21 05:30:00,F0686,Biodegradable,67.82,46.93,6.19,Healthy
2026-01-21 05:35:00,F0358,Biodegradable,5.62,15.0,2.99,Healthy
2026-01-21 05:40:00,F0697,Organic,44.08,12.36,6.55,Healthy
2026-01-21 05:45:00,F0960,Biodegradable,90.05,69.72,2.67,Healthy
2026-01-21 05:50:00,F0405,Biodegradable,86.84,57.36,6.57,Damaged
2026-01-21 05:55:00,F0547,Plastic,77.14,51.2,4.13,Damaged
2026-01-21 06:00:00,F0858,Biodegradable,67.61,32.6,7.42,Needs Replacement
2026-01-21 06:05:00,F0469,Organic,34.35,56.01,6.66,Damaged
2026-01-21 06:10:00,F0631,Biodegradable,65.73,58.0,4.65,Needs Replacement
2026-01-21 06:15:00,F0627,Plastic,51.62,14.73,2.91,Damaged
2026-01-21 06:20:00,F0516,Organic,5.83,67.36,6.58,Healthy
2026-01-21 06:25:00,F0262,Organic,28.32,12.71,3.49,Needs Replacement
2026-01-21 06:30:00,F0215,Plastic,2.68,47.03,4.9,Needs Replacement
2026-01-21 06:35:00,F0452,Biodegradable,37.39,24.61,2.02,Damaged
2026-01-21 06:40:00,F0986,Plastic,10.93,64.08,1.63,Damaged
2026-01-21 06:45:00,F0986,Biodegradable,51.81,58.04,7.03,Needs Replacement
2026-01-21 06:50:00,F0568,Biodegradable,41.04,35.46,4.58,Damaged
2026-01-21 06:55:00,F0249,Organic,32.15,23.34,2.16,Damaged
2026-01-21 07:00:00,F0839,Biodegradable,41.2,40.0,2.47,Needs Replacement
2026-01-21 07:05:00,F0960,Biodegradable,72.32,21.91,2.92,Healthy
2026-01-21 07:10:00,F0673,Organic,87.76,12.39,2.09,Needs Replacement
2026-01-21 07:15:00,F0679,Plastic,15.49,46.97,7.64,Healthy
2026-01-21 07:20:00,F0168,Biodegradable,33.49,29.91,4.83,Damaged
2026-01-21 07:25:00,F0562,Plastic,86.97,65.63,7.45,Damaged
2026-01-21 07:30:00,F0824,Organic,60.98,68.1,6.98,Needs Replacement
2026-01-21 07:35:00,F0287,Organic,97.17,25.32,6.1,Needs Replacement
2026-01-21 07:40:00,F0958,Organic,38.66,27.68,5.09,Healthy
2026-01-21 07:45:00,F0486,Plastic,48.18,42.86,2.76,Healthy
2026-01-21 07:50:00,F0345,Biodegradable,26.23,14.71,2.28,Healthy
2026-01-21 07:55:00,F0853,Plastic,80.87,30.65,2.01,Needs Replacement
2026-01-21 08:00:00,F0942,Biodegradable,44.6,66.56,4.0,Damaged
2026-01-21 08:05:00,F0538,Organic,64.91,37.3,7.95,Needs Replacement
2026-01-21 08:10:00,F0905,Organic,33.06,26.73,4.59,Needs Replacement
2026-01-21 08:15:00,F0941,Biodegradable,96.65,24.14,1.03,Healthy
2026-01-21 08:20:00,F0219,Organic,72.2,44.87,5.84,Healthy
2026-01-21 08:25:00,F0713,Organic,69.13,67.75,4.04,Needs Replacement
2026-01-21 08:30:00,F0214,Organic,66.35,13.84,5.89,Needs Replacement
2026-01-21 08:35:00,F0157,Organic,89.58,40.96,1.19,Damaged
2026-01-21 08:40:00,F0433,Biodegradable,28.63,27.68,5.23,Damaged
2026-01-21 08:45:00,F0369,Organic,34.95,17.13,7.21,Damaged
2026-01-21 08:50:00,F0944,Plastic,80.33,18.17,1.93,Healthy
2026-01-21 08:55:00,F0429,Organic,96.61,58.68,1.2,Damaged
2026-01-21 09:00:00,F0238,Plastic,25.23,11.82,3.21,Needs Replacement
2026-01-21 09:05:00,F0946,Organic,3.51,52.39,4.15,Healthy
2026-01-21 09:10:00,F0692,Plastic,24.81,22.79,4.08,Damaged
2026-01-21 09:15:00,F0424,Biodegradable,71.55,64.51,1.47,Damaged
2026-01-21 09:20:00,F0361,Organic,16.2,27.9,7.11,Healthy
2026-01-21 09:25:00,F0641,Plastic,86.16,57.99,1.74,Healthy
2026-01-21 09:30:00,F0191,Biodegradable,54.36,10.86,4.81,Needs Replacement
2026-01-21 09:35:00,F0427,Plastic,53.96,57.88,7.34,Needs Replacement
2026-01-21 09:40:00,F0523,Organic,69.7,27.93,5.36,Damaged
2026-01-21 09:45:00,F0726,Organic,40.13,23.9,4.03,Healthy
2026-01-21 09:50:00,F0565,Biodegradable,52.29,11.72,5.4,Damaged
2026-01-21 09:55:00,F0937,Biodegradable,17.6,18.37,7.57,Damaged
2026-01-21 10:00:00,F0934,Organic,70.49,32.87,5.09,Damaged
2026-01-21 10:05:00,F0539,Organic,27.25,45.36,6.0,Healthy
2026-01-21 10:10:00,F0861,Biodegradable,53.69,63.43,7.95,Needs Replacement
2026-01-21 10:15:00,F0249,Plastic,44.9,12.16,2.08,Damaged
2026-01-21 10:20:00,F0554,Biodegradable,22.02,50.47,6.7,Needs Replacement
2026-01-21 10:25:00,F0215,Biodegradable,9.12,54.02,7.05,Healthy
2026-01-21 10:30:00,F0391,Biodegradable,91.8,22.48,4.03,Needs Replacement
2026-01-21 10:35:00,F0894,Biodegradable,98.02,17.61,4.1,Needs Replacement
2026-01-21 10:40:00,F0720,Biodegradable,54.51,18.17,7.61,Needs Replacement
2026-01-21 10:45:00,F0388,Plastic,18.62,18.64,4.24,Damaged
2026-01-21 10:50:00,F0495,Organic,24.32,10.38,7.96,Damaged
2026-01-21 10:55:00,F0980,Biodegradable,22.65,26.12,7.79,Healthy
2026-01-21 11:00:00,F0228,Organic,40.67,49.95,2.59,Damaged
2026-01-21 11:05:00,F0979,Biodegradable,63.33,58.8,6.28,Damaged
2026-01-21 11:10:00,F0178,Plastic,36.83,24.56,7.23,Damaged
2026-01-21 11:15:00,F0512,Biodegradable,12.91,58.25,6.87,Damaged
2026-01-21 11:20:00,F0348,Biodegradable,76.71,13.36,3.31,Needs Replacement
2026-01-21 11:25:00,F0129,Organic,70.57,38.19,1.43,Healthy
2026-01-21 11:30:00,F0564,Organic,74.55,50.15,1.89,Needs Replacement
2026-01-21 11:35:00,F0808,Organic,92.28,11.36,5.96,Healthy
2026-01-21 11:40:00,F0346,Organic,76.33,68.26,3.32,Needs Replacement
2026-01-21 11:45:00,F0229,Biodegradable,52.12,53.59,5.9,Needs Replacement
2026-01-21 11:50:00,F0301,Plastic,89.24,68.98,5.54,Healthy
2026-01-21 11:55:00,F0978,Plastic,41.56,68.26,4.76,Needs Replacement
2026-01-21 12:00:00,F0293,Organic,78.87,35.28,6.49,Damaged
2026-01-21 12:05:00,F0895,Organic,46.02,41.66,6.89,Needs Replacement
2026-01-21 12:10:00,F0528,Biodegradable,60.87,27.82,7.76,Needs Replacement
2026-01-21 12:15:00,F0213,Plastic,74.61,35.87,6.22,Damaged
2026-01-21 12:20:00,F0167,Organic,17.83,60.89,7.75,Damaged
2026-01-21 12:25:00,F0707,Organic,60.23,31.13,4.26,Healthy
2026-01-21 12:30:00,F0245,Biodegradable,1.06,60.94,7.24,Damaged
2026-01-21 12:35:00,F0694,Organic,26.18,28.77,6.88,Healthy
2026-01-21 12:40:00,F0652,Biodegradable,42.17,11.91,3.89,Damaged
2026-01-21 12:45:00,F0736,Plastic,32.3,13.55,1.9,Healthy
2026-01-21 12:50:00,F0711,Plastic,85.95,24.7,4.58,Healthy
2026-01-21 12:55:00,F0778,Organic,72.13,40.27,1.64,Healthy
2026-01-21 13:00:00,F0640,Plastic,54.43,24.87,3.97,Needs Replacement
2026-01-21 13:05:00,F0040,Biodegradable,89.11,42.89,7.99,Damaged
2026-01-21 13:10:00,F0212,Organic,1.69,17.02,6.73,Needs Replacement
2026-01-21 13:15:00,F0022,Plastic,83.77,21.86,3.83,Damaged
2026-01-21 13:20:00,F0472,Plastic,65.59,39.46,4.58,Needs Replacement
2026-01-21 13:25:00,F0636,Organic,92.6,31.95,4.02,Needs Replacement
2026-01-21 13:30:00,F0362,Organic,69.68,44.88,7.29,Needs Replacement
2026-01-21 13:35:00,F0377,Plastic,56.83,46.7,3.6,Needs Replacement
2026-01-21 13:40:00,F0397,Plastic,32.42,48.91,5.82,Damaged
2026-01-21 13:45:00,F0527,Organic,71.01,14.98,1.8,Needs Replacement
2026-01-21 13:50:00,F0965,Plastic,89.76,43.55,5.37,Damaged
2026-01-21 13:55:00,F0376,Plastic,31.29,54.34,5.64,Healthy
2026-01-21 14:00:00,F0661,Biodegradable,94.24,63.65,6.42,Healthy
2026-01-21 14:05:00,F0099,Plastic,77.48,14.46,5.55,Damaged
2026-01-21 14:10:00,F0930,Organic,62.92,21.1,3.1,Needs Replacement
2026-01-21 14:15:00,F0824,Plastic,29.54,27.75,2.04,Healthy
2026-01-21 14:20:00,F0395,Biodegradable,78.95,49.89,4.32,Needs Replacement
2026-01-21 14:25:00,F0561,Plastic,46.32,11.54,6.11,Needs Replacement
2026-01-21 14:30:00,F0700,Plastic,95.11,21.31,6.1,Healthy
2026-01-21 14:35:00,F0292,Organic,72.35,15.49,2.18,Healthy
2026-01-21 14:40:00,F0792,Organic,73.68,20.37,2.4,Healthy
2026-01-21 14:45:00,F0590,Organic,28.96,60.13,6.5,Healthy
2026-01-21 14:50:00,F0923,Plastic,17.6,52.99,6.76,Needs Replacement
2026-01-21 14:55:00,F0586,Organic,71.84,49.6,3.48,Damaged
2026-01-21 15:00:00,F0837,Organic,56.82,52.44,2.98,Damaged
2026-01-21 15:05:00,F0672,Plastic,91.31,15.31,6.6,Healthy
2026-01-21 15:10:00,F0922,Biodegradable,32.49,34.4,1.6,Healthy
2026-01-21 15:15:00,F0310,Biodegradable,95.48,56.9,2.43,Damaged
2026-01-21 15:20:00,F0376,Organic,97.74,25.72,4.52,Healthy
2026-01-21 15:25:00,F0443,Biodegradable,20.21,46.05,5.8,Healthy
2026-01-21 15:30:00,F0191,Organic,89.25,35.65,3.91,Healthy
2026-01-21 15:35:00,F0155,Plastic,29.04,17.71,6.38,Healthy
2026-01-21 15:40:00,F0515,Plastic,61.92,62.97,5.95,Healthy
2026-01-21 15:45:00,F0574,Plastic,3.94,27.4,7.02,Healthy
2026-01-21 15:50:00,F0559,Biodegradable,61.81,67.05,1.36,Damaged
2026-01-21 15:55:00,F0310,Organic,71.14,44.7,5.74,Healthy
2026-01-21 16:00:00,F0590,Biodegradable,18.83,59.47,1.75,Healthy
2026-01-21 16:05:00,F0329,Organic,51.31,14.21,2.52,Damaged
2026-01-21 16:10:00,F0983,Plastic,72.71,51.77,1.66,Healthy
2026-01-21 16:15:00,F0501,Plastic,76.04,62.86,5.38,Needs Replacement
2026-01-21 16:20:00,F0071,Organic,97.38,52.69,5.87,Healthy
2026-01-21 16:25:00,F0924,Biodegradable,1.13,49.31,5.84,Healthy
2026-01-21 16:30:00,F0491,Organic,61.84,63.27,6.55,Healthy
2026-01-21 16:35:00,F0740,Plastic,32.11,62.01,1.78,Healthy
2026-01-21 16:40:00,F0976,Organic,2.29,63.24,2.74,Damaged
2026-01-21 16:45:00,F0263,Biodegradable,36.79,11.67,4.45,Needs Replacement
2026-01-21 16:50:00,F0508,Organic,76.99,30.7,6.78,Needs Replacement
2026-01-21 16:55:00,F0669,Organic,75.11,19.21,5.95,Healthy
2026-01-21 17:00:00,F0214,Plastic,22.61,59.53,6.29,Needs Replacement
2026-01-21 17:05:00,F0658,Biodegradable,2.61,21.75,4.48,Damaged
2026-01-21 17:10:00,F0763,Plastic,7.68,49.14,6.97,Needs Replacement
2026-01-21 17:15:00,F0868,Plastic,77.05,51.4,4.08,Healthy
2026-01-21 17:20:00,F0791,Plastic,75.97,44.4,3.65,Healthy
2026-01-21 17:25:00,F0354,Biodegradable,42.45,62.18,1.16,Damaged
2026-01-21 17:30:00,F0992,Organic,28.09,64.84,7.04,Needs Replacement
2026-01-21 17:35:00,F0785,Plastic,68.64,24.73,6.01,Healthy
2026-01-21 17:40:00,F0761,Biodegradable,69.0,13.56,4.45,Needs Replacement
2026-01-21 17:45:00,F0508,Plastic,52.29,10.53,1.18,Needs Replacement
2026-01-21 17:50:00,F0187,Plastic,65.6,43.57,2.39,Needs Replacement
2026-01-21 17:55:00,F0346,Biodegradable,21.55,11.84,6.27,Needs Replacement
2026-01-21 18:00:00,F0539,Biodegradable,29.32,62.9,4.79,Healthy
2026-01-21 18:05:00,F0344,Biodegradable,62.31,49.07,2.7,Damaged
2026-01-21 18:10:00,F0538,Organic,0.52,44.67,2.31,Damaged
2026-01-21 18:15:00,F0969,Organic,83.85,18.48,3.62,Damaged
2026-01-21 18:20:00,F0217,Biodegradable,27.43,28.98,7.09,Healthy
2026-01-21 18:25:00,F0987,Plastic,89.42,67.29,6.47,Needs Replacement
2026-01-21 18:30:00,F0439,Organic,51.94,19.91,6.26,Damaged
2026-01-21 18:35:00,F0201,Organic,56.08,22.37,5.97,Damaged
2026-01-21 18:40:00,F0545,Plastic,84.12,21.55,7.67,Healthy
2026-01-21 18:45:00,F0373,Biodegradable,25.81,24.12,2.79,Needs Replacement
2026-01-21 18:50:00,F0442,Biodegradable,41.33,63.92,2.91,Needs Replacement
2026-01-21 18:55:00,F0503,Plastic,94.37,25.94,3.75,Healthy
2026-01-21 19:00:00,F0354,Plastic,3.86,23.68,4.2,Damaged
2026-01-21 19:05:00,F0367,Biodegradable,44.23,33.98,1.85,Needs Replacement
2026-01-21 19:10:00,F0276,Organic,0.49,16.21,6.25,Healthy
2026-01-21 19:15:00,F0320,Biodegradable,36.99,20.7,1.79,Healthy
2026-01-21 19:20:00,F0552,Organic,70.3,63.5,1.51,Healthy
2026-01-21 19:25:00,F0204,Organic,10.2,33.2,1.22,Healthy
2026-01-21 19:30:00,F0767,Plastic,8.93,46.45,3.8,Needs Replacement
2026-01-21 19:35:00,F0995,Organic,34.17,52.56,2.89,Needs Replacement
2026-01-21 19:40:00,F0389,Biodegradable,17.54,33.89,7.79,Needs Replacement
2026-01-21 19:45:00,F0238,Organic,92.49,66.59,7.8,Needs Replacement
2026-01-21 19:50:00,F0298,Biodegradable,8.95,26.02,1.19,Needs Replacement
2026-01-21 19:55:00,F0868,Biodegradable,63.19,28.89,7.94,Needs Replacement
2026-01-21 20:00:00,F0237,Plastic,67.46,57.28,1.2,Healthy
2026-01-21 20:05:00,F0141,Plastic,9.27,67.32,5.5,Needs Replacement
2026-01-21 20:10:00,F0386,Biodegradable,77.54,67.39,7.78,Needs Replacement
2026-01-21 20:15:00,F0668,Biodegradable,90.71,51.22,5.83,Needs Replacement
2026-01-21 20:20:00,F0544,Plastic,74.37,58.18,3.73,Damaged
2026-01-21 20:25:00,F0595,Organic,36.77,57.17,1.39,Damaged
2026-01-21 20:30:00,F0199,Organic,63.1,11.29,6.53,Healthy
2026-01-21 20:35:00,F0700,Organic,78.09,46.27,1.6,Healthy
2026-01-21 20:40:00,F0710,Organic,54.36,14.18,3.88,Healthy
2026-01-21 20:45:00,F0576,Organic,24.05,58.97,5.4,Healthy
2026-01-21 20:50:00,F0035,Plastic,87.16,67.67,6.69,Damaged
2026-01-21 20:55:00,F0339,Biodegradable,42.0,58.63,7.5,Damaged
2026-01-21 21:00:00,F0831,Plastic,57.64,62.58,1.87,Damaged
2026-01-21 21:05:00,F0397,Organic,95.47,25.3,5.29,Damaged
2026-01-21 21:10:00,F0760,Biodegradable,32.93,18.29,1.59,Needs Replacement
2026-01-21 21:15:00,F0446,Plastic,84.26,51.89,3.48,Needs Replacement
2026-01-21 21:20:00,F0115,Organic,34.28,40.03,7.77,Damaged
2026-01-21 21:25:00,F0069,Biodegradable,88.9,63.28,6.03,Needs Replacement
2026-01-21 21:30:00,F0802,Organic,20.47,28.36,5.06,Damaged
2026-01-21 21:35:00,F0691,Plastic,75.13,45.1,2.64,Needs Replacement
2026-01-21 21:40:00,F0433,Organic,71.16,43.05,6.76,Damaged
2026-01-21 21:45:00,F0979,Biodegradable,51.44,39.18,1.64,Healthy
2026-01-21 21:50:00,F0990,Plastic,5.3,36.7,4.26,Healthy
2026-01-21 21:55:00,F0346,Organic,68.31,47.38,5.45,Needs Replacement
2026-01-21 22:00:00,F0877,Organic,95.2,54.26,2.68,Damaged
2026-01-21 22:05:00,F0874,Organic,30.17,26.91,5.89,Healthy
2026-01-21 22:10:00,F0820,Plastic,62.55,63.46,6.93,Needs Replacement
2026-01-21 22:15:00,F0909,Biodegradable,71.36,56.43,6.51,Healthy
2026-01-21 22:20:00,F0830,Organic,63.99,39.0,5.72,Damaged
2026-01-21 22:25:00,F0569,Plastic,35.92,34.32,4.44,Damaged
2026-01-21 22:30:00,F0334,Organic,20.81,65.1,3.9,Needs Replacement
2026-01-21 22:35:00,F0848,Plastic,63.72,67.04,4.31,Needs Replacement
2026-01-21 22:40:00,F0067,Biodegradable,51.77,17.79,6.1,Needs Replacement
2026-01-21 22:45:00,F0609,Organic,95.98,50.51,4.65,Healthy
2026-01-21 22:50:00,F0591,Plastic,93.24,66.16,4.41,Healthy
2026-01-21 22:55:00,F0411,Organic,98.88,17.16,3.1,Needs Replacement
2026-01-21 23:00:00,F0597,Biodegradable,38.18,48.98,7.77,Healthy
2026-01-21 23:05:00,F0311,Plastic,6.04,44.59,3.54,Damaged
2026-01-21 23:10:00,F0983,Biodegradable,76.74,62.39,4.43,Damaged
2026-01-21 23:15:00,F0345,Biodegradable,51.62,42.8,5.56,Healthy
2026-01-21 23:20:00,F0994,Organic,24.12,70.0,5.68,Damaged
2026-01-21 23:25:00,F0005,Plastic,67.47,68.28,4.47,Needs Replacement
2026-01-21 23:30:00,F0349,Plastic,56.03,63.24,5.43,Healthy
2026-01-21 23:35:00,F0666,Biodegradable,33.43,15.69,1.61,Damaged
2026-01-21 23:40:00,F0170,Organic,82.83,43.04,2.14,Needs Replacement
2026-01-21 23:45:00,F0682,Organic,57.18,45.13,5.3,Needs Replacement
2026-01-21 23:50:00,F0933,Biodegradable,72.8,18.9,4.01,Healthy
2026-01-21 23:55:00,F0370,Organic,54.93,22.9,5.0,Healthy
2026-01-22 00:00:00,F0543,Plastic,40.99,34.15,6.78,Healthy
2026-01-22 00:05:00,F0700,Biodegradable,76.85,10.07,1.1,Needs Replacement
2026-01-22 00:10:00,F0022,Organic,0.96,55.42,5.16,Healthy
2026-01-22 00:15:00,F0541,Biodegradable,81.07,39.25,6.44,Damaged
2026-01-22 00:20:00,F0783,Organic,75.18,35.01,6.0,Damaged
2026-01-22 00:25:00,F0814,Biodegradable,22.48,12.2,6.6,Healthy
2026-01-22 00:30:00,F0280,Biodegradable,57.06,63.36,4.6,Needs Replacement
2026-01-22 00:35:00,F0504,Biodegradable,59.39,50.34,5.84,Needs Replacement
2026-01-22 00:40:00,F0181,Biodegradable,54.08,61.91,7.54,Needs Replacement
2026-01-22 00:45:00,F0690,Organic,34.76,61.15,6.59,Needs Replacement
2026-01-22 00:50:00,F0405,Organic,39.5,36.5,3.99,Damaged
2026-01-22 00:55:00,F0515,Plastic,27.62,56.4,4.57,Needs Replacement
2026-01-22 01:00:00,F0359,Plastic,99.79,26.29,4.34,Healthy
2026-01-22 01:05:00,F0153,Plastic,19.38,30.03,1.93,Healthy
2026-01-22 01:10:00,F0232,Plastic,43.75,20.77,5.28,Healthy
2026-01-22 01:15:00,F0926,Organic,12.5,54.59,5.64,Needs Replacement
2026-01-22 01:20:00,F0229,Plastic,17.18,65.58,7.67,Healthy
2026-01-22 01:25:00,F0473,Organic,61.18,52.94,1.23,Healthy
2026-01-22 01:30:00,F0528,Organic,73.24,23.63,1.61,Healthy
2026-01-22 01:35:00,F0491,Organic,64.73,26.31,3.8,Healthy
2026-01-22 01:40:00,F0779,Biodegradable,12.51,52.49,2.4,Damaged
2026-01-22 01:45:00,F0367,Plastic,59.36,11.48,6.04,Needs Replacement
2026-01-22 01:50:00,F0214,Plastic,72.33,56.02,5.2,Healthy
2026-01-22 01:55:00,F0133,Plastic,49.26,23.83,7.95,Damaged
2026-01-22 02:00:00,F0970,Biodegradable,94.37,51.83,2.12,Healthy
2026-01-22 02:05:00,F0834,Plastic,46.54,63.71,6.83,Needs Replacement
2026-01-22 02:10:00,F0213,Plastic,67.42,21.17,6.26,Healthy
2026-01-22 02:15:00,F0786,Biodegradable,23.31,23.77,4.3,Damaged
2026-01-22 02:20:00,F0599,Organic,71.44,13.19,4.8,Healthy
2026-01-22 02:25:00,F0210,Biodegradable,65.5,25.06,7.27,Needs Replacement
2026-01-22 02:30:00,F0780,Plastic,1.11,21.85,2.63,Damaged
2026-01-22 02:35:00,F0527,Plastic,12.38,47.6,7.21,Damaged
2026-01-22 02:40:00,F0085,Plastic,28.09,33.92,6.36,Needs Replacement
2026-01-22 02:45:00,F0013,Organic,64.57,63.45,5.38,Needs Replacement
2026-01-22 02:50:00,F0728,Biodegradable,21.91,16.06,4.67,Damaged
2026-01-22 02:55:00,F0489,Organic,37.17,66.11,5.74,Damaged
2026-01-22 03:00:00,F0669,Biodegradable,65.87,42.42,7.26,Needs Replacement
2026-01-22 03:05:00,F0310,Biodegradable,29.58,60.65,3.5,Damaged
2026-01-22 03:10:00,F0553,Plastic,14.41,32.06,5.66,Needs Replacement
2026-01-22 03:15:00,F0331,Plastic,62.07,19.44,3.03,Damaged
2026-01-22 03:20:00,F0993,Biodegradable,14.55,59.43,2.39,Needs Replacement
2026-01-22 03:25:00,F0744,Plastic,52.24,31.76,2.43,Damaged
2026-01-22 03:30:00,F0039,Plastic,99.2,22.8,6.62,Damaged
2026-01-22 03:35:00,F0939,Biodegradable,45.68,64.61,4.28,Damaged
2026-01-22 03:40:00,F0711,Organic,51.79,23.06,2.48,Healthy
2026-01-22 03:45:00,F0776,Biodegradable,23.8,15.68,4.57,Damaged
2026-01-22 03:50:00,F0083,Biodegradable,42.06,30.73,3.54,Damaged
2026-01-22 03:55:00,F0447,Organic,72.75,17.67,1.08,Damaged
2026-01-22 04:00:00,F0038,Organic,64.94,34.29,5.7,Damaged
2026-01-22 04:05:00,F0483,Plastic,45.77,69.43,4.46,Needs Replacement
2026-01-22 04:10:00,F0253,Plastic,82.88,44.62,4.72,Damaged
2026-01-22 04:15:00,F0749,Plastic,58.36,53.45,1.62,Healthy
2026-01-22 04:20:00,F0481,Organic,52.77,21.11,2.03,Healthy
2026-01-22 04:25:00,F0411,Plastic,15.27,29.52,4.96,Damaged
2026-01-22 04:30:00,F0425,Plastic,44.18,22.35,5.74,Damaged
2026-01-22 04:35:00,F0296,Plastic,60.37,46.91,7.42,Healthy
2026-01-22 04:40:00,F0293,Organic,55.63,30.87,6.52,Needs Replacement
2026-01-22 04:45:00,F0077,Organic,43.55,49.75,3.58,Healthy
2026-01-22 04:50:00,F0757,Plastic,51.35,23.03,1.38,Healthy
2026-01-22 04:55:00,F0963,Plastic,66.22,54.18,7.61,Needs Replacement
2026-01-22 05:00:00,F0172,Organic,67.15,23.29,6.2,Damaged
2026-01-22 05:05:00,F0722,Plastic,39.05,57.68,2.43,Healthy
2026-01-22 05:10:00,F0463,Organic,94.71,22.27,7.43,Damaged
2026-01-22 05:15:00,F0401,Plastic,21.38,68.78,3.98,Healthy
2026-01-22 05:20:00,F0562,Biodegradable,58.03,12.0,1.07,Needs Replacement
2026-01-22 05:25:00,F0453,Plastic,39.63,68.21,1.16,Damaged
2026-01-22 05:30:00,F0459,Biodegradable,15.43,28.57,7.47,Damaged
2026-01-22 05:35:00,F0366,Biodegradable,62.79,21.86,4.28,Needs Replacement
2026-01-22 05:40:00,F0442,Plastic,63.01,26.76,4.39,Damaged
2026-01-22 05:45:00,F0941,Organic,67.09,45.97,4.47,Needs Replacement
2026-01-22 05:50:00,F0375,Biodegradable,91.53,56.27,5.6,Damaged
2026-01-22 05:55:00,F0835,Plastic,10.74,27.13,6.26,Damaged
2026-01-22 06:00:00,F0308,Organic,27.19,36.12,5.02,Needs Replacement
2026-01-22 06:05:00,F0553,Organic,79.28,51.32,7.78,Damaged
2026-01-22 06:10:00,F0968,Biodegradable,88.22,54.65,6.5,Needs Replacement
2026-01-22 06:15:00,F0340,Organic,13.08,66.6,1.21,Needs Replacement
2026-01-22 06:20:00,F0454,Biodegradable,34.48,69.24,4.87,Needs Replacement
2026-01-22 06:25:00,F0945,Biodegradable,74.02,36.55,5.15,Damaged
2026-01-22 06:30:00,F0271,Organic,23.64,36.7,2.72,Healthy
2026-01-22 06:35:00,F0220,Biodegradable,60.62,34.2,3.23,Healthy
2026-01-22 06:40:00,F0246,Plastic,39.51,54.81,1.4,Damaged
2026-01-22 06:45:00,F0400,Organic,86.06,48.7,6.8,Needs Replacement
2026-01-22 06:50:00,F0953,Plastic,80.22,67.14,2.16,Needs Replacement
2026-01-22 06:55:00,F0416,Biodegradable,77.45,23.93,2.76,Needs Replacement
2026-01-22 07:00:00,F0703,Organic,17.68,16.73,6.74,Needs Replacement
2026-01-22 07:05:00,F0006,Biodegradable,3.22,24.11,4.16,Damaged
2026-01-22 07:10:00,F0637,Organic,4.5,29.81,3.17,Needs Replacement
2026-01-22 07:15:00,F0061,Plastic,42.72,64.28,5.11,Needs Replacement
2026-01-22 07:20:00,F0753,Biodegradable,40.24,36.48,4.22,Healthy
2026-01-22 07:25:00,F0191,Plastic,65.71,62.88,3.98,Healthy
2026-01-22 07:30:00,F0745,Biodegradable,81.25,12.66,6.28,Damaged
2026-01-22 07:35:00,F0808,Organic,40.51,28.78,3.46,Damaged
2026-01-22 07:40:00,F0577,Biodegradable,50.27,65.57,1.49,Healthy
2026-01-22 07:45:00,F0534,Biodegradable,4.24,59.71,1.86,Healthy
2026-01-22 07:50:00,F0426,Biodegradable,21.49,32.37,6.92,Damaged
2026-01-22 07:55:00,F0528,Organic,66.15,10.08,6.7,Needs Replacement
2026-01-22 08:00:00,F0601,Organic,74.92,55.99,1.18,Needs Replacement
2026-01-22 08:05:00,F0897,Plastic,19.3,41.12,1.74,Healthy
2026-01-22 08:10:00,F0477,Plastic,18.44,27.66,3.48,Damaged
2026-01-22 08:15:00,F0766,Biodegradable,9.26,32.49,1.38,Healthy
2026-01-22 08:20:00,F0119,Plastic,59.77,46.46,6.4,Needs Replacement
2026-01-22 08:25:00,F0365,Organic,62.55,53.44,1.25,Healthy
2026-01-22 08:30:00,F0608,Plastic,57.56,50.31,6.18,Damaged
2026-01-22 08:35:00,F0815,Biodegradable,41.18,36.28,4.51,Needs Replacement
2026-01-22 08:40:00,F0319,Biodegradable,7.68,10.47,1.08,Healthy
2026-01-22 08:45:00,F0856,Biodegradable,59.74,22.24,2.14,Damaged
2026-01-22 08:50:00,F0018,Organic,95.42,60.85,7.92,Damaged
2026-01-22 08:55:00,F0606,Plastic,10.14,35.35,2.08,Healthy
2026-01-22 09:00:00,F0591,Organic,81.28,14.45,2.36,Healthy
2026-01-22 09:05:00,F0881,Organic,96.17,12.53,7.1,Healthy
2026-01-22 09:10:00,F0490,Biodegradable,66.57,66.62,6.79,Healthy
2026-01-22 09:15:00,F0570,Organic,93.56,38.27,3.54,Needs Replacement
2026-01-22 09:20:00,F0398,Organic,15.45,36.94,4.79,Healthy
2026-01-22 09:25:00,F0186,Organic,6.83,65.09,7.63,Damaged
2026-01-22 09:30:00,F0061,Organic,13.13,11.97,2.61,Damaged
2026-01-22 09:35:00,F0326,Organic,99.66,32.24,1.51,Damaged
2026-01-22 09:40:00,F0050,Biodegradable,9.33,16.61,4.88,Healthy
2026-01-22 09:45:00,F0135,Biodegradable,54.2,63.95,5.67,Damaged
2026-01-22 09:50:00,F0865,Biodegradable,64.51,23.8,5.76,Healthy
2026-01-22 09:55:00,F0896,Biodegradable,19.57,20.93,3.5,Damaged
2026-01-22 10:00:00,F0061,Organic,76.9,44.85,7.41,Healthy
2026-01-22 10:05:00,F0350,Biodegradable,22.12,57.44,6.71,Needs Replacement
2026-01-22 10:10:00,F0867,Plastic,55.5,51.25,5.91,Healthy
2026-01-22 10:15:00,F0585,Organic,88.15,52.23,5.43,Damaged
2026-01-22 10:20:00,F0168,Plastic,4.84,27.29,1.22,Healthy
2026-01-22 10:25:00,F0433,Plastic,14.1,12.94,2.52,Damaged
2026-01-22 10:30:00,F0965,Biodegradable,12.24,57.16,6.43,Damaged
2026-01-22 10:35:00,F0827,Organic,76.87,25.19,6.23,Healthy
2026-01-22 10:40:00,F0512,Plastic,87.64,52.09,5.84,Needs Replacement
2026-01-22 10:45:00,F0280,Organic,3.81,56.47,6.89,Damaged
2026-01-22 10:50:00,F0031,Organic,32.57,26.83,7.13,Healthy
2026-01-22 10:55:00,F0849,Biodegradable,59.06,58.69,6.18,Healthy
2026-01-22 11:00:00,F0269,Organic,41.4,17.9,7.61,Needs Replacement
2026-01-22 11:05:00,F0653,Biodegradable,43.22,43.45,5.79,Needs Replacement
2026-01-22 11:10:00,F0623,Organic,57.15,12.44,2.81,Healthy
2026-01-22 11:15:00,F0298,Biodegradable,30.5,49.91,5.61,Needs Replacement
2026-01-22 11:20:00,F0930,Organic,45.43,61.56,5.55,Healthy
2026-01-22 11:25:00,F0547,Organic,31.62,21.43,6.33,Needs Replacement
2026-01-22 11:30:00,F0615,Organic,40.62,33.43,1.6,Healthy
2026-01-22 11:35:00,F0293,Organic,4.49,33.44,7.0,Healthy
2026-01-22 11:40:00,F0301,Biodegradable,52.44,47.8,1.86,Damaged
2026-01-22 11:45:00,F0015,Plastic,37.53,41.13,5.08,Damaged
2026-01-22 11:50:00,F0398,Plastic,38.74,46.53,4.12,Healthy
2026-01-22 11:55:00,F0554,Organic,75.86,33.22,6.38,Needs Replacement
2026-01-22 12:00:00,F0131,Organic,0.79,21.38,5.18,Needs Replacement
2026-01-22 12:05:00,F0805,Biodegradable,87.61,45.67,5.42,Needs Replacement
2026-01-22 12:10:00,F0388,Plastic,48.31,12.76,3.77,Needs Replacement
2026-01-22 12:15:00,F0162,Plastic,74.6,59.29,3.07,Needs Replacement
2026-01-22 12:20:00,F0089,Biodegradable,82.19,39.83,1.92,Healthy
2026-01-22 12:25:00,F0349,Plastic,32.23,26.41,7.73,Needs Replacement
2026-01-22 12:30:00,F0534,Organic,82.78,33.42,1.24,Damaged
2026-01-22 12:35:00,F0400,Plastic,83.69,60.26,3.16,Needs Replacement
2026-01-22 12:40:00,F0348,Plastic,17.98,31.72,6.94,Healthy
2026-01-22 12:45:00,F0339,Plastic,62.59,64.49,7.28,Healthy
2026-01-22 12:50:00,F0941,Organic,18.84,17.14,2.91,Healthy
2026-01-22 12:55:00,F0296,Biodegradable,32.94,67.64,5.37,Healthy
2026-01-22 13:00:00,F0127,Plastic,24.22,17.61,6.02,Damaged
2026-01-22 13:05:00,F0278,Organic,8.52,18.81,7.15,Damaged
2026-01-22 13:10:00,F0931,Biodegradable,22.62,16.54,6.7,Damaged
2026-01-22 13:15:00,F0926,Biodegradable,79.88,26.86,1.22,Needs Replacement
2026-01-22 13:20:00,F0879,Plastic,51.2,25.91,7.35,Damaged
2026-01-22 13:25:00,F0606,Biodegradable,84.28,37.93,6.84,Healthy
2026-01-22 13:30:00,F0099,Plastic,68.92,28.22,6.29,Needs Replacement
2026-01-22 13:35:00,F0504,Biodegradable,93.06,18.84,1.65,Damaged
2026-01-22 13:40:00,F0515,Plastic,86.55,64.07,4.62,Damaged
2026-01-22 13:45:00,F0393,Plastic,1.55,12.56,5.77,Needs Replacement
2026-01-22 13:50:00,F0532,Biodegradable,16.26,34.5,7.95,Needs Replacement
2026-01-22 13:55:00,F0485,Organic,81.08,50.76,3.53,Needs Replacement
2026-01-22 14:00:00,F0428,Plastic,77.63,62.26,7.07,Damaged
2026-01-22 14:05:00,F0201,Biodegradable,30.05,41.36,4.73,Needs Replacement
2026-01-22 14:10:00,F0766,Plastic,82.4,18.95,3.18,Healthy
2026-01-22 14:15:00,F0921,Organic,63.94,22.16,1.82,Damaged
2026-01-22 14:20:00,F0340,Plastic,67.96,55.43,4.87,Healthy
2026-01-22 14:25:00,F0540,Plastic,25.18,31.93,4.88,Damaged
2026-01-22 14:30:00,F0452,Organic,96.22,19.53,7.91,Needs Replacement
2026-01-22 14:35:00,F0546,Plastic,43.51,64.9,5.96,Damaged
2026-01-22 14:40:00,F0714,Biodegradable,54.6,39.71,3.25,Needs Replacement
2026-01-22 14:45:00,F0484,Organic,7.9,49.91,1.39,Healthy
2026-01-22 14:50:00,F0934,Organic,7.23,60.52,2.51,Damaged
2026-01-22 14:55:00,F0769,Biodegradable,35.99,21.37,3.6,Healthy
2026-01-22 15:00:00,F0493,Organic,39.61,15.72,5.58,Damaged
2026-01-22 15:05:00,F0270,Plastic,89.85,14.93,6.53,Healthy
2026-01-22 15:10:00,F0084,Organic,63.56,17.31,6.64,Needs Replacement
2026-01-22 15:15:00,F0392,Organic,35.55,45.45,7.07,Needs Replacement
2026-01-22 15:20:00,F0219,Plastic,70.78,28.71,7.52,Damaged
2026-01-22 15:25:00,F0126,Biodegradable,79.57,61.01,1.68,Needs Replacement
2026-01-22 15:30:00,F0805,Biodegradable,22.68,59.12,7.21,Needs Replacement
2026-01-22 15:35:00,F0030,Plastic,16.46,35.93,5.31,Healthy
2026-01-22 15:40:00,F0310,Plastic,75.0,54.78,6.54,Needs Replacement
2026-01-22 15:45:00,F0729,Biodegradable,30.15,45.98,3.55,Damaged
2026-01-22 15:50:00,F0071,Biodegradable,35.59,43.09,3.89,Damaged
2026-01-22 15:55:00,F0525,Organic,52.35,15.54,7.53,Healthy
2026-01-22 16:00:00,F0134,Plastic,94.8,69.76,6.66,Needs Replacement
2026-01-22 16:05:00,F0223,Organic,57.27,19.21,5.25,Needs Replacement
2026-01-22 16:10:00,F0925,Organic,97.76,23.18,1.89,Damaged
2026-01-22 16:15:00,F0121,Plastic,86.75,67.15,2.47,Healthy
2026-01-22 16:20:00,F0571,Plastic,18.62,62.26,3.25,Needs Replacement
2026-01-22 16:25:00,F0320,Biodegradable,1.38,37.03,5.8,Damaged
2026-01-22 16:30:00,F0569,Organic,87.79,41.52,6.58,Needs Replacement
2026-01-22 16:35:00,F0007,Organic,45.98,53.38,4.47,Healthy
2026-01-22 16:40:00,F0781,Organic,22.12,33.1,7.02,Needs Replacement
2026-01-22 16:45:00,F0986,Biodegradable,1.25,50.33,4.14,Healthy
2026-01-22 16:50:00,F0124,Plastic,16.21,69.55,6.97,Damaged
2026-01-22 16:55:00,F0951,Plastic,64.5,17.62,5.07,Damaged
2026-01-22 17:00:00,F0569,Organic,41.53,67.5,2.16,Needs Replacement
2026-01-22 17:05:00,F0614,Plastic,13.37,25.69,6.53,Healthy
2026-01-22 17:10:00,F0369,Biodegradable,85.05,64.38,6.05,Damaged
2026-01-22 17:15:00,F0779,Plastic,99.83,35.85,2.16,Needs Replacement
2026-01-22 17:20:00,F0280,Biodegradable,40.09,68.0,1.23,Needs Replacement
2026-01-22 17:25:00,F0670,Organic,98.85,15.67,2.42,Healthy
2026-01-22 17:30:00,F0593,Biodegradable,99.85,41.26,6.09,Healthy
2026-01-22 17:35:00,F0881,Organic,11.25,41.25,3.17,Needs Replacement
2026-01-22 17:40:00,F0030,Organic,9.81,68.01,2.27,Damaged
2026-01-22 17:45:00,F0776,Biodegradable,23.5,43.44,1.62,Healthy
2026-01-22 17:50:00,F0809,Organic,30.69,52.62,7.57,Needs Replacement
2026-01-22 17:55:00,F0421,Biodegradable,62.59,41.74,1.58,Needs Replacement
2026-01-22 18:00:00,F0840,Biodegradable,57.94,65.54,6.17,Damaged
2026-01-22 18:05:00,F0076,Biodegradable,70.98,44.36,2.81,Healthy
2026-01-22 18:10:00,F0214,Organic,49.96,55.28,7.45,Healthy
2026-01-22 18:15:00,F0182,Organic,90.96,33.63,5.03,Needs Replacement
2026-01-22 18:20:00,F0375,Biodegradable,46.12,41.18,4.33,Healthy
2026-01-22 18:25:00,F0854,Organic,36.09,43.54,1.5,Healthy
2026-01-22 18:30:00,F0355,Plastic,48.55,69.91,1.51,Damaged
2026-01-22 18:35:00,F0305,Plastic,2.35,42.86,4.81,Needs Replacement
2026-01-22 18:40:00,F0623,Biodegradable,78.66,61.3,2.34,Healthy
2026-01-22 18:45:00,F0373,Plastic,67.96,39.4,3.84,Healthy
2026-01-22 18:50:00,F0343,Organic,9.4,14.92,5.27,Damaged
2026-01-22 18:55:00,F0204,Organic,96.7,28.47,2.28,Needs Replacement
2026-01-22 19:00:00,F0600,Biodegradable,49.94,19.38,1.52,Healthy
2026-01-22 19:05:00,F0404,Plastic,8.7,61.84,4.67,Needs Replacement
2026-01-22 19:10:00,F0472,Biodegradable,77.73,64.45,2.75,Damaged
2026-01-22 19:15:00,F0675,Biodegradable,1.85,60.35,7.87,Damaged
2026-01-22 19:20:00,F0230,Biodegradable,95.57,30.56,7.34,Damaged
2026-01-22 19:25:00,F0587,Organic,92.21,32.89,5.29,Needs Replacement
2026-01-22 19:30:00,F0038,Biodegradable,66.63,33.23,2.27,Damaged
2026-01-22 19:35:00,F0199,Organic,39.44,12.7,2.27,Healthy
2026-01-22 19:40:00,F0373,Biodegradable,43.23,23.42,2.21,Needs Replacement
2026-01-22 19:45:00,F0274,Organic,56.76,36.33,2.11,Damaged
2026-01-22 19:50:00,F0662,Organic,98.42,16.21,6.91,Needs Replacement
2026-01-22 19:55:00,F0787,Organic,91.5,36.64,2.37,Needs Replacement
2026-01-22 20:00:00,F0695,Biodegradable,0.71,16.94,3.35,Healthy
2026-01-22 20:05:00,F0641,Plastic,83.35,37.99,4.49,Damaged
2026-01-22 20:10:00,F0601,Organic,83.67,34.82,6.72,Damaged
2026-01-22 20:15:00,F0889,Biodegradable,34.03,40.5,5.82,Damaged
2026-01-22 20:20:00,F0775,Biodegradable,55.03,55.26,1.24,Needs Replacement
2026-01-22 20:25:00,F0513,Organic,67.36,38.46,7.59,Needs Replacement
2026-01-22 20:30:00,F0301,Plastic,86.2,59.07,6.81,Damaged
2026-01-22 20:35:00,F0279,Organic,91.58,69.57,3.88,Healthy
2026-01-22 20:40:00,F0860,Organic,16.82,22.05,4.43,Damaged
2026-01-22 20:45:00,F0609,Organic,42.43,58.12,7.12,Needs Replacement
2026-01-22 20:50:00,F0397,Organic,73.54,41.09,5.59,Damaged
2026-01-22 20:55:00,F0454,Biodegradable,25.93,45.0,2.86,Healthy
2026-01-22 21:00:00,F0245,Organic,34.89,60.52,6.66,Needs Replacement
2026-01-22 21:05:00,F0735,Biodegradable,90.71,61.81,5.53,Healthy
2026-01-22 21:10:00,F0508,Plastic,25.32,56.48,2.69,Damaged
2026-01-22 21:15:00,F0852,Biodegradable,64.75,43.55,2.91,Damaged
2026-01-22 21:20:00,F0639,Organic,61.11,28.89,2.59,Needs Replacement
2026-01-22 21:25:00,F0358,Organic,87.75,24.22,6.63,Damaged
2026-01-22 21:30:00,F0538,Plastic,86.69,11.95,7.77,Needs Replacement
2026-01-22 21:35:00,F0381,Organic,22.96,22.95,6.11,Damaged
2026-01-22 21:40:00,F0417,Biodegradable,18.85,53.3,1.85,Needs Replacement
2026-01-22 21:45:00,F0941,Organic,30.29,54.42,1.3,Healthy
2026-01-22 21:50:00,F0823,Organic,47.47,37.52,1.39,Healthy
2026-01-22 21:55:00,F0181,Biodegradable,35.17,53.3,3.7,Needs Replacement
2026-01-22 22:00:00,F0756,Plastic,83.84,28.85,1.32,Needs Replacement
2026-01-22 22:05:00,F0647,Biodegradable,36.1,23.83,4.73,Needs Replacement
2026-01-22 22:10:00,F0479,Organic,20.6,63.45,7.47,Damaged
2026-01-22 22:15:00,F0977,Organic,42.7,51.5,7.98,Needs Replacement
2026-01-22 22:20:00,F0975,Plastic,74.56,24.86,6.96,Needs Replacement
2026-01-22 22:25:00,F0271,Plastic,19.66,57.03,5.34,Needs Replacement
2026-01-22 22:30:00,F0777,Biodegradable,59.46,56.95,5.96,Needs Replacement
2026-01-22 22:35:00,F0022,Plastic,81.82,14.19,7.14,Damaged
2026-01-22 22:40:00,F0113,Biodegradable,48.92,12.7,6.63,Damaged
2026-01-22 22:45:00,F0269,Biodegradable,32.79,33.5,7.84,Needs Replacement
2026-01-22 22:50:00,F0202,Plastic,47.58,48.03,2.42,Healthy
2026-01-22 22:55:00,F0330,Organic,42.71,25.82,2.5,Damaged
2026-01-22 23:00:00,F0605,Plastic,37.12,52.35,4.31,Needs Replacement
2026-01-22 23:05:00,F0776,Biodegradable,2.29,58.51,3.41,Damaged
2026-01-22 23:10:00,F0030,Biodegradable,18.34,11.9,6.32,Needs Replacement
2026-01-22 23:15:00,F0482,Plastic,86.07,38.22,4.03,Needs Replacement
2026-01-22 23:20:00,F0697,Plastic,8.52,60.77,5.9,Healthy
2026-01-22 23:25:00,F0945,Plastic,59.97,24.35,6.03,Healthy
2026-01-22 23:30:00,F0260,Organic,57.0,17.64,4.44,Damaged
2026-01-22 23:35:00,F0689,Plastic,64.46,41.26,3.08,Damaged
2026-01-22 23:40:00,F0511,Organic,73.64,22.43,7.39,Damaged
2026-01-22 23:45:00,F0798,Plastic,44.59,30.07,5.85,Needs Replacement
2026-01-22 23:50:00,F0772,Organic,57.88,55.51,5.4,Damaged
2026-01-22 23:55:00,F0274,Plastic,36.34,63.19,6.73,Needs Replacement
2026-01-23 00:00:00,F0551,Biodegradable,3.58,37.3,2.43,Damaged
2026-01-23 00:05:00,F0993,Plastic,30.14,41.85,2.88,Healthy
2026-01-23 00:10:00,F0474,Plastic,22.8,41.05,6.38,Needs Replacement
2026-01-23 00:15:00,F0695,Plastic,92.97,29.71,2.99,Needs Replacement
2026-01-23 00:20:00,F0527,Plastic,87.76,47.21,4.35,Damaged
2026-01-23 00:25:00,F0890,Biodegradable,0.99,17.06,4.16,Healthy
2026-01-23 00:30:00,F0263,Plastic,79.19,57.15,6.63,Damaged
2026-01-23 00:35:00,F0334,Biodegradable,94.82,35.68,6.21,Damaged
2026-01-23 00:40:00,F0274,Plastic,50.26,26.02,2.83,Damaged
2026-01-23 00:45:00,F0761,Biodegradable,56.2,44.35,3.21,Healthy
2026-01-23 00:50:00,F0035,Organic,2.4,69.75,7.8,Damaged
2026-01-23 00:55:00,F0845,Organic,88.75,36.14,6.91,Healthy
2026-01-23 01:00:00,F0762,Organic,42.33,47.5,1.38,Healthy
2026-01-23 01:05:00,F0134,Biodegradable,20.67,64.72,1.26,Damaged
2026-01-23 01:10:00,F0022,Biodegradable,65.84,34.13,2.37,Healthy
2026-01-23 01:15:00,F0362,Organic,91.03,31.49,7.75,Healthy
2026-01-23 01:20:00,F0608,Plastic,97.85,11.76,5.18,Needs Replacement
2026-01-23 01:25:00,F0185,Biodegradable,27.52,57.69,1.42,Needs Replacement
2026-01-23 01:30:00,F0888,Biodegradable,20.85,19.8,1.82,Damaged
2026-01-23 01:35:00,F0335,Plastic,35.73,15.61,7.83,Healthy
2026-01-23 01:40:00,F0545,Plastic,29.22,22.03,5.65,Damaged
2026-01-23 01:45:00,F0956,Biodegradable,3.9,69.8,6.98,Healthy
2026-01-23 01:50:00,F0128,Biodegradable,80.77,13.33,4.7,Healthy
2026-01-23 01:55:00,F0984,Organic,56.66,64.6,1.39,Needs Replacement
2026-01-23 02:00:00,F0529,Organic,53.07,52.53,2.52,Needs Replacement
2026-01-23 02:05:00,F0210,Biodegradable,75.65,39.12,4.13,Damaged
2026-01-23 02:10:00,F0338,Biodegradable,94.12,19.02,6.82,Damaged
2026-01-23 02:15:00,F0879,Plastic,32.74,41.58,1.73,Damaged
2026-01-23 02:20:00,F0784,Biodegradable,15.68,18.72,5.75,Healthy
2026-01-23 02:25:00,F0364,Plastic,43.66,26.47,1.92,Damaged
2026-01-23 02:30:00,F0479,Biodegradable,34.33,62.25,3.56,Needs Replacement
2026-01-23 02:35:00,F0082,Organic,77.4,57.01,5.63,Needs Replacement
2026-01-23 02:40:00,F0127,Biodegradable,59.17,24.62,7.56,Needs Replacement
2026-01-23 02:45:00,F0866,Organic,72.79,61.14,5.34,Needs Replacement
2026-01-23 02:50:00,F0819,Organic,74.17,37.21,1.72,Healthy
2026-01-23 02:55:00,F0289,Biodegradable,82.46,55.73,4.59,Damaged
2026-01-23 03:00:00,F0032,Biodegradable,11.51,52.78,3.28,Damaged
2026-01-23 03:05:00,F0298,Plastic,13.62,25.32,3.85,Healthy
2026-01-23 03:10:00,F0423,Biodegradable,91.75,11.61,7.53,Needs Replacement
2026-01-23 03:15:00,F0793,Plastic,34.67,31.14,5.88,Needs Replacement
2026-01-23 03:20:00,F0064,Biodegradable,86.09,40.5,1.54,Damaged
2026-01-23 03:25:00,F0338,Organic,13.41,19.15,4.07,Needs Replacement
2026-01-23 03:30:00,F0505,Organic,76.76,37.12,4.48,Needs Replacement
2026-01-23 03:35:00,F0726,Plastic,57.44,20.8,2.99,Healthy
2026-01-23 03:40:00,F0755,Biodegradable,21.68,36.84,6.96,Healthy
2026-01-23 03:45:00,F0506,Plastic,48.25,38.2,1.27,Damaged
2026-01-23 03:50:00,F0292,Biodegradable,28.5,29.86,3.55,Needs Replacement
2026-01-23 03:55:00,F0272,Biodegradable,56.92,54.23,4.23,Healthy
2026-01-23 04:00:00,F0350,Organic,43.64,17.95,5.74,Damaged
2026-01-23 04:05:00,F0601,Plastic,84.55,17.04,3.31,Needs Replacement
2026-01-23 04:10:00,F0442,Organic,90.16,65.81,6.44,Needs Replacement
2026-01-23 04:15:00,F0127,Plastic,62.41,57.47,3.63,Healthy
2026-01-23 04:20:00,F0203,Plastic,49.08,50.77,3.78,Needs Replacement
2026-01-23 04:25:00,F0207,Organic,81.7,66.91,5.85,Healthy
2026-01-23 04:30:00,F0058,Organic,49.64,65.73,6.73,Needs Replacement
2026-01-23 04:35:00,F0297,Organic,96.04,30.18,2.68,Needs Replacement
2026-01-23 04:40:00,F0946,Organic,62.25,30.17,6.82,Healthy
2026-01-23 04:45:00,F0994,Biodegradable,95.82,35.44,4.91,Healthy
2026-01-23 04:50:00,F0496,Biodegradable,20.35,57.66,7.49,Needs Replacement
2026-01-23 04:55:00,F0628,Organic,41.48,13.24,6.74,Healthy
2026-01-23 05:00:00,F0031,Biodegradable,30.15,58.21,5.06,Needs Replacement
2026-01-23 05:05:00,F0486,Plastic,75.91,13.05,2.41,Needs Replacement
2026-01-23 05:10:00,F0785,Plastic,91.07,50.83,4.91,Healthy
2026-01-23 05:15:00,F0229,Organic,62.57,44.75,5.08,Damaged
2026-01-23 05:20:00,F0699,Plastic,38.37,12.77,7.57,Healthy
2026-01-23 05:25:00,F0979,Biodegradable,66.82,35.21,4.66,Damaged
2026-01-23 05:30:00,F0091,Plastic,54.63,48.77,1.17,Needs Replacement
2026-01-23 05:35:00,F0081,Plastic,37.18,55.75,2.38,Healthy
2026-01-23 05:40:00,F0416,Organic,36.94,22.28,1.31,Healthy
2026-01-23 05:45:00,F0752,Plastic,3.3,52.49,5.8,Damaged
2026-01-23 05:50:00,F0602,Plastic,21.71,44.24,2.7,Healthy
2026-01-23 05:55:00,F0557,Biodegradable,90.96,49.94,7.23,Damaged
2026-01-23 06:00:00,F0975,Plastic,44.75,20.17,5.58,Damaged
2026-01-23 06:05:00,F0976,Organic,53.23,22.68,3.08,Damaged
2026-01-23 06:10:00,F0443,Organic,9.93,55.36,6.41,Healthy
2026-01-23 06:15:00,F0139,Biodegradable,74.77,26.38,6.9,Healthy
2026-01-23 06:20:00,F0191,Organic,54.37,27.94,5.9,Healthy
2026-01-23 06:25:00,F0285,Plastic,74.29,34.29,3.04,Damaged
2026-01-23 06:30:00,F0264,Organic,81.62,28.42,6.94,Damaged
2026-01-23 06:35:00,F0780,Organic,55.88,55.99,6.35,Damaged
2026-01-23 06:40:00,F0804,Biodegradable,82.04,34.39,4.1,Needs Replacement
2026-01-23 06:45:00,F0455,Organic,51.83,50.99,4.85,Needs Replacement
2026-01-23 06:50:00,F0457,Biodegradable,60.94,20.13,3.72,Healthy
2026-01-23 06:55:00,F0625,Plastic,30.6,66.99,3.69,Damaged
2026-01-23 07:00:00,F0335,Organic,61.66,30.1,1.64,Needs Replacement
2026-01-23 07:05:00,F0286,Plastic,40.34,49.22,2.37,Healthy
2026-01-23 07:10:00,F0012,Biodegradable,62.66,57.53,5.08,Damaged
2026-01-23 07:15:00,F0398,Organic,80.52,26.1,7.69,Needs Replacement
2026-01-23 07:20:00,F0919,Plastic,66.77,58.47,1.45,Damaged
2026-01-23 07:25:00,F0801,Plastic,98.64,20.92,1.97,Healthy
2026-01-23 07:30:00,F0662,Plastic,66.5,49.0,7.82,Needs Replacement
2026-01-23 07:35:00,F0054,Plastic,38.37,39.44,2.3,Needs Replacement
2026-01-23 07:40:00,F0277,Plastic,20.78,39.16,4.91,Needs Replacement
2026-01-23 07:45:00,F0504,Organic,67.55,13.86,4.6,Damaged
2026-01-23 07:50:00,F0514,Plastic,88.33,41.25,3.29,Healthy
2026-01-23 07:55:00,F0395,Biodegradable,92.82,57.23,3.3,Needs Replacement
2026-01-23 08:00:00,F0840,Biodegradable,67.58,36.96,3.8,Needs Replacement
2026-01-23 08:05:00,F0694,Plastic,82.57,37.62,3.7,Healthy
2026-01-23 08:10:00,F0135,Organic,88.67,30.24,6.95,Damaged
2026-01-23 08:15:00,F0262,Biodegradable,74.86,49.1,2.83,Needs Replacement
2026-01-23 08:20:00,F0479,Plastic,21.48,34.85,2.57,Needs Replacement
2026-01-23 08:25:00,F0198,Organic,41.11,25.32,4.04,Needs Replacement
2026-01-23 08:30:00,F0702,Biodegradable,17.76,13.69,2.06,Needs Replacement
2026-01-23 08:35:00,F0378,Plastic,44.31,37.35,1.7,Healthy
2026-01-23 08:40:00,F0586,Biodegradable,24.96,14.97,5.02,Needs Replacement
2026-01-23 08:45:00,F0419,Organic,67.07,49.44,6.63,Damaged
2026-01-23 08:50:00,F0561,Organic,10.13,23.43,7.15,Healthy
2026-01-23 08:55:00,F0935,Plastic,54.34,47.55,7.92,Healthy
2026-01-23 09:00:00,F0921,Organic,70.96,40.04,7.5,Needs Replacement
2026-01-23 09:05:00,F0688,Biodegradable,71.02,22.29,6.98,Damaged
2026-01-23 09:10:00,F0210,Biodegradable,71.67,56.76,1.9,Healthy
2026-01-23 09:15:00,F0820,Biodegradable,0.16,12.43,7.87,Damaged
2026-01-23 09:20:00,F0040,Organic,97.05,54.2,4.44,Healthy
2026-01-23 09:25:00,F0471,Biodegradable,12.69,14.89,2.87,Needs Replacement
2026-01-23 09:30:00,F0613,Plastic,58.04,56.0,3.53,Needs Replacement
2026-01-23 09:35:00,F0360,Biodegradable,84.72,38.38,5.92,Damaged
2026-01-23 09:40:00,F0221,Organic,42.92,67.45,6.61,Damaged
2026-01-23 09:45:00,F0007,Biodegradable,82.16,12.68,7.6,Needs Replacement
2026-01-23 09:50:00,F0127,Plastic,47.91,63.81,6.04,Healthy
2026-01-23 09:55:00,F0919,Plastic,42.81,10.65,6.26,Healthy
2026-01-23 10:00:00,F0823,Plastic,40.15,45.26,3.01,Needs Replacement
2026-01-23 10:05:00,F0855,Plastic,11.02,69.9,2.67,Healthy
2026-01-23 10:10:00,F0289,Plastic,28.34,14.96,1.88,Healthy
2026-01-23 10:15:00,F0877,Plastic,17.96,35.5,3.46,Healthy
2026-01-23 10:20:00,F0992,Organic,22.17,34.1,7.33,Needs Replacement
2026-01-23 10:25:00,F0465,Organic,51.02,35.11,2.02,Needs Replacement
2026-01-23 10:30:00,F0916,Plastic,33.84,35.26,7.58,Damaged
2026-01-23 10:35:00,F0059,Plastic,24.2,47.74,4.31,Needs Replacement
2026-01-23 10:40:00,F0984,Organic,72.4,16.76,1.05,Damaged
2026-01-23 10:45:00,F0564,Organic,84.55,65.05,7.46,Healthy
2026-01-23 10:50:00,F0078,Plastic,42.63,10.16,4.24,Healthy
2026-01-23 10:55:00,F0465,Biodegradable,8.32,41.35,6.95,Damaged
2026-01-23 11:00:00,F0819,Plastic,20.26,20.81,2.69,Damaged
2026-01-23 11:05:00,F0018,Biodegradable,80.35,55.61,7.43,Needs Replacement
2026-01-23 11:10:00,F0328,Plastic,27.26,26.91,5.08,Needs Replacement
2026-01-23 11:15:00,F0596,Organic,33.08,59.06,7.27,Healthy
2026-01-23 11:20:00,F0033,Plastic,14.53,16.5,4.7,Needs Replacement
2026-01-23 11:25:00,F0542,Organic,17.66,51.0,3.89,Damaged
2026-01-23 11:30:00,F0026,Plastic,92.89,29.86,1.77,Damaged
2026-01-23 11:35:00,F0928,Plastic,3.45,14.13,6.42,Needs Replacement
2026-01-23 11:40:00,F0324,Plastic,71.01,42.66,1.23,Healthy
2026-01-23 11:45:00,F0374,Biodegradable,60.68,21.42,3.74,Healthy
2026-01-23 11:50:00,F0007,Organic,22.43,35.0,6.35,Needs Replacement
2026-01-23 11:55:00,F0477,Biodegradable,70.87,32.1,3.12,Healthy
2026-01-23 12:00:00,F0123,Organic,0.29,59.18,7.3,Needs Replacement
2026-01-23 12:05:00,F0663,Plastic,23.33,65.74,1.23,Healthy
2026-01-23 12:10:00,F0277,Organic,78.63,10.64,7.77,Healthy
2026-01-23 12:15:00,F0895,Biodegradable,11.13,21.04,5.93,Healthy
2026-01-23 12:20:00,F0884,Plastic,55.18,50.8,6.63,Damaged
2026-01-23 12:25:00,F0658,Biodegradable,81.98,54.69,1.65,Needs Replacement
2026-01-23 12:30:00,F0456,Organic,38.07,16.51,3.65,Healthy
2026-01-23 12:35:00,F0243,Biodegradable,35.46,15.66,7.66,Damaged
2026-01-23 12:40:00,F0059,Biodegradable,23.9,55.81,1.48,Needs Replacement
2026-01-23 12:45:00,F0794,Organic,72.11,63.55,5.13,Damaged
2026-01-23 12:50:00,F0076,Organic,76.91,21.35,6.02,Damaged
2026-01-23 12:55:00,F0512,Plastic,21.19,63.36,3.01,Damaged
2026-01-23 13:00:00,F0045,Organic,60.22,59.0,6.06,Needs Replacement
2026-01-23 13:05:00,F0891,Organic,70.42,58.09,3.07,Healthy
2026-01-23 13:10:00,F0862,Organic,97.91,30.04,2.42,Needs Replacement
2026-01-23 13:15:00,F0392,Organic,2.15,39.85,7.58,Healthy
2026-01-23 13:20:00,F0481,Biodegradable,57.65,33.52,7.09,Damaged
2026-01-23 13:25:00,F0187,Organic,32.03,18.83,7.59,Healthy
2026-01-23 13:30:00,F0779,Plastic,58.1,59.13,3.87,Damaged
2026-01-23 13:35:00,F0067,Plastic,65.76,57.26,6.73,Damaged
2026-01-23 13:40:00,F0121,Plastic,43.61,61.64,1.14,Damaged
2026-01-23 13:45:00,F0004,Biodegradable,88.62,57.28,4.05,Damaged
2026-01-23 13:50:00,F0835,Biodegradable,6.8,26.7,5.0,Healthy
2026-01-23 13:55:00,F0140,Organic,65.37,12.94,7.11,Damaged
2026-01-23 14:00:00,F0952,Biodegradable,40.62,20.09,1.17,Damaged
2026-01-23 14:05:00,F0872,Organic,69.03,37.71,6.76,Healthy
2026-01-23 14:10:00,F0715,Organic,8.46,50.26,4.25,Damaged
2026-01-23 14:15:00,F0344,Organic,12.94,67.53,1.74,Damaged
2026-01-23 14:20:00,F0314,Organic,65.6,54.11,7.36,Healthy
2026-01-23 14:25:00,F0985,Biodegradable,96.41,36.98,5.45,Needs Replacement
2026-01-23 14:30:00,F0608,Plastic,39.03,57.89,5.8,Healthy
2026-01-23 14:35:00,F0124,Plastic,3.69,61.92,7.31,Needs Replacement
2026-01-23 14:40:00,F0583,Biodegradable,40.13,61.33,6.11,Damaged
2026-01-23 14:45:00,F0687,Biodegradable,45.96,26.94,4.71,Healthy
2026-01-23 14:50:00,F0435,Organic,35.17,12.92,3.5,Damaged
2026-01-23 14:55:00,F0655,Organic,26.57,58.63,4.67,Healthy
2026-01-23 15:00:00,F0116,Organic,36.31,17.24,1.92,Damaged
2026-01-23 15:05:00,F0289,Organic,49.66,40.58,7.61,Needs Replacement
2026-01-23 15:10:00,F0951,Biodegradable,60.72,32.43,7.89,Damaged
2026-01-23 15:15:00,F0222,Biodegradable,67.81,29.99,4.85,Healthy
2026-01-23 15:20:00,F0770,Plastic,37.28,46.26,5.13,Healthy
2026-01-23 15:25:00,F0627,Plastic,35.07,56.38,6.9,Healthy
2026-01-23 15:30:00,F0592,Plastic,69.7,63.52,3.98,Healthy
2026-01-23 15:35:00,F0583,Organic,38.15,39.45,5.04,Damaged
2026-01-23 15:40:00,F0039,Plastic,57.52,22.65,2.67,Damaged
2026-01-23 15:45:00,F0222,Plastic,7.63,55.88,4.35,Needs Replacement
2026-01-23 15:50:00,F0756,Biodegradable,64.14,41.82,4.61,Needs Replacement
2026-01-23 15:55:00,F0183,Organic,37.39,24.13,6.9,Damaged
2026-01-23 16:00:00,F0795,Biodegradable,17.17,18.15,5.73,Needs Replacement
2026-01-23 16:05:00,F0572,Plastic,25.36,40.25,1.8,Needs Replacement
2026-01-23 16:10:00,F0764,Organic,59.09,49.87,2.38,Healthy
2026-01-23 16:15:00,F0131,Plastic,45.21,44.24,2.16,Damaged
2026-01-23 16:20:00,F0442,Organic,22.1,36.43,4.22,Healthy
2026-01-23 16:25:00,F0739,Organic,79.32,44.06,2.94,Needs Replacement
2026-01-23 16:30:00,F0334,Organic,83.65,48.65,1.39,Damaged
2026-01-23 16:35:00,F0577,Plastic,66.02,53.49,6.47,Needs Replacement
2026-01-23 16:40:00,F0309,Plastic,30.07,14.45,1.88,Needs Replacement
2026-01-23 16:45:00,F0948,Biodegradable,64.07,22.38,2.73,Healthy
2026-01-23 16:50:00,F0878,Biodegradable,6.87,29.83,3.46,Healthy
2026-01-23 16:55:00,F0279,Biodegradable,89.99,37.57,1.35,Healthy
2026-01-23 17:00:00,F0876,Organic,73.31,21.29,5.14,Needs Replacement
2026-01-23 17:05:00,F0627,Organic,64.37,69.51,2.31,Healthy
2026-01-23 17:10:00,F0912,Organic,19.95,16.03,4.75,Healthy
2026-01-23 17:15:00,F0410,Biodegradable,80.66,42.23,3.27,Needs Replacement
2026-01-23 17:20:00,F0280,Organic,22.78,65.36,5.5,Healthy
2026-01-23 17:25:00,F0150,Organic,6.04,53.01,1.11,Damaged
2026-01-23 17:30:00,F0286,Biodegradable,59.3,25.63,2.35,Healthy
2026-01-23 17:35:00,F0538,Plastic,11.47,67.46,1.75,Damaged
2026-01-23 17:40:00,F0916,Biodegradable,54.57,48.42,3.91,Damaged
2026-01-23 17:45:00,F0884,Biodegradable,11.36,67.56,6.34,Damaged
2026-01-23 17:50:00,F0216,Biodegradable,24.54,36.9,7.67,Needs Replacement
2026-01-23 17:55:00,F0092,Organic,79.66,63.26,1.54,Damaged
2026-01-23 18:00:00,F0379,Organic,49.95,61.31,3.1,Healthy
2026-01-23 18:05:00,F0294,Biodegradable,64.3,62.24,6.86,Healthy
2026-01-23 18:10:00,F0931,Organic,38.43,28.11,7.59,Needs Replacement
2026-01-23 18:15:00,F0985,Plastic,41.62,19.76,7.38,Healthy
2026-01-23 18:20:00,F0727,Biodegradable,34.17,25.04,3.73,Healthy
2026-01-23 18:25:00,F0502,Plastic,14.41,25.0,2.99,Needs Replacement
2026-01-23 18:30:00,F0393,Plastic,24.61,27.71,2.93,Damaged
2026-01-23 18:35:00,F0702,Plastic,92.59,59.99,2.81,Damaged
2026-01-23 18:40:00,F0256,Biodegradable,66.2,35.03,6.57,Damaged
2026-01-23 18:45:00,F0793,Organic,85.32,14.62,4.09,Healthy
2026-01-23 18:50:00,F0648,Biodegradable,39.12,30.24,1.52,Healthy
2026-01-23 18:55:00,F0299,Biodegradable,74.02,10.03,2.19,Healthy
2026-01-23 19:00:00,F0043,Biodegradable,48.76,33.96,3.68,Needs Replacement
2026-01-23 19:05:00,F0750,Organic,43.61,49.87,1.6,Needs Replacement
2026-01-23 19:10:00,F0402,Organic,12.18,23.1,2.38,Damaged
2026-01-23 19:15:00,F0963,Biodegradable,80.36,18.43,3.38,Healthy
2026-01-23 19:20:00,F0328,Biodegradable,32.87,35.87,6.31,Healthy
2026-01-23 19:25:00,F0745,Organic,43.92,46.76,5.67,Damaged
2026-01-23 19:30:00,F0756,Organic,17.04,13.57,3.3,Damaged
2026-01-23 19:35:00,F0119,Biodegradable,17.83,15.14,5.09,Damaged
2026-01-23 19:40:00,F0933,Biodegradable,10.26,26.99,4.99,Needs Replacement
2026-01-23 19:45:00,F0770,Plastic,50.38,27.41,2.99,Healthy
2026-01-23 19:50:00,F0407,Biodegradable,81.56,67.69,5.85,Damaged
2026-01-23 19:55:00,F0423,Organic,18.96,17.26,6.98,Healthy
2026-01-23 20:00:00,F0728,Plastic,0.57,17.24,2.14,Healthy
2026-01-23 20:05:00,F0635,Biodegradable,45.02,63.4,2.07,Damaged
2026-01-23 20:10:00,F0516,Biodegradable,30.27,28.43,5.33,Damaged
2026-01-23 20:15:00,F0076,Biodegradable,39.1,31.84,3.08,Damaged
2026-01-23 20:20:00,F0128,Plastic,14.69,21.2,6.6,Damaged
2026-01-23 20:25:00,F0622,Plastic,38.56,63.21,3.29,Needs Replacement
2026-01-23 20:30:00,F0127,Organic,31.22,26.39,5.47,Healthy
2026-01-23 20:35:00,F0027,Plastic,79.59,53.16,4.92,Healthy
2026-01-23 20:40:00,F0223,Plastic,19.07,41.04,7.18,Needs Replacement
2026-01-23 20:45:00,F0909,Plastic,40.26,62.67,6.37,Needs Replacement
2026-01-23 20:50:00,F0013,Biodegradable,18.3,25.04,6.01,Healthy
2026-01-23 20:55:00,F0258,Organic,14.76,53.59,6.14,Healthy
2026-01-23 21:00:00,F0249,Plastic,94.27,38.6,1.57,Healthy
2026-01-23 21:05:00,F0991,Organic,99.5,28.79,7.56,Healthy
2026-01-23 21:10:00,F0834,Organic,24.17,35.43,6.6,Needs Replacement
2026-01-23 21:15:00,F0941,Biodegradable,38.49,28.66,1.94,Healthy
2026-01-23 21:20:00,F0605,Biodegradable,65.18,48.07,5.63,Needs Replacement
2026-01-23 21:25:00,F0405,Organic,63.98,64.6,3.99,Needs Replacement
2026-01-23 21:30:00,F0886,Organic,5.18,42.34,7.14,Needs Replacement
2026-01-23 21:35:00,F0347,Plastic,86.33,14.5,4.14,Needs Replacement
2026-01-23 21:40:00,F0224,Biodegradable,84.28,13.11,2.69,Healthy
2026-01-23 21:45:00,F0705,Biodegradable,88.25,32.22,1.51,Damaged
2026-01-23 21:50:00,F0291,Organic,71.47,39.58,7.42,Healthy
2026-01-23 21:55:00,F0907,Plastic,34.47,20.97,3.42,Needs Replacement
2026-01-23 22:00:00,F0688,Plastic,74.49,49.99,4.72,Damaged
2026-01-23 22:05:00,F0742,Biodegradable,17.79,69.89,4.04,Damaged
2026-01-23 22:10:00,F0225,Biodegradable,23.39,43.05,5.9,Damaged
2026-01-23 22:15:00,F0524,Biodegradable,10.34,43.08,6.57,Healthy
2026-01-23 22:20:00,F0642,Plastic,90.78,48.89,7.79,Needs Replacement
2026-01-23 22:25:00,F0906,Biodegradable,54.93,35.59,1.15,Healthy
2026-01-23 22:30:00,F0926,Organic,27.42,49.04,2.63,Damaged
2026-01-23 22:35:00,F0593,Plastic,23.1,41.26,5.21,Healthy
2026-01-23 22:40:00,F0608,Plastic,82.06,53.53,5.77,Damaged
2026-01-23 22:45:00,F0725,Organic,8.09,21.47,2.75,Damaged
2026-01-23 22:50:00,F0876,Biodegradable,5.7,10.41,4.28,Healthy
2026-01-23 22:55:00,F0565,Organic,49.56,32.5,6.06,Damaged
2026-01-23 23:00:00,F0935,Organic,28.26,44.67,5.28,Healthy
2026-01-23 23:05:00,F0722,Organic,78.22,37.36,4.53,Healthy
2026-01-23 23:10:00,F0832,Organic,76.87,24.26,7.54,Damaged
2026-01-23 23:15:00,F0566,Organic,35.84,46.65,6.76,Damaged
2026-01-23 23:20:00,F0380,Biodegradable,35.9,54.9,2.14,Needs Replacement
2026-01-23 23:25:00,F0194,Biodegradable,33.66,21.77,6.92,Healthy
2026-01-23 23:30:00,F0099,Biodegradable,74.25,46.74,3.46,Needs Replacement
2026-01-23 23:35:00,F0766,Biodegradable,20.82,51.33,1.77,Healthy
2026-01-23 23:40:00,F0110,Biodegradable,2.59,34.64,3.16,Healthy
2026-01-23 23:45:00,F0412,Organic,97.73,58.4,4.0,Damaged
2026-01-23 23:50:00,F0032,Organic,60.54,66.57,3.35,Healthy
2026-01-23 23:55:00,F0146,Plastic,49.12,39.8,7.45,Healthy
2026-01-24 00:00:00,F0864,Biodegradable,26.08,35.19,5.91,Needs Replacement
2026-01-24 00:05:00,F0204,Biodegradable,86.84,67.47,7.95,Healthy
2026-01-24 00:10:00,F0529,Plastic,21.65,59.53,1.78,Needs Replacement
2026-01-24 00:15:00,F0638,Biodegradable,6.31,57.55,4.68,Damaged
2026-01-24 00:20:00,F0315,Biodegradable,57.02,23.8,7.61,Needs Replacement
2026-01-24 00:25:00,F0143,Plastic,74.17,61.1,3.24,Healthy
2026-01-24 00:30:00,F0596,Organic,90.32,36.47,3.22,Healthy
2026-01-24 00:35:00,F0073,Plastic,75.74,39.88,6.72,Needs Replacement
2026-01-24 00:40:00,F0108,Plastic,60.63,67.24,2.67,Damaged
2026-01-24 00:45:00,F0837,Organic,50.39,19.72,2.69,Damaged
2026-01-24 00:50:00,F0266,Biodegradable,76.68,56.89,5.07,Healthy
2026-01-24 00:55:00,F0522,Plastic,2.68,58.84,4.73,Healthy
2026-01-24 01:00:00,F0733,Plastic,70.5,27.87,7.66,Damaged
2026-01-24 01:05:00,F0157,Organic,3.74,12.67,1.47,Healthy
2026-01-24 01:10:00,F0047,Plastic,70.64,11.42,1.61,Damaged
2026-01-24 01:15:00,F0564,Organic,26.18,35.36,3.97,Damaged
2026-01-24 01:20:00,F0778,Plastic,44.56,57.55,2.34,Needs Replacement
2026-01-24 01:25:00,F0875,Plastic,56.79,44.44,7.03,Healthy
2026-01-24 01:30:00,F0660,Organic,66.47,67.76,2.96,Damaged
2026-01-24 01:35:00,F0313,Plastic,49.56,22.78,2.43,Healthy
2026-01-24 01:40:00,F0825,Plastic,4.34,31.67,7.1,Needs Replacement
2026-01-24 01:45:00,F0300,Plastic,84.35,10.12,1.08,Healthy
2026-01-24 01:50:00,F0764,Organic,12.2,30.17,3.34,Damaged
2026-01-24 01:55:00,F1000,Plastic,30.35,12.84,4.31,Damaged
2026-01-24 02:00:00,F0366,Organic,68.1,50.74,5.18,Damaged
2026-01-24 02:05:00,F0814,Plastic,46.43,49.42,4.42,Damaged
2026-01-24 02:10:00,F0573,Biodegradable,52.27,55.86,7.24,Damaged
2026-01-24 02:15:00,F0465,Organic,49.68,43.22,6.94,Needs Replacement
2026-01-24 02:20:00,F0066,Plastic,47.61,36.28,3.6,Damaged
2026-01-24 02:25:00,F0219,Biodegradable,48.04,49.38,1.9,Damaged
2026-01-24 02:30:00,F0468,Biodegradable,8.4,68.26,2.56,Damaged
2026-01-24 02:35:00,F0231,Plastic,79.99,12.5,4.55,Needs Replacement
2026-01-24 02:40:00,F0758,Biodegradable,36.12,45.22,3.23,Needs Replacement
2026-01-24 02:45:00,F0755,Organic,92.94,58.51,1.59,Damaged
2026-01-24 02:50:00,F0703,Plastic,22.33,16.81,4.89,Needs Replacement
2026-01-24 02:55:00,F0320,Biodegradable,96.18,44.72,3.82,Damaged
2026-01-24 03:00:00,F0357,Organic,4.01,47.58,6.57,Needs Replacement
2026-01-24 03:05:00,F0109,Biodegradable,51.0,47.19,7.35,Damaged
2026-01-24 03:10:00,F0034,Organic,32.53,49.7,6.04,Needs Replacement
2026-01-24 03:15:00,F0598,Plastic,82.72,46.06,6.37,Needs Replacement
2026-01-24 03:20:00,F0966,Organic,8.12,43.81,2.76,Healthy
2026-01-24 03:25:00,F0009,Plastic,51.66,60.85,7.27,Healthy
2026-01-24 03:30:00,F0364,Plastic,73.89,67.81,1.52,Needs Replacement
2026-01-24 03:35:00,F0917,Organic,55.89,26.75,1.39,Needs Replacement
2026-01-24 03:40:00,F0225,Biodegradable,68.24,30.89,3.36,Needs Replacement
2026-01-24 03:45:00,F0461,Biodegradable,26.7,66.22,6.95,Damaged
2026-01-24 03:50:00,F0991,Biodegradable,59.35,34.79,4.28,Damaged
2026-01-24 03:55:00,F0169,Biodegradable,53.8,58.15,7.49,Damaged
2026-01-24 04:00:00,F0109,Plastic,89.75,18.13,7.81,Damaged
2026-01-24 04:05:00,F0010,Organic,3.87,56.78,5.75,Healthy
2026-01-24 04:10:00,F0994,Plastic,76.9,47.11,4.46,Healthy
2026-01-24 04:15:00,F0455,Organic,78.23,27.7,1.74,Damaged
2026-01-24 04:20:00,F0287,Plastic,49.18,51.57,7.25,Healthy
2026-01-24 04:25:00,F0419,Organic,95.26,69.13,4.86,Healthy
2026-01-24 04:30:00,F0983,Organic,52.18,25.43,2.91,Healthy
2026-01-24 04:35:00,F0510,Plastic,76.96,28.04,7.63,Damaged
2026-01-24 04:40:00,F0118,Plastic,25.88,42.92,4.29,Healthy
2026-01-24 04:45:00,F0249,Plastic,50.21,37.97,1.1,Needs Replacement
2026-01-24 04:50:00,F0301,Plastic,46.32,12.82,3.0,Healthy
2026-01-24 04:55:00,F0676,Organic,46.36,18.08,6.88,Damaged
2026-01-24 05:00:00,F0914,Organic,56.63,46.81,4.38,Damaged
2026-01-24 05:05:00,F0655,Plastic,81.13,50.76,6.28,Needs Replacement
2026-01-24 05:10:00,F0823,Organic,79.81,23.65,7.88,Needs Replacement
2026-01-24 05:15:00,F0605,Biodegradable,62.43,62.7,4.5,Healthy
2026-01-24 05:20:00,F0479,Plastic,26.11,60.49,2.13,Needs Replacement
2026-01-24 05:25:00,F0697,Plastic,85.51,17.27,7.5,Healthy
2026-01-24 05:30:00,F0251,Plastic,9.32,35.56,7.84,Healthy
2026-01-24 05:35:00,F0389,Organic,8.37,25.86,3.5,Healthy
2026-01-24 05:40:00,F0609,Plastic,51.01,17.48,4.25,Needs Replacement
2026-01-24 05:45:00,F0778,Organic,5.69,24.74,2.69,Needs Replacement
2026-01-24 05:50:00,F0391,Biodegradable,19.78,60.57,3.48,Needs Replacement
2026-01-24 05:55:00,F0801,Biodegradable,29.6,68.35,6.56,Needs Replacement
2026-01-24 06:00:00,F0665,Biodegradable,21.0,18.28,1.64,Healthy
2026-01-24 06:05:00,F0112,Biodegradable,20.55,14.38,3.36,Healthy
2026-01-24 06:10:00,F0656,Plastic,11.35,60.16,7.31,Healthy
2026-01-24 06:15:00,F0412,Biodegradable,37.92,39.33,2.73,Damaged
2026-01-24 06:20:00,F0132,Plastic,20.39,57.04,3.52,Healthy
2026-01-24 06:25:00,F0886,Organic,97.78,28.56,2.15,Needs Replacement
2026-01-24 06:30:00,F0375,Plastic,65.4,66.77,6.24,Damaged
2026-01-24 06:35:00,F0123,Plastic,26.55,18.17,6.42,Needs Replacement
2026-01-24 06:40:00,F0637,Biodegradable,10.87,51.13,5.68,Damaged
2026-01-24 06:45:00,F0812,Biodegradable,61.11,26.21,1.99,Healthy
2026-01-24 06:50:00,F0215,Organic,53.39,61.06,3.31,Needs Replacement
2026-01-24 06:55:00,F0738,Biodegradable,53.53,19.25,4.71,Damaged
2026-01-24 07:00:00,F0627,Biodegradable,36.87,42.03,2.89,Damaged
2026-01-24 07:05:00,F0137,Plastic,31.09,11.88,6.59,Needs Replacement
2026-01-24 07:10:00,F0524,Plastic,55.52,45.59,6.78,Damaged
2026-01-24 07:15:00,F0342,Biodegradable,20.63,50.18,7.53,Healthy
2026-01-24 07:20:00,F0826,Organic,50.8,11.82,1.2,Needs Replacement
2026-01-24 07:25:00,F0091,Biodegradable,4.56,39.82,5.66,Damaged
2026-01-24 07:30:00,F0217,Organic,88.25,47.83,4.16,Needs Replacement
2026-01-24 07:35:00,F0367,Plastic,78.84,59.35,7.38,Needs Replacement
2026-01-24 07:40:00,F0260,Organic,70.37,38.4,4.42,Needs Replacement
2026-01-24 07:45:00,F0035,Organic,56.55,25.87,5.11,Needs Replacement
2026-01-24 07:50:00,F0396,Biodegradable,28.23,13.17,4.04,Damaged
2026-01-24 07:55:00,F0560,Organic,87.38,65.44,3.73,Healthy
2026-01-24 08:00:00,F0374,Plastic,96.03,50.3,3.55,Needs Replacement
2026-01-24 08:05:00,F0576,Organic,46.26,23.67,7.2,Damaged
2026-01-24 08:10:00,F0597,Plastic,86.53,49.19,3.66,Healthy
2026-01-24 08:15:00,F0480,Plastic,12.13,63.16,2.78,Needs Replacement
2026-01-24 08:20:00,F0618,Organic,25.33,68.67,6.12,Healthy
2026-01-24 08:25:00,F0630,Plastic,9.26,36.05,5.01,Healthy
2026-01-24 08:30:00,F0451,Biodegradable,84.24,54.59,4.28,Healthy
2026-01-24 08:35:00,F0915,Plastic,39.71,18.16,5.68,Damaged
2026-01-24 08:40:00,F0793,Plastic,47.69,22.08,5.8,Healthy
2026-01-24 08:45:00,F0768,Biodegradable,13.17,13.52,6.78,Damaged
2026-01-24 08:50:00,F0612,Biodegradable,77.7,27.83,5.72,Damaged
2026-01-24 08:55:00,F0571,Biodegradable,25.87,26.05,2.08,Needs Replacement
2026-01-24 09:00:00,F0806,Organic,15.53,65.48,3.99,Damaged
2026-01-24 09:05:00,F0345,Organic,91.03,44.19,6.08,Damaged
2026-01-24 09:10:00,F0363,Organic,69.86,63.75,5.98,Damaged
2026-01-24 09:15:00,F0198,Biodegradable,50.71,16.96,4.14,Healthy
2026-01-24 09:20:00,F0884,Biodegradable,49.3,62.44,5.77,Healthy
2026-01-24 09:25:00,F0871,Plastic,43.94,16.39,2.6,Damaged
2026-01-24 09:30:00,F0989,Plastic,27.99,11.42,2.49,Needs Replacement
2026-01-24 09:35:00,F0105,Organic,86.25,64.85,4.33,Needs Replacement
2026-01-24 09:40:00,F0683,Organic,91.81,26.24,1.21,Healthy
2026-01-24 09:45:00,F0376,Plastic,27.82,65.38,3.35,Healthy
2026-01-24 09:50:00,F0980,Plastic,16.34,32.67,4.53,Healthy
2026-01-24 09:55:00,F0824,Plastic,35.02,66.26,5.95,Damaged
2026-01-24 10:00:00,F0666,Organic,71.85,19.72,4.34,Damaged
2026-01-24 10:05:00,F0970,Biodegradable,63.64,45.26,2.19,Damaged
2026-01-24 10:10:00,F0431,Organic,94.74,36.54,7.52,Needs Replacement
2026-01-24 10:15:00,F0326,Biodegradable,79.46,20.95,5.37,Needs Replacement
2026-01-24 10:20:00,F0902,Organic,21.7,55.12,6.74,Healthy
2026-01-24 10:25:00,F0987,Plastic,73.14,17.99,4.08,Damaged
2026-01-24 10:30:00,F0845,Organic,41.82,54.77,2.31,Healthy
2026-01-24 10:35:00,F0452,Plastic,4.11,18.28,1.01,Healthy
2026-01-24 10:40:00,F0977,Biodegradable,25.75,63.64,5.39,Damaged
2026-01-24 10:45:00,F0392,Organic,38.54,62.63,5.67,Healthy
2026-01-24 10:50:00,F0488,Plastic,87.46,14.1,7.32,Healthy
2026-01-24 10:55:00,F0582,Biodegradable,96.96,31.37,1.03,Healthy
2026-01-24 11:00:00,F0830,Biodegradable,6.55,37.19,1.21,Needs Replacement
2026-01-24 11:05:00,F0479,Organic,5.17,47.36,6.89,Healthy
2026-01-24 11:10:00,F0198,Organic,10.55,17.81,4.33,Healthy
2026-01-24 11:15:00,F0786,Plastic,74.21,41.03,1.36,Damaged
2026-01-24 11:20:00,F0622,Biodegradable,69.03,50.19,7.98,Damaged
2026-01-24 11:25:00,F0019,Plastic,2.68,18.96,4.81,Damaged
2026-01-24 11:30:00,F0671,Biodegradable,5.88,19.04,1.19,Needs Replacement
2026-01-24 11:35:00,F0535,Biodegradable,8.54,19.4,6.27,Needs Replacement
2026-01-24 11:40:00,F0717,Organic,34.72,24.72,7.97,Damaged
2026-01-24 11:45:00,F0078,Organic,41.35,12.27,2.64,Damaged
2026-01-24 11:50:00,F0476,Organic,90.69,63.62,4.61,Healthy
2026-01-24 11:55:00,F0203,Plastic,46.02,36.73,5.35,Healthy
2026-01-24 12:00:00,F0059,Organic,1.38,66.16,4.68,Healthy
2026-01-24 12:05:00,F0345,Plastic,88.6,26.98,1.47,Healthy
2026-01-24 12:10:00,F0227,Plastic,95.47,54.05,1.85,Healthy
2026-01-24 12:15:00,F0666,Organic,44.37,47.52,3.96,Damaged
2026-01-24 12:20:00,F0555,Organic,70.07,39.08,3.38,Healthy
2026-01-24 12:25:00,F0344,Plastic,58.77,44.5,1.68,Needs Replacement
2026-01-24 12:30:00,F0255,Organic,61.86,64.52,2.23,Needs Replacement
2026-01-24 12:35:00,F0183,Biodegradable,62.2,50.63,1.9,Needs Replacement
2026-01-24 12:40:00,F0295,Biodegradable,95.54,16.26,7.38,Healthy
2026-01-24 12:45:00,F0667,Biodegradable,3.94,57.59,7.43,Needs Replacement
2026-01-24 12:50:00,F0978,Biodegradable,76.54,29.44,1.32,Needs Replacement
2026-01-24 12:55:00,F0396,Organic,90.67,18.77,4.41,Damaged
2026-01-24 13:00:00,F0879,Biodegradable,19.34,27.75,7.09,Needs Replacement
2026-01-24 13:05:00,F0733,Organic,10.66,57.05,7.45,Needs Replacement
2026-01-24 13:10:00,F0696,Biodegradable,25.64,12.01,4.89,Damaged
2026-01-24 13:15:00,F0854,Biodegradable,87.7,35.17,4.58,Needs Replacement
2026-01-24 13:20:00,F0981,Plastic,53.29,36.79,5.34,Healthy
2026-01-24 13:25:00,F0657,Plastic,39.53,58.66,4.06,Needs Replacement
2026-01-24 13:30:00,F0242,Biodegradable,28.97,15.5,4.13,Damaged
2026-01-24 13:35:00,F0466,Organic,45.0,46.67,3.22,Healthy
2026-01-24 13:40:00,F0900,Plastic,7.25,19.61,5.02,Needs Replacement
2026-01-24 13:45:00,F0535,Plastic,74.05,31.38,5.69,Needs Replacement
2026-01-24 13:50:00,F0015,Organic,98.22,69.19,4.07,Needs Replacement
2026-01-24 13:55:00,F0206,Organic,0.27,12.36,5.4,Needs Replacement
2026-01-24 14:00:00,F0404,Biodegradable,6.83,40.54,4.13,Healthy
2026-01-24 14:05:00,F0143,Plastic,98.58,64.0,7.32,Healthy
2026-01-24 14:10:00,F0976,Plastic,66.82,66.91,2.11,Needs Replacement
2026-01-24 14:15:00,F0913,Organic,77.63,17.07,3.55,Healthy
2026-01-24 14:20:00,F0028,Biodegradable,98.9,19.26,2.74,Needs Replacement
2026-01-24 14:25:00,F0807,Biodegradable,45.78,40.36,5.03,Healthy
2026-01-24 14:30:00,F0349,Organic,36.74,18.51,3.13,Needs Replacement
2026-01-24 14:35:00,F0875,Plastic,1.97,44.82,6.49,Needs Replacement
2026-01-24 14:40:00,F0670,Biodegradable,91.69,58.67,2.49,Healthy
2026-01-24 14:45:00,F0932,Organic,69.78,22.33,2.42,Healthy
2026-01-24 14:50:00,F0416,Organic,82.12,68.53,6.75,Damaged
2026-01-24 14:55:00,F0750,Biodegradable,18.9,45.3,3.26,Needs Replacement
2026-01-24 15:00:00,F0455,Biodegradable,61.65,50.78,7.99,Needs Replacement
2026-01-24 15:05:00,F0045,Organic,81.64,11.66,4.49,Healthy
2026-01-24 15:10:00,F0852,Organic,2.49,26.34,3.64,Healthy
2026-01-24 15:15:00,F0803,Organic,24.75,36.71,7.95,Damaged
2026-01-24 15:20:00,F0317,Organic,59.13,53.77,5.62,Healthy
2026-01-24 15:25:00,F0653,Organic,38.75,36.26,5.62,Healthy
2026-01-24 15:30:00,F0896,Plastic,50.37,52.15,4.06,Needs Replacement
2026-01-24 15:35:00,F0853,Plastic,89.2,52.47,6.6,Damaged
2026-01-24 15:40:00,F0448,Organic,32.5,68.33,6.83,Healthy
2026-01-24 15:45:00,F0512,Organic,52.35,27.43,4.77,Healthy
2026-01-24 15:50:00,F0240,Biodegradable,27.41,39.34,3.53,Healthy
2026-01-24 15:55:00,F0513,Organic,25.07,53.55,5.23,Healthy
2026-01-24 16:00:00,F0177,Plastic,41.83,52.53,5.8,Damaged
2026-01-24 16:05:00,F0891,Biodegradable,16.1,22.3,2.53,Damaged
2026-01-24 16:10:00,F0322,Biodegradable,89.71,59.03,2.11,Healthy
2026-01-24 16:15:00,F0882,Plastic,1.43,51.92,1.86,Damaged
2026-01-24 16:20:00,F0524,Organic,69.6,27.37,2.91,Needs Replacement
2026-01-24 16:25:00,F0373,Biodegradable,41.99,65.42,4.38,Needs Replacement
2026-01-24 16:30:00,F0389,Organic,11.05,67.04,5.55,Healthy
2026-01-24 16:35:00,F0237,Biodegradable,29.67,35.06,5.12,Healthy
2026-01-24 16:40:00,F0318,Organic,89.19,34.11,6.73,Needs Replacement
2026-01-24 16:45:00,F0684,Organic,65.29,39.49,6.51,Needs Replacement
2026-01-24 16:50:00,F0395,Organic,93.22,58.99,6.04,Needs Replacement
2026-01-24 16:55:00,F0129,Plastic,48.07,33.64,4.93,Damaged
2026-01-24 17:00:00,F0144,Biodegradable,67.12,65.7,6.95,Needs Replacement
2026-01-24 17:05:00,F0073,Organic,31.09,62.83,7.49,Needs Replacement
2026-01-24 17:10:00,F0507,Biodegradable,6.2,44.39,4.76,Healthy
2026-01-24 17:15:00,F0480,Organic,59.33,40.08,7.97,Needs Replacement
2026-01-24 17:20:00,F0079,Biodegradable,74.04,18.5,1.03,Damaged
2026-01-24 17:25:00,F0622,Plastic,55.4,51.54,3.9,Damaged
2026-01-24 17:30:00,F0661,Biodegradable,82.69,38.04,5.76,Needs Replacement
2026-01-24 17:35:00,F0820,Organic,78.51,26.54,1.43,Healthy
2026-01-24 17:40:00,F0599,Plastic,30.53,61.65,4.02,Healthy
2026-01-24 17:45:00,F0057,Plastic,16.22,62.0,2.8,Healthy
2026-01-24 17:50:00,F0920,Plastic,54.4,21.4,4.97,Healthy
2026-01-24 17:55:00,F0115,Biodegradable,82.08,63.81,1.76,Needs Replacement
2026-01-24 18:00:00,F0545,Organic,66.86,34.03,2.76,Needs Replacement
2026-01-24 18:05:00,F0297,Organic,52.31,29.19,1.93,Healthy
2026-01-24 18:10:00,F0198,Organic,56.95,16.26,1.52,Damaged
2026-01-24 18:15:00,F0977,Biodegradable,45.75,25.18,4.18,Healthy
2026-01-24 18:20:00,F0901,Biodegradable,31.74,66.25,7.7,Healthy
2026-01-24 18:25:00,F0673,Plastic,65.02,37.38,7.48,Needs Replacement
2026-01-24 18:30:00,F0633,Organic,34.91,33.85,3.97,Healthy
2026-01-24 18:35:00,F0730,Biodegradable,65.71,22.2,6.89,Needs Replacement
2026-01-24 18:40:00,F0257,Plastic,71.06,54.67,4.06,Needs Replacement
2026-01-24 18:45:00,F0699,Organic,65.33,65.41,3.29,Healthy
2026-01-24 18:50:00,F0114,Biodegradable,69.25,46.0,6.25,Needs Replacement
2026-01-24 18:55:00,F0314,Biodegradable,12.89,61.64,7.54,Needs Replacement
2026-01-24 19:00:00,F0403,Biodegradable,42.09,66.94,5.14,Damaged
2026-01-24 19:05:00,F0857,Plastic,28.4,35.9,7.02,Needs Replacement
2026-01-24 19:10:00,F0579,Biodegradable,96.61,37.45,4.04,Damaged
2026-01-24 19:15:00,F0005,Plastic,88.64,12.92,6.69,Damaged
2026-01-24 19:20:00,F0079,Biodegradable,98.8,59.0,4.46,Healthy
2026-01-24 19:25:00,F0738,Biodegradable,67.97,69.81,3.19,Damaged
2026-01-24 19:30:00,F0979,Biodegradable,86.39,60.2,2.32,Needs Replacement
2026-01-24 19:35:00,F0882,Organic,15.88,64.91,1.87,Damaged
2026-01-24 19:40:00,F0361,Biodegradable,7.52,12.49,2.92,Needs Replacement
2026-01-24 19:45:00,F0278,Organic,17.15,28.28,7.9,Damaged
2026-01-24 19:50:00,F0436,Organic,18.29,12.14,3.73,Healthy
2026-01-24 19:55:00,F0695,Organic,63.22,24.15,2.48,Healthy
2026-01-24 20:00:00,F0393,Plastic,52.19,27.28,6.12,Needs Replacement
2026-01-24 20:05:00,F0015,Plastic,24.06,42.31,7.68,Healthy
2026-01-24 20:10:00,F0610,Biodegradable,64.32,28.83,7.61,Needs Replacement
2026-01-24 20:15:00,F0145,Organic,6.55,26.42,2.12,Damaged
2026-01-24 20:20:00,F0500,Organic,29.75,55.18,3.43,Needs Replacement
2026-01-24 20:25:00,F0756,Plastic,1.45,67.29,5.2,Healthy
2026-01-24 20:30:00,F0904,Biodegradable,51.55,61.3,5.48,Damaged
2026-01-24 20:35:00,F0005,Organic,79.12,11.47,2.85,Healthy
2026-01-24 20:40:00,F0496,Plastic,8.6,64.44,1.08,Damaged
2026-01-24 20:45:00,F0707,Plastic,55.73,24.14,3.3,Healthy
2026-01-24 20:50:00,F0226,Organic,75.65,39.34,5.41,Needs Replacement
2026-01-24 20:55:00,F0449,Plastic,35.46,25.44,3.78,Needs Replacement
2026-01-24 21:00:00,F0318,Biodegradable,35.7,66.82,3.36,Healthy
2026-01-24 21:05:00,F0399,Organic,28.81,66.26,2.26,Needs Replacement
2026-01-24 21:10:00,F0223,Biodegradable,10.58,63.48,2.73,Damaged
2026-01-24 21:15:00,F0725,Plastic,87.0,46.43,2.25,Healthy
2026-01-24 21:20:00,F0101,Plastic,96.17,30.74,7.54,Needs Replacement
2026-01-24 21:25:00,F0052,Organic,83.05,23.36,2.75,Healthy
2026-01-24 21:30:00,F0628,Biodegradable,47.25,61.28,4.78,Needs Replacement
2026-01-24 21:35:00,F0485,Plastic,50.42,63.5,6.69,Healthy
2026-01-24 21:40:00,F0135,Biodegradable,70.49,59.93,1.49,Damaged
2026-01-24 21:45:00,F0706,Biodegradable,86.46,23.26,7.43,Healthy
2026-01-24 21:50:00,F0581,Biodegradable,14.8,36.5,5.2,Needs Replacement
2026-01-24 21:55:00,F0295,Plastic,31.51,50.08,1.61,Healthy
2026-01-24 22:00:00,F0192,Plastic,78.98,15.37,7.58,Healthy
2026-01-24 22:05:00,F0739,Biodegradable,83.32,52.37,6.99,Needs Replacement
2026-01-24 22:10:00,F0855,Organic,59.8,12.75,6.02,Healthy
2026-01-24 22:15:00,F0298,Organic,39.39,62.59,3.75,Healthy
2026-01-24 22:20:00,F0814,Organic,82.37,54.92,4.94,Damaged
2026-01-24 22:25:00,F0946,Biodegradable,9.29,18.84,5.83,Healthy
2026-01-24 22:30:00,F0942,Organic,63.15,37.8,2.05,Needs Replacement
2026-01-24 22:35:00,F0521,Plastic,71.78,24.34,2.1,Damaged
2026-01-24 22:40:00,F0559,Organic,50.73,62.95,4.12,Damaged
2026-01-24 22:45:00,F0193,Biodegradable,48.24,13.38,7.41,Needs Replacement
2026-01-24 22:50:00,F0922,Plastic,21.8,10.86,5.12,Damaged
2026-01-24 22:55:00,F0527,Biodegradable,42.3,48.05,1.98,Needs Replacement
2026-01-24 23:00:00,F0339,Organic,64.54,38.55,4.12,Needs Replacement
2026-01-24 23:05:00,F0567,Biodegradable,36.97,34.79,4.36,Needs Replacement
2026-01-24 23:10:00,F0281,Organic,96.39,49.25,2.69,Damaged
2026-01-24 23:15:00,F0388,Organic,21.66,21.03,3.01,Damaged
2026-01-24 23:20:00,F0885,Biodegradable,78.9,55.64,3.89,Needs Replacement
2026-01-24 23:25:00,F0767,Organic,93.83,56.27,3.34,Damaged
2026-01-24 23:30:00,F0209,Organic,20.07,17.27,3.19,Healthy
2026-01-24 23:35:00,F0747,Organic,81.76,40.88,1.76,Needs Replacement
2026-01-24 23:40:00,F0580,Organic,56.89,33.2,5.93,Damaged
2026-01-24 23:45:00,F0805,Biodegradable,40.84,57.34,1.09,Healthy
2026-01-24 23:50:00,F0187,Biodegradable,70.53,36.86,3.2,Needs Replacement
2026-01-24 23:55:00,F0091,Plastic,73.68,40.95,5.46,Damaged
2026-01-25 00:00:00,F0095,Biodegradable,15.98,68.25,1.9,Needs Replacement
2026-01-25 00:05:00,F0378,Biodegradable,33.85,38.8,5.12,Healthy
2026-01-25 00:10:00,F0424,Plastic,45.32,17.83,4.39,Needs Replacement
2026-01-25 00:15:00,F0220,Plastic,7.01,18.64,4.01,Healthy
2026-01-25 00:20:00,F0226,Organic,61.88,38.31,4.82,Healthy
2026-01-25 00:25:00,F0635,Plastic,17.89,43.57,1.85,Needs Replacement
2026-01-25 00:30:00,F0688,Plastic,63.84,18.92,7.25,Damaged
2026-01-25 00:35:00,F0090,Biodegradable,15.28,46.44,3.58,Damaged
2026-01-25 00:40:00,F0920,Plastic,66.7,66.12,4.97,Damaged
2026-01-25 00:45:00,F0662,Biodegradable,26.03,37.65,4.03,Damaged
2026-01-25 00:50:00,F0559,Organic,81.0,21.89,1.38,Damaged
2026-01-25 00:55:00,F0770,Organic,93.38,49.55,5.59,Needs Replacement
2026-01-25 01:00:00,F0449,Biodegradable,45.79,47.42,1.35,Healthy
2026-01-25 01:05:00,F0387,Biodegradable,31.07,33.95,7.86,Needs Replacement
2026-01-25 01:10:00,F0840,Plastic,68.78,23.32,7.5,Damaged
2026-01-25 01:15:00,F0419,Biodegradable,96.78,48.03,2.47,Healthy
2026-01-25 01:20:00,F0017,Biodegradable,87.88,54.6,7.34,Needs Replacement
2026-01-25 01:25:00,F0438,Plastic,33.54,20.85,6.51,Damaged
2026-01-25 01:30:00,F0769,Plastic,47.67,21.06,3.66,Healthy
2026-01-25 01:35:00,F0753,Plastic,80.72,56.68,3.29,Needs Replacement
2026-01-25 01:40:00,F0904,Organic,24.5,66.73,6.02,Damaged
2026-01-25 01:45:00,F0985,Plastic,82.0,46.34,2.16,Damaged
2026-01-25 01:50:00,F0689,Biodegradable,68.2,38.05,2.35,Healthy
2026-01-25 01:55:00,F0441,Organic,25.33,25.08,7.14,Needs Replacement
2026-01-25 02:00:00,F0306,Biodegradable,10.54,31.21,7.56,Damaged
2026-01-25 02:05:00,F0388,Biodegradable,74.36,15.22,1.34,Needs Replacement
2026-01-25 02:10:00,F0757,Biodegradable,16.88,58.83,3.7,Damaged
2026-01-25 02:15:00,F0631,Plastic,69.54,67.34,7.6,Needs Replacement
2026-01-25 02:20:00,F0911,Plastic,97.19,46.24,7.89,Healthy
2026-01-25 02:25:00,F0931,Biodegradable,68.02,57.78,5.55,Needs Replacement
2026-01-25 02:30:00,F0332,Organic,8.34,67.42,5.35,Healthy
2026-01-25 02:35:00,F0575,Biodegradable,22.95,27.98,1.33,Healthy
2026-01-25 02:40:00,F0254,Biodegradable,69.54,24.12,1.71,Healthy
2026-01-25 02:45:00,F0481,Organic,12.13,44.76,2.33,Damaged
2026-01-25 02:50:00,F0941,Plastic,6.81,18.11,6.83,Needs Replacement
2026-01-25 02:55:00,F0647,Biodegradable,96.56,46.15,6.5,Damaged
2026-01-25 03:00:00,F0162,Plastic,80.71,15.46,5.71,Healthy
2026-01-25 03:05:00,F0376,Plastic,7.68,22.9,4.51,Healthy
2026-01-25 03:10:00,F0373,Plastic,0.59,19.2,5.06,Healthy
2026-01-25 03:15:00,F0405,Biodegradable,7.32,21.69,6.7,Damaged
2026-01-25 03:20:00,F0608,Biodegradable,21.69,13.99,6.38,Healthy
2026-01-25 03:25:00,F0126,Biodegradable,7.95,39.1,2.29,Damaged
2026-01-25 03:30:00,F0116,Plastic,91.51,39.03,1.24,Damaged
2026-01-25 03:35:00,F0251,Plastic,34.77,11.09,6.94,Damaged
2026-01-25 03:40:00,F0926,Biodegradable,77.33,39.16,3.24,Damaged
2026-01-25 03:45:00,F0108,Biodegradable,68.93,10.47,1.04,Damaged
2026-01-25 03:50:00,F0475,Organic,63.89,55.11,1.55,Needs Replacement
2026-01-25 03:55:00,F0179,Organic,84.29,63.01,6.75,Needs Replacement
2026-01-25 04:00:00,F0885,Biodegradable,52.96,25.43,2.53,Needs Replacement
2026-01-25 04:05:00,F0737,Organic,11.37,64.79,3.19,Needs Replacement
2026-01-25 04:10:00,F0642,Plastic,43.54,16.92,4.26,Damaged
2026-01-25 04:15:00,F0145,Biodegradable,69.0,37.13,1.93,Healthy
2026-01-25 04:20:00,F0639,Plastic,90.61,60.63,1.37,Damaged
2026-01-25 04:25:00,F0891,Biodegradable,99.13,53.14,1.07,Damaged
2026-01-25 04:30:00,F0117,Plastic,20.21,47.63,4.98,Healthy
2026-01-25 04:35:00,F0026,Organic,16.77,32.83,5.77,Damaged
2026-01-25 04:40:00,F0078,Biodegradable,87.04,22.88,2.86,Healthy
2026-01-25 04:45:00,F0729,Organic,13.88,54.16,3.45,Needs Replacement
2026-01-25 04:50:00,F0906,Plastic,16.02,18.85,7.08,Healthy
2026-01-25 04:55:00,F0355,Biodegradable,22.02,15.92,4.27,Needs Replacement
2026-01-25 05:00:00,F0172,Organic,16.56,67.27,6.22,Needs Replacement
2026-01-25 05:05:00,F0411,Organic,67.96,16.09,6.3,Damaged
2026-01-25 05:10:00,F0480,Biodegradable,11.08,58.19,7.91,Damaged
2026-01-25 05:15:00,F0184,Organic,41.14,18.14,5.18,Healthy
2026-01-25 05:20:00,F0773,Plastic,33.31,40.43,7.12,Needs Replacement
2026-01-25 05:25:00,F0042,Biodegradable,44.24,56.78,2.19,Damaged
2026-01-25 05:30:00,F0966,Organic,29.89,39.0,6.65,Healthy
2026-01-25 05:35:00,F0013,Organic,64.07,11.39,7.62,Healthy
2026-01-25 05:40:00,F0063,Biodegradable,7.76,41.31,6.46,Needs Replacement
2026-01-25 05:45:00,F0541,Organic,2.75,29.34,3.24,Damaged
2026-01-25 05:50:00,F0502,Organic,31.99,42.86,3.89,Healthy
2026-01-25 05:55:00,F0463,Biodegradable,23.27,39.79,2.75,Needs Replacement
2026-01-25 06:00:00,F0233,Plastic,4.95,10.42,5.59,Damaged
2026-01-25 06:05:00,F0042,Organic,44.95,26.36,3.06,Damaged
2026-01-25 06:10:00,F0087,Organic,23.23,29.66,7.27,Healthy
2026-01-25 06:15:00,F0454,Plastic,44.19,37.27,5.16,Damaged
2026-01-25 06:20:00,F0868,Biodegradable,13.75,21.24,1.18,Damaged
2026-01-25 06:25:00,F0093,Plastic,90.78,17.83,3.53,Healthy
2026-01-25 06:30:00,F0201,Organic,82.64,25.34,3.99,Damaged
2026-01-25 06:35:00,F0373,Plastic,3.1,63.15,5.18,Healthy
2026-01-25 06:40:00,F0691,Organic,30.28,34.07,1.45,Damaged
2026-01-25 06:45:00,F0822,Plastic,71.33,26.39,7.66,Damaged
2026-01-25 06:50:00,F0554,Organic,8.87,12.94,3.75,Needs Replacement
2026-01-25 06:55:00,F0975,Plastic,56.67,64.74,4.89,Damaged
2026-01-25 07:00:00,F0813,Organic,65.74,19.81,7.69,Healthy
2026-01-25 07:05:00,F0650,Organic,44.78,49.61,1.18,Damaged
2026-01-25 07:10:00,F0674,Biodegradable,68.47,66.4,4.8,Healthy
2026-01-25 07:15:00,F0772,Organic,57.75,64.83,1.7,Needs Replacement
2026-01-25 07:20:00,F0476,Organic,69.87,39.99,5.87,Needs Replacement
2026-01-25 07:25:00,F0275,Biodegradable,90.21,45.07,3.37,Needs Replacement
2026-01-25 07:30:00,F0157,Plastic,73.78,15.79,1.27,Needs Replacement
2026-01-25 07:35:00,F0495,Organic,42.22,29.87,7.52,Healthy
2026-01-25 07:40:00,F0005,Organic,12.89,19.15,2.44,Damaged
2026-01-25 07:45:00,F0517,Plastic,98.52,67.44,3.14,Needs Replacement
2026-01-25 07:50:00,F0747,Plastic,46.04,18.16,7.03,Healthy
2026-01-25 07:55:00,F0707,Plastic,61.73,31.2,5.12,Damaged
2026-01-25 08:00:00,F0242,Organic,26.78,43.84,4.32,Damaged
2026-01-25 08:05:00,F0176,Biodegradable,50.2,20.48,4.21,Damaged
2026-01-25 08:10:00,F0348,Biodegradable,87.64,21.41,5.4,Needs Replacement
2026-01-25 08:15:00,F0923,Organic,89.17,47.62,2.14,Healthy
2026-01-25 08:20:00,F0411,Biodegradable,89.43,46.74,5.03,Needs Replacement
2026-01-25 08:25:00,F0785,Organic,19.54,46.39,4.7,Needs Replacement
2026-01-25 08:30:00,F0255,Biodegradable,53.37,25.99,5.74,Damaged
2026-01-25 08:35:00,F0694,Organic,23.25,53.37,3.75,Healthy
2026-01-25 08:40:00,F0567,Organic,71.01,46.17,4.87,Damaged
2026-01-25 08:45:00,F0485,Plastic,45.4,19.96,7.8,Needs Replacement
2026-01-25 08:50:00,F0878,Organic,97.33,61.99,6.81,Healthy
2026-01-25 08:55:00,F0107,Organic,93.91,47.85,1.4,Needs Replacement
2026-01-25 09:00:00,F0269,Biodegradable,19.44,26.21,1.41,Healthy
2026-01-25 09:05:00,F0904,Biodegradable,9.19,33.9,2.37,Needs Replacement
2026-01-25 09:10:00,F0176,Biodegradable,17.71,62.42,2.48,Damaged
2026-01-25 09:15:00,F0471,Plastic,41.96,63.21,2.36,Needs Replacement
2026-01-25 09:20:00,F0121,Biodegradable,27.59,31.83,6.59,Damaged
2026-01-25 09:25:00,F0957,Plastic,94.33,22.2,7.1,Healthy
2026-01-25 09:30:00,F0590,Organic,7.75,38.03,2.86,Needs Replacement
2026-01-25 09:35:00,F0171,Plastic,99.16,29.95,5.49,Damaged
2026-01-25 09:40:00,F0641,Organic,55.42,53.12,2.26,Needs Replacement
2026-01-25 09:45:00,F0166,Biodegradable,23.76,16.58,3.57,Healthy
2026-01-25 09:50:00,F0503,Biodegradable,12.3,64.59,2.91,Damaged
2026-01-25 09:55:00,F0183,Biodegradable,17.36,25.1,3.71,Damaged
2026-01-25 10:00:00,F0452,Biodegradable,87.84,69.44,2.21,Healthy
2026-01-25 10:05:00,F0541,Organic,32.32,49.11,5.35,Needs Replacement
2026-01-25 10:10:00,F0246,Plastic,76.47,44.2,1.83,Healthy
2026-01-25 10:15:00,F0967,Biodegradable,46.47,58.57,2.83,Healthy
2026-01-25 10:20:00,F0905,Biodegradable,79.69,23.21,2.95,Healthy
2026-01-25 10:25:00,F0981,Organic,91.74,63.86,1.34,Damaged
2026-01-25 10:30:00,F0079,Plastic,17.15,29.46,2.38,Damaged
2026-01-25 10:35:00,F0308,Plastic,50.32,18.42,3.83,Damaged
2026-01-25 10:40:00,F0394,Plastic,47.84,48.4,6.78,Needs Replacement
2026-01-25 10:45:00,F0073,Organic,20.56,12.85,6.73,Damaged
2026-01-25 10:50:00,F0605,Organic,41.58,35.55,6.15,Healthy
2026-01-25 10:55:00,F0642,Organic,72.54,32.66,7.05,Healthy
2026-01-25 11:00:00,F0903,Plastic,75.0,64.79,5.25,Healthy
2026-01-25 11:05:00,F0644,Plastic,51.89,39.47,7.69,Needs Replacement
2026-01-25 11:10:00,F0273,Organic,33.82,35.48,6.95,Healthy
2026-01-25 11:15:00,F0169,Organic,35.0,10.54,1.75,Healthy
2026-01-25 11:20:00,F0046,Plastic,13.88,69.46,1.57,Needs Replacement
2026-01-25 11:25:00,F0170,Biodegradable,76.15,21.23,7.88,Damaged
2026-01-25 11:30:00,F0524,Plastic,54.11,57.35,7.74,Damaged
2026-01-25 11:35:00,F0401,Plastic,13.37,65.53,1.42,Needs Replacement
2026-01-25 11:40:00,F0381,Plastic,74.75,47.03,3.07,Needs Replacement
2026-01-25 11:45:00,F0834,Biodegradable,61.85,55.77,5.33,Needs Replacement
2026-01-25 11:50:00,F0064,Biodegradable,50.53,25.68,1.23,Healthy
2026-01-25 11:55:00,F0264,Organic,28.59,26.7,2.89,Healthy
2026-01-25 12:00:00,F0253,Biodegradable,64.16,23.37,4.42,Damaged
2026-01-25 12:05:00,F0593,Organic,91.74,14.06,7.86,Healthy
2026-01-25 12:10:00,F0614,Biodegradable,51.88,65.6,3.25,Damaged
2026-01-25 12:15:00,F0715,Organic,27.33,68.52,5.62,Healthy
2026-01-25 12:20:00,F0624,Biodegradable,89.54,63.86,5.92,Healthy
2026-01-25 12:25:00,F0490,Biodegradable,59.3,11.72,3.2,Needs Replacement
2026-01-25 12:30:00,F0852,Plastic,66.01,46.05,4.74,Needs Replacement
2026-01-25 12:35:00,F0641,Plastic,44.36,10.95,3.18,Healthy
2026-01-25 12:40:00,F0689,Biodegradable,36.9,23.11,2.91,Healthy
2026-01-25 12:45:00,F0236,Biodegradable,31.65,56.31,6.72,Healthy
2026-01-25 12:50:00,F0760,Plastic,97.52,30.46,6.66,Healthy
2026-01-25 12:55:00,F0634,Biodegradable,53.07,56.05,5.43,Needs Replacement
2026-01-25 13:00:00,F0217,Organic,42.55,10.9,5.32,Needs Replacement
2026-01-25 13:05:00,F0929,Organic,67.65,64.43,3.75,Needs Replacement
2026-01-25 13:10:00,F0091,Biodegradable,84.53,57.83,1.61,Needs Replacement
2026-01-25 13:15:00,F0319,Biodegradable,12.95,19.91,1.96,Needs Replacement
2026-01-25 13:20:00,F0134,Organic,91.49,41.58,7.14,Needs Replacement
2026-01-25 13:25:00,F0806,Biodegradable,58.24,13.65,3.44,Damaged
2026-01-25 13:30:00,F0162,Organic,23.41,34.32,2.68,Damaged
2026-01-25 13:35:00,F0968,Biodegradable,24.42,56.37,6.35,Needs Replacement
2026-01-25 13:40:00,F0944,Biodegradable,3.81,36.84,7.26,Needs Replacement
2026-01-25 13:45:00,F0498,Organic,77.34,29.36,7.27,Damaged
2026-01-25 13:50:00,F0943,Biodegradable,81.24,57.93,3.47,Healthy
2026-01-25 13:55:00,F0961,Biodegradable,33.03,20.23,7.6,Damaged
2026-01-25 14:00:00,F0866,Biodegradable,82.94,35.16,6.55,Healthy
2026-01-25 14:05:00,F0174,Plastic,8.23,39.51,3.27,Needs Replacement
2026-01-25 14:10:00,F0281,Biodegradable,58.9,48.07,2.23,Damaged
2026-01-25 14:15:00,F0166,Plastic,76.08,69.52,3.29,Damaged
2026-01-25 14:20:00,F0974,Biodegradable,39.74,25.29,7.11,Damaged
2026-01-25 14:25:00,F0530,Organic,5.27,13.61,2.57,Needs Replacement
2026-01-25 14:30:00,F0778,Plastic,3.8,10.06,4.92,Needs Replacement
2026-01-25 14:35:00,F0147,Organic,57.04,14.93,1.9,Damaged
2026-01-25 14:40:00,F0858,Biodegradable,73.98,38.19,3.24,Damaged
2026-01-25 14:45:00,F0965,Biodegradable,34.07,52.43,2.41,Needs Replacement
2026-01-25 14:50:00,F0292,Organic,37.51,24.86,2.13,Healthy
2026-01-25 14:55:00,F0023,Organic,31.23,53.38,6.23,Healthy
2026-01-25 15:00:00,F0252,Plastic,51.11,18.44,3.79,Needs Replacement
2026-01-25 15:05:00,F0511,Biodegradable,88.51,14.57,4.69,Needs Replacement
2026-01-25 15:10:00,F0392,Organic,18.89,18.64,2.26,Damaged
2026-01-25 15:15:00,F0520,Plastic,89.31,21.32,2.53,Needs Replacement
2026-01-25 15:20:00,F0088,Organic,10.24,67.27,1.46,Healthy
2026-01-25 15:25:00,F0823,Biodegradable,99.24,22.14,6.8,Healthy
2026-01-25 15:30:00,F0089,Biodegradable,6.12,58.91,3.04,Damaged
2026-01-25 15:35:00,F0441,Plastic,30.14,35.18,6.63,Damaged
2026-01-25 15:40:00,F0204,Plastic,18.07,10.95,5.23,Healthy
2026-01-25 15:45:00,F0163,Biodegradable,47.12,43.2,1.34,Healthy
2026-01-25 15:50:00,F0743,Biodegradable,3.14,24.42,3.91,Needs Replacement
2026-01-25 15:55:00,F0246,Organic,49.87,37.46,4.25,Needs Replacement
2026-01-25 16:00:00,F0357,Organic,76.52,37.37,3.18,Needs Replacement
2026-01-25 16:05:00,F0986,Biodegradable,61.75,13.49,2.75,Healthy
2026-01-25 16:10:00,F0207,Organic,61.34,58.36,5.87,Damaged
2026-01-25 16:15:00,F0391,Biodegradable,72.19,16.47,1.35,Healthy
2026-01-25 16:20:00,F0051,Biodegradable,57.42,32.29,2.65,Damaged
2026-01-25 16:25:00,F0194,Biodegradable,73.16,18.12,5.84,Healthy
2026-01-25 16:30:00,F0319,Biodegradable,20.58,50.72,7.88,Damaged
2026-01-25 16:35:00,F0024,Plastic,31.49,54.8,1.2,Needs Replacement
2026-01-25 16:40:00,F0433,Plastic,25.04,35.93,6.6,Needs Replacement
2026-01-25 16:45:00,F0127,Biodegradable,44.0,53.04,3.24,Needs Replacement
2026-01-25 16:50:00,F0110,Organic,30.57,40.42,4.06,Needs Replacement
2026-01-25 16:55:00,F0677,Plastic,56.25,24.68,7.92,Needs Replacement
2026-01-25 17:00:00,F0256,Plastic,69.73,60.12,5.05,Healthy
2026-01-25 17:05:00,F0845,Organic,58.31,13.22,4.97,Healthy
2026-01-25 17:10:00,F0759,Organic,34.49,50.0,2.1,Damaged
2026-01-25 17:15:00,F0165,Organic,62.0,37.24,6.38,Damaged
2026-01-25 17:20:00,F0573,Biodegradable,18.07,25.87,7.9,Healthy
2026-01-25 17:25:00,F0977,Organic,59.17,63.42,6.03,Damaged
2026-01-25 17:30:00,F0342,Biodegradable,35.82,14.95,5.75,Damaged
2026-01-25 17:35:00,F0322,Organic,6.72,52.41,5.09,Damaged
2026-01-25 17:40:00,F0786,Organic,99.98,69.91,4.03,Healthy
2026-01-25 17:45:00,F0075,Organic,23.83,45.05,1.21,Healthy
2026-01-25 17:50:00,F0875,Biodegradable,30.32,19.37,7.13,Damaged
2026-01-25 17:55:00,F0506,Plastic,37.57,42.3,3.31,Healthy
2026-01-25 18:00:00,F0704,Organic,50.21,38.2,4.42,Healthy
2026-01-25 18:05:00,F0962,Plastic,12.49,51.09,3.63,Damaged
2026-01-25 18:10:00,F0502,Plastic,93.33,50.74,2.6,Damaged
2026-01-25 18:15:00,F0930,Biodegradable,95.31,64.22,6.2,Damaged
2026-01-25 18:20:00,F0079,Organic,2.79,57.85,3.17,Needs Replacement
2026-01-25 18:25:00,F0248,Organic,90.03,11.95,5.45,Damaged
2026-01-25 18:30:00,F0424,Plastic,85.06,12.57,2.74,Healthy
2026-01-25 18:35:00,F0633,Plastic,66.36,10.75,4.41,Damaged
2026-01-25 18:40:00,F0493,Organic,74.58,33.12,2.88,Healthy
2026-01-25 18:45:00,F0515,Biodegradable,48.78,27.31,2.25,Damaged
2026-01-25 18:50:00,F0773,Organic,87.4,62.15,6.32,Needs Replacement
2026-01-25 18:55:00,F0983,Organic,68.73,40.13,7.44,Damaged
2026-01-25 19:00:00,F0958,Biodegradable,5.22,64.44,3.74,Healthy
2026-01-25 19:05:00,F0333,Organic,34.75,54.56,1.77,Needs Replacement
2026-01-25 19:10:00,F0574,Biodegradable,67.73,14.86,3.95,Needs Replacement
2026-01-25 19:15:00,F0765,Plastic,98.04,43.94,3.94,Needs Replacement
2026-01-25 19:20:00,F0904,Organic,25.09,48.35,3.39,Needs Replacement
2026-01-25 19:25:00,F0074,Plastic,11.94,34.8,7.05,Healthy
2026-01-25 19:30:00,F0135,Organic,58.7,34.92,2.32,Needs Replacement
2026-01-25 19:35:00,F0622,Organic,93.11,40.65,3.61,Healthy
2026-01-25 19:40:00,F0727,Organic,59.35,14.89,2.02,Damaged
2026-01-25 19:45:00,F0860,Biodegradable,45.1,54.34,3.18,Needs Replacement
2026-01-25 19:50:00,F0585,Biodegradable,57.97,43.21,4.68,Damaged
2026-01-25 19:55:00,F0586,Organic,60.65,34.5,2.39,Healthy
2026-01-25 20:00:00,F0267,Biodegradable,5.85,19.72,5.39,Healthy
2026-01-25 20:05:00,F0185,Organic,38.87,62.5,7.92,Damaged
2026-01-25 20:10:00,F0005,Plastic,73.18,35.32,1.93,Healthy
2026-01-25 20:15:00,F0785,Plastic,48.27,34.32,7.42,Healthy
2026-01-25 20:20:00,F0621,Plastic,48.79,22.23,1.76,Damaged
2026-01-25 20:25:00,F0699,Biodegradable,82.55,61.74,2.71,Healthy
2026-01-25 20:30:00,F0832,Organic,83.69,31.77,3.42,Healthy
2026-01-25 20:35:00,F0424,Plastic,42.01,18.99,2.35,Needs Replacement
2026-01-25 20:40:00,F0503,Organic,41.72,22.37,6.16,Needs Replacement
2026-01-25 20:45:00,F0623,Biodegradable,39.16,53.88,2.16,Needs Replacement
2026-01-25 20:50:00,F0009,Biodegradable,80.04,10.11,3.09,Healthy
2026-01-25 20:55:00,F0019,Plastic,21.71,54.67,4.28,Healthy
2026-01-25 21:00:00,F0312,Biodegradable,30.85,41.43,5.97,Needs Replacement
2026-01-25 21:05:00,F0743,Plastic,20.7,57.63,1.89,Needs Replacement
2026-01-25 21:10:00,F0708,Plastic,83.91,14.85,4.9,Healthy
2026-01-25 21:15:00,F0704,Organic,96.53,60.09,4.78,Damaged
2026-01-25 21:20:00,F0423,Plastic,70.36,44.96,4.54,Damaged
2026-01-25 21:25:00,F0991,Biodegradable,6.71,30.09,7.43,Healthy
2026-01-25 21:30:00,F0515,Plastic,71.02,15.63,7.51,Needs Replacement
2026-01-25 21:35:00,F0215,Biodegradable,48.44,46.17,6.67,Needs Replacement
2026-01-25 21:40:00,F0738,Biodegradable,42.39,33.59,3.75,Needs Replacement
2026-01-25 21:45:00,F0163,Organic,48.02,40.43,5.55,Needs Replacement
2026-01-25 21:50:00,F0206,Biodegradable,58.15,26.79,1.07,Needs Replacement
2026-01-25 21:55:00,F0616,Organic,61.11,53.03,5.67,Healthy
2026-01-25 22:00:00,F0649,Biodegradable,83.26,39.43,2.53,Healthy
2026-01-25 22:05:00,F0728,Organic,66.63,16.46,2.41,Damaged
2026-01-25 22:10:00,F0706,Organic,34.29,60.73,4.14,Needs Replacement
2026-01-25 22:15:00,F0049,Biodegradable,45.16,15.89,5.42,Healthy
2026-01-25 22:20:00,F0064,Organic,5.45,34.17,4.18,Healthy
2026-01-25 22:25:00,F0156,Organic,12.58,61.49,3.79,Damaged
2026-01-25 22:30:00,F0365,Plastic,29.21,42.51,1.51,Damaged
2026-01-25 22:35:00,F0922,Plastic,59.94,40.32,4.55,Healthy
2026-01-25 22:40:00,F0602,Organic,90.69,14.43,1.85,Needs Replacement
2026-01-25 22:45:00,F0410,Biodegradable,49.67,26.09,1.62,Healthy
2026-01-25 22:50:00,F0355,Plastic,40.82,31.12,3.9,Damaged
2026-01-25 22:55:00,F0970,Organic,90.22,19.99,1.94,Healthy
2026-01-25 23:00:00,F0726,Biodegradable,83.97,49.33,5.6,Damaged
2026-01-25 23:05:00,F0577,Organic,81.46,63.36,7.7,Damaged
2026-01-25 23:10:00,F0688,Biodegradable,85.59,44.82,3.08,Needs Replacement
2026-01-25 23:15:00,F0829,Organic,74.04,29.19,4.36,Needs Replacement
2026-01-25 23:20:00,F0549,Organic,7.68,62.88,7.43,Needs Replacement
2026-01-25 23:25:00,F0903,Plastic,62.53,10.99,6.16,Damaged
2026-01-25 23:30:00,F0609,Organic,89.48,61.05,5.88,Damaged
2026-01-25 23:35:00,F0969,Plastic,40.03,36.62,2.31,Damaged
2026-01-25 23:40:00,F0374,Biodegradable,69.7,68.38,6.49,Healthy
2026-01-25 23:45:00,F0799,Organic,38.36,10.92,1.82,Healthy
2026-01-25 23:50:00,F0109,Biodegradable,15.42,37.58,3.91,Needs Replacement
2026-01-25 23:55:00,F0505,Biodegradable,67.14,34.59,5.94,Healthy
2026-01-26 00:00:00,F0144,Plastic,99.52,36.3,1.01,Healthy
2026-01-26 00:05:00,F0563,Plastic,92.64,52.72,4.85,Healthy
2026-01-26 00:10:00,F0438,Organic,15.79,55.5,5.04,Needs Replacement
2026-01-26 00:15:00,F0018,Plastic,42.86,23.19,2.15,Damaged
2026-01-26 00:20:00,F0230,Organic,44.38,27.71,2.75,Needs Replacement
2026-01-26 00:25:00,F0594,Biodegradable,42.05,10.06,5.48,Damaged
2026-01-26 00:30:00,F0503,Organic,0.25,34.34,7.0,Healthy
2026-01-26 00:35:00,F0267,Organic,58.9,39.35,1.24,Needs Replacement
2026-01-26 00:40:00,F0744,Biodegradable,20.12,24.64,3.75,Healthy
2026-01-26 00:45:00,F0436,Biodegradable,59.03,54.56,3.39,Damaged
2026-01-26 00:50:00,F0677,Plastic,53.27,54.78,2.69,Needs Replacement
2026-01-26 00:55:00,F0060,Plastic,51.75,40.16,4.74,Needs Replacement
2026-01-26 01:00:00,F0821,Plastic,21.23,15.67,7.77,Needs Replacement
2026-01-26 01:05:00,F0508,Biodegradable,83.91,35.17,3.21,Healthy
2026-01-26 01:10:00,F0314,Plastic,68.64,43.81,4.61,Healthy
2026-01-26 01:15:00,F0623,Organic,77.96,33.17,6.82,Damaged
2026-01-26 01:20:00,F0688,Plastic,1.3,11.53,7.41,Healthy
2026-01-26 01:25:00,F0264,Organic,45.07,41.14,7.57,Needs Replacement
2026-01-26 01:30:00,F0746,Organic,91.77,52.55,5.42,Needs Replacement
2026-01-26 01:35:00,F0840,Biodegradable,24.4,34.11,5.01,Damaged
2026-01-26 01:40:00,F0216,Plastic,96.94,43.27,2.93,Damaged
2026-01-26 01:45:00,F0070,Biodegradable,53.11,66.78,3.65,Healthy
2026-01-26 01:50:00,F0301,Plastic,14.35,22.07,1.09,Damaged
2026-01-26 01:55:00,F0180,Organic,54.16,25.19,6.55,Damaged
2026-01-26 02:00:00,F0672,Plastic,6.78,15.2,7.32,Healthy
2026-01-26 02:05:00,F0015,Biodegradable,75.57,46.07,7.02,Needs Replacement
2026-01-26 02:10:00,F0186,Organic,16.61,44.64,1.44,Damaged
2026-01-26 02:15:00,F0038,Biodegradable,44.85,47.49,6.74,Damaged
2026-01-26 02:20:00,F0556,Biodegradable,22.83,56.3,2.73,Needs Replacement
2026-01-26 02:25:00,F0441,Plastic,67.94,69.24,3.72,Damaged
2026-01-26 02:30:00,F0592,Organic,38.72,19.92,6.1,Healthy
2026-01-26 02:35:00,F0018,Biodegradable,89.42,56.87,6.82,Healthy
2026-01-26 02:40:00,F0224,Biodegradable,56.42,59.09,4.29,Needs Replacement
2026-01-26 02:45:00,F0022,Biodegradable,28.68,50.15,5.57,Healthy
2026-01-26 02:50:00,F0775,Biodegradable,51.05,34.45,2.13,Damaged
2026-01-26 02:55:00,F0459,Biodegradable,20.45,47.41,5.79,Healthy
2026-01-26 03:00:00,F0171,Plastic,18.04,55.13,2.7,Needs Replacement
2026-01-26 03:05:00,F0565,Organic,12.24,66.0,4.91,Healthy
2026-01-26 03:10:00,F0833,Organic,22.25,59.49,1.74,Damaged
2026-01-26 03:15:00,F0416,Organic,41.5,30.47,6.8,Needs Replacement
2026-01-26 03:20:00,F0895,Biodegradable,7.15,18.2,5.93,Damaged
2026-01-26 03:25:00,F0234,Plastic,55.27,18.09,1.23,Healthy
2026-01-26 03:30:00,F0824,Organic,53.07,68.95,4.11,Needs Replacement
2026-01-26 03:35:00,F0191,Plastic,3.35,40.21,6.27,Damaged
2026-01-26 03:40:00,F0449,Organic,83.6,22.55,1.09,Damaged
2026-01-26 03:45:00,F0273,Biodegradable,48.22,45.68,5.5,Needs Replacement
2026-01-26 03:50:00,F0769,Organic,66.24,20.5,3.27,Healthy
2026-01-26 03:55:00,F0425,Organic,18.93,34.29,5.03,Needs Replacement
2026-01-26 04:00:00,F0324,Plastic,69.8,15.68,6.22,Needs Replacement
2026-01-26 04:05:00,F0308,Organic,35.64,20.66,4.1,Damaged
2026-01-26 04:10:00,F0877,Organic,81.09,59.42,4.72,Healthy
2026-01-26 04:15:00,F0588,Plastic,72.03,49.28,7.64,Damaged
2026-01-26 04:20:00,F0781,Plastic,11.25,41.24,7.64,Healthy
2026-01-26 04:25:00,F0807,Plastic,31.47,35.97,7.25,Damaged
2026-01-26 04:30:00,F0294,Biodegradable,86.46,14.47,4.22,Needs Replacement
2026-01-26 04:35:00,F0677,Organic,49.44,12.22,3.58,Damaged
2026-01-26 04:40:00,F0753,Plastic,0.92,46.51,2.42,Healthy
2026-01-26 04:45:00,F0720,Plastic,85.95,23.4,4.04,Healthy
2026-01-26 04:50:00,F0053,Plastic,75.94,29.2,7.67,Damaged
2026-01-26 04:55:00,F0208,Biodegradable,29.92,54.73,3.41,Healthy
2026-01-26 05:00:00,F0251,Organic,85.41,56.65,5.05,Damaged
2026-01-26 05:05:00,F0329,Organic,97.16,31.57,2.95,Healthy
2026-01-26 05:10:00,F0346,Biodegradable,33.9,29.01,7.16,Needs Replacement
2026-01-26 05:15:00,F0413,Plastic,85.32,66.31,5.47,Damaged
2026-01-26 05:20:00,F0171,Organic,54.39,59.43,2.42,Damaged
2026-01-26 05:25:00,F0387,Plastic,73.9,64.48,4.25,Damaged
2026-01-26 05:30:00,F0733,Biodegradable,52.53,50.3,6.41,Damaged
2026-01-26 05:35:00,F0982,Biodegradable,90.93,32.67,7.55,Needs Replacement
2026-01-26 05:40:00,F0914,Plastic,48.14,53.4,2.26,Damaged
2026-01-26 05:45:00,F0668,Organic,46.94,22.55,4.9,Needs Replacement
2026-01-26 05:50:00,F0190,Organic,56.03,36.63,7.09,Damaged
2026-01-26 05:55:00,F0126,Biodegradable,9.6,69.45,2.32,Healthy
2026-01-26 06:00:00,F0791,Biodegradable,17.89,44.31,2.96,Healthy
2026-01-26 06:05:00,F0772,Biodegradable,93.32,52.1,1.98,Healthy
2026-01-26 06:10:00,F0190,Organic,86.7,55.86,6.99,Healthy
2026-01-26 06:15:00,F0934,Biodegradable,68.52,25.04,6.13,Needs Replacement
2026-01-26 06:20:00,F0553,Biodegradable,27.46,32.08,1.45,Healthy
2026-01-26 06:25:00,F0939,Plastic,31.83,63.85,7.21,Healthy
2026-01-26 06:30:00,F0356,Organic,26.13,10.22,7.23,Healthy
2026-01-26 06:35:00,F0155,Organic,2.8,64.27,2.11,Needs Replacement
2026-01-26 06:40:00,F0010,Organic,19.08,50.06,7.1,Needs Replacement
2026-01-26 06:45:00,F0369,Organic,57.96,55.3,7.66,Healthy
2026-01-26 06:50:00,F0448,Biodegradable,42.66,57.59,5.09,Healthy
2026-01-26 06:55:00,F0376,Plastic,9.24,18.87,6.17,Damaged
2026-01-26 07:00:00,F0550,Organic,41.78,61.03,3.85,Needs Replacement
2026-01-26 07:05:00,F0396,Plastic,29.22,47.51,3.09,Damaged
2026-01-26 07:10:00,F0180,Plastic,68.01,59.44,7.6,Healthy
2026-01-26 07:15:00,F0182,Biodegradable,57.66,61.06,4.81,Damaged
2026-01-26 07:20:00,F0956,Biodegradable,79.14,48.39,3.77,Healthy
2026-01-26 07:25:00,F0017,Biodegradable,39.29,14.68,2.42,Needs Replacement
2026-01-26 07:30:00,F0404,Plastic,38.74,16.19,2.1,Damaged
2026-01-26 07:35:00,F0912,Organic,76.95,24.14,2.45,Needs Replacement
2026-01-26 07:40:00,F0802,Biodegradable,60.87,40.93,6.67,Needs Replacement
2026-01-26 07:45:00,F0827,Plastic,28.13,14.84,1.63,Needs Replacement
2026-01-26 07:50:00,F0697,Plastic,85.32,52.44,7.01,Healthy
2026-01-26 07:55:00,F0101,Organic,94.28,13.66,7.66,Needs Replacement
2026-01-26 08:00:00,F0770,Plastic,23.49,32.52,2.25,Damaged
2026-01-26 08:05:00,F0298,Plastic,27.41,60.23,3.14,Damaged
2026-01-26 08:10:00,F0875,Organic,63.57,37.22,7.4,Healthy
2026-01-26 08:15:00,F0858,Plastic,16.28,44.5,1.53,Damaged
2026-01-26 08:20:00,F0038,Organic,0.18,28.73,3.99,Damaged
2026-01-26 08:25:00,F0676,Plastic,98.24,34.87,1.31,Healthy
2026-01-26 08:30:00,F0606,Plastic,86.63,63.46,3.07,Damaged
2026-01-26 08:35:00,F0205,Biodegradable,10.39,25.71,5.62,Damaged
2026-01-26 08:40:00,F0913,Plastic,62.43,64.54,6.03,Needs Replacement
2026-01-26 08:45:00,F0642,Organic,27.75,67.86,3.91,Damaged
2026-01-26 08:50:00,F0953,Plastic,54.43,29.17,4.29,Healthy
2026-01-26 08:55:00,F0182,Biodegradable,90.92,35.83,1.39,Needs Replacement
2026-01-26 09:00:00,F0200,Organic,15.29,22.69,4.67,Needs Replacement
2026-01-26 09:05:00,F0079,Plastic,74.25,60.83,1.1,Damaged
2026-01-26 09:10:00,F0632,Biodegradable,92.5,51.22,6.29,Needs Replacement
2026-01-26 09:15:00,F0355,Biodegradable,2.4,24.63,5.61,Damaged
2026-01-26 09:20:00,F0259,Biodegradable,3.04,35.54,4.11,Needs Replacement
2026-01-26 09:25:00,F0125,Organic,23.4,23.34,2.39,Healthy
2026-01-26 09:30:00,F0262,Biodegradable,25.47,44.49,3.22,Healthy
2026-01-26 09:35:00,F0712,Plastic,17.07,65.15,7.06,Needs Replacement
2026-01-26 09:40:00,F0841,Plastic,75.37,44.74,2.1,Damaged
2026-01-26 09:45:00,F0806,Biodegradable,95.82,64.03,1.51,Healthy
2026-01-26 09:50:00,F0363,Plastic,4.76,45.19,8.0,Healthy
2026-01-26 09:55:00,F0124,Plastic,84.47,62.38,4.83,Needs Replacement
2026-01-26 10:00:00,F0872,Organic,60.73,19.97,7.75,Healthy
2026-01-26 10:05:00,F0286,Biodegradable,47.72,23.68,5.99,Damaged
2026-01-26 10:10:00,F0056,Plastic,6.34,63.24,3.07,Damaged
2026-01-26 10:15:00,F0173,Organic,75.04,31.92,6.19,Needs Replacement
2026-01-26 10:20:00,F0246,Biodegradable,60.04,58.85,6.52,Healthy
2026-01-26 10:25:00,F0935,Biodegradable,50.58,26.9,1.33,Healthy
2026-01-26 10:30:00,F0611,Biodegradable,48.18,33.58,2.8,Damaged
2026-01-26 10:35:00,F0365,Biodegradable,26.6,60.58,4.93,Damaged
2026-01-26 10:40:00,F0421,Biodegradable,1.92,23.49,1.18,Needs Replacement
2026-01-26 10:45:00,F0252,Plastic,82.11,27.25,3.88,Damaged
2026-01-26 10:50:00,F0341,Plastic,64.88,40.92,6.68,Needs Replacement
2026-01-26 10:55:00,F0109,Organic,93.74,40.67,4.47,Damaged
2026-01-26 11:00:00,F0934,Plastic,2.77,28.9,4.9,Needs Replacement
2026-01-26 11:05:00,F0495,Organic,48.82,16.29,5.3,Needs Replacement
2026-01-26 11:10:00,F0110,Biodegradable,25.72,44.34,2.62,Healthy
2026-01-26 11:15:00,F0732,Plastic,47.17,39.07,2.76,Healthy
2026-01-26 11:20:00,F0696,Biodegradable,20.04,25.37,3.76,Damaged
2026-01-26 11:25:00,F0691,Organic,27.7,66.88,3.77,Healthy
2026-01-26 11:30:00,F0415,Organic,47.89,56.84,5.19,Healthy
2026-01-26 11:35:00,F0060,Organic,44.25,23.15,3.65,Needs Replacement
2026-01-26 11:40:00,F0557,Plastic,26.33,18.88,4.91,Healthy
2026-01-26 11:45:00,F0158,Organic,43.64,45.65,4.51,Healthy
2026-01-26 11:50:00,F0289,Plastic,79.05,50.7,5.1,Needs Replacement
2026-01-26 11:55:00,F0412,Plastic,21.59,24.82,3.56,Healthy
2026-01-26 12:00:00,F0998,Organic,39.59,56.45,3.3,Needs Replacement
2026-01-26 12:05:00,F0297,Biodegradable,13.24,65.08,3.93,Healthy
2026-01-26 12:10:00,F0410,Organic,21.7,54.43,3.99,Damaged
2026-01-26 12:15:00,F0664,Biodegradable,6.95,28.91,2.83,Healthy
2026-01-26 12:20:00,F0275,Plastic,24.85,24.65,3.7,Damaged
2026-01-26 12:25:00,F0628,Plastic,83.0,66.81,2.61,Healthy
2026-01-26 12:30:00,F0247,Biodegradable,20.92,47.45,7.85,Needs Replacement
2026-01-26 12:35:00,F0043,Biodegradable,13.56,51.89,6.94,Damaged
2026-01-26 12:40:00,F0826,Biodegradable,53.73,30.74,2.27,Needs Replacement
2026-01-26 12:45:00,F0096,Plastic,87.97,27.42,7.06,Needs Replacement
2026-01-26 12:50:00,F0312,Organic,61.94,46.14,6.85,Needs Replacement
2026-01-26 12:55:00,F0670,Organic,27.23,39.37,5.7,Needs Replacement
2026-01-26 13:00:00,F0041,Biodegradable,3.69,55.65,7.67,Needs Replacement
2026-01-26 13:05:00,F0843,Organic,45.88,14.07,3.17,Needs Replacement
2026-01-26 13:10:00,F0395,Plastic,57.5,66.75,2.63,Healthy
2026-01-26 13:15:00,F0352,Organic,66.33,56.4,2.76,Healthy
2026-01-26 13:20:00,F0747,Biodegradable,90.85,34.09,7.33,Healthy
2026-01-26 13:25:00,F0301,Plastic,92.25,41.13,6.22,Damaged
2026-01-26 13:30:00,F0640,Biodegradable,67.44,67.98,3.2,Needs Replacement
2026-01-26 13:35:00,F0934,Plastic,89.04,11.9,6.99,Healthy
2026-01-26 13:40:00,F0468,Biodegradable,89.78,40.17,6.55,Needs Replacement
2026-01-26 13:45:00,F0946,Biodegradable,80.19,50.65,3.97,Damaged
2026-01-26 13:50:00,F0238,Organic,10.09,29.22,4.24,Healthy
2026-01-26 13:55:00,F0551,Organic,30.82,14.21,1.22,Needs Replacement
2026-01-26 14:00:00,F0956,Plastic,99.67,65.03,3.94,Healthy
2026-01-26 14:05:00,F0563,Plastic,38.5,58.55,5.86,Damaged
2026-01-26 14:10:00,F0121,Plastic,96.88,60.46,5.11,Needs Replacement
2026-01-26 14:15:00,F0522,Organic,75.81,47.43,6.94,Damaged
2026-01-26 14:20:00,F0066,Biodegradable,16.46,44.65,5.72,Needs Replacement
2026-01-26 14:25:00,F0713,Organic,2.58,41.79,1.7,Damaged
2026-01-26 14:30:00,F0198,Organic,99.94,56.7,7.13,Damaged
2026-01-26 14:35:00,F0467,Organic,22.69,52.37,2.95,Healthy
2026-01-26 14:40:00,F0995,Organic,12.4,29.25,4.96,Healthy
2026-01-26 14:45:00,F0855,Organic,49.3,17.4,6.26,Needs Replacement
2026-01-26 14:50:00,F0768,Organic,54.74,65.32,1.67,Healthy
2026-01-26 14:55:00,F0804,Organic,0.48,54.78,2.9,Needs Replacement
2026-01-26 15:00:00,F0126,Plastic,41.03,18.94,6.42,Damaged
2026-01-26 15:05:00,F0788,Biodegradable,42.28,68.14,1.28,Needs Replacement
2026-01-26 15:10:00,F0181,Biodegradable,15.89,34.67,6.18,Damaged
2026-01-26 15:15:00,F0313,Plastic,50.33,63.9,6.24,Needs Replacement
2026-01-26 15:20:00,F0603,Biodegradable,92.39,54.56,2.81,Needs Replacement
2026-01-26 15:25:00,F0885,Organic,57.57,54.45,2.04,Healthy
2026-01-26 15:30:00,F0707,Plastic,79.7,48.52,5.18,Needs Replacement
2026-01-26 15:35:00,F0283,Organic,40.79,59.44,3.25,Damaged
2026-01-26 15:40:00,F0857,Biodegradable,93.96,40.52,6.85,Damaged
2026-01-26 15:45:00,F0978,Biodegradable,97.84,50.02,6.09,Needs Replacement
2026-01-26 15:50:00,F0331,Plastic,90.98,64.62,6.88,Damaged
2026-01-26 15:55:00,F0605,Plastic,74.49,18.57,5.53,Needs Replacement
2026-01-26 16:00:00,F0332,Plastic,69.32,39.73,1.84,Damaged
2026-01-26 16:05:00,F0297,Plastic,40.13,56.07,1.75,Damaged
2026-01-26 16:10:00,F0359,Organic,2.0,13.68,7.47,Healthy
2026-01-26 16:15:00,F0419,Biodegradable,4.67,17.26,7.3,Needs Replacement
2026-01-26 16:20:00,F0796,Plastic,84.67,37.89,2.03,Needs Replacement
2026-01-26 16:25:00,F0724,Biodegradable,11.05,19.34,4.14,Damaged
2026-01-26 16:30:00,F0981,Organic,46.87,36.34,2.49,Healthy
2026-01-26 16:35:00,F0714,Organic,41.04,57.81,3.07,Healthy
2026-01-26 16:40:00,F0302,Plastic,56.95,46.45,1.16,Damaged
2026-01-26 16:45:00,F0417,Organic,54.78,16.04,7.36,Needs Replacement
2026-01-26 16:50:00,F0449,Plastic,13.55,61.88,6.94,Healthy
2026-01-26 16:55:00,F0406,Biodegradable,73.82,28.72,7.66,Healthy
2026-01-26 17:00:00,F0432,Organic,57.46,29.11,3.16,Needs Replacement
2026-01-26 17:05:00,F0394,Organic,12.61,35.11,6.78,Damaged
2026-01-26 17:10:00,F0447,Biodegradable,15.76,49.2,5.77,Healthy
2026-01-26 17:15:00,F0815,Biodegradable,39.08,64.48,3.24,Needs Replacement
2026-01-26 17:20:00,F0067,Plastic,3.28,58.79,3.75,Needs Replacement
2026-01-26 17:25:00,F0232,Plastic,2.95,47.43,7.93,Healthy
2026-01-26 17:30:00,F0834,Biodegradable,15.47,56.25,1.39,Needs Replacement
2026-01-26 17:35:00,F0294,Biodegradable,38.39,36.13,7.79,Healthy
2026-01-26 17:40:00,F0161,Biodegradable,32.43,54.15,2.25,Damaged
2026-01-26 17:45:00,F0285,Plastic,11.39,61.75,7.84,Needs Replacement
2026-01-26 17:50:00,F0764,Organic,22.37,20.0,7.76,Healthy
2026-01-26 17:55:00,F0911,Plastic,46.64,49.93,3.56,Healthy
2026-01-26 18:00:00,F0464,Plastic,97.6,41.16,7.67,Healthy
2026-01-26 18:05:00,F0878,Biodegradable,11.57,32.69,6.65,Damaged
2026-01-26 18:10:00,F0382,Plastic,56.01,27.8,3.33,Needs Replacement
2026-01-26 18:15:00,F0753,Organic,11.02,17.15,4.08,Damaged
2026-01-26 18:20:00,F0980,Plastic,36.54,39.86,3.55,Damaged
2026-01-26 18:25:00,F0505,Organic,94.63,12.17,3.79,Needs Replacement
2026-01-26 18:30:00,F0690,Biodegradable,9.26,56.35,3.41,Damaged
2026-01-26 18:35:00,F0445,Biodegradable,83.74,68.04,4.82,Healthy
2026-01-26 18:40:00,F0155,Organic,93.28,29.08,3.78,Healthy
2026-01-26 18:45:00,F0192,Organic,31.36,11.5,3.68,Damaged
2026-01-26 18:50:00,F0780,Biodegradable,34.58,31.97,4.38,Needs Replacement
2026-01-26 18:55:00,F0206,Organic,69.48,31.79,7.06,Damaged
2026-01-26 19:00:00,F0177,Organic,25.05,30.07,1.47,Healthy
2026-01-26 19:05:00,F0343,Biodegradable,26.71,62.1,6.65,Damaged
2026-01-26 19:10:00,F0434,Biodegradable,1.99,13.97,7.96,Healthy
2026-01-26 19:15:00,F0092,Organic,11.2,66.28,3.92,Needs Replacement
2026-01-26 19:20:00,F0717,Organic,68.32,14.62,2.04,Needs Replacement
2026-01-26 19:25:00,F0692,Organic,24.83,58.74,1.89,Needs Replacement
2026-01-26 19:30:00,F0003,Plastic,3.91,50.59,1.66,Needs Replacement
2026-01-26 19:35:00,F0454,Plastic,52.8,16.49,5.08,Damaged
2026-01-26 19:40:00,F0569,Biodegradable,55.84,26.35,6.42,Damaged
2026-01-26 19:45:00,F0310,Biodegradable,25.11,36.85,6.54,Damaged
2026-01-26 19:50:00,F0751,Plastic,76.43,61.87,6.09,Healthy
2026-01-26 19:55:00,F0949,Biodegradable,89.42,40.92,4.41,Healthy
2026-01-26 20:00:00,F0332,Biodegradable,0.83,10.85,6.96,Damaged
2026-01-26 20:05:00,F0874,Biodegradable,80.64,46.48,1.08,Damaged
2026-01-26 20:10:00,F0222,Organic,4.18,17.24,1.11,Damaged
2026-01-26 20:15:00,F0859,Biodegradable,83.94,30.39,1.23,Healthy
2026-01-26 20:20:00,F0972,Biodegradable,69.49,63.59,3.37,Healthy
2026-01-26 20:25:00,F0674,Organic,34.13,48.49,6.04,Damaged
2026-01-26 20:30:00,F0797,Plastic,59.03,48.09,7.73,Healthy
2026-01-26 20:35:00,F0429,Plastic,9.72,52.1,4.98,Healthy
2026-01-26 20:40:00,F0902,Organic,96.08,14.51,7.39,Needs Replacement
2026-01-26 20:45:00,F0148,Biodegradable,96.28,59.77,6.43,Healthy
2026-01-26 20:50:00,F0580,Biodegradable,14.9,51.13,6.09,Healthy
2026-01-26 20:55:00,F0829,Organic,39.65,19.52,4.2,Damaged
2026-01-26 21:00:00,F0599,Biodegradable,50.92,43.6,6.87,Damaged
2026-01-26 21:05:00,F0005,Biodegradable,32.1,14.49,2.21,Healthy
2026-01-26 21:10:00,F0266,Biodegradable,0.05,23.45,6.07,Needs Replacement
2026-01-26 21:15:00,F0733,Plastic,36.94,68.12,3.48,Needs Replacement
2026-01-26 21:20:00,F0525,Biodegradable,39.07,39.46,7.02,Healthy
2026-01-26 21:25:00,F0354,Plastic,21.11,27.12,5.02,Needs Replacement
2026-01-26 21:30:00,F0406,Organic,23.51,40.08,5.73,Damaged
2026-01-26 21:35:00,F0395,Plastic,10.04,26.24,1.28,Damaged
2026-01-26 21:40:00,F0814,Plastic,70.64,43.81,3.26,Healthy
2026-01-26 21:45:00,F0278,Biodegradable,84.7,11.38,7.97,Damaged
2026-01-26 21:50:00,F0191,Organic,91.75,33.13,1.66,Healthy
2026-01-26 21:55:00,F0835,Organic,89.26,50.17,4.98,Needs Replacement
2026-01-26 22:00:00,F0764,Plastic,25.13,42.65,1.83,Damaged
2026-01-26 22:05:00,F0320,Plastic,32.29,40.24,5.04,Damaged
2026-01-26 22:10:00,F0286,Plastic,21.92,26.28,6.71,Damaged
2026-01-26 22:15:00,F0559,Biodegradable,63.91,40.9,3.47,Healthy
2026-01-26 22:20:00,F0382,Organic,58.95,10.91,5.28,Damaged
2026-01-26 22:25:00,F0425,Plastic,19.61,32.23,7.41,Needs Replacement
2026-01-26 22:30:00,F0552,Plastic,43.56,19.79,2.68,Healthy
2026-01-26 22:35:00,F0261,Plastic,80.62,38.2,2.61,Damaged
2026-01-26 22:40:00,F0353,Organic,20.59,54.37,5.93,Damaged
2026-01-26 22:45:00,F0798,Plastic,99.01,60.1,6.75,Healthy
2026-01-26 22:50:00,F0865,Plastic,90.51,57.01,6.75,Damaged
2026-01-26 22:55:00,F0695,Plastic,1.77,61.65,4.48,Needs Replacement
2026-01-26 23:00:00,F0019,Plastic,12.99,27.77,7.07,Damaged
2026-01-26 23:05:00,F0466,Plastic,38.66,55.5,3.0,Needs Replacement
2026-01-26 23:10:00,F0860,Biodegradable,66.69,26.65,7.96,Needs Replacement
2026-01-26 23:15:00,F0223,Plastic,69.65,47.28,1.21,Healthy
2026-01-26 23:20:00,F0859,Biodegradable,73.6,17.42,4.7,Damaged
2026-01-26 23:25:00,F0052,Organic,42.7,38.12,5.01,Needs Replacement
2026-01-26 23:30:00,F0494,Biodegradable,63.97,67.58,2.8,Damaged
2026-01-26 23:35:00,F0082,Biodegradable,13.57,13.1,7.49,Healthy
2026-01-26 23:40:00,F0253,Biodegradable,29.53,43.08,4.57,Needs Replacement
2026-01-26 23:45:00,F0087,Biodegradable,84.62,20.41,1.12,Damaged
2026-01-26 23:50:00,F0772,Organic,44.7,52.69,6.5,Damaged
2026-01-26 23:55:00,F0290,Plastic,22.17,61.99,6.23,Healthy
2026-01-27 00:00:00,F0133,Plastic,32.45,45.49,7.59,Needs Replacement
2026-01-27 00:05:00,F0462,Plastic,12.81,63.1,4.45,Needs Replacement
2026-01-27 00:10:00,F0050,Plastic,45.62,31.73,5.72,Healthy
2026-01-27 00:15:00,F0192,Plastic,65.84,41.27,7.14,Healthy
2026-01-27 00:20:00,F0036,Plastic,93.57,26.92,3.16,Damaged
2026-01-27 00:25:00,F0406,Biodegradable,37.85,41.87,5.08,Damaged
2026-01-27 00:30:00,F0181,Plastic,48.92,59.93,7.11,Damaged
2026-01-27 00:35:00,F0705,Biodegradable,79.58,27.12,3.32,Damaged
2026-01-27 00:40:00,F0680,Biodegradable,88.44,56.31,2.73,Damaged
2026-01-27 00:45:00,F0393,Biodegradable,31.11,55.17,1.39,Damaged
2026-01-27 00:50:00,F0182,Biodegradable,95.22,59.76,5.78,Needs Replacement
2026-01-27 00:55:00,F0997,Organic,24.13,48.71,1.38,Needs Replacement
2026-01-27 01:00:00,F0721,Biodegradable,40.73,61.13,5.99,Needs Replacement
2026-01-27 01:05:00,F0456,Biodegradable,59.21,27.39,6.22,Needs Replacement
2026-01-27 01:10:00,F0780,Biodegradable,52.53,57.59,4.64,Damaged
2026-01-27 01:15:00,F0942,Plastic,78.74,22.91,3.9,Healthy
2026-01-27 01:20:00,F0799,Biodegradable,86.97,29.53,6.03,Needs Replacement
2026-01-27 01:25:00,F0067,Plastic,97.81,45.15,5.93,Damaged
2026-01-27 01:30:00,F0976,Biodegradable,56.03,54.9,2.21,Needs Replacement
2026-01-27 01:35:00,F0472,Plastic,96.12,13.1,5.33,Needs Replacement
2026-01-27 01:40:00,F0202,Biodegradable,48.74,35.35,3.81,Damaged
2026-01-27 01:45:00,F0983,Biodegradable,37.91,59.84,3.04,Damaged
2026-01-27 01:50:00,F0725,Organic,87.79,50.74,4.99,Damaged
2026-01-27 01:55:00,F0139,Plastic,62.7,19.22,7.06,Healthy
2026-01-27 02:00:00,F0031,Plastic,55.01,48.69,1.16,Damaged
2026-01-27 02:05:00,F0427,Biodegradable,25.55,40.28,3.85,Healthy
2026-01-27 02:10:00,F0332,Biodegradable,39.51,29.18,3.25,Needs Replacement
2026-01-27 02:15:00,F0780,Plastic,10.77,62.02,6.37,Damaged
2026-01-27 02:20:00,F0804,Biodegradable,69.93,36.72,5.43,Healthy
2026-01-27 02:25:00,F0647,Organic,66.38,10.48,5.99,Damaged
2026-01-27 02:30:00,F0675,Plastic,69.46,64.01,2.91,Needs Replacement
2026-01-27 02:35:00,F1000,Biodegradable,85.78,63.99,3.05,Damaged
2026-01-27 02:40:00,F0676,Plastic,58.91,33.64,3.45,Damaged
2026-01-27 02:45:00,F0973,Organic,29.74,40.98,6.97,Healthy
2026-01-27 02:50:00,F0340,Plastic,45.66,45.18,2.09,Healthy
2026-01-27 02:55:00,F0778,Plastic,65.25,61.88,2.79,Needs Replacement
2026-01-27 03:00:00,F0459,Biodegradable,23.2,35.92,3.61,Needs Replacement
2026-01-27 03:05:00,F0806,Plastic,49.77,22.76,7.32,Needs Replacement
2026-01-27 03:10:00,F0494,Organic,79.92,56.14,4.72,Healthy
2026-01-27 03:15:00,F0663,Biodegradable,20.68,14.18,3.1,Needs Replacement
2026-01-27 03:20:00,F0489,Plastic,59.93,25.41,4.29,Damaged
2026-01-27 03:25:00,F0031,Organic,89.54,47.67,7.07,Healthy
2026-01-27 03:30:00,F0493,Organic,94.04,69.48,5.17,Needs Replacement
2026-01-27 03:35:00,F0782,Organic,39.3,52.48,3.89,Damaged
2026-01-27 03:40:00,F0939,Biodegradable,27.29,19.09,6.91,Healthy
2026-01-27 03:45:00,F0787,Plastic,45.95,55.04,2.19,Needs Replacement
2026-01-27 03:50:00,F0802,Biodegradable,39.0,40.03,6.67,Healthy
2026-01-27 03:55:00,F0953,Biodegradable,21.8,30.9,2.38,Needs Replacement
2026-01-27 04:00:00,F0457,Biodegradable,71.51,63.01,3.28,Damaged
2026-01-27 04:05:00,F0011,Organic,88.95,39.38,3.24,Damaged
2026-01-27 04:10:00,F0181,Biodegradable,75.93,54.77,5.63,Damaged
2026-01-27 04:15:00,F0862,Organic,22.4,45.72,6.68,Needs Replacement
2026-01-27 04:20:00,F0963,Plastic,94.73,34.91,5.75,Healthy
2026-01-27 04:25:00,F0655,Biodegradable,67.99,15.29,5.27,Healthy
2026-01-27 04:30:00,F0790,Biodegradable,65.63,50.21,2.66,Needs Replacement
2026-01-27 04:35:00,F0404,Biodegradable,17.61,67.72,4.09,Needs Replacement
2026-01-27 04:40:00,F0598,Organic,25.57,44.81,6.33,Healthy
2026-01-27 04:45:00,F0411,Plastic,62.95,60.21,3.75,Healthy
2026-01-27 04:50:00,F0729,Plastic,6.17,33.63,3.73,Healthy
2026-01-27 04:55:00,F0457,Biodegradable,35.87,14.63,2.81,Needs Replacement
2026-01-27 05:00:00,F0868,Biodegradable,87.01,67.9,6.67,Healthy
2026-01-27 05:05:00,F0093,Plastic,87.11,60.36,4.51,Damaged
2026-01-27 05:10:00,F0201,Biodegradable,65.4,55.91,7.24,Damaged
2026-01-27 05:15:00,F0253,Biodegradable,47.64,47.91,5.7,Needs Replacement
2026-01-27 05:20:00,F0909,Plastic,36.49,19.61,7.45,Damaged
2026-01-27 05:25:00,F0472,Organic,31.69,54.96,3.75,Damaged
2026-01-27 05:30:00,F0599,Biodegradable,6.12,31.63,4.62,Healthy
2026-01-27 05:35:00,F0943,Biodegradable,47.42,69.14,5.85,Needs Replacement
2026-01-27 05:40:00,F0300,Biodegradable,60.9,46.08,1.67,Damaged
2026-01-27 05:45:00,F0051,Biodegradable,18.31,59.33,4.35,Healthy
2026-01-27 05:50:00,F0108,Plastic,57.39,23.01,5.87,Healthy
2026-01-27 05:55:00,F0269,Organic,39.11,44.32,4.3,Healthy
2026-01-27 06:00:00,F0865,Biodegradable,15.66,24.98,6.3,Needs Replacement
2026-01-27 06:05:00,F0139,Biodegradable,7.57,39.98,1.59,Damaged
2026-01-27 06:10:00,F0641,Biodegradable,99.08,41.58,2.21,Needs Replacement
2026-01-27 06:15:00,F0771,Plastic,6.31,45.43,6.58,Needs Replacement
2026-01-27 06:20:00,F0572,Biodegradable,43.57,69.26,3.55,Healthy
2026-01-27 06:25:00,F0133,Biodegradable,15.51,51.56,3.53,Damaged
2026-01-27 06:30:00,F0920,Organic,32.32,39.41,1.18,Healthy
2026-01-27 06:35:00,F0561,Biodegradable,0.57,50.01,6.37,Healthy
2026-01-27 06:40:00,F0974,Plastic,60.84,23.37,2.65,Damaged
2026-01-27 06:45:00,F0384,Biodegradable,85.39,41.63,4.48,Healthy
2026-01-27 06:50:00,F0308,Organic,35.07,64.33,5.54,Healthy
2026-01-27 06:55:00,F0511,Organic,41.05,49.85,6.95,Needs Replacement
2026-01-27 07:00:00,F0701,Plastic,27.7,31.6,1.24,Damaged
2026-01-27 07:05:00,F0126,Biodegradable,24.54,55.49,7.46,Needs Replacement
2026-01-27 07:10:00,F0958,Biodegradable,72.6,12.96,4.82,Needs Replacement
2026-01-27 07:15:00,F0965,Organic,31.61,54.4,6.73,Healthy
2026-01-27 07:20:00,F0013,Organic,74.72,30.31,1.78,Damaged
2026-01-27 07:25:00,F0570,Biodegradable,1.05,10.09,7.33,Needs Replacement
2026-01-27 07:30:00,F0260,Organic,48.65,39.51,7.76,Needs Replacement
2026-01-27 07:35:00,F0791,Biodegradable,7.94,22.73,4.72,Damaged
2026-01-27 07:40:00,F0805,Biodegradable,95.48,32.62,6.81,Needs Replacement
2026-01-27 07:45:00,F0240,Organic,38.87,29.83,7.55,Needs Replacement
2026-01-27 07:50:00,F0235,Plastic,44.27,54.63,3.86,Needs Replacement
2026-01-27 07:55:00,F0887,Biodegradable,57.72,61.64,2.09,Needs Replacement
2026-01-27 08:00:00,F0948,Plastic,91.99,20.22,1.8,Needs Replacement
2026-01-27 08:05:00,F0563,Biodegradable,0.05,23.11,3.03,Needs Replacement
2026-01-27 08:10:00,F0987,Plastic,24.49,69.22,1.35,Healthy
2026-01-27 08:15:00,F0004,Organic,60.03,10.52,7.36,Needs Replacement
2026-01-27 08:20:00,F0886,Biodegradable,13.06,35.0,5.37,Damaged
2026-01-27 08:25:00,F0973,Biodegradable,42.71,45.71,2.89,Needs Replacement
2026-01-27 08:30:00,F0017,Biodegradable,45.09,68.59,3.87,Damaged
2026-01-27 08:35:00,F0622,Biodegradable,75.11,66.15,5.06,Healthy
2026-01-27 08:40:00,F0238,Organic,43.91,27.88,7.84,Needs Replacement
2026-01-27 08:45:00,F0540,Organic,36.48,46.84,5.52,Damaged
2026-01-27 08:50:00,F0700,Biodegradable,45.04,27.97,6.23,Needs Replacement
2026-01-27 08:55:00,F0251,Plastic,90.32,62.33,4.17,Damaged
2026-01-27 09:00:00,F0982,Biodegradable,61.21,25.19,2.84,Damaged
2026-01-27 09:05:00,F0865,Biodegradable,93.27,13.87,4.05,Needs Replacement
2026-01-27 09:10:00,F0495,Organic,18.11,38.73,4.34,Healthy
2026-01-27 09:15:00,F0520,Organic,43.86,19.47,1.99,Damaged
2026-01-27 09:20:00,F0075,Biodegradable,45.51,32.15,7.32,Healthy
2026-01-27 09:25:00,F0481,Organic,92.78,55.36,6.83,Needs Replacement
2026-01-27 09:30:00,F0997,Plastic,49.28,62.23,4.77,Healthy
2026-01-27 09:35:00,F0798,Plastic,73.05,58.84,1.28,Healthy
2026-01-27 09:40:00,F0758,Plastic,32.37,10.74,3.01,Needs Replacement
2026-01-27 09:45:00,F0034,Organic,23.01,29.33,3.55,Damaged
2026-01-27 09:50:00,F0948,Plastic,56.73,44.3,2.94,Needs Replacement
2026-01-27 09:55:00,F0481,Plastic,40.87,61.58,6.18,Healthy
2026-01-27 10:00:00,F0933,Plastic,18.84,24.06,7.56,Needs Replacement
2026-01-27 10:05:00,F0200,Biodegradable,33.62,22.13,7.14,Needs Replacement
2026-01-27 10:10:00,F0841,Biodegradable,61.25,38.34,7.53,Damaged
2026-01-27 10:15:00,F0161,Biodegradable,54.17,44.22,7.98,Healthy
2026-01-27 10:20:00,F0001,Biodegradable,73.02,17.2,3.82,Needs Replacement
2026-01-27 10:25:00,F0482,Biodegradable,56.01,55.83,3.28,Damaged
2026-01-27 10:30:00,F0488,Plastic,85.96,18.78,5.91,Needs Replacement
2026-01-27 10:35:00,F0955,Organic,85.19,35.5,1.33,Needs Replacement
2026-01-27 10:40:00,F0254,Organic,21.95,48.47,4.61,Needs Replacement
2026-01-27 10:45:00,F0511,Biodegradable,41.19,44.15,5.6,Needs Replacement
2026-01-27 10:50:00,F0773,Plastic,92.99,68.56,6.54,Damaged
2026-01-27 10:55:00,F0048,Organic,64.26,26.65,3.55,Damaged
2026-01-27 11:00:00,F0917,Biodegradable,14.05,33.98,7.62,Damaged
2026-01-27 11:05:00,F0627,Plastic,2.72,14.9,7.5,Damaged
2026-01-27 11:10:00,F0152,Organic,18.2,66.97,3.83,Damaged
2026-01-27 11:15:00,F0341,Biodegradable,15.83,27.38,2.66,Needs Replacement
2026-01-27 11:20:00,F0124,Plastic,67.07,54.27,3.98,Needs Replacement
2026-01-27 11:25:00,F0790,Biodegradable,44.21,22.2,4.86,Needs Replacement
2026-01-27 11:30:00,F0093,Biodegradable,16.46,58.09,3.21,Damaged
2026-01-27 11:35:00,F0036,Biodegradable,78.65,60.85,4.22,Damaged
2026-01-27 11:40:00,F0323,Plastic,50.08,10.43,3.31,Damaged
2026-01-27 11:45:00,F0402,Organic,55.06,10.13,2.37,Damaged
2026-01-27 11:50:00,F0892,Biodegradable,62.67,18.52,4.65,Needs Replacement
2026-01-27 11:55:00,F0025,Organic,3.32,37.21,5.89,Healthy
2026-01-27 12:00:00,F0426,Organic,79.75,61.12,3.86,Healthy
2026-01-27 12:05:00,F0398,Biodegradable,6.48,17.71,1.75,Healthy
2026-01-27 12:10:00,F0188,Organic,55.28,56.88,6.8,Damaged
2026-01-27 12:15:00,F0834,Biodegradable,93.69,23.46,4.98,Healthy
2026-01-27 12:20:00,F0175,Organic,11.16,68.71,6.08,Healthy
2026-01-27 12:25:00,F0892,Organic,22.27,16.21,2.69,Damaged
2026-01-27 12:30:00,F0381,Biodegradable,19.22,12.12,7.7,Healthy
2026-01-27 12:35:00,F0514,Plastic,3.33,43.56,5.78,Needs Replacement
2026-01-27 12:40:00,F0434,Organic,77.84,55.78,7.5,Healthy
2026-01-27 12:45:00,F0424,Plastic,19.9,33.68,3.35,Needs Replacement
2026-01-27 12:50:00,F0578,Organic,47.48,32.28,7.54,Needs Replacement
2026-01-27 12:55:00,F0335,Organic,78.47,54.1,6.27,Healthy
2026-01-27 13:00:00,F0655,Biodegradable,81.09,29.11,6.22,Needs Replacement
2026-01-27 13:05:00,F0013,Organic,48.14,49.54,3.48,Healthy
2026-01-27 13:10:00,F0546,Biodegradable,17.88,51.31,6.62,Damaged
2026-01-27 13:15:00,F0554,Organic,73.74,42.89,1.18,Needs Replacement
2026-01-27 13:20:00,F0516,Organic,52.86,19.07,3.4,Needs Replacement
2026-01-27 13:25:00,F0022,Plastic,78.42,47.76,1.33,Needs Replacement
2026-01-27 13:30:00,F0379,Plastic,94.12,10.98,3.0,Needs Replacement
2026-01-27 13:35:00,F0251,Plastic,73.51,66.18,3.12,Needs Replacement
2026-01-27 13:40:00,F0785,Biodegradable,37.9,41.38,1.83,Healthy
2026-01-27 13:45:00,F0993,Organic,8.6,48.11,5.41,Healthy
2026-01-27 13:50:00,F0452,Biodegradable,23.1,27.07,5.93,Damaged
2026-01-27 13:55:00,F0320,Organic,35.63,12.53,7.1,Damaged
2026-01-27 14:00:00,F0142,Plastic,30.09,66.94,4.88,Damaged
2026-01-27 14:05:00,F0638,Biodegradable,47.76,34.37,7.24,Healthy
2026-01-27 14:10:00,F0316,Biodegradable,92.69,33.07,5.25,Healthy
2026-01-27 14:15:00,F0873,Biodegradable,33.2,48.95,6.17,Damaged
2026-01-27 14:20:00,F0672,Organic,94.54,65.22,2.58,Healthy
2026-01-27 14:25:00,F0892,Plastic,56.24,34.21,4.41,Needs Replacement
2026-01-27 14:30:00,F0100,Organic,36.28,56.27,7.41,Healthy
2026-01-27 14:35:00,F0802,Organic,52.4,23.26,3.45,Damaged
2026-01-27 14:40:00,F0893,Biodegradable,66.79,25.64,5.53,Damaged
2026-01-27 14:45:00,F0688,Biodegradable,82.98,34.42,5.92,Healthy
2026-01-27 14:50:00,F0217,Biodegradable,77.04,53.78,2.82,Damaged
2026-01-27 14:55:00,F0924,Biodegradable,54.88,26.39,7.81,Damaged
2026-01-27 15:00:00,F0508,Biodegradable,86.78,42.62,6.16,Healthy
2026-01-27 15:05:00,F0590,Organic,84.22,16.27,1.07,Healthy
2026-01-27 15:10:00,F0968,Organic,73.87,13.06,5.06,Healthy
2026-01-27 15:15:00,F0514,Plastic,7.35,59.48,7.67,Needs Replacement
2026-01-27 15:20:00,F0106,Plastic,96.96,67.55,7.38,Healthy
2026-01-27 15:25:00,F0618,Plastic,22.98,47.6,3.06,Damaged
2026-01-27 15:30:00,F0391,Organic,18.06,15.76,1.38,Needs Replacement
2026-01-27 15:35:00,F0379,Organic,26.11,34.53,7.97,Healthy
2026-01-27 15:40:00,F0111,Plastic,11.17,61.96,2.53,Needs Replacement
2026-01-27 15:45:00,F0789,Plastic,40.24,40.03,3.76,Damaged
2026-01-27 15:50:00,F0599,Organic,35.47,39.89,6.22,Needs Replacement
2026-01-27 15:55:00,F0578,Biodegradable,28.01,12.23,1.42,Damaged
2026-01-27 16:00:00,F0238,Biodegradable,61.69,37.08,4.26,Healthy
2026-01-27 16:05:00,F0956,Organic,8.96,30.21,4.47,Healthy
2026-01-27 16:10:00,F0847,Plastic,89.38,20.35,7.56,Needs Replacement
2026-01-27 16:15:00,F0919,Organic,83.43,56.2,4.13,Needs Replacement
2026-01-27 16:20:00,F0379,Plastic,3.69,25.89,6.36,Needs Replacement
2026-01-27 16:25:00,F0513,Biodegradable,26.12,68.11,5.78,Damaged
2026-01-27 16:30:00,F0611,Organic,14.34,64.18,3.9,Damaged
2026-01-27 16:35:00,F0860,Biodegradable,98.6,25.42,5.62,Healthy
2026-01-27 16:40:00,F0572,Plastic,83.52,65.92,6.72,Needs Replacement
2026-01-27 16:45:00,F0022,Biodegradable,59.49,39.11,4.0,Healthy
2026-01-27 16:50:00,F0609,Organic,81.06,58.48,4.11,Needs Replacement
2026-01-27 16:55:00,F0487,Biodegradable,73.59,28.75,2.22,Needs Replacement
2026-01-27 17:00:00,F0693,Plastic,0.24,58.1,2.97,Needs Replacement
2026-01-27 17:05:00,F0004,Plastic,43.66,60.69,7.25,Needs Replacement
2026-01-27 17:10:00,F0159,Organic,69.38,21.42,2.34,Needs Replacement
2026-01-27 17:15:00,F0837,Organic,34.15,15.18,2.38,Damaged
2026-01-27 17:20:00,F0962,Plastic,15.24,15.3,4.73,Damaged
2026-01-27 17:25:00,F0684,Organic,36.01,14.34,1.06,Needs Replacement
2026-01-27 17:30:00,F0792,Plastic,92.97,62.24,5.4,Needs Replacement
2026-01-27 17:35:00,F0516,Biodegradable,33.93,32.07,7.32,Healthy
2026-01-27 17:40:00,F0945,Plastic,51.06,26.43,7.14,Damaged
2026-01-27 17:45:00,F0401,Plastic,1.32,19.38,1.5,Healthy
2026-01-27 17:50:00,F0634,Plastic,30.69,51.54,2.29,Needs Replacement
2026-01-27 17:55:00,F0156,Organic,52.95,16.32,6.48,Needs Replacement
2026-01-27 18:00:00,F0420,Plastic,15.84,24.85,2.08,Needs Replacement
2026-01-27 18:05:00,F0445,Biodegradable,44.72,53.26,4.07,Needs Replacement
2026-01-27 18:10:00,F0595,Biodegradable,91.15,57.61,7.02,Needs Replacement
2026-01-27 18:15:00,F0724,Organic,76.23,42.25,4.12,Needs Replacement
2026-01-27 18:20:00,F0275,Biodegradable,58.36,19.06,5.03,Damaged
2026-01-27 18:25:00,F0355,Biodegradable,19.39,14.38,3.92,Needs Replacement
2026-01-27 18:30:00,F0906,Organic,15.7,61.98,6.09,Needs Replacement
2026-01-27 18:35:00,F0898,Plastic,50.46,52.56,5.22,Damaged
2026-01-27 18:40:00,F0450,Biodegradable,33.03,34.26,3.96,Damaged
2026-01-27 18:45:00,F0407,Plastic,20.92,21.2,2.34,Damaged
2026-01-27 18:50:00,F0461,Biodegradable,71.12,22.38,1.75,Healthy
2026-01-27 18:55:00,F0568,Biodegradable,34.15,28.14,7.41,Damaged
2026-01-27 19:00:00,F0815,Biodegradable,22.16,21.98,5.58,Damaged
2026-01-27 19:05:00,F0287,Biodegradable,9.58,10.94,3.79,Healthy
2026-01-27 19:10:00,F0890,Plastic,15.75,35.4,4.76,Damaged
2026-01-27 19:15:00,F0937,Biodegradable,22.21,41.71,5.85,Damaged
2026-01-27 19:20:00,F0363,Organic,87.34,67.3,1.5,Damaged
2026-01-27 19:25:00,F0097,Organic,89.41,43.8,4.81,Needs Replacement
2026-01-27 19:30:00,F0594,Plastic,24.61,58.55,7.02,Healthy
2026-01-27 19:35:00,F0431,Plastic,67.38,56.49,1.09,Healthy
2026-01-27 19:40:00,F0039,Plastic,71.57,31.19,3.03,Needs Replacement
2026-01-27 19:45:00,F0319,Organic,91.28,49.18,6.67,Damaged
2026-01-27 19:50:00,F0983,Organic,63.91,17.91,7.53,Healthy
2026-01-27 19:55:00,F0890,Organic,63.83,43.02,5.87,Damaged
2026-01-27 20:00:00,F0045,Organic,9.93,57.52,2.71,Healthy
2026-01-27 20:05:00,F0331,Organic,6.51,41.76,1.23,Damaged
2026-01-27 20:10:00,F0405,Plastic,89.0,39.79,5.56,Damaged
2026-01-27 20:15:00,F0627,Organic,61.51,41.41,1.26,Damaged
2026-01-27 20:20:00,F0406,Organic,35.38,62.04,3.96,Needs Replacement
2026-01-27 20:25:00,F0096,Organic,4.96,42.0,3.93,Damaged
2026-01-27 20:30:00,F0298,Plastic,93.0,50.42,2.15,Needs Replacement
2026-01-27 20:35:00,F0539,Biodegradable,95.38,38.26,2.37,Needs Replacement
2026-01-27 20:40:00,F0019,Plastic,8.28,26.83,2.38,Damaged
2026-01-27 20:45:00,F0936,Plastic,1.0,63.62,2.09,Needs Replacement
2026-01-27 20:50:00,F0408,Plastic,84.55,54.34,3.74,Needs Replacement
2026-01-27 20:55:00,F0292,Organic,0.73,20.64,5.56,Needs Replacement
2026-01-27 21:00:00,F0639,Biodegradable,51.37,29.58,5.57,Damaged
2026-01-27 21:05:00,F0237,Plastic,53.43,41.78,2.2,Needs Replacement
2026-01-27 21:10:00,F0179,Plastic,22.84,17.03,3.31,Damaged
2026-01-27 21:15:00,F0465,Biodegradable,78.47,22.43,1.95,Damaged
2026-01-27 21:20:00,F0115,Organic,17.47,56.25,2.79,Damaged
2026-01-27 21:25:00,F0974,Organic,67.08,50.56,4.85,Needs Replacement
2026-01-27 21:30:00,F0088,Biodegradable,77.09,32.07,2.64,Damaged
2026-01-27 21:35:00,F0466,Biodegradable,40.18,28.68,5.2,Healthy
2026-01-27 21:40:00,F0588,Plastic,5.74,58.84,6.82,Damaged
2026-01-27 21:45:00,F0421,Biodegradable,98.23,55.21,2.52,Damaged
2026-01-27 21:50:00,F0654,Biodegradable,24.22,60.54,3.52,Needs Replacement
2026-01-27 21:55:00,F0558,Plastic,64.83,26.81,7.43,Damaged
2026-01-27 22:00:00,F0512,Biodegradable,49.28,12.32,7.12,Needs Replacement
2026-01-27 22:05:00,F0193,Plastic,96.93,47.02,1.38,Needs Replacement
2026-01-27 22:10:00,F0813,Plastic,78.95,15.7,7.15,Needs Replacement
2026-01-27 22:15:00,F0198,Plastic,99.14,52.4,1.02,Healthy
2026-01-27 22:20:00,F0595,Organic,11.0,55.44,5.71,Needs Replacement
2026-01-27 22:25:00,F0032,Plastic,1.84,12.93,3.19,Damaged
2026-01-27 22:30:00,F0335,Plastic,67.72,69.34,7.43,Healthy
2026-01-27 22:35:00,F0829,Organic,84.92,36.09,7.9,Healthy
2026-01-27 22:40:00,F0762,Organic,68.66,22.42,7.93,Healthy
2026-01-27 22:45:00,F0237,Plastic,76.05,33.92,7.56,Needs Replacement
2026-01-27 22:50:00,F0160,Plastic,9.45,13.15,4.85,Healthy
2026-01-27 22:55:00,F0124,Biodegradable,0.78,38.52,5.84,Damaged
2026-01-27 23:00:00,F0048,Organic,29.51,37.91,6.17,Healthy
2026-01-27 23:05:00,F0568,Plastic,60.37,48.21,3.53,Damaged
2026-01-27 23:10:00,F0776,Organic,89.6,10.7,6.89,Needs Replacement
2026-01-27 23:15:00,F0367,Plastic,77.14,57.88,2.63,Needs Replacement
2026-01-27 23:20:00,F0484,Organic,99.77,31.89,3.58,Healthy
2026-01-27 23:25:00,F0968,Plastic,36.15,25.82,2.68,Healthy
2026-01-27 23:30:00,F0803,Organic,70.45,58.38,7.81,Needs Replacement
2026-01-27 23:35:00,F0761,Organic,99.42,13.26,3.9,Healthy
2026-01-27 23:40:00,F0376,Organic,16.85,44.87,7.77,Needs Replacement
2026-01-27 23:45:00,F0045,Organic,44.38,14.87,3.11,Needs Replacement
2026-01-27 23:50:00,F0731,Organic,8.55,30.23,2.06,Damaged
2026-01-27 23:55:00,F0711,Biodegradable,62.4,47.09,6.85,Needs Replacement
2026-01-28 00:00:00,F0476,Biodegradable,16.32,69.1,3.21,Damaged
2026-01-28 00:05:00,F0827,Biodegradable,70.31,60.64,4.67,Healthy
2026-01-28 00:10:00,F0102,Organic,40.1,53.72,7.03,Healthy
2026-01-28 00:15:00,F0265,Plastic,31.72,67.43,1.66,Damaged
2026-01-28 00:20:00,F0513,Organic,26.31,19.43,5.91,Needs Replacement
2026-01-28 00:25:00,F0077,Biodegradable,88.68,67.97,4.08,Healthy
2026-01-28 00:30:00,F0862,Biodegradable,44.37,65.39,4.29,Needs Replacement
2026-01-28 00:35:00,F0420,Organic,9.24,63.48,1.0,Damaged
2026-01-28 00:40:00,F0055,Biodegradable,32.12,64.28,3.22,Needs Replacement
2026-01-28 00:45:00,F0008,Plastic,47.56,58.86,2.34,Damaged
2026-01-28 00:50:00,F0905,Plastic,98.05,15.45,4.45,Needs Replacement
2026-01-28 00:55:00,F0038,Plastic,2.89,16.26,5.55,Healthy
2026-01-28 01:00:00,F0878,Plastic,67.21,37.12,4.73,Damaged
2026-01-28 01:05:00,F0466,Plastic,95.24,47.89,5.55,Healthy
2026-01-28 01:10:00,F0390,Organic,93.75,67.89,4.29,Needs Replacement
2026-01-28 01:15:00,F0682,Biodegradable,25.95,11.84,4.99,Damaged
2026-01-28 01:20:00,F0409,Biodegradable,91.09,27.45,1.91,Healthy
2026-01-28 01:25:00,F0983,Plastic,70.96,62.39,4.87,Needs Replacement
2026-01-28 01:30:00,F0278,Biodegradable,7.51,35.27,2.96,Healthy
2026-01-28 01:35:00,F0072,Plastic,30.3,49.65,7.91,Needs Replacement
2026-01-28 01:40:00,F0675,Organic,87.85,38.38,7.14,Needs Replacement
2026-01-28 01:45:00,F0130,Plastic,14.45,64.57,4.7,Healthy
2026-01-28 01:50:00,F0130,Biodegradable,64.42,63.67,7.18,Healthy
2026-01-28 01:55:00,F0410,Plastic,79.66,35.36,4.58,Healthy
2026-01-28 02:00:00,F0357,Plastic,51.85,66.96,5.18,Damaged
2026-01-28 02:05:00,F0942,Biodegradable,70.17,46.8,2.67,Needs Replacement
2026-01-28 02:10:00,F0508,Organic,39.09,18.81,6.92,Needs Replacement
2026-01-28 02:15:00,F0101,Organic,25.71,21.3,7.48,Needs Replacement
2026-01-28 02:20:00,F0798,Organic,58.05,28.87,4.01,Damaged
2026-01-28 02:25:00,F0219,Organic,82.15,16.2,5.84,Damaged
2026-01-28 02:30:00,F0657,Organic,10.42,23.43,5.72,Damaged
2026-01-28 02:35:00,F0701,Plastic,88.48,24.53,1.74,Needs Replacement
2026-01-28 02:40:00,F0496,Biodegradable,54.33,60.87,1.32,Needs Replacement
2026-01-28 02:45:00,F0766,Organic,57.66,51.07,3.25,Healthy
2026-01-28 02:50:00,F0015,Organic,11.15,58.04,4.69,Healthy
2026-01-28 02:55:00,F0285,Biodegradable,69.55,29.36,7.01,Needs Replacement
2026-01-28 03:00:00,F0274,Biodegradable,48.85,60.27,2.68,Healthy
2026-01-28 03:05:00,F0624,Organic,37.11,49.26,5.57,Healthy
2026-01-28 03:10:00,F0681,Organic,43.2,46.18,1.24,Damaged
2026-01-28 03:15:00,F0857,Plastic,77.18,19.37,7.66,Healthy
2026-01-28 03:20:00,F0884,Organic,66.58,60.5,4.39,Healthy
2026-01-28 03:25:00,F0486,Plastic,25.41,10.25,4.94,Healthy
2026-01-28 03:30:00,F0408,Biodegradable,91.19,16.93,3.29,Damaged
2026-01-28 03:35:00,F0636,Organic,69.65,26.12,1.12,Healthy
2026-01-28 03:40:00,F0961,Organic,56.47,29.65,6.51,Healthy
2026-01-28 03:45:00,F0515,Plastic,59.9,38.99,4.99,Damaged
2026-01-28 03:50:00,F0518,Plastic,26.69,53.8,3.73,Needs Replacement
2026-01-28 03:55:00,F0651,Plastic,94.63,54.46,5.24,Needs Replacement
2026-01-28 04:00:00,F0612,Organic,7.7,66.39,1.66,Needs Replacement
2026-01-28 04:05:00,F0921,Biodegradable,3.52,51.4,6.07,Needs Replacement
2026-01-28 04:10:00,F0914,Biodegradable,17.75,39.28,5.52,Healthy
2026-01-28 04:15:00,F0672,Plastic,51.05,41.96,6.15,Needs Replacement
2026-01-28 04:20:00,F0154,Biodegradable,50.23,22.08,6.33,Healthy
2026-01-28 04:25:00,F0900,Biodegradable,46.03,44.95,5.22,Healthy
2026-01-28 04:30:00,F0979,Plastic,77.85,62.85,2.47,Healthy
2026-01-28 04:35:00,F0003,Biodegradable,32.93,39.16,1.96,Damaged
2026-01-28 04:40:00,F0775,Organic,83.32,41.15,3.41,Healthy
2026-01-28 04:45:00,F0981,Organic,42.46,51.34,5.9,Healthy
2026-01-28 04:50:00,F0726,Organic,18.95,57.47,4.48,Healthy
2026-01-28 04:55:00,F0717,Organic,14.4,28.93,4.44,Needs Replacement
2026-01-28 05:00:00,F0317,Biodegradable,17.99,57.06,5.73,Healthy
2026-01-28 05:05:00,F0609,Plastic,1.19,25.16,1.24,Needs Replacement
2026-01-28 05:10:00,F0068,Biodegradable,26.09,32.18,4.56,Damaged
2026-01-28 05:15:00,F0881,Biodegradable,61.64,18.61,1.35,Needs Replacement
2026-01-28 05:20:00,F0813,Organic,99.64,18.16,7.71,Healthy
2026-01-28 05:25:00,F0003,Biodegradable,95.23,64.23,6.65,Needs Replacement
2026-01-28 05:30:00,F0504,Organic,35.89,60.9,5.79,Damaged
2026-01-28 05:35:00,F0303,Biodegradable,80.07,52.37,2.57,Healthy
2026-01-28 05:40:00,F0153,Plastic,48.86,37.62,3.44,Damaged
2026-01-28 05:45:00,F0804,Plastic,72.17,15.97,7.73,Healthy
2026-01-28 05:50:00,F0105,Biodegradable,58.3,15.1,3.24,Damaged
2026-01-28 05:55:00,F0031,Organic,7.37,49.34,1.36,Needs Replacement
2026-01-28 06:00:00,F0183,Organic,18.77,66.73,5.73,Needs Replacement
2026-01-28 06:05:00,F0795,Organic,97.43,26.74,4.68,Damaged
2026-01-28 06:10:00,F0843,Biodegradable,73.17,16.22,2.48,Healthy
2026-01-28 06:15:00,F0572,Organic,18.14,61.37,7.34,Healthy
2026-01-28 06:20:00,F0825,Organic,52.37,29.31,5.93,Healthy
2026-01-28 06:25:00,F0312,Plastic,94.11,55.41,6.04,Damaged
2026-01-28 06:30:00,F0540,Organic,83.1,16.29,4.36,Damaged
2026-01-28 06:35:00,F0633,Plastic,87.8,67.53,2.44,Healthy
2026-01-28 06:40:00,F0970,Biodegradable,22.52,69.25,3.97,Damaged
2026-01-28 06:45:00,F0007,Biodegradable,18.58,32.55,1.38,Damaged
2026-01-28 06:50:00,F0238,Plastic,20.91,14.06,1.75,Needs Replacement
2026-01-28 06:55:00,F0558,Biodegradable,84.25,28.1,6.0,Healthy
2026-01-28 07:00:00,F0666,Organic,54.03,21.84,5.47,Damaged
2026-01-28 07:05:00,F0813,Plastic,80.39,42.62,1.67,Needs Replacement
2026-01-28 07:10:00,F0174,Organic,6.12,25.01,2.87,Needs Replacement
2026-01-28 07:15:00,F0904,Plastic,31.32,11.87,6.99,Healthy
2026-01-28 07:20:00,F0666,Biodegradable,32.09,23.96,3.49,Damaged
2026-01-28 07:25:00,F0741,Plastic,13.02,22.27,2.85,Damaged
2026-01-28 07:30:00,F0831,Plastic,12.43,40.67,5.67,Damaged
2026-01-28 07:35:00,F0060,Plastic,65.19,23.94,7.95,Damaged
2026-01-28 07:40:00,F0999,Biodegradable,91.07,26.82,4.37,Healthy
2026-01-28 07:45:00,F0225,Organic,96.15,40.93,6.15,Healthy
2026-01-28 07:50:00,F0329,Plastic,99.21,35.57,3.06,Healthy
2026-01-28 07:55:00,F0421,Organic,74.35,36.77,1.11,Damaged
2026-01-28 08:00:00,F0715,Organic,89.17,13.65,7.23,Healthy
2026-01-28 08:05:00,F0808,Plastic,76.56,23.98,1.7,Damaged
2026-01-28 08:10:00,F0987,Biodegradable,43.07,15.6,1.73,Needs Replacement
2026-01-28 08:15:00,F0502,Plastic,33.7,23.21,5.16,Damaged
2026-01-28 08:20:00,F0236,Organic,11.41,21.42,5.8,Needs Replacement
2026-01-28 08:25:00,F0971,Plastic,62.28,68.35,1.06,Needs Replacement
2026-01-28 08:30:00,F0100,Biodegradable,57.22,49.13,1.19,Damaged
2026-01-28 08:35:00,F0942,Organic,13.71,13.05,1.1,Damaged
2026-01-28 08:40:00,F0401,Plastic,12.96,38.61,6.65,Needs Replacement
2026-01-28 08:45:00,F0442,Biodegradable,44.88,51.57,1.89,Needs Replacement
2026-01-28 08:50:00,F0809,Organic,93.17,24.63,3.52,Healthy
2026-01-28 08:55:00,F0590,Biodegradable,76.78,66.7,6.84,Damaged
2026-01-28 09:00:00,F0827,Organic,2.41,52.99,2.53,Damaged
2026-01-28 09:05:00,F0163,Biodegradable,63.57,17.76,6.7,Damaged
2026-01-28 09:10:00,F0678,Biodegradable,3.42,30.74,4.84,Healthy
2026-01-28 09:15:00,F0329,Plastic,84.71,28.83,7.83,Damaged
2026-01-28 09:20:00,F0991,Organic,9.87,46.27,6.62,Damaged
2026-01-28 09:25:00,F0285,Organic,85.97,66.25,6.23,Needs Replacement
2026-01-28 09:30:00,F0762,Biodegradable,32.66,52.24,7.99,Damaged
2026-01-28 09:35:00,F0270,Organic,53.86,14.77,6.1,Healthy
2026-01-28 09:40:00,F0981,Biodegradable,3.36,28.88,1.39,Needs Replacement
2026-01-28 09:45:00,F0946,Biodegradable,90.42,68.42,7.45,Damaged
2026-01-28 09:50:00,F0010,Biodegradable,32.58,39.06,7.91,Healthy
2026-01-28 09:55:00,F0819,Organic,4.85,53.76,5.52,Damaged
2026-01-28 10:00:00,F0025,Plastic,73.63,50.77,1.25,Healthy
2026-01-28 10:05:00,F0895,Plastic,88.43,61.85,1.55,Needs Replacement
2026-01-28 10:10:00,F0491,Plastic,73.77,42.33,3.71,Damaged
2026-01-28 10:15:00,F0977,Organic,7.22,25.29,6.5,Needs Replacement
2026-01-28 10:20:00,F0014,Plastic,30.93,25.44,7.83,Needs Replacement
2026-01-28 10:25:00,F0870,Organic,3.74,27.57,3.89,Needs Replacement
2026-01-28 10:30:00,F0303,Biodegradable,62.33,33.1,6.54,Damaged
2026-01-28 10:35:00,F0020,Organic,80.97,31.06,3.53,Damaged
2026-01-28 10:40:00,F0436,Plastic,58.1,18.52,2.97,Needs Replacement
2026-01-28 10:45:00,F0544,Plastic,44.35,13.63,7.76,Damaged
2026-01-28 10:50:00,F0520,Plastic,47.05,29.88,1.55,Healthy
2026-01-28 10:55:00,F0362,Plastic,66.76,16.41,6.7,Damaged
2026-01-28 11:00:00,F0377,Biodegradable,65.79,13.59,5.73,Needs Replacement
2026-01-28 11:05:00,F0963,Plastic,60.17,28.5,1.76,Needs Replacement
2026-01-28 11:10:00,F0510,Organic,86.8,65.78,1.49,Healthy
2026-01-28 11:15:00,F0824,Organic,63.2,51.03,4.37,Damaged
2026-01-28 11:20:00,F0854,Plastic,66.13,62.69,6.73,Damaged
2026-01-28 11:25:00,F0843,Plastic,3.99,67.75,2.6,Damaged
2026-01-28 11:30:00,F0060,Plastic,24.75,45.04,3.81,Needs Replacement
2026-01-28 11:35:00,F0261,Organic,30.73,32.55,3.89,Needs Replacement
2026-01-28 11:40:00,F0972,Biodegradable,37.97,35.17,3.56,Damaged
2026-01-28 11:45:00,F0316,Plastic,60.69,55.55,2.76,Damaged
2026-01-28 11:50:00,F0069,Plastic,54.22,21.11,7.26,Healthy
2026-01-28 11:55:00,F0764,Biodegradable,86.39,47.96,2.9,Damaged
2026-01-28 12:00:00,F0837,Biodegradable,27.9,39.59,5.99,Healthy
2026-01-28 12:05:00,F0589,Plastic,78.11,37.45,6.02,Damaged
2026-01-28 12:10:00,F0543,Biodegradable,85.92,64.93,3.1,Needs Replacement
2026-01-28 12:15:00,F0394,Organic,2.0,10.3,5.62,Damaged
2026-01-28 12:20:00,F0815,Biodegradable,25.51,34.31,7.17,Healthy
2026-01-28 12:25:00,F0820,Biodegradable,64.44,27.35,6.19,Needs Replacement
2026-01-28 12:30:00,F0250,Organic,56.01,48.64,4.34,Needs Replacement
2026-01-28 12:35:00,F0823,Organic,66.61,50.41,4.34,Damaged
2026-01-28 12:40:00,F0330,Plastic,47.0,22.35,4.72,Needs Replacement
2026-01-28 12:45:00,F0876,Biodegradable,85.65,31.04,4.94,Needs Replacement
2026-01-28 12:50:00,F0458,Organic,12.26,17.61,4.77,Needs Replacement
2026-01-28 12:55:00,F0974,Organic,43.52,37.46,3.98,Healthy
2026-01-28 13:00:00,F0195,Organic,69.21,14.9,1.84,Healthy
2026-01-28 13:05:00,F0674,Biodegradable,38.05,25.19,3.4,Damaged
2026-01-28 13:10:00,F0509,Plastic,21.06,36.9,7.05,Damaged
2026-01-28 13:15:00,F0327,Biodegradable,79.35,35.23,7.0,Healthy
2026-01-28 13:20:00,F0752,Plastic,2.62,32.49,5.57,Damaged
2026-01-28 13:25:00,F0497,Plastic,59.12,50.25,7.86,Damaged
2026-01-28 13:30:00,F0990,Organic,30.3,26.65,4.12,Healthy
2026-01-28 13:35:00,F0868,Organic,27.17,31.33,4.15,Healthy
2026-01-28 13:40:00,F0019,Biodegradable,13.48,31.91,7.66,Healthy
2026-01-28 13:45:00,F0289,Plastic,36.0,67.76,2.79,Damaged
2026-01-28 13:50:00,F0552,Organic,83.07,47.25,5.36,Needs Replacement
2026-01-28 13:55:00,F0646,Plastic,81.22,17.93,3.73,Needs Replacement
2026-01-28 14:00:00,F0563,Organic,25.83,64.39,7.54,Needs Replacement
2026-01-28 14:05:00,F0485,Organic,33.66,30.21,5.68,Damaged
2026-01-28 14:10:00,F0279,Plastic,41.0,24.52,3.37,Healthy
2026-01-28 14:15:00,F0579,Organic,70.86,68.97,1.18,Healthy
2026-01-28 14:20:00,F0951,Biodegradable,78.03,51.15,2.12,Needs Replacement
2026-01-28 14:25:00,F0147,Organic,13.07,47.5,5.87,Needs Replacement
2026-01-28 14:30:00,F0510,Plastic,57.18,50.34,7.17,Damaged
2026-01-28 14:35:00,F0885,Plastic,55.53,69.46,6.89,Damaged
2026-01-28 14:40:00,F0024,Plastic,88.14,68.95,6.72,Needs Replacement
2026-01-28 14:45:00,F0807,Biodegradable,92.51,58.66,4.78,Healthy
2026-01-28 14:50:00,F0271,Biodegradable,77.79,36.11,7.13,Healthy
2026-01-28 14:55:00,F0824,Organic,64.14,56.22,7.74,Healthy
2026-01-28 15:00:00,F0618,Organic,69.2,12.77,7.72,Healthy
2026-01-28 15:05:00,F0800,Organic,43.24,23.44,4.47,Damaged
2026-01-28 15:10:00,F0431,Organic,52.55,18.37,4.44,Damaged
2026-01-28 15:15:00,F0968,Biodegradable,99.5,45.19,3.73,Needs Replacement
2026-01-28 15:20:00,F0483,Plastic,58.19,11.3,6.85,Needs Replacement
2026-01-28 15:25:00,F0621,Plastic,60.74,30.66,1.69,Needs Replacement
2026-01-28 15:30:00,F0640,Biodegradable,42.71,38.59,1.43,Healthy
2026-01-28 15:35:00,F0537,Plastic,20.82,38.69,1.32,Healthy
2026-01-28 15:40:00,F0755,Biodegradable,21.58,61.0,3.16,Healthy
2026-01-28 15:45:00,F0238,Plastic,14.14,66.82,4.36,Needs Replacement
2026-01-28 15:50:00,F0286,Biodegradable,57.42,52.97,6.31,Needs Replacement
2026-01-28 15:55:00,F0689,Biodegradable,9.77,10.23,5.88,Damaged
2026-01-28 16:00:00,F0661,Biodegradable,35.25,46.65,1.82,Healthy
2026-01-28 16:05:00,F0041,Plastic,57.24,28.03,7.31,Healthy
2026-01-28 16:10:00,F0614,Plastic,99.09,42.54,4.87,Needs Replacement
2026-01-28 16:15:00,F0085,Biodegradable,43.46,31.43,3.44,Healthy
2026-01-28 16:20:00,F0834,Biodegradable,2.75,21.31,2.61,Healthy
2026-01-28 16:25:00,F0443,Biodegradable,99.28,46.16,3.69,Needs Replacement
2026-01-28 16:30:00,F0971,Organic,64.63,25.23,2.52,Healthy
2026-01-28 16:35:00,F0902,Biodegradable,55.76,22.47,4.37,Damaged
2026-01-28 16:40:00,F0513,Organic,88.51,27.22,2.11,Needs Replacement
2026-01-28 16:45:00,F0643,Biodegradable,24.23,53.17,2.69,Damaged
2026-01-28 16:50:00,F0836,Biodegradable,77.8,13.22,2.71,Healthy
2026-01-28 16:55:00,F0812,Plastic,87.42,38.49,1.96,Needs Replacement
2026-01-28 17:00:00,F0367,Plastic,57.55,58.84,3.81,Needs Replacement
2026-01-28 17:05:00,F0621,Plastic,35.25,19.48,4.1,Needs Replacement
2026-01-28 17:10:00,F0793,Biodegradable,86.19,49.28,3.14,Damaged
2026-01-28 17:15:00,F0572,Biodegradable,24.61,37.95,3.76,Needs Replacement
2026-01-28 17:20:00,F0752,Biodegradable,76.23,39.24,7.2,Damaged
2026-01-28 17:25:00,F0082,Plastic,52.65,59.93,7.02,Damaged
2026-01-28 17:30:00,F0492,Organic,96.75,36.55,4.54,Needs Replacement
2026-01-28 17:35:00,F0054,Organic,78.85,33.01,5.32,Healthy
2026-01-28 17:40:00,F0170,Biodegradable,44.31,52.3,7.0,Needs Replacement
2026-01-28 17:45:00,F0188,Biodegradable,86.62,67.43,3.67,Needs Replacement
2026-01-28 17:50:00,F0682,Biodegradable,10.03,29.0,2.54,Healthy
2026-01-28 17:55:00,F0722,Plastic,14.07,27.14,2.85,Needs Replacement
2026-01-28 18:00:00,F0795,Organic,80.57,44.01,1.94,Healthy
2026-01-28 18:05:00,F0949,Plastic,78.67,24.91,1.39,Needs Replacement
2026-01-28 18:10:00,F0636,Organic,36.44,41.75,1.7,Healthy
2026-01-28 18:15:00,F0215,Organic,80.04,29.07,1.55,Healthy
2026-01-28 18:20:00,F0117,Biodegradable,90.26,49.7,1.21,Needs Replacement
2026-01-28 18:25:00,F0231,Plastic,51.12,32.16,4.1,Healthy
2026-01-28 18:30:00,F0734,Plastic,47.71,51.66,6.07,Damaged
2026-01-28 18:35:00,F0927,Organic,69.31,26.51,2.33,Needs Replacement
2026-01-28 18:40:00,F0239,Plastic,41.49,11.67,4.5,Healthy
2026-01-28 18:45:00,F0871,Organic,94.37,52.34,5.9,Healthy
2026-01-28 18:50:00,F0831,Biodegradable,45.31,24.16,5.17,Damaged
2026-01-28 18:55:00,F0101,Biodegradable,4.43,60.49,7.12,Needs Replacement
2026-01-28 19:00:00,F0819,Biodegradable,56.57,34.82,1.54,Damaged
2026-01-28 19:05:00,F0744,Biodegradable,85.28,65.16,2.12,Needs Replacement
2026-01-28 19:10:00,F0537,Organic,1.56,10.01,1.54,Needs Replacement
2026-01-28 19:15:00,F0413,Plastic,26.99,51.55,3.98,Healthy
2026-01-28 19:20:00,F0973,Organic,91.55,28.79,1.6,Healthy
2026-01-28 19:25:00,F0849,Organic,34.14,53.31,6.84,Healthy
2026-01-28 19:30:00,F0806,Plastic,6.41,43.43,6.97,Needs Replacement
2026-01-28 19:35:00,F0249,Plastic,33.9,14.97,3.21,Damaged
2026-01-28 19:40:00,F0934,Biodegradable,11.25,66.62,5.28,Needs Replacement
2026-01-28 19:45:00,F0615,Plastic,5.81,67.85,4.37,Damaged
2026-01-28 19:50:00,F0507,Organic,86.24,57.8,7.87,Damaged
2026-01-28 19:55:00,F0935,Biodegradable,43.7,12.98,3.29,Needs Replacement
2026-01-28 20:00:00,F0858,Organic,37.6,29.01,3.45,Healthy
2026-01-28 20:05:00,F0059,Organic,17.95,34.04,2.83,Damaged
2026-01-28 20:10:00,F0425,Plastic,87.67,49.78,5.85,Damaged
2026-01-28 20:15:00,F0109,Biodegradable,76.01,30.25,2.8,Damaged
2026-01-28 20:20:00,F0119,Organic,15.94,56.63,1.77,Damaged
2026-01-28 20:25:00,F0378,Biodegradable,55.81,57.32,3.68,Healthy
2026-01-28 20:30:00,F0884,Organic,94.73,44.05,5.7,Needs Replacement
2026-01-28 20:35:00,F0504,Biodegradable,91.05,12.52,2.19,Damaged
2026-01-28 20:40:00,F0269,Organic,38.14,67.45,7.21,Damaged
2026-01-28 20:45:00,F0286,Biodegradable,28.97,64.14,7.34,Healthy
2026-01-28 20:50:00,F0767,Organic,62.41,65.46,6.36,Needs Replacement
2026-01-28 20:55:00,F0717,Organic,79.1,11.13,4.77,Healthy
2026-01-28 21:00:00,F0686,Biodegradable,6.48,59.15,2.59,Damaged
2026-01-28 21:05:00,F0523,Organic,41.51,56.25,2.24,Damaged
2026-01-28 21:10:00,F0261,Plastic,94.74,36.65,3.05,Needs Replacement
2026-01-28 21:15:00,F0154,Plastic,72.56,49.92,1.81,Needs Replacement
2026-01-28 21:20:00,F0670,Plastic,97.59,49.57,1.55,Healthy
2026-01-28 21:25:00,F0437,Organic,42.92,14.67,2.85,Damaged
2026-01-28 21:30:00,F0767,Biodegradable,47.24,50.3,2.58,Needs Replacement
2026-01-28 21:35:00,F0321,Organic,39.14,54.23,5.78,Healthy
2026-01-28 21:40:00,F0030,Organic,86.55,57.01,3.26,Needs Replacement
2026-01-28 21:45:00,F0357,Plastic,1.39,51.27,7.09,Damaged
2026-01-28 21:50:00,F0460,Organic,74.26,62.83,1.04,Damaged
2026-01-28 21:55:00,F0372,Organic,25.04,40.41,7.82,Needs Replacement
2026-01-28 22:00:00,F0494,Plastic,10.26,47.51,7.45,Needs Replacement
2026-01-28 22:05:00,F0744,Plastic,42.79,17.87,1.65,Healthy
2026-01-28 22:10:00,F0121,Organic,55.32,23.95,5.1,Healthy
2026-01-28 22:15:00,F0114,Organic,1.07,48.11,6.57,Healthy
2026-01-28 22:20:00,F0497,Biodegradable,45.25,20.6,3.54,Healthy
2026-01-28 22:25:00,F0997,Organic,19.63,67.22,4.25,Damaged
2026-01-28 22:30:00,F0175,Biodegradable,5.44,41.43,5.03,Healthy
2026-01-28 22:35:00,F0294,Biodegradable,34.53,45.04,2.87,Needs Replacement
2026-01-28 22:40:00,F0868,Biodegradable,62.81,56.4,5.14,Damaged
2026-01-28 22:45:00,F0351,Organic,2.93,20.58,6.42,Healthy
2026-01-28 22:50:00,F0015,Biodegradable,6.08,22.97,1.67,Damaged
2026-01-28 22:55:00,F0040,Plastic,3.83,31.46,6.77,Needs Replacement
2026-01-28 23:00:00,F0670,Organic,87.5,20.1,1.33,Damaged
2026-01-28 23:05:00,F0950,Organic,24.1,13.74,7.31,Damaged
2026-01-28 23:10:00,F0127,Organic,35.17,62.97,1.74,Needs Replacement
2026-01-28 23:15:00,F0424,Plastic,89.9,55.2,4.05,Damaged
2026-01-28 23:20:00,F0881,Organic,40.59,58.31,3.43,Damaged
2026-01-28 23:25:00,F0800,Organic,19.29,61.35,1.38,Healthy
2026-01-28 23:30:00,F0949,Plastic,98.08,32.54,4.42,Healthy
2026-01-28 23:35:00,F0369,Plastic,61.88,20.67,7.11,Damaged
2026-01-28 23:40:00,F0275,Plastic,99.42,64.82,3.71,Damaged
2026-01-28 23:45:00,F0210,Biodegradable,43.92,58.05,4.24,Damaged
2026-01-28 23:50:00,F0937,Plastic,49.8,15.81,6.88,Damaged
2026-01-28 23:55:00,F0053,Biodegradable,88.88,63.52,6.28,Healthy
2026-01-29 00:00:00,F0295,Plastic,43.7,29.36,3.05,Damaged
2026-01-29 00:05:00,F0028,Plastic,75.52,57.4,2.62,Needs Replacement
2026-01-29 00:10:00,F0857,Biodegradable,43.06,23.51,6.68,Damaged
2026-01-29 00:15:00,F0874,Biodegradable,41.41,52.54,5.26,Needs Replacement
2026-01-29 00:20:00,F0870,Biodegradable,88.76,33.03,4.96,Healthy
2026-01-29 00:25:00,F0290,Organic,47.03,47.43,1.04,Damaged
2026-01-29 00:30:00,F0766,Biodegradable,97.75,48.13,7.63,Healthy
2026-01-29 00:35:00,F0671,Biodegradable,5.77,38.19,1.89,Damaged
2026-01-29 00:40:00,F0378,Plastic,2.36,60.93,3.98,Healthy
2026-01-29 00:45:00,F0944,Biodegradable,0.44,66.64,1.33,Healthy
2026-01-29 00:50:00,F0950,Organic,89.71,17.1,5.36,Needs Replacement
2026-01-29 00:55:00,F0521,Plastic,32.84,38.93,7.32,Damaged
2026-01-29 01:00:00,F0164,Biodegradable,28.27,39.08,1.17,Healthy
2026-01-29 01:05:00,F0353,Organic,50.14,57.04,4.11,Healthy
2026-01-29 01:10:00,F0550,Organic,18.38,32.23,1.98,Healthy
2026-01-29 01:15:00,F0194,Organic,31.96,32.19,1.39,Healthy
2026-01-29 01:20:00,F0567,Biodegradable,25.29,14.84,6.61,Needs Replacement
2026-01-29 01:25:00,F0737,Organic,67.25,68.82,3.42,Healthy
2026-01-29 01:30:00,F0124,Biodegradable,20.83,61.93,6.22,Damaged
2026-01-29 01:35:00,F0095,Organic,26.72,40.77,3.51,Healthy
2026-01-29 01:40:00,F0004,Organic,12.72,68.07,7.55,Needs Replacement
2026-01-29 01:45:00,F0383,Plastic,63.2,12.5,2.92,Needs Replacement
2026-01-29 01:50:00,F0222,Plastic,42.78,46.22,6.87,Needs Replacement
2026-01-29 01:55:00,F0392,Biodegradable,40.72,47.5,6.49,Damaged
2026-01-29 02:00:00,F0524,Organic,89.33,45.03,4.14,Damaged
2026-01-29 02:05:00,F0379,Plastic,20.31,44.04,2.06,Healthy
2026-01-29 02:10:00,F0423,Plastic,60.27,32.53,1.36,Needs Replacement
2026-01-29 02:15:00,F0850,Plastic,81.12,36.34,2.04,Healthy
2026-01-29 02:20:00,F0089,Plastic,47.72,46.58,3.08,Damaged
2026-01-29 02:25:00,F0228,Organic,31.29,69.31,1.49,Needs Replacement
2026-01-29 02:30:00,F0213,Organic,57.86,62.18,4.01,Needs Replacement
2026-01-29 02:35:00,F0923,Biodegradable,67.8,21.7,5.6,Needs Replacement
2026-01-29 02:40:00,F0382,Organic,69.3,45.77,6.55,Damaged
2026-01-29 02:45:00,F0598,Organic,76.06,32.09,6.28,Healthy
2026-01-29 02:50:00,F0669,Plastic,91.61,32.89,2.63,Damaged
2026-01-29 02:55:00,F0421,Plastic,44.77,43.04,4.35,Healthy
2026-01-29 03:00:00,F0009,Organic,97.57,55.58,1.9,Healthy
2026-01-29 03:05:00,F0709,Biodegradable,81.04,22.61,6.69,Damaged
2026-01-29 03:10:00,F0396,Plastic,63.14,24.36,5.63,Healthy
2026-01-29 03:15:00,F0158,Organic,32.44,46.63,6.0,Healthy
2026-01-29 03:20:00,F0794,Biodegradable,25.85,11.46,3.17,Needs Replacement
2026-01-29 03:25:00,F0042,Organic,92.89,35.72,3.12,Damaged
2026-01-29 03:30:00,F0323,Organic,15.28,12.57,2.12,Damaged
2026-01-29 03:35:00,F0424,Biodegradable,50.62,35.11,3.99,Healthy
2026-01-29 03:40:00,F0543,Plastic,35.69,68.26,4.4,Damaged
2026-01-29 03:45:00,F0195,Plastic,77.46,68.57,2.03,Damaged
2026-01-29 03:50:00,F0595,Biodegradable,46.04,15.6,6.58,Healthy
2026-01-29 03:55:00,F0478,Organic,29.46,40.0,5.42,Healthy
2026-01-29 04:00:00,F0004,Biodegradable,52.36,65.33,1.97,Damaged
2026-01-29 04:05:00,F0923,Organic,66.02,62.58,5.59,Healthy
2026-01-29 04:10:00,F0179,Biodegradable,40.38,41.64,7.9,Damaged
2026-01-29 04:15:00,F0588,Organic,65.02,62.76,4.81,Healthy
2026-01-29 04:20:00,F0875,Biodegradable,1.38,56.5,7.29,Damaged
2026-01-29 04:25:00,F0499,Biodegradable,90.81,13.8,7.35,Healthy
2026-01-29 04:30:00,F0558,Biodegradable,31.16,61.94,3.59,Needs Replacement
2026-01-29 04:35:00,F0560,Plastic,37.74,40.21,1.16,Damaged
2026-01-29 04:40:00,F0104,Biodegradable,44.96,18.05,5.42,Damaged
2026-01-29 04:45:00,F0009,Plastic,60.96,37.38,5.23,Healthy
2026-01-29 04:50:00,F0573,Biodegradable,4.13,13.74,2.48,Healthy
2026-01-29 04:55:00,F0743,Organic,61.78,64.85,3.42,Needs Replacement
2026-01-29 05:00:00,F0046,Organic,90.83,69.16,4.86,Damaged
2026-01-29 05:05:00,F0326,Biodegradable,24.67,25.3,7.3,Needs Replacement
2026-01-29 05:10:00,F0139,Organic,91.79,37.47,6.15,Healthy
2026-01-29 05:15:00,F0517,Biodegradable,18.28,22.99,5.69,Healthy
2026-01-29 05:20:00,F0305,Plastic,42.24,35.35,6.09,Needs Replacement
2026-01-29 05:25:00,F0651,Biodegradable,92.19,46.35,5.05,Needs Replacement
2026-01-29 05:30:00,F0570,Plastic,22.26,11.46,4.49,Damaged
2026-01-29 05:35:00,F0658,Organic,21.16,41.44,7.46,Damaged
2026-01-29 05:40:00,F0429,Biodegradable,92.2,24.47,1.75,Damaged
2026-01-29 05:45:00,F0083,Organic,52.75,11.39,7.95,Needs Replacement
2026-01-29 05:50:00,F0647,Biodegradable,48.66,67.03,1.69,Needs Replacement
2026-01-29 05:55:00,F0997,Plastic,20.03,14.67,6.73,Needs Replacement
2026-01-29 06:00:00,F0493,Biodegradable,66.87,33.26,1.96,Damaged
2026-01-29 06:05:00,F0856,Plastic,27.55,53.36,2.72,Needs Replacement
2026-01-29 06:10:00,F0827,Plastic,97.6,19.54,2.58,Needs Replacement
2026-01-29 06:15:00,F0139,Plastic,64.93,47.0,3.86,Damaged
2026-01-29 06:20:00,F0534,Organic,30.89,10.84,7.37,Damaged
2026-01-29 06:25:00,F0118,Organic,91.55,25.18,1.09,Needs Replacement
2026-01-29 06:30:00,F0120,Biodegradable,44.9,34.38,3.7,Damaged
2026-01-29 06:35:00,F0438,Organic,69.8,40.66,3.22,Damaged
2026-01-29 06:40:00,F0308,Plastic,12.52,64.18,5.65,Needs Replacement
2026-01-29 06:45:00,F0179,Biodegradable,33.41,57.29,3.81,Healthy
2026-01-29 06:50:00,F0139,Biodegradable,57.26,13.29,4.24,Needs Replacement
2026-01-29 06:55:00,F0025,Plastic,47.22,26.28,4.03,Needs Replacement
2026-01-29 07:00:00,F0168,Organic,98.91,25.59,2.59,Damaged
2026-01-29 07:05:00,F0551,Biodegradable,92.42,24.0,3.85,Healthy
2026-01-29 07:10:00,F0855,Biodegradable,98.9,46.97,6.62,Damaged
2026-01-29 07:15:00,F0367,Biodegradable,75.06,41.48,1.96,Needs Replacement
2026-01-29 07:20:00,F0577,Organic,42.32,40.06,3.95,Needs Replacement
2026-01-29 07:25:00,F0382,Organic,98.3,13.62,3.52,Needs Replacement
2026-01-29 07:30:00,F0206,Organic,64.14,13.11,7.4,Damaged
2026-01-29 07:35:00,F0594,Plastic,92.61,52.36,6.83,Needs Replacement
2026-01-29 07:40:00,F0664,Organic,14.57,23.91,3.56,Healthy
2026-01-29 07:45:00,F0423,Organic,5.23,14.63,6.75,Needs Replacement
2026-01-29 07:50:00,F0078,Organic,63.67,12.18,6.6,Damaged
2026-01-29 07:55:00,F0007,Plastic,78.32,43.99,7.0,Damaged
2026-01-29 08:00:00,F0608,Organic,10.64,33.53,6.84,Needs Replacement
2026-01-29 08:05:00,F0040,Plastic,33.98,28.66,6.04,Healthy
2026-01-29 08:10:00,F0410,Plastic,47.46,41.14,2.88,Damaged
2026-01-29 08:15:00,F0778,Biodegradable,73.52,39.45,3.09,Damaged
2026-01-29 08:20:00,F0323,Plastic,15.63,59.34,7.38,Damaged
2026-01-29 08:25:00,F0519,Organic,13.05,49.91,4.85,Damaged
2026-01-29 08:30:00,F0982,Plastic,93.07,21.85,4.49,Healthy
2026-01-29 08:35:00,F0793,Organic,10.9,69.51,3.61,Damaged
2026-01-29 08:40:00,F0643,Biodegradable,88.66,12.75,4.13,Damaged
2026-01-29 08:45:00,F0121,Organic,66.78,55.06,1.46,Healthy
2026-01-29 08:50:00,F0151,Organic,21.34,64.77,1.01,Healthy
2026-01-29 08:55:00,F0470,Organic,95.05,34.43,2.23,Needs Replacement
2026-01-29 09:00:00,F0782,Biodegradable,24.52,59.92,5.52,Needs Replacement
2026-01-29 09:05:00,F0937,Organic,33.84,65.06,5.72,Healthy
2026-01-29 09:10:00,F0911,Organic,84.74,68.39,2.99,Damaged
2026-01-29 09:15:00,F0016,Plastic,84.98,14.77,7.97,Damaged
2026-01-29 09:20:00,F0735,Biodegradable,37.4,44.38,3.47,Damaged
2026-01-29 09:25:00,F0922,Biodegradable,72.12,30.6,5.2,Needs Replacement
2026-01-29 09:30:00,F0061,Organic,92.3,43.83,6.17,Damaged
2026-01-29 09:35:00,F0986,Biodegradable,6.98,30.66,3.26,Damaged
2026-01-29 09:40:00,F0051,Plastic,78.45,65.01,6.34,Needs Replacement
2026-01-29 09:45:00,F0933,Biodegradable,92.36,26.43,2.62,Healthy
2026-01-29 09:50:00,F0507,Organic,62.72,69.78,5.22,Damaged
2026-01-29 09:55:00,F0234,Biodegradable,27.93,48.6,3.01,Healthy
2026-01-29 10:00:00,F0538,Organic,59.31,28.54,5.75,Needs Replacement
2026-01-29 10:05:00,F0056,Organic,69.32,53.89,7.15,Needs Replacement
2026-01-29 10:10:00,F0783,Organic,94.31,17.77,5.45,Damaged
2026-01-29 10:15:00,F0889,Biodegradable,27.39,47.22,2.05,Damaged
2026-01-29 10:20:00,F0815,Plastic,21.11,56.41,1.72,Needs Replacement
2026-01-29 10:25:00,F0077,Plastic,45.07,63.87,5.61,Healthy
2026-01-29 10:30:00,F0178,Biodegradable,59.64,36.54,3.04,Damaged
2026-01-29 10:35:00,F0652,Organic,16.5,44.2,1.46,Healthy
2026-01-29 10:40:00,F0519,Organic,12.11,40.17,3.97,Damaged
2026-01-29 10:45:00,F0888,Plastic,46.98,56.49,7.77,Needs Replacement
2026-01-29 10:50:00,F0373,Organic,51.57,14.29,3.4,Damaged
2026-01-29 10:55:00,F0849,Biodegradable,57.3,15.32,6.37,Damaged
2026-01-29 11:00:00,F0914,Organic,26.1,25.87,7.92,Needs Replacement
2026-01-29 11:05:00,F0229,Organic,96.13,49.04,7.96,Healthy
2026-01-29 11:10:00,F0479,Biodegradable,91.91,26.51,6.02,Healthy
2026-01-29 11:15:00,F0222,Plastic,51.41,11.21,6.97,Damaged
2026-01-29 11:20:00,F0245,Organic,23.93,29.73,5.54,Needs Replacement
2026-01-29 11:25:00,F0878,Organic,53.99,57.01,7.41,Damaged
2026-01-29 11:30:00,F0746,Plastic,2.05,38.36,7.98,Healthy
2026-01-29 11:35:00,F0074,Plastic,52.3,14.4,1.71,Needs Replacement
2026-01-29 11:40:00,F0524,Plastic,30.86,19.13,7.8,Needs Replacement
2026-01-29 11:45:00,F0518,Biodegradable,25.6,56.09,7.82,Healthy
2026-01-29 11:50:00,F0500,Plastic,76.72,48.14,4.19,Needs Replacement
2026-01-29 11:55:00,F0970,Biodegradable,85.57,36.64,5.35,Damaged
2026-01-29 12:00:00,F0685,Plastic,2.0,34.13,1.91,Healthy
2026-01-29 12:05:00,F0673,Plastic,44.38,20.76,2.79,Healthy
2026-01-29 12:10:00,F0788,Organic,42.74,37.18,1.02,Damaged
2026-01-29 12:15:00,F0493,Biodegradable,52.53,25.32,4.44,Damaged
2026-01-29 12:20:00,F0452,Biodegradable,99.87,54.55,5.49,Damaged
2026-01-29 12:25:00,F0994,Biodegradable,49.88,49.81,2.14,Healthy
2026-01-29 12:30:00,F0200,Organic,62.03,47.3,6.85,Damaged
2026-01-29 12:35:00,F0284,Organic,80.55,58.65,3.1,Healthy
2026-01-29 12:40:00,F0230,Biodegradable,86.64,58.39,4.82,Needs Replacement
2026-01-29 12:45:00,F0540,Plastic,45.24,53.09,4.98,Needs Replacement
2026-01-29 12:50:00,F0430,Organic,80.86,54.54,1.12,Healthy
2026-01-29 12:55:00,F0494,Organic,31.57,53.41,3.2,Needs Replacement
2026-01-29 13:00:00,F0506,Plastic,85.23,42.6,6.19,Needs Replacement
2026-01-29 13:05:00,F0210,Plastic,64.28,54.07,2.35,Damaged
2026-01-29 13:10:00,F0813,Biodegradable,44.6,66.45,2.59,Healthy
2026-01-29 13:15:00,F0393,Plastic,64.11,59.04,3.31,Damaged
2026-01-29 13:20:00,F0389,Organic,83.18,54.97,7.02,Damaged
2026-01-29 13:25:00,F0021,Plastic,5.06,16.75,1.14,Healthy
2026-01-29 13:30:00,F0790,Biodegradable,49.87,35.45,5.64,Needs Replacement
2026-01-29 13:35:00,F0774,Organic,88.78,59.3,5.69,Healthy
2026-01-29 13:40:00,F0965,Organic,76.84,31.06,5.46,Healthy
2026-01-29 13:45:00,F0805,Organic,51.27,49.11,7.12,Healthy
2026-01-29 13:50:00,F0221,Organic,9.56,52.01,3.32,Needs Replacement
2026-01-29 13:55:00,F0479,Biodegradable,98.63,22.49,6.11,Damaged
2026-01-29 14:00:00,F0948,Organic,90.69,51.02,5.96,Needs Replacement
2026-01-29 14:05:00,F0184,Organic,67.55,57.61,6.42,Damaged
2026-01-29 14:10:00,F0079,Biodegradable,67.63,38.54,2.36,Needs Replacement
2026-01-29 14:15:00,F0552,Organic,16.35,25.61,6.55,Healthy
2026-01-29 14:20:00,F0618,Plastic,85.92,11.58,3.28,Damaged
2026-01-29 14:25:00,F0670,Biodegradable,9.7,61.67,3.1,Needs Replacement
2026-01-29 14:30:00,F0579,Organic,80.92,57.96,5.16,Damaged
2026-01-29 14:35:00,F0996,Biodegradable,27.02,68.14,5.02,Needs Replacement
2026-01-29 14:40:00,F0285,Plastic,17.58,25.76,2.42,Damaged
2026-01-29 14:45:00,F0505,Organic,94.79,52.99,1.99,Damaged
2026-01-29 14:50:00,F0235,Biodegradable,7.45,31.28,6.98,Damaged
2026-01-29 14:55:00,F0061,Organic,41.4,29.88,5.53,Damaged
2026-01-29 15:00:00,F0662,Plastic,10.98,42.5,3.45,Healthy
2026-01-29 15:05:00,F0464,Plastic,93.77,15.38,4.72,Healthy
2026-01-29 15:10:00,F0849,Biodegradable,47.69,44.74,2.92,Needs Replacement
2026-01-29 15:15:00,F0418,Organic,41.43,67.08,1.54,Damaged
2026-01-29 15:20:00,F0095,Biodegradable,45.91,32.59,1.07,Needs Replacement
2026-01-29 15:25:00,F0002,Plastic,5.46,26.22,2.9,Healthy
2026-01-29 15:30:00,F0465,Organic,98.72,33.53,3.6,Damaged
2026-01-29 15:35:00,F0867,Organic,30.41,32.21,6.91,Needs Replacement
2026-01-29 15:40:00,F0603,Biodegradable,74.6,62.94,6.08,Needs Replacement
2026-01-29 15:45:00,F0346,Plastic,47.97,28.05,6.35,Needs Replacement
2026-01-29 15:50:00,F0822,Biodegradable,51.97,46.86,6.55,Healthy
2026-01-29 15:55:00,F0913,Organic,24.13,13.27,6.48,Damaged
2026-01-29 16:00:00,F0024,Organic,18.58,28.64,4.4,Healthy
2026-01-29 16:05:00,F0871,Organic,83.77,67.05,3.34,Healthy
2026-01-29 16:10:00,F0795,Organic,83.64,57.43,3.25,Healthy
2026-01-29 16:15:00,F0541,Plastic,54.32,10.0,4.44,Damaged
2026-01-29 16:20:00,F0064,Biodegradable,89.1,35.07,5.05,Damaged
2026-01-29 16:25:00,F0115,Plastic,37.78,31.1,1.39,Needs Replacement
2026-01-29 16:30:00,F0444,Organic,39.81,33.84,1.38,Healthy
2026-01-29 16:35:00,F0472,Biodegradable,33.17,13.52,1.83,Damaged
2026-01-29 16:40:00,F0442,Biodegradable,63.98,50.86,4.1,Healthy
2026-01-29 16:45:00,F0454,Plastic,10.39,44.52,3.0,Damaged
2026-01-29 16:50:00,F0473,Organic,93.01,33.23,1.34,Damaged
2026-01-29 16:55:00,F0620,Biodegradable,42.02,14.15,2.04,Healthy
2026-01-29 17:00:00,F0530,Organic,1.84,50.17,4.43,Damaged
2026-01-29 17:05:00,F0929,Biodegradable,46.91,60.97,4.77,Healthy
2026-01-29 17:10:00,F0413,Biodegradable,25.6,23.01,3.44,Damaged
2026-01-29 17:15:00,F0458,Organic,39.17,51.19,7.97,Damaged
2026-01-29 17:20:00,F0799,Plastic,18.74,51.76,1.09,Damaged
2026-01-29 17:25:00,F0500,Organic,71.3,13.89,3.27,Damaged
2026-01-29 17:30:00,F0200,Plastic,98.8,10.96,6.69,Needs Replacement
2026-01-29 17:35:00,F0068,Organic,45.23,19.08,5.61,Needs Replacement
2026-01-29 17:40:00,F0284,Plastic,44.61,53.91,7.77,Damaged
2026-01-29 17:45:00,F0771,Organic,15.94,42.08,7.63,Needs Replacement
2026-01-29 17:50:00,F0831,Plastic,93.82,48.55,6.83,Damaged
2026-01-29 17:55:00,F0058,Biodegradable,24.0,14.78,6.54,Needs Replacement
2026-01-29 18:00:00,F0222,Biodegradable,67.01,20.06,6.67,Healthy
2026-01-29 18:05:00,F0481,Biodegradable,37.37,44.2,5.47,Healthy
2026-01-29 18:10:00,F0626,Plastic,79.63,17.09,5.58,Needs Replacement
2026-01-29 18:15:00,F0391,Biodegradable,10.62,53.63,5.96,Healthy
2026-01-29 18:20:00,F0312,Organic,2.63,64.16,5.16,Damaged
2026-01-29 18:25:00,F0356,Biodegradable,30.53,45.91,1.42,Damaged
2026-01-29 18:30:00,F0632,Organic,6.49,15.89,6.32,Healthy
2026-01-29 18:35:00,F0887,Biodegradable,49.45,43.88,1.65,Damaged
2026-01-29 18:40:00,F0445,Biodegradable,97.7,47.33,5.8,Damaged
2026-01-29 18:45:00,F0437,Biodegradable,5.43,47.42,6.91,Healthy
2026-01-29 18:50:00,F0914,Organic,64.05,59.61,4.66,Needs Replacement
2026-01-29 18:55:00,F0892,Biodegradable,86.01,35.73,5.47,Needs Replacement
2026-01-29 19:00:00,F0156,Biodegradable,9.6,38.61,4.27,Needs Replacement
2026-01-29 19:05:00,F0481,Plastic,16.32,10.12,7.22,Damaged
2026-01-29 19:10:00,F0353,Biodegradable,96.91,30.54,4.63,Healthy
2026-01-29 19:15:00,F0664,Organic,28.01,50.7,2.78,Needs Replacement
2026-01-29 19:20:00,F0719,Organic,71.17,45.36,5.92,Healthy
2026-01-29 19:25:00,F0203,Plastic,28.49,10.41,2.61,Needs Replacement
2026-01-29 19:30:00,F0095,Organic,6.45,57.18,7.05,Needs Replacement
2026-01-29 19:35:00,F0156,Biodegradable,58.95,46.53,2.25,Needs Replacement
2026-01-29 19:40:00,F0271,Biodegradable,61.08,48.02,4.28,Healthy
2026-01-29 19:45:00,F0885,Biodegradable,61.0,45.39,6.9,Healthy
2026-01-29 19:50:00,F0039,Plastic,18.11,31.77,5.19,Healthy
2026-01-29 19:55:00,F0218,Organic,13.63,61.67,3.82,Damaged
2026-01-29 20:00:00,F0770,Organic,83.51,69.0,4.1,Damaged
2026-01-29 20:05:00,F0314,Biodegradable,75.98,13.29,3.29,Healthy
2026-01-29 20:10:00,F0762,Organic,42.26,20.34,5.32,Damaged
2026-01-29 20:15:00,F0552,Plastic,37.07,21.91,2.95,Healthy
2026-01-29 20:20:00,F0321,Biodegradable,24.1,48.02,1.82,Needs Replacement
2026-01-29 20:25:00,F0689,Organic,47.73,46.12,6.45,Healthy
2026-01-29 20:30:00,F0378,Plastic,21.07,42.74,7.25,Healthy
2026-01-29 20:35:00,F0517,Plastic,90.57,22.29,3.53,Damaged
2026-01-29 20:40:00,F0171,Organic,49.5,17.04,3.24,Healthy
2026-01-29 20:45:00,F0241,Organic,68.14,53.04,2.03,Damaged
2026-01-29 20:50:00,F0817,Biodegradable,14.47,54.33,4.98,Needs Replacement
2026-01-29 20:55:00,F0448,Plastic,79.16,63.15,3.28,Damaged
2026-01-29 21:00:00,F0020,Plastic,0.65,21.84,2.56,Needs Replacement
2026-01-29 21:05:00,F0334,Biodegradable,70.95,61.4,3.28,Damaged
2026-01-29 21:10:00,F0175,Biodegradable,4.43,63.6,6.47,Needs Replacement
2026-01-29 21:15:00,F0532,Organic,4.17,61.48,4.79,Healthy
2026-01-29 21:20:00,F0185,Biodegradable,36.53,30.84,4.08,Healthy
2026-01-29 21:25:00,F0439,Plastic,86.73,54.95,1.16,Damaged
2026-01-29 21:30:00,F0742,Plastic,63.98,62.14,7.66,Needs Replacement
2026-01-29 21:35:00,F0137,Biodegradable,1.95,13.63,3.46,Healthy
2026-01-29 21:40:00,F0681,Plastic,41.81,55.34,7.56,Needs Replacement
2026-01-29 21:45:00,F0087,Organic,99.36,32.4,1.14,Healthy
2026-01-29 21:50:00,F0026,Plastic,85.01,48.15,4.14,Needs Replacement
2026-01-29 21:55:00,F0960,Organic,76.7,59.77,7.12,Needs Replacement
2026-01-29 22:00:00,F0558,Biodegradable,92.49,55.43,6.96,Damaged
2026-01-29 22:05:00,F0243,Organic,67.56,22.69,4.41,Damaged
2026-01-29 22:10:00,F0883,Biodegradable,58.79,38.35,4.68,Needs Replacement
2026-01-29 22:15:00,F0564,Biodegradable,24.82,21.06,7.55,Healthy
2026-01-29 22:20:00,F0796,Plastic,79.81,52.27,5.58,Damaged
2026-01-29 22:25:00,F0464,Biodegradable,86.89,33.42,6.79,Damaged
2026-01-29 22:30:00,F0812,Organic,36.38,21.72,5.52,Needs Replacement
2026-01-29 22:35:00,F0336,Organic,80.64,29.93,2.11,Healthy
2026-01-29 22:40:00,F0898,Biodegradable,93.93,19.19,4.79,Healthy
2026-01-29 22:45:00,F0693,Organic,78.49,56.3,6.82,Healthy
2026-01-29 22:50:00,F0215,Biodegradable,58.81,51.23,3.71,Healthy
2026-01-29 22:55:00,F0386,Plastic,44.76,43.54,7.18,Damaged
2026-01-29 23:00:00,F0620,Biodegradable,43.25,45.56,5.57,Needs Replacement
2026-01-29 23:05:00,F0870,Biodegradable,33.99,12.22,3.69,Healthy
2026-01-29 23:10:00,F0391,Plastic,51.87,19.12,1.99,Damaged
2026-01-29 23:15:00,F0711,Plastic,51.63,53.84,1.1,Needs Replacement
2026-01-29 23:20:00,F0109,Plastic,50.68,52.07,6.56,Healthy
2026-01-29 23:25:00,F0386,Biodegradable,42.15,21.44,1.09,Needs Replacement
2026-01-29 23:30:00,F0181,Organic,65.13,49.03,3.91,Damaged
2026-01-29 23:35:00,F0076,Plastic,3.46,44.88,5.29,Healthy
2026-01-29 23:40:00,F0597,Biodegradable,31.91,42.83,4.82,Healthy
2026-01-29 23:45:00,F0778,Biodegradable,67.74,66.59,7.23,Needs Replacement
2026-01-29 23:50:00,F0918,Plastic,76.25,41.52,1.64,Needs Replacement
2026-01-29 23:55:00,F0982,Plastic,9.95,45.75,2.22,Damaged
2026-01-30 00:00:00,F0524,Plastic,40.03,24.67,7.81,Damaged
2026-01-30 00:05:00,F0294,Organic,65.02,68.89,5.64,Needs Replacement
2026-01-30 00:10:00,F0116,Plastic,20.94,59.96,1.94,Healthy
2026-01-30 00:15:00,F0508,Organic,43.15,57.42,5.98,Healthy
2026-01-30 00:20:00,F0966,Plastic,86.4,56.88,2.57,Damaged
2026-01-30 00:25:00,F0821,Organic,58.73,51.04,4.53,Healthy
2026-01-30 00:30:00,F0790,Biodegradable,51.25,27.82,2.68,Needs Replacement
2026-01-30 00:35:00,F0385,Biodegradable,57.0,39.29,7.71,Damaged
2026-01-30 00:40:00,F0570,Plastic,78.71,20.59,4.89,Healthy
2026-01-30 00:45:00,F0474,Plastic,81.07,60.89,4.31,Damaged
2026-01-30 00:50:00,F0108,Plastic,9.15,67.22,7.24,Healthy
2026-01-30 00:55:00,F0317,Organic,96.45,31.41,5.84,Healthy
2026-01-30 01:00:00,F0137,Plastic,21.72,17.87,2.49,Needs Replacement
2026-01-30 01:05:00,F0316,Plastic,52.78,36.87,6.26,Damaged
2026-01-30 01:10:00,F0539,Biodegradable,24.45,18.43,6.99,Damaged
2026-01-30 01:15:00,F0832,Plastic,9.19,14.76,3.22,Healthy
2026-01-30 01:20:00,F0391,Organic,41.45,11.46,2.83,Healthy
2026-01-30 01:25:00,F0567,Biodegradable,86.55,20.05,3.77,Healthy
2026-01-30 01:30:00,F0044,Plastic,0.97,30.65,1.68,Healthy
2026-01-30 01:35:00,F0332,Plastic,45.97,49.53,2.27,Healthy
2026-01-30 01:40:00,F0557,Biodegradable,39.7,48.23,2.09,Healthy
2026-01-30 01:45:00,F0181,Plastic,7.52,49.75,7.68,Damaged
2026-01-30 01:50:00,F0853,Biodegradable,65.27,43.6,6.93,Needs Replacement
2026-01-30 01:55:00,F0398,Biodegradable,0.49,61.93,6.29,Needs Replacement
2026-01-30 02:00:00,F0037,Organic,8.24,52.27,6.71,Needs Replacement
2026-01-30 02:05:00,F0761,Organic,14.28,39.46,1.25,Needs Replacement
2026-01-30 02:10:00,F0008,Organic,4.86,52.78,7.69,Damaged
2026-01-30 02:15:00,F0907,Organic,84.25,22.28,5.8,Healthy
2026-01-30 02:20:00,F0978,Organic,24.1,22.41,1.19,Damaged
2026-01-30 02:25:00,F0037,Organic,18.75,17.92,7.82,Damaged
2026-01-30 02:30:00,F0037,Organic,27.21,66.3,4.4,Damaged
2026-01-30 02:35:00,F0212,Plastic,7.46,53.75,3.37,Damaged
2026-01-30 02:40:00,F0057,Biodegradable,12.56,45.5,4.1,Healthy
2026-01-30 02:45:00,F0654,Plastic,29.34,10.01,3.17,Needs Replacement
2026-01-30 02:50:00,F0245,Plastic,56.71,50.82,3.9,Damaged
2026-01-30 02:55:00,F0530,Organic,4.99,57.72,2.58,Needs Replacement
2026-01-30 03:00:00,F0328,Biodegradable,27.8,23.28,1.71,Healthy
2026-01-30 03:05:00,F0105,Organic,70.26,11.66,4.87,Healthy
2026-01-30 03:10:00,F0731,Organic,68.17,39.29,1.31,Needs Replacement
2026-01-30 03:15:00,F0372,Plastic,51.95,48.9,2.88,Healthy
2026-01-30 03:20:00,F0380,Organic,22.51,25.34,5.43,Damaged
2026-01-30 03:25:00,F0398,Biodegradable,71.66,53.58,7.65,Needs Replacement
2026-01-30 03:30:00,F0782,Biodegradable,64.28,13.52,4.51,Damaged
2026-01-30 03:35:00,F0385,Organic,2.13,22.82,1.02,Healthy
2026-01-30 03:40:00,F0416,Biodegradable,60.0,42.85,5.23,Healthy
2026-01-30 03:45:00,F0358,Plastic,84.31,16.73,4.41,Needs Replacement
2026-01-30 03:50:00,F0593,Plastic,96.9,17.2,7.88,Needs Replacement
2026-01-30 03:55:00,F0822,Plastic,81.48,37.69,5.44,Needs Replacement
2026-01-30 04:00:00,F0678,Plastic,40.12,63.12,5.53,Damaged
2026-01-30 04:05:00,F0201,Biodegradable,63.74,40.91,7.62,Damaged
2026-01-30 04:10:00,F0762,Biodegradable,67.39,30.75,4.77,Damaged
2026-01-30 04:15:00,F0169,Plastic,83.16,48.34,6.49,Healthy
2026-01-30 04:20:00,F0570,Organic,88.83,25.43,7.79,Healthy
2026-01-30 04:25:00,F0690,Organic,88.98,59.7,3.68,Healthy
2026-01-30 04:30:00,F0259,Organic,28.43,32.6,3.07,Healthy
2026-01-30 04:35:00,F0118,Biodegradable,72.26,52.64,6.22,Damaged
2026-01-30 04:40:00,F0066,Organic,93.56,66.26,3.36,Needs Replacement
2026-01-30 04:45:00,F0985,Plastic,58.05,31.31,7.7,Healthy
2026-01-30 04:50:00,F0437,Biodegradable,14.51,47.03,1.13,Damaged
2026-01-30 04:55:00,F0435,Organic,35.01,38.23,7.82,Healthy
2026-01-30 05:00:00,F0209,Organic,81.15,51.28,5.15,Damaged
2026-01-30 05:05:00,F0580,Biodegradable,9.28,67.24,5.27,Healthy
2026-01-30 05:10:00,F0271,Biodegradable,26.11,13.4,4.65,Needs Replacement
2026-01-30 05:15:00,F0203,Organic,66.5,36.52,2.06,Healthy
2026-01-30 05:20:00,F0439,Plastic,43.97,16.74,1.41,Healthy
2026-01-30 05:25:00,F0938,Plastic,17.35,20.19,3.26,Damaged
2026-01-30 05:30:00,F0461,Organic,65.84,21.29,6.2,Healthy
2026-01-30 05:35:00,F0355,Organic,99.4,42.76,7.35,Healthy
2026-01-30 05:40:00,F0398,Plastic,49.18,25.95,1.22,Needs Replacement
2026-01-30 05:45:00,F0568,Plastic,61.41,31.06,4.85,Damaged
2026-01-30 05:50:00,F0774,Biodegradable,11.36,21.28,2.43,Damaged
2026-01-30 05:55:00,F0780,Biodegradable,40.61,47.84,1.72,Healthy
2026-01-30 06:00:00,F0363,Organic,80.14,35.4,5.63,Healthy
2026-01-30 06:05:00,F0392,Organic,13.66,13.65,6.89,Needs Replacement
2026-01-30 06:10:00,F0492,Organic,27.78,34.53,7.6,Needs Replacement
2026-01-30 06:15:00,F0339,Plastic,46.35,59.0,3.68,Damaged
2026-01-30 06:20:00,F0080,Biodegradable,26.15,31.18,6.21,Needs Replacement
2026-01-30 06:25:00,F0595,Biodegradable,24.78,69.05,7.75,Healthy
2026-01-30 06:30:00,F0593,Plastic,35.62,62.97,7.16,Damaged
2026-01-30 06:35:00,F0644,Organic,43.19,10.5,4.65,Healthy
2026-01-30 06:40:00,F0331,Biodegradable,25.09,41.72,7.01,Needs Replacement
2026-01-30 06:45:00,F0689,Biodegradable,14.1,24.77,7.57,Damaged
2026-01-30 06:50:00,F0550,Plastic,76.12,30.24,4.95,Damaged
2026-01-30 06:55:00,F0191,Biodegradable,79.17,41.75,6.45,Healthy
2026-01-30 07:00:00,F0871,Organic,80.93,56.28,7.17,Healthy
2026-01-30 07:05:00,F0016,Biodegradable,1.51,35.98,2.54,Damaged
2026-01-30 07:10:00,F0923,Biodegradable,54.13,58.71,2.59,Needs Replacement
2026-01-30 07:15:00,F0476,Organic,1.86,54.26,5.46,Damaged
2026-01-30 07:20:00,F0886,Biodegradable,14.23,51.32,1.46,Healthy
2026-01-30 07:25:00,F0903,Plastic,73.45,29.7,6.91,Damaged
2026-01-30 07:30:00,F0301,Organic,45.82,46.11,7.85,Needs Replacement
2026-01-30 07:35:00,F0606,Plastic,93.62,26.64,6.95,Needs Replacement
2026-01-30 07:40:00,F0213,Biodegradable,24.72,37.28,4.04,Damaged
2026-01-30 07:45:00,F0649,Organic,30.52,16.99,5.84,Damaged
2026-01-30 07:50:00,F0323,Biodegradable,80.1,34.79,3.97,Needs Replacement
2026-01-30 07:55:00,F0419,Plastic,62.49,43.79,2.26,Healthy
2026-01-30 08:00:00,F0971,Plastic,71.6,23.11,7.74,Needs Replacement
2026-01-30 08:05:00,F0631,Plastic,75.6,21.44,7.03,Damaged
2026-01-30 08:10:00,F0784,Organic,66.68,12.42,3.86,Damaged
2026-01-30 08:15:00,F0065,Biodegradable,80.58,16.55,7.55,Healthy
2026-01-30 08:20:00,F0531,Biodegradable,30.82,11.26,4.14,Healthy
2026-01-30 08:25:00,F0394,Biodegradable,15.03,44.64,4.55,Damaged
2026-01-30 08:30:00,F0955,Organic,8.58,47.98,4.02,Damaged
2026-01-30 08:35:00,F0008,Plastic,62.73,44.98,4.3,Damaged
2026-01-30 08:40:00,F0247,Organic,26.8,61.94,3.99,Needs Replacement
2026-01-30 08:45:00,F0047,Plastic,72.89,22.9,2.75,Healthy
2026-01-30 08:50:00,F0295,Plastic,97.0,41.53,2.84,Healthy
2026-01-30 08:55:00,F0825,Organic,34.45,50.44,6.01,Damaged
2026-01-30 09:00:00,F0759,Organic,56.15,34.84,1.46,Needs Replacement
2026-01-30 09:05:00,F0210,Organic,38.18,63.81,1.18,Needs Replacement
2026-01-30 09:10:00,F0751,Organic,53.87,63.15,6.25,Needs Replacement
2026-01-30 09:15:00,F0358,Organic,12.1,59.49,3.27,Needs Replacement
2026-01-30 09:20:00,F0668,Plastic,45.21,66.23,2.36,Needs Replacement
2026-01-30 09:25:00,F0413,Plastic,51.19,29.61,2.23,Needs Replacement
2026-01-30 09:30:00,F0663,Biodegradable,63.71,11.13,4.82,Damaged
2026-01-30 09:35:00,F0306,Biodegradable,26.85,42.93,1.32,Damaged
2026-01-30 09:40:00,F0107,Organic,36.59,40.43,7.97,Needs Replacement
2026-01-30 09:45:00,F0049,Biodegradable,90.2,10.59,4.71,Needs Replacement
2026-01-30 09:50:00,F0770,Biodegradable,89.71,40.5,5.35,Healthy
2026-01-30 09:55:00,F0190,Biodegradable,28.13,66.88,6.65,Damaged
2026-01-30 10:00:00,F0269,Biodegradable,78.17,35.93,4.27,Needs Replacement
2026-01-30 10:05:00,F0223,Organic,3.4,66.36,4.82,Healthy
2026-01-30 10:10:00,F0529,Plastic,7.82,43.84,5.83,Healthy
2026-01-30 10:15:00,F0756,Plastic,45.14,18.02,2.06,Damaged
2026-01-30 10:20:00,F0666,Plastic,74.44,10.41,3.38,Healthy
2026-01-30 10:25:00,F0236,Organic,77.62,48.53,6.51,Damaged
2026-01-30 10:30:00,F0423,Organic,11.19,14.85,3.0,Damaged
2026-01-30 10:35:00,F0998,Organic,18.49,38.64,4.93,Damaged
2026-01-30 10:40:00,F0746,Organic,80.99,22.21,2.64,Damaged
2026-01-30 10:45:00,F0830,Biodegradable,13.15,51.92,5.45,Damaged
2026-01-30 10:50:00,F0213,Biodegradable,10.33,14.51,3.42,Damaged
2026-01-30 10:55:00,F0035,Plastic,18.54,51.3,4.74,Healthy
2026-01-30 11:00:00,F0668,Plastic,20.01,39.2,3.86,Healthy
2026-01-30 11:05:00,F0778,Biodegradable,50.37,14.36,6.08,Needs Replacement
2026-01-30 11:10:00,F0613,Plastic,40.37,19.27,4.45,Needs Replacement
2026-01-30 11:15:00,F0544,Biodegradable,15.99,64.8,5.8,Healthy
2026-01-30 11:20:00,F0091,Organic,0.38,51.69,2.74,Needs Replacement
2026-01-30 11:25:00,F0250,Organic,53.7,20.42,4.58,Damaged
2026-01-30 11:30:00,F0928,Biodegradable,63.37,46.1,4.78,Damaged
2026-01-30 11:35:00,F0570,Plastic,22.33,55.41,1.41,Healthy
2026-01-30 11:40:00,F0281,Organic,78.71,48.77,4.62,Damaged
2026-01-30 11:45:00,F0793,Organic,34.84,45.61,2.72,Damaged
2026-01-30 11:50:00,F0795,Plastic,51.66,18.92,7.62,Healthy
2026-01-30 11:55:00,F0425,Plastic,43.87,47.94,6.7,Damaged
2026-01-30 12:00:00,F0852,Plastic,8.55,35.91,7.23,Healthy
2026-01-30 12:05:00,F0566,Plastic,99.34,59.06,3.72,Healthy
2026-01-30 12:10:00,F0087,Organic,67.92,26.77,4.44,Damaged
2026-01-30 12:15:00,F0001,Organic,98.36,60.93,4.93,Needs Replacement
2026-01-30 12:20:00,F0163,Plastic,43.75,69.51,7.21,Damaged
2026-01-30 12:25:00,F0458,Organic,20.15,35.19,2.99,Damaged
2026-01-30 12:30:00,F0558,Biodegradable,32.97,21.15,6.71,Damaged
2026-01-30 12:35:00,F0823,Plastic,42.57,14.21,7.49,Needs Replacement
2026-01-30 12:40:00,F0998,Plastic,45.92,34.43,5.92,Damaged
2026-01-30 12:45:00,F0723,Plastic,87.6,51.2,5.48,Needs Replacement
2026-01-30 12:50:00,F0369,Organic,55.73,61.59,1.34,Needs Replacement
2026-01-30 12:55:00,F0660,Plastic,7.45,34.77,4.84,Needs Replacement
2026-01-30 13:00:00,F0488,Biodegradable,40.47,52.5,5.73,Needs Replacement
2026-01-30 13:05:00,F0279,Organic,41.65,15.14,7.02,Healthy
2026-01-30 13:10:00,F0911,Biodegradable,34.27,37.17,6.0,Needs Replacement
2026-01-30 13:15:00,F0348,Biodegradable,56.29,51.28,2.94,Healthy
2026-01-30 13:20:00,F0824,Biodegradable,41.4,42.14,5.77,Damaged
2026-01-30 13:25:00,F0580,Plastic,19.19,27.5,4.79,Healthy
2026-01-30 13:30:00,F0289,Plastic,75.86,63.2,3.64,Needs Replacement
2026-01-30 13:35:00,F0868,Organic,26.7,10.26,3.46,Needs Replacement
2026-01-30 13:40:00,F0832,Biodegradable,64.04,19.32,7.9,Healthy
2026-01-30 13:45:00,F0560,Plastic,61.78,57.37,5.11,Needs Replacement
2026-01-30 13:50:00,F0449,Biodegradable,75.9,53.4,7.74,Needs Replacement
2026-01-30 13:55:00,F0229,Biodegradable,20.83,19.71,3.04,Damaged
2026-01-30 14:00:00,F0093,Biodegradable,95.69,28.24,4.44,Healthy
2026-01-30 14:05:00,F0010,Biodegradable,43.7,63.52,4.84,Damaged
2026-01-30 14:10:00,F0537,Organic,37.53,29.14,1.84,Healthy
2026-01-30 14:15:00,F0004,Organic,61.47,45.62,7.43,Damaged
2026-01-30 14:20:00,F0695,Plastic,74.63,22.42,6.53,Healthy
2026-01-30 14:25:00,F0483,Organic,12.79,28.24,2.17,Damaged
2026-01-30 14:30:00,F0909,Organic,29.09,31.54,1.3,Needs Replacement
2026-01-30 14:35:00,F0534,Organic,44.83,31.89,4.32,Healthy
2026-01-30 14:40:00,F0702,Biodegradable,63.46,43.31,7.81,Needs Replacement
2026-01-30 14:45:00,F0404,Plastic,66.96,55.27,6.49,Needs Replacement
2026-01-30 14:50:00,F0641,Organic,99.07,38.73,4.66,Healthy
2026-01-30 14:55:00,F0765,Organic,5.08,34.28,6.45,Needs Replacement
2026-01-30 15:00:00,F0691,Plastic,82.8,34.48,7.82,Damaged
2026-01-30 15:05:00,F0416,Plastic,34.29,69.01,4.08,Damaged
2026-01-30 15:10:00,F0616,Organic,16.45,27.51,3.62,Damaged
2026-01-30 15:15:00,F0236,Biodegradable,58.99,40.62,3.05,Needs Replacement
2026-01-30 15:20:00,F0341,Organic,86.68,68.51,3.3,Needs Replacement
2026-01-30 15:25:00,F0275,Plastic,39.32,11.0,4.9,Needs Replacement
2026-01-30 15:30:00,F0560,Plastic,2.14,21.66,7.1,Damaged
2026-01-30 15:35:00,F0603,Organic,31.03,52.27,7.67,Needs Replacement
2026-01-30 15:40:00,F0960,Biodegradable,72.59,42.8,6.47,Damaged
2026-01-30 15:45:00,F0570,Plastic,11.53,37.98,3.24,Needs Replacement
2026-01-30 15:50:00,F0229,Organic,10.8,48.37,2.35,Damaged
2026-01-30 15:55:00,F0761,Organic,44.49,30.02,1.97,Healthy
2026-01-30 16:00:00,F0628,Plastic,90.78,62.79,7.07,Healthy
2026-01-30 16:05:00,F0901,Plastic,15.82,54.54,5.25,Damaged
2026-01-30 16:10:00,F0963,Plastic,64.66,27.47,2.51,Damaged
2026-01-30 16:15:00,F0871,Biodegradable,16.33,57.46,2.92,Needs Replacement
2026-01-30 16:20:00,F0032,Plastic,33.04,36.37,5.28,Needs Replacement
2026-01-30 16:25:00,F0874,Biodegradable,18.55,34.06,6.47,Needs Replacement
2026-01-30 16:30:00,F0215,Organic,13.11,24.97,3.67,Needs Replacement
2026-01-30 16:35:00,F0715,Plastic,44.67,41.61,2.39,Damaged
2026-01-30 16:40:00,F0292,Plastic,68.1,16.55,6.51,Healthy
2026-01-30 16:45:00,F0499,Biodegradable,39.89,37.33,7.68,Needs Replacement
2026-01-30 16:50:00,F0762,Plastic,80.45,49.39,5.51,Damaged
2026-01-30 16:55:00,F0491,Plastic,95.22,26.28,5.21,Needs Replacement
2026-01-30 17:00:00,F0799,Organic,7.96,35.3,3.2,Damaged
2026-01-30 17:05:00,F0620,Organic,98.18,58.54,1.21,Needs Replacement
2026-01-30 17:10:00,F0722,Biodegradable,26.4,11.43,2.14,Damaged
2026-01-30 17:15:00,F0755,Biodegradable,27.78,27.89,4.92,Healthy
2026-01-30 17:20:00,F0286,Plastic,37.71,45.28,3.83,Healthy
2026-01-30 17:25:00,F0560,Biodegradable,67.51,33.21,2.89,Needs Replacement
2026-01-30 17:30:00,F0617,Plastic,84.12,46.26,5.08,Damaged
2026-01-30 17:35:00,F0935,Plastic,76.6,41.09,2.62,Needs Replacement
2026-01-30 17:40:00,F0040,Biodegradable,12.22,51.56,3.26,Damaged
2026-01-30 17:45:00,F0289,Organic,89.92,27.12,1.37,Needs Replacement
2026-01-30 17:50:00,F0142,Organic,46.65,21.18,1.37,Needs Replacement
2026-01-30 17:55:00,F0422,Plastic,27.27,53.58,4.36,Healthy
2026-01-30 18:00:00,F0168,Biodegradable,60.16,25.15,6.79,Needs Replacement
2026-01-30 18:05:00,F0093,Biodegradable,27.73,13.29,3.22,Healthy
2026-01-30 18:10:00,F0008,Plastic,61.1,65.89,3.67,Needs Replacement
2026-01-30 18:15:00,F0032,Plastic,54.61,68.89,7.58,Needs Replacement
2026-01-30 18:20:00,F0118,Biodegradable,41.39,66.98,5.27,Healthy
2026-01-30 18:25:00,F0492,Organic,55.98,48.8,4.74,Healthy
2026-01-30 18:30:00,F0196,Biodegradable,89.06,38.18,1.21,Damaged
2026-01-30 18:35:00,F0643,Plastic,67.23,22.93,6.62,Needs Replacement
2026-01-30 18:40:00,F0953,Organic,39.37,66.91,6.86,Damaged
2026-01-30 18:45:00,F0835,Plastic,77.16,56.39,6.67,Healthy
2026-01-30 18:50:00,F0532,Organic,76.31,38.75,4.38,Healthy
2026-01-30 18:55:00,F0872,Biodegradable,40.63,53.87,6.14,Needs Replacement
2026-01-30 19:00:00,F0784,Biodegradable,7.0,64.12,6.57,Needs Replacement
2026-01-30 19:05:00,F0961,Plastic,20.76,42.05,2.69,Healthy
2026-01-30 19:10:00,F0839,Biodegradable,74.42,34.6,3.12,Damaged
2026-01-30 19:15:00,F0407,Organic,42.14,11.63,2.77,Needs Replacement
2026-01-30 19:20:00,F0231,Organic,56.7,37.15,6.44,Needs Replacement
2026-01-30 19:25:00,F0263,Biodegradable,26.9,67.33,2.74,Damaged
2026-01-30 19:30:00,F0477,Organic,33.65,16.19,1.76,Healthy
2026-01-30 19:35:00,F0079,Biodegradable,4.84,42.45,1.22,Healthy
2026-01-30 19:40:00,F0940,Biodegradable,86.4,46.94,7.28,Healthy
2026-01-30 19:45:00,F0604,Plastic,53.26,65.03,6.53,Healthy
2026-01-30 19:50:00,F0296,Biodegradable,35.54,61.51,3.25,Needs Replacement
2026-01-30 19:55:00,F0041,Plastic,39.94,35.58,3.93,Healthy
2026-01-30 20:00:00,F0805,Organic,60.11,62.59,2.32,Healthy
2026-01-30 20:05:00,F0976,Plastic,80.61,10.87,2.91,Needs Replacement
2026-01-30 20:10:00,F0712,Plastic,63.73,29.62,5.83,Needs Replacement
2026-01-30 20:15:00,F0668,Plastic,42.32,35.03,6.92,Needs Replacement
2026-01-30 20:20:00,F0585,Biodegradable,44.91,65.03,7.68,Healthy
2026-01-30 20:25:00,F0447,Biodegradable,80.43,23.57,6.8,Needs Replacement
2026-01-30 20:30:00,F0263,Organic,90.45,11.2,4.86,Needs Replacement
2026-01-30 20:35:00,F0847,Biodegradable,39.37,32.69,3.9,Damaged
2026-01-30 20:40:00,F0936,Biodegradable,94.46,63.05,6.89,Needs Replacement
2026-01-30 20:45:00,F0219,Plastic,5.3,34.87,1.46,Damaged
2026-01-30 20:50:00,F0499,Plastic,30.69,48.18,7.57,Damaged
2026-01-30 20:55:00,F0218,Organic,18.06,34.48,6.78,Damaged
2026-01-30 21:00:00,F0371,Organic,99.92,32.17,7.25,Needs Replacement
2026-01-30 21:05:00,F0064,Plastic,74.78,17.65,5.61,Damaged
2026-01-30 21:10:00,F0178,Organic,28.04,68.73,4.18,Needs Replacement
2026-01-30 21:15:00,F0967,Biodegradable,30.27,13.11,7.11,Damaged
2026-01-30 21:20:00,F0118,Organic,17.29,69.14,7.29,Damaged
2026-01-30 21:25:00,F0898,Biodegradable,21.02,30.04,2.48,Needs Replacement
2026-01-30 21:30:00,F0839,Organic,82.56,30.57,6.01,Healthy
2026-01-30 21:35:00,F0826,Biodegradable,82.94,41.98,7.04,Damaged
2026-01-30 21:40:00,F0856,Plastic,0.23,51.61,4.58,Damaged
2026-01-30 21:45:00,F0868,Plastic,28.37,52.7,6.57,Healthy
2026-01-30 21:50:00,F0689,Organic,73.9,25.44,1.3,Damaged
2026-01-30 21:55:00,F0384,Biodegradable,8.82,62.17,3.22,Damaged
2026-01-30 22:00:00,F0777,Organic,88.47,18.31,2.82,Damaged
2026-01-30 22:05:00,F0360,Plastic,93.38,56.13,3.92,Healthy
2026-01-30 22:10:00,F0661,Organic,5.95,47.01,5.63,Healthy
2026-01-30 22:15:00,F0790,Biodegradable,9.57,66.81,6.05,Needs Replacement
2026-01-30 22:20:00,F0810,Plastic,21.85,36.38,3.3,Healthy
2026-01-30 22:25:00,F0234,Biodegradable,11.88,42.11,3.65,Needs Replacement
2026-01-30 22:30:00,F0017,Biodegradable,27.15,60.04,1.89,Needs Replacement
2026-01-30 22:35:00,F0169,Biodegradable,25.42,11.01,5.09,Healthy
2026-01-30 22:40:00,F0979,Organic,10.75,31.3,7.47,Damaged
2026-01-30 22:45:00,F0701,Plastic,49.65,10.91,6.96,Damaged
2026-01-30 22:50:00,F0650,Biodegradable,2.7,12.28,6.31,Damaged
2026-01-30 22:55:00,F0902,Organic,20.92,21.17,5.36,Healthy
2026-01-30 23:00:00,F0727,Organic,2.51,29.85,3.55,Damaged
2026-01-30 23:05:00,F0839,Plastic,34.62,65.71,7.95,Damaged
2026-01-30 23:10:00,F0354,Biodegradable,30.15,39.87,3.69,Needs Replacement
2026-01-30 23:15:00,F0235,Biodegradable,54.64,23.18,7.89,Healthy
2026-01-30 23:20:00,F0031,Biodegradable,60.24,56.37,2.45,Damaged
2026-01-30 23:25:00,F0362,Organic,35.11,68.27,4.53,Damaged
2026-01-30 23:30:00,F0543,Plastic,43.99,65.27,6.5,Damaged
2026-01-30 23:35:00,F0890,Biodegradable,84.65,30.41,2.26,Healthy
2026-01-30 23:40:00,F0875,Plastic,60.4,41.11,1.08,Damaged
2026-01-30 23:45:00,F0659,Biodegradable,60.25,35.93,3.53,Damaged
2026-01-30 23:50:00,F0709,Biodegradable,52.26,34.25,6.55,Healthy
2026-01-30 23:55:00,F0430,Plastic,83.26,55.22,3.39,Damaged
2026-01-31 00:00:00,F0004,Plastic,31.94,54.79,5.48,Healthy
2026-01-31 00:05:00,F0520,Organic,44.75,66.36,6.65,Needs Replacement
2026-01-31 00:10:00,F0594,Biodegradable,52.04,59.35,1.37,Healthy
2026-01-31 00:15:00,F0679,Plastic,66.45,12.07,3.39,Healthy
2026-01-31 00:20:00,F0049,Organic,25.21,57.59,5.1,Needs Replacement
2026-01-31 00:25:00,F0266,Biodegradable,20.82,11.25,3.79,Needs Replacement
2026-01-31 00:30:00,F0043,Plastic,48.0,39.7,5.3,Needs Replacement
2026-01-31 00:35:00,F0276,Plastic,62.91,25.32,7.27,Damaged
2026-01-31 00:40:00,F0083,Biodegradable,47.77,48.13,5.02,Damaged
2026-01-31 00:45:00,F0186,Plastic,62.41,50.36,1.85,Healthy
2026-01-31 00:50:00,F0698,Biodegradable,75.73,39.3,2.26,Healthy
2026-01-31 00:55:00,F0951,Plastic,73.5,47.1,5.41,Needs Replacement
2026-01-31 01:00:00,F0426,Biodegradable,8.26,48.32,7.87,Needs Replacement
2026-01-31 01:05:00,F0712,Biodegradable,27.46,13.98,1.2,Healthy
2026-01-31 01:10:00,F0139,Biodegradable,34.66,36.58,3.94,Damaged
2026-01-31 01:15:00,F0923,Plastic,2.49,24.88,7.68,Healthy
2026-01-31 01:20:00,F0651,Biodegradable,65.14,14.51,3.7,Healthy
2026-01-31 01:25:00,F0958,Plastic,17.85,29.83,7.92,Healthy
2026-01-31 01:30:00,F0757,Organic,83.91,39.54,1.49,Needs Replacement
2026-01-31 01:35:00,F0564,Organic,71.13,26.07,7.65,Healthy
2026-01-31 01:40:00,F0241,Plastic,80.28,18.9,7.0,Needs Replacement
2026-01-31 01:45:00,F0308,Organic,49.07,22.74,6.96,Damaged
2026-01-31 01:50:00,F0390,Plastic,25.21,26.85,1.81,Needs Replacement
2026-01-31 01:55:00,F0504,Organic,6.13,37.25,5.51,Damaged
2026-01-31 02:00:00,F0126,Biodegradable,53.16,47.11,1.51,Healthy
2026-01-31 02:05:00,F0027,Biodegradable,3.94,37.55,6.64,Damaged
2026-01-31 02:10:00,F0546,Biodegradable,25.72,47.24,7.61,Healthy
2026-01-31 02:15:00,F0753,Organic,72.64,49.32,4.19,Needs Replacement
2026-01-31 02:20:00,F0758,Organic,27.14,48.26,5.75,Damaged
2026-01-31 02:25:00,F0607,Plastic,62.98,37.27,3.55,Healthy
2026-01-31 02:30:00,F0892,Biodegradable,80.56,23.5,5.4,Needs Replacement
2026-01-31 02:35:00,F0787,Organic,63.32,55.02,7.45,Damaged
2026-01-31 02:40:00,F0598,Biodegradable,97.72,60.01,1.15,Damaged
2026-01-31 02:45:00,F0845,Organic,61.89,60.3,2.52,Damaged
2026-01-31 02:50:00,F0167,Plastic,28.24,52.97,3.82,Healthy
2026-01-31 02:55:00,F0199,Organic,53.8,27.34,6.88,Healthy
2026-01-31 03:00:00,F0027,Organic,2.48,46.71,4.81,Healthy
2026-01-31 03:05:00,F0480,Organic,0.21,19.23,7.67,Needs Replacement
2026-01-31 03:10:00,F0795,Biodegradable,26.19,30.83,6.69,Needs Replacement
2026-01-31 03:15:00,F0435,Plastic,80.49,57.39,1.63,Damaged
2026-01-31 03:20:00,F0839,Plastic,13.95,14.84,4.3,Damaged
2026-01-31 03:25:00,F0520,Plastic,20.23,21.55,6.66,Healthy
2026-01-31 03:30:00,F0980,Plastic,47.47,67.47,7.87,Damaged
2026-01-31 03:35:00,F0055,Biodegradable,24.82,11.75,6.37,Needs Replacement
2026-01-31 03:40:00,F0654,Plastic,55.34,68.4,6.7,Damaged
2026-01-31 03:45:00,F0712,Plastic,88.9,40.93,4.0,Healthy
2026-01-31 03:50:00,F0312,Biodegradable,16.63,32.04,1.14,Healthy
2026-01-31 03:55:00,F0798,Organic,6.01,68.89,5.77,Needs Replacement
2026-01-31 04:00:00,F0720,Organic,12.69,16.0,4.12,Damaged
2026-01-31 04:05:00,F0988,Biodegradable,10.57,43.88,7.3,Needs Replacement
2026-01-31 04:10:00,F0935,Organic,99.92,64.02,7.82,Healthy
2026-01-31 04:15:00,F0207,Biodegradable,8.52,19.13,3.93,Needs Replacement
2026-01-31 04:20:00,F0959,Organic,11.45,10.75,6.35,Damaged
2026-01-31 04:25:00,F0756,Organic,41.04,48.69,2.92,Healthy
2026-01-31 04:30:00,F0622,Organic,29.08,63.18,3.45,Needs Replacement
2026-01-31 04:35:00,F0299,Plastic,54.93,30.14,5.45,Needs Replacement
2026-01-31 04:40:00,F0552,Biodegradable,17.24,37.56,7.48,Damaged
2026-01-31 04:45:00,F0772,Plastic,64.01,39.48,4.38,Damaged
2026-01-31 04:50:00,F0923,Organic,82.96,32.44,3.72,Healthy
2026-01-31 04:55:00,F0256,Biodegradable,22.46,19.67,5.68,Needs Replacement
2026-01-31 05:00:00,F0742,Plastic,73.96,11.81,2.86,Damaged
2026-01-31 05:05:00,F0451,Biodegradable,35.29,48.79,1.43,Healthy
2026-01-31 05:10:00,F0625,Organic,35.11,69.74,1.68,Damaged
2026-01-31 05:15:00,F0060,Biodegradable,66.74,54.25,1.99,Needs Replacement
2026-01-31 05:20:00,F0606,Organic,48.77,39.48,3.36,Healthy
2026-01-31 05:25:00,F0624,Biodegradable,70.2,31.68,7.75,Needs Replacement
2026-01-31 05:30:00,F0824,Biodegradable,68.67,47.74,2.61,Needs Replacement
2026-01-31 05:35:00,F0700,Biodegradable,9.16,17.54,6.3,Damaged
2026-01-31 05:40:00,F0190,Biodegradable,97.23,64.09,1.12,Damaged
2026-01-31 05:45:00,F0747,Organic,76.39,15.23,6.04,Needs Replacement
2026-01-31 05:50:00,F0028,Biodegradable,5.36,59.7,7.36,Damaged
2026-01-31 05:55:00,F0221,Organic,5.8,66.5,5.47,Healthy
2026-01-31 06:00:00,F0330,Organic,27.41,44.05,3.85,Damaged
2026-01-31 06:05:00,F0454,Biodegradable,6.12,69.77,4.66,Damaged
2026-01-31 06:10:00,F0499,Plastic,91.91,67.96,2.74,Needs Replacement
2026-01-31 06:15:00,F0475,Organic,90.21,25.64,5.93,Healthy
2026-01-31 06:20:00,F0248,Plastic,9.43,42.21,6.22,Damaged
2026-01-31 06:25:00,F0656,Plastic,40.71,39.99,1.91,Healthy
2026-01-31 06:30:00,F0495,Plastic,39.08,24.18,3.11,Damaged
2026-01-31 06:35:00,F0344,Plastic,71.92,48.3,5.09,Needs Replacement
2026-01-31 06:40:00,F0570,Organic,67.2,43.61,5.12,Needs Replacement
2026-01-31 06:45:00,F0449,Organic,26.48,57.38,3.64,Healthy
2026-01-31 06:50:00,F0534,Plastic,22.32,61.69,2.31,Healthy
2026-01-31 06:55:00,F0477,Organic,67.04,67.06,4.92,Needs Replacement
2026-01-31 07:00:00,F0638,Organic,22.29,10.42,6.58,Damaged
2026-01-31 07:05:00,F0350,Biodegradable,25.23,65.2,4.27,Healthy
2026-01-31 07:10:00,F0626,Organic,84.98,17.74,3.81,Damaged
2026-01-31 07:15:00,F0607,Plastic,79.83,66.4,1.8,Healthy
2026-01-31 07:20:00,F0381,Biodegradable,47.67,14.33,1.73,Damaged
2026-01-31 07:25:00,F0658,Organic,14.36,43.2,3.29,Healthy
2026-01-31 07:30:00,F0024,Organic,71.17,60.04,1.05,Needs Replacement
2026-01-31 07:35:00,F0045,Organic,25.98,29.95,4.69,Needs Replacement
2026-01-31 07:40:00,F0118,Plastic,41.95,42.08,4.62,Damaged
2026-01-31 07:45:00,F0048,Organic,66.65,17.14,4.19,Damaged
2026-01-31 07:50:00,F0554,Plastic,77.3,21.79,5.25,Damaged
2026-01-31 07:55:00,F0372,Plastic,91.73,56.88,7.44,Needs Replacement
2026-01-31 08:00:00,F0122,Organic,82.61,58.21,4.79,Healthy
2026-01-31 08:05:00,F0317,Plastic,66.34,62.8,6.65,Needs Replacement
2026-01-31 08:10:00,F0110,Organic,42.39,59.78,3.18,Healthy
2026-01-31 08:15:00,F0034,Biodegradable,10.32,55.94,5.59,Healthy
2026-01-31 08:20:00,F0582,Biodegradable,29.29,56.55,7.05,Damaged
2026-01-31 08:25:00,F0591,Biodegradable,68.05,14.77,2.19,Damaged
2026-01-31 08:30:00,F0289,Biodegradable,23.53,58.3,4.64,Damaged
2026-01-31 08:35:00,F0076,Plastic,0.82,15.94,4.21,Needs Replacement
2026-01-31 08:40:00,F0395,Biodegradable,97.96,51.84,7.4,Damaged
2026-01-31 08:45:00,F0005,Biodegradable,99.56,21.68,6.84,Healthy
2026-01-31 08:50:00,F0932,Organic,68.11,26.91,4.41,Healthy
2026-01-31 08:55:00,F0813,Biodegradable,91.21,10.12,2.35,Damaged
2026-01-31 09:00:00,F0883,Organic,73.36,19.99,5.45,Needs Replacement
2026-01-31 09:05:00,F0334,Biodegradable,82.81,46.3,6.35,Damaged
2026-01-31 09:10:00,F0476,Organic,29.54,19.27,4.96,Needs Replacement
2026-01-31 09:15:00,F0569,Organic,32.2,59.29,5.48,Healthy
2026-01-31 09:20:00,F0900,Organic,52.47,65.73,2.67,Needs Replacement
2026-01-31 09:25:00,F0014,Biodegradable,41.98,69.44,1.31,Healthy
2026-01-31 09:30:00,F0124,Biodegradable,36.51,42.62,5.68,Damaged
2026-01-31 09:35:00,F0001,Organic,51.15,10.42,2.73,Healthy
2026-01-31 09:40:00,F0887,Biodegradable,45.61,19.23,7.8,Damaged
2026-01-31 09:45:00,F0868,Biodegradable,47.91,19.62,6.07,Healthy
2026-01-31 09:50:00,F0466,Plastic,5.11,55.35,2.33,Healthy
2026-01-31 09:55:00,F0435,Biodegradable,98.5,42.54,7.3,Damaged
2026-01-31 10:00:00,F0605,Organic,17.01,19.98,7.11,Needs Replacement
2026-01-31 10:05:00,F0276,Plastic,94.48,33.5,1.79,Needs Replacement
2026-01-31 10:10:00,F0575,Plastic,85.12,51.81,7.83,Needs Replacement
2026-01-31 10:15:00,F0466,Biodegradable,0.26,56.72,7.26,Healthy
2026-01-31 10:20:00,F0609,Organic,61.97,20.0,6.75,Healthy
2026-01-31 10:25:00,F0788,Plastic,66.22,34.53,3.32,Needs Replacement
2026-01-31 10:30:00,F0573,Biodegradable,58.38,52.21,3.73,Damaged
2026-01-31 10:35:00,F0631,Organic,82.0,39.24,5.59,Needs Replacement
2026-01-31 10:40:00,F0793,Biodegradable,60.9,13.18,1.99,Healthy
2026-01-31 10:45:00,F0517,Organic,94.01,31.57,6.94,Needs Replacement
2026-01-31 10:50:00,F0227,Organic,84.52,18.91,4.61,Needs Replacement
2026-01-31 10:55:00,F0100,Organic,65.48,48.86,6.71,Healthy
2026-01-31 11:00:00,F0933,Biodegradable,66.26,11.6,3.25,Needs Replacement
2026-01-31 11:05:00,F0602,Organic,36.57,11.11,5.45,Healthy
2026-01-31 11:10:00,F0059,Biodegradable,27.19,45.11,5.68,Damaged
2026-01-31 11:15:00,F0643,Biodegradable,29.77,35.72,4.96,Healthy
2026-01-31 11:20:00,F0939,Biodegradable,65.21,21.23,5.17,Damaged
2026-01-31 11:25:00,F0872,Organic,68.22,51.38,2.92,Damaged
2026-01-31 11:30:00,F0982,Plastic,8.09,14.26,7.67,Needs Replacement
2026-01-31 11:35:00,F0529,Organic,62.63,40.8,3.36,Damaged
2026-01-31 11:40:00,F0862,Plastic,73.87,26.23,2.8,Damaged
2026-01-31 11:45:00,F0799,Biodegradable,86.87,35.25,4.87,Needs Replacement
2026-01-31 11:50:00,F0907,Organic,34.66,42.4,1.15,Damaged
2026-01-31 11:55:00,F0654,Biodegradable,18.54,11.28,1.39,Healthy
2026-01-31 12:00:00,F0926,Organic,35.55,58.13,1.56,Needs Replacement
2026-01-31 12:05:00,F0330,Organic,86.41,67.87,5.6,Needs Replacement
2026-01-31 12:10:00,F0339,Organic,68.56,49.46,5.32,Damaged
2026-01-31 12:15:00,F0026,Biodegradable,75.94,62.39,3.95,Damaged
2026-01-31 12:20:00,F0014,Plastic,54.72,35.46,5.2,Healthy
2026-01-31 12:25:00,F0800,Plastic,33.95,49.2,1.78,Needs Replacement
2026-01-31 12:30:00,F0636,Biodegradable,85.72,26.39,2.31,Damaged
2026-01-31 12:35:00,F0139,Organic,28.54,39.01,1.26,Healthy
2026-01-31 12:40:00,F0460,Plastic,57.22,12.39,7.27,Needs Replacement
2026-01-31 12:45:00,F0962,Organic,69.44,56.87,1.35,Needs Replacement
2026-01-31 12:50:00,F0546,Organic,68.91,63.85,6.86,Needs Replacement
2026-01-31 12:55:00,F0981,Plastic,28.88,33.18,7.67,Damaged
2026-01-31 13:00:00,F0550,Biodegradable,53.14,30.0,1.92,Healthy
2026-01-31 13:05:00,F0059,Plastic,94.47,15.67,6.49,Damaged
2026-01-31 13:10:00,F0472,Organic,69.08,35.05,2.87,Damaged
2026-01-31 13:15:00,F0271,Plastic,77.03,14.83,1.1,Healthy
2026-01-31 13:20:00,F0800,Biodegradable,67.8,19.41,1.11,Needs Replacement
2026-01-31 13:25:00,F0796,Organic,87.56,37.4,2.5,Damaged
2026-01-31 13:30:00,F0870,Organic,77.46,55.05,7.52,Needs Replacement
2026-01-31 13:35:00,F0356,Plastic,34.42,36.96,6.09,Needs Replacement
2026-01-31 13:40:00,F0898,Biodegradable,50.89,43.45,7.59,Needs Replacement
2026-01-31 13:45:00,F0274,Biodegradable,2.45,67.39,6.34,Needs Replacement
2026-01-31 13:50:00,F0997,Biodegradable,52.51,49.47,3.17,Needs Replacement
2026-01-31 13:55:00,F0352,Organic,11.16,12.7,1.38,Needs Replacement
2026-01-31 14:00:00,F0245,Organic,40.52,25.9,6.94,Needs Replacement
2026-01-31 14:05:00,F0651,Biodegradable,62.17,30.95,5.09,Damaged
2026-01-31 14:10:00,F0122,Biodegradable,28.62,37.31,3.01,Damaged
2026-01-31 14:15:00,F0395,Plastic,31.14,12.11,5.66,Healthy
2026-01-31 14:20:00,F0665,Plastic,48.24,35.64,7.37,Healthy
2026-01-31 14:25:00,F0203,Biodegradable,52.26,45.43,5.54,Damaged
2026-01-31 14:30:00,F0357,Organic,44.09,62.48,5.58,Damaged
2026-01-31 14:35:00,F0106,Biodegradable,27.94,20.69,4.67,Healthy
2026-01-31 14:40:00,F0079,Biodegradable,24.62,65.86,2.06,Damaged
2026-01-31 14:45:00,F0737,Plastic,61.45,60.83,7.23,Healthy
2026-01-31 14:50:00,F0387,Organic,51.98,61.65,6.0,Damaged
2026-01-31 14:55:00,F0389,Plastic,78.38,27.67,6.73,Needs Replacement
2026-01-31 15:00:00,F0533,Organic,54.55,68.33,7.06,Damaged
2026-01-31 15:05:00,F0701,Organic,15.53,15.96,2.81,Damaged
2026-01-31 15:10:00,F0211,Biodegradable,76.97,38.22,7.99,Needs Replacement
2026-01-31 15:15:00,F0547,Biodegradable,77.55,33.43,7.64,Healthy
2026-01-31 15:20:00,F0756,Plastic,71.53,35.07,3.74,Damaged
2026-01-31 15:25:00,F0393,Organic,92.25,49.92,6.64,Damaged
2026-01-31 15:30:00,F0194,Plastic,31.64,50.43,4.78,Damaged
2026-01-31 15:35:00,F0927,Biodegradable,41.43,29.08,6.08,Needs Replacement
2026-01-31 15:40:00,F0029,Organic,83.72,54.16,5.48,Healthy
2026-01-31 15:45:00,F0380,Organic,66.33,18.05,3.94,Damaged
2026-01-31 15:50:00,F0644,Biodegradable,84.59,27.95,1.98,Needs Replacement
2026-01-31 15:55:00,F0992,Organic,92.64,47.27,4.76,Needs Replacement
2026-01-31 16:00:00,F0097,Biodegradable,57.32,32.46,7.1,Healthy
2026-01-31 16:05:00,F0531,Plastic,41.58,15.43,1.24,Needs Replacement
2026-01-31 16:10:00,F0707,Plastic,86.68,16.55,4.64,Needs Replacement
2026-01-31 16:15:00,F0242,Biodegradable,58.15,28.42,2.2,Needs Replacement
2026-01-31 16:20:00,F0831,Organic,32.78,53.01,2.41,Damaged
2026-01-31 16:25:00,F0356,Organic,51.63,67.88,2.27,Needs Replacement
2026-01-31 16:30:00,F0184,Biodegradable,7.76,16.1,3.68,Needs Replacement
2026-01-31 16:35:00,F0803,Organic,27.0,22.46,1.72,Damaged
2026-01-31 16:40:00,F0508,Biodegradable,12.56,59.3,2.41,Healthy
2026-01-31 16:45:00,F0925,Plastic,15.39,15.98,2.8,Healthy
2026-01-31 16:50:00,F0003,Biodegradable,52.47,14.46,7.74,Needs Replacement
2026-01-31 16:55:00,F0213,Organic,38.79,59.82,2.92,Damaged
2026-01-31 17:00:00,F0908,Biodegradable,41.51,20.89,8.0,Needs Replacement
2026-01-31 17:05:00,F0408,Organic,97.05,22.48,6.07,Healthy
2026-01-31 17:10:00,F0561,Biodegradable,71.04,48.3,5.15,Needs Replacement
2026-01-31 17:15:00,F0369,Biodegradable,3.77,20.26,2.06,Damaged
2026-01-31 17:20:00,F0745,Plastic,87.59,26.14,5.48,Needs Replacement
2026-01-31 17:25:00,F0203,Biodegradable,85.45,15.72,1.91,Needs Replacement
2026-01-31 17:30:00,F0763,Biodegradable,92.3,31.95,2.84,Needs Replacement
2026-01-31 17:35:00,F0905,Plastic,53.6,20.17,1.36,Damaged
2026-01-31 17:40:00,F0158,Plastic,99.17,30.03,5.59,Needs Replacement
2026-01-31 17:45:00,F0369,Plastic,3.55,29.17,6.07,Healthy
2026-01-31 17:50:00,F0232,Biodegradable,76.38,63.69,7.73,Healthy
2026-01-31 17:55:00,F0619,Plastic,0.43,31.93,4.72,Needs Replacement
2026-01-31 18:00:00,F0053,Biodegradable,36.38,48.07,2.37,Needs Replacement
2026-01-31 18:05:00,F0925,Biodegradable,3.58,32.44,4.94,Healthy
2026-01-31 18:10:00,F0246,Biodegradable,21.89,31.96,3.5,Needs Replacement
2026-01-31 18:15:00,F0570,Organic,59.01,13.8,6.39,Healthy
2026-01-31 18:20:00,F0810,Organic,61.25,56.67,3.08,Damaged
2026-01-31 18:25:00,F0369,Organic,56.05,12.63,3.42,Damaged
2026-01-31 18:30:00,F0930,Biodegradable,95.9,59.54,6.89,Healthy
2026-01-31 18:35:00,F0416,Biodegradable,46.08,68.42,7.79,Needs Replacement
2026-01-31 18:40:00,F0258,Organic,0.1,50.43,1.07,Needs Replacement
2026-01-31 18:45:00,F0342,Organic,2.62,37.3,3.2,Damaged
2026-01-31 18:50:00,F0610,Biodegradable,83.88,30.82,3.26,Damaged
2026-01-31 18:55:00,F0548,Organic,96.64,12.33,3.78,Damaged
2026-01-31 19:00:00,F0137,Plastic,49.68,57.35,5.98,Healthy
2026-01-31 19:05:00,F0019,Plastic,16.92,20.9,2.76,Needs Replacement
2026-01-31 19:10:00,F0039,Organic,23.91,13.84,1.74,Damaged
2026-01-31 19:15:00,F0253,Organic,46.93,60.75,6.17,Healthy
2026-01-31 19:20:00,F0823,Plastic,33.99,14.71,5.7,Needs Replacement
2026-01-31 19:25:00,F0857,Plastic,98.2,18.82,1.35,Damaged
2026-01-31 19:30:00,F0162,Biodegradable,39.79,18.01,2.01,Needs Replacement
2026-01-31 19:35:00,F0277,Plastic,67.93,64.97,6.32,Damaged
2026-01-31 19:40:00,F0306,Plastic,77.15,48.16,7.51,Healthy
2026-01-31 19:45:00,F0246,Plastic,26.12,45.68,2.2,Healthy
2026-01-31 19:50:00,F0016,Plastic,23.14,17.89,5.92,Healthy
2026-01-31 19:55:00,F0176,Biodegradable,19.07,36.86,7.57,Damaged
2026-01-31 20:00:00,F0063,Biodegradable,67.21,25.89,2.65,Damaged
2026-01-31 20:05:00,F0239,Organic,83.62,44.03,6.0,Healthy
2026-01-31 20:10:00,F0120,Biodegradable,75.89,46.25,7.81,Needs Replacement
2026-01-31 20:15:00,F0755,Biodegradable,99.74,21.03,2.96,Damaged
2026-01-31 20:20:00,F0293,Plastic,27.48,54.12,6.6,Damaged
2026-01-31 20:25:00,F0466,Organic,75.36,63.89,5.17,Damaged
2026-01-31 20:30:00,F0282,Plastic,93.39,22.93,1.48,Damaged
2026-01-31 20:35:00,F0056,Organic,18.92,48.52,1.28,Healthy
2026-01-31 20:40:00,F0497,Plastic,89.61,24.25,1.38,Healthy
2026-01-31 20:45:00,F0742,Plastic,72.13,30.06,4.29,Needs Replacement
2026-01-31 20:50:00,F0203,Organic,6.89,54.75,7.4,Healthy
2026-01-31 20:55:00,F0685,Biodegradable,58.77,27.49,6.68,Damaged
2026-01-31 21:00:00,F0557,Biodegradable,47.07,37.03,4.18,Damaged
2026-01-31 21:05:00,F0160,Plastic,18.23,28.04,7.62,Needs Replacement
2026-01-31 21:10:00,F0165,Biodegradable,43.22,45.64,2.16,Healthy
2026-01-31 21:15:00,F0513,Organic,19.68,53.24,1.58,Healthy
2026-01-31 21:20:00,F0029,Organic,72.19,23.05,5.21,Healthy
2026-01-31 21:25:00,F0723,Organic,48.53,11.64,5.07,Healthy
2026-01-31 21:30:00,F0307,Plastic,87.74,51.25,7.99,Healthy
2026-01-31 21:35:00,F0159,Organic,31.15,65.47,2.3,Needs Replacement
2026-01-31 21:40:00,F0844,Biodegradable,38.79,50.52,4.66,Damaged
2026-01-31 21:45:00,F0715,Biodegradable,22.05,52.37,7.34,Needs Replacement
2026-01-31 21:50:00,F0989,Biodegradable,3.46,34.9,2.09,Damaged
2026-01-31 21:55:00,F0116,Organic,18.92,48.56,4.21,Healthy
2026-01-31 22:00:00,F0907,Plastic,85.91,43.17,6.69,Healthy
2026-01-31 22:05:00,F0597,Organic,71.57,36.81,5.51,Damaged
2026-01-31 22:10:00,F0023,Organic,7.97,64.34,7.48,Healthy
2026-01-31 22:15:00,F0349,Biodegradable,76.24,44.76,6.21,Needs Replacement
2026-01-31 22:20:00,F0190,Organic,36.14,30.73,4.56,Needs Replacement
2026-01-31 22:25:00,F0196,Plastic,12.91,20.91,5.89,Healthy
2026-01-31 22:30:00,F0072,Biodegradable,48.21,43.57,7.12,Needs Replacement
2026-01-31 22:35:00,F0404,Biodegradable,60.3,28.21,6.78,Needs Replacement
2026-01-31 22:40:00,F0173,Biodegradable,28.51,53.15,6.27,Damaged
2026-01-31 22:45:00,F0978,Biodegradable,9.8,42.86,6.18,Needs Replacement
2026-01-31 22:50:00,F0391,Biodegradable,86.94,12.48,5.47,Healthy
2026-01-31 22:55:00,F0886,Biodegradable,66.46,18.36,6.91,Healthy
2026-01-31 23:00:00,F0700,Organic,74.63,29.98,1.91,Damaged
2026-01-31 23:05:00,F0816,Plastic,66.8,25.85,5.38,Damaged
2026-01-31 23:10:00,F0364,Biodegradable,66.79,63.53,7.12,Needs Replacement
2026-01-31 23:15:00,F0433,Biodegradable,17.79,28.2,1.5,Needs Replacement
2026-01-31 23:20:00,F0805,Biodegradable,44.57,63.78,4.55,Damaged
2026-01-31 23:25:00,F0583,Organic,82.74,66.98,6.17,Needs Replacement
2026-01-31 23:30:00,F0274,Plastic,48.39,24.9,3.97,Needs Replacement
2026-01-31 23:35:00,F0733,Plastic,84.24,29.49,2.39,Healthy
2026-01-31 23:40:00,F0231,Plastic,43.02,26.24,6.09,Needs Replacement
2026-01-31 23:45:00,F0890,Plastic,63.39,27.7,2.54,Damaged
2026-01-31 23:50:00,F0853,Plastic,66.58,63.68,6.37,Needs Replacement
2026-01-31 23:55:00,F0273,Plastic,7.12,18.96,6.89,Healthy
2026-02-01 00:00:00,F0959,Organic,4.3,13.9,5.73,Damaged
2026-02-01 00:05:00,F0915,Biodegradable,24.75,64.62,5.33,Needs Replacement
2026-02-01 00:10:00,F0191,Plastic,24.08,68.08,1.55,Needs Replacement
2026-02-01 00:15:00,F0601,Organic,16.34,61.59,3.81,Needs Replacement
2026-02-01 00:20:00,F0667,Biodegradable,43.8,37.81,4.04,Damaged
2026-02-01 00:25:00,F0643,Plastic,38.13,26.91,4.54,Healthy
2026-02-01 00:30:00,F0537,Plastic,46.67,49.54,1.21,Damaged
2026-02-01 00:35:00,F0139,Organic,3.98,14.15,1.26,Needs Replacement
2026-02-01 00:40:00,F0656,Organic,52.37,10.56,3.74,Healthy
2026-02-01 00:45:00,F0734,Biodegradable,10.48,54.33,4.38,Damaged
2026-02-01 00:50:00,F0847,Plastic,1.97,26.77,5.09,Damaged
2026-02-01 00:55:00,F0716,Plastic,96.89,53.39,4.08,Damaged
2026-02-01 01:00:00,F0584,Plastic,7.14,60.4,3.05,Healthy
2026-02-01 01:05:00,F0981,Organic,28.32,46.06,1.11,Needs Replacement
2026-02-01 01:10:00,F0061,Organic,5.66,25.89,1.91,Healthy
2026-02-01 01:15:00,F0077,Plastic,67.12,26.47,7.77,Needs Replacement
2026-02-01 01:20:00,F0746,Biodegradable,37.05,10.56,1.62,Damaged
2026-02-01 01:25:00,F0016,Organic,45.57,28.99,3.71,Needs Replacement
2026-02-01 01:30:00,F0119,Organic,96.67,31.46,1.81,Damaged
2026-02-01 01:35:00,F0022,Biodegradable,22.79,66.23,3.32,Needs Replacement
2026-02-01 01:40:00,F0486,Plastic,12.04,53.16,7.52,Damaged
2026-02-01 01:45:00,F0398,Plastic,15.61,30.57,2.61,Healthy
2026-02-01 01:50:00,F0727,Organic,96.46,17.33,1.55,Healthy
2026-02-01 01:55:00,F0213,Organic,86.5,38.25,1.67,Damaged
2026-02-01 02:00:00,F0663,Organic,19.28,16.71,3.75,Needs Replacement
2026-02-01 02:05:00,F0511,Plastic,1.04,25.29,5.88,Needs Replacement
2026-02-01 02:10:00,F0509,Plastic,34.78,17.29,5.89,Needs Replacement
2026-02-01 02:15:00,F0149,Organic,89.67,21.21,1.05,Damaged
2026-02-01 02:20:00,F0834,Biodegradable,3.18,48.88,3.14,Damaged
2026-02-01 02:25:00,F0448,Biodegradable,17.68,65.58,4.84,Healthy
2026-02-01 02:30:00,F0326,Plastic,73.97,35.71,5.15,Healthy
2026-02-01 02:35:00,F0954,Biodegradable,40.75,15.95,1.1,Damaged
2026-02-01 02:40:00,F0854,Biodegradable,65.49,44.51,6.47,Healthy
2026-02-01 02:45:00,F0061,Plastic,94.39,52.31,2.88,Damaged
2026-02-01 02:50:00,F0737,Biodegradable,61.12,40.3,2.15,Needs Replacement
2026-02-01 02:55:00,F0139,Biodegradable,94.15,16.64,6.54,Damaged
2026-02-01 03:00:00,F0459,Organic,84.53,48.57,4.61,Damaged
2026-02-01 03:05:00,F0264,Biodegradable,7.69,52.6,7.04,Healthy
2026-02-01 03:10:00,F0725,Organic,80.05,25.88,2.34,Healthy
2026-02-01 03:15:00,F0491,Plastic,14.86,35.58,5.51,Damaged
2026-02-01 03:20:00,F0404,Organic,93.68,36.01,5.17,Needs Replacement
2026-02-01 03:25:00,F0072,Plastic,54.87,62.72,1.26,Damaged
2026-02-01 03:30:00,F0152,Organic,64.05,18.14,7.15,Healthy
2026-02-01 03:35:00,F0633,Biodegradable,1.92,35.56,4.3,Healthy
2026-02-01 03:40:00,F0012,Organic,66.32,37.33,4.55,Healthy
2026-02-01 03:45:00,F0056,Biodegradable,51.07,63.45,2.76,Damaged
2026-02-01 03:50:00,F0712,Plastic,79.24,47.98,1.58,Healthy
2026-02-01 03:55:00,F0591,Plastic,74.24,15.83,3.49,Healthy
2026-02-01 04:00:00,F0395,Plastic,56.19,50.31,6.54,Damaged
2026-02-01 04:05:00,F0847,Plastic,38.74,19.84,1.58,Damaged
2026-02-01 04:10:00,F0144,Organic,81.15,29.52,1.82,Damaged
2026-02-01 04:15:00,F0576,Organic,84.27,34.07,7.17,Damaged
2026-02-01 04:20:00,F0988,Plastic,42.33,16.62,1.61,Damaged
2026-02-01 04:25:00,F0761,Biodegradable,27.09,50.4,5.37,Healthy
2026-02-01 04:30:00,F0401,Organic,65.83,50.3,8.0,Healthy
2026-02-01 04:35:00,F0235,Plastic,75.74,11.24,4.7,Healthy
2026-02-01 04:40:00,F0046,Organic,81.62,45.73,7.79,Needs Replacement
2026-02-01 04:45:00,F0009,Biodegradable,70.22,48.57,4.45,Needs Replacement
2026-02-01 04:50:00,F0038,Organic,35.42,41.57,1.19,Healthy
2026-02-01 04:55:00,F0427,Biodegradable,67.88,13.2,2.53,Damaged
2026-02-01 05:00:00,F0780,Biodegradable,18.68,12.88,5.97,Healthy
2026-02-01 05:05:00,F0442,Organic,35.15,68.57,3.6,Needs Replacement
2026-02-01 05:10:00,F0794,Plastic,80.0,45.1,6.24,Healthy
2026-02-01 05:15:00,F0381,Plastic,26.12,35.07,3.75,Damaged
2026-02-01 05:20:00,F0625,Plastic,18.01,48.14,7.67,Needs Replacement
2026-02-01 05:25:00,F0517,Plastic,39.89,44.88,6.34,Damaged
2026-02-01 05:30:00,F0216,Organic,89.83,28.63,7.14,Needs Replacement
2026-02-01 05:35:00,F0858,Plastic,52.19,46.59,2.66,Needs Replacement
2026-02-01 05:40:00,F0096,Plastic,44.24,43.81,7.69,Needs Replacement
2026-02-01 05:45:00,F0710,Biodegradable,43.55,29.97,1.16,Healthy
2026-02-01 05:50:00,F0892,Plastic,27.91,59.54,3.37,Damaged
2026-02-01 05:55:00,F0661,Biodegradable,87.45,29.94,4.12,Healthy
2026-02-01 06:00:00,F0552,Plastic,89.31,47.25,1.37,Damaged
2026-02-01 06:05:00,F0061,Plastic,39.37,64.43,7.63,Needs Replacement
2026-02-01 06:10:00,F0369,Organic,49.57,43.31,4.09,Needs Replacement
2026-02-01 06:15:00,F0333,Plastic,95.15,61.21,6.4,Needs Replacement
2026-02-01 06:20:00,F0506,Organic,24.83,49.68,7.87,Healthy
2026-02-01 06:25:00,F0108,Plastic,59.85,18.2,1.01,Healthy
2026-02-01 06:30:00,F0027,Plastic,45.82,12.69,6.79,Needs Replacement
2026-02-01 06:35:00,F0256,Biodegradable,53.98,61.37,1.81,Healthy
2026-02-01 06:40:00,F0246,Organic,80.22,10.33,2.07,Healthy
2026-02-01 06:45:00,F0630,Plastic,81.27,34.3,5.18,Damaged
2026-02-01 06:50:00,F0826,Organic,46.4,39.34,4.64,Healthy
2026-02-01 06:55:00,F0511,Organic,88.66,33.92,4.94,Needs Replacement
2026-02-01 07:00:00,F0229,Biodegradable,31.24,63.75,1.34,Needs Replacement
2026-02-01 07:05:00,F0735,Plastic,74.49,52.37,7.21,Needs Replacement
2026-02-01 07:10:00,F0478,Biodegradable,95.86,18.48,5.83,Needs Replacement
2026-02-01 07:15:00,F0800,Biodegradable,13.22,16.28,3.38,Healthy
2026-02-01 07:20:00,F0185,Biodegradable,16.94,32.89,6.22,Damaged
2026-02-01 07:25:00,F0340,Biodegradable,30.23,57.71,3.49,Healthy
2026-02-01 07:30:00,F0393,Biodegradable,90.28,52.44,5.11,Damaged
2026-02-01 07:35:00,F0640,Biodegradable,80.83,64.19,7.11,Healthy
2026-02-01 07:40:00,F0282,Organic,84.98,50.12,4.15,Healthy
2026-02-01 07:45:00,F0181,Plastic,87.68,67.8,4.73,Damaged
2026-02-01 07:50:00,F0655,Organic,29.4,36.45,1.59,Needs Replacement
2026-02-01 07:55:00,F0686,Biodegradable,25.5,53.92,6.93,Needs Replacement
2026-02-01 08:00:00,F0038,Biodegradable,90.4,32.66,5.51,Healthy
2026-02-01 08:05:00,F0756,Organic,51.21,36.3,2.56,Damaged
2026-02-01 08:10:00,F0542,Biodegradable,30.6,33.54,2.51,Healthy
2026-02-01 08:15:00,F0014,Plastic,65.39,20.78,5.01,Needs Replacement
2026-02-01 08:20:00,F0960,Organic,93.25,19.96,4.41,Healthy
2026-02-01 08:25:00,F0675,Plastic,84.69,27.72,6.07,Needs Replacement
2026-02-01 08:30:00,F0115,Organic,6.94,68.59,7.72,Needs Replacement
2026-02-01 08:35:00,F0624,Organic,40.32,10.27,4.66,Healthy
2026-02-01 08:40:00,F0895,Organic,8.86,32.69,7.25,Damaged
2026-02-01 08:45:00,F0723,Organic,88.56,36.75,5.74,Healthy
2026-02-01 08:50:00,F0134,Biodegradable,73.5,60.85,3.52,Healthy
2026-02-01 08:55:00,F0939,Plastic,55.68,29.78,5.92,Damaged
2026-02-01 09:00:00,F0019,Biodegradable,65.9,53.31,5.38,Healthy
2026-02-01 09:05:00,F0905,Plastic,88.13,43.03,2.36,Damaged
2026-02-01 09:10:00,F0618,Plastic,25.38,68.81,7.93,Damaged
2026-02-01 09:15:00,F0401,Plastic,11.98,25.45,5.25,Healthy
2026-02-01 09:20:00,F0231,Plastic,60.5,34.27,3.32,Damaged
2026-02-01 09:25:00,F0353,Biodegradable,55.59,63.53,7.06,Healthy
2026-02-01 09:30:00,F0818,Plastic,2.22,11.0,7.24,Damaged
2026-02-01 09:35:00,F0509,Biodegradable,4.24,27.49,4.69,Needs Replacement
2026-02-01 09:40:00,F0728,Biodegradable,94.38,14.54,1.43,Healthy
2026-02-01 09:45:00,F0829,Organic,91.2,24.32,7.97,Healthy
2026-02-01 09:50:00,F0662,Biodegradable,17.93,41.67,5.22,Needs Replacement
2026-02-01 09:55:00,F0205,Organic,34.71,55.21,4.56,Damaged
2026-02-01 10:00:00,F0928,Biodegradable,52.09,28.26,4.44,Needs Replacement
2026-02-01 10:05:00,F0937,Organic,14.47,31.0,4.2,Healthy
2026-02-01 10:10:00,F0610,Organic,52.64,17.97,6.75,Damaged
2026-02-01 10:15:00,F0521,Organic,5.96,52.66,1.39,Needs Replacement
2026-02-01 10:20:00,F0796,Organic,44.65,29.98,1.0,Healthy
2026-02-01 10:25:00,F0871,Biodegradable,97.18,29.12,6.57,Damaged
2026-02-01 10:30:00,F0226,Organic,89.27,33.03,1.42,Needs Replacement
2026-02-01 10:35:00,F0186,Organic,20.9,69.85,1.48,Needs Replacement
2026-02-01 10:40:00,F0096,Organic,28.08,69.71,6.35,Damaged
2026-02-01 10:45:00,F0726,Plastic,22.39,46.95,4.06,Damaged
2026-02-01 10:50:00,F0708,Plastic,27.53,62.86,6.56,Damaged
2026-02-01 10:55:00,F0351,Plastic,26.44,24.52,3.11,Needs Replacement
2026-02-01 11:00:00,F0763,Organic,52.75,51.72,5.77,Needs Replacement
2026-02-01 11:05:00,F0892,Organic,20.3,55.75,1.48,Healthy
2026-02-01 11:10:00,F0610,Organic,8.0,50.18,6.36,Needs Replacement
2026-02-01 11:15:00,F0746,Biodegradable,2.57,53.54,1.43,Healthy
2026-02-01 11:20:00,F0927,Biodegradable,32.74,50.6,6.53,Needs Replacement
2026-02-01 11:25:00,F0130,Organic,92.72,49.29,3.99,Damaged
2026-02-01 11:30:00,F0490,Organic,24.94,58.43,4.9,Needs Replacement
2026-02-01 11:35:00,F0962,Organic,32.85,10.01,2.57,Healthy
2026-02-01 11:40:00,F0280,Biodegradable,28.31,16.87,2.35,Healthy
2026-02-01 11:45:00,F0429,Organic,77.96,41.9,6.47,Damaged
2026-02-01 11:50:00,F0229,Biodegradable,77.15,67.85,2.27,Needs Replacement
2026-02-01 11:55:00,F0780,Organic,47.87,33.31,4.18,Needs Replacement
2026-02-01 12:00:00,F0313,Biodegradable,67.42,25.51,2.64,Damaged
2026-02-01 12:05:00,F0253,Biodegradable,96.86,55.36,7.79,Needs Replacement
2026-02-01 12:10:00,F0673,Organic,36.12,31.48,2.66,Damaged
2026-02-01 12:15:00,F0593,Organic,93.91,20.87,1.34,Needs Replacement
2026-02-01 12:20:00,F0887,Organic,3.36,25.42,2.82,Needs Replacement
2026-02-01 12:25:00,F0678,Biodegradable,50.43,52.52,2.41,Healthy
2026-02-01 12:30:00,F0395,Biodegradable,6.81,43.73,5.59,Damaged
2026-02-01 12:35:00,F0246,Biodegradable,16.44,36.78,2.91,Damaged
2026-02-01 12:40:00,F0532,Organic,33.12,53.36,7.06,Healthy
2026-02-01 12:45:00,F0239,Organic,85.13,31.19,5.83,Damaged
2026-02-01 12:50:00,F0135,Biodegradable,97.24,56.69,2.57,Damaged
2026-02-01 12:55:00,F0563,Organic,68.92,37.97,6.02,Needs Replacement
2026-02-01 13:00:00,F0063,Plastic,27.03,60.84,6.62,Damaged
2026-02-01 13:05:00,F0549,Plastic,89.7,56.16,6.74,Needs Replacement
2026-02-01 13:10:00,F0742,Biodegradable,69.89,40.93,3.7,Damaged
2026-02-01 13:15:00,F0553,Biodegradable,71.12,43.48,5.35,Needs Replacement
2026-02-01 13:20:00,F0961,Biodegradable,40.06,63.3,6.88,Healthy
2026-02-01 13:25:00,F0107,Plastic,48.76,28.44,6.64,Needs Replacement
2026-02-01 13:30:00,F0966,Biodegradable,44.54,37.37,4.36,Healthy
2026-02-01 13:35:00,F0414,Plastic,34.14,34.4,6.87,Healthy
2026-02-01 13:40:00,F0866,Plastic,74.06,22.7,7.53,Healthy
2026-02-01 13:45:00,F0299,Plastic,74.21,53.35,2.38,Damaged
2026-02-01 13:50:00,F0708,Plastic,63.98,22.93,1.53,Needs Replacement
2026-02-01 13:55:00,F0435,Plastic,42.52,62.03,6.03,Needs Replacement
2026-02-01 14:00:00,F0559,Biodegradable,74.67,49.66,5.32,Damaged
2026-02-01 14:05:00,F0945,Organic,57.72,53.94,4.36,Healthy
2026-02-01 14:10:00,F0320,Organic,93.57,14.56,1.97,Damaged
2026-02-01 14:15:00,F0506,Organic,97.37,47.8,1.88,Damaged
2026-02-01 14:20:00,F0044,Biodegradable,97.51,65.7,3.97,Needs Replacement
2026-02-01 14:25:00,F0275,Biodegradable,10.25,60.53,1.64,Damaged
2026-02-01 14:30:00,F0468,Biodegradable,57.08,37.62,1.99,Needs Replacement
2026-02-01 14:35:00,F0155,Biodegradable,69.19,21.54,3.21,Damaged
2026-02-01 14:40:00,F0194,Organic,5.52,69.85,6.5,Healthy
2026-02-01 14:45:00,F0276,Plastic,22.27,36.49,2.76,Needs Replacement
2026-02-01 14:50:00,F0988,Plastic,47.83,62.32,6.29,Needs Replacement
2026-02-01 14:55:00,F0186,Plastic,87.58,41.07,2.3,Damaged
2026-02-01 15:00:00,F0095,Biodegradable,11.33,43.95,1.59,Healthy
2026-02-01 15:05:00,F0669,Organic,45.09,11.56,4.19,Damaged
2026-02-01 15:10:00,F0100,Organic,60.57,59.6,1.82,Needs Replacement
2026-02-01 15:15:00,F0912,Organic,31.27,43.21,2.35,Healthy
2026-02-01 15:20:00,F0985,Organic,34.88,69.26,6.99,Healthy
2026-02-01 15:25:00,F0990,Plastic,24.31,65.1,6.23,Damaged
2026-02-01 15:30:00,F0308,Biodegradable,8.85,16.01,3.36,Needs Replacement
2026-02-01 15:35:00,F0300,Biodegradable,45.12,56.16,5.17,Damaged
2026-02-01 15:40:00,F0873,Organic,66.85,31.49,5.0,Needs Replacement
2026-02-01 15:45:00,F0002,Organic,4.23,15.72,6.63,Needs Replacement
2026-02-01 15:50:00,F0201,Plastic,53.29,53.53,3.59,Healthy
2026-02-01 15:55:00,F0338,Organic,6.7,25.95,7.46,Needs Replacement
2026-02-01 16:00:00,F0406,Organic,38.84,64.87,2.35,Damaged
2026-02-01 16:05:00,F0236,Organic,51.03,51.19,7.88,Damaged
2026-02-01 16:10:00,F0308,Biodegradable,43.36,35.16,6.96,Needs Replacement
2026-02-01 16:15:00,F0120,Plastic,71.94,63.87,4.55,Damaged
2026-02-01 16:20:00,F0803,Organic,40.38,67.28,6.26,Needs Replacement
2026-02-01 16:25:00,F0387,Biodegradable,76.14,43.87,5.44,Healthy
2026-02-01 16:30:00,F0151,Biodegradable,27.48,62.05,5.06,Damaged
2026-02-01 16:35:00,F0850,Plastic,86.38,55.38,1.63,Needs Replacement
2026-02-01 16:40:00,F0811,Biodegradable,44.69,67.42,5.5,Needs Replacement
2026-02-01 16:45:00,F0922,Plastic,5.01,46.12,4.38,Healthy
2026-02-01 16:50:00,F0138,Plastic,57.59,54.27,4.52,Healthy
2026-02-01 16:55:00,F0741,Biodegradable,13.84,11.11,4.58,Damaged
2026-02-01 17:00:00,F0611,Plastic,50.53,45.25,6.74,Healthy
2026-02-01 17:05:00,F0800,Biodegradable,36.91,10.15,5.67,Needs Replacement
2026-02-01 17:10:00,F0437,Plastic,62.17,66.41,4.43,Needs Replacement
2026-02-01 17:15:00,F0398,Biodegradable,55.88,55.12,6.06,Healthy
2026-02-01 17:20:00,F0876,Plastic,95.0,12.29,6.09,Healthy
2026-02-01 17:25:00,F0277,Organic,86.44,29.6,7.88,Damaged
2026-02-01 17:30:00,F0122,Organic,1.69,58.23,6.38,Healthy
2026-02-01 17:35:00,F0506,Organic,91.77,34.98,7.41,Healthy
2026-02-01 17:40:00,F0932,Organic,18.58,54.12,1.75,Needs Replacement
2026-02-01 17:45:00,F0663,Biodegradable,57.43,47.17,6.17,Healthy
2026-02-01 17:50:00,F0754,Plastic,57.79,55.51,4.32,Damaged
2026-02-01 17:55:00,F0819,Biodegradable,37.89,69.47,7.2,Healthy
2026-02-01 18:00:00,F0068,Organic,60.23,13.99,3.65,Damaged
2026-02-01 18:05:00,F0019,Organic,41.63,67.26,4.98,Damaged
2026-02-01 18:10:00,F0026,Biodegradable,30.26,48.07,6.5,Healthy
2026-02-01 18:15:00,F0533,Plastic,88.99,69.22,3.94,Healthy
2026-02-01 18:20:00,F0678,Plastic,75.63,30.42,7.88,Damaged
2026-02-01 18:25:00,F0624,Organic,41.64,47.44,3.04,Needs Replacement
2026-02-01 18:30:00,F0917,Biodegradable,63.17,68.98,5.59,Needs Replacement
2026-02-01 18:35:00,F0424,Plastic,20.76,13.53,6.95,Healthy
2026-02-01 18:40:00,F0998,Plastic,37.16,30.09,6.63,Needs Replacement
2026-02-01 18:45:00,F0443,Biodegradable,22.04,57.66,3.41,Healthy
2026-02-01 18:50:00,F0560,Biodegradable,92.71,50.63,7.98,Damaged
2026-02-01 18:55:00,F0018,Organic,64.69,51.31,7.78,Damaged
2026-02-01 19:00:00,F0905,Biodegradable,49.55,25.88,2.93,Needs Replacement
2026-02-01 19:05:00,F0415,Biodegradable,32.27,68.89,1.68,Damaged
2026-02-01 19:10:00,F0341,Biodegradable,21.03,53.05,1.22,Needs Replacement
2026-02-01 19:15:00,F0103,Plastic,75.67,50.33,6.47,Damaged
2026-02-01 19:20:00,F0642,Plastic,56.57,32.18,4.97,Healthy
2026-02-01 19:25:00,F0406,Organic,51.31,56.57,1.52,Needs Replacement
2026-02-01 19:30:00,F0369,Plastic,44.06,11.59,7.07,Healthy
2026-02-01 19:35:00,F0517,Organic,98.23,64.83,3.33,Damaged
2026-02-01 19:40:00,F0194,Biodegradable,87.53,12.57,5.87,Needs Replacement
2026-02-01 19:45:00,F0528,Biodegradable,14.44,10.84,7.98,Damaged
2026-02-01 19:50:00,F0934,Biodegradable,53.11,69.23,3.29,Damaged
2026-02-01 19:55:00,F0733,Biodegradable,32.45,40.84,2.4,Healthy
2026-02-01 20:00:00,F0212,Plastic,19.17,11.42,4.17,Healthy
2026-02-01 20:05:00,F0420,Biodegradable,5.17,68.03,6.53,Damaged
2026-02-01 20:10:00,F0064,Organic,68.78,41.16,2.44,Needs Replacement
2026-02-01 20:15:00,F0194,Organic,52.05,66.84,1.54,Healthy
2026-02-01 20:20:00,F0947,Organic,72.28,30.94,5.58,Healthy
2026-02-01 20:25:00,F0249,Biodegradable,31.94,54.62,4.87,Damaged
2026-02-01 20:30:00,F0039,Organic,38.63,39.66,1.23,Damaged
2026-02-01 20:35:00,F0742,Biodegradable,81.98,28.27,5.6,Healthy
2026-02-01 20:40:00,F0107,Plastic,68.2,49.93,4.54,Damaged
2026-02-01 20:45:00,F0335,Plastic,58.27,50.7,2.16,Damaged
2026-02-01 20:50:00,F0442,Plastic,57.22,18.77,6.89,Needs Replacement
2026-02-01 20:55:00,F0734,Biodegradable,26.89,66.21,5.64,Damaged
2026-02-01 21:00:00,F0934,Plastic,97.75,42.52,1.43,Damaged
2026-02-01 21:05:00,F0603,Organic,19.08,17.75,3.33,Healthy
2026-02-01 21:10:00,F0907,Organic,49.63,35.88,1.77,Damaged
2026-02-01 21:15:00,F0039,Biodegradable,96.95,19.45,6.25,Needs Replacement
2026-02-01 21:20:00,F0694,Organic,74.95,65.68,1.95,Healthy
2026-02-01 21:25:00,F0732,Biodegradable,13.17,33.28,6.52,Needs Replacement
2026-02-01 21:30:00,F0062,Plastic,51.63,65.01,6.92,Healthy
2026-02-01 21:35:00,F0713,Plastic,6.43,52.58,2.53,Healthy
2026-02-01 21:40:00,F0378,Biodegradable,41.98,44.78,3.67,Needs Replacement
2026-02-01 21:45:00,F0562,Biodegradable,65.05,64.34,2.31,Damaged
2026-02-01 21:50:00,F0315,Plastic,79.88,69.07,3.72,Needs Replacement
2026-02-01 21:55:00,F0180,Biodegradable,24.08,26.89,7.24,Healthy
2026-02-01 22:00:00,F0058,Organic,75.0,25.83,5.22,Healthy
2026-02-01 22:05:00,F0798,Biodegradable,51.24,69.75,6.11,Healthy
2026-02-01 22:10:00,F0782,Biodegradable,34.27,46.82,1.05,Needs Replacement
2026-02-01 22:15:00,F0237,Organic,16.18,48.46,4.05,Healthy
2026-02-01 22:20:00,F0027,Biodegradable,33.14,36.74,2.25,Damaged
2026-02-01 22:25:00,F0126,Plastic,49.05,38.01,7.67,Needs Replacement
2026-02-01 22:30:00,F0759,Organic,58.3,64.98,7.39,Damaged
2026-02-01 22:35:00,F0383,Organic,50.89,60.24,7.13,Needs Replacement
2026-02-01 22:40:00,F0999,Organic,9.11,28.72,3.5,Healthy
2026-02-01 22:45:00,F0144,Plastic,62.27,25.36,5.39,Healthy
2026-02-01 22:50:00,F0271,Biodegradable,48.39,17.69,3.14,Needs Replacement
2026-02-01 22:55:00,F0062,Biodegradable,92.62,50.2,4.97,Healthy
2026-02-01 23:00:00,F0952,Organic,2.25,19.29,1.53,Healthy
2026-02-01 23:05:00,F0250,Biodegradable,38.4,56.5,5.58,Needs Replacement
2026-02-01 23:10:00,F0503,Biodegradable,14.56,28.74,3.35,Healthy
2026-02-01 23:15:00,F0982,Organic,98.75,24.65,3.04,Healthy
2026-02-01 23:20:00,F0905,Plastic,72.17,23.63,2.53,Needs Replacement
2026-02-01 23:25:00,F0116,Plastic,84.99,23.18,1.11,Healthy
2026-02-01 23:30:00,F0086,Organic,28.17,28.14,3.15,Healthy
2026-02-01 23:35:00,F0694,Plastic,46.5,38.69,5.75,Needs Replacement
2026-02-01 23:40:00,F0137,Organic,33.58,64.5,1.97,Needs Replacement
2026-02-01 23:45:00,F0759,Organic,2.35,49.64,3.99,Damaged
2026-02-01 23:50:00,F0628,Biodegradable,46.64,47.38,5.55,Damaged
2026-02-01 23:55:00,F0360,Organic,96.61,66.19,5.87,Damaged
2026-02-02 00:00:00,F0066,Plastic,59.17,48.88,3.14,Needs Replacement
2026-02-02 00:05:00,F0297,Biodegradable,1.54,36.87,4.04,Damaged
2026-02-02 00:10:00,F0413,Plastic,38.03,20.07,4.13,Healthy
2026-02-02 00:15:00,F0454,Plastic,56.47,40.36,7.62,Healthy
2026-02-02 00:20:00,F0674,Organic,61.6,26.96,3.2,Damaged
2026-02-02 00:25:00,F0906,Organic,18.4,12.73,1.46,Healthy
2026-02-02 00:30:00,F0379,Biodegradable,73.22,18.54,7.69,Damaged
2026-02-02 00:35:00,F0216,Biodegradable,22.34,48.94,7.37,Healthy
2026-02-02 00:40:00,F0917,Plastic,80.82,23.94,1.78,Needs Replacement
2026-02-02 00:45:00,F0681,Organic,98.48,54.32,5.35,Needs Replacement
2026-02-02 00:50:00,F0499,Plastic,67.82,64.67,3.89,Needs Replacement
2026-02-02 00:55:00,F0735,Biodegradable,11.45,46.22,4.69,Needs Replacement
2026-02-02 01:00:00,F0506,Biodegradable,89.75,57.51,1.82,Needs Replacement
2026-02-02 01:05:00,F0507,Plastic,12.84,44.97,7.39,Needs Replacement
2026-02-02 01:10:00,F0011,Plastic,64.72,66.15,4.61,Needs Replacement
2026-02-02 01:15:00,F0742,Organic,30.14,22.61,7.09,Needs Replacement
2026-02-02 01:20:00,F0729,Organic,79.7,42.26,7.86,Damaged
2026-02-02 01:25:00,F0288,Organic,58.08,22.39,1.48,Damaged
2026-02-02 01:30:00,F0687,Plastic,55.14,30.78,1.18,Needs Replacement
2026-02-02 01:35:00,F0911,Organic,64.61,37.57,1.46,Damaged
2026-02-02 01:40:00,F0160,Biodegradable,25.82,28.41,1.34,Needs Replacement
2026-02-02 01:45:00,F0175,Organic,82.53,56.43,5.22,Needs Replacement
2026-02-02 01:50:00,F0416,Organic,93.72,36.49,6.78,Needs Replacement
2026-02-02 01:55:00,F0407,Biodegradable,95.69,27.2,4.77,Needs Replacement
2026-02-02 02:00:00,F0070,Biodegradable,11.67,42.31,1.53,Healthy
2026-02-02 02:05:00,F0303,Organic,73.98,53.01,5.51,Needs Replacement
2026-02-02 02:10:00,F0759,Organic,28.82,35.06,7.81,Needs Replacement
2026-02-02 02:15:00,F0249,Biodegradable,70.03,37.77,2.65,Damaged
2026-02-02 02:20:00,F0926,Biodegradable,64.01,48.44,6.81,Healthy
2026-02-02 02:25:00,F0124,Plastic,31.76,39.73,6.98,Needs Replacement
2026-02-02 02:30:00,F0352,Biodegradable,27.73,56.05,5.43,Needs Replacement
2026-02-02 02:35:00,F0472,Biodegradable,59.72,48.21,1.21,Damaged
2026-02-02 02:40:00,F0853,Organic,6.1,63.61,5.49,Damaged
2026-02-02 02:45:00,F0021,Plastic,63.99,30.24,2.47,Needs Replacement
2026-02-02 02:50:00,F0155,Organic,19.58,56.57,2.84,Healthy
2026-02-02 02:55:00,F0188,Biodegradable,96.15,45.27,1.76,Damaged
2026-02-02 03:00:00,F0265,Plastic,55.42,32.91,5.83,Needs Replacement
2026-02-02 03:05:00,F0167,Organic,36.6,57.29,7.41,Healthy
2026-02-02 03:10:00,F0442,Organic,49.81,27.32,4.72,Healthy
2026-02-02 03:15:00,F0778,Biodegradable,92.31,34.21,7.39,Needs Replacement
2026-02-02 03:20:00,F0139,Plastic,21.6,28.47,4.54,Healthy
2026-02-02 03:25:00,F0429,Organic,18.48,13.08,1.51,Damaged
2026-02-02 03:30:00,F0161,Biodegradable,40.58,37.46,3.63,Healthy
2026-02-02 03:35:00,F0286,Biodegradable,95.4,62.57,1.75,Needs Replacement
2026-02-02 03:40:00,F0238,Organic,41.94,47.37,4.16,Healthy
2026-02-02 03:45:00,F0165,Plastic,37.39,13.3,2.67,Damaged
2026-02-02 03:50:00,F0638,Plastic,57.29,33.38,6.88,Healthy
2026-02-02 03:55:00,F0356,Plastic,5.92,53.95,3.96,Needs Replacement
2026-02-02 04:00:00,F0690,Biodegradable,89.36,33.3,5.4,Needs Replacement
2026-02-02 04:05:00,F0360,Plastic,91.53,41.19,2.91,Healthy
2026-02-02 04:10:00,F0106,Biodegradable,39.69,44.82,2.85,Healthy
2026-02-02 04:15:00,F0034,Biodegradable,80.04,57.69,5.74,Damaged
2026-02-02 04:20:00,F0060,Organic,37.53,34.23,1.24,Healthy
2026-02-02 04:25:00,F0123,Biodegradable,24.5,21.19,6.86,Needs Replacement
2026-02-02 04:30:00,F0812,Plastic,31.5,46.14,4.31,Damaged
2026-02-02 04:35:00,F0240,Plastic,40.77,30.24,4.01,Needs Replacement
2026-02-02 04:40:00,F0184,Plastic,67.87,22.71,7.29,Needs Replacement
2026-02-02 04:45:00,F0809,Biodegradable,82.68,64.12,2.52,Healthy
2026-02-02 04:50:00,F0575,Organic,93.18,37.44,2.16,Needs Replacement
2026-02-02 04:55:00,F0935,Biodegradable,61.79,66.96,7.09,Damaged
2026-02-02 05:00:00,F0169,Biodegradable,19.25,34.01,7.53,Damaged
2026-02-02 05:05:00,F0908,Biodegradable,39.75,14.92,6.42,Damaged
2026-02-02 05:10:00,F0219,Biodegradable,47.12,61.99,4.15,Damaged
2026-02-02 05:15:00,F0034,Biodegradable,5.74,16.23,6.65,Needs Replacement
2026-02-02 05:20:00,F0213,Biodegradable,17.21,66.06,2.05,Healthy
2026-02-02 05:25:00,F0477,Organic,36.41,67.9,2.04,Needs Replacement
2026-02-02 05:30:00,F0031,Organic,4.42,27.19,4.67,Damaged
2026-02-02 05:35:00,F0698,Biodegradable,24.22,21.23,2.95,Needs Replacement
2026-02-02 05:40:00,F0113,Biodegradable,54.89,34.59,2.95,Healthy
2026-02-02 05:45:00,F0333,Biodegradable,41.81,33.76,6.21,Needs Replacement
2026-02-02 05:50:00,F0603,Biodegradable,12.98,45.13,2.37,Needs Replacement
2026-02-02 05:55:00,F0687,Organic,5.57,17.25,7.19,Healthy
2026-02-02 06:00:00,F0036,Organic,74.13,46.76,6.21,Needs Replacement
2026-02-02 06:05:00,F0626,Organic,66.94,14.37,2.04,Damaged
2026-02-02 06:10:00,F0301,Plastic,75.78,48.95,3.57,Damaged
2026-02-02 06:15:00,F0502,Organic,74.82,55.45,2.86,Healthy
2026-02-02 06:20:00,F0900,Plastic,16.7,49.61,4.21,Needs Replacement
2026-02-02 06:25:00,F0852,Plastic,1.06,29.28,6.45,Healthy
2026-02-02 06:30:00,F0281,Organic,94.93,59.05,7.86,Damaged
2026-02-02 06:35:00,F0407,Plastic,26.85,29.53,7.94,Needs Replacement
2026-02-02 06:40:00,F0089,Plastic,53.73,63.83,3.5,Damaged
2026-02-02 06:45:00,F0403,Biodegradable,59.32,64.68,3.24,Healthy
2026-02-02 06:50:00,F0620,Plastic,17.59,21.17,3.83,Healthy
2026-02-02 06:55:00,F0185,Organic,7.69,39.48,3.36,Damaged
2026-02-02 07:00:00,F0991,Biodegradable,71.14,50.89,2.25,Healthy
2026-02-02 07:05:00,F0150,Plastic,40.54,27.47,1.98,Damaged
2026-02-02 07:10:00,F0073,Biodegradable,14.2,30.89,4.82,Needs Replacement
2026-02-02 07:15:00,F0400,Plastic,33.03,61.66,7.77,Needs Replacement
2026-02-02 07:20:00,F0686,Organic,40.52,50.78,2.13,Needs Replacement
2026-02-02 07:25:00,F0884,Plastic,84.07,63.89,4.64,Needs Replacement
2026-02-02 07:30:00,F0241,Biodegradable,43.29,39.98,4.92,Needs Replacement
2026-02-02 07:35:00,F0200,Organic,4.77,22.06,6.7,Damaged
2026-02-02 07:40:00,F0854,Biodegradable,21.81,61.02,1.79,Damaged
2026-02-02 07:45:00,F0392,Biodegradable,18.25,33.34,4.66,Damaged
2026-02-02 07:50:00,F0379,Organic,2.36,66.67,4.37,Needs Replacement
2026-02-02 07:55:00,F0147,Organic,23.86,11.51,2.3,Needs Replacement
2026-02-02 08:00:00,F0834,Plastic,1.35,22.1,3.86,Needs Replacement
2026-02-02 08:05:00,F0037,Plastic,47.03,10.34,2.09,Healthy
2026-02-02 08:10:00,F0115,Plastic,45.26,15.22,1.99,Needs Replacement
2026-02-02 08:15:00,F0583,Plastic,28.87,59.44,4.49,Damaged
2026-02-02 08:20:00,F0742,Biodegradable,17.54,18.63,3.85,Damaged
2026-02-02 08:25:00,F0162,Organic,62.21,62.44,3.29,Needs Replacement
2026-02-02 08:30:00,F0747,Plastic,74.14,17.56,2.72,Needs Replacement
2026-02-02 08:35:00,F0145,Organic,73.1,62.33,4.58,Healthy
2026-02-02 08:40:00,F0088,Biodegradable,67.9,20.43,7.42,Needs Replacement
2026-02-02 08:45:00,F0427,Plastic,61.17,16.29,7.37,Damaged
2026-02-02 08:50:00,F0770,Plastic,50.12,45.37,4.54,Damaged
2026-02-02 08:55:00,F0640,Plastic,53.43,53.43,2.84,Healthy
2026-02-02 09:00:00,F0276,Organic,39.4,20.62,2.03,Needs Replacement
2026-02-02 09:05:00,F0266,Plastic,82.91,21.14,3.52,Needs Replacement
2026-02-02 09:10:00,F0728,Biodegradable,48.85,57.84,5.83,Needs Replacement
2026-02-02 09:15:00,F0323,Organic,17.94,63.74,1.71,Healthy
2026-02-02 09:20:00,F0634,Biodegradable,14.6,13.01,1.67,Healthy
2026-02-02 09:25:00,F0454,Organic,77.73,21.15,7.53,Needs Replacement
2026-02-02 09:30:00,F0835,Biodegradable,9.66,52.28,3.76,Healthy
2026-02-02 09:35:00,F0983,Organic,42.21,42.8,2.21,Damaged
2026-02-02 09:40:00,F0596,Organic,78.33,62.72,2.57,Needs Replacement
2026-02-02 09:45:00,F0350,Organic,81.33,10.28,6.15,Needs Replacement
2026-02-02 09:50:00,F0762,Organic,84.38,48.48,3.84,Needs Replacement
2026-02-02 09:55:00,F0218,Plastic,6.57,50.81,4.58,Damaged
2026-02-02 10:00:00,F0122,Biodegradable,0.38,19.3,6.16,Damaged
2026-02-02 10:05:00,F0949,Organic,8.73,25.79,3.8,Healthy
2026-02-02 10:10:00,F0712,Biodegradable,77.53,66.24,4.03,Damaged
2026-02-02 10:15:00,F0388,Organic,34.02,64.34,1.44,Damaged
2026-02-02 10:20:00,F0635,Biodegradable,87.01,48.93,3.52,Damaged
2026-02-02 10:25:00,F0845,Organic,7.52,67.47,3.65,Damaged
2026-02-02 10:30:00,F0203,Organic,44.28,13.69,2.29,Needs Replacement
2026-02-02 10:35:00,F0818,Organic,98.34,44.33,5.01,Damaged
2026-02-02 10:40:00,F0005,Biodegradable,10.41,27.36,4.15,Needs Replacement
2026-02-02 10:45:00,F0304,Biodegradable,19.71,50.79,7.82,Healthy
2026-02-02 10:50:00,F0510,Organic,85.16,19.32,2.38,Needs Replacement
2026-02-02 10:55:00,F0186,Plastic,76.4,52.49,2.91,Healthy
2026-02-02 11:00:00,F0662,Plastic,85.78,50.78,1.92,Damaged
2026-02-02 11:05:00,F0526,Plastic,79.4,60.48,2.34,Damaged
2026-02-02 11:10:00,F0939,Plastic,73.26,58.13,5.03,Needs Replacement
2026-02-02 11:15:00,F0033,Biodegradable,44.38,16.24,3.29,Healthy
2026-02-02 11:20:00,F0573,Organic,59.09,31.92,2.65,Healthy
2026-02-02 11:25:00,F0104,Plastic,50.61,22.35,2.18,Needs Replacement
2026-02-02 11:30:00,F0989,Plastic,31.41,54.16,3.26,Needs Replacement
2026-02-02 11:35:00,F0726,Organic,65.02,53.91,7.89,Healthy
2026-02-02 11:40:00,F0690,Biodegradable,6.54,36.37,1.54,Healthy
2026-02-02 11:45:00,F0201,Organic,89.38,32.84,7.51,Needs Replacement
2026-02-02 11:50:00,F0267,Plastic,44.62,15.11,3.51,Healthy
2026-02-02 11:55:00,F0171,Organic,93.68,48.03,7.62,Needs Replacement
2026-02-02 12:00:00,F0988,Plastic,10.78,58.05,4.81,Damaged
2026-02-02 12:05:00,F0137,Biodegradable,67.4,11.96,7.46,Damaged
2026-02-02 12:10:00,F0565,Biodegradable,59.19,53.55,3.39,Healthy
2026-02-02 12:15:00,F0472,Plastic,17.37,40.73,3.13,Damaged
2026-02-02 12:20:00,F0103,Biodegradable,55.67,44.37,5.81,Damaged
2026-02-02 12:25:00,F0181,Organic,64.44,68.31,3.99,Needs Replacement
2026-02-02 12:30:00,F0330,Plastic,59.69,21.73,7.44,Damaged
2026-02-02 12:35:00,F0530,Organic,41.82,15.99,2.52,Healthy
2026-02-02 12:40:00,F0870,Organic,78.67,34.86,5.85,Healthy
2026-02-02 12:45:00,F0280,Plastic,43.11,35.76,1.08,Healthy
2026-02-02 12:50:00,F0813,Biodegradable,45.27,11.19,6.27,Healthy
2026-02-02 12:55:00,F0266,Organic,38.26,14.69,4.49,Healthy
2026-02-02 13:00:00,F0987,Plastic,41.76,55.17,6.98,Healthy
2026-02-02 13:05:00,F0785,Biodegradable,17.41,37.21,4.7,Needs Replacement
2026-02-02 13:10:00,F0789,Organic,85.63,49.78,3.72,Healthy
2026-02-02 13:15:00,F0875,Plastic,98.73,35.57,7.9,Needs Replacement
2026-02-02 13:20:00,F0067,Biodegradable,8.91,35.8,5.29,Healthy
2026-02-02 13:25:00,F0907,Biodegradable,64.49,63.33,4.86,Needs Replacement
2026-02-02 13:30:00,F0707,Organic,31.35,51.37,4.91,Needs Replacement
2026-02-02 13:35:00,F0120,Biodegradable,96.46,10.86,6.45,Healthy
2026-02-02 13:40:00,F0464,Organic,63.82,30.67,7.14,Needs Replacement
2026-02-02 13:45:00,F0445,Plastic,79.93,25.63,6.87,Needs Replacement
2026-02-02 13:50:00,F0953,Organic,70.6,42.49,6.13,Healthy
2026-02-02 13:55:00,F0388,Organic,22.67,62.38,1.88,Needs Replacement
2026-02-02 14:00:00,F0648,Plastic,28.13,36.4,6.73,Damaged
2026-02-02 14:05:00,F0676,Plastic,29.43,25.48,3.49,Damaged
2026-02-02 14:10:00,F0058,Plastic,35.26,21.8,5.74,Damaged
2026-02-02 14:15:00,F0536,Plastic,33.01,29.33,4.55,Healthy
2026-02-02 14:20:00,F0438,Organic,11.59,22.61,5.32,Damaged
2026-02-02 14:25:00,F0956,Organic,21.62,59.38,3.16,Damaged
2026-02-02 14:30:00,F0111,Biodegradable,69.93,50.27,5.32,Needs Replacement
2026-02-02 14:35:00,F0371,Biodegradable,88.2,37.97,2.73,Needs Replacement
2026-02-02 14:40:00,F0343,Biodegradable,70.36,49.45,2.04,Damaged
2026-02-02 14:45:00,F0417,Plastic,69.76,26.19,4.41,Needs Replacement
2026-02-02 14:50:00,F0473,Plastic,40.52,40.16,1.68,Needs Replacement
2026-02-02 14:55:00,F0612,Organic,37.09,22.73,5.46,Needs Replacement
2026-02-02 15:00:00,F0827,Plastic,97.72,46.33,7.48,Needs Replacement
2026-02-02 15:05:00,F0798,Biodegradable,66.55,41.28,3.36,Healthy
2026-02-02 15:10:00,F0822,Plastic,60.69,42.29,2.65,Damaged
2026-02-02 15:15:00,F0342,Organic,57.37,37.7,2.05,Damaged
2026-02-02 15:20:00,F0718,Biodegradable,62.79,17.28,5.06,Needs Replacement
2026-02-02 15:25:00,F0722,Plastic,91.24,15.11,7.28,Needs Replacement
2026-02-02 15:30:00,F0740,Plastic,15.89,14.27,2.77,Damaged
2026-02-02 15:35:00,F0932,Plastic,40.14,60.56,2.03,Damaged
2026-02-02 15:40:00,F0317,Plastic,95.4,31.64,2.83,Needs Replacement
2026-02-02 15:45:00,F0708,Organic,15.89,50.18,4.39,Healthy
2026-02-02 15:50:00,F0390,Plastic,20.11,25.09,4.23,Healthy
2026-02-02 15:55:00,F0453,Biodegradable,96.47,57.36,5.61,Damaged
2026-02-02 16:00:00,F0597,Plastic,48.85,14.62,5.51,Needs Replacement
2026-02-02 16:05:00,F0932,Plastic,70.4,31.22,6.72,Damaged
2026-02-02 16:10:00,F0820,Plastic,85.08,11.39,2.19,Needs Replacement
2026-02-02 16:15:00,F0043,Organic,95.06,34.49,3.54,Healthy
2026-02-02 16:20:00,F0157,Biodegradable,71.21,13.75,1.35,Healthy
2026-02-02 16:25:00,F0091,Biodegradable,13.92,45.25,6.76,Healthy
2026-02-02 16:30:00,F0365,Plastic,61.82,10.26,5.1,Healthy
2026-02-02 16:35:00,F0925,Biodegradable,78.3,15.62,4.09,Needs Replacement
2026-02-02 16:40:00,F0380,Organic,17.65,44.33,5.96,Healthy
2026-02-02 16:45:00,F0029,Organic,24.06,40.24,5.86,Damaged
2026-02-02 16:50:00,F0789,Organic,96.02,39.67,4.36,Needs Replacement
2026-02-02 16:55:00,F0845,Organic,37.67,42.65,2.98,Healthy
2026-02-02 17:00:00,F0921,Biodegradable,19.56,59.4,2.72,Damaged
2026-02-02 17:05:00,F0425,Organic,54.4,28.45,6.11,Healthy
2026-02-02 17:10:00,F0575,Plastic,57.07,12.52,5.99,Healthy
2026-02-02 17:15:00,F0121,Organic,55.92,27.68,2.46,Healthy
2026-02-02 17:20:00,F0879,Biodegradable,40.56,56.26,2.78,Needs Replacement
2026-02-02 17:25:00,F0763,Biodegradable,80.45,12.46,3.56,Healthy
2026-02-02 17:30:00,F0989,Organic,87.44,27.44,7.53,Damaged
2026-02-02 17:35:00,F0209,Organic,48.4,63.05,7.87,Damaged
2026-02-02 17:40:00,F0646,Plastic,68.73,24.02,6.26,Damaged
2026-02-02 17:45:00,F0737,Plastic,83.43,64.96,1.78,Healthy
2026-02-02 17:50:00,F0393,Biodegradable,62.56,41.88,1.64,Healthy
2026-02-02 17:55:00,F0985,Plastic,88.46,49.91,4.98,Healthy
2026-02-02 18:00:00,F0682,Biodegradable,52.81,32.57,7.94,Healthy
2026-02-02 18:05:00,F0558,Plastic,67.52,49.69,6.77,Healthy
2026-02-02 18:10:00,F0247,Organic,92.54,24.13,4.79,Damaged
2026-02-02 18:15:00,F0144,Biodegradable,67.99,64.59,6.39,Needs Replacement
2026-02-02 18:20:00,F0367,Organic,44.97,62.97,2.68,Needs Replacement
2026-02-02 18:25:00,F0672,Biodegradable,27.04,13.83,1.49,Healthy
2026-02-02 18:30:00,F0190,Biodegradable,34.87,64.59,4.16,Needs Replacement
2026-02-02 18:35:00,F0167,Organic,24.9,68.78,5.91,Healthy
2026-02-02 18:40:00,F0992,Biodegradable,66.36,23.89,5.92,Healthy
2026-02-02 18:45:00,F0638,Plastic,5.76,14.22,5.44,Needs Replacement
2026-02-02 18:50:00,F0025,Biodegradable,32.08,46.43,5.21,Healthy
2026-02-02 18:55:00,F0534,Organic,62.21,31.91,4.35,Damaged
2026-02-02 19:00:00,F0655,Plastic,24.15,30.4,5.03,Healthy
2026-02-02 19:05:00,F0219,Biodegradable,38.29,53.08,2.59,Healthy
2026-02-02 19:10:00,F0222,Organic,44.46,68.21,3.24,Damaged
2026-02-02 19:15:00,F0591,Organic,66.98,61.55,5.85,Needs Replacement
2026-02-02 19:20:00,F0986,Biodegradable,52.11,44.49,2.2,Needs Replacement
2026-02-02 19:25:00,F0028,Plastic,54.78,53.47,6.17,Healthy
2026-02-02 19:30:00,F0974,Biodegradable,68.01,16.71,5.44,Damaged
2026-02-02 19:35:00,F0564,Organic,36.41,28.61,6.42,Needs Replacement
2026-02-02 19:40:00,F0376,Plastic,59.46,10.23,2.9,Damaged
2026-02-02 19:45:00,F0015,Plastic,82.36,42.96,7.79,Damaged
2026-02-02 19:50:00,F0468,Organic,13.47,16.16,5.56,Damaged
2026-02-02 19:55:00,F0767,Biodegradable,61.23,18.04,6.44,Damaged
2026-02-02 20:00:00,F0027,Plastic,93.82,41.78,5.02,Healthy
2026-02-02 20:05:00,F0236,Biodegradable,0.62,26.46,6.06,Needs Replacement
2026-02-02 20:10:00,F0154,Biodegradable,13.12,55.72,1.38,Needs Replacement
2026-02-02 20:15:00,F0335,Organic,17.23,30.49,6.83,Healthy
2026-02-02 20:20:00,F0058,Organic,15.58,22.88,1.39,Damaged
2026-02-02 20:25:00,F0217,Plastic,42.63,65.62,5.59,Damaged
2026-02-02 20:30:00,F0479,Organic,2.31,20.84,3.44,Needs Replacement
2026-02-02 20:35:00,F0121,Plastic,43.69,41.95,5.28,Needs Replacement
2026-02-02 20:40:00,F0220,Organic,28.57,19.62,6.97,Needs Replacement
2026-02-02 20:45:00,F0655,Biodegradable,57.71,53.02,4.93,Needs Replacement
2026-02-02 20:50:00,F0066,Biodegradable,96.2,66.2,3.78,Healthy
2026-02-02 20:55:00,F0034,Biodegradable,59.79,53.52,6.91,Damaged
2026-02-02 21:00:00,F0306,Organic,56.68,62.49,1.53,Needs Replacement
2026-02-02 21:05:00,F0201,Organic,91.86,55.66,3.99,Damaged
2026-02-02 21:10:00,F0985,Organic,90.71,68.74,2.23,Needs Replacement
2026-02-02 21:15:00,F0320,Organic,76.96,31.23,4.0,Needs Replacement
2026-02-02 21:20:00,F0694,Organic,41.77,31.49,5.65,Needs Replacement
2026-02-02 21:25:00,F0883,Organic,72.29,29.29,4.93,Healthy
2026-02-02 21:30:00,F0424,Organic,39.63,45.94,6.42,Needs Replacement
2026-02-02 21:35:00,F0321,Biodegradable,6.66,32.44,5.49,Healthy
2026-02-02 21:40:00,F0468,Plastic,87.35,60.6,3.89,Needs Replacement
2026-02-02 21:45:00,F0626,Organic,87.26,35.49,3.65,Damaged
2026-02-02 21:50:00,F0805,Organic,35.71,60.88,4.82,Damaged
2026-02-02 21:55:00,F0644,Organic,39.74,60.36,5.85,Healthy
2026-02-02 22:00:00,F0517,Organic,50.72,56.93,6.8,Healthy
2026-02-02 22:05:00,F0476,Organic,71.6,16.13,2.0,Healthy
2026-02-02 22:10:00,F0655,Biodegradable,85.89,47.78,2.14,Healthy
2026-02-02 22:15:00,F0795,Plastic,18.05,20.49,2.29,Damaged
2026-02-02 22:20:00,F0289,Organic,1.25,44.85,5.7,Damaged
2026-02-02 22:25:00,F0138,Organic,82.01,68.74,7.15,Needs Replacement
2026-02-02 22:30:00,F0893,Organic,24.35,67.38,1.67,Damaged
2026-02-02 22:35:00,F0094,Organic,46.4,45.41,4.3,Damaged
2026-02-02 22:40:00,F0283,Organic,9.75,50.38,7.63,Damaged
2026-02-02 22:45:00,F0229,Biodegradable,59.83,53.81,4.82,Healthy
2026-02-02 22:50:00,F0624,Biodegradable,33.15,61.82,3.05,Damaged
2026-02-02 22:55:00,F0605,Organic,68.25,60.6,1.47,Healthy
2026-02-02 23:00:00,F0615,Biodegradable,94.4,65.33,5.52,Needs Replacement
2026-02-02 23:05:00,F0696,Organic,14.32,43.01,4.31,Healthy
2026-02-02 23:10:00,F0068,Biodegradable,12.97,10.42,5.85,Healthy
2026-02-02 23:15:00,F0256,Plastic,49.65,28.12,5.03,Healthy
2026-02-02 23:20:00,F0215,Organic,7.96,63.62,3.96,Healthy
2026-02-02 23:25:00,F0892,Plastic,56.45,46.61,1.67,Needs Replacement
2026-02-02 23:30:00,F0330,Biodegradable,66.95,26.91,7.97,Needs Replacement
2026-02-02 23:35:00,F0922,Biodegradable,63.51,16.12,5.58,Needs Replacement
2026-02-02 23:40:00,F0503,Organic,6.16,60.81,3.54,Damaged
2026-02-02 23:45:00,F0367,Biodegradable,20.79,64.66,7.94,Damaged
2026-02-02 23:50:00,F0167,Plastic,27.26,15.34,6.01,Damaged
2026-02-02 23:55:00,F0527,Plastic,50.89,27.66,1.63,Damaged
2026-02-03 00:00:00,F0584,Plastic,62.72,66.95,3.24,Needs Replacement
2026-02-03 00:05:00,F0724,Organic,54.72,20.44,3.3,Needs Replacement
2026-02-03 00:10:00,F0050,Biodegradable,11.94,69.56,1.85,Healthy
2026-02-03 00:15:00,F0003,Organic,45.8,60.09,6.31,Damaged
2026-02-03 00:20:00,F0879,Biodegradable,99.53,49.44,1.21,Needs Replacement
2026-02-03 00:25:00,F0116,Plastic,9.27,50.23,5.11,Needs Replacement
2026-02-03 00:30:00,F0808,Biodegradable,81.63,20.31,4.79,Healthy
2026-02-03 00:35:00,F0804,Organic,37.99,46.06,7.85,Damaged
2026-02-03 00:40:00,F0475,Biodegradable,82.98,42.29,2.12,Healthy
2026-02-03 00:45:00,F0908,Plastic,69.32,44.98,6.93,Needs Replacement
2026-02-03 00:50:00,F0398,Biodegradable,59.9,49.38,6.74,Damaged
2026-02-03 00:55:00,F0908,Plastic,67.14,25.11,1.2,Damaged
2026-02-03 01:00:00,F0012,Plastic,64.5,39.84,1.87,Damaged
2026-02-03 01:05:00,F0028,Biodegradable,22.53,58.86,5.61,Needs Replacement
2026-02-03 01:10:00,F0598,Plastic,36.54,45.18,6.44,Needs Replacement
2026-02-03 01:15:00,F0616,Organic,95.15,38.16,5.93,Healthy
2026-02-03 01:20:00,F0206,Plastic,56.25,65.64,5.62,Needs Replacement
2026-02-03 01:25:00,F0276,Biodegradable,35.85,62.0,5.86,Damaged
2026-02-03 01:30:00,F0912,Biodegradable,8.5,53.94,6.15,Damaged
2026-02-03 01:35:00,F0091,Biodegradable,49.8,10.16,4.93,Damaged
2026-02-03 01:40:00,F0739,Plastic,68.85,52.3,1.61,Healthy
2026-02-03 01:45:00,F0959,Plastic,79.64,46.61,7.14,Healthy
2026-02-03 01:50:00,F0084,Biodegradable,20.2,25.96,2.16,Needs Replacement
2026-02-03 01:55:00,F0101,Plastic,1.25,37.92,6.31,Needs Replacement
2026-02-03 02:00:00,F0252,Biodegradable,50.32,56.31,3.91,Damaged
2026-02-03 02:05:00,F0862,Biodegradable,48.53,58.78,5.52,Damaged
2026-02-03 02:10:00,F0755,Plastic,6.86,50.5,2.21,Damaged
2026-02-03 02:15:00,F0289,Biodegradable,93.82,20.86,1.38,Needs Replacement
2026-02-03 02:20:00,F0115,Biodegradable,65.88,52.98,7.03,Needs Replacement
2026-02-03 02:25:00,F0426,Organic,51.49,62.61,4.93,Damaged
2026-02-03 02:30:00,F0821,Organic,35.33,16.68,6.31,Healthy
2026-02-03 02:35:00,F0018,Plastic,66.86,30.44,5.36,Damaged
2026-02-03 02:40:00,F0169,Plastic,78.17,47.92,4.58,Needs Replacement
2026-02-03 02:45:00,F0553,Biodegradable,76.49,39.91,5.95,Healthy
2026-02-03 02:50:00,F0505,Biodegradable,85.18,57.12,2.67,Needs Replacement
2026-02-03 02:55:00,F0930,Plastic,20.96,12.09,7.91,Needs Replacement
2026-02-03 03:00:00,F0725,Biodegradable,73.89,38.38,2.19,Healthy
2026-02-03 03:05:00,F0534,Plastic,49.8,23.38,7.45,Healthy
2026-02-03 03:10:00,F0084,Biodegradable,40.85,19.8,2.14,Needs Replacement
2026-02-03 03:15:00,F0499,Biodegradable,85.67,46.79,7.49,Needs Replacement
2026-02-03 03:20:00,F0084,Plastic,55.3,69.96,3.83,Needs Replacement
2026-02-03 03:25:00,F0169,Plastic,95.31,10.52,1.37,Damaged
2026-02-03 03:30:00,F0011,Organic,13.69,16.35,1.93,Damaged
2026-02-03 03:35:00,F0346,Biodegradable,37.75,27.07,5.46,Healthy
2026-02-03 03:40:00,F0775,Biodegradable,38.89,59.69,1.9,Healthy
2026-02-03 03:45:00,F0103,Plastic,88.86,29.96,5.43,Healthy
2026-02-03 03:50:00,F0942,Biodegradable,27.09,65.44,3.64,Damaged
2026-02-03 03:55:00,F0085,Biodegradable,32.62,45.39,6.74,Needs Replacement
2026-02-03 04:00:00,F0365,Organic,50.87,45.13,5.15,Damaged
2026-02-03 04:05:00,F0450,Plastic,91.14,45.04,6.15,Needs Replacement
2026-02-03 04:10:00,F0782,Plastic,29.47,60.56,5.61,Needs Replacement
2026-02-03 04:15:00,F0129,Biodegradable,48.95,57.21,3.15,Healthy
2026-02-03 04:20:00,F0264,Biodegradable,44.78,31.64,2.62,Healthy
2026-02-03 04:25:00,F0894,Organic,94.13,58.8,3.28,Needs Replacement
2026-02-03 04:30:00,F0497,Organic,25.86,35.24,6.61,Damaged
2026-02-03 04:35:00,F0325,Plastic,6.82,27.54,3.23,Damaged
2026-02-03 04:40:00,F0817,Organic,88.74,55.37,4.74,Needs Replacement
2026-02-03 04:45:00,F0626,Plastic,37.89,61.88,7.19,Healthy
2026-02-03 04:50:00,F0572,Organic,25.0,68.87,4.33,Healthy
2026-02-03 04:55:00,F0796,Organic,7.64,66.35,1.69,Damaged
2026-02-03 05:00:00,F0540,Plastic,60.94,66.91,3.38,Damaged
2026-02-03 05:05:00,F0136,Biodegradable,21.47,39.09,7.27,Needs Replacement
2026-02-03 05:10:00,F0156,Plastic,73.78,69.92,2.76,Needs Replacement
2026-02-03 05:15:00,F0815,Plastic,11.56,69.73,7.79,Damaged
2026-02-03 05:20:00,F0776,Plastic,20.36,41.62,2.47,Healthy
2026-02-03 05:25:00,F0886,Organic,28.8,18.25,2.61,Healthy
2026-02-03 05:30:00,F0495,Organic,4.36,27.85,1.48,Healthy
2026-02-03 05:35:00,F0877,Organic,82.31,12.96,5.72,Healthy
2026-02-03 05:40:00,F0571,Biodegradable,16.12,45.75,7.47,Damaged
2026-02-03 05:45:00,F0232,Organic,55.55,39.37,4.19,Healthy
2026-02-03 05:50:00,F0543,Plastic,9.7,10.04,3.39,Damaged
2026-02-03 05:55:00,F0914,Plastic,46.0,31.38,7.5,Needs Replacement
2026-02-03 06:00:00,F0619,Organic,94.42,19.55,1.61,Needs Replacement
2026-02-03 06:05:00,F0355,Biodegradable,87.9,53.64,4.9,Damaged
2026-02-03 06:10:00,F0685,Plastic,70.58,44.71,7.81,Damaged
2026-02-03 06:15:00,F0636,Organic,12.25,15.98,7.68,Healthy
2026-02-03 06:20:00,F0574,Plastic,56.14,39.81,7.22,Needs Replacement
2026-02-03 06:25:00,F0195,Plastic,13.49,48.55,3.88,Damaged
2026-02-03 06:30:00,F0327,Organic,91.82,54.71,7.25,Healthy
2026-02-03 06:35:00,F0694,Organic,81.08,21.73,2.99,Damaged
2026-02-03 06:40:00,F0013,Organic,9.88,45.75,1.89,Healthy
2026-02-03 06:45:00,F0221,Plastic,82.87,62.3,5.72,Needs Replacement
2026-02-03 06:50:00,F0995,Plastic,14.83,56.51,6.8,Healthy
2026-02-03 06:55:00,F0782,Organic,61.29,14.86,6.18,Healthy
2026-02-03 07:00:00,F0664,Plastic,11.16,21.56,1.94,Healthy
2026-02-03 07:05:00,F0784,Plastic,65.77,49.32,5.65,Needs Replacement
2026-02-03 07:10:00,F0755,Plastic,25.45,40.16,6.87,Needs Replacement
2026-02-03 07:15:00,F0172,Organic,11.88,18.12,7.37,Needs Replacement
2026-02-03 07:20:00,F0957,Biodegradable,61.94,42.38,5.12,Healthy
2026-02-03 07:25:00,F0516,Biodegradable,4.99,28.2,1.78,Healthy
2026-02-03 07:30:00,F0668,Biodegradable,47.08,19.77,2.97,Needs Replacement
2026-02-03 07:35:00,F0597,Biodegradable,17.65,12.24,3.69,Healthy
2026-02-03 07:40:00,F0088,Plastic,35.57,58.97,4.78,Damaged
2026-02-03 07:45:00,F0437,Organic,46.35,40.4,3.5,Needs Replacement
2026-02-03 07:50:00,F0548,Plastic,85.45,13.38,1.75,Healthy
2026-02-03 07:55:00,F0148,Organic,37.24,27.81,1.15,Needs Replacement
2026-02-03 08:00:00,F0228,Plastic,38.99,17.03,7.06,Needs Replacement
2026-02-03 08:05:00,F0026,Plastic,13.76,60.62,3.58,Healthy
2026-02-03 08:10:00,F0358,Organic,21.56,61.62,6.25,Needs Replacement
2026-02-03 08:15:00,F0659,Plastic,23.92,56.72,7.9,Damaged
2026-02-03 08:20:00,F0837,Plastic,27.01,57.88,7.8,Damaged
2026-02-03 08:25:00,F0515,Plastic,69.32,26.17,7.37,Needs Replacement
2026-02-03 08:30:00,F0179,Biodegradable,22.69,12.85,2.23,Healthy
2026-02-03 08:35:00,F0874,Organic,53.6,21.52,2.36,Healthy
2026-02-03 08:40:00,F0680,Biodegradable,33.02,16.79,1.98,Healthy
2026-02-03 08:45:00,F0089,Plastic,74.39,22.33,6.28,Healthy
2026-02-03 08:50:00,F0038,Organic,38.06,23.95,1.17,Needs Replacement
2026-02-03 08:55:00,F0693,Organic,67.34,43.42,7.53,Healthy
2026-02-03 09:00:00,F0289,Organic,86.38,19.14,2.12,Needs Replacement
2026-02-03 09:05:00,F0507,Organic,95.37,55.33,5.71,Healthy
2026-02-03 09:10:00,F0380,Organic,81.17,35.95,1.65,Damaged
2026-02-03 09:15:00,F0231,Organic,95.22,13.21,3.69,Damaged
2026-02-03 09:20:00,F0954,Plastic,92.54,63.36,2.11,Needs Replacement
2026-02-03 09:25:00,F0463,Organic,15.92,68.65,4.06,Damaged
2026-02-03 09:30:00,F0494,Organic,84.5,20.04,7.38,Healthy
2026-02-03 09:35:00,F0285,Organic,49.3,48.64,5.12,Needs Replacement
2026-02-03 09:40:00,F0775,Plastic,93.97,55.37,3.06,Damaged
2026-02-03 09:45:00,F0994,Plastic,4.32,45.84,3.99,Needs Replacement
2026-02-03 09:50:00,F0279,Plastic,28.9,36.99,1.37,Needs Replacement
2026-02-03 09:55:00,F0950,Organic,8.31,60.52,7.72,Healthy
2026-02-03 10:00:00,F0823,Biodegradable,69.46,21.34,6.95,Damaged
2026-02-03 10:05:00,F0439,Plastic,48.58,66.73,1.48,Healthy
2026-02-03 10:10:00,F0906,Biodegradable,34.8,60.75,2.64,Damaged
2026-02-03 10:15:00,F0760,Biodegradable,37.05,65.62,1.67,Damaged
2026-02-03 10:20:00,F0262,Plastic,94.83,29.08,6.68,Healthy
2026-02-03 10:25:00,F0861,Biodegradable,34.73,50.6,2.83,Needs Replacement
2026-02-03 10:30:00,F0426,Biodegradable,61.11,57.34,5.93,Healthy
2026-02-03 10:35:00,F0736,Biodegradable,53.12,40.7,3.37,Needs Replacement
2026-02-03 10:40:00,F0973,Plastic,89.24,69.16,5.51,Needs Replacement
2026-02-03 10:45:00,F0383,Biodegradable,26.09,25.77,4.93,Needs Replacement
2026-02-03 10:50:00,F0267,Plastic,57.45,56.32,5.98,Needs Replacement
2026-02-03 10:55:00,F0664,Plastic,73.37,65.32,5.42,Damaged
2026-02-03 11:00:00,F0172,Organic,76.87,28.19,3.69,Needs Replacement
2026-02-03 11:05:00,F0908,Biodegradable,40.36,25.35,7.86,Damaged
2026-02-03 11:10:00,F0464,Biodegradable,32.78,58.41,7.23,Damaged
2026-02-03 11:15:00,F0186,Organic,87.4,64.44,4.37,Healthy
2026-02-03 11:20:00,F0006,Biodegradable,5.67,40.69,3.33,Needs Replacement
2026-02-03 11:25:00,F0908,Biodegradable,96.34,41.35,6.44,Needs Replacement
2026-02-03 11:30:00,F0617,Plastic,37.31,16.45,7.68,Damaged
2026-02-03 11:35:00,F0494,Plastic,90.56,19.52,2.98,Damaged
2026-02-03 11:40:00,F0476,Organic,71.39,43.76,5.15,Healthy
2026-02-03 11:45:00,F0009,Biodegradable,21.64,63.98,1.14,Healthy
2026-02-03 11:50:00,F0890,Biodegradable,72.82,47.36,6.54,Damaged
2026-02-03 11:55:00,F0573,Organic,38.57,29.09,6.61,Needs Replacement
2026-02-03 12:00:00,F0043,Biodegradable,45.24,31.97,6.7,Damaged
2026-02-03 12:05:00,F0021,Plastic,24.57,14.58,5.79,Needs Replacement
2026-02-03 12:10:00,F0111,Biodegradable,31.18,34.44,6.53,Needs Replacement
2026-02-03 12:15:00,F0296,Plastic,15.77,43.86,7.79,Damaged
2026-02-03 12:20:00,F0976,Plastic,5.73,35.64,3.3,Needs Replacement
2026-02-03 12:25:00,F0748,Biodegradable,56.83,53.2,2.08,Damaged
2026-02-03 12:30:00,F0094,Organic,89.25,25.97,1.5,Healthy
2026-02-03 12:35:00,F0973,Biodegradable,83.25,63.08,6.25,Needs Replacement
2026-02-03 12:40:00,F0422,Organic,2.8,37.59,4.7,Damaged
2026-02-03 12:45:00,F0240,Organic,5.71,37.92,6.6,Healthy
2026-02-03 12:50:00,F0585,Plastic,97.11,16.33,3.91,Needs Replacement
2026-02-03 12:55:00,F0949,Plastic,34.5,20.16,3.17,Healthy
2026-02-03 13:00:00,F0934,Biodegradable,4.31,68.17,5.46,Needs Replacement
2026-02-03 13:05:00,F0474,Plastic,47.06,13.09,5.16,Healthy
2026-02-03 13:10:00,F0706,Organic,51.36,17.94,5.41,Needs Replacement
2026-02-03 13:15:00,F0097,Plastic,74.37,14.28,1.06,Damaged
2026-02-03 13:20:00,F0042,Plastic,91.04,57.19,6.68,Needs Replacement
2026-02-03 13:25:00,F0154,Plastic,6.24,11.24,1.04,Healthy
2026-02-03 13:30:00,F0849,Plastic,72.49,20.16,3.77,Damaged
2026-02-03 13:35:00,F0125,Plastic,4.18,15.75,6.22,Damaged
2026-02-03 13:40:00,F0809,Organic,90.87,54.04,4.96,Damaged
2026-02-03 13:45:00,F0475,Organic,58.8,10.31,3.67,Damaged
2026-02-03 13:50:00,F0859,Plastic,51.82,38.61,1.45,Needs Replacement
2026-02-03 13:55:00,F0963,Organic,61.39,14.76,6.54,Healthy
2026-02-03 14:00:00,F0372,Plastic,83.59,43.52,6.21,Damaged
2026-02-03 14:05:00,F0940,Biodegradable,38.11,56.38,7.38,Needs Replacement
2026-02-03 14:10:00,F0150,Plastic,50.69,33.17,4.03,Healthy
2026-02-03 14:15:00,F0160,Organic,89.82,39.08,7.07,Needs Replacement
2026-02-03 14:20:00,F0324,Organic,85.38,57.2,5.17,Healthy
2026-02-03 14:25:00,F0161,Biodegradable,97.21,52.37,7.46,Healthy
2026-02-03 14:30:00,F0938,Organic,84.45,49.8,6.55,Needs Replacement
2026-02-03 14:35:00,F0971,Organic,63.65,13.02,5.87,Damaged
2026-02-03 14:40:00,F0175,Organic,83.71,29.72,7.88,Healthy
2026-02-03 14:45:00,F0221,Plastic,96.84,49.05,1.97,Needs Replacement
2026-02-03 14:50:00,F0329,Organic,17.94,16.92,4.24,Damaged
2026-02-03 14:55:00,F0985,Plastic,44.26,66.58,6.91,Healthy
2026-02-03 15:00:00,F0212,Biodegradable,0.24,11.0,1.63,Damaged
2026-02-03 15:05:00,F0426,Organic,13.03,24.11,6.45,Needs Replacement
2026-02-03 15:10:00,F0315,Biodegradable,83.17,57.15,4.24,Healthy
2026-02-03 15:15:00,F0511,Plastic,17.79,54.73,4.88,Damaged
2026-02-03 15:20:00,F0627,Organic,6.18,65.27,7.29,Healthy
2026-02-03 15:25:00,F0401,Organic,3.13,44.72,3.71,Needs Replacement
2026-02-03 15:30:00,F0971,Biodegradable,17.46,32.7,5.43,Damaged
2026-02-03 15:35:00,F0625,Biodegradable,84.9,66.73,3.18,Healthy
2026-02-03 15:40:00,F0732,Organic,90.69,48.25,2.8,Healthy
2026-02-03 15:45:00,F0336,Organic,98.4,27.87,7.98,Needs Replacement
2026-02-03 15:50:00,F0932,Organic,63.8,60.92,6.13,Needs Replacement
2026-02-03 15:55:00,F0705,Biodegradable,46.78,53.02,1.83,Needs Replacement
2026-02-03 16:00:00,F0515,Biodegradable,11.13,21.85,2.17,Damaged
2026-02-03 16:05:00,F0870,Organic,21.19,60.54,4.65,Healthy
2026-02-03 16:10:00,F0480,Organic,14.6,56.98,2.21,Needs Replacement
2026-02-03 16:15:00,F0647,Organic,96.09,25.42,6.14,Healthy
2026-02-03 16:20:00,F0819,Organic,49.96,28.31,5.16,Needs Replacement
2026-02-03 16:25:00,F0061,Plastic,68.86,30.57,2.93,Damaged
2026-02-03 16:30:00,F0871,Organic,3.01,11.67,5.5,Healthy
2026-02-03 16:35:00,F0989,Biodegradable,38.47,29.58,6.96,Needs Replacement
2026-02-03 16:40:00,F0567,Plastic,35.91,64.92,4.88,Healthy
2026-02-03 16:45:00,F0341,Biodegradable,13.65,24.93,6.53,Healthy
2026-02-03 16:50:00,F0166,Plastic,21.84,33.26,4.6,Damaged
2026-02-03 16:55:00,F0374,Organic,59.87,54.06,3.91,Damaged
2026-02-03 17:00:00,F0681,Plastic,36.86,46.29,5.44,Healthy
2026-02-03 17:05:00,F0207,Plastic,84.13,46.88,1.01,Damaged
2026-02-03 17:10:00,F0080,Organic,46.67,33.8,6.55,Damaged
2026-02-03 17:15:00,F0319,Plastic,45.69,68.25,1.7,Healthy
2026-02-03 17:20:00,F0111,Biodegradable,92.54,31.37,6.4,Needs Replacement
2026-02-03 17:25:00,F0625,Organic,83.77,22.71,3.48,Healthy
2026-02-03 17:30:00,F0897,Biodegradable,54.88,16.79,4.82,Needs Replacement
2026-02-03 17:35:00,F0207,Biodegradable,33.79,44.61,1.45,Needs Replacement
2026-02-03 17:40:00,F0450,Biodegradable,88.05,31.86,3.58,Damaged
2026-02-03 17:45:00,F0822,Organic,75.32,55.58,1.85,Healthy
2026-02-03 17:50:00,F0095,Plastic,3.85,66.31,4.9,Healthy
2026-02-03 17:55:00,F0016,Plastic,64.45,61.3,3.06,Healthy
2026-02-03 18:00:00,F0694,Organic,45.94,23.52,6.25,Needs Replacement
2026-02-03 18:05:00,F0423,Biodegradable,39.7,27.35,4.13,Healthy
2026-02-03 18:10:00,F0392,Plastic,55.36,60.05,4.68,Healthy
2026-02-03 18:15:00,F0232,Biodegradable,87.13,58.59,3.92,Damaged
2026-02-03 18:20:00,F0063,Organic,10.05,28.56,1.55,Needs Replacement
2026-02-03 18:25:00,F0902,Organic,22.87,45.8,7.05,Healthy
2026-02-03 18:30:00,F0191,Organic,27.63,25.97,7.84,Damaged
2026-02-03 18:35:00,F0814,Organic,89.52,18.04,2.55,Damaged
2026-02-03 18:40:00,F0115,Organic,99.48,25.44,3.67,Healthy
2026-02-03 18:45:00,F0519,Biodegradable,50.62,22.11,7.34,Healthy
2026-02-03 18:50:00,F0708,Biodegradable,41.3,28.03,6.07,Damaged
2026-02-03 18:55:00,F0053,Organic,59.51,28.78,3.17,Damaged
2026-02-03 19:00:00,F0810,Biodegradable,28.44,38.47,2.72,Needs Replacement
2026-02-03 19:05:00,F0972,Biodegradable,48.86,30.16,6.58,Needs Replacement
2026-02-03 19:10:00,F0837,Biodegradable,80.11,19.72,3.14,Needs Replacement
2026-02-03 19:15:00,F0183,Plastic,91.25,43.35,5.13,Needs Replacement
2026-02-03 19:20:00,F0667,Organic,33.99,51.52,1.18,Healthy
2026-02-03 19:25:00,F0606,Biodegradable,12.21,10.57,3.1,Needs Replacement
2026-02-03 19:30:00,F0457,Biodegradable,11.85,55.66,6.86,Needs Replacement
2026-02-03 19:35:00,F0857,Biodegradable,80.02,32.31,4.96,Healthy
2026-02-03 19:40:00,F0390,Organic,72.13,36.41,5.34,Healthy
2026-02-03 19:45:00,F0804,Plastic,97.65,35.87,2.24,Healthy
2026-02-03 19:50:00,F0749,Plastic,56.65,58.07,7.48,Healthy
2026-02-03 19:55:00,F0355,Biodegradable,74.61,47.73,1.89,Needs Replacement
2026-02-03 20:00:00,F0188,Biodegradable,94.23,45.69,7.02,Needs Replacement
2026-02-03 20:05:00,F0500,Biodegradable,40.03,22.37,6.9,Damaged
2026-02-03 20:10:00,F0319,Organic,21.82,20.54,3.51,Damaged
2026-02-03 20:15:00,F0227,Plastic,71.94,39.37,1.22,Damaged
2026-02-03 20:20:00,F0503,Plastic,81.41,13.75,3.46,Damaged
2026-02-03 20:25:00,F0914,Organic,20.62,43.43,3.88,Damaged
2026-02-03 20:30:00,F0440,Biodegradable,63.2,17.46,1.61,Needs Replacement
2026-02-03 20:35:00,F0488,Plastic,31.15,43.19,7.2,Needs Replacement
2026-02-03 20:40:00,F0906,Biodegradable,93.18,23.86,7.66,Healthy
2026-02-03 20:45:00,F0599,Plastic,34.85,51.78,4.59,Healthy
2026-02-03 20:50:00,F0919,Plastic,91.4,57.01,2.95,Needs Replacement
2026-02-03 20:55:00,F0626,Organic,43.32,53.3,4.39,Needs Replacement
2026-02-03 21:00:00,F0441,Plastic,19.91,56.72,6.99,Healthy
2026-02-03 21:05:00,F0563,Organic,0.02,45.97,1.99,Damaged
2026-02-03 21:10:00,F0301,Plastic,53.35,53.34,4.33,Damaged
2026-02-03 21:15:00,F0228,Organic,69.46,38.88,1.72,Damaged
2026-02-03 21:20:00,F0451,Biodegradable,43.97,18.21,5.85,Needs Replacement
2026-02-03 21:25:00,F0107,Biodegradable,3.61,33.03,5.31,Damaged
2026-02-03 21:30:00,F0876,Biodegradable,12.84,53.97,3.2,Needs Replacement
2026-02-03 21:35:00,F0081,Organic,51.8,43.92,2.93,Needs Replacement
2026-02-03 21:40:00,F0927,Plastic,82.16,24.19,1.7,Healthy
2026-02-03 21:45:00,F0326,Organic,31.98,55.41,5.95,Healthy
2026-02-03 21:50:00,F0531,Plastic,17.01,54.91,1.88,Needs Replacement
2026-02-03 21:55:00,F0252,Organic,71.66,49.38,1.07,Healthy
2026-02-03 22:00:00,F0564,Organic,16.98,51.08,6.18,Healthy
2026-02-03 22:05:00,F0363,Organic,14.46,49.55,3.99,Healthy
2026-02-03 22:10:00,F0753,Plastic,19.93,63.7,6.86,Damaged
2026-02-03 22:15:00,F0298,Biodegradable,51.56,36.27,5.54,Needs Replacement
2026-02-03 22:20:00,F0891,Plastic,68.16,67.19,3.16,Healthy
2026-02-03 22:25:00,F0835,Biodegradable,0.4,48.74,6.48,Needs Replacement
2026-02-03 22:30:00,F0664,Organic,73.81,38.13,3.04,Needs Replacement
2026-02-03 22:35:00,F0889,Plastic,82.18,54.9,6.54,Damaged
2026-02-03 22:40:00,F0180,Organic,21.0,34.08,2.4,Healthy
2026-02-03 22:45:00,F0444,Plastic,85.94,67.1,2.7,Healthy
2026-02-03 22:50:00,F0518,Organic,33.25,54.08,4.24,Needs Replacement
2026-02-03 22:55:00,F0848,Organic,87.48,37.19,1.41,Healthy
2026-02-03 23:00:00,F0046,Organic,45.65,69.31,3.99,Damaged
2026-02-03 23:05:00,F0370,Biodegradable,64.07,31.43,4.61,Healthy
2026-02-03 23:10:00,F0632,Organic,42.65,66.91,3.95,Needs Replacement
2026-02-03 23:15:00,F0395,Organic,34.61,60.84,2.46,Needs Replacement
2026-02-03 23:20:00,F0066,Plastic,27.11,16.44,5.96,Damaged
2026-02-03 23:25:00,F0201,Biodegradable,27.2,50.46,6.86,Needs Replacement
2026-02-03 23:30:00,F0598,Organic,52.04,40.89,2.47,Healthy
2026-02-03 23:35:00,F0703,Plastic,0.71,62.91,4.87,Healthy
2026-02-03 23:40:00,F0222,Biodegradable,90.17,39.3,3.71,Damaged
2026-02-03 23:45:00,F0647,Biodegradable,12.18,22.93,5.74,Healthy
2026-02-03 23:50:00,F0590,Plastic,47.68,43.98,4.54,Damaged
2026-02-03 23:55:00,F0490,Biodegradable,84.1,16.35,5.27,Healthy
2026-02-04 00:00:00,F0538,Plastic,9.63,29.95,1.68,Needs Replacement
2026-02-04 00:05:00,F0106,Biodegradable,73.7,37.4,6.21,Healthy
2026-02-04 00:10:00,F0863,Organic,96.52,35.86,4.08,Damaged
2026-02-04 00:15:00,F0802,Plastic,12.51,34.69,3.14,Needs Replacement
2026-02-04 00:20:00,F0523,Plastic,12.87,41.1,2.57,Needs Replacement
2026-02-04 00:25:00,F0500,Organic,87.23,30.22,6.25,Healthy
2026-02-04 00:30:00,F0824,Organic,7.77,15.01,5.3,Needs Replacement
2026-02-04 00:35:00,F0731,Biodegradable,56.94,16.94,3.28,Needs Replacement
2026-02-04 00:40:00,F0821,Organic,67.64,35.6,2.28,Needs Replacement
2026-02-04 00:45:00,F0379,Plastic,61.68,67.15,3.96,Healthy
2026-02-04 00:50:00,F0772,Organic,86.14,62.69,3.24,Damaged
2026-02-04 00:55:00,F0113,Organic,77.4,16.62,2.5,Healthy
2026-02-04 01:00:00,F0710,Plastic,46.88,56.04,2.76,Needs Replacement
2026-02-04 01:05:00,F0968,Plastic,17.22,15.58,6.17,Needs Replacement
2026-02-04 01:10:00,F0207,Organic,12.15,57.05,1.16,Needs Replacement
2026-02-04 01:15:00,F0426,Biodegradable,1.24,38.4,7.94,Damaged
2026-02-04 01:20:00,F0303,Organic,44.1,36.75,5.52,Damaged
2026-02-04 01:25:00,F0118,Biodegradable,31.53,52.53,4.77,Needs Replacement
2026-02-04 01:30:00,F0109,Plastic,21.77,68.84,5.62,Needs Replacement
2026-02-04 01:35:00,F0982,Organic,90.55,40.61,7.58,Needs Replacement
2026-02-04 01:40:00,F0224,Plastic,82.14,63.99,3.46,Needs Replacement
2026-02-04 01:45:00,F0383,Plastic,6.63,28.62,5.66,Damaged
2026-02-04 01:50:00,F0635,Biodegradable,70.46,34.95,5.85,Needs Replacement
2026-02-04 01:55:00,F0273,Organic,68.97,23.15,4.43,Needs Replacement
2026-02-04 02:00:00,F0170,Organic,88.46,14.69,3.16,Damaged
2026-02-04 02:05:00,F0945,Biodegradable,23.84,58.1,6.85,Healthy
2026-02-04 02:10:00,F0378,Organic,26.36,59.87,1.18,Healthy
2026-02-04 02:15:00,F0967,Organic,61.09,53.5,7.82,Needs Replacement
2026-02-04 02:20:00,F0973,Biodegradable,83.89,32.0,6.35,Healthy
2026-02-04 02:25:00,F0888,Plastic,87.67,59.08,5.42,Damaged
2026-02-04 02:30:00,F0697,Organic,23.31,68.74,4.08,Needs Replacement
2026-02-04 02:35:00,F0754,Biodegradable,25.59,60.81,1.23,Damaged
2026-02-04 02:40:00,F0768,Plastic,25.19,45.12,7.31,Damaged
2026-02-04 02:45:00,F0224,Biodegradable,18.6,52.28,7.31,Needs Replacement
2026-02-04 02:50:00,F0774,Biodegradable,3.52,54.14,3.35,Healthy
2026-02-04 02:55:00,F0498,Plastic,47.74,51.05,7.44,Damaged
2026-02-04 03:00:00,F0055,Plastic,72.99,18.11,7.72,Healthy
2026-02-04 03:05:00,F0923,Organic,66.43,36.23,3.76,Damaged
2026-02-04 03:10:00,F0274,Organic,35.96,60.55,4.51,Damaged
2026-02-04 03:15:00,F0638,Organic,79.07,39.9,7.34,Damaged
2026-02-04 03:20:00,F0513,Biodegradable,54.91,69.28,3.45,Damaged
2026-02-04 03:25:00,F0477,Biodegradable,72.53,47.15,7.16,Damaged
2026-02-04 03:30:00,F0089,Organic,47.71,15.94,7.12,Damaged
2026-02-04 03:35:00,F0627,Plastic,84.26,35.0,5.53,Needs Replacement
2026-02-04 03:40:00,F0231,Biodegradable,58.89,64.47,2.24,Damaged
2026-02-04 03:45:00,F0881,Biodegradable,57.11,31.26,1.15,Damaged
2026-02-04 03:50:00,F0781,Organic,78.12,64.71,7.64,Damaged
2026-02-04 03:55:00,F0436,Biodegradable,51.67,33.86,4.64,Damaged
2026-02-04 04:00:00,F0019,Plastic,98.25,44.28,3.11,Healthy
2026-02-04 04:05:00,F0062,Biodegradable,18.73,33.12,6.67,Healthy
2026-02-04 04:10:00,F0268,Plastic,99.6,62.69,7.41,Healthy
2026-02-04 04:15:00,F0417,Organic,27.26,20.1,6.14,Healthy
2026-02-04 04:20:00,F0860,Biodegradable,99.85,23.38,3.36,Needs Replacement
2026-02-04 04:25:00,F0730,Biodegradable,60.02,38.58,1.37,Damaged
2026-02-04 04:30:00,F0553,Organic,41.76,51.36,7.96,Damaged
2026-02-04 04:35:00,F0490,Plastic,67.97,19.88,6.03,Needs Replacement
2026-02-04 04:40:00,F0556,Organic,77.28,22.36,7.7,Needs Replacement
2026-02-04 04:45:00,F0422,Organic,6.99,51.69,4.97,Needs Replacement
2026-02-04 04:50:00,F0201,Organic,15.23,66.99,7.58,Needs Replacement
2026-02-04 04:55:00,F0288,Biodegradable,63.1,34.24,1.48,Healthy
2026-02-04 05:00:00,F0957,Biodegradable,98.71,17.23,6.19,Damaged
2026-02-04 05:05:00,F0843,Biodegradable,62.69,51.04,3.13,Damaged
2026-02-04 05:10:00,F0953,Plastic,86.78,52.79,3.54,Healthy
2026-02-04 05:15:00,F0785,Organic,87.01,64.74,1.22,Damaged
2026-02-04 05:20:00,F0031,Plastic,92.26,28.71,7.81,Needs Replacement
2026-02-04 05:25:00,F0415,Biodegradable,10.4,50.64,1.22,Needs Replacement
2026-02-04 05:30:00,F0255,Plastic,18.33,24.62,4.44,Healthy
2026-02-04 05:35:00,F0065,Organic,20.46,59.03,2.04,Damaged
2026-02-04 05:40:00,F0494,Organic,43.98,58.11,5.01,Healthy
2026-02-04 05:45:00,F0481,Biodegradable,84.5,55.58,6.49,Damaged
2026-02-04 05:50:00,F0145,Biodegradable,81.46,53.63,3.06,Damaged
2026-02-04 05:55:00,F0140,Organic,17.77,12.1,1.73,Needs Replacement
2026-02-04 06:00:00,F0915,Plastic,54.2,18.0,5.96,Needs Replacement
2026-02-04 06:05:00,F0503,Biodegradable,76.66,69.07,6.12,Damaged
2026-02-04 06:10:00,F0704,Plastic,42.18,14.81,2.01,Damaged
2026-02-04 06:15:00,F0837,Plastic,86.64,66.03,5.11,Damaged
2026-02-04 06:20:00,F0327,Plastic,90.03,51.95,7.82,Damaged
2026-02-04 06:25:00,F0360,Organic,39.64,20.3,1.64,Healthy
2026-02-04 06:30:00,F0924,Biodegradable,98.91,28.98,5.83,Needs Replacement
2026-02-04 06:35:00,F0946,Plastic,77.89,36.15,6.85,Needs Replacement
2026-02-04 06:40:00,F0099,Biodegradable,51.15,51.78,4.14,Needs Replacement
2026-02-04 06:45:00,F0991,Plastic,12.3,13.95,5.14,Damaged
2026-02-04 06:50:00,F0389,Biodegradable,65.57,46.3,1.6,Damaged
2026-02-04 06:55:00,F0502,Biodegradable,47.83,49.95,6.26,Healthy
2026-02-04 07:00:00,F0883,Organic,0.14,20.28,4.07,Healthy
2026-02-04 07:05:00,F0518,Organic,73.66,28.37,2.28,Healthy
2026-02-04 07:10:00,F0559,Organic,0.01,68.16,2.54,Damaged
2026-02-04 07:15:00,F0991,Organic,63.71,12.4,7.91,Needs Replacement
2026-02-04 07:20:00,F0756,Biodegradable,89.81,30.43,4.95,Healthy
2026-02-04 07:25:00,F0662,Biodegradable,65.87,61.32,3.9,Needs Replacement
2026-02-04 07:30:00,F0617,Biodegradable,60.11,40.67,5.88,Healthy
2026-02-04 07:35:00,F0145,Plastic,69.88,10.46,6.05,Needs Replacement
2026-02-04 07:40:00,F0027,Biodegradable,55.29,65.89,4.51,Damaged
2026-02-04 07:45:00,F0756,Organic,20.7,32.02,7.79,Damaged
2026-02-04 07:50:00,F0723,Biodegradable,36.8,61.52,3.29,Needs Replacement
2026-02-04 07:55:00,F0267,Biodegradable,88.68,22.86,5.06,Needs Replacement
2026-02-04 08:00:00,F0228,Plastic,28.79,11.08,4.54,Healthy
2026-02-04 08:05:00,F0265,Plastic,17.33,68.71,3.59,Healthy
2026-02-04 08:10:00,F0709,Organic,16.36,33.59,6.27,Damaged
2026-02-04 08:15:00,F0323,Organic,76.04,44.32,6.87,Damaged
2026-02-04 08:20:00,F0789,Biodegradable,64.69,36.61,1.69,Healthy
2026-02-04 08:25:00,F0828,Biodegradable,65.95,35.44,2.24,Needs Replacement
2026-02-04 08:30:00,F0569,Plastic,49.13,35.71,2.41,Damaged
2026-02-04 08:35:00,F0063,Plastic,96.68,13.56,7.73,Healthy
2026-02-04 08:40:00,F0541,Biodegradable,25.51,41.54,6.92,Needs Replacement
2026-02-04 08:45:00,F0246,Biodegradable,27.28,47.74,5.59,Damaged
2026-02-04 08:50:00,F0674,Biodegradable,83.79,46.76,5.22,Healthy
2026-02-04 08:55:00,F0518,Plastic,75.59,46.77,2.42,Damaged
2026-02-04 09:00:00,F0525,Plastic,19.59,36.77,4.01,Damaged
2026-02-04 09:05:00,F0543,Plastic,71.97,33.91,5.07,Needs Replacement
2026-02-04 09:10:00,F0892,Biodegradable,51.27,67.58,2.47,Needs Replacement
2026-02-04 09:15:00,F0357,Plastic,96.68,16.15,7.99,Damaged
2026-02-04 09:20:00,F0848,Biodegradable,14.21,29.96,4.44,Damaged
2026-02-04 09:25:00,F0557,Organic,83.38,47.91,2.65,Healthy
2026-02-04 09:30:00,F0619,Biodegradable,73.28,31.59,1.8,Healthy
2026-02-04 09:35:00,F0612,Organic,37.69,40.98,7.47,Healthy
2026-02-04 09:40:00,F0181,Biodegradable,66.69,65.77,7.5,Damaged
2026-02-04 09:45:00,F0158,Biodegradable,72.47,13.45,3.76,Healthy
2026-02-04 09:50:00,F0091,Plastic,40.83,47.87,2.3,Needs Replacement
2026-02-04 09:55:00,F0826,Biodegradable,40.42,37.41,7.87,Needs Replacement
2026-02-04 10:00:00,F0617,Organic,96.18,50.24,2.6,Healthy
2026-02-04 10:05:00,F0368,Biodegradable,53.28,14.06,5.26,Damaged
2026-02-04 10:10:00,F0807,Biodegradable,43.78,64.44,4.51,Damaged
2026-02-04 10:15:00,F0498,Organic,22.77,11.98,2.51,Healthy
2026-02-04 10:20:00,F0398,Plastic,66.86,19.47,2.79,Healthy
2026-02-04 10:25:00,F0570,Biodegradable,70.92,24.5,2.96,Needs Replacement
2026-02-04 10:30:00,F0550,Organic,49.81,33.37,1.76,Damaged
2026-02-04 10:35:00,F0403,Plastic,11.1,42.19,3.86,Healthy
2026-02-04 10:40:00,F0968,Organic,14.12,28.07,3.8,Needs Replacement
2026-02-04 10:45:00,F0614,Biodegradable,18.25,38.03,6.94,Needs Replacement
2026-02-04 10:50:00,F0717,Biodegradable,47.58,18.85,3.78,Needs Replacement
2026-02-04 10:55:00,F0694,Biodegradable,3.45,37.9,4.87,Needs Replacement
2026-02-04 11:00:00,F0364,Biodegradable,84.35,40.49,5.98,Healthy
2026-02-04 11:05:00,F0524,Organic,2.7,47.31,5.12,Needs Replacement
2026-02-04 11:10:00,F0803,Biodegradable,89.94,65.97,4.98,Needs Replacement
2026-02-04 11:15:00,F0017,Organic,64.49,62.59,3.19,Healthy
2026-02-04 11:20:00,F0774,Organic,87.12,46.98,3.17,Damaged
2026-02-04 11:25:00,F0280,Plastic,22.35,53.25,4.41,Needs Replacement
2026-02-04 11:30:00,F0862,Organic,95.13,29.3,7.94,Damaged
2026-02-04 11:35:00,F0512,Biodegradable,56.53,16.02,1.43,Damaged
2026-02-04 11:40:00,F0165,Plastic,60.52,36.68,2.0,Damaged
2026-02-04 11:45:00,F0692,Plastic,42.93,62.22,3.65,Needs Replacement
2026-02-04 11:50:00,F0152,Organic,93.43,24.22,1.24,Healthy
2026-02-04 11:55:00,F0877,Organic,13.58,56.51,6.2,Needs Replacement
2026-02-04 12:00:00,F0783,Biodegradable,80.49,69.02,5.28,Needs Replacement
2026-02-04 12:05:00,F0040,Organic,69.38,24.59,4.76,Healthy
2026-02-04 12:10:00,F0665,Biodegradable,25.21,24.42,4.88,Damaged
2026-02-04 12:15:00,F0894,Plastic,0.98,65.84,4.61,Healthy
2026-02-04 12:20:00,F0894,Plastic,76.17,63.15,4.49,Healthy
2026-02-04 12:25:00,F0633,Biodegradable,2.53,46.71,6.39,Healthy
2026-02-04 12:30:00,F0355,Biodegradable,95.09,31.96,7.19,Healthy
2026-02-04 12:35:00,F0148,Organic,86.66,63.62,2.1,Needs Replacement
2026-02-04 12:40:00,F0218,Plastic,31.88,66.63,3.37,Healthy
2026-02-04 12:45:00,F0630,Organic,9.59,54.58,4.75,Needs Replacement
2026-02-04 12:50:00,F0586,Biodegradable,76.68,21.37,6.61,Needs Replacement
2026-02-04 12:55:00,F0615,Plastic,65.6,64.6,3.81,Healthy
2026-02-04 13:00:00,F0445,Biodegradable,93.78,24.31,1.55,Needs Replacement
2026-02-04 13:05:00,F0756,Biodegradable,58.73,12.5,1.09,Damaged
2026-02-04 13:10:00,F0014,Organic,76.39,45.86,5.96,Healthy
2026-02-04 13:15:00,F0828,Plastic,41.12,16.72,6.5,Damaged
2026-02-04 13:20:00,F0515,Biodegradable,85.16,27.48,5.93,Healthy
2026-02-04 13:25:00,F0704,Organic,6.38,59.65,7.87,Damaged
2026-02-04 13:30:00,F0071,Organic,79.48,23.75,4.71,Needs Replacement
2026-02-04 13:35:00,F0532,Biodegradable,13.23,36.45,7.99,Damaged
2026-02-04 13:40:00,F0518,Biodegradable,75.77,63.33,3.78,Healthy
2026-02-04 13:45:00,F0058,Organic,0.74,48.51,4.87,Healthy
2026-02-04 13:50:00,F0886,Plastic,7.47,31.55,3.24,Damaged
2026-02-04 13:55:00,F0154,Biodegradable,93.57,54.64,5.0,Needs Replacement
2026-02-04 14:00:00,F0763,Biodegradable,5.34,52.1,4.82,Damaged
2026-02-04 14:05:00,F0070,Biodegradable,42.1,25.81,7.55,Needs Replacement
2026-02-04 14:10:00,F0557,Organic,27.23,10.93,7.12,Needs Replacement
2026-02-04 14:15:00,F0192,Organic,99.01,37.54,5.36,Damaged
2026-02-04 14:20:00,F0260,Biodegradable,84.45,13.09,7.67,Needs Replacement
2026-02-04 14:25:00,F0390,Plastic,30.61,38.32,3.35,Healthy
2026-02-04 14:30:00,F0854,Organic,2.74,57.15,6.09,Needs Replacement
2026-02-04 14:35:00,F0279,Biodegradable,99.66,45.06,7.99,Needs Replacement
2026-02-04 14:40:00,F0142,Biodegradable,87.16,31.64,7.01,Damaged
2026-02-04 14:45:00,F0644,Organic,22.12,30.07,3.92,Needs Replacement
2026-02-04 14:50:00,F0369,Plastic,43.28,13.32,7.9,Needs Replacement
2026-02-04 14:55:00,F0660,Organic,61.76,60.07,6.97,Damaged
2026-02-04 15:00:00,F0589,Plastic,45.78,29.79,4.76,Needs Replacement
2026-02-04 15:05:00,F0949,Biodegradable,57.29,68.04,5.09,Needs Replacement
2026-02-04 15:10:00,F0581,Biodegradable,48.75,23.55,2.06,Healthy
2026-02-04 15:15:00,F0711,Biodegradable,70.49,29.54,2.07,Damaged
2026-02-04 15:20:00,F0607,Plastic,92.79,33.26,6.93,Healthy
2026-02-04 15:25:00,F0510,Plastic,13.81,35.36,6.47,Needs Replacement
2026-02-04 15:30:00,F0083,Plastic,18.73,50.53,2.6,Healthy
2026-02-04 15:35:00,F0664,Organic,81.34,44.85,1.92,Damaged
2026-02-04 15:40:00,F0648,Biodegradable,13.37,39.1,2.35,Healthy
2026-02-04 15:45:00,F0008,Biodegradable,78.28,66.9,6.52,Damaged
2026-02-04 15:50:00,F0167,Plastic,24.34,69.8,3.59,Needs Replacement
2026-02-04 15:55:00,F0317,Organic,53.4,56.1,1.09,Healthy
2026-02-04 16:00:00,F0454,Organic,80.02,54.27,2.26,Damaged
2026-02-04 16:05:00,F0988,Biodegradable,15.34,31.86,3.24,Needs Replacement
2026-02-04 16:10:00,F0982,Organic,41.39,41.89,6.24,Damaged
2026-02-04 16:15:00,F0570,Biodegradable,4.07,12.98,3.52,Damaged
2026-02-04 16:20:00,F0558,Plastic,34.97,62.83,6.28,Needs Replacement
2026-02-04 16:25:00,F0935,Plastic,46.91,32.35,7.25,Needs Replacement
2026-02-04 16:30:00,F0765,Organic,26.96,51.08,7.91,Needs Replacement
2026-02-04 16:35:00,F0493,Organic,54.05,43.59,1.35,Damaged
2026-02-04 16:40:00,F0949,Biodegradable,96.66,52.75,2.92,Healthy
2026-02-04 16:45:00,F0893,Plastic,79.91,62.79,7.86,Needs Replacement
2026-02-04 16:50:00,F0861,Plastic,66.97,60.57,7.88,Needs Replacement
2026-02-04 16:55:00,F0674,Biodegradable,27.11,34.38,7.22,Needs Replacement
2026-02-04 17:00:00,F0889,Organic,25.25,37.25,1.25,Needs Replacement
2026-02-04 17:05:00,F0439,Biodegradable,41.5,18.49,3.77,Damaged
2026-02-04 17:10:00,F0341,Plastic,36.2,61.4,3.2,Damaged
2026-02-04 17:15:00,F0509,Organic,68.5,23.19,7.52,Needs Replacement
